frame,right_knee_filtered,left_knee_filtered,norm_right_hip_x,norm_right_hip_y,norm_right_shoulder_x,norm_right_shoulder_y,frame_torso_length_px,scale_used_px
80,7.053620950694112,6.845416927942653,-0.1686188,-0.090441875,0.47389144,-1.383295,107.79698,70.07256269029857
81,41.34574980754455,40.35033492833731,-0.22281241,-0.06439422,0.3856267,-1.3833164,108.63509,70.07256269029857
82,107.82727704275338,105.42310654562847,-0.22883122,-0.04206629,0.2905418,-1.3517934,105.527504,70.07256269029857
83,169.72595729489512,165.04116478385836,-0.23506081,-0.073449865,0.2100327,-1.3602211,102.76147,70.07256269029857
84,190.2294868972855,183.12706572549698,-0.1314503,-0.0806685,0.4561965,-1.3577675,104.02902,70.07256269029857
85,178.1414532949549,172.60178650563915,-0.0695568,-0.06554267,0.5557968,-1.4047323,107.590965,70.07256269029857
86,163.08870670390004,164.133695823612,-0.20397992,-0.09685873,0.23409484,-1.282173,94.78829,70.07256269029857
87,155.74121806750043,159.3956691305676,-0.23545887,-0.13592477,0.06160519,-1.2194661,87.415596,70.07256269029857
88,150.4553101583333,144.66048276450297,-0.15859501,-0.11398053,0.08877603,-1.2382358,87.80839,70.07256269029857
89,140.69700021950584,119.04546437298984,-0.18325295,-0.0810879,-0.022469906,-1.1822133,77.071686,70.07256269029857
90,116.66378514497634,85.08156534981268,-0.17210552,-0.07125487,-0.004461405,-1.1371462,75.92107,70.07256269029857
91,80.66476645828732,52.29345975517081,0.013689074,0.025243694,0.38885036,-0.7889766,59.70826,70.07256269029857
92,70.05721646866857,56.1353094567025,-0.08686674,-0.028963419,0.051366255,-0.9187985,61.85129,70.07256269029857
93,113.01365907012598,113.69423273706275,-0.08401935,-0.025931371,0.07171782,-0.85537183,58.673283,70.07256269029857
94,174.2443286607568,179.97650487840068,-0.13593784,-0.021710806,-0.028284889,-0.87245417,58.83775,70.07256269029857
95,199.1632175551323,203.20072275442158,-0.108802706,-0.018614737,-0.015550461,-0.8842279,59.616608,70.07256269029857
96,184.45916291658003,187.6790236036291,-0.10156098,-0.020326307,-0.01711744,-0.8789845,59.681858,70.07256269029857
97,166.2866819979543,170.3057002520009,-0.08930213,-0.016583934,0.010049049,-0.8549117,58.979504,70.07256269029857
98,166.71029329328434,169.6726356242152,-0.06742975,-0.0154341785,0.05829267,-0.84381825,58.711815,70.07256269029857
99,177.80355163103997,177.540559853131,-0.096289515,-0.017109165,0.005895117,-0.8440195,58.636097,70.07256269029857
100,183.9021556053622,181.06252885815047,-0.10677147,-0.015094042,-0.015750797,-0.8300761,57.88985,70.07256269029857
101,181.1769237310289,178.25035903279272,-0.11673864,-0.017365247,-0.041572418,-0.8445584,58.53507,70.07256269029857
102,176.48243402523556,174.9665960801384,-0.10372636,-0.015962893,-0.02942158,-0.8479526,58.438866,70.07256269029857
103,175.94643593884157,175.0475070255266,-0.12467632,-0.015642354,-0.07465928,-0.8437795,57.939457,70.07256269029857
104,178.66808725126535,176.9873058251792,-0.11888834,-0.0155848665,-0.05280258,-0.8356877,57.5198,70.07256269029857
105,180.37498766438446,178.03498752341042,-0.12130892,-0.015850965,-0.049719144,-0.8342026,57.585835,70.07256269029857
106,179.6541094928693,177.86980410114006,-0.12066524,-0.016908392,-0.04831766,-0.8238946,56.5433,70.07256269029857
107,178.39066397880424,177.82720654647105,-0.107563235,-0.017313857,-0.017392686,-0.82747364,57.12803,70.07256269029857
108,177.8740048554645,178.45645251167832,-0.10439618,-0.016780788,-0.004729681,-0.8240719,57.06574,70.07256269029857
109,177.42582457020686,178.93580073578966,-0.11345399,-0.016964575,-0.007658948,-0.82675725,57.423374,70.07256269029857
110,176.63195171524893,178.52474273372812,-0.12505957,-0.016973285,-0.042194333,-0.8244947,56.262287,70.07256269029857
111,176.29118007396985,177.77852522478935,-0.118907504,-0.017112214,-0.029604496,-0.8237017,56.22186,70.07256269029857
112,176.74409927050255,177.56138929089582,-0.12155194,-0.017983677,-0.036602333,-0.817346,55.548023,70.07256269029857
113,177.35301439128838,177.56593707895092,-0.12881109,-0.017957546,-0.04794747,-0.81783986,55.69347,70.07256269029857
114,177.70056844364447,177.07360188053306,-0.12456308,-0.017825585,-0.045439783,-0.8196869,55.86023,70.07256269029857
115,177.66994696816658,176.08663061437844,-0.14162652,-0.02221731,-0.016613115,-0.82507396,56.10014,70.07256269029857
116,176.99521217144357,174.95728226224938,-0.13211402,-0.015071831,-0.057500906,-0.84542793,56.98569,70.07256269029857
117,176.12913685476735,174.46463141004003,-0.11444348,-0.019406501,-0.038590018,-0.87861586,59.31391,70.07256269029857
118,176.36215224557753,175.3772027670926,-0.118853495,-0.018531118,-0.053340875,-0.88018084,59.361614,70.07256269029857
119,177.7999188565546,176.71203032799139,-0.114592426,-0.018770216,-0.04636307,-0.8893632,59.59306,70.07256269029857
121,177.90532008090784,175.11679471787738,-0.14136826,0.009877456,-0.5630063,-0.6386542,49.196842,70.07256269029857
122,173.505001449783,167.32321463670647,0.012709604,-0.032271583,-0.15887462,-0.78682953,52.03913,70.07256269029857
123,166.28990939604282,156.5742443569935,-0.029877998,-0.03131563,-0.1791528,-0.7619521,50.624733,70.07256269029857
124,163.32017577016,151.59433460624902,-0.041190036,-0.033879064,-0.2577755,-0.7876152,53.0687,70.07256269029857
125,167.84919552718193,154.36464981974967,0.03333511,-0.05960618,-0.023645576,-0.8457128,52.637714,70.07256269029857
126,174.45462763544927,158.35645512200733,0.0027332855,-0.05503154,-0.15522675,-0.8627444,55.76904,70.07256269029857
127,175.77674370273786,159.3992828849491,0.07569014,-0.046721064,0.053775955,-0.88170844,57.73509,70.07256269029857
128,170.67920221606474,159.8409448566587,0.08776651,-0.042191286,0.07353827,-0.86829114,58.730953,70.07256269029857
129,165.74467005401934,162.74481653033064,-0.021329295,-0.026940022,-0.17529915,-0.89636433,59.734047,70.07256269029857
130,167.68830132086705,165.86492502465987,-0.06781779,-0.024312565,-0.2928666,-0.8875304,59.526386,70.07256269029857
131,174.5211776492895,165.12242016144805,-0.07889074,-0.024702786,-0.3022432,-0.89178926,59.78718,70.07256269029857
132,178.77006093227382,162.15076540047903,-0.12499119,-0.024279032,-0.38827592,-0.88068974,58.75914,70.07256269029857
133,177.56967175663598,161.47769872114696,-0.15690044,-0.022340994,-0.4338777,-0.8460917,56.450874,70.07256269029857
134,174.05606291562512,163.02706993946515,-0.14931944,-0.018190546,-0.4296502,-0.81851363,55.55389,70.07256269029857
135,171.4139444462262,163.27454574456797,-0.15024185,-0.013339792,-0.4213321,-0.8181883,55.44461,70.07256269029857
136,170.21189925538084,161.02667316435443,-0.1529464,-0.014215611,-0.41902146,-0.8175995,55.706436,70.07256269029857
137,169.64287229801096,158.91768580258608,-0.12592384,-0.017123101,-0.38269046,-0.8713589,58.046234,70.07256269029857
138,169.4059208760386,160.69405252699258,-0.0064713014,-0.024997193,-0.040130433,-0.89784944,60.26376,70.07256269029857
139,170.86999120692602,167.55948224365986,0.1066639,-0.030820016,0.16533197,-0.91918266,62.154778,70.07256269029857
140,174.77408145752577,175.919757240071,-0.0042584552,-0.024923157,-0.1702106,-0.9488102,62.872368,70.07256269029857
141,178.41282721318095,180.0371325755857,-0.025469726,-0.021887189,-0.17145313,-0.9085317,60.662228,70.07256269029857
142,177.99417987959524,178.22499652584273,-0.030281285,-0.022495601,-0.13875932,-0.8853746,59.088264,70.07256269029857
143,173.12217692698206,173.76637764870253,0.07050405,-0.032903515,0.09992519,-0.90739375,60.376575,70.07256269029857
144,167.24839323445767,170.21275210178163,0.11774555,-0.02896516,0.18676406,-0.9053908,60.976048,70.07256269029857
145,163.63443050067661,169.52707626252877,0.07057983,-0.028177317,0.038392294,-0.89665484,59.634823,70.07256269029857
146,162.38535578447798,172.29788582322294,0.11757657,-0.029472535,0.17254844,-0.90221244,60.310036,70.07256269029857
147,162.4405551332952,176.3971476192968,0.111324765,-0.03396399,0.156623,-0.8888796,59.254154,70.07256269029857
148,163.8914013915269,177.48126739459622,-0.00795684,-0.03034008,-0.12137861,-0.88773245,59.07304,70.07256269029857
149,166.7045294193677,172.86350404186263,0.0027302369,-0.036530036,-0.07827013,-0.8764666,57.418285,70.07256269029857
150,169.19500810653105,165.2567703525824,-0.077608146,-0.036405046,-0.25163734,-0.8791855,57.711613,70.07256269029857
151,169.27256970568854,160.59018620344457,-0.06587061,-0.02854489,-0.18431081,-0.89443064,59.065254,70.07256269029857
152,167.10464755997668,161.81882414844526,0.06783957,-0.025876932,0.12098795,-0.91043055,61.00201,70.07256269029857
153,164.99081106704924,167.6143520732006,0.09840307,-0.03222803,0.15256488,-0.9016837,60.639168,70.07256269029857
154,164.27151702657943,173.84808002350448,-0.06020022,-0.026648227,-0.26840287,-0.8810569,58.969013,70.07256269029857
155,164.8560183611189,175.079410873762,-0.09358149,-0.026720086,-0.30460477,-0.8763168,58.186188,70.07256269029857
156,166.56655421478985,170.21515027612858,0.0064033614,-0.028034033,-0.00039805975,-0.9036993,60.66851,70.07256269029857
157,168.28871425793272,165.07303832819053,0.08430113,-0.023848744,0.14825286,-0.90475017,61.255974,70.07256269029857
158,168.54583027357535,164.84716064983076,0.09997005,-0.019673906,0.14508538,-0.88876027,60.36995,70.07256269029857
159,167.83219325882393,167.6248980502415,0.089286454,-0.0064686886,0.093397275,-0.8393264,58.79111,70.07256269029857
160,167.4917367110516,168.4218248436922,0.0970778,-0.0034867246,0.120249316,-0.816434,58.06437,70.07256269029857
161,167.38711611537028,166.50706904738124,0.09642191,-0.0095416745,0.1159177,-0.83803463,58.852104,70.07256269029857
162,167.22662209647,165.09607078206443,-0.059752077,-0.01488456,-0.23244207,-0.87947035,58.4709,70.07256269029857
163,168.46616664050129,164.5973381268032,-0.10313275,-0.013964319,-0.30407017,-0.8613072,57.798737,70.07256269029857
164,172.00048851803388,162.03122635178158,-0.1010118,-0.013216977,-0.29430813,-0.88703954,58.87723,70.07256269029857
165,175.6066478376586,157.74999084230782,-0.113625586,-0.012190036,-0.2980518,-0.8911813,59.092815,70.07256269029857
166,176.6697732681453,155.94221983791894,-0.11890271,-0.0153327035,-0.28241903,-0.89046484,58.76675,70.07256269029857
167,175.55358030413979,158.73187607195987,-0.14818275,-0.019344222,-0.3334164,-0.88462025,58.434906,70.07256269029857
168,174.2621712654322,164.2125659827554,-0.15183759,-0.02168032,-0.34330672,-0.8805874,58.34213,70.07256269029857
169,174.00607635631195,168.42289573343413,-0.1599573,-0.021847557,-0.34882706,-0.8714669,57.75611,70.07256269029857
170,174.61437269142644,168.27402100103902,-0.1575781,-0.021282695,-0.34793818,-0.8790017,58.246883,70.07256269029857
171,174.33453403165646,165.14339370334136,-0.16204777,-0.017847361,-0.3655715,-0.87560207,58.308243,70.07256269029857
172,172.01641771509728,163.72449020539162,-0.15320902,-0.020843262,-0.35300517,-0.8933693,59.178143,70.07256269029857
173,169.96447151048534,165.51786885347298,-0.13488433,-0.01898623,-0.3339103,-0.89691263,59.499428,70.07256269029857
174,170.33305880786475,167.57026740224362,-0.13339749,-0.01792706,-0.31781542,-0.88110656,58.925587,70.07256269029857
175,171.46320830897747,167.61530191244333,-0.046196707,-0.01661747,-0.11676956,-0.8805456,59.23057,70.07256269029857
176,172.03236916553018,165.07731218479327,-0.1078106,-0.009401875,-0.2379291,-0.86789435,58.695698,70.07256269029857
177,172.84561818569782,159.5464772130118,0.038914476,-0.013298853,0.05820905,-0.8657033,59.377003,70.07256269029857
178,172.87476943014585,153.829254875529,-0.060660124,-0.012784948,-0.24225463,-0.86264426,58.835915,70.07256269029857
179,170.36654566035378,152.94601050638016,-0.13900124,-0.011797637,-0.35659316,-0.8509716,58.156734,70.07256269029857
180,167.1244630356505,155.89705636966843,-0.1488617,-0.018335138,-0.36464843,-0.8342853,57.280834,70.07256269029857
181,166.33027684837865,155.78294557681835,-0.16177775,-0.016794724,-0.39417103,-0.8014476,55.33123,70.07256269029857
182,167.51011727569136,150.3321767294174,-0.17140566,-0.018806363,-0.43126595,-0.79945594,54.794624,70.07256269029857
183,167.23131097617332,145.5688777757328,-0.16164666,-0.018759327,-0.41589838,-0.80926895,54.609768,70.07256269029857
184,164.405475050045,147.26929243959995,-0.1643229,-0.021222595,-0.425069,-0.8047261,54.152496,70.07256269029857
185,161.8980624049817,153.7433948078028,-0.16026217,-0.021988664,-0.42369017,-0.8272962,55.514038,70.07256269029857
186,161.88768256578126,158.85090663187168,-0.16126297,-0.018589042,-0.425704,-0.81651855,55.104786,70.07256269029857
187,162.95011714530096,158.9550191516606,-0.15593272,-0.018676145,-0.4301606,-0.81713736,55.082466,70.07256269029857
188,163.1791893287666,155.5254332376041,-0.056907736,-0.025414852,-0.19751863,-0.8418223,55.15761,70.07256269029857
189,162.79513831758757,151.96470173583333,-0.0700411,-0.0113508,-0.30705997,-0.8055344,54.826454,70.07256269029857
190,162.85481155534555,150.3068405568767,-0.10521451,-0.0041661263,-0.34551325,-0.80858344,54.888306,70.07256269029857
191,164.2578883403292,151.96993657380793,-0.11681616,-0.0021248725,-0.34969375,-0.7972048,54.454853,70.07256269029857
192,166.85922165139723,157.0262269880316,-0.14901718,-0.008192453,-0.3577808,-0.7803857,53.305977,70.07256269029857
193,167.66878031892568,161.73738736052763,-0.15106803,-0.010241982,-0.36404306,-0.7981015,55.00306,70.07256269029857
194,164.78666608360615,162.46675791135897,-0.15941727,-0.012239683,-0.3848654,-0.8011153,55.41993,70.07256269029857
195,163.4012130005839,161.27561006557588,-0.14247708,-0.012164339,-0.4247319,-0.8241217,57.33464,70.07256269029857
196,168.36626996371257,161.62703053269507,-0.15318331,-0.011812009,-0.4269343,-0.8205157,57.176785,70.07256269029857
197,174.2557491475627,161.35297652042976,-0.15736817,-0.012360321,-0.42584944,-0.80756,56.519016,70.07256269029857
198,175.0769902234687,157.83710376984436,-0.15689652,-0.014645027,-0.4211742,-0.8228291,57.694157,70.07256269029857
199,174.39519349315776,154.2676328489552,-0.16537814,-0.014141138,-0.42559597,-0.79098433,56.366627,70.07256269029857
200,175.4348739873467,154.16645905352766,-0.16272718,-0.005575885,-0.42163062,-0.81479084,57.750187,70.07256269029857
201,174.29842071806596,157.96294392741652,-0.15208974,-0.00043290085,-0.3929982,-0.82793987,58.713634,70.07256269029857
202,169.2854334141711,164.33770065266913,-0.15205882,-0.0031596536,-0.38870403,-0.82336265,57.655087,70.07256269029857
203,165.40216626603836,169.72766642844329,-0.15386142,-0.003510678,-0.365698,-0.82539296,56.659836,70.07256269029857
204,165.88935163352247,171.10539562498832,-0.16032793,-0.004405659,-0.34483734,-0.82218933,56.498302,70.07256269029857
205,167.35224796030386,168.86068675612438,-0.1697237,-0.00071424287,-0.33832508,-0.82030225,56.29935,70.07256269029857
206,165.56986548758354,165.17365577096945,-0.173264,-0.012866824,-0.32803172,-0.794171,54.72197,70.07256269029857
207,160.81286915127032,162.740458919417,-0.1748741,-0.013755272,-0.32911527,-0.7928967,54.98715,70.07256269029857
208,156.77513490693624,164.2142856985364,-0.16827606,-0.015771702,-0.32706618,-0.79972076,55.25499,70.07256269029857
209,156.8822243493054,169.0988297767369,-0.16650699,-0.019934343,-0.32347056,-0.8082647,55.599037,70.07256269029857
210,160.86101474205265,172.9502571872729,-0.16730791,-0.022445953,-0.32077822,-0.8148614,56.02794,70.07256269029857
211,164.72532713856432,172.359466505325,-0.17961423,-0.028466932,-0.33628818,-0.79976606,54.968513,70.07256269029857
212,164.8821299181454,167.94072065556554,-0.1837908,-0.030575693,-0.37071514,-0.8122605,55.598835,70.07256269029857
213,160.8382596141794,162.35320970567494,-0.19017717,-0.030723767,-0.37943673,-0.79018867,54.92878,70.07256269029857
214,154.46942948491318,158.15629250609047,-0.19570516,-0.03814797,-0.4008109,-0.8115754,56.307114,70.07256269029857
215,148.88985608463648,156.83103956974116,-0.19591247,-0.03946192,-0.39705762,-0.81283104,56.576733,70.07256269029857
216,148.14865005545806,158.69894538797865,-0.20067917,-0.046461932,-0.3884327,-0.79890805,55.443424,70.07256269029857
217,155.05859794600624,162.8162759985162,-0.19905818,-0.04673108,-0.3967532,-0.82289094,56.79629,70.07256269029857
218,165.3627695173097,166.16455724012297,-0.19505145,-0.046287294,-0.39705414,-0.80958164,56.224613,70.07256269029857
219,169.01454387380025,165.97829845694358,-0.19186044,-0.04041482,-0.39527985,-0.75693893,53.075146,70.07256269029857
220,162.5348793708306,163.40908702653078,-0.19371007,-0.038667977,-0.3897275,-0.7729493,54.693443,70.07256269029857
221,152.77657897242062,160.6400959465725,-0.19597997,-0.035502225,-0.38793403,-0.7782717,54.975204,70.07256269029857
222,146.92790654863467,158.55837405468446,-0.20077498,-0.034022786,-0.3772352,-0.7531133,53.3796,70.07256269029857
223,146.90513580635212,159.3425461930479,-0.20198047,-0.034544095,-0.36375692,-0.7573574,53.751987,70.07256269029857
224,151.08827221381563,163.05929960524136,-0.20460576,-0.033541106,-0.35854816,-0.76217294,53.93007,70.07256269029857
225,154.52678403802483,165.93180140199453,-0.20443547,-0.02908667,-0.381147,-0.77025646,54.70198,70.07256269029857
226,152.67823163573576,165.6918128884152,-0.20501427,-0.027080256,-0.3898529,-0.79533905,56.28205,70.07256269029857
227,148.15235054904696,161.62750696035727,-0.20611393,-0.02745959,-0.39675713,-0.80453795,57.15287,70.07256269029857
228,146.73945181070818,154.14111417487302,-0.2042164,-0.027792322,-0.40058267,-0.8034104,57.092587,70.07256269029857
229,148.98472721876334,146.67914498240532,-0.20214249,-0.026766688,-0.42248118,-0.83876455,59.312527,70.07256269029857
230,151.96563542965416,142.5014564004127,-0.20554733,-0.027810179,-0.42317322,-0.82430595,58.69197,70.07256269029857
231,154.81232616961753,142.24251586339705,-0.20177491,-0.028841475,-0.41606215,-0.823296,58.733074,70.07256269029857
232,158.31400883788447,145.42865002646528,-0.20055373,-0.022756474,-0.41432706,-0.7915775,56.746124,70.07256269029857
233,162.14316349664892,151.037124654674,-0.20243864,-0.025142655,-0.4079067,-0.7729144,54.998775,70.07256269029857
234,164.59278651026807,156.93940117793258,-0.20421031,-0.0225888,-0.4136015,-0.78555566,55.403145,70.07256269029857
235,164.4301362486882,159.88321310210438,-0.20603293,-0.022264779,-0.42036024,-0.78813434,55.625854,70.07256269029857
236,162.64814492573993,158.18369965126726,-0.20707643,-0.021218674,-0.4292765,-0.79158276,56.096333,70.07256269029857
237,161.4135072360059,154.72171395466472,-0.20634651,-0.016087014,-0.42012593,-0.7682928,54.52403,70.07256269029857
238,161.41793460913087,153.9402912894274,-0.2011996,-0.01668454,-0.42267978,-0.77777696,55.349895,70.07256269029857
239,161.80052322547064,156.56323968766637,-0.20368247,-0.010214108,-0.43674427,-0.75629437,54.00119,70.07256269029857
240,161.85226620985426,159.86223343107997,-0.20023668,-0.008104479,-0.4409744,-0.74412304,53.256664,70.07256269029857
241,161.92615921009602,161.56598450148056,-0.20141387,-0.0032249808,-0.44048402,-0.72404456,52.07681,70.07256269029857
242,163.196163446159,161.04776349879344,-0.20392375,0.0029871901,-0.46413547,-0.67709744,50.302174,70.07256269029857
243,165.37929792886348,158.4592560196306,-0.2122242,-0.009572596,-0.47406432,-0.6569497,48.932186,70.07256269029857
244,164.60830259791504,156.1613044116233,-0.20556083,-0.010876961,-0.47766647,-0.66934097,49.745693,70.07256269029857
245,157.11992946981505,158.0407512305788,-0.20279968,-0.012318947,-0.47727102,-0.67454535,50.048595,70.07256269029857
246,145.74053689613442,163.57957705167303,-0.20200138,-0.009850889,-0.46930984,-0.68575287,50.694813,70.07256269029857
247,137.68217786354177,167.0584990952839,-0.19879338,-0.0026805883,-0.49367508,-0.708886,52.606533,70.07256269029857
248,135.5102891361631,164.96697833103357,-0.20330052,0.005159098,-0.48820502,-0.69895416,51.660057,70.07256269029857
249,136.06319711342343,159.33994635685366,-0.20110466,0.011601656,-0.4664546,-0.73717874,53.214058,70.07256269029857
250,137.36642341763576,154.00592009507642,-0.19704261,0.0010356521,-0.4436707,-0.7794889,56.10125,70.07256269029857
251,140.58367168968405,151.54013767268148,-0.1944744,-0.0008971587,-0.42299074,-0.77533764,55.63224,70.07256269029857
252,146.21007167505368,152.56671564494687,-0.19145367,-0.0044714217,-0.40368265,-0.7849934,56.090847,70.07256269029857
253,153.02593870150258,155.82363054154698,-0.1891241,-0.0060253353,-0.39207187,-0.7829604,56.244946,70.07256269029857
254,159.49749924222215,159.53666968682896,-0.19306116,-0.012468765,-0.38407844,-0.78184813,56.424362,70.07256269029857
255,163.91554084631952,163.4582821758046,-0.19543862,-0.021379815,-0.36832416,-0.77757704,56.14765,70.07256269029857
256,165.21138651672453,168.26813323106953,-0.202139,-0.020691702,-0.35702866,-0.74030226,53.698242,70.07256269029857
257,163.96042480459568,172.5015904047135,-0.2015062,-0.025022453,-0.34214455,-0.76239157,54.49151,70.07256269029857
258,161.61104726525585,173.56711791948734,-0.20059642,-0.03422225,-0.3438792,-0.7490004,53.28217,70.07256269029857
259,159.65198810402802,172.1366312378881,-0.20669274,-0.033932634,-0.35003343,-0.757536,53.35153,70.07256269029857
260,159.0198294390432,171.34283822160543,-0.20615357,-0.039196253,-0.36257362,-0.74263835,51.997665,70.07256269029857
261,159.45188688593046,172.43008424133518,-0.20629512,-0.037932392,-0.35455495,-0.74143595,51.59419,70.07256269029857
262,160.13485762610748,173.7589580003665,-0.20721012,-0.03810965,-0.39925045,-0.7325623,50.712444,70.07256269029857
263,161.13332258091398,172.32593821434529,-0.2078351,-0.027081128,-0.42920595,-0.7061031,49.721813,70.07256269029857
264,163.3884928127793,166.8304546342138,-0.20389761,-0.02264237,-0.40566206,-0.66761065,47.841553,70.07256269029857
265,166.65191231684108,158.80722569610356,-0.20810641,-0.023948912,-0.41572592,-0.68604815,48.980904,70.07256269029857
266,168.56025415399836,148.62100490670485,-0.2039551,-0.020050626,-0.4484927,-0.697804,49.880753,70.07256269029857
267,167.69298018050026,137.97504100645136,-0.2062729,-0.014933773,-0.4457616,-0.67925584,49.170067,70.07256269029857
268,165.5152689600578,134.50079942131512,-0.20677635,-0.015878404,-0.48096025,-0.68194556,49.492546,70.07256269029857
269,163.51714575209493,140.7422869287062,-0.20115039,-0.014340603,-0.48862094,-0.7085799,51.58779,70.07256269029857
270,162.0391003499773,147.72639452869055,-0.20296562,-0.012932151,-0.48916665,-0.72172457,52.516277,70.07256269029857
271,161.57706512905773,148.54690472451964,-0.19882038,-0.015824834,-0.48116714,-0.74537385,53.778214,70.07256269029857
272,161.4928942899368,146.16899271405217,-0.19868799,-0.012010603,-0.48879558,-0.7294584,53.38629,70.07256269029857
273,159.76582187302355,145.9937314196132,-0.19699384,-0.014010483,-0.4909518,-0.73565316,53.409092,70.07256269029857
274,156.1768836378497,148.9670210828513,-0.19900505,-0.006460849,-0.46938735,-0.7502059,54.1909,70.07256269029857
275,153.4472425407651,152.0236675477456,-0.19466428,-0.008980733,-0.46480268,-0.7528155,54.079185,70.07256269029857
276,153.93784101092643,152.51390904348926,-0.19589853,-0.012318947,-0.47581816,-0.7836067,55.88461,70.07256269029857
277,156.962529366846,150.6692801890904,-0.20266075,-0.011530232,-0.46406797,-0.75635445,54.09612,70.07256269029857
278,160.25214663899456,148.466001729776,-0.19800946,-0.010211496,-0.45995802,-0.74853045,54.55961,70.07256269029857
279,162.25894160719673,148.00011996838253,-0.19804038,-0.0017694931,-0.44839558,-0.722157,53.2455,70.07256269029857
280,162.71154260977545,149.74162238507645,-0.19348839,-0.0013823212,-0.42809278,-0.7373665,53.750484,70.07256269029857
281,162.14493477092574,151.97192633506512,-0.19346444,-0.0017747193,-0.4248482,-0.73360974,53.65915,70.07256269029857
282,161.5974325266059,153.5396440904696,-0.19073594,-0.0030067882,-0.43477923,-0.74399763,54.327522,70.07256269029857
283,162.01293868212042,155.53286169371682,-0.21060105,-0.002884409,-0.44950786,-0.73339546,54.274567,70.07256269029857
284,162.8394778780714,158.10760116124004,-0.20339765,-0.0045136665,-0.42051047,-0.75868094,55.168243,70.07256269029857
285,162.60797120016974,157.1499674129269,-0.19767237,-0.008329639,-0.43025425,-0.7573091,54.4389,70.07256269029857
286,161.0030040241626,149.07855018965964,-0.20759861,-0.0026161321,-0.46069232,-0.74158746,52.776577,70.07256269029857
287,159.16757862530667,139.67678660694435,-0.21304776,-0.011509762,-0.4777087,-0.7112592,51.0206,70.07256269029857
288,158.9020831059673,139.72645711366096,-0.21704012,-0.008250812,-0.4805879,-0.6944043,49.982758,70.07256269029857
289,161.4385037588384,150.93870456859776,-0.22405058,-0.021383299,-0.4698956,-0.67212516,48.361885,70.07256269029857
290,166.36197834342784,164.7470023609626,-0.21267061,-0.016922764,-0.47770652,-0.64289784,46.887955,70.07256269029857
291,171.20730622565895,172.9003079947354,-0.22798806,-0.017221091,-0.4949799,-0.6467404,47.82846,70.07256269029857
292,172.3466673264743,173.19487839617733,-0.22743322,-0.022058781,-0.46083602,-0.65916604,47.791775,70.07256269029857
293,169.1075392346604,169.07628374396674,-0.22617894,-0.023255574,-0.45357382,-0.68092036,48.548775,70.07256269029857
294,165.05933878501003,165.37865326610552,-0.20785338,-0.019855516,-0.40816018,-0.7300359,49.660313,70.07256269029857
295,162.82444658700385,163.10457918437,-0.22065662,-0.023064382,-0.43932557,-0.71860933,49.62981,70.07256269029857
296,162.54856528143145,162.44869194076546,-0.19977808,-0.022492988,-0.44205493,-0.7616551,52.228947,70.07256269029857
297,164.11098926066327,165.11840537683307,-0.19370049,-0.012238378,-0.4505971,-0.7855478,54.666634,70.07256269029857
298,165.45915124305282,167.14829528959675,-0.19595079,-0.003914835,-0.46540412,-0.8199382,56.71707,70.07256269029857
299,163.2990682343584,161.0846114152766,-0.21015333,-0.0035821022,-0.4740404,-0.81420726,55.75659,70.07256269029857
300,157.6610507035087,147.92992096642556,-0.20235328,-1.7420558e-06,-0.51588064,-0.81378525,57.170433,70.07256269029857
301,150.9978102559867,134.94743670824712,-0.2061919,0.011525005,-0.4932178,-0.8173303,56.832783,70.07256269029857
302,144.9147503871369,126.68544348754419,-0.2160245,0.027199153,-0.5246615,-0.7919721,55.526646,70.07256269029857
303,141.47275435672867,126.43789841361811,-0.21348284,0.034159973,-0.5413151,-0.7479843,53.687668,70.07256269029857
304,143.02552987885247,136.85856530478884,-0.21262488,0.03420875,-0.5244485,-0.6838636,49.91403,70.07256269029857
305,147.95011308156833,154.6538229204741,-0.20810947,0.028553165,-0.5127981,-0.6106371,47.510506,70.07256269029857
306,151.1697939911143,170.25757147654411,-0.16659889,0.012670407,-0.43085438,-0.6770752,49.917572,70.07256269029857
307,151.0121641542836,175.31806433354504,-0.1703356,0.0028874574,-0.42900866,-0.7229227,51.60737,70.07256269029857
308,150.53388115207696,170.52171221854348,-0.17061302,-0.010023354,-0.39783806,-0.8003884,53.642185,70.07256269029857
309,150.1991842248541,163.14043551039148,-0.19344658,-0.017203672,-0.44007507,-0.77606887,53.123066,70.07256269029857
310,146.63749775351675,156.69092738791642,-0.19472003,0.0041077677,-0.45202863,-0.76734424,51.247433,70.07256269029857
311,141.34027362259002,143.10038205451357,-0.22351664,0.026560253,-0.5151734,-0.6556445,48.417686,70.07256269029857
312,140.61379214665868,114.51638386629338,-0.18546449,0.00052435877,-0.462214,-0.7130465,50.2443,70.07256269029857
313,144.47242849512034,93.8198267231854,-0.18472236,-0.004104283,-0.43313166,-0.71728015,50.01096,70.07256269029857
314,146.5840877024082,112.03546031979016,-0.21507247,0.012111642,-0.48755088,-0.63562083,47.041985,70.07256269029857
315,145.46882030320506,145.90040254921016,-0.2031973,0.008817851,-0.474742,-0.66048694,47.66276,70.07256269029857
316,146.17950607327055,152.21811197201905,-0.20739043,0.002701493,-0.4699126,-0.7425887,49.76657,70.07256269029857
317,151.57753034655607,140.7531619809909,-0.23287235,0.014689014,-0.5026367,-0.699198,47.085876,70.07256269029857
318,158.2614089725572,135.36955034478638,-0.24751042,0.051697683,-0.5671363,-0.5518846,41.84223,70.07256269029857
319,160.82478753572207,125.02820108550972,-0.23587522,0.033949617,-0.5769371,-0.55233794,43.355534,70.07256269029857
320,157.58783019564683,105.95047523064216,-0.23219295,0.058063153,-0.55535126,-0.4692101,39.96477,70.07256269029857
321,152.3062188011889,96.92826543706026,-0.25015965,0.055297203,-0.6046824,-0.47165942,40.814564,70.07256269029857
322,149.14196135432314,97.01679317057888,-0.23270251,0.06804557,-0.61599225,-0.43500656,39.62878,70.07256269029857
323,145.98249424637052,87.00189540868833,-0.21605194,0.06648948,-0.60613436,-0.48801342,41.434654,70.07256269029857
324,138.36112268595073,65.06958366169606,-0.1854819,0.07746225,-0.50574666,-0.5250077,42.59967,70.07256269029857
325,129.21422316427822,52.98276400712735,-0.1518219,0.059994224,-0.4968918,-0.63553417,50.217834,70.07256269029857
326,125.38588529208471,66.85418988560517,-0.13828395,0.056024514,-0.44992292,-0.64341044,49.285843,70.07256269029857
327,127.47714520914583,95.06797813604638,-0.13057971,0.061566427,-0.48137572,-0.699465,52.46968,70.07256269029857
328,130.53277318522825,117.78375041811869,-0.2075163,0.1007727,-0.55997425,-0.49535617,45.73533,70.07256269029857
329,130.42468330511755,127.38373972514587,-0.19887961,0.100433,-0.59387594,-0.5237373,47.21528,70.07256269029857
330,127.49453831660858,123.04633754840529,-0.20346993,0.10577327,-0.61811495,-0.50650144,46.7438,70.07256269029857
331,125.56965561784668,108.85008893883894,-0.17013177,0.101219535,-0.56663764,-0.51624775,47.295704,70.07256269029857
332,127.20729002611222,94.963930179926,-0.17320085,0.09850106,-0.57320255,-0.5205454,47.672657,70.07256269029857
333,131.459872817843,88.1354969673052,-0.16514383,0.0952604,-0.56537634,-0.53680444,48.916286,70.07256269029857
334,135.69314214837593,83.62057571642835,-0.2284924,0.112769805,-0.6805646,-0.44690526,47.96338,70.07256269029857
335,137.83772680460785,71.2008880639615,-0.22279325,0.12117478,-0.70274967,-0.4352496,47.840836,70.07256269029857
336,137.9485960168675,52.22265542124919,-0.2299849,0.12964597,-0.7391747,-0.40735316,47.790264,70.07256269029857
337,136.94748124341288,42.651380552397136,-0.23619664,0.1225558,-0.7632277,-0.40339044,48.25955,70.07256269029857
338,133.81724506863884,49.69007042519002,-0.21373108,0.088600956,-0.7347286,-0.4281176,47.812588,70.07256269029857
339,128.1571153591574,59.9456330269224,-0.23073877,0.10745392,-0.7635448,-0.39103925,46.971195,70.07256269029857
340,123.88856145561085,60.18372397431998,-0.22463112,0.1114711,-0.76882493,-0.41488844,48.41577,70.07256269029857
341,125.03917359078191,53.96617359672144,-0.21082097,0.11198805,-0.76739824,-0.44990462,51.355457,70.07256269029857
342,130.64508680407616,53.33618391103327,-0.21946244,0.117218144,-0.77137095,-0.40813798,49.29717,70.07256269029857
343,136.40886558203985,62.68423786524243,-0.23292941,0.122179516,-0.8082372,-0.3709085,48.460056,70.07256269029857
344,138.28872903056606,72.91995974454173,-0.23249912,0.1377596,-0.7903777,-0.3113537,46.069347,70.07256269029857
345,135.5744445141807,73.85065185234079,-0.23704675,0.13844247,-0.8140474,-0.29003617,44.72024,70.07256269029857
346,132.47122414516386,67.54806618926857,-0.24169718,0.13306692,-0.7890964,-0.30172536,44.26917,70.07256269029857
347,133.4788386223388,59.93536888363278,-0.24592689,0.12896352,-0.8179252,-0.3046311,45.286255,70.07256269029857
348,137.70010975271876,48.9741564972657,-0.23066124,0.12689091,-0.8009341,-0.28899616,43.91899,70.07256269029857
349,141.72530750180064,35.37152662763055,-0.20051411,0.12349172,-0.8247615,-0.35249934,49.9924,70.07256269029857
350,144.97659537221418,29.595662951161504,-0.21374501,0.116564,-0.80134565,-0.33126846,46.3739,70.07256269029857
351,148.4721302854693,35.05216392537646,-0.21386348,0.12110206,-0.8270427,-0.34301427,48.97743,70.07256269029857
352,152.4088314097971,48.6007851576195,-0.21821775,0.12670755,-0.8276067,-0.3398973,48.738384,70.07256269029857
353,156.60455905070603,73.49833894429628,-0.22482362,0.13144334,-0.8614361,-0.3529074,50.69588,70.07256269029857
354,159.77473428721117,100.95147907744304,-0.23339976,0.14028688,-0.83201194,-0.28834638,46.497673,70.07256269029857
355,160.32637731144717,106.04270118045059,-0.24037234,0.14516464,-0.86761606,-0.27628264,46.87757,70.07256269029857
356,159.67289699893124,85.27549168492774,-0.23025274,0.1362218,-0.8949045,-0.28614312,49.872128,70.07256269029857
357,159.66724588588707,64.9292072772036,-0.23412445,0.13211316,-0.88150287,-0.2786488,48.364727,70.07256269029857
358,158.76037567717017,64.47693998996552,-0.23326911,0.13127565,-0.8858406,-0.29722214,48.96149,70.07256269029857
359,155.73910086876478,78.45768175815755,-0.23107499,0.13020821,-0.8796075,-0.31250173,49.496067,70.07256269029857
360,152.20612800644474,92.42870283384387,-0.22740534,0.12548855,-0.9020992,-0.35002124,52.45462,70.07256269029857
361,148.55113440758072,99.55675167108026,-0.1384525,-0.043064054,-0.67617023,-0.6532613,51.38953,70.07256269029857
362,142.55567521482922,106.10314155760902,-0.123516105,-0.057074536,-0.6369879,-0.66031057,51.824337,70.07256269029857
363,134.7536736442467,121.09500444091177,-0.1615809,-0.054505005,-0.77455807,-0.57984674,53.0319,70.07256269029857
364,130.0712424500145,138.74608938634518,-0.20415674,-0.007413754,-0.81603295,-0.5691505,54.06629,70.07256269029857
365,130.41415691169163,145.49858035452712,-0.18517181,0.0054787653,-0.75845796,-0.51114357,51.844894,70.07256269029857
366,131.63597972885475,140.7516187408846,-0.18666562,0.026782801,-0.767805,-0.5039319,52.134815,70.07256269029857
367,130.2610387624417,135.46758807670065,-0.18567963,0.024937093,-0.80442125,-0.5122262,54.51072,70.07256269029857
368,127.84791430186455,136.2684397067616,-0.18955047,0.025349524,-0.8148771,-0.5140227,53.560036,70.07256269029857
369,127.71512973119036,141.68232480130004,-0.19757874,0.045763806,-0.81367856,-0.5142483,53.52504,70.07256269029857
370,130.46685366972264,146.02962802386594,-0.23095043,0.07407918,-0.8808705,-0.4388992,54.9982,70.07256269029857
371,133.96264579249782,139.35628421852573,-0.21687287,0.07783331,-0.95308304,-0.422219,59.129246,70.07256269029857
372,136.49641557833303,122.49345617165599,-0.23074661,0.07902357,-1.0318849,-0.4107345,62.951702,70.07256269029857
373,138.28841655209737,118.44708140410461,-0.22201194,0.06933425,-1.0514944,-0.42044428,64.76719,70.07256269029857
374,139.84718687965852,140.53179645511167,-0.17223705,0.05897512,-1.0221756,-0.47038642,67.153946,70.07256269029857
375,140.41502155642445,169.4118095354737,-0.17362982,0.054258503,-0.9728388,-0.46074238,63.650658,70.07256269029857
376,139.75032895894395,174.98596013328927,-0.22518249,0.07186633,-1.0477725,-0.42001793,64.66764,70.07256269029857
377,140.03907113324138,140.92321778081077,-0.20998654,0.069486685,-1.0720359,-0.41498685,66.625046,70.07256269029857
378,142.56392688238998,86.00614038150024,-0.18939368,0.07764517,-1.0443023,-0.42013377,64.5338,70.07256269029857
379,145.093825013004,52.7302529086396,-0.20710778,0.074648835,-1.0295331,-0.4268986,63.411674,70.07256269029857
380,145.79490239907304,50.6933680981369,-0.15377475,0.050997376,-0.913406,-0.45936617,57.869026,70.07256269029857
381,144.11916989286266,59.07360125066818,-0.1276265,0.02851484,-0.857905,-0.45808968,54.009243,70.07256269029857
382,137.77861450995962,77.63923641150815,-0.12439062,0.012125144,-0.85146636,-0.4635767,55.03934,70.07256269029857
383,127.69074789840556,113.41680772865624,-0.13199644,0.024980644,-0.8214516,-0.43194622,52.46616,70.07256269029857
384,121.35750466518775,148.99304799765622,-0.17191128,0.04208981,-0.86167824,-0.41992602,54.901886,70.07256269029857
385,123.80392789525243,165.01322362187372,-0.16793156,0.048233606,-0.8658035,-0.40068632,56.578144,70.07256269029857
386,131.9324687498549,162.91869586716234,-0.17966169,0.07002933,-0.8900485,-0.34637687,55.92744,70.07256269029857
387,139.95107618987535,149.30131908101308,-0.18044735,0.08675873,-0.89727193,-0.3459884,56.46009,70.07256269029857
388,144.3557611518815,125.85613018690778,-0.16297454,0.083407015,-0.8891975,-0.34735852,56.963882,70.07256269029857
389,143.8522741485675,104.85266915560595,-0.14310291,0.04487623,-0.8402902,-0.4174706,55.30182,70.07256269029857
390,139.56142689270092,106.44251222633864,-0.12363457,0.016039979,-0.7705557,-0.5045969,55.526226,70.07256269029857
391,135.4208557855893,130.07308320605162,-0.09290557,-0.058301814,-0.66261005,-0.6443224,52.854042,70.07256269029857
392,135.20455346842317,152.44931405233075,-0.06767538,-0.08769248,-0.5953467,-0.7017133,51.452045,70.07256269029857
393,139.34844777902182,158.66532839466677,-0.07367938,-0.06347137,-0.657329,-0.6522856,54.444496,70.07256269029857
394,145.20539537702402,155.42903690605914,-0.10287536,0.003969274,-0.70896006,-0.55446696,53.687557,70.07256269029857
395,149.6622869049511,152.56242702441855,-0.09032385,-0.024245933,-0.6658085,-0.5698073,52.80263,70.07256269029857
396,150.46088904905378,150.07142913804637,-0.051407196,-0.050960794,-0.618847,-0.6596211,54.493965,70.07256269029857
397,147.35671909820329,146.6071287174697,-0.15478165,0.06621685,-0.78472733,-0.4219616,56.24115,70.07256269029857
398,144.37599420628484,145.25567510965845,-0.15214418,0.07388233,-0.8474962,-0.38301754,54.968956,70.07256269029857
399,145.77896091523328,148.13425820459668,-0.14267349,0.065050974,-0.8470694,-0.41650158,56.97759,70.07256269029857
400,149.21410782045837,154.55087947643366,-0.13608678,0.06441861,-0.83200586,-0.43365037,56.98531,70.07256269029857
401,149.4948385933128,162.22339781788938,-0.145608,0.046025984,-0.8170076,-0.43023247,55.132942,70.07256269029857
402,146.68790593670238,167.46870481199963,-0.15111202,0.045765113,-0.8259583,-0.41318297,54.014492,70.07256269029857
403,143.5839433578021,169.19562474153307,-0.11266223,0.008706795,-0.7827675,-0.46641192,49.82485,70.07256269029857
404,140.2572330749062,170.22480984057688,-0.14765403,0.021961661,-0.8109635,-0.43903637,50.647823,70.07256269029857
405,138.484090776442,171.53446040973233,-0.14546862,0.021131571,-0.83107555,-0.47553855,52.991394,70.07256269029857
406,142.75769533516785,170.1329817646457,-0.08444005,-0.04009951,-0.7081274,-0.63910645,53.66085,70.07256269029857
407,151.4830382061836,163.9752753541185,-0.08553755,-0.032721903,-0.71657807,-0.6248471,55.396217,70.07256269029857
408,158.08308360073445,155.57094046192674,-0.07840383,-0.041117743,-0.70109034,-0.6335981,56.27258,70.07256269029857
409,159.81715226201362,150.0973591069625,-0.10237713,-0.02675754,-0.6854833,-0.5517204,49.808365,70.07256269029857
410,158.23368355040742,150.85353497966054,-0.09848016,-0.013420362,-0.69725955,-0.6161024,55.573513,70.07256269029857
411,155.93458623693857,156.35602320509832,-0.056838054,-0.063521884,-0.61904216,-0.7486796,53.854973,70.07256269029857
412,154.16675844969228,159.04211160631763,-0.09356233,-0.056899026,-0.58230215,-0.70969176,50.142673,70.07256269029857
413,151.93186110256286,150.5980295470429,-0.14270572,-0.017577343,-0.7444336,-0.63639516,48.745884,70.07256269029857
414,148.77316107709305,138.31560051172866,-0.14676559,-0.010200608,-0.75326145,-0.61994714,50.658123,70.07256269029857
415,146.20727106461527,142.3344042456625,-0.1441464,-0.04486142,-0.73625463,-0.67030954,50.2007,70.07256269029857
416,145.25784399908918,163.51380856105325,-0.118216775,-0.04851843,-0.67890525,-0.69049996,52.104034,70.07256269029857
417,144.63079157818296,177.65316527665783,-0.10765469,-0.04783206,-0.6377736,-0.67241675,49.158928,70.07256269029857
418,142.7622929836919,169.97614012613113,-0.104500696,-0.047949214,-0.6391089,-0.69445115,51.88551,70.07256269029857
419,139.90809710276378,152.83813252973792,-0.05092726,-0.06940742,-0.50067294,-0.705702,48.182484,70.07256269029857
420,137.0429963167219,143.72310360388846,-0.1329955,0.0066855745,-0.7423927,-0.6333074,51.55767,70.07256269029857
421,135.20174423955572,138.8911081157618,-0.14091228,-0.015980313,-0.7660351,-0.6584433,52.043945,70.07256269029857
422,134.9380075777152,122.05043423657014,-0.12564838,-0.026186146,-0.68358964,-0.7280702,50.49682,70.07256269029857
423,134.90864154987742,94.68850326005166,-0.09376441,-0.043176852,-0.5175395,-0.72136724,47.026608,70.07256269029857
424,133.54907182044687,73.24166521510193,-0.1633064,0.0051229503,-0.7047103,-0.5831503,48.953323,70.07256269029857
425,132.03550289678066,64.346502036114,-0.15036292,0.00013152522,-0.6860268,-0.5840094,49.04244,70.07256269029857
426,133.1100713342758,74.24244704870085,-0.16409643,-0.01817095,-0.6996279,-0.541584,45.931023,70.07256269029857
427,137.21270850726154,112.23021559575923,-0.18744084,-0.018993635,-0.7396856,-0.55485976,44.004498,70.07256269029857
428,142.4226468758386,159.35375036134886,-0.2265526,0.048513204,-0.7875904,-0.42352882,40.81824,70.07256269029857
429,147.88219035543082,177.31078457630653,-0.22990432,0.07929925,-0.7745955,-0.40659407,41.347404,70.07256269029857
430,153.2602702323511,156.86236205663076,-0.2148521,0.003142233,-0.757634,-0.6415704,46.69293,70.07256269029857
431,155.97503560965077,130.1242469011666,-0.22787222,0.019971363,-0.7093155,-0.5552156,42.443665,70.07256269029857
432,153.63915477868994,128.84638281321858,-0.17895791,-0.0075709745,-0.60352737,-0.68437946,45.075665,70.07256269029857
433,147.84738657195896,146.35976588181677,-0.17179544,-0.008512556,-0.6420094,-0.65325695,48.40705,70.07256269029857
434,142.6342816257329,160.77355157314892,-0.17291558,-0.006832778,-0.67633575,-0.64950657,50.17785,70.07256269029857
435,140.58994255066764,168.72743910711372,-0.17913821,-0.0071432996,-0.6334045,-0.6437312,48.51375,70.07256269029857
436,141.27673673839263,174.5335909963505,-0.18384002,-0.01238863,-0.6626902,-0.6999737,51.058346,70.07256269029857
437,142.53940686892494,175.44688635896102,-0.18886672,-0.022327058,-0.65574986,-0.6935579,50.086678,70.07256269029857
438,142.79509167209267,167.8660202272937,-0.20831154,-0.0066415877,-0.6826141,-0.6574316,50.053234,70.07256269029857
439,141.82721973240925,155.63331945237286,-0.19016194,-0.021580586,-0.5914183,-0.67010546,48.0535,70.07256269029857
440,140.3945510355848,150.52770121466003,-0.18210319,-0.021050131,-0.5710633,-0.65397644,46.464237,70.07256269029857
441,139.34436172182134,159.3448033335155,-0.16836447,-0.04818178,-0.54627734,-0.7191156,50.334244,70.07256269029857
442,138.42295636870776,170.96977176902703,-0.13834274,-0.048107304,-0.4743548,-0.7641234,50.929356,70.07256269029857
443,136.91924853887966,169.89906352766545,-0.096615285,-0.07235934,-0.40825337,-0.84751254,53.48762,70.07256269029857
444,135.40469119200216,152.92376042697094,-0.11312126,-0.0659416,-0.37962094,-0.88525087,53.325714,70.07256269029857
445,135.64752378695317,121.62508061772927,-0.12143174,-0.018501068,-0.445205,-0.90476125,57.388214,70.07256269029857
446,138.70446936467775,82.88698546958452,-0.16817023,0.051102336,-0.5112655,-0.6933622,50.668762,70.07256269029857
447,142.94107897524773,54.465661952567984,-0.16845156,0.04795052,-0.53457683,-0.67326146,50.555233,70.07256269029857
448,145.73765771170994,51.04255821587276,-0.1604895,-0.0022825287,-0.52159935,-0.6660826,46.867123,70.07256269029857
449,147.86166377134873,76.35644935496205,-0.18530595,0.030859647,-0.65018135,-0.6166982,45.97109,70.07256269029857
450,152.1498412373936,118.96592022402656,-0.17133032,-0.0028360668,-0.57988244,-0.654145,44.114037,70.07256269029857
451,157.70338618857699,153.9813302909016,-0.18254828,-0.014408979,-0.56733614,-0.64013886,42.66031,70.07256269029857
452,160.30726324877082,168.3919672508534,-0.18679018,-0.012611177,-0.60232884,-0.6678556,43.05441,70.07256269029857
453,158.67973166223973,169.49717651794398,-0.18417798,-0.022084912,-0.599863,-0.66441244,43.286217,70.07256269029857
454,155.7000473801283,161.5058744846769,-0.17844139,-0.0031330872,-0.5676541,-0.6426398,41.90761,70.07256269029857
455,153.32135874054734,134.51577505884916,-0.14623687,-0.016984608,-0.50084275,-0.7045921,43.558884,70.07256269029857
456,150.88202209560714,93.94839976778738,-0.13507552,-0.034582857,-0.5120738,-0.7961397,47.49238,70.07256269029857
457,148.79481224691028,76.64802822091252,-0.13694823,-0.035982378,-0.4723227,-0.7276652,42.991146,70.07256269029857
458,149.4699292685455,103.43575732367844,-0.12755333,-0.043184254,-0.47776052,-0.7670777,44.899494,70.07256269029857
459,153.2584431487917,149.24102658192768,-0.12867695,-0.028436013,-0.51615024,-0.7720247,46.828934,70.07256269029857
460,156.7924393868377,176.482014769682,-0.13854046,-0.015777798,-0.5805993,-0.7981856,49.85537,70.07256269029857
461,157.15054919467119,165.53312041163903,-0.14364034,-0.017876105,-0.57760996,-0.8387711,53.197536,70.07256269029857
462,154.9332234608703,129.0667386092001,-0.15673798,-0.020376826,-0.54091704,-0.82696193,54.855278,70.07256269029857
463,152.01638979755535,109.5650860012631,-0.11844324,-0.050146382,-0.46470818,-0.8704863,57.661915,70.07256269029857
464,149.1474578035891,129.98982563452648,-0.098385215,-0.060377475,-0.40755656,-0.87192523,54.44633,70.07256269029857
465,146.6239845005413,160.94157262882888,-0.13813196,-0.05434169,-0.481796,-0.80957884,53.167984,70.07256269029857
466,145.44741609680923,167.0935452553846,-0.07708771,-0.09010958,-0.4095277,-0.93577987,58.220093,70.07256269029857
467,146.6025803432904,152.96478499514524,-0.107723504,-0.0878645,-0.45118025,-0.8863678,56.390415,70.07256269029857
468,149.15395627631784,142.24166443156162,-0.12005116,-0.081472896,-0.4745717,-0.87712157,56.011486,70.07256269029857
469,150.30844732252177,143.77719072390394,-0.13416965,-0.06720633,-0.4831548,-0.8456041,54.166317,70.07256269029857
470,148.37217103889154,151.0181407168961,-0.12788866,-0.07144432,-0.4778041,-0.83737683,53.842808,70.07256269029857
471,144.38841100700031,157.46423794277243,-0.12141954,-0.08430505,-0.46522644,-0.8429601,52.233604,70.07256269029857
472,139.92486834480076,161.48756394346623,-0.15963067,-0.041097272,-0.53336084,-0.77296275,53.593983,70.07256269029857
473,135.36552252757213,162.0992787464719,-0.18681893,-0.012881631,-0.54360676,-0.6000872,44.682625,70.07256269029857
474,131.51392621007733,160.47355211369532,-0.19832869,-0.019184824,-0.57247,-0.6443263,49.229355,70.07256269029857
475,129.64810757524174,160.63631609961536,-0.17887254,-0.030512542,-0.57367986,-0.7290083,52.182987,70.07256269029857
476,129.0205880685833,160.5815836174304,-0.18114245,-0.006387683,-0.58021,-0.6403891,50.95143,70.07256269029857
477,128.226665613779,154.9196518436695,-0.2253715,0.050712984,-0.619252,-0.52492607,45.41123,70.07256269029857
478,128.4503458165337,148.8602571707376,-0.20800407,0.03428453,-0.60252833,-0.6425268,49.429447,70.07256269029857
479,132.51946675456395,150.5542833384258,-0.17905024,-0.006748724,-0.557551,-0.78029835,52.47899,70.07256269029857
480,142.650578945535,155.6021578810728,-0.15182538,-0.059923235,-0.48351717,-0.80671203,48.673767,70.07256269029857
481,156.96205307334947,155.86302533051918,-0.15184803,-0.043268744,-0.48619208,-0.84956706,52.783978,70.07256269029857
482,167.41528552694766,152.49656400463826,-0.12591405,-0.071959965,-0.43474483,-0.8292464,48.563583,70.07256269029857
483,168.18399617341,151.49742390595827,-0.1413504,-0.07387209,-0.5240165,-0.803999,50.232788,70.07256269029857
484,163.18572148539985,154.47421420214795,-0.14925063,-0.07559194,-0.46581003,-0.79267305,48.597828,70.07256269029857
485,159.55045570417315,158.07759427920843,-0.13091287,-0.08935788,-0.4332606,-0.8378983,49.704803,70.07256269029857
486,160.06957914862951,160.03091400527228,-0.1428721,-0.077612504,-0.38746542,-0.8332279,48.33729,70.07256269029857
487,163.8087161219499,161.86130289627044,-0.13539606,-0.06906554,-0.37388697,-0.8340401,48.15701,70.07256269029857
488,168.15418140861274,165.05746059665367,-0.107098974,-0.070229016,-0.35795152,-0.8530516,48.891552,70.07256269029857
489,170.44151907746888,168.6570836947464,-0.10558251,-0.086460404,-0.350472,-0.89226246,50.98728,70.07256269029857
490,170.18064312584727,167.04711747874822,-0.14745718,-0.05382408,-0.36383358,-0.8602927,48.971596,70.07256269029857
491,169.97955815527973,151.3605474307173,-0.15756807,-0.05199797,-0.3817149,-0.82699156,46.68418,70.07256269029857
492,172.6559771939014,131.04810933568177,-0.16058008,-0.037050914,-0.3992487,-0.7144602,44.74801,70.07256269029857
493,176.6589159019302,134.4199077001225,-0.15565269,-0.011960084,-0.42204174,-0.6947865,47.013023,70.07256269029857
494,178.21185111622538,161.96937214891534,-0.1874844,0.019379934,-0.5314167,-0.73657125,52.32261,70.07256269029857
495,176.9691448653442,179.69073283423842,-0.18818034,0.0068449727,-0.5734673,-0.75236124,53.513756,70.07256269029857
496,174.94908367597603,172.44137205376197,-0.1882178,0.017258981,-0.58603454,-0.73593515,52.454475,70.07256269029857
497,173.04578453418137,155.91129742538612,-0.16649437,0.009107903,-0.5517396,-0.7763439,51.984596,70.07256269029857
498,170.8521622899486,141.15759353541756,-0.15225741,-0.04309933,-0.55877745,-0.81207824,51.24966,70.07256269029857
499,167.58496771344366,132.38455531449088,-0.13726442,-0.054516762,-0.51120454,-0.8260582,51.70747,70.07256269029857
500,163.84985808974116,139.16312962576546,-0.14332241,-0.070274964,-0.4946524,-0.8207565,49.84913,70.07256269029857
501,161.83916392988667,158.3061742742025,-0.1482324,-0.058017425,-0.50761676,-0.79804426,51.20895,70.07256269029857
502,161.91834458740072,170.80046540649775,-0.14288864,-0.08548856,-0.48934174,-0.8036804,49.499413,70.07256269029857
503,162.08609596682504,168.23829144256453,-0.15816821,-0.092939325,-0.48241442,-0.79648924,48.798695,70.07256269029857
504,161.55355374987673,160.4879373484558,-0.16454327,-0.08186661,-0.50231916,-0.7909164,48.817307,70.07256269029857
505,161.24569145956855,158.36286967154206,-0.18249515,-0.057475865,-0.59230155,-0.773488,49.052868,70.07256269029857
506,162.3892236521256,162.3480800661925,-0.218655,0.019902987,-0.662192,-0.683714,49.854744,70.07256269029857
507,166.35834967766732,162.77647188523926,-0.22063485,0.026288057,-0.64434636,-0.6497321,49.31164,70.07256269029857
508,172.100373412511,146.6727067951177,-0.23024838,0.09661616,-0.7334368,-0.5253444,49.71643,70.07256269029857
509,175.2738061143014,116.59803177451221,-0.23170125,0.08465672,-0.701194,-0.5067745,46.036755,70.07256269029857
510,173.99030452044377,89.12124198021976,-0.24083659,0.098372586,-0.7449266,-0.51169837,48.468555,70.07256269029857
511,170.88018330164437,68.86421347408987,-0.21344452,0.06866683,-0.7754517,-0.6326058,52.25221,70.07256269029857
512,166.89313388787818,54.40220060849339,-0.22882338,0.035008788,-0.785776,-0.61776173,50.185497,70.07256269029857
513,159.66148757746078,59.39152761085433,-0.24479716,0.032064278,-0.81744224,-0.63523716,52.84353,70.07256269029857
514,149.5891930758198,94.48558593835796,-0.21700352,-0.007109983,-0.75038964,-0.66368794,50.546047,70.07256269029857
515,141.36530051652193,141.0451018083059,-0.20598677,-0.0053853476,-0.71298856,-0.6703272,50.945423,70.07256269029857
516,138.71918809955332,168.5489664282978,-0.2128043,-0.0062420038,-0.6786335,-0.65702593,48.9421,70.07256269029857
517,141.39169690041552,167.70597403739234,-0.20479608,0.024760492,-0.6663755,-0.75613713,55.309875,70.07256269029857
518,146.5353960971483,154.64874912630256,-0.19458763,0.03817824,-0.69278246,-0.7355478,60.09071,70.07256269029857
519,150.13546734536715,151.51403112552046,-0.19891925,0.056000125,-0.67438287,-0.7793093,61.71719,70.07256269029857
520,149.39447412709382,162.75752071027475,-0.20274916,0.011196845,-0.65676636,-0.7026164,54.549442,70.07256269029857
521,145.3910779255832,172.39545536185477,-0.18890505,0.011252809,-0.641357,-0.7281567,54.974922,70.07256269029857
522,139.88241173008467,168.01943131654153,-0.18614301,0.00074146246,-0.6311834,-0.71340144,52.667168,70.07256269029857
523,133.19102581830913,155.18185991673658,-0.17227887,-0.002225694,-0.60383224,-0.74549884,52.913177,70.07256269029857
524,128.4875556867844,145.3244560048759,-0.16072641,-0.00703159,-0.5963797,-0.78000027,54.219967,70.07256269029857
525,130.7617066121339,143.63298061247315,-0.16676003,0.0007040083,-0.6053374,-0.7381959,51.88813,70.07256269029857
526,139.55477260453992,150.35148309259984,-0.20381704,0.0035740451,-0.6378694,-0.7607708,53.23442,70.07256269029857
527,148.87841210903034,162.46000691522164,-0.19794545,0.012106852,-0.6232675,-0.7527083,52.646767,70.07256269029857
528,154.5749187386486,172.73958922170814,-0.19818324,0.006252456,-0.65719664,-0.7498555,53.860924,70.07256269029857
529,156.3593417754566,175.36530153130792,-0.1964734,0.02312383,-0.6514261,-0.734496,53.62457,70.07256269029857
530,155.03711520344032,172.5246174325631,-0.19943403,0.030226845,-0.6422254,-0.6084093,49.488487,70.07256269029857
531,152.26393281658667,169.03071839557379,-0.19684446,0.053147074,-0.63206226,-0.5948021,50.379044,70.07256269029857
532,149.582825738147,165.06032882027137,-0.20700327,0.06750118,-0.66890323,-0.5631202,48.991566,70.07256269029857
533,147.00753043110097,161.13236848612357,-0.21225469,0.07189791,-0.6851854,-0.60141253,51.726696,70.07256269029857
534,143.65822921400883,161.6381390970937,-0.20630121,0.06987211,-0.7257892,-0.64738995,54.176975,70.07256269029857
535,138.7917428462438,166.0494035526323,-0.2201584,0.062113214,-0.74190146,-0.64028496,54.172207,70.07256269029857
536,133.63924151127307,166.84589317694792,-0.2143016,0.036735382,-0.71283525,-0.5947559,50.147682,70.07256269029857
537,131.7709713126137,162.7487045405979,-0.2146805,0.037052654,-0.75718015,-0.6314397,55.27528,70.07256269029857
538,134.7734825809323,161.5926380816481,-0.21276598,0.0120282415,-0.6898462,-0.6772137,54.070625,70.07256269029857
539,137.94190461412825,166.86821370082833,-0.20963725,-0.010584296,-0.67988867,-0.71124154,55.517246,70.07256269029857
540,134.58715567513465,173.57307241903206,-0.21309784,0.0417917,-0.70297873,-0.71810305,58.69289,70.07256269029857
541,125.03083829907543,176.47951239934636,-0.21385215,0.04456048,-0.70727026,-0.7645802,60.152298,70.07256269029857
542,117.20618273844319,175.86073502167005,-0.20188248,-0.0061468435,-0.65774626,-0.8148161,59.163128,70.07256269029857
543,118.33132375077301,175.3963358540023,-0.20221174,0.020593712,-0.6878411,-0.74950165,59.09432,70.07256269029857
544,128.59674785608755,175.76026415244147,-0.21008496,-0.008970063,-0.6722915,-0.73324543,54.023357,70.07256269029857
545,142.46173212587226,173.73888230510718,-0.20425865,0.0013159054,-0.6560338,-0.7684145,55.672115,70.07256269029857
546,154.9774846179504,166.91065075334492,-0.20487098,0.013196943,-0.6627939,-0.76320314,56.049286,70.07256269029857
547,165.62257618645557,153.89423694178873,-0.21570396,0.03440495,-0.67821103,-0.7681972,56.71651,70.07256269029857
548,173.53903431856952,134.97113499126817,-0.21674396,0.06163829,-0.693508,-0.7164977,56.919518,70.07256269029857
549,174.0306838761537,119.4354764536275,-0.21347848,0.061904605,-0.68190855,-0.72684443,57.681267,70.07256269029857
550,165.93496796847106,119.90622187759455,-0.21303774,0.06809195,-0.6761293,-0.6919868,57.171116,70.07256269029857
551,156.96928913459533,132.51103502895984,-0.21300377,0.07283557,-0.67219484,-0.68029433,57.3362,70.07256269029857
552,154.88692956616214,140.81439239003709,-0.21283653,0.06915417,-0.6332808,-0.7191021,57.97882,70.07256269029857
553,157.55085487175484,139.16635025987648,-0.21171726,0.062856205,-0.60887027,-0.74244416,57.572372,70.07256269029857
554,158.43503798863821,135.48403247483924,-0.20045662,0.047625627,-0.5907729,-0.77226204,58.40723,70.07256269029857
555,155.75069715126435,138.62756883836403,-0.20134245,0.034594614,-0.6236656,-0.8415647,61.673916,70.07256269029857
556,150.12575492592134,151.17125914268527,-0.19905339,0.028204754,-0.58987486,-0.85245365,62.303047,70.07256269029857
557,141.64403236516472,166.15050537089232,-0.19886263,0.01442248,-0.63801396,-0.8483522,62.66712,70.07256269029857
558,133.60240784965998,171.03883396493788,-0.2047682,0.015695704,-0.60999477,-0.8343559,61.77953,70.07256269029857
559,132.41518546708141,160.32101636873293,-0.19857955,-0.0015205969,-0.62541544,-0.8779717,63.927326,70.07256269029857
560,140.37830559750563,142.22920804230807,-0.20532478,-0.001296525,-0.60868126,-0.8990582,65.15843,70.07256269029857
561,151.87529856891683,131.82958593971154,-0.2044224,0.00290662,-0.59417427,-0.88094735,63.96722,70.07256269029857
562,160.43441691786427,138.69372669378853,-0.19998452,0.0023437182,-0.6327321,-0.88750273,64.56281,70.07256269029857
563,166.39015127728536,158.62602830739374,-0.21708715,0.030568289,-0.67251104,-0.77056503,62.395607,70.07256269029857
564,172.46473429666298,176.74462235557036,-0.21515085,0.034273423,-0.66233397,-0.7797444,63.01857,70.07256269029857
565,177.294326161059,182.03109678755143,-0.2155672,0.033151757,-0.64550656,-0.8236971,64.76403,70.07256269029857
566,178.76144884217996,176.9099029508226,-0.22091967,0.023448288,-0.64987653,-0.8361874,65.033394,70.07256269029857
567,178.20297426924918,171.27420636266962,-0.20781942,0.027054997,-0.6474159,-0.89182085,68.83682,70.07256269029857
568,177.59646408959512,170.18968071534638,-0.20366636,0.027950414,-0.5820792,-0.89123136,66.65347,70.07256269029857
569,176.07641012456853,170.40062803516076,-0.20420465,0.010217157,-0.5509382,-0.88515335,65.23751,70.07256269029857
570,172.49758042344388,169.24090350388832,-0.20555909,0.007561175,-0.5558151,-0.94900537,67.62541,70.07256269029857
571,169.58928550675753,169.7426263868738,-0.2046001,-0.015152619,-0.5508537,-0.92167664,65.28945,70.07256269029857
572,170.56674658656164,173.67665609024786,-0.20961635,-0.011430281,-0.56947714,-0.9044294,64.14318,70.07256269029857
573,173.04175903157244,177.30528722348964,-0.21527106,-0.011474703,-0.57146746,-0.905621,64.89944,70.07256269029857
574,172.63448094418953,177.17968923988468,-0.21636072,-0.008103608,-0.56203073,-0.9394979,66.153076,70.07256269029857
575,170.7628107269284,174.74117147007968,-0.21542871,-0.020993078,-0.5695817,-0.90668166,65.086945,70.07256269029857
576,172.14245690993891,173.0731687312624,-0.21978037,-0.0055443104,-0.5524268,-0.87459606,63.55389,70.07256269029857
577,176.46122716373915,172.43001303841234,-0.21544787,-0.00784905,-0.52765477,-0.91864043,65.4645,70.07256269029857
578,178.6668206235642,171.7328074736796,-0.21788065,-0.0070350743,-0.51177067,-0.90370774,65.05458,70.07256269029857
579,176.1708293072233,172.0798284266169,-0.22382542,-0.0046434496,-0.5448227,-0.93005747,67.704124,70.07256269029857
580,171.60130207906934,174.37697261480642,-0.22431755,0.002039294,-0.54423827,-0.8352855,62.2706,70.07256269029857
581,168.75214835101679,176.60132864144217,-0.23193991,0.012947394,-0.57860726,-0.81061035,62.223454,70.07256269029857
582,168.6947699973297,177.03056959484235,-0.22059478,0.012581563,-0.5467869,-0.80845565,61.82346,70.07256269029857
583,169.75943829390468,176.43175223595858,-0.23645183,0.011155254,-0.59742844,-0.8140877,62.417854,70.07256269029857
584,169.33999141912577,176.1835695117255,-0.23178749,0.038403183,-0.5756615,-0.7519514,59.516876,70.07256269029857
585,168.1045304762873,176.64710773754075,-0.22812481,0.0215231,-0.5909027,-0.8376945,63.751953,70.07256269029857
586,170.31618988994703,176.59050940538526,-0.2362785,0.0134412665,-0.60581034,-0.86460644,65.48513,70.07256269029857
587,175.37091574077687,174.77969774786385,-0.23961541,0.011567904,-0.58114284,-0.8155728,61.842102,70.07256269029857
588,176.7616779434354,172.98744929656763,-0.23113422,0.024406854,-0.61083615,-0.8664095,66.37657,70.07256269029857
589,173.3593595539022,173.6051041212499,-0.23847523,0.027818453,-0.5692167,-0.84459674,65.68031,70.07256269029857
590,171.38399435617478,174.5305276213647,-0.23337798,0.022012182,-0.57483226,-0.8450096,64.9825,70.07256269029857
591,173.57008017976267,172.6199560928856,-0.23308009,0.025006775,-0.5838273,-0.84379065,65.28336,70.07256269029857
592,175.540911678308,169.69877742275744,-0.22847933,0.024777912,-0.6010824,-0.842488,65.008995,70.07256269029857
593,172.7012482841041,167.64936192121093,-0.20483005,0.0228316,-0.5415189,-0.88339823,66.32108,70.07256269029857
594,166.17601568245192,163.86096552354846,-0.2256119,0.01966389,-0.59709483,-0.8768215,67.22566,70.07256269029857
595,162.32940606036624,159.10455576651063,-0.22682698,0.031001842,-0.56433636,-0.92362314,69.95754,70.07256269029857
596,165.390537017717,159.19853251633057,-0.25187948,0.026124304,-0.5990355,-0.94209135,70.954735,70.07256269029857
597,171.97184590525902,164.50905581427165,-0.23205402,0.033841394,-0.55930793,-0.92605656,71.46509,70.07256269029857
598,175.89547800856312,169.73857036545837,-0.2404873,0.025562273,-0.53676486,-0.95324963,71.98222,70.07256269029857
599,175.63742459551523,172.80063361712905,-0.23073268,0.0045476365,-0.49178496,-0.98617536,71.755264,70.07256269029857
600,174.36033754641343,175.20988904395938,-0.2403584,0.0043033133,-0.513673,-1.0068377,72.43247,70.07256269029857
601,174.14386521165864,177.53589798127763,-0.2525075,0.0033022845,-0.52705896,-0.9741565,70.73169,70.07256269029857
602,173.55345457730664,178.79796296528218,-0.23932362,-0.025209725,-0.5066839,-1.0424205,73.45579,70.07256269029857
603,171.04910288760215,177.39789417921168,-0.25348914,-0.020937115,-0.51200587,-1.041364,73.53629,70.07256269029857
604,167.66301445438998,171.77422369100978,-0.23471501,-0.016867237,-0.49758253,-1.0728905,75.818535,70.07256269029857
605,166.2121184204201,164.20526578505877,-0.2463955,-0.012267121,-0.5310126,-1.0564185,75.64856,70.07256269029857
606,168.07848972743977,161.73075568266185,-0.22560754,-0.014270267,-0.50060844,-1.0622402,75.68121,70.07256269029857
607,170.72456332495463,167.21487700144195,-0.19028823,-0.01396715,-0.4669145,-1.0773163,76.136734,70.07256269029857
608,170.50964149078834,174.40129067961033,-0.17585182,-0.013862191,-0.44629812,-1.083492,76.183365,70.07256269029857
609,167.64128135491728,176.6646154824145,-0.20193997,-0.009574556,-0.4445944,-1.0550867,74.526985,70.07256269029857
610,166.09315065609897,174.79767795604013,-0.2100327,-0.013867635,-0.44720313,-1.0486128,74.121704,70.07256269029857
611,167.8410624434903,173.71216530875748,-0.19822678,-0.016870938,-0.46710613,-1.0224621,72.46136,70.07256269029857
612,170.19957758882168,175.23033062764716,-0.21625358,-0.02068517,-0.45675656,-1.0289022,72.30146,70.07256269029857
613,170.70779843516354,176.5475210180032,-0.2281013,-0.025010912,-0.48354417,-0.9904887,69.561966,70.07256269029857
614,169.69394942979466,176.0177854407644,-0.22658397,-0.021848427,-0.49214816,-0.92861915,65.3098,70.07256269029857
615,168.15663327043762,175.8666497138276,-0.23558952,-0.022062264,-0.5154961,-0.94689596,66.549416,70.07256269029857
616,167.98408789711291,176.9902887341775,-0.20052716,-0.024915753,-0.47688776,-0.9991195,68.76539,70.07256269029857
617,171.237579868963,177.0979760378666,-0.19337167,-0.031242246,-0.46311158,-1.0287031,69.552414,70.07256269029857
618,176.023354187298,174.9038218853339,-0.22328712,-0.032022253,-0.46304888,-1.003023,68.16979,70.07256269029857
619,176.50828177770964,172.14068087867622,-0.23960322,-0.029770209,-0.49843526,-1.0051322,69.01353,70.07256269029857
620,169.89143629618604,171.4840794617413,-0.22964562,-0.02362489,-0.48716328,-0.9761285,67.95781,70.07256269029857
621,161.20069375560746,173.04714580109547,-0.22166963,-0.02494428,-0.48336646,-0.9943247,69.25196,70.07256269029857
622,157.67037341082434,174.14342503933239,-0.20668273,-0.02785177,-0.4555598,-0.9963442,68.43265,70.07256269029857
623,160.2960549964673,173.35863994917176,-0.21048476,-0.02743629,-0.46514022,-0.9905468,68.107155,70.07256269029857
624,164.640499876889,172.60672882695096,-0.19710055,-0.02963803,-0.45767376,-0.9954435,68.14269,70.07256269029857
625,167.58293900658256,174.01431107764466,-0.1687991,-0.032690763,-0.41136295,-1.017427,68.92434,70.07256269029857
626,169.20651522215226,176.73656198464192,-0.20088167,-0.034763157,-0.438269,-1.0084867,67.67181,70.07256269029857
627,169.4450805053643,178.33387779234664,-0.20269254,-0.033200752,-0.45644388,-1.0074548,67.80716,70.07256269029857
628,167.9482645163895,177.87979096853513,-0.17947443,-0.031493757,-0.41956192,-1.0327246,69.03913,70.07256269029857
629,166.65046934383386,176.6839733086451,-0.15371726,-0.03819,-0.40098813,-1.0595992,70.33745,70.07256269029857
630,167.17054187176382,176.31300721739447,-0.17620285,-0.037615556,-0.4205854,-1.0654328,70.806114,70.07256269029857
631,167.05700779628813,176.63623708877628,-0.1838644,-0.036720358,-0.43578482,-1.0637269,70.915306,70.07256269029857
632,162.91401927451847,176.61292194313094,-0.20421335,-0.035580616,-0.51240826,-1.0738572,71.8243,70.07256269029857
633,156.06713308003086,175.88964141371457,-0.20071967,-0.02680218,-0.52767044,-1.0481131,70.326385,70.07256269029857
634,151.87117040849975,175.14584803507285,-0.20339285,-0.039540965,-0.548873,-1.097578,73.85411,70.07256269029857
635,152.54531836633993,175.3909490107965,-0.21209006,-0.021995632,-0.5924897,-1.1484674,78.50212,70.07256269029857
636,154.61595956930492,176.34469695058675,-0.23601197,-0.028788125,-0.57181674,-1.1279589,78.066635,70.07256269029857
637,155.62720031876228,176.66965049551735,-0.23634034,-0.025185335,-0.6326206,-1.132262,78.800125,70.07256269029857
638,156.60558839178813,176.11532017486257,-0.2282215,-0.022486238,-0.61545175,-1.1251156,79.19477,70.07256269029857
639,157.15927132776488,175.15902032596847,-0.2384099,-0.022774983,-0.6816176,-1.1250845,80.22096,70.07256269029857
640,155.25910577037504,174.06860942420334,-0.25048584,-0.01911057,-0.7283465,-1.0934418,80.01326,70.07256269029857
641,150.3875624002347,174.03950426702346,-0.25933897,-0.006684921,-0.77938443,-1.0482796,81.802605,70.07256269029857
642,145.06257048500834,175.80054832373145,-0.27812183,-0.001729208,-0.82735103,-1.0539906,80.900536,70.07256269029857
643,143.43935659866227,177.39000790196545,-0.2661269,-0.004515844,-0.8942025,-1.0537057,82.306694,70.07256269029857
644,145.46203692799054,177.0916060787044,-0.28092653,-0.0074577406,-0.9869765,-1.047908,84.355354,70.07256269029857
645,148.08241158267268,176.41247276148408,-0.27508977,0.004183547,-1.0679691,-1.1050785,89.05873,70.07256269029857
646,153.86636055694754,177.1255355175389,0.030740315,-0.086657695,-0.33822188,-1.265112,77.25622,70.07256269029857
647,164.8160531017749,176.37697373424345,-0.19317394,-0.047354084,-0.861079,-1.2343537,85.479126,70.07256269029857
648,170.3757619607811,169.12389486590476,-0.27871585,-0.014604525,-1.0190939,-1.1406593,87.02631,70.07256269029857
649,159.2304832559734,159.1396620305253,-0.28796792,0.007099095,-0.99047804,-1.0996581,84.67,70.07256269029857
650,137.22537332335483,157.3538346082919,-0.17312899,-0.01987163,-0.74948376,-0.965782,66.28791,70.07256269029857
651,120.15336712791583,163.37143638675684,-0.25015748,-0.0071208705,-1.0162613,-1.1477752,90.364105,70.07256269029857
652,115.0229809984213,165.99334042931727,-0.28533566,-0.019338561,-1.138807,-1.0917376,90.55567,70.07256269029857
653,115.07248456168995,163.6642704810745,-0.29349545,0.0108114155,-1.1225624,-1.0336224,91.10381,70.07256269029857
654,111.31244175070893,164.78031972244688,-0.2851423,-0.016199594,-1.0832276,-1.0149214,83.723656,70.07256269029857
655,104.26698631488519,169.75886761307362,-0.22870056,-0.032233477,-1.0717607,-1.113708,91.03184,70.07256269029857
656,100.34944178359113,168.18253582144422,-0.12570935,-0.07632012,-0.8396352,-1.229279,92.9041,70.07256269029857
657,102.30541032709756,154.7300062830097,-0.06365385,-0.07466494,-0.8043803,-1.3162625,93.98192,70.07256269029857
658,109.44872979112984,138.72494550350922,-0.006909864,-0.10601215,-0.78229713,-1.4338822,101.89876,70.07256269029857
659,121.79862939513956,131.66730324563326,-0.0349979,-0.07689217,-0.9101318,-1.5000677,108.184875,70.07256269029857
660,138.08954063474724,133.90111599324996,-0.18440008,0.0033658694,-1.0291482,-1.2987387,102.53131,70.07256269029857
661,151.671080871259,138.8048558875064,-0.11078865,-0.023315674,-1.0317255,-1.377833,103.436584,70.07256269029857
662,152.18448080229805,140.86736579276138,-0.09535491,-0.034274295,-0.9926164,-1.3854195,101.99408,70.07256269029857
663,137.5441574339867,142.56738128379757,-0.16350587,0.00125624,-1.094268,-1.31126,103.56733,70.07256269029857
664,121.28759296120275,150.84921325601763,-0.18980394,0.034244463,-1.1303617,-1.1207838,97.23449,70.07256269029857
665,116.40963689382187,161.72529720557938,-0.15566139,0.033094052,-1.1052125,-1.1971357,101.83604,70.07256269029857
666,120.75186888191733,164.7557205970155,-0.08582935,0.018322725,-0.9490241,-1.2122374,101.691895,70.07256269029857
667,126.44681219229287,159.49229588181947,-0.030630566,-0.017282935,-0.8631712,-1.313376,103.44305,70.07256269029857
668,129.41872174104148,154.55320031630148,0.0081249485,-0.040538073,-0.771107,-1.4327623,104.73842,70.07256269029857
669,127.91423259185603,156.0646486784433,-0.0051425486,-0.030008871,-0.771992,-1.4257237,105.140594,70.07256269029857
670,122.78313710293521,160.41126900227303,-0.040558543,-0.019569602,-0.79310924,-1.341171,103.839325,70.07256269029857
671,118.00696646436838,159.9768332312619,-0.027771853,-0.053984348,-0.6304709,-1.4896064,102.588455,70.07256269029857
672,117.01273470673955,153.3991210067573,0.13777047,-0.08781507,-0.28674063,-1.5794101,107.61067,70.07256269029857
673,119.84411733917445,144.30136843504317,0.033534575,-0.07573696,-0.3917326,-1.5146782,106.74524,70.07256269029857
674,124.48317273022928,136.29611851701793,0.044424165,-0.06452727,-0.31396723,-1.4978516,104.39981,70.07256269029857
675,127.97122865645726,134.86637270311292,-0.015291765,-0.05669978,-0.44581297,-1.4928437,105.3195,70.07256269029857
676,126.59016116689995,142.86137073320234,-0.17445643,0.00012891213,-0.75812435,-1.357374,101.62438,70.07256269029857
679,120.85118094647204,152.90630166505008,-0.061116543,-0.010162065,-0.550129,-1.4832163,106.02068,70.07256269029857
680,118.88921592028302,157.11020485969402,-0.0057644625,-0.011590115,-0.36208105,-1.5092727,105.39689,70.07256269029857
681,129.79621024348342,156.34158846139798,-0.01751463,-0.031796873,-0.39178225,-1.5273095,104.20607,70.07256269029857
682,152.25101266807857,153.9298370755771,0.03753956,-0.042881574,-0.1658768,-1.5217742,99.24106,70.07256269029857
684,169.88219361587466,151.13329379143607,-0.26315844,-0.0150274085,-0.43143317,-1.7362808,119.7998,70.07256269029857
685,164.00453575976675,147.28706509861314,-0.2138565,-0.0023944557,-0.42697263,-1.6640618,118.50055,70.07256269029857
686,138.55863270829147,142.37137968257596,-0.25788173,-0.0056616813,-0.6001678,-1.5301758,109.63147,70.07256269029857
687,123.3830007856191,141.37507122631902,-0.23259231,-0.019587457,-0.69059795,-1.464685,106.50285,70.07256269029857
688,137.9290770627079,148.16274633903345,-0.21831268,-0.036061425,-0.7141993,-1.4482204,105.17973,70.07256269029857
689,166.01020373397083,157.1027259799003,-0.23603287,-0.03450098,-0.66141325,-1.4380674,104.08449,70.07256269029857
690,181.3600155021154,160.1655359601311,-0.13536295,-0.0016153213,-0.5021458,-1.4523199,104.53423,70.07256269029857
691,179.3872942377732,156.9715108644287,-0.09106771,-0.0011362559,-0.3322379,-1.4019046,99.41948,70.07256269029857
692,172.1321568412262,153.12194385849702,0.035494387,-0.030122539,-0.086724766,-1.5544361,107.27824,70.07256269029857
693,168.19222195574133,152.87098873544178,0.09705341,-0.01995612,-0.019256685,-1.5385908,107.89387,70.07256269029857
694,167.87661904499873,154.35643559775025,0.07054629,-0.035167098,-0.024958434,-1.516216,106.27254,70.07256269029857
695,167.5769064944058,152.11184943538913,0.06546471,-0.037933484,0.01670109,-1.5219566,106.164375,70.07256269029857
696,163.4466379854485,144.22064808488378,-0.095550016,-0.06778078,-0.2323345,-1.5828369,107.630875,70.07256269029857
697,156.38260068893774,135.12173346212776,-0.094786994,-0.07311822,-0.31647754,-1.581232,105.808266,70.07256269029857
698,151.87339425206721,131.42445571426632,-0.19693418,-0.070765354,-0.44524506,-1.563239,105.11571,70.07256269029857
700,153.8048885272382,136.1455855051441,-0.14090618,-0.080768675,-0.019275848,-1.7243223,115.04733,70.07256269029857
701,161.75942919637868,147.5489931062241,-0.10023092,-0.044291116,-0.15061988,-1.5736693,106.682625,70.07256269029857
702,171.07520363209278,160.06918260902899,-0.18234968,-0.06782781,-0.2427938,-1.6167514,108.38563,70.07256269029857
703,174.23080575354834,166.26298359987325,-0.12711433,-0.058400244,-0.2249203,-1.5650713,106.086136,70.07256269029857
704,168.49296712011187,163.78892385451726,-0.11128601,-0.06064575,-0.22388726,-1.5421013,104.194855,70.07256269029857
705,160.14522968499648,157.6487224771156,-0.040812884,-0.06928308,-0.13343276,-1.5858434,108.145424,70.07256269029857
706,155.45315007457086,153.1970552646186,-0.060811684,-0.0681011,-0.115608044,-1.5690612,108.28121,70.07256269029857
707,153.74660070126262,151.92445492808272,-0.078504,-0.078314334,-0.07078495,-1.5489473,106.45353,70.07256269029857
708,153.11726243396777,152.99917951693809,-0.052604858,-0.07340196,0.06182382,-1.5400901,105.53183,70.07256269029857
709,154.58487394628943,155.5167859531301,-0.12553777,-0.0872256,-0.14058042,-1.5809883,105.182,70.07256269029857
710,158.06991181607248,158.63147297699928,-0.13403028,-0.09305191,-0.17089567,-1.5862001,103.21779,70.07256269029857
711,160.94844018171145,160.1836712703339,-0.1674133,-0.09508641,-0.24448708,-1.6424992,105.699646,70.07256269029857
712,161.31846690206487,158.13772673911728,-0.12987722,-0.10278761,-0.17382059,-1.6820029,107.28324,70.07256269029857
713,159.24524632024912,154.97037040360502,-0.16135617,-0.10058238,-0.19144845,-1.6662576,106.21665,70.07256269029857
714,155.97760165809288,156.53407160214553,-0.17240952,-0.096056305,-0.20748232,-1.6742216,107.039734,70.07256269029857
715,154.01585054265533,163.14771598372042,-0.16276723,-0.10533602,-0.17521597,-1.675769,107.557304,70.07256269029857
716,157.18617395208003,168.52357756335633,-0.18019825,-0.09065353,-0.19349536,-1.6595551,108.1685,70.07256269029857
717,166.88865880606897,169.86446782465276,-0.19559453,-0.0700829,-0.2082105,-1.5944244,107.34466,70.07256269029857
718,177.6401988726373,169.1499057774585,-0.17416029,-0.08023647,-0.10531424,-1.6377535,109.07708,70.07256269029857
719,181.6122560852719,166.4877793519051,-0.11063273,-0.055148043,0.09904284,-1.6312062,111.44823,70.07256269029857
720,178.07066854537715,162.65677203977114,-0.08771425,-0.08045619,0.20900139,-1.6653823,114.73112,70.07256269029857
721,173.37428463367573,161.68028419889686,-0.08428414,-0.056660797,0.17088173,-1.5765759,108.38791,70.07256269029857
722,171.83726588368623,163.68120403458303,-0.117614895,-0.060610257,0.105976224,-1.5899155,109.89332,70.07256269029857
723,172.0439615980796,163.92747177116323,-0.17938296,-0.07836094,0.015746443,-1.6229634,110.568985,70.07256269029857
724,172.2342528102531,160.21462916473456,-0.14803989,-0.095667824,0.07318376,-1.6697413,112.42372,70.07256269029857
725,173.42781967684803,155.0723468384432,-0.17145313,-0.11060726,0.034241848,-1.730955,112.2457,70.07256269029857
726,176.45102090164167,153.51622544508768,-0.1905269,-0.10359156,-0.024369618,-1.6292819,109.10388,70.07256269029857
727,179.6067238690252,157.88487426705834,-0.18928656,-0.09297047,-0.0055972254,-1.6459414,109.86022,70.07256269029857
728,180.60887911206785,163.81520543079526,-0.20372471,-0.054385673,0.017310807,-1.5467491,105.23052,70.07256269029857
729,179.3054792733728,166.08603924938896,-0.20026673,-0.09356277,0.016687153,-1.6188382,107.50625,70.07256269029857
730,177.35065399281365,165.00548927426468,-0.2116772,-0.06557424,0.022162434,-1.5253551,107.331085,70.07256269029857
731,176.2059119997878,163.39316001426494,-0.23541968,-0.066502325,-0.025646545,-1.5268788,108.23551,70.07256269029857
732,175.8294915215635,161.61822492143958,-0.26281872,-0.07170628,-0.12328006,-1.5363797,107.81077,70.07256269029857
733,175.18313328240657,158.49952732512818,-0.26149303,-0.07707203,0.038689315,-1.619398,114.167534,70.07256269029857
734,174.61829036765073,155.54097407401008,-0.25672328,-0.06862219,0.041645586,-1.5867245,114.51966,70.07256269029857
735,175.61777099756958,156.3189278565981,-0.23765124,-0.06412551,0.09763352,-1.5503563,113.64449,70.07256269029857
736,177.43444906817055,161.5827889830587,-0.23885675,-0.078270346,0.1530936,-1.5442467,113.00135,70.07256269029857
737,177.89254030477065,168.3002968351019,-0.25165215,-0.07874114,0.16301635,-1.5241818,112.933754,70.07256269029857
738,176.60202990546023,172.17802867803803,-0.2489119,-0.079255916,0.19451272,-1.5134697,114.32132,70.07256269029857
739,174.1930067546703,170.7301027660409,-0.2830074,-0.07553858,0.063585036,-1.4806048,111.371216,70.07256269029857
740,170.81530015709416,165.77620831014153,-0.27246276,-0.0837833,0.09199448,-1.5578926,114.30776,70.07256269029857
741,167.59376205623278,160.1599541616634,-0.26594397,-0.08622893,0.095067464,-1.5404897,112.81572,70.07256269029857
742,166.78739268729973,154.83714196296702,-0.25552472,-0.08449384,0.13827045,-1.5297164,113.490616,70.07256269029857
743,168.34743641846535,152.17327455139338,-0.26333436,-0.084511265,0.15165117,-1.5288211,114.99671,70.07256269029857
744,170.2705600245677,153.2987103167267,-0.2576239,-0.09003293,0.19934344,-1.51793,115.59318,70.07256269029857
745,172.40487716530242,153.36705977019201,-0.25627384,-0.10709571,0.23041998,-1.5501927,117.79251,70.07256269029857
746,174.9752059332411,148.466506844351,-0.20298956,-0.106833965,0.2877667,-1.5303512,114.94917,70.07256269029857
747,176.13032055003336,141.34999999605984,-0.19817801,-0.09388592,0.30849543,-1.5657749,118.78975,70.07256269029857
748,174.37484126860474,136.4473993029885,-0.20991947,-0.091765836,0.27900591,-1.5752391,118.27139,70.07256269029857
749,170.30990201457456,137.74368529983266,-0.27648342,-0.08942626,0.2363116,-1.6425234,121.06972,70.07256269029857
750,164.57213005085237,148.46429307727453,-0.25622156,-0.10066948,0.17700158,-1.6392263,120.80677,70.07256269029857
751,158.19940334330525,163.0314145168924,-0.27927244,-0.11394569,0.16250418,-1.6445464,116.1155,70.07256269029857
752,154.87710443544967,168.6136271463718,-0.20985326,-0.10641957,0.22144839,-1.6180543,114.898186,70.07256269029857
753,156.5228583100856,162.33135687003687,-0.2556554,-0.117513634,0.091546774,-1.5080352,110.63892,70.07256269029857
754,159.5772594866964,155.86438973668945,-0.2910766,-0.1447877,0.047317717,-1.5881312,116.54989,70.07256269029857
755,159.78519207776577,159.22557439434541,-0.28024626,-0.14967743,0.12929015,-1.6447798,120.135185,70.07256269029857
756,156.69830800048044,167.84874714372913,-0.27451316,-0.15981968,0.16761015,-1.6590174,120.117775,70.07256269029857
757,153.94047468745148,170.1742938223412,-0.29274377,-0.16999654,0.20316899,-1.6788453,120.84039,70.07256269029857
758,155.66227923235851,163.71433621893664,-0.27929336,-0.15835722,0.21169461,-1.7604212,124.04472,70.07256269029857
759,161.02825543979978,155.25428913290597,-0.23325256,-0.14376664,0.33965734,-1.8035259,126.80273,70.07256269029857
760,164.57276475983298,148.50513263991024,-0.22436807,-0.13403028,0.3651314,-1.785137,126.40127,70.07256269029857
761,163.04821492676083,142.60746878460773,-0.1440053,-0.10543139,0.40386078,-1.7014276,119.77947,70.07256269029857
762,158.57957701392112,139.3983938282394,-0.15444195,-0.11530362,0.3775958,-1.7026263,118.59548,70.07256269029857
763,154.1334051388668,141.4209738009929,-0.06404494,-0.099218786,0.4467589,-1.5703182,107.503654,70.07256269029857
764,151.10229366695933,147.0206595822661,-0.05171641,-0.09565759,0.5386262,-1.462959,102.250275,70.07256269029857
765,152.26501799160675,154.0504705418863,-0.06770151,-0.09182594,0.25891653,-0.8882511,56.249428,70.07256269029857
766,160.04188746955305,162.29684439503174,-0.0077295015,-0.12130021,0.30559665,-0.73421335,37.57147,70.07256269029857
767,170.8944502712586,169.91320072040588,-0.074389264,-0.111333914,0.045728963,-0.5891772,30.573082,70.07256269029857
768,177.8678058722556,173.7022858453376,-0.13902825,-0.12655076,-0.1302326,-0.61112905,28.15196,70.07256269029857
769,178.60740056107178,173.54528375772344,-0.15917511,-0.13098125,-0.19581577,-0.54054904,24.600615,70.07256269029857
770,176.44480037471425,172.44844582019823,-0.21319279,-0.12037518,-0.37869155,-0.5326492,26.580849,70.07256269029857
771,174.75467280848895,172.6337565261731,-0.21625707,-0.115417294,-0.3549543,-0.55402863,28.686352,70.07256269029857
772,173.4820896491629,174.28309529634214,-0.24271192,-0.11570081,-0.3919974,-0.549072,29.066013,70.07256269029857
773,171.38372256922997,176.7088031820657,-0.2550422,-0.10464093,-0.43537807,-0.43812048,26.799732,70.07256269029857
774,169.92148329417492,178.73480284214315,-0.24261262,-0.107732646,-0.38056427,-0.5118813,31.680733,70.07256269029857
776,171.37892051285567,177.13255135794358,-0.31240982,0.0896819,-0.68146783,-0.46131378,45.75896,70.07256269029857
777,173.40050498024954,161.3452666780048,-0.3262766,0.04788258,-0.7162933,-0.4105912,38.2141,70.07256269029857
778,172.33527134969145,118.55594694427714,-0.3384675,0.06638539,-0.74758756,-0.4162468,40.151154,70.07256269029857
779,170.02444964622754,59.89636017031815,-0.33638227,0.07905972,-0.7246917,-0.30877504,37.259014,70.07256269029857
780,169.4266476298244,23.995010079796753,-0.30627084,0.07308664,-0.68507737,-0.3514763,40.680614,70.07256269029857
781,168.6502915417506,31.25763804119607,-0.30903548,0.08726218,-0.73250484,-0.35572952,42.56102,70.07256269029857
782,165.08298389179106,54.64235439661718,-0.32905692,0.10632768,-0.754568,-0.2375328,39.590633,70.07256269029857
783,160.01553677016602,61.63598184923529,-0.31510827,0.09399218,-0.7600833,-0.23536262,39.118362,70.07256269029857
784,155.9955148749228,62.701091847171554,-0.30731955,0.09519943,-0.78184336,-0.28954664,41.424187,70.07256269029857
785,153.21258648355425,73.05328211214005,-0.28775975,0.075620025,-0.74163496,-0.39670444,42.197666,70.07256269029857
786,150.29795492732288,66.68851670910489,-0.29732013,0.05193896,-0.75128245,-0.40167016,41.173428,70.07256269029857
787,147.51789887487175,28.853199071310993,-0.2934737,0.055778448,-0.7754378,-0.40025342,43.54433,70.07256269029857
788,147.8223854936872,-6.486484815425066,-0.29618257,0.06367214,-0.80929816,-0.4069155,45.68144,70.07256269029857
789,152.86322992067684,-10.49745240089512,-0.32560766,0.10943812,-0.92721266,-0.3614931,50.310257,70.07256269029857
790,159.89444729327937,4.925336988645433,-0.32172808,0.09999574,-0.9434103,-0.3424006,50.407448,70.07256269029857
791,165.22127251440557,15.85529380552909,-0.32166362,0.11438991,-0.9682625,-0.32263657,49.688705,70.07256269029857
792,166.98743823203716,17.42054301311857,-0.2923849,0.14313078,-1.004492,-0.34094036,55.32052,70.07256269029857
793,164.4287502170429,19.121843277153946,-0.2892649,0.13794208,-0.9993303,-0.34364358,58.676804,70.07256269029857
794,159.38306157612405,23.763674165680257,-0.30024853,0.15637869,-1.0185835,-0.23818214,56.591415,70.07256269029857
795,157.03890900659002,23.295539215434136,-0.26978174,0.14048068,-1.0495224,-0.34459996,62.888058,70.07256269029857
796,160.84270205827553,14.733411939857858,-0.25880677,0.11525398,-1.04735,-0.49369338,68.19688,70.07256269029857
797,166.90990834497813,14.426295601957044,-0.2293852,0.099896014,-1.0920129,-0.6357136,76.11527,70.07256269029857
798,167.679216353852,46.77389425925437,-0.23710075,0.10826049,-1.0676886,-0.55433476,75.04044,70.07256269029857
799,162.07096627644532,107.00824406692733,-0.24488078,0.10540744,-1.0905583,-0.5547054,75.50978,70.07256269029857
800,155.68612848430845,153.03296302043472,-0.23164637,0.09898404,-1.0928473,-0.65206933,80.913284,70.07256269029857
801,151.62245038971673,156.87113967543561,-0.24117717,0.097274214,-1.1076026,-0.62089044,79.82183,70.07256269029857
802,148.7577059109295,136.21571430624218,-0.25997394,0.09165478,-1.1325209,-0.52197826,76.77182,70.07256269029857
803,146.3396292230992,118.46753334972028,-0.24133395,0.0933633,-1.1837025,-0.65701544,82.18344,70.07256269029857
804,144.7647072342392,110.61878744190182,-0.21714899,0.07115296,-1.239274,-0.69906044,86.34625,70.07256269029857
805,144.62088971298726,112.69318289242497,-0.2368743,0.091961816,-1.2771795,-0.4955966,82.31702,70.07256269029857
806,147.229278604931,124.28015830760656,-0.23857976,0.11346532,-1.2766324,-0.457017,82.9922,70.07256269029857
807,152.8033167456701,134.44783276583183,-0.24630055,0.1382269,-1.3446597,-0.42263013,83.47588,70.07256269029857
808,157.76448274442888,130.54217833730792,-0.24845548,0.16664593,-1.4283098,-0.35253504,88.0903,70.07256269029857
809,158.97870569220288,115.70147495529169,-0.22098325,0.14317608,-1.4774357,-0.34284222,90.39818,70.07256269029857
810,159.31459039730044,108.27709739282285,-0.18776226,0.13736284,-1.4886755,-0.34612122,92.645454,70.07256269029857
811,163.6620075338171,121.5521855278839,-0.17693014,0.13560249,-1.4954433,-0.3345309,93.11014,70.07256269029857
812,170.9764304505018,142.13645073628982,-0.21300812,0.15603419,-1.3742782,-0.21551102,80.37822,70.07256269029857
813,174.8026771700863,144.17956581716302,-0.1834315,0.16842107,-1.3941637,-0.21175253,89.07988,70.07256269029857
814,172.73231374510368,131.3955673573364,-0.18574496,0.2067476,-1.3811401,-0.076724924,85.11898,70.07256269029857
815,170.02416774259848,133.49807623253977,-0.18864548,0.20034382,-1.5756581,-0.123761736,98.12119,70.07256269029857
816,170.93497956081183,155.2709533052558,-0.16550052,0.19716588,-1.4725736,-0.12891169,90.34368,70.07256269029857
817,173.00893552189603,169.12204742646085,-0.18378688,0.20513403,-1.5426565,-0.13722391,95.99758,70.07256269029857
818,172.2171611264369,158.20478592925218,-0.17277709,0.19583713,-1.4461101,-0.13353685,89.88937,70.07256269029857
819,168.58599837667427,136.86810907383258,-0.14843187,0.15290372,-1.5769159,-0.30107036,101.732864,70.07256269029857
820,165.54745733532036,127.867250567017,-0.17751548,0.14092143,-1.5893018,-0.28569454,101.60268,70.07256269029857
821,165.34622268803219,131.86110102792097,-0.17990209,0.13764374,-1.5640281,-0.288592,100.0174,70.07256269029857
822,165.48025678738549,132.60424848596685,-0.14020239,0.12933283,-1.5458184,-0.36585,103.82089,70.07256269029857
823,162.2587843286948,127.82981964413109,-0.09598901,0.10745827,-1.5270095,-0.47776228,109.25838,70.07256269029857
824,157.39402209404997,130.13738379063045,-0.12176795,0.13848951,-1.5545635,-0.46911037,109.21344,70.07256269029857
825,154.98407528823898,139.1228860873376,-0.14348964,0.1761693,-1.5692856,-0.36659646,108.76663,70.07256269029857
826,154.17352048170542,135.0659441474998,-0.15074357,0.21125606,-1.539432,-0.23805933,106.78575,70.07256269029857
827,150.85336583427744,106.2818213289468,-0.14463417,0.23018959,-1.5681115,-0.1646578,107.977776,70.07256269029857
828,144.07152085716115,74.5197435770565,-0.15353608,0.23543622,-1.585215,-0.15568317,108.47845,70.07256269029857
829,137.7873883273719,70.99444345690031,-0.1581717,0.24801038,-1.590901,-0.0953192,109.00525,70.07256269029857
830,136.24733577630386,90.48632670627345,-0.15855494,0.24805394,-1.5799296,-0.104566894,108.372055,70.07256269029857
831,138.9602977102573,105.42107399770255,-0.16830872,0.24389957,-1.5891869,-0.12121703,109.34546,70.07256269029857
832,142.41063839890526,107.92165624225896,-0.17671065,0.21366575,-1.6359924,-0.15940638,112.00965,70.07256269029857
833,145.09342497558495,106.72664540350513,-0.1478117,0.187818,-1.6202164,-0.2199402,108.560005,70.07256269029857
834,147.43661968336372,107.33743402873984,-0.15667352,0.23968858,-1.6231395,-0.13366054,109.25265,70.07256269029857
835,147.78668087953875,107.63981739243732,-0.14667413,0.17398347,-1.6234026,-0.35554966,111.254845,70.07256269029857
836,144.49247118824687,106.21376872988785,-0.13988534,0.07774446,-1.7166235,-0.57578385,117.43178,70.07256269029857
837,140.4306619056114,109.41061058546518,-0.1558896,0.13892286,-1.6442794,-0.36353046,108.25498,70.07256269029857
838,138.41809619384316,114.0306016476336,-0.18317194,0.12021143,-1.7613038,-0.41143262,111.24748,70.07256269029857
839,136.88757578707157,100.58706593841222,-0.18058498,0.076988846,-1.7931206,-0.55707675,115.1223,70.07256269029857
840,134.15702365008406,70.5739212641335,-0.16803521,0.11291788,-1.7716428,-0.51569206,115.103,70.07256269029857
841,131.61807877383183,58.832038827886905,-0.16416436,0.12026456,-1.6579354,-0.4562797,108.107285,70.07256269029857
842,131.66834387454017,78.01481308983672,-0.16554756,0.16232084,-1.6892993,-0.34420452,112.5641,70.07256269029857
843,133.60702040063157,92.23308184211551,-0.15088816,0.09214909,-1.7403363,-0.5572092,115.15516,70.07256269029857
844,133.0346567914865,79.66152131998628,-0.16154084,0.19704393,-1.7156479,-0.3788305,115.129265,70.07256269029857
845,128.32060816076833,64.94840387654337,-0.17720191,0.22522691,-1.7427787,-0.23720877,114.88297,70.07256269029857
846,124.32180832145075,64.23382881760968,-0.15754281,0.16354637,-1.7398276,-0.37502542,115.42492,70.07256269029857
847,125.52208208581203,66.0337274684965,-0.15082197,0.16314831,-1.7469248,-0.37573442,117.93731,70.07256269029857
848,128.97246980498957,66.91130443216164,-0.15767346,0.18104881,-1.8017386,-0.29689944,122.64235,70.07256269029857
849,128.54297682273898,74.24970266894465,-0.14888306,0.16967231,-1.8563659,-0.3289733,124.96138,70.07256269029857
850,124.03191948695512,89.14936224639165,-0.11850857,0.16683842,-1.8754572,-0.32856435,126.59882,70.07256269029857
851,121.22747680674293,104.82205548777105,-0.10393279,0.1984293,-1.761896,-0.2509318,118.71188,70.07256269029857
852,123.78028573707263,113.56747238631505,-0.099948704,0.13002792,-1.8440113,-0.3811605,121.561676,70.07256269029857
853,129.34136160226646,113.17833382389554,-0.13177781,0.10053535,-1.839738,-0.39668614,121.44176,70.07256269029857
854,133.8011268096587,107.22156085608366,-0.121132106,0.10778839,-1.8639492,-0.38437372,125.170586,70.07256269029857
855,135.1729382640413,101.55207015007966,-0.12038999,0.16242188,-1.8790406,-0.30682263,128.19325,70.07256269029857
856,133.33562100379854,100.4010102984418,-0.11944928,0.20558566,-1.8947068,-0.18117858,128.44229,70.07256269029857
857,130.46214790031954,104.64886076513946,-0.10756498,0.19755349,-1.8516363,-0.18056016,124.62832,70.07256269029857
858,130.62246034391956,111.71223514292244,-0.107634656,0.24930952,-1.8321114,-0.12778023,124.013954,70.07256269029857
859,134.92696756532808,116.25385351377177,-0.12398385,0.21708018,-1.9598249,-0.37316838,135.89027,70.07256269029857
860,139.06154602612355,114.80495056791638,-0.12862295,0.11979987,-2.0271616,-0.53276336,136.62563,70.07256269029857
861,138.77338773572424,109.92926545345392,-0.11464295,0.11292005,-2.023152,-0.561688,137.41972,70.07256269029857
862,135.59868685666464,107.26411784959397,-0.08611853,0.104633965,-1.9480364,-0.6155123,138.83418,70.07256269029857
863,134.6295305799249,109.47017883922483,-0.12697496,0.09310069,-2.0104012,-0.6244133,138.27966,70.07256269029857
864,138.2053745004746,114.27404855814441,-0.1023632,0.092960015,-2.0141754,-0.6065886,142.61803,70.07256269029857
865,144.40500924531634,117.77719993844613,-0.12488972,0.09121317,-2.0076602,-0.58844686,138.76662,70.07256269029857
866,151.11018017310465,120.04396485385836,-0.11860613,0.1356125,-1.9787977,-0.52408004,138.47365,70.07256269029857
867,157.28817744244233,124.21297705327989,-0.12775889,0.085484855,-2.0462987,-0.61157393,140.5753,70.07256269029857
868,160.312842628937,128.96113234441194,-0.14825766,0.090727136,-2.0359397,-0.56333643,136.56172,70.07256269029857
869,158.02423839465047,129.57436709397535,-0.1304312,0.09601079,-2.0651426,-0.5592147,141.60768,70.07256269029857
870,152.89765393776898,125.8737747433887,-0.11557146,0.097965814,-2.0938544,-0.5654491,144.9922,70.07256269029857
871,149.10336544123106,121.82074014079403,-0.1454965,0.08733971,-2.1434803,-0.5841888,143.70517,70.07256269029857
872,147.59864496295472,120.26634144809711,-0.10795171,0.08970063,-2.1096573,-0.57806724,147.92326,70.07256269029857
873,147.25457748310794,121.96415048606414,-0.035722595,0.08996978,-1.9495276,-0.56617725,142.45338,70.07256269029857
874,147.79568155760526,126.58433384150177,-0.070379056,0.08494743,-2.0373743,-0.58312833,145.72089,70.07256269029857
875,148.8727050723354,131.55482636791504,-0.07896042,0.08332122,-2.0697312,-0.6208665,148.21732,70.07256269029857
876,148.20391856107636,132.00534618356167,-0.0998529,0.0714931,-2.0938926,-0.6402582,147.87549,70.07256269029857
877,143.66389514972775,126.34552916697655,-0.080871455,0.036148965,-2.1267853,-0.7029378,153.42976,70.07256269029857
878,137.75352429467677,120.1436876868927,-0.06706392,0.02665084,-2.0409229,-0.7006736,145.59091,70.07256269029857
879,136.43640949389427,120.09209299617588,-0.08088713,0.050773956,-1.9725524,-0.6081987,142.92345,70.07256269029857
880,141.50908061392516,126.14024824714036,-0.067236386,0.034845036,-2.0579898,-0.7105179,151.25348,70.07256269029857
881,148.8676631981635,132.34982132275246,-0.059161957,0.038696285,-2.0397887,-0.7043005,151.32541,70.07256269029857
882,153.25766490590198,132.6007418033849,-0.054111738,0.025697064,-2.1724942,-0.74109447,158.77892,70.07256269029857
883,150.17196257948524,124.65042585553815,-0.0796224,0.015654985,-2.254539,-0.7398267,160.9496,70.07256269029857
884,139.02149877227973,112.90477387303692,-0.09793837,0.005892939,-2.3171902,-0.6973371,161.13095,70.07256269029857
885,126.65808637030474,106.15262134387545,-0.057169043,-0.009492027,-2.202273,-0.7035549,158.91573,70.07256269029857
886,121.65361562204848,108.72422756681195,-0.032602575,-0.015303089,-2.1051524,-0.690277,154.96222,70.07256269029857
887,124.80052820724802,116.2416331257237,-0.07659993,-0.020601552,-2.2531173,-0.70876276,161.0421,70.07256269029857
888,128.46430155540517,120.8440203104233,-0.07580469,-0.01964255,-2.2652743,-0.7004497,161.79637,70.07256269029857
889,125.95593460339298,118.58283677132277,-0.1460618,-0.01857946,-2.3940053,-0.6996958,160.63278,70.07256269029857
890,119.33914684429323,112.55823996062577,-0.13524799,-0.0021235659,-2.3602574,-0.69735754,157.18279,70.07256269029857
891,115.44084281630214,108.4804611526056,-0.13831748,-0.010646138,-2.3779655,-0.7045531,158.61754,70.07256269029857
892,116.84895213910151,108.89386793334153,-0.05449586,-0.009195877,-2.2392395,-0.6672936,162.26187,70.07256269029857
893,120.93665860717967,113.17990885620117,-0.07246168,-0.02921776,-2.276914,-0.6704145,163.25105,70.07256269029857
894,124.3478101005648,117.88648150791576,-0.06762138,-0.028898964,-2.342208,-0.7074358,171.6729,70.07256269029857
895,124.98712508837403,118.10649886843915,-0.11717677,-0.051968135,-2.432543,-0.7111416,169.74907,70.07256269029857
896,122.9041380722055,114.67404253817911,-0.090364784,-0.095991194,-2.3496404,-0.7567351,166.10876,70.07256269029857
897,120.14418447859957,114.48122752972074,-0.10159495,-0.088038705,-2.4212825,-0.771347,168.88213,70.07256269029857
898,118.33467572674108,119.15982863143341,-0.14093667,-0.08678835,-2.5015128,-0.77463776,170.32211,70.07256269029857
899,117.30504972161872,121.80132146217825,-0.092661686,-0.073539145,-2.4333785,-0.7746783,168.50778,70.07256269029857
900,116.27796163597522,117.36511434945919,-0.037821773,-0.048004087,-2.3171396,-0.688281,166.64618,70.07256269029857
901,115.46213974298914,109.72661753744215,-0.07605032,-0.046198446,-2.3876824,-0.66109014,167.16563,70.07256269029857
902,115.41501077093662,106.42435419119175,-0.051824417,-0.04755812,-2.37014,-0.6549616,170.98717,70.07256269029857
903,116.24108887564226,109.90965191807601,-0.013613295,-0.06022548,-2.3196867,-0.68848395,170.45581,70.07256269029857
904,118.3539268682495,116.40560196443609,-0.05892852,-0.05041553,-2.4403832,-0.69708186,172.806,70.07256269029857
905,122.02164030560499,120.42924472883202,0.0044178534,-0.03705048,-2.4060333,-0.6946822,178.62427,70.07256269029857
906,126.62653715229553,119.60416150551667,-0.0327881,-0.042770952,-2.4530897,-0.7098054,176.9026,70.07256269029857
907,129.772480765999,116.01204485269251,-0.057094134,-0.041735735,-2.486485,-0.74984527,186.2892,70.07256269029857
908,127.23300522344816,111.2239505671257,-0.0792496,-0.043662887,-2.5523903,-0.7472435,179.25008,70.07256269029857
909,117.17500138600342,104.02670799595778,-0.12396033,-0.07643313,-2.5102665,-0.8170346,174.47429,70.07256269029857
910,103.59758792027796,95.55220571028883,-0.1539742,-0.08174335,-2.5472426,-0.8204669,170.5857,70.07256269029857
911,94.05289124309459,90.93715714071702,-0.15373206,-0.08605015,-2.607693,-0.8130257,174.52827,70.07256269029857
912,92.56402509097279,92.79676906927455,-0.17739964,-0.09199971,-2.6961336,-0.7971181,177.54337,70.07256269029857
913,95.21289378058762,96.59362971869908,-0.099325925,-0.09354012,-2.5914073,-0.8051555,182.1063,70.07256269029857
914,96.12549124643591,96.07984901387715,-0.10892901,-0.08916756,-2.674525,-0.81603813,180.55681,70.07256269029857
915,94.57387520326965,91.14978731854987,-0.13907877,-0.06505446,-2.6621356,-0.8300813,181.56308,70.07256269029857
916,93.69057338329756,86.75168094887565,-0.093186915,-0.05108361,-2.6330059,-0.8050122,182.60689,70.07256269029857
917,95.48694987382278,84.6943388526793,-0.12952968,-0.014071891,-2.6137395,-0.7316473,181.19566,70.07256269029857
918,97.74586663299345,81.30781011668205,-0.14209513,-0.014903722,-2.7027855,-0.74252903,186.77066,70.07256269029857
919,96.10885870414765,75.57730778970867,-0.13998812,-0.04368379,-2.7470565,-0.78671455,185.63329,70.07256269029857
920,89.08147074873953,71.84522037077606,-0.1646983,-0.03173198,-2.771055,-0.7488954,187.9103,70.07256269029857
921,79.80673573655987,71.57672789247663,-0.15709424,-0.044128887,-2.7976449,-0.76149786,191.31331,70.07256269029857
922,73.57365849130537,71.53793977914658,-0.1039955,-0.046312116,-2.783245,-0.80140054,195.4608,70.07256269029857
923,72.7300831857017,70.21517555611587,-0.12088038,-0.081681944,-2.8025105,-0.8511166,193.02158,70.07256269029857
924,73.87894698101478,69.77020145064577,-0.0871054,-0.09203716,-2.7777863,-0.85767764,192.9899,70.07256269029857
925,72.48943320980678,71.97378022259956,-0.10451289,-0.0897015,-2.8360434,-0.8557853,196.24313,70.07256269029857
926,68.80562752666091,74.20350645330387,-0.137193,-0.09433537,-2.8520257,-0.8514794,197.86786,70.07256269029857
927,66.07190399870096,72.34457614436984,-0.1680326,-0.13519093,-2.9113715,-0.90794724,196.98628,70.07256269029857
928,66.1348932493176,67.71340480723075,-0.1518611,-0.11528577,-2.9331002,-0.92305654,199.41258,70.07256269029857
929,68.73288250540305,65.51024258630687,-0.11085049,-0.11814404,-2.9318485,-0.90973854,203.33844,70.07256269029857
930,71.29935748383186,66.45176649781685,-0.12236025,-0.117075294,-2.9196079,-0.9077478,201.06543,70.07256269029857
931,70.70862324900015,66.30986970831704,-0.0858067,-0.094052285,-2.9115658,-0.87918854,201.27847,70.07256269029857
932,67.33424938853571,62.996271162037075,-0.080871455,-0.1006525,-2.9479294,-0.85438514,205.10555,70.07256269029857
933,63.77127392106631,58.66322165429829,-0.105770655,-0.09815439,-3.0054703,-0.8542397,206.28458,70.07256269029857
934,60.969583869638825,55.992210106360666,-0.117310904,-0.09565803,-3.0331457,-0.86829764,207.40877,70.07256269029857
935,58.80100297502702,55.26174460765009,-0.14172843,-0.09249271,-3.0374954,-0.86337984,206.82166,70.07256269029857
936,56.658550930503964,54.4227863505318,-0.10691606,-0.10050007,-2.9724472,-0.8683621,203.27286,70.07256269029857
937,53.89497963891569,52.499811604395106,-0.11782917,-0.07880538,-3.0118906,-0.885453,204.02458,70.07256269029857
938,51.854754519088814,51.10128929878558,-0.11914268,-0.08629796,-2.9994001,-0.8883844,207.34013,70.07256269029857
939,51.57348194826622,50.00608060369777,-0.12258846,-0.11035401,-2.964783,-0.9211655,205.58969,70.07256269029857
940,50.504792622214836,46.19592666020625,-0.12660651,-0.11498265,-2.982261,-0.920298,205.00499,70.07256269029857
941,45.724618838562314,39.631294874023716,-0.11190705,-0.13554849,-2.964822,-0.9584852,204.39894,70.07256269029857
942,39.08573151462086,34.582768048211996,-0.122896805,-0.15185544,-2.9405649,-0.96324015,203.58363,70.07256269029857
943,36.0461800196652,34.191713402755255,-0.14531969,-0.15704763,-3.0303304,-0.95356166,206.88515,70.07256269029857
944,39.23112851621233,37.348341896983904,-0.065322734,-0.15733115,-2.9256678,-0.95097166,210.37704,70.07256269029857
945,46.096058388492025,41.10902601525169,-0.091381274,-0.15706941,-2.94925,-0.916307,211.06197,70.07256269029857
946,52.46565548300932,43.608139938656294,-0.11533106,-0.15859719,-2.9901826,-0.92185324,210.76718,70.07256269029857
947,55.69725735602107,44.50071093577554,-0.105583385,-0.1580258,-3.001558,-0.8973329,212.06107,70.07256269029857
948,55.446691683199184,44.305929612978645,-0.09696544,-0.15875266,-3.0186045,-0.937236,210.21762,70.07256269029857
949,53.237170326878385,43.76684284840649,-0.08123206,-0.16008578,-2.994776,-0.9536366,211.54108,70.07256269029857
950,51.6897063260839,43.63128947960026,-0.14004038,-0.16250332,-3.141211,-0.92503595,217.64262,70.07256269029857
951,51.955836667664244,44.03265696588689,-0.107808866,-0.15961151,-3.1367564,-0.93441564,218.03488,70.07256269029857
952,51.7778830996218,43.64611850012028,-0.14890918,-0.14980939,-3.1872952,-0.9301297,221.5798,70.07256269029857
953,49.023131246273124,41.245628948698496,-0.098464474,-0.17478742,-3.0652082,-0.98528147,215.55164,70.07256269029857
954,44.95709186377965,38.091745544748136,-0.13130571,-0.18116422,-3.1641164,-1.0472887,214.59955,70.07256269029857
955,42.23440834153131,37.09327253572059,-0.17159162,-0.121462226,-3.146502,-1.087419,213.83182,70.07256269029857
956,41.97867757542456,39.35603667353828,-0.13533683,-0.11249238,-3.063801,-1.0586973,212.25443,70.07256269029857
957,43.13531735003961,42.36150673315148,-0.17162558,-0.1359927,-3.0765724,-0.99385023,210.4898,70.07256269029857
958,43.97702227750166,43.0375267781127,-0.15824747,-0.14880988,-3.0912936,-0.9338347,210.93488,70.07256269029857
959,43.892984909517224,41.68324632206691,-0.15362145,-0.15205228,-3.107713,-0.9066303,212.39755,70.07256269029857
960,43.59659772105937,40.55784685023584,-0.16135791,-0.15966028,-3.0658753,-0.94286805,210.7261,70.07256269029857
961,43.92078531678593,40.49201780540587,-0.16382815,-0.15731722,-3.0790584,-0.89572024,212.17398,70.07256269029857
962,44.65815157119436,41.07737185641228,-0.13551104,-0.15461616,-3.0856564,-0.8896439,212.12262,70.07256269029857
963,45.11647733250984,42.141749427529184,-0.11737623,-0.15307966,-3.0592341,-0.8750394,210.27184,70.07256269029857
964,45.344961563471145,43.48835793493587,-0.13543002,-0.15163681,-3.106835,-0.87676054,212.8984,70.07256269029857
965,45.651850785198384,44.49280364098121,-0.15421462,-0.13831793,-3.1517951,-0.90106875,214.69666,70.07256269029857
966,45.3262055225346,44.622145197870516,-0.20512271,-0.13481857,-3.2458353,-0.9394493,216.95033,70.07256269029857
967,43.3261672155741,43.853892704214445,-0.17679253,-0.13437913,-3.2833405,-0.92712253,220.63733,70.07256269029857
968,40.465625628969754,42.63229441749551,-0.15655681,-0.1497445,-3.258792,-0.9150627,220.4822,70.07256269029857
969,38.95380314625179,41.59289980027181,-0.15833022,-0.15447113,-3.372353,-0.9268098,224.02055,70.07256269029857
970,39.327650900640265,41.20206772673437,-0.15786684,-0.16744815,-3.3012323,-0.921875,219.921,70.07256269029857
971,40.14887729795884,41.51822967719268,-0.15669268,-0.16941798,-3.3326285,-0.93153775,220.5426,70.07256269029857
972,40.418567167539074,42.22615423816895,-0.15520671,-0.1733524,-3.3719928,-0.939836,222.64969,70.07256269029857
973,40.154059650053696,42.8904047896113,-0.19211653,-0.15597583,-3.2610126,-0.8570727,217.95312,70.07256269029857
974,39.573982456145735,43.20850960403038,-0.16261394,-0.16115105,-3.2250252,-0.8401373,218.8289,70.07256269029857
975,39.13054156190125,43.15400495504698,-0.15559869,-0.17261943,-3.2822835,-0.8705449,220.99214,70.07256269029857
976,39.285976644984785,42.98745697253508,-0.20086905,-0.17916696,-3.3350568,-0.8870561,221.44138,70.07256269029857
977,39.712957225569355,43.01520929658433,-0.1642641,-0.1663759,-3.5098543,-0.9077565,228.28642,70.07256269029857
978,39.45426552478323,43.14783517795165,-0.1447496,-0.1597426,-3.420997,-0.9601188,227.15842,70.07256269029857
979,38.07629765413152,42.91491537872279,-0.15334882,-0.16083138,-3.37025,-0.9683322,227.05264,70.07256269029857
980,36.447624406593185,42.213058832398026,-0.1451176,-0.16220586,-3.3436728,-0.98180217,226.72267,70.07256269029857
981,35.84504483862177,41.57593579297033,-0.13595961,-0.17072539,-3.288382,-0.99961466,222.5422,70.07256269029857
982,36.415896561576105,41.43835546669728,-0.13138628,-0.17287725,-3.2459474,-0.9289186,222.57945,70.07256269029857
983,37.40273383652029,41.67715621099299,-0.13023086,-0.17626555,-3.3464525,-0.9297082,226.22563,70.07256269029857
984,38.220189889748134,41.9636436770155,-0.16405897,-0.17666231,-3.3949442,-0.93605185,228.9223,70.07256269029857
985,38.575852495478784,42.16310279573963,-0.12865953,-0.17763743,-3.3273592,-0.9330333,228.91295,70.07256269029857
986,38.466555071806674,42.318916776892884,-0.1269275,-0.16935351,-3.3556626,-0.9133019,229.34818,70.07256269029857
987,38.26120170531824,42.52332281863333,-0.122598045,-0.17045797,-3.412014,-0.9205341,232.55165,70.07256269029857
988,38.600783283527186,42.949372575407374,-0.13237576,-0.15794784,-3.3238015,-0.8886614,227.80556,70.07256269029857
989,40.22272096741959,43.7144036671764,-0.11789275,-0.16526012,-3.2278316,-0.8513679,223.5855,70.07256269029857
990,42.71003942669384,44.5914420822173,-0.12532437,-0.15963677,-3.3010585,-0.8325219,224.94128,70.07256269029857
991,44.042686371776114,45.19176993314078,-0.10346548,-0.16374975,-3.3073742,-0.8659537,225.2581,70.07256269029857
992,43.113632713863744,45.42002423114789,-0.10441839,-0.16618341,-3.3915222,-0.8992413,227.95181,70.07256269029857
993,41.18750458291557,45.384672620983444,-0.14188783,-0.16686237,-3.3795538,-0.8970333,226.69948,70.07256269029857
994,40.122716738536965,45.09364372413983,-0.087843165,-0.17196137,-3.2726169,-0.9346042,224.41978,70.07256269029857
995,40.796063696901314,44.707858643531566,-0.12758642,-0.17505875,-3.2653024,-0.9750434,224.11243,70.07256269029857
996,42.8558348276713,44.69207331907802,-0.122183435,-0.17481224,-3.3251708,-0.99039966,227.98059,70.07256269029857
997,45.24684891044278,45.25176527766231,-0.11808046,-0.17628036,-3.24735,-0.9904737,227.1095,70.07256269029857
998,47.26174212004859,46.075338375010894,-0.11111964,-0.17748761,-3.2596886,-1.01319,226.54442,70.07256269029857
999,48.656082059154194,46.86835652817416,-0.13281433,-0.16693336,-3.1940222,-1.0358839,222.23904,70.07256269029857
1000,49.263231850363766,47.55399368002744,-0.10740471,-0.18178047,-3.1544952,-1.0709915,224.69504,70.07256269029857
1001,49.27702907777168,47.9185488371336,-0.12210505,-0.19563766,-3.1659327,-1.0938364,221.98796,70.07256269029857
1002,48.88221973838146,47.76044724376948,-0.099526696,-0.19079691,-3.2050595,-1.1159884,225.11316,70.07256269029857
1003,47.51490110538063,47.19806731177709,-0.07957624,-0.19106519,-3.1501055,-1.0904185,223.42,70.07256269029857
1004,45.044886818318034,46.46083459039971,-0.07342983,-0.18912977,-3.1199257,-1.0924854,221.50505,70.07256269029857
1005,43.07019511320345,45.92499060766949,-0.074599184,-0.18342018,-3.1454682,-1.044571,222.33165,70.07256269029857
1006,43.29093796169602,46.20085862773067,-0.085373364,-0.15827273,-3.1577802,-1.0506988,224.30602,70.07256269029857
1007,45.490248931912866,47.45003490895685,-0.10030844,-0.14170317,-3.1181955,-1.0510228,223.04953,70.07256269029857
1008,48.203186172572444,48.980333296613296,-0.09890434,-0.14615412,-3.1306183,-1.0348591,222.46915,70.07256269029857
1009,50.282596695979485,49.995493571819814,-0.08755572,-0.14184427,-3.120263,-1.0208342,222.86237,70.07256269029857
1010,51.31121031196218,50.431796190713754,-0.06281722,-0.1138686,-3.0156412,-0.99326795,217.64783,70.07256269029857
1011,51.57078621423939,50.8571339042217,-0.044657163,-0.11669727,-3.0535843,-0.99002117,221.1913,70.07256269029857
1012,51.952586594668865,51.56385284678798,-0.041799758,-0.12011779,-3.068289,-0.98011583,221.53062,70.07256269029857
1013,53.088065299948454,52.03634341818809,-0.031362664,-0.12511618,-2.9808025,-0.9649251,216.81705,70.07256269029857
1014,54.542297459290374,51.72411231148462,-0.07140469,-0.115487844,-3.0118725,-0.93510854,214.41074,70.07256269029857
1015,55.600298514073444,51.1877260380947,-0.008079655,-0.12055505,-2.9057496,-0.9976688,209.74614,70.07256269029857
1016,56.35978481505693,51.795584542769156,-0.031052144,-0.11514161,-2.8372574,-0.99826634,205.32878,70.07256269029857
1017,57.19041367779779,53.844715680265566,-0.016495962,-0.11659623,-2.8064654,-0.98139495,207.40488,70.07256269029857
1018,57.94030832361588,55.84357693222875,-0.021962969,-0.1263635,-2.8597853,-0.93626523,206.99826,70.07256269029857
1019,58.56876770349892,56.61837300569309,-0.016694121,-0.1344976,-2.745388,-0.91478527,201.41487,70.07256269029857
1020,59.720461285233014,57.00623911846855,-0.02576936,-0.15607557,-2.7449691,-0.9164193,201.1725,70.07256269029857
1021,62.33724401219467,57.936826985748425,0.0065575335,-0.15260452,-2.5223603,-0.872722,188.19173,70.07256269029857
1022,67.18594233923056,58.3727603655475,0.04307407,-0.11842103,-2.480377,-0.825322,185.51398,70.07256269029857
1023,73.25321441804985,57.310872464806394,0.06273709,-0.12926011,-2.4635692,-0.91937035,188.3541,70.07256269029857
1024,77.17516395489329,55.93762479495102,0.01042751,-0.07708815,-2.485919,-0.88579226,183.2911,70.07256269029857
1025,77.05500166822905,55.74978652513805,0.020475252,-0.052482914,-2.476625,-0.90144765,183.08408,70.07256269029857
1026,74.95520667964557,56.461248559966975,0.042659026,-0.04410101,-2.4110703,-0.88364995,180.43188,70.07256269029857
1027,73.94545447199673,57.10699373813089,0.04628337,-0.037000827,-2.3864937,-0.8933658,182.11884,70.07256269029857
1028,74.79025136979892,57.70244601962938,0.023344418,-0.022429403,-2.4454482,-0.922277,185.73425,70.07256269029857
1029,76.09050556207045,58.81954125943156,0.023191988,-0.011357333,-2.4490137,-0.91120493,186.94397,70.07256269029857
1030,76.53755930915374,60.180739421478954,0.01442248,-0.002826921,-2.456192,-0.8905916,187.24303,70.07256269029857
1031,76.45738053823133,60.913329129702284,0.030742494,0.018410046,-2.3798075,-0.8401817,185.1819,70.07256269029857
1032,77.26384728998713,61.20407098616018,0.04558263,0.016620954,-2.3885124,-0.82334566,184.283,70.07256269029857
1033,79.31322262414544,62.08578006224922,0.08002917,0.0062295916,-2.3210578,-0.8375199,181.5755,70.07256269029857
1034,81.29386280063433,63.63017949695032,0.07446265,0.008813496,-2.3309438,-0.894057,181.35672,70.07256269029857
1035,82.577245650665,64.81979906129236,0.07653286,0.0043002646,-2.2356937,-0.8916386,177.629,70.07256269029857
1036,83.98045848050917,64.87577748850022,0.06727863,-0.0031587826,-2.2641604,-0.90869856,179.22748,70.07256269029857
1037,85.75435566325392,64.12790020420336,0.0950213,-0.0062409146,-2.3054023,-0.9657552,180.97989,70.07256269029857
1038,87.1828200954362,63.86139016778369,0.09421517,-0.036649805,-2.3740544,-0.9054448,181.82745,70.07256269029857
1039,87.93044626593081,64.94356064966564,0.07846611,-0.029246503,-2.36007,-0.9329745,181.51714,70.07256269029857
1040,87.87075734167185,66.72552759630163,0.054515023,-0.0006175588,-2.3665087,-0.92193466,180.66393,70.07256269029857
1041,86.34546589509709,68.49481984817261,0.07658317,-0.0084942635,-2.3315775,-0.9222783,178.64609,70.07256269029857
1042,83.59521082676143,72.82256857724842,0.061475407,-0.034338534,-1.9203784,-0.8692353,156.35234,70.07256269029857
1043,81.2999911030877,84.46566497128698,0.046407275,-0.07893734,-1.8693267,-0.89303875,150.92766,70.07256269029857
1044,80.28894400468604,102.30190524743922,0.06667936,-0.084534995,-1.8384267,-0.85752475,152.50848,70.07256269029857
1045,81.03966070295577,118.92010191045881,0.028016394,0.13743643,-1.5417159,-0.07560043,116.472244,70.07256269029857
1047,86.13463351822915,127.60221888712844,0.04956802,-0.009259462,-0.37631887,-1.0470887,80.84752,70.07256269029857
1050,97.92288702024412,124.00377285855532,-0.07096068,-0.31259885,-1.2494814,-0.63118684,85.80879,70.07256269029857
1051,114.26389419742073,116.37899393836526,-0.014079077,-0.24295537,-1.2651985,-0.50621486,85.23971,70.07256269029857
1052,128.01908689336955,125.80100047534677,-0.030812176,-0.26063246,-1.2174128,-0.520798,84.06682,70.07256269029857
1053,133.1981777375476,155.0103931947064,-0.038239866,-0.25977013,-1.2810503,-0.52817434,86.66341,70.07256269029857
1054,132.06461099062318,180.87802231535107,0.04390024,-0.105204925,-1.2527876,-0.11264786,89.11748,70.07256269029857
1055,129.88633223886313,186.34931950054158,0.088981375,-0.049038433,-1.2261355,-0.04988159,88.95199,70.07256269029857
1056,128.09002212522654,177.274565930452,0.1434548,0.10913849,-1.2456865,0.47325775,98.34091,70.07256269029857
1057,127.99844815056898,169.57241959022792,0.114514686,0.18375291,-1.5093262,0.55837286,111.39322,70.07256269029857
1058,130.68330906401596,171.2408181297525,0.13967346,0.105312936,-1.468179,0.42718998,111.30011,70.07256269029857
1059,134.6820010602596,176.88765713759068,0.08123184,-0.03912483,-1.3673152,0.26473108,103.06406,70.07256269029857
1060,139.63981061568708,177.43675508165305,0.08080264,-0.019087706,-1.3789219,0.40943232,108.27636,70.07256269029857
1061,144.5849916616385,172.3084363960144,0.10335682,-0.005824999,-1.3476559,0.4341081,106.23393,70.07256269029857
1062,145.99297707568945,167.88736532722226,0.024681011,-0.100537956,-1.3238472,0.17396082,100.7157,70.07256269029857
1063,145.2348418107534,167.02600672382698,0.027432587,-0.1267411,-1.2451259,0.1630416,93.27832,70.07256269029857
1064,147.95213899739124,167.30024467473658,-0.053471312,-0.16114321,-1.3677546,0.1760857,100.95464,70.07256269029857
1065,153.31162903373834,164.91159642678872,-0.04701155,-0.15532213,-1.3130083,0.1988622,99.39944,70.07256269029857
1066,154.45249224421804,158.0558506604423,0.037384517,0.02710726,-1.3434777,0.6918618,106.58391,70.07256269029857
1067,146.86567261833565,153.28457019702654,0.05848517,0.015651064,-1.3039374,0.65851146,102.50679,70.07256269029857
1068,134.00212137618922,159.8768165264842,0.119968414,0.02433739,-1.247361,0.5542925,99.72315,70.07256269029857
1069,127.51534145386034,173.75545068947685,0.12875447,0.062043753,-1.2662966,0.6074361,102.87547,70.07256269029857
1070,135.11255787959956,181.71700909077063,0.16094352,0.059061788,-1.0727869,0.553665,93.05675,70.07256269029857
1071,149.60257694418792,178.94907256550482,0.15080062,0.114129044,-1.1885892,0.7180845,98.41702,70.07256269029857
1072,156.66367830991837,171.47393643533852,0.14155465,0.0650366,-1.2862009,0.7191163,105.62015,70.07256269029857
1073,149.68954840958023,167.40134469448896,0.08223483,0.03962306,-1.3047048,0.67311335,108.38213,70.07256269029857
1074,136.15035850641615,169.86439468235665,0.09577322,0.054172274,-1.3061893,0.68153316,110.15137,70.07256269029857
1075,130.47889423602584,173.46068755633257,-0.010891332,-0.12584959,-1.4527323,0.21658544,105.6884,70.07256269029857
1076,138.74718860569345,169.70840973704767,0.06301495,-0.012710039,-1.4754385,0.48026344,109.09355,70.07256269029857
1077,153.27924360593593,161.5597790877511,0.07752301,0.03914225,-1.4951148,0.55380476,110.79663,70.07256269029857
1078,162.5101030346512,161.59716599616794,0.059909515,0.024338696,-1.5485382,0.5130964,113.02388,70.07256269029857
1079,162.1102268143523,170.8687897158265,0.0930837,0.08316444,-1.5238426,0.6399877,112.01977,70.07256269029857
1080,156.72495744809228,177.78472968307827,0.06064684,0.06266262,-1.5335903,0.5988452,112.65888,70.07256269029857
1081,152.97728835741574,177.00804732218063,0.08031182,0.10634379,-1.5276378,0.6371652,113.17764,70.07256269029857
1082,153.76213912132462,173.66801375479875,0.1067142,0.113460094,-1.4549075,0.7441,111.34986,70.07256269029857
1083,158.18366077038436,173.5505207764992,0.0857135,0.079694696,-1.5049351,0.50646526,113.22091,70.07256269029857
1084,162.6993009666927,176.40467418662166,0.109384336,0.12412757,-1.4519811,0.63151,111.559715,70.07256269029857
1085,164.29393298881735,177.58082414817733,0.14104751,0.13332127,-1.3919653,0.87927693,113.97782,70.07256269029857
1086,163.62503904259586,174.9383911818937,0.16688415,0.10940676,-1.3155107,0.7648631,110.819496,70.07256269029857
1087,163.00809191224656,171.8872946454874,0.20010734,0.13967542,-1.1153468,0.9507422,102.28403,70.07256269029857
1088,163.687701471511,171.85676121447477,0.20398362,0.15196475,-1.1765178,0.93964005,105.12465,70.07256269029857
1089,165.8481357250771,172.79228108501218,0.17513518,0.12702896,-1.1694558,0.8704543,102.13658,70.07256269029857
1090,168.55405980601725,171.38385612404093,0.17693385,0.10340451,-1.2206295,0.7518621,104.4896,70.07256269029857
1091,170.02254909443022,169.33197543487026,0.20857199,0.11822331,-1.0998147,0.8798505,99.59912,70.07256269029857
1092,169.48145186113103,170.108326057474,0.19300933,0.11058657,-1.1543959,0.82140714,102.7387,70.07256269029857
1093,168.2001242375524,173.1475064207583,0.20036124,0.1145663,-1.1179482,0.83322656,101.77007,70.07256269029857
1094,167.7232698505978,175.19990487905196,0.20458572,0.10304042,-1.1211892,0.8491899,103.20598,70.07256269029857
1095,167.9242148223552,174.77060352966083,0.21504894,0.118818656,-1.0515491,0.91276103,98.13469,70.07256269029857
1096,167.91850809511908,173.08488860019787,0.19392522,0.11035139,-1.1076417,0.8652386,100.89963,70.07256269029857
1097,167.69643683730249,171.42124028866772,0.18619484,0.1303981,-1.0597357,0.94311285,98.126724,70.07256269029857
1098,167.86855811309826,169.41288435404275,0.19329764,0.12868522,-1.0590827,0.9337458,96.53133,70.07256269029857
1099,168.61229621358058,167.04809276739374,0.21081662,0.118444115,-1.0660732,0.8327401,97.35525,70.07256269029857
1100,169.3375056540893,166.112551697317,0.20955057,0.12840867,-0.962174,0.85060316,93.40918,70.07256269029857
1101,169.44650166745413,167.78826753527008,0.20549072,0.1192938,-0.9319014,0.8673778,92.83693,70.07256269029857
1102,169.29729506846135,170.74337934516015,0.20996346,0.15264416,-0.91280216,0.90412784,92.575615,70.07256269029857
1103,169.6557668669331,173.20293988941424,0.20899661,0.1391872,-0.9493015,0.8623603,93.67785,70.07256269029857
1104,170.31928405302895,175.2338176327477,0.17369734,0.15259188,-0.9980172,0.8717852,93.129265,70.07256269029857
1105,170.57821878329997,177.38321090439592,0.2134162,0.15111594,-0.9283685,0.89971346,91.25319,70.07256269029857
1106,170.73876177966213,178.44841496202005,0.2180296,0.14832385,-0.90428156,0.90400106,87.79929,70.07256269029857
1107,171.5131192186943,176.81314731106977,0.20378481,0.12861685,-0.8923154,0.9200328,89.19254,70.07256269029857
1108,172.31177217374648,173.48796505182395,0.17135252,0.08944455,-0.895727,0.874529,86.68206,70.07256269029857
1109,171.73652741273585,171.41838641508815,0.17478263,0.079628065,-0.8824932,0.8582965,87.80391,70.07256269029857
1110,169.6408984473582,171.64820032741773,0.20935851,0.08535289,-0.8386361,0.8369737,85.89914,70.07256269029857
1111,167.75493072126406,172.25746581556825,0.19503273,0.0913534,-0.8470337,0.84527594,84.54386,70.07256269029857
1112,167.8260216854894,171.33026926212017,0.18993591,0.09433014,-0.8309227,0.8718292,84.19504,70.07256269029857
1113,169.4180099068593,169.80065395821805,0.18070823,0.08636459,-0.753031,0.82560724,81.880615,70.07256269029857
1114,170.4405490065134,170.41537686076904,0.16496049,0.08159223,-0.8047087,0.85914487,83.07467,70.07256269029857
1115,169.6746647559642,173.16026608334263,0.17983241,0.086250484,-0.819983,0.8501833,83.13502,70.07256269029857
1116,167.66797033264152,174.53442857831317,0.19284993,0.07232667,-0.8144646,0.76495975,83.538315,70.07256269029857
1117,165.45283230363754,172.95892351689238,0.21586858,0.10602195,-0.7149449,0.8192762,78.76217,70.07256269029857
1118,163.48392877012313,170.91188319162154,0.1688714,0.091627344,-0.84570754,0.84163463,83.70725,70.07256269029857
1119,161.97747535941028,171.19084414712756,0.18153745,0.08739023,-0.7681364,0.8593012,82.08996,70.07256269029857
1120,161.55532728784823,173.58224722800267,0.16085708,0.07860983,-0.7916964,0.83426225,81.59794,70.07256269029857
1121,162.6210216414651,175.58046478756125,0.17661701,0.076538965,-0.7444057,0.8176757,78.86888,70.07256269029857
1122,164.40509720886342,175.55070130197888,0.20271954,0.08081571,-0.7754313,0.82019776,81.03343,70.07256269029857
1123,165.67657687235848,173.7297340143055,0.21042378,0.121694356,-0.77450013,0.8523661,82.75313,70.07256269029857
1124,166.10164745646378,171.5584290294519,0.20363848,0.111780316,-0.86146486,0.8535028,86.19628,70.07256269029857
1125,166.12729387182452,170.88213772344653,0.16693336,0.097975396,-0.9157939,0.80333334,86.72293,70.07256269029857
1126,165.9341608459244,172.05682350736055,0.17489499,0.087972075,-0.77234346,0.8035803,80.96557,70.07256269029857
1127,165.40003870463357,173.68647112806022,0.19541685,0.09966911,-0.80009353,0.8195867,79.115105,70.07256269029857
1128,164.91351793741447,174.53065068367943,0.19910304,0.11406894,-0.79178697,0.8095307,78.65379,70.07256269029857
1129,165.23720324891752,174.21361040134101,0.20493414,0.113053754,-0.873364,0.8117405,83.42484,70.07256269029857
1130,166.25003118729342,172.64988243818573,0.21931525,0.10497149,-0.8468756,0.8041177,83.21811,70.07256269029857
1131,166.7541310552798,170.08528143243862,0.19115403,0.096263826,-0.887665,0.8056137,83.64008,70.07256269029857
1132,166.34968329252365,167.8516815817135,0.17022803,0.07350038,-0.92331916,0.6972295,87.93105,70.07256269029857
1133,166.22269593230652,168.39773599108753,0.1646848,0.06855251,-0.9617158,0.7008334,88.04371,70.07256269029857
1134,167.1849583357178,172.6259197362229,0.16288134,0.068919644,-0.83382106,0.7117883,81.22549,70.07256269029857
1135,168.27692443138415,177.49707035577626,0.121096395,0.034460913,-0.95454985,0.5843334,87.482086,70.07256269029857
1136,167.81405937831752,179.46642833537985,0.12637046,0.03824814,-0.9918068,0.6078172,89.5929,70.07256269029857
1137,165.40281828461696,178.35310410003217,0.067726776,-0.017940996,-1.0761597,0.46523166,88.30121,70.07256269029857
1138,161.96575622728108,174.69322957257748,0.012321125,-0.100627676,-1.1320666,0.2986001,87.96528,70.07256269029857
1139,158.0525222306324,168.27109490379945,-0.07983972,-0.19202332,-1.2263436,0.14788398,90.19385,70.07256269029857
1140,154.8833142567134,162.31489697862995,-0.096806906,-0.21142633,-1.2655282,0.14617634,91.15583,70.07256269029857
1141,154.61959456230642,161.8784898358799,-0.09179371,-0.20145611,-1.2347451,0.15912895,88.431046,70.07256269029857
1142,156.5027675815305,166.31616738702084,-0.08595913,-0.19284949,-1.1690061,0.1550913,85.63406,70.07256269029857
1143,157.1401080364805,170.42441102850376,-0.079476506,-0.1862066,-1.1440172,0.18106535,84.68362,70.07256269029857
1144,155.27692213001677,171.09402157991482,-0.07758376,-0.18884842,-1.1157597,0.16364524,83.2652,70.07256269029857
1145,152.59298877718706,168.4674286359902,-0.07013473,-0.18866508,-1.1309713,0.16653052,82.833725,70.07256269029857
1146,151.20978691212875,164.1329453948302,-0.05663162,-0.18373245,-1.1336436,0.16069332,81.94123,70.07256269029857
1147,152.14596897578494,160.53969813363867,-0.06471519,-0.1804761,-1.0479097,0.17205414,78.91233,70.07256269029857
1148,154.81471370035842,160.87758484116281,0.09233854,-0.013616343,-0.93797857,0.5103984,79.328415,70.07256269029857
1149,157.73987322260209,165.98331908690062,0.097462796,0.013891153,-0.84767824,0.5949077,75.53692,70.07256269029857
1150,160.09409988267953,171.75272153622947,0.1072183,0.0050772214,-0.84810066,0.5166955,73.48656,70.07256269029857
1151,161.71151490416594,174.3455054155029,0.12430918,0.017684478,-0.78365594,0.53757274,70.885155,70.07256269029857
1152,162.2972116623898,175.0573586044128,0.13463174,0.022616675,-0.7549294,0.543254,69.82684,70.07256269029857
1153,162.16698876831384,176.3386964851464,0.14154856,0.0636987,-0.6733359,0.69408685,67.49699,70.07256269029857
1154,162.62953087476302,177.43434178605654,0.13095556,0.051775638,-0.66206217,0.64029956,64.75122,70.07256269029857
1155,164.11328872545548,176.7301571327978,0.13127479,0.04269169,-0.5887726,0.64852774,62.083683,70.07256269029857
1156,165.09909452136992,175.00928573949895,0.14092143,0.045486383,-0.50956523,0.6393057,58.43504,70.07256269029857
1157,164.20288954499986,174.42898321712255,0.13433732,0.038458057,-0.54267347,0.6303916,58.807064,70.07256269029857
1158,162.27272699374205,175.88139768847057,0.1201387,0.014728646,-0.5794992,0.621221,60.59507,70.07256269029857
1159,161.29191768461266,178.115892118777,0.10435262,0.007943339,-0.63962495,0.57845396,61.17617,70.07256269029857
1160,161.99533943901218,179.13785347818086,0.11176507,0.0030019975,-0.5879817,0.5854945,60.686066,70.07256269029857
1161,163.29872319171875,178.16127446580884,0.098666556,-0.020022754,-0.6321999,0.5614894,61.429523,70.07256269029857
1162,162.2030943017688,176.33436726912652,0.090708844,-0.027726559,-0.63489,0.5346892,61.400223,70.07256269029857
1163,154.4506200638788,175.60869145160135,0.08948287,-0.02148129,-0.6311215,0.55225694,61.54929,70.07256269029857
1164,140.94191906020154,176.36154469638726,0.09354099,-0.015779976,-0.60246736,0.5940014,61.122204,70.07256269029857
1165,132.73929795943457,176.7927289137598,0.086821884,0.008283475,-0.5253914,0.6772825,59.121487,70.07256269029857
1166,140.64944325229177,175.54308399752196,0.10238976,0.017749807,-0.46183726,0.7251521,56.909904,70.07256269029857
1167,159.72392015830553,173.55614420690227,0.10264497,0.017522903,-0.4950265,0.7244435,58.575916,70.07256269029857
1168,172.97444516882067,172.5684288626203,0.10611384,0.012419987,-0.48989788,0.6868412,57.230236,70.07256269029857
1169,171.12861391917107,173.2439320708696,0.109444655,0.013270981,-0.47762293,0.6886451,55.77939,70.07256269029857
1170,161.826388310631,174.97462402365957,0.067314774,0.01619023,-0.49970478,0.69285434,56.763485,70.07256269029857
1171,158.26046745150248,176.35183020936006,0.050297506,0.01569723,-0.5071094,0.63736856,53.360035,70.07256269029857
1172,162.05676142153018,175.76877262112447,0.030516898,0.0065601463,-0.4910559,0.60909104,55.12285,70.07256269029857
1173,163.11177092012562,172.74276763903734,0.0075862175,-0.004613399,-0.53654534,0.6170388,60.029686,70.07256269029857
1174,158.43111967841233,169.296146395652,0.010231964,-0.018401336,-0.5200938,0.6034664,61.52385,70.07256269029857
1175,157.49890905182872,168.344474338471,0.019973977,-0.03775035,-0.5011646,0.5578376,60.77449,70.07256269029857
1176,164.00843739503102,169.76791946900664,0.012609435,-0.03609975,-0.49750936,0.5516825,58.44897,70.07256269029857
1177,169.93884888336902,170.6057881317579,0.0014737792,-0.05818967,-0.51566595,0.526819,58.606167,70.07256269029857
1178,170.54508022027713,169.76426654436247,-0.015336188,-0.028357837,-0.5252655,0.5684581,59.859707,70.07256269029857
1179,169.67428030500676,169.16146416885852,-0.0067583052,-0.049823448,-0.51878506,0.55552065,60.391335,70.07256269029857
1180,170.80926233223468,169.8782348604705,-0.0012290203,-0.06670658,-0.52402604,0.545204,61.076656,70.07256269029857
1181,172.84208346133005,170.49109195300488,0.00083662226,-0.08149489,-0.53047645,0.5368454,60.84411,70.07256269029857
1182,173.7851380503734,170.01831232433594,0.013658153,-0.06283051,-0.5260738,0.5938814,62.446487,70.07256269029857
1183,174.23640899488467,170.15969266548538,0.009758997,-0.05026027,-0.5301036,0.592871,60.640022,70.07256269029857
1184,175.79533601537796,172.65504947723133,-0.010703626,-0.032169018,-0.54513454,0.63308877,60.37672,70.07256269029857
1185,177.49654132712766,175.8072890875419,-0.041495766,-0.02971664,-0.58260137,0.6757635,61.586384,70.07256269029857
1186,177.41808915102857,176.55122695730037,-0.03426798,-0.028976267,-0.5537564,0.62542635,59.6378,70.07256269029857
1187,176.46054104008311,174.8444385046794,-0.029300071,-0.023592444,-0.54165435,0.6373638,59.410404,70.07256269029857
1188,176.6332992237039,172.9638189818426,-0.030580917,-0.02656352,-0.54117835,0.6286156,58.721638,70.07256269029857
1189,177.2828925688093,171.69308931718203,-0.03228378,-0.058883663,-0.52594495,0.6133935,59.2114,70.07256269029857
1190,176.08163798781015,170.50265950512892,-0.044983365,-0.034409087,-0.59773153,0.6509596,59.90718,70.07256269029857
1191,173.50650558779424,170.63659109809186,-0.0887756,-0.022480793,-0.6369596,0.6331092,60.549072,70.07256269029857
1192,172.79565357379124,173.22447352517457,-0.09465112,-0.008392136,-0.63248384,0.6569706,61.2676,70.07256269029857
1193,174.01793363096925,175.2329621151932,-0.08616818,-0.013614819,-0.62077636,0.65731186,61.077168,70.07256269029857
1194,173.5853340867087,173.4590272244327,-0.07541664,-0.030400833,-0.5952761,0.5567305,58.866623,70.07256269029857
1195,170.81880213385074,170.3997605428325,-0.06374574,-0.04137339,-0.5573455,0.5658075,59.141407,70.07256269029857
1196,169.08046895876276,170.47717665427973,-0.061210178,-0.04838647,-0.5588123,0.5045181,57.16235,70.07256269029857
1197,170.38935875577434,173.49604342237646,-0.04014524,-0.061229557,-0.48832914,0.50481224,56.382473,70.07256269029857
1198,173.1836047610091,176.05500897757446,-0.02248994,-0.06641261,-0.47650582,0.5161108,56.56958,70.07256269029857
1199,175.12544152700426,176.7530724989011,-0.011703131,-0.07167906,-0.43510196,0.51910824,56.345406,70.07256269029857
1200,175.57161944225047,176.67495536723465,-0.012469635,-0.06831755,-0.43154466,0.5293093,56.726257,70.07256269029857
1201,175.25643962424144,176.49330401975655,-0.0039239805,-0.07024557,-0.41302356,0.5367383,56.577827,70.07256269029857
1202,174.90923437567284,175.81179847274186,-0.010663995,-0.04992906,-0.41518632,0.61743224,59.15648,70.07256269029857
1203,174.2234164425702,174.17292577879536,-0.02318807,-0.04391592,-0.4132165,0.62347,59.490368,70.07256269029857
1204,172.01164855918853,171.04256589676527,-0.009657522,-0.041170005,-0.31758764,0.7709668,61.586624,70.07256269029857
1205,167.75122986784382,166.0727210624719,-0.02923039,-0.016521221,-0.28666705,0.77046597,56.68141,70.07256269029857
1206,162.97879984166477,160.88194450306415,-0.029403724,-0.04098513,-0.28575113,0.7817292,57.93678,70.07256269029857
1207,160.56231734199216,159.37851785865246,-0.014263952,-0.047284186,-0.16771163,0.82513213,58.89184,70.07256269029857
1208,161.5293555744294,162.8067518432611,0.0027899023,-0.046617195,-0.06696985,0.82681364,58.56198,70.07256269029857
1210,162.97741011443762,164.1116848518313,0.0468282,-0.12604122,-0.9795632,-0.69346297,88.251076,70.07256269029857
1217,160.867959755499,152.94213165456844,-0.09124322,0.030923666,0.5610604,0.9028448,80.14375,70.07256269029857
1218,154.8503870924703,130.3976816865974,-0.062563755,0.052575678,0.6078137,0.9404414,78.96591,70.07256269029857
1219,147.3804490462726,112.17794954496442,-0.019379934,0.033560704,0.63403773,0.9333242,78.621574,70.07256269029857
1220,140.38233832611598,110.10498472745499,0.0032950984,0.029480373,0.65636873,0.8903068,79.26489,70.07256269029857
1221,135.9732479698804,121.09738394075522,0.032229338,-0.011322056,0.6554132,0.7935086,75.08576,70.07256269029857
1222,131.39158046602216,139.23882542335383,0.09035128,-0.020906411,0.7224292,0.81154454,77.38208,70.07256269029857
1223,119.88796910150967,159.77967183246878,0.07877794,-0.020259673,0.64867884,0.8188041,75.79491,70.07256269029857
1224,107.99874527798316,171.64341248756082,0.081184156,-0.012754897,0.6553143,0.8145818,75.55563,70.07256269029857
1225,111.02526472583871,167.64440853877818,0.07803103,-0.0067691933,0.61823905,0.8436824,74.81135,70.07256269029857
1226,128.22480750375414,155.20496789881383,0.012037605,0.016054787,0.61027956,0.8755537,76.30428,70.07256269029857
1227,143.28773114378086,143.37881387305583,-0.029687243,0.04415589,0.47925523,0.86104244,72.879074,70.07256269029857
1228,146.19026318022645,132.56110025826058,-0.0503367,0.053190622,0.5266844,0.9078279,78.51509,70.07256269029857
1229,142.75550159627255,123.19282698398065,-0.09699984,0.08927339,0.31641918,0.66855615,55.42973,70.07256269029857
1230,142.85166059610495,119.86861315241923,-0.06904159,0.077224895,0.42651665,0.7203035,61.95704,70.07256269029857
1231,146.70679722703346,121.36715989113026,-0.08738195,0.0085770115,0.4323164,0.7436422,65.29751,70.07256269029857
1232,147.9454897637496,120.78284242923115,-0.10881272,0.00090194936,0.34034804,0.7596391,64.54264,70.07256269029857
1233,144.52767627403372,116.30043623107966,-0.06262821,-0.0034253171,0.3088826,0.71882755,54.563553,70.07256269029857
1234,138.98598495999283,109.52326353856165,0.008009101,-0.05309873,0.33637443,0.4641433,44.89565,70.07256269029857
1235,133.49343665466597,105.61219471048956,-0.08188577,-0.008347931,0.30324835,0.6466781,58.751038,70.07256269029857
1236,131.59280685172155,113.54868713146274,-0.069049865,0.021407688,0.2022052,0.7667184,60.812958,70.07256269029857
1237,135.9872965934346,127.44804341890733,-0.017191913,-0.0040420047,0.28569368,0.80949366,58.204227,70.07256269029857
1238,141.85958897144363,129.8198875910894,-0.040219713,0.05704144,0.23084372,1.0073467,59.358803,70.07256269029857
1239,141.59588987916297,119.96124334593684,-0.029609721,0.05295414,0.28569758,1.0719035,63.814243,70.07256269029857
1240,135.0065884423594,110.31960502103728,-0.06593681,0.047145255,0.29003444,1.0498003,69.04749,70.07256269029857
1241,129.5292923696909,105.33048087502205,-0.052188072,0.0660888,0.31173566,1.1015995,71.120415,70.07256269029857
1242,130.5503633264874,103.96347732179518,-0.012985719,0.0889498,0.3722564,1.2022772,64.292595,70.07256269029857
1243,134.87273921964146,107.21128865281933,-0.022634095,0.0714147,0.3845057,1.2408837,76.02444,70.07256269029857
1244,135.59642572659286,111.44606562416269,-0.008762105,0.060995687,0.37601402,1.23654,79.974434,70.07256269029857
1245,127.75391239357586,106.4012425298841,-0.037803046,0.09430075,0.2517201,1.1241926,69.50428,70.07256269029857
1246,110.20692574760827,88.42370493721265,-0.050446015,0.07481999,0.21233091,1.005326,67.12519,70.07256269029857
1247,90.5450974063755,67.43817046145982,-0.07456695,0.06347093,0.24519348,1.0380993,74.46594,70.07256269029857
1248,83.79941110144041,56.081850564609226,-0.07649585,0.06034699,0.25918698,1.085741,76.12233,70.07256269029857
1249,97.7447543116394,60.569558536008785,-0.07653112,0.060927965,0.2756054,1.1153883,78.84558,70.07256269029857
1250,121.3480225315724,79.2619562785831,-0.11917403,0.05216978,0.13287008,0.9582879,71.44056,70.07256269029857
1251,133.2093430397996,99.3263451446297,-0.12097663,-0.04257693,0.07757984,0.8044829,64.854065,70.07256269029857
1252,122.39117432809407,103.23084967783296,-0.06902547,-0.0018485389,0.13471666,0.9163329,70.77899,70.07256269029857
1253,97.48708787885197,89.16892311151162,-0.119076915,0.0052035204,-0.02633335,0.81372166,67.27906,70.07256269029857
1254,75.85279327394436,73.39063643140344,-0.12945043,0.013731972,-0.18558468,0.5418701,42.76347,70.07256269029857
1255,67.47210408729131,67.59813388710171,-0.12531957,0.009840655,-0.10903309,0.7837182,58.66115,70.07256269029857
1256,69.76053435979792,67.06281158716779,-0.18193856,0.056050643,-0.14073415,0.7926974,53.92142,70.07256269029857
1257,74.6858618342074,59.71818943949615,-0.16645865,0.029674396,-0.10114463,0.8979433,65.2889,70.07256269029857
1258,71.36207947896006,43.232837302017565,-0.18736899,0.03233996,-0.12454305,0.89760035,64.75825,70.07256269029857
1259,52.872087515819956,27.786043057352913,-0.19027822,0.011731221,-0.2438055,0.4965987,36.91282,70.07256269029857
1260,36.03898537352787,21.916516387635966,-0.12523116,-0.0037994236,-0.30247968,0.6141077,56.736202,70.07256269029857
1261,49.31250797078405,35.50687313219021,-0.088516034,-0.011349711,-0.29492918,0.6495586,50.900826,70.07256269029857
1262,91.41819860490124,75.97843705168847,-0.09410977,-0.026949385,-0.2967152,0.68040824,55.54848,70.07256269029857
1263,129.84394652479406,123.34970570245908,-0.094012655,-0.028192777,-0.32171068,0.4600164,34.97337,70.07256269029857
1264,141.47045561741703,148.13520424916103,-0.07299649,-0.03460594,-0.23677237,0.87292325,71.46807,70.07256269029857
1265,133.36037193541912,150.74815958073688,-0.09456793,-0.057261374,-0.24755919,0.8704421,70.229546,70.07256269029857
1266,125.73337375949681,149.1897875436221,-0.15161896,-0.014359548,-0.3669928,0.77683103,46.996574,70.07256269029857
1267,130.13400521278527,147.43106194032748,-0.14059348,-0.018206008,-0.36132154,0.6023715,41.54972,70.07256269029857
1268,142.86259459249592,139.804183985499,-0.13413785,-0.0050717774,-0.29450673,0.7245663,48.76195,70.07256269029857
1269,151.82060312266532,129.5538375877251,-0.1368938,-0.007522197,-0.29381555,0.6856882,47.310234,70.07256269029857
1270,149.806599937429,124.74762918750358,-0.12927143,-0.0120961815,-0.25547248,0.6629735,46.160942,70.07256269029857
1272,141.7668121585608,124.38195161169438,-0.05270851,0.10053404,-1.261292,-0.38721088,83.22397,70.07256269029857
1273,139.28138728179798,122.98696896198533,-0.004097751,-0.0748544,-0.97491187,-0.76315284,90.752174,70.07256269029857
1274,147.46845640633097,122.47855241653205,0.051985558,-0.06795803,-0.95475674,-0.76644206,87.18204,70.07256269029857
1275,156.9936770880657,125.19420079321996,0.092768386,-0.07964374,-0.9016959,-0.80276066,87.661804,70.07256269029857
1276,155.4365004871797,124.4416831300064,0.10699358,-0.085742675,-0.89518064,-0.845387,88.548,70.07256269029857
1277,145.61297539433102,115.66390163629231,0.0011040278,0.12863122,-1.1098537,-0.4431779,79.84206,70.07256269029857
1278,141.09072053825653,104.85644903261536,-0.01447387,0.12069572,-1.1557338,-0.47751424,82.61453,70.07256269029857
1279,146.73769333629693,99.1118273262401,-0.0364695,0.18450156,-1.1641396,-0.3648666,82.34895,70.07256269029857
1280,155.15718860534906,99.96802147621526,-0.078000985,0.16631101,-1.2033603,-0.38953194,82.9886,70.07256269029857
1281,159.17115368253232,105.51609938595229,-0.06918836,0.17280975,-1.207124,-0.40280727,83.04525,70.07256269029857
1282,159.02723161673907,112.3841977910284,-0.08885007,0.15343983,-1.2342373,-0.43464684,86.18336,70.07256269029857
1283,158.22336163184792,118.28586719764095,-0.066607065,0.14216177,-1.1787194,-0.4857679,88.289185,70.07256269029857
1284,158.20661234701163,124.17984540338475,-0.06574039,0.13647135,-1.1910409,-0.4836624,88.88749,70.07256269029857
1285,158.3389902983638,130.48154102033476,-0.0843229,0.1488983,-1.2259474,-0.4325248,87.74133,70.07256269029857
1286,158.2915680297295,134.42519182021996,-0.07830628,0.15075141,-1.2154227,-0.44699845,88.30888,70.07256269029857
1287,158.48319334362435,135.12739103414745,-0.06949757,0.14586276,-1.196598,-0.3948391,84.44647,70.07256269029857
1288,158.69573783188008,133.7700297120875,-0.069294624,0.15789166,-1.2109269,-0.39067733,86.86598,70.07256269029857
1289,158.13614051826286,128.95595600907967,-0.08350065,0.15789427,-1.2232711,-0.39721137,87.277336,70.07256269029857
1290,157.17949320476598,121.70478239185803,-0.11291352,0.16720338,-1.2826352,-0.38005036,86.86961,70.07256269029857
1291,157.4150764468189,118.89045823161682,-0.09722413,0.14997402,-1.2732829,-0.41177583,87.71684,70.07256269029857
1292,159.25243704924188,123.9816337926852,-0.099289775,0.14676514,-1.234422,-0.42929175,85.968185,70.07256269029857
1293,161.19588804864583,131.83261584796514,-0.09013092,0.14652431,-1.2089039,-0.44207954,84.887566,70.07256269029857
1294,162.22408347632785,136.02914889843805,-0.08544696,0.13877957,-1.1539913,-0.48652482,84.02388,70.07256269029857
1295,162.99488112232206,135.9768026401362,-0.10145341,0.14024812,-1.1412185,-0.48831457,83.17377,70.07256269029857
1296,164.17049489571656,134.84746642288422,-0.07697491,0.13420928,-1.1030549,-0.49405813,82.30772,70.07256269029857
1297,165.24497747237166,132.94097893508672,-0.08583109,0.1391859,-1.1308511,-0.49612224,82.50698,70.07256269029857
1298,165.53169832875517,126.28098811211999,-0.0842162,0.1500376,-1.13766,-0.4851255,82.28233,70.07256269029857
1299,165.18221859773877,114.82374657193755,-0.0880226,0.14581093,-1.1595193,-0.48940814,83.09156,70.07256269029857
1300,164.8339328006706,108.16098334387422,-0.08468395,0.153334,-1.1397822,-0.43025076,81.02141,70.07256269029857
1301,164.9157864382331,115.75514402769898,-0.08491346,0.13271546,-1.1333017,-0.48681226,84.60202,70.07256269029857
1302,165.10412582501198,133.95616575064503,0.042906832,-0.0038281674,-0.8626721,-0.8402138,84.862,70.07256269029857
1303,164.37463258821296,148.0496505103145,-0.027656442,0.061375238,-0.9179998,-0.5494398,75.00127,70.07256269029857
1304,163.12661844324944,147.40294543227245,-0.056403846,0.104853466,-0.8822733,-0.44664285,72.161865,70.07256269029857
1305,163.82814938229598,137.4129635762549,-0.07589005,0.13040507,-0.9668745,-0.41179454,74.867004,70.07256269029857
1306,166.9265582165173,132.45681052958756,-0.06930551,0.144345,-0.97248304,-0.37578952,73.76258,70.07256269029857
1307,169.56510279320307,136.71562875509773,-0.0651703,0.16016199,-0.9872243,-0.34289753,74.255005,70.07256269029857
1308,170.25439039655421,140.24566427814855,-0.060361363,0.1453249,-1.0228167,-0.39578527,79.524254,70.07256269029857
1309,170.41912200762738,133.90017009422144,-0.051195536,0.14867052,-1.0265316,-0.38604915,78.41667,70.07256269029857
1310,171.0105640234671,118.22507505577012,-0.05399415,0.14833039,-1.0653677,-0.38938975,79.388374,70.07256269029857
1311,171.42298840874543,101.4677002222415,-0.0662874,0.14850633,-1.0755335,-0.3832967,78.78358,70.07256269029857
1313,171.5030426306484,97.53468129460356,0.043173805,-0.056382943,-0.72503227,-1.1186866,90.81231,70.07256269029857
1315,171.90861426581202,116.9545215277892,0.04575727,-0.048523657,-0.59845364,-1.1223425,88.34221,70.07256269029857
1318,168.4428801555905,151.32545148248386,-0.17694409,0.0052888812,-0.32628793,-0.6890575,53.56511,70.07256269029857
1319,149.59653852264879,175.92334162489064,-0.17873928,0.01974359,-0.38747805,-0.36063907,34.83877,70.07256269029857
1320,116.10144183406436,176.66028398571348,-0.07382222,0.019094238,-0.15690957,-0.690876,47.95328,70.07256269029857
1321,93.85305897802411,165.5160064459362,-0.10268461,0.031045612,-0.3463882,-0.6895035,51.909595,70.07256269029857
1322,101.7625121132188,161.19956930865916,-0.07449509,0.054631304,-0.340436,-0.7404482,61.669872,70.07256269029857
1323,125.45441542732576,165.54351559752556,0.024371795,-0.0076829013,-0.35328802,-1.0881562,80.77928,70.07256269029857
1324,144.1056923045344,166.90795802211622,0.07066257,-0.047575977,-0.4024602,-1.1902759,87.012115,70.07256269029857
1325,156.4904741750953,159.93653846515647,0.104723684,-0.047832932,-0.4928058,-1.128998,87.07009,70.07256269029857
1326,167.50227048972823,152.37324197806407,0.091934815,-0.041830678,-0.5899463,-1.0899694,88.224976,70.07256269029857
1327,174.46393052136824,151.35322204535922,0.014460369,0.060255967,-0.8846403,-0.8006706,86.41866,70.07256269029857
1328,174.92508560244858,155.6361605557632,0.06978849,-0.041624244,-0.7406324,-1.0824625,94.14635,70.07256269029857
1329,172.4885045627273,162.23755474136988,0.09596506,-0.071961276,-0.7156748,-1.1152959,93.22387,70.07256269029857
1330,170.6055524405152,168.19762736771563,0.11068151,-0.11088098,-0.7588835,-1.131335,94.79417,70.07256269029857
1331,168.9131936272813,170.31711963364106,0.11288434,-0.19624825,-0.77029,-1.1293434,94.854065,70.07256269029857
1332,168.18296142527254,168.35837231846128,0.0043882383,-0.0025995828,-1.0446917,-0.7191696,99.90655,70.07256269029857
1333,170.8590296387285,163.6607699226057,0.08288527,-0.09094272,-0.8383748,-0.9064099,90.65569,70.07256269029857
1335,175.43869328517005,159.00590543893142,0.09980499,-0.053370055,-0.3589889,-1.1326371,80.72268,70.07256269029857
1336,177.2626577115385,157.46293985859634,0.17280453,-0.10365406,-0.46945617,-1.2064352,86.57635,70.07256269029857
1337,173.84578378400818,154.0435999890983,0.082626574,-0.054126978,-0.67963433,-1.0584998,85.11019,70.07256269029857
1338,167.56243325205904,143.0655075350486,0.10784414,-0.057374608,-0.61708057,-1.0744873,84.7744,70.07256269029857
1339,163.50216472277057,132.4273742303092,0.11877728,-0.06809478,-0.594058,-1.0554837,83.87931,70.07256269029857
1340,163.78568834957287,133.8997489073038,-0.019111224,0.043319702,-0.97562265,-0.7585209,86.43669,70.07256269029857
1341,166.91959548518983,147.64259152054169,-0.07686211,0.10287057,-1.1125182,-0.6406994,88.452194,70.07256269029857
1342,170.86788098704926,161.4657866598942,0.033735782,-0.0014707305,-0.93329203,-0.87759846,93.96443,70.07256269029857
1343,172.7798139597757,165.1137091059003,-0.01383018,0.043651126,-1.1355551,-0.6731469,92.93925,70.07256269029857
1344,170.7772165047203,159.74589985463427,-0.05261444,0.1379473,-1.2192225,-0.43374053,87.75931,70.07256269029857
1345,167.23484626446978,145.53566009539884,-0.045202427,0.119375244,-1.1703784,-0.4768503,86.90773,70.07256269029857
1346,165.28861418068473,121.9045890347743,0.026107755,0.013810147,-1.0310627,-0.7076581,86.48085,70.07256269029857
1347,164.98114542424258,101.79000116763251,0.05141939,-0.017618282,-0.9617306,-0.73071593,83.49096,70.07256269029857
1348,165.95027888642386,98.34744738042956,0.017439285,0.08133223,-1.0183713,-0.52710295,81.71912,70.07256269029857
1349,167.97429264997862,103.88908985125713,-0.024423186,0.15465012,-1.0598223,-0.32599917,76.73594,70.07256269029857
1350,169.3269073958639,102.94047761896412,0.011103864,0.088939354,-0.9965613,-0.37008318,79.28354,70.07256269029857
1351,170.13797060525212,98.85122133025966,-0.04207892,0.15082109,-1.1585524,-0.34241238,84.13438,70.07256269029857
1352,171.5910020395236,105.23904935353568,0.019021071,0.018522844,-1.0069247,-0.6835744,85.65048,70.07256269029857
1354,170.45832741071638,121.17153059260156,0.021393316,0.0052858326,-0.063887715,-1.0935014,74.36449,70.07256269029857
1355,163.39714308631724,136.76312308605662,0.118016005,-0.0008283475,-0.089210674,-1.1044852,77.58182,70.07256269029857
1356,154.77750092531753,145.826798069765,0.11414385,-0.01094403,-0.07070961,-1.111017,76.042046,70.07256269029857
1357,152.45993357057037,145.25535230535112,0.13012983,-0.019147806,-0.08517651,-1.1517913,79.65248,70.07256269029857
1358,157.63179866135872,138.72951181711866,0.07464056,-0.0051800027,-0.14286555,-1.0418313,75.192566,70.07256269029857
1359,164.00550400511094,135.76194598302646,0.07711471,0.0118098315,-0.15879883,-0.988979,74.48826,70.07256269029857
1360,166.14470878986953,140.14957365802658,0.12475733,-0.0019955249,-0.20375606,-0.9723781,77.264,70.07256269029857
1361,164.87915301521477,145.59897664473127,0.124866635,0.0055458345,-0.2284619,-0.9492484,74.6926,70.07256269029857
1362,164.1527392380268,144.90022574845332,0.093757875,0.018080361,-0.19001211,-0.66208225,53.861027,70.07256269029857
1363,165.79741922354896,140.81355415048384,0.05176519,-0.00860532,-0.22532794,-0.72830474,54.400455,70.07256269029857
1364,169.34674849393608,142.73006055109275,0.074020386,-0.03965267,-0.2954078,-0.8684496,67.510544,70.07256269029857
1365,173.82489482264688,152.21827633181056,0.03842409,-0.029410692,-0.26944637,-0.7487804,56.69359,70.07256269029857
1366,177.34176807907545,159.7568910385384,0.04433706,0.008371013,-0.4175686,-0.8247393,67.30666,70.07256269029857
1367,176.90907191801887,158.43755443081156,0.049540147,0.027643377,-0.5130711,-0.83762133,74.53689,70.07256269029857
1368,170.05923992852425,152.6602416590235,0.043181643,-0.0374211,-0.6711588,-0.9494827,82.99302,70.07256269029857
1370,159.05598331876098,149.6255879142897,0.08561812,-0.02596839,-0.15667352,-1.1015484,78.54375,70.07256269029857
1371,153.46092932290918,150.46120651455018,-0.06990304,0.01596594,-0.5154961,-0.9067239,69.01543,70.07256269029857
1372,160.34115509118394,153.19504995611544,0.039567746,-0.049649894,-0.37483987,-1.0774554,78.9063,70.07256269029857
1373,172.79752489864205,157.04479411613204,0.051753864,-0.100163415,-0.3800996,-1.0318662,76.50781,70.07256269029857
1374,178.494684277302,161.1769223786964,0.051003907,-0.104148366,-0.4950709,-1.0578355,80.42013,70.07256269029857
1375,174.7975184672416,162.66904659494054,0.025792442,-0.040942665,-0.6888524,-0.9593009,79.71651,70.07256269029857
1376,167.14384673825816,157.44543737491654,0.039238065,-0.08824688,-0.63689995,-0.9476034,81.25008,70.07256269029857
1377,159.66078386363327,145.6832475095424,0.03818586,-0.06975322,-0.6545936,-0.86696976,78.201515,70.07256269029857
1378,154.01954369857756,134.5042944833128,0.042553198,-0.072806604,-0.6782903,-0.86635005,78.4839,70.07256269029857
1379,152.75718086124405,130.2274340330875,0.045572612,-0.087433346,-0.706374,-0.8271437,77.48574,70.07256269029857
1380,157.49330614851266,131.21156451511524,0.024326937,-0.093553185,-0.7435094,-0.82063675,79.81339,70.07256269029857
1381,164.2290246376489,132.5097086165618,0.024747208,-0.10898214,-0.78291076,-0.82708406,84.599014,70.07256269029857
1382,165.2022928750412,132.93838612140837,0.012577643,-0.10444147,-0.7614456,-0.83202326,80.21348,70.07256269029857
1383,159.03961337104462,133.8122375484707,0.007001322,-0.10010897,-0.8418458,-0.84730846,82.20336,70.07256269029857
1384,154.36180485209786,134.68519275284106,0.025298133,-0.10556509,-0.9028217,-0.84323776,88.24159,70.07256269029857
1385,157.1006106265203,134.27135510095644,0.043794848,-0.10284966,-0.87081623,-0.84013385,87.99651,70.07256269029857
1386,161.40967621607967,132.96566656855018,0.04770489,-0.12716876,-0.9397703,-0.86632127,89.684074,70.07256269029857
1387,158.93006090660347,131.79906403498947,0.049576294,-0.12410667,-0.9598749,-0.862153,90.79796,70.07256269029857
1388,151.04913181893096,130.9787531062898,0.049546678,-0.123841435,-0.9354008,-0.8349242,89.373665,70.07256269029857
1389,146.5129197627801,130.339391223522,0.04945043,-0.12128802,-0.91278625,-0.82946897,85.55804,70.07256269029857
1390,148.43381139715794,130.007176788806,0.035253547,-0.099067226,-0.90824383,-0.7554255,80.27544,70.07256269029857
1391,151.31335576715045,130.504845892274,0.053272065,-0.1022369,-0.80414253,-0.77639985,77.64172,70.07256269029857
1392,151.28963095930376,131.7675205392427,0.06731434,-0.09873929,-0.74530894,-0.81031984,76.36844,70.07256269029857
1393,150.45082028085355,133.43315666113776,-0.060385313,0.082133576,-0.9572505,-0.4368945,74.180664,70.07256269029857
1394,150.18695243390974,136.96664610130276,-0.10457996,0.09771888,-0.9922462,-0.42464525,73.096085,70.07256269029857
1395,148.78606826367894,143.30866316560656,-0.07964461,0.046083037,-0.86977494,-0.5608139,73.196175,70.07256269029857
1396,148.2616681278769,148.80723951676873,0.0007691176,-0.052205056,-0.7475292,-0.8588688,77.5002,70.07256269029857
1397,154.66943227403982,149.3249613628411,0.031678848,-0.07942511,-0.7118898,-0.93672776,79.37235,70.07256269029857
1398,165.93519898424165,148.07503856348384,0.025332974,-0.072209954,-0.7205613,-0.9467132,79.711136,70.07256269029857
1399,169.4183805692393,152.13430448600946,-0.10393105,0.0733989,-0.96037096,-0.6094743,76.80361,70.07256269029857
1400,158.9010037451431,159.61235371759994,-0.13360654,0.10683723,-0.96653783,-0.523807,74.43219,70.07256269029857
1401,143.58688395829003,160.5817733891784,-0.12075016,0.09163953,-0.9529707,-0.5814869,75.52882,70.07256269029857
1402,135.42731312517037,151.87968450430364,0.021078004,-0.023951089,-0.6591164,-0.8448687,75.408615,70.07256269029857
1403,136.91699747834224,139.83252405042492,0.02692173,-0.056814536,-0.62986726,-0.8765959,73.53777,70.07256269029857
1404,143.92491948428133,130.87771164575196,0.04325437,-0.07099052,-0.6806399,-0.90016073,77.17317,70.07256269029857
1405,153.68112775447796,127.30240438578736,0.034315016,-0.07904491,-0.7162759,-0.89397466,76.27853,70.07256269029857
1406,164.49898305551739,130.231425522428,-0.015612739,0.02136283,-0.87187755,-0.6240884,76.70083,70.07256269029857
1407,169.7863312109272,140.92708267150462,0.0801681,-0.04750412,-0.6877053,-0.72012275,75.121124,70.07256269029857
1408,162.51639147256296,153.0452253012608,0.032082133,-0.03362734,-0.75915915,-0.6891259,74.402435,70.07256269029857
1409,146.51207386447635,152.4774668365626,-0.071536645,0.05250164,-0.8484639,-0.43489942,69.70454,70.07256269029857
1410,132.16737808439242,135.92865450735357,-0.052357923,0.15466319,-0.8557749,-0.26087242,59.91495,70.07256269029857
1411,123.5286096123983,120.65580959276059,-0.061567735,0.16521265,-0.88041496,-0.24252029,63.536606,70.07256269029857
1412,120.3589956574427,126.47745765557521,-0.025583396,0.14528789,-0.8116577,-0.30450568,61.361397,70.07256269029857
1413,126.21855787899814,149.15582280412377,-0.001656695,0.13856354,-0.70761085,-0.30457145,52.646908,70.07256269029857
1414,141.10626082535515,163.30611165505456,-0.030886648,0.1554014,-0.8073244,-0.27431282,56.085567,70.07256269029857
1415,153.28931036294819,155.50534398179727,0.0031026013,0.050009195,-0.6993592,-0.49772623,59.227383,70.07256269029857
1416,153.54057195115345,135.81002847090994,0.039049488,-0.025039438,-0.6736595,-0.6687304,70.18007,70.07256269029857
1417,147.9672052964924,117.65758292170976,0.017693626,-0.001985508,-0.66821337,-0.59313077,65.42344,70.07256269029857
1418,145.99916447119628,105.9099191026163,0.0028068873,-0.0001280411,-0.6864845,-0.5923512,65.917175,70.07256269029857
1419,148.5117614501429,100.17816146299278,-0.001963297,0.035610233,-0.7169095,-0.5149199,65.32732,70.07256269029857
1421,150.8842229351304,99.62913588395035,0.013402071,-0.015270425,0.67912173,0.66578496,66.37521,70.07256269029857
1422,148.73566737237053,104.51893008410084,0.009832162,-0.055495363,0.69402546,0.5596842,65.33129,70.07256269029857
1423,143.16899095462435,112.03972565187097,0.021070164,-0.06865485,0.742695,0.47948995,64.18371,70.07256269029857
1425,141.8625410238855,118.61367082831029,0.023810418,0.00812277,0.23475072,-0.6679286,48.696674,70.07256269029857
1426,150.55237077324622,129.7029255382733,0.015059637,-0.024239399,0.2407926,-0.7353396,51.913635,70.07256269029857
1427,156.68637148537442,151.21102402175,0.020304967,-0.04343816,0.25441983,-0.7634355,53.44618,70.07256269029857
1428,130.1027349624861,171.48909205307356,0.012193955,-0.038629215,0.25754595,-0.81037736,57.04289,70.07256269029857
1429,68.14102952266414,167.94606910144552,-0.004775846,-0.045011237,0.21793292,-0.87313795,61.407627,70.07256269029857
1430,22.26943280004669,133.35647349737616,0.0468012,-0.00956258,0.27912307,-0.91655606,65.1611,70.07256269029857
1431,42.35281552846504,93.19832408126119,-0.02166856,0.013809712,-0.043056652,-0.94154453,66.273796,70.07256269029857
1432,113.01497926332851,86.40123947281123,0.035033178,0.004726633,-0.082489386,-0.9638372,68.68016,70.07256269029857
1436,168.1965731927556,116.20520871141134,0.019233603,-0.050396804,0.10492228,0.633317,50.31333,70.07256269029857
1437,162.68289087609622,139.60848507054718,0.027754867,-0.06778034,0.05431904,0.5509648,46.99107,70.07256269029857
1438,117.1462344642902,126.6983241742056,0.011905645,-0.062582046,0.022623643,0.6914206,51.932102,70.07256269029857
1439,86.11819221090533,102.13202454134233,0.033698764,-0.072442085,0.0022476874,0.7425883,58.265236,70.07256269029857
1440,96.61471766486116,104.76342772835088,0.06480491,-0.085163444,-0.02298207,0.7161783,58.700897,70.07256269029857
1441,132.23414104555383,135.74284407712545,0.026200084,-0.0905011,-0.09346521,0.7054851,59.417408,70.07256269029857
1442,162.66811272002226,164.49427417138708,0.035623733,-0.10529072,-0.09675682,0.63154745,57.250988,70.07256269029857
1443,173.2298026904165,170.029780294138,0.027031915,-0.10138634,-0.10646879,0.7268074,59.720455,70.07256269029857
1444,169.64790823646854,161.15054461057008,0.008670647,-0.106016286,-0.14316824,0.677921,56.961143,70.07256269029857
1445,164.48717102850935,156.9615676015423,0.029819204,-0.12952794,-0.2328166,0.39371723,47.842243,70.07256269029857
1446,165.466885251387,164.1246315194458,0.010010723,-0.11440428,-0.2735955,0.43908602,50.71779,70.07256269029857
1447,172.35489690652057,175.9106343861022,0.03525703,-0.11530885,-0.2669866,0.44071484,51.757324,70.07256269029857
1448,179.0471168960025,182.4822563893306,0.03368613,-0.103769034,-0.1798015,0.46059301,49.935074,70.07256269029857
1449,180.59829636829446,180.05054454243253,0.0006057999,-0.084107324,-0.31704414,0.5685025,53.625347,70.07256269029857
1450,177.799186449173,172.1866069180468,0.025247615,-0.09081424,-0.32415345,0.5334327,52.061085,70.07256269029857
1451,173.3737115267215,165.72450073627272,0.007745615,-0.0915324,-0.37658367,0.46737093,52.36686,70.07256269029857
1452,168.6643150914085,165.54565989758777,-0.022422435,-0.09312203,-0.43175197,0.4836918,53.891045,70.07256269029857
1453,165.95415538339844,170.05952008926897,-0.022271313,-0.09682825,-0.47776663,0.4748574,57.007214,70.07256269029857
1454,168.2172053904344,173.94302088140745,-0.0007969905,-0.093566254,-0.4918233,0.44692746,57.06612,70.07256269029857
1455,174.49683963331796,174.88606641110894,-0.057324957,-0.09564147,-0.5744028,0.4496163,57.80996,70.07256269029857
1456,179.71363666797453,173.9940632627915,-0.05677229,-0.09315425,-0.6148629,0.45424366,59.023167,70.07256269029857
1457,180.62119889468912,172.7971845322264,-0.07892558,-0.0918525,-0.6424693,0.4816671,59.76819,70.07256269029857
1458,178.6883084626866,172.77022827875402,-0.04471378,-0.08172201,-0.64962566,0.45952338,60.050083,70.07256269029857
1459,176.9037596504995,174.8252794155947,-0.032871287,-0.06157601,-0.6511417,0.47992766,60.488808,70.07256269029857
1460,176.81045019281154,177.85351898315193,-0.03700867,-0.07409834,-0.6770487,0.44249305,59.56059,70.07256269029857
1461,177.8168201855356,179.69348379216595,-0.02342107,-0.08721602,-0.6680457,0.38475826,56.913437,70.07256269029857
1462,178.08109240955028,179.4746421570438,-0.020650329,-0.08086057,-0.66862977,0.38567066,57.560844,70.07256269029857
1463,176.50179643536126,177.5531722060407,-0.046552084,-0.08978381,-0.66478765,0.35494953,56.221046,70.07256269029857
1464,173.61151433825611,174.78719739051692,0.030179374,-0.04346255,-0.49179062,0.5707933,54.044605,70.07256269029857
1465,171.61130737664814,173.08248106783327,0.06924236,0.026882969,-0.40741763,0.71787244,53.424904,70.07256269029857
1466,172.9370981169986,174.02761404442137,0.08053437,0.044262152,-0.41634566,0.76110154,56.01733,70.07256269029857
1467,176.84756978203598,176.32916069108154,0.04177711,0.02809457,-0.51041365,0.69051,58.289352,70.07256269029857
1468,179.75419220640688,176.93383564849404,0.024161443,0.008721166,-0.5607316,0.6446913,58.539078,70.07256269029857
1469,178.47283963875964,174.81165283890317,0.051882777,0.046003774,-0.5291242,0.6997899,58.248806,70.07256269029857
1470,171.42663819693004,172.26002486179172,0.038697157,0.020462623,-0.55307525,0.65701157,57.563217,70.07256269029857
1471,160.8257572738203,171.27554884205907,0.055570707,0.033969652,-0.51628697,0.7155864,57.446033,70.07256269029857
1472,151.28995524897027,169.80494351766845,0.054545507,0.048380807,-0.49733603,0.727472,57.17774,70.07256269029857
1473,142.55319690339635,164.41752590809156,0.08984653,0.06552482,-0.49303314,0.7452698,57.52752,70.07256269029857
1474,132.10488593659522,156.2829632022179,0.06852028,0.0787161,-0.50570923,0.7080224,57.83447,70.07256269029857
1475,127.77034280271606,153.00267900826972,0.061815105,0.08595564,-0.50367534,0.67986816,57.34217,70.07256269029857
1476,141.77813326905988,160.7006369241481,0.055322465,0.102927186,-0.52520806,0.6772555,57.2887,70.07256269029857
1477,166.91325825929513,172.92691943627497,0.04067787,0.08026348,-0.6348347,0.5684123,56.490276,70.07256269029857
1478,180.13009802541094,176.46885852206768,0.0762855,0.1259245,-0.64233863,0.6095466,57.018127,70.07256269029857
1479,175.2693650929371,169.7011748128117,0.08326852,0.11891926,-0.64427143,0.5882339,56.650257,70.07256269029857
1480,168.4148152597162,164.0829476534292,0.09235509,0.119621746,-0.62992215,0.58954126,55.75464,70.07256269029857
1481,169.39709969723816,166.91697682408522,0.07600241,0.14873454,-0.59903026,0.6191776,54.264942,70.07256269029857
1482,171.87360621655128,172.84083258904522,0.09316689,0.11835266,-0.5980277,0.5495659,52.60533,70.07256269029857
1483,170.45392859406834,173.82824617639818,0.09500301,0.12568715,-0.6131113,0.5985956,54.58538,70.07256269029857
1484,168.39892072378362,169.0485548286865,0.09600121,0.13117288,-0.6087387,0.6174704,54.28019,70.07256269029857
1485,168.88644568027917,162.4910461883405,0.10863982,0.11949762,-0.5673344,0.58285356,54.076805,70.07256269029857
1486,169.92879684486442,157.98428904103721,0.1106998,0.10953045,-0.5582165,0.5710136,53.944683,70.07256269029857
1487,170.26114377505607,158.33280351728175,0.10599364,0.1130555,-0.52239025,0.57191736,52.362724,70.07256269029857
1488,171.5697534840984,163.56309903832047,0.10547451,0.11876117,-0.5696017,0.58988315,55.2493,70.07256269029857
1489,172.47592644132305,169.04111330743174,0.094373256,0.0871973,-0.61209047,0.48506933,54.73946,70.07256269029857
1490,170.91984201403622,169.1360653873446,0.085507065,0.089795135,-0.6116532,0.4152116,52.083096,70.07256269029857
1491,169.343479763135,163.36164339625742,0.09403617,0.10035679,-0.5998046,0.4400433,52.24403,70.07256269029857
1492,168.92278839627474,157.96705227303949,0.073302224,0.089242905,-0.6813555,0.41203973,54.48095,70.07256269029857
1493,166.77459377895548,160.24112222386793,0.100471325,0.10577327,-0.64016545,0.44023317,54.09031,70.07256269029857
1494,161.54731187828312,169.9337371443235,0.06500394,0.104380935,-0.70788,0.43402404,53.551674,70.07256269029857
1495,156.2760125149358,178.03704257153868,0.08229036,0.12717225,-0.6830766,0.47644833,53.796967,70.07256269029857
1496,155.87690076779373,175.9687229534467,0.07056284,0.14772546,-0.70451176,0.5715681,55.472683,70.07256269029857
1497,160.21717084631555,165.26326747813036,0.09072801,0.1463009,-0.7061571,0.551399,56.888577,70.07256269029857
1498,162.3715096023834,155.1902897520339,0.0726176,0.13037981,-0.7222642,0.47473893,56.066425,70.07256269029857
1499,158.40016410216754,151.56779724152844,0.08753917,0.14063181,-0.72181904,0.54833424,59.15859,70.07256269029857
1500,152.06252719208092,152.5133060206697,0.081178926,0.14518249,-0.6787145,0.5310047,56.939655,70.07256269029857
1501,147.98098460650147,152.21489513898015,0.072897196,0.14462808,-0.6696375,0.5634257,55.87672,70.07256269029857
1502,147.3915398905308,142.3097046068691,0.069829434,0.12913206,-0.6541585,0.49161163,53.409626,70.07256269029857
1503,149.72991121509878,116.6561475565427,0.07210717,0.14532273,-0.6650864,0.52158105,54.220253,70.07256269029857
1504,153.49565879463756,86.58055486896907,0.07625762,0.15426862,-0.6366099,0.5166672,52.1813,70.07256269029857
1505,156.3183948693077,75.59746832587693,0.07679069,0.17013134,-0.6229783,0.5775442,52.551613,70.07256269029857
1506,156.85252591764507,86.24557626736848,0.06309639,0.17352748,-0.6226674,0.5996661,52.316242,70.07256269029857
1507,155.88675304707962,95.23768994471196,0.05667517,0.14866617,-0.54373914,0.49808946,47.14927,70.07256269029857
1508,154.67299464385025,82.82123439940548,0.06563805,0.16644384,-0.57066697,0.5491034,49.9906,70.07256269029857
1509,154.29133544600836,54.46067633947331,0.07027279,0.16298935,-0.6411297,0.6365145,55.561707,70.07256269029857
1510,155.54663105256066,43.10542047861762,0.09087086,0.15778627,-0.67822415,0.6194842,57.769447,70.07256269029857
1511,157.3232425030636,73.13697060300456,0.09242651,0.16573048,-0.6720834,0.61706793,57.41968,70.07256269029857
1512,157.5677482313343,118.41636193917698,0.09515022,0.1561078,-0.6944339,0.60441107,58.46936,70.07256269029857
1513,156.0715490900024,133.1077188643419,0.089300394,0.14677386,-0.67150676,0.55997384,55.267956,70.07256269029857
1514,154.5526782318969,110.64495218674999,0.09465983,0.13312049,-0.6451407,0.4934199,54.874508,70.07256269029857
1515,154.76797932885265,82.89649139594648,0.07913027,0.1523406,-0.67493683,0.55300164,56.80941,70.07256269029857
1516,156.6818401288675,78.73844092466123,0.0868197,0.1620591,-0.7030362,0.5512827,57.73645,70.07256269029857
1517,158.49856509279667,96.20975112074623,0.08670299,0.17011349,-0.73147964,0.5523619,59.117756,70.07256269029857
1518,158.52951709997996,112.3414829533388,0.09120707,0.1710028,-0.73645145,0.54970396,60.087395,70.07256269029857
1519,156.44315303866938,112.31717730893214,0.06808912,0.14234947,-0.77244145,0.47514266,59.874966,70.07256269029857
1520,153.28069031314263,99.02421498696998,0.07650064,0.156981,-0.7525315,0.5062279,57.81452,70.07256269029857
1521,151.0283162789549,83.7504961273796,0.08916451,0.13850519,-0.6937319,0.40364087,55.281765,70.07256269029857
1522,151.44616424666026,76.03371541905993,0.07672275,0.16539818,-0.75141484,0.48236915,57.779568,70.07256269029857
1523,154.45948775459865,73.38797415235895,0.07300607,0.18442927,-0.7789193,0.51878554,58.130474,70.07256269029857
1524,158.0611490565305,64.30436487541863,0.066307,0.18094516,-0.81737953,0.5051683,59.470814,70.07256269029857
1525,160.14405313818366,48.339656858139165,0.04945522,0.1935141,-0.8752994,0.50505507,60.993473,70.07256269029857
1526,160.21624473965295,35.99474454311072,0.043202113,0.21764156,-0.8821814,0.5176989,59.70856,70.07256269029857
1527,159.42209326694,27.870948193938144,0.041544545,0.2335426,-0.89586174,0.49333322,60.27981,70.07256269029857
1528,159.26828556373215,17.201692168063605,0.04084511,0.2556998,-0.95516306,0.38652602,61.82681,70.07256269029857
1529,160.19725389446666,6.705575233580002,0.009106597,0.25306627,-1.027691,0.36050537,64.50019,70.07256269029857
1530,161.29032556468087,8.258837500992495,0.009224186,0.22821365,-1.0127311,0.19907516,63.516434,70.07256269029857
1531,162.08392107931996,31.573580742584564,-0.013822341,0.20146744,-1.040495,0.08528669,63.29703,70.07256269029857
1532,163.77478673859517,72.96218380572459,-0.008647565,0.1867192,-1.0687643,-0.006240044,66.02364,70.07256269029857
1533,166.81227863066832,113.68907017132874,-0.008221632,0.16475058,-1.0585097,-0.12873009,68.13405,70.07256269029857
1534,169.44315071924072,135.35150676190636,-0.04170133,0.16072424,-1.089398,-0.13557506,67.98175,70.07256269029857
1535,170.60930230338172,136.11872227251035,-0.03419394,0.17416987,-1.0667017,-0.20057595,69.27667,70.07256269029857
1536,171.52084754999518,128.2074043819248,-0.03668595,0.1486971,-1.0504805,-0.30928895,72.23063,70.07256269029857
1537,173.17698650183524,122.91780128615135,-0.0213036,0.09853416,-1.0022473,-0.41561836,73.44608,70.07256269029857
1538,174.64654040930847,122.3636921501316,-0.030154115,0.11727258,-1.0065058,-0.4400912,75.21709,70.07256269029857
1539,174.73719367699564,122.86073501400438,0.009991561,0.0302447,-0.9736933,-0.62115395,82.460655,70.07256269029857
1540,173.57042507203917,121.88159136788896,0.00016897942,0.042716514,-1.0622507,-0.53545177,80.957436,70.07256269029857
1543,171.99279677352337,118.69932226112856,0.18280175,-0.06725511,-0.4887355,-0.9159603,76.76131,70.07256269029857
1544,171.21690280458364,111.2483925762104,0.14969833,-0.056509677,-0.6158315,-0.87012637,77.958046,70.07256269029857
1545,172.1812697963369,103.32557162188237,0.09586794,-0.04959981,-0.8101082,-0.857557,83.34484,70.07256269029857
1546,174.17947959998523,105.02796891148785,0.09404662,-0.04668361,-0.85466564,-0.818916,81.97406,70.07256269029857
1548,171.26405329204903,116.51149742503138,-0.21650879,-0.024952335,-0.44221824,-0.4872887,36.1356,70.07256269029857
1549,153.18275439312256,132.37832440581923,-0.16637067,-0.010231964,-0.45443004,-0.4981365,38.376656,70.07256269029857
1550,123.82817200868227,153.54914739228101,-0.20173092,-0.00069943536,-0.5442687,-0.54363114,42.95132,70.07256269029857
1552,103.90991909785701,175.03872865851514,-0.14976628,0.0232939,-0.3740699,-0.458003,36.61533,70.07256269029857
1554,99.82165498386551,185.31194397272367,-0.22690538,0.04587965,-0.7214019,-0.5548687,52.50094,70.07256269029857
1556,97.34674638875428,183.21542938710172,-0.1226956,-0.014657658,-0.36330312,-0.67015797,50.733658,70.07256269029857
1558,87.77077330230478,177.57582540957162,-0.19398923,0.015467713,-0.65937245,-0.63973516,56.403934,70.07256269029857
1559,77.36758016960792,175.20980391334308,-0.13911621,0.0068288585,-0.63839024,-0.66110104,58.365704,70.07256269029857
1560,80.43597959364675,172.34613842405525,0.03621821,-0.015511264,-0.6253135,-0.8489556,73.85227,70.07256269029857
1561,107.40141434500106,156.39054530892219,0.0059865746,-0.038144924,-0.7184438,-0.85481197,75.20419,70.07256269029857
1562,147.31377713776388,129.45335403990765,-0.019801077,-0.011555491,-0.86079156,-0.77318966,76.925606,70.07256269029857
1563,173.1274377629787,117.28423622668666,-0.08801824,0.021047954,-1.0014791,-0.6765927,79.630104,70.07256269029857
1564,174.32124160399061,132.00855059489206,-0.019268008,0.028055808,-1.0252111,-0.6486375,81.60992,70.07256269029857
1565,164.07582830096078,152.37729018196052,-0.11556624,0.063031495,-1.1092079,-0.4180947,81.852,70.07256269029857
1566,151.93353038713687,159.63991156707536,-0.17448866,0.07510046,-1.1365398,-0.28220868,74.89957,70.07256269029857
1567,136.43553346409715,160.18765872662826,-0.09984592,0.07570191,-1.199833,-0.33525166,79.76738,70.07256269029857
1568,124.67584705787488,161.3781074583685,-0.1340146,0.09066616,-1.2157755,-0.2689634,79.31681,70.07256269029857
1569,129.71425643355482,158.42678076005265,-0.15078974,0.097631335,-1.1730281,-0.2299309,75.023575,70.07256269029857
1570,149.0963088872165,150.89538326844033,-0.09446558,0.093223505,-1.1612874,-0.26815552,75.91431,70.07256269029857
1571,165.24575500604521,146.45349299011838,-0.12857765,0.09584617,-1.1327891,-0.24125077,73.865204,70.07256269029857
1572,162.32706259627525,150.0182005707848,-0.13368537,0.10874217,-1.1290046,-0.23129754,71.86235,70.07256269029857
1573,143.48090653563284,157.8780355697124,-0.047427468,0.074818246,-1.0881289,-0.36404958,74.645805,70.07256269029857
1574,131.0812601282347,159.42602786046106,-0.09889563,0.09058124,-1.0993025,-0.3358274,71.983345,70.07256269029857
1575,136.8331850279263,152.39723574185658,-0.08385124,0.085752256,-1.0948759,-0.34744605,73.362625,70.07256269029857
1576,146.83047326840904,149.94145318902474,-0.10822608,0.0850145,-1.1034834,-0.33137733,74.21734,70.07256269029857
1577,147.45120898964427,159.0710444870611,-0.14259684,0.07572804,-1.1269124,-0.36088645,72.54765,70.07256269029857
1578,144.70293337051794,167.0931628183511,-0.05204827,0.066361,-1.0431273,-0.3780361,72.99953,70.07256269029857
1579,151.05322676724649,159.1509271041187,0.023571756,0.014418996,-0.96007913,-0.5284766,73.815475,70.07256269029857
1580,166.24165234387263,138.59512977870523,0.047186192,0.001027813,-0.90053743,-0.53638464,72.76704,70.07256269029857
1582,176.19575818989625,125.55079565355078,-0.07814514,-0.0696757,-0.9246449,-0.8258851,78.268074,70.07256269029857
1583,168.96572983457426,135.04477900621126,-0.036265247,-0.06129554,-0.9411204,-0.81186634,79.84962,70.07256269029857
1584,148.4509840877185,158.67875331014514,-0.13724437,0.042456947,-1.1282302,-0.55480033,78.04696,70.07256269029857
1585,129.55155165833756,174.30506252642874,-0.020281885,0.025568152,-1.0172046,-0.6152475,81.1373,70.07256269029857
1586,126.53597859492233,170.26482295304731,-0.011102121,0.014815313,-1.0157126,-0.6544799,83.507706,70.07256269029857
1587,142.85663625809534,154.22889342376516,-0.072392866,0.026385613,-1.0446029,-0.6250344,81.49646,70.07256269029857
1588,159.72801598011787,143.76091073375122,-0.11850857,0.04094789,-1.073703,-0.57159376,78.86531,70.07256269029857
1589,151.08998561791378,149.30510694443322,-0.12077237,0.029354075,-1.0717388,-0.5481043,78.23039,70.07256269029857
1590,121.29489292440918,163.54813289286895,-0.02904007,-0.022611449,-0.9051129,-0.5874796,79.57165,70.07256269029857
1591,104.50461675692809,171.55959750536238,-0.034355953,0.0035760049,-0.98565257,-0.5615861,78.79466,70.07256269029857
1592,119.75183308076602,166.9914111415651,0.047179226,-0.010356957,-0.94126236,-0.59008527,82.51759,70.07256269029857
1593,149.4534745153401,152.94239260336792,-0.028057551,0.0014842316,-1.0002989,-0.5599403,78.55047,70.07256269029857
1594,165.9774022874975,138.23122372042005,-0.028568843,-0.0039427076,-1.0340782,-0.5531062,78.57892,70.07256269029857
1595,159.8437213995804,134.59029389489314,-0.078362025,0.0045916233,-1.0602918,-0.516037,76.11684,70.07256269029857
1596,140.03509451020872,145.7681113187922,-0.07190161,-0.001984637,-1.0081277,-0.5210924,75.7292,70.07256269029857
1597,121.75121773496969,161.97441447490544,-0.1013319,0.0009502914,-1.0354623,-0.5002544,74.61,70.07256269029857
1598,115.6045130753066,171.10561785589107,-0.10648055,-0.00078261853,-1.0528018,-0.50169075,74.748566,70.07256269029857
1599,121.63732417923102,170.10315882877478,-0.027426926,-0.0032402237,-0.99685484,-0.5119288,76.091896,70.07256269029857
1600,133.0618490254797,163.20343993134222,-0.0940022,0.0121904705,-1.0567188,-0.44131672,72.835495,70.07256269029857
1601,140.9600666697059,156.82590794037637,-0.10365929,0.0119605195,-1.0641705,-0.44008902,74.551,70.07256269029857
1602,139.21118389080604,155.4985521851516,-0.060710642,0.01182159,-1.0636661,-0.44236284,76.03829,70.07256269029857
1603,134.65196536687392,155.98047718579383,-0.05130877,0.03306117,-1.0881552,-0.41069704,75.40655,70.07256269029857
1604,139.78541117435844,151.9693343187142,-0.05895988,0.015324865,-1.0760757,-0.499656,78.475845,70.07256269029857
1605,152.41014896194295,145.84343263746695,-0.01012657,0.007404608,-0.99200845,-0.53139323,77.16782,70.07256269029857
1606,160.17070015403198,144.1109713067277,0.004941341,0.0048551094,-0.9662025,-0.5256871,76.63156,70.07256269029857
1607,160.68065261650952,145.20212201455308,0.030295221,-0.012664746,-0.9488812,-0.5653546,80.25075,70.07256269029857
1608,160.96529280270502,143.00726285815267,-0.013646394,0.016453717,-1.0218185,-0.48323104,77.2491,70.07256269029857
1609,163.10991123188361,136.6411091331422,-0.015364061,0.030850502,-1.0338335,-0.46445298,77.56653,70.07256269029857
1610,162.31506977281543,131.5765597838227,-0.087142855,0.0727121,-1.0685779,-0.32816455,74.49763,70.07256269029857
1611,156.31036506299935,134.53076639615028,-0.07127447,0.08628576,-1.0668384,-0.3273153,75.08951,70.07256269029857
1612,149.59457169622289,144.9965207966719,-0.043694243,0.07637608,-0.994787,-0.35899544,74.65576,70.07256269029857
1613,147.1568305623149,154.62195658920314,-0.05717427,0.048524965,-0.97960675,-0.4184052,75.08767,70.07256269029857
1614,147.20009906710234,158.4684987108633,-0.06768496,0.07652459,-0.9950274,-0.3072699,73.96973,70.07256269029857
1615,144.2015681708191,158.89558617508263,-0.07616181,0.07000887,-0.9826937,-0.3257139,73.29526,70.07256269029857
1616,138.11633590076485,159.04575294736992,-0.06477225,0.06845016,-0.9485363,-0.34197512,72.44726,70.07256269029857
1617,133.8215809256401,160.04003658935545,-0.07549199,0.043839704,-0.9589468,-0.3938688,73.38315,70.07256269029857
1618,132.78038691746553,161.65627463264565,-0.046745453,0.002981093,-0.92779976,-0.48567164,77.51856,70.07256269029857
1619,134.15431975971455,160.3951932974799,0.041359887,-0.03016805,-0.9000575,-0.55544835,80.62756,70.07256269029857
1620,140.9676213102083,151.5520441458319,-0.014577523,-0.006505272,-0.9911949,-0.49399823,79.59122,70.07256269029857
1621,153.90646045548425,139.99197908248004,-0.014922449,0.006390732,-1.0146804,-0.40306205,74.554214,70.07256269029857
1622,162.31153745971181,137.72759264588225,-0.04822359,0.03232428,-1.0613248,-0.389447,74.016205,70.07256269029857
1623,156.50334831144392,145.68869994542334,-0.023054365,0.018637383,-1.0269027,-0.43139443,75.15603,70.07256269029857
1624,147.17696561039452,152.37654390344892,-0.01818445,0.021573618,-1.0357715,-0.4534384,76.06658,70.07256269029857
1625,150.8938872504603,150.88271237940867,-0.041054156,0.02884583,-1.0081538,-0.44239026,74.987564,70.07256269029857
1626,160.38189098051757,147.32261075096056,-0.0376075,0.032319926,-0.9992702,-0.43691194,75.383,70.07256269029857
1627,157.86818660041757,149.0082868808714,-0.011330331,0.014486065,-0.9699897,-0.48682097,78.6853,70.07256269029857
1628,148.3095931235635,151.013064179014,0.038570855,0.011670902,-0.88190264,-0.4809424,74.78773,70.07256269029857
1629,149.23435312694332,144.081101479049,0.04166475,-0.0031731545,-0.9184745,-0.4856403,75.83959,70.07256269029857
1630,160.4642031093672,130.37315558148413,0.025815524,0.000952469,-0.9390447,-0.46700552,74.60044,70.07256269029857
1631,168.21447467306328,121.69595649036243,0.011737101,-0.001829594,-0.94624203,-0.46706387,74.97699,70.07256269029857
1632,166.10703957976764,124.84762061859145,-0.014368476,0.0008496877,-0.9526754,-0.3649977,72.94642,70.07256269029857
1633,156.87912064536707,137.0868904847913,-0.044146307,0.064900726,-0.7653522,-0.1628979,59.146366,70.07256269029857
1634,146.32254358063176,150.51153832435074,-0.0006715625,0.06999711,-0.8213889,-0.2188009,64.26627,70.07256269029857
1635,142.62283509316987,153.73492616184893,0.019096415,0.01675814,-0.7630213,-0.30827984,62.738327,70.07256269029857
1636,149.77368006920915,142.0557418980169,0.032636542,0.009908378,-0.8232128,-0.3634403,66.78714,70.07256269029857
1637,160.47233508391116,127.52557501355159,0.012676939,0.0150687825,-0.8513069,-0.35757786,68.10463,70.07256269029857
1638,162.89142646559173,125.57439623920804,0.0002534691,0.020247042,-0.88562715,-0.35604092,69.40458,70.07256269029857
1639,153.27268734911797,137.3488515129999,-0.008425453,0.019400839,-0.8877107,-0.36721402,69.74844,70.07256269029857
1640,139.6282723938118,152.49125967418124,-0.06277149,0.042294938,-0.9163631,-0.30932465,66.98396,70.07256269029857
1641,131.85041629583645,161.16916869924856,-0.094676375,0.058544397,-0.92729104,-0.27303416,65.24858,70.07256269029857
1642,131.75183667653252,159.8818950476142,-0.052489012,0.0011284166,-0.88522565,-0.45329815,68.82241,70.07256269029857
1643,136.16850510797488,151.58165376278356,-0.057439934,0.060620926,-0.9460765,-0.31785506,67.34125,70.07256269029857
1644,141.89667795797226,145.0069163189098,-0.029254341,0.051845755,-0.863098,-0.31440362,65.23381,70.07256269029857
1645,148.41303534770182,147.90842003349422,-0.008771251,0.052827843,-0.8484395,-0.30616152,64.70115,70.07256269029857
1646,157.12355529299606,155.16422769672258,0.0031339582,0.054292038,-0.8686892,-0.31173784,66.2617,70.07256269029857
1647,163.232110194945,153.59763780821692,0.0027315435,0.023147566,-0.87660766,-0.42760718,69.700294,70.07256269029857
1648,160.20724986774906,141.723755747772,0.012129063,-0.008334866,-0.85795987,-0.46841833,73.901215,70.07256269029857
1649,152.4322605405146,132.4188413514176,-0.0104758525,0.010279871,-0.92938066,-0.4244044,70.873276,70.07256269029857
1650,148.96817306355786,134.28668509285535,0.011317265,-0.02513264,-0.9266918,-0.491626,77.33724,70.07256269029857
1651,150.49963726241367,140.3860276598818,0.02188022,-0.018133929,-0.9112389,-0.44970167,75.978,70.07256269029857
1652,151.5946505515376,139.44776979131456,0.023654504,-0.053629186,-0.9150871,-0.50295544,76.317635,70.07256269029857
1653,149.68477536296209,132.22465105805477,-0.027643811,-0.012600725,-0.9657391,-0.45685282,72.020546,70.07256269029857
1654,146.0060738653751,129.14197708676983,-0.02504118,-0.013125519,-0.95829964,-0.44788516,73.64884,70.07256269029857
1655,142.07744442070185,133.16355908680765,-0.015527814,-0.019323317,-0.96001905,-0.4492065,76.942444,70.07256269029857
1656,137.16668119834796,137.06221536112673,-0.08170155,0.022563541,-1.0469207,-0.3245389,73.7944,70.07256269029857
1657,128.22419882661066,139.41017621116637,-0.09646895,0.03442999,-1.0547825,-0.32850164,74.090485,70.07256269029857
1658,116.34484261432165,146.23988529800934,-0.09985812,0.04663701,-1.0495085,-0.3405745,73.6698,70.07256269029857
1659,109.7980192514689,156.37754117363258,-0.13667211,0.05255521,-1.0865759,-0.34178612,73.79227,70.07256269029857
1660,115.71943771883511,161.81840932828558,-0.07457479,0.025508923,-1.0156507,-0.40544125,77.61617,70.07256269029857
1661,133.58989348006776,160.29845567846678,-0.024547309,-0.024186702,-0.9553547,-0.48845938,76.455475,70.07256269029857
1662,155.3878969433896,156.79653596706115,-0.008596174,-0.033896487,-0.94698066,-0.4601,75.45755,70.07256269029857
1663,169.68059361009236,155.09572073842426,-0.0029301378,-0.029220808,-0.9540978,-0.405308,75.13513,70.07256269029857
1664,170.35589412405685,153.43368420475193,0.01853373,-0.042825393,-0.9641887,-0.42250296,75.943275,70.07256269029857
1665,160.1415895209166,148.0595646529462,-0.034071125,0.0013487866,-1.0075493,-0.30353013,73.45854,70.07256269029857
1666,145.872649975651,139.15948140522403,-0.04659041,0.016565207,-0.9989462,-0.27002475,72.97629,70.07256269029857
1667,135.30849792915936,131.45542637385265,-0.012906891,0.018327298,-0.8986813,-0.27201807,70.601494,70.07256269029857
1668,133.48445634936357,128.44063063686897,-0.015232536,0.035138134,-0.91991603,-0.23255007,71.77547,70.07256269029857
1669,136.78298689553571,129.22842066052584,-0.059312645,0.048855953,-0.973331,-0.22571163,72.502556,70.07256269029857
1670,137.14209117687642,131.06060225570178,-0.051599693,0.069032446,-1.0272781,-0.22338948,73.73216,70.07256269029857
1671,133.98650819203948,132.07644255082315,-0.05110756,0.06470213,-1.0202628,-0.23888375,71.53475,70.07256269029857
1672,133.99180385986995,132.41781235002938,-0.057829283,0.06342041,-1.0241677,-0.24522918,69.968864,70.07256269029857
1673,139.2384614632556,133.29869517382045,-0.060323037,0.068698406,-1.0061958,-0.23768653,69.46538,70.07256269029857
1674,143.8935877552715,134.01565561690828,-0.033140868,0.047509782,-0.92349774,-0.30668935,68.9251,70.07256269029857
1675,143.71627528514378,132.26381446698272,-0.04502343,0.047797218,-0.9317838,-0.29307824,67.20858,70.07256269029857
1676,142.57215735527112,129.2163304839656,0.039847784,-0.025352137,-0.8149755,-0.4727578,68.70586,70.07256269029857
1677,146.02025556266517,128.55978459916125,0.0109392395,0.013692559,-0.8605059,-0.43995792,67.91573,70.07256269029857
1678,151.0030240352525,130.00446708909803,-0.033723585,0.042541,-0.93532455,-0.4009668,68.52193,70.07256269029857
1679,147.9738823070817,131.24111301282545,-0.060530342,0.09454355,-0.94018316,-0.2734409,65.53966,70.07256269029857
1680,135.37722512939413,133.20452465383337,-0.06243702,0.10086982,-0.9472646,-0.26881707,64.17625,70.07256269029857
1681,124.1066023984278,137.1493787021159,-0.07729501,0.104148366,-0.96447,-0.27328196,64.0745,70.07256269029857
1682,123.02647755655157,141.07128186742545,-0.075923145,0.09871751,-0.9350415,-0.27705392,63.464138,70.07256269029857
1683,129.54349694008607,142.70667191627248,-0.053968016,0.059035223,-0.84528816,-0.40431765,63.072964,70.07256269029857
1684,138.14957719151994,141.93627179095128,0.04687785,-0.03476403,-0.69527274,-0.5630372,68.30716,70.07256269029857
1685,146.89000255644868,138.5207068504864,0.055680458,-0.037559595,-0.7044743,-0.53209656,67.99013,70.07256269029857
1686,153.05285841895397,133.1479298989377,0.0067722416,-0.02121911,-0.78615147,-0.48045594,67.529945,70.07256269029857
1687,152.53183429936044,130.8328337014959,-0.03572782,0.034628585,-0.8521144,-0.37898642,64.18106,70.07256269029857
1688,144.6825557749221,135.21873871212722,-0.044559173,0.04176143,-0.8740599,-0.38024852,64.671814,70.07256269029857
1689,133.80646874780007,141.7897171845345,-0.0680447,0.05456467,-0.9230831,-0.34168682,64.77159,70.07256269029857
1690,125.73685984889323,144.24420857080435,-0.06918836,0.07892688,-0.9361119,-0.2954923,63.262024,70.07256269029857
1691,122.09919392558022,142.58899420230304,-0.06682439,0.11548828,-0.9341121,-0.25362155,62.526478,70.07256269029857
1692,119.54816132479152,140.47738243195892,-0.05216412,0.106443524,-0.9022185,-0.27704173,62.135544,70.07256269029857
1693,116.31518009738674,140.06242022160973,-0.050891545,0.10297335,-0.89378434,-0.28482133,61.640163,70.07256269029857
1694,115.37453232514366,141.1825184262083,-0.0466418,0.06655002,-0.8763429,-0.32654792,60.940594,70.07256269029857
1695,119.8749944410679,141.3653741816068,-0.041807596,0.047342107,-0.85875076,-0.3361105,61.61771,70.07256269029857
1696,128.58310390071458,136.9050971568336,-0.043432936,0.03270971,-0.86193955,-0.35050684,62.51672,70.07256269029857
1697,136.51994368158375,128.3145344795851,-0.008438518,0.016915796,-0.78681254,-0.36357662,62.574146,70.07256269029857
1698,139.0466778855107,122.41751157652484,-0.044959847,0.023186762,-0.8080308,-0.35726255,61.53129,70.07256269029857
1699,134.21737062298175,124.25067704347693,-0.047332525,0.019416954,-0.8294659,-0.37980735,62.164433,70.07256269029857
1700,123.229609558092,130.32950759864295,-0.04661741,0.015624498,-0.83179766,-0.38186342,62.382698,70.07256269029857
1701,111.57379095323475,133.13048829005973,-0.023173697,-0.0029170723,-0.77659017,-0.43262473,63.415733,70.07256269029857
1702,105.9148996708781,129.68571749892143,-0.037299156,0.0012960895,-0.8092511,-0.43060178,62.528435,70.07256269029857
1703,108.35407340583558,124.01785292654297,-0.03572695,0.008356641,-0.81552076,-0.42143768,62.743088,70.07256269029857
1704,116.88318068414594,121.44842551696712,-0.035208687,0.03522524,-0.82121813,-0.37262312,62.238132,70.07256269029857
1705,128.06187419772218,122.47525039960135,-0.028030548,0.032273326,-0.80621207,-0.3811888,62.053627,70.07256269029857
1706,137.71106047662116,124.08197473250178,-0.029856224,0.037386693,-0.8131202,-0.38403836,62.160763,70.07256269029857
1707,143.05481562854416,124.90203573203826,-0.0067434977,0.013230478,-0.76095694,-0.428429,63.871887,70.07256269029857
1708,144.60744411409078,126.28035067009678,-0.02638866,0.022729907,-0.80570865,-0.42650098,62.54685,70.07256269029857
1709,145.33058716494946,129.38902358445614,-0.03553184,0.031221123,-0.81198263,-0.3947407,61.96978,70.07256269029857
1710,147.33830921748395,133.06979606332484,-0.010505468,0.009840873,-0.8179048,-0.41492328,64.19512,70.07256269029857
1711,149.01781474291911,134.22140858488345,-0.019270621,0.01613971,-0.8242258,-0.38277495,61.40248,70.07256269029857
1712,147.45884249255894,130.58165899247916,-0.013570614,-0.0016449362,-0.79156053,-0.3948927,62.118595,70.07256269029857
1713,142.40461669220727,124.15156603191993,-0.015818737,0.004862513,-0.7868291,-0.38131684,61.77962,70.07256269029857
1714,135.62662636652684,120.01574736533854,-0.007190335,-0.008898421,-0.7647111,-0.4042214,61.655613,70.07256269029857
1715,129.4841675979156,120.30700757576062,0.0008057008,-0.025665708,-0.76805407,-0.44389322,62.876675,70.07256269029857
1716,126.12723858327617,122.6220791372225,-0.023560433,0.003184478,-0.9051591,-0.41486928,69.2308,70.07256269029857
1717,126.61649534334632,125.17572125044529,0.02602283,-0.031917945,-0.8595782,-0.55133754,72.53245,70.07256269029857
1721,126.28738639962661,128.17232812261537,-0.16779916,-0.059331372,-0.22440292,-0.6576574,42.85177,70.07256269029857
1722,114.49104964225172,130.0815228947191,-0.08075561,-0.014665932,-0.122968234,-0.39552113,28.701567,70.07256269029857
1723,101.88659578337686,131.65509854017287,-0.07538921,0.013687768,-0.1415612,-0.4077987,29.636707,70.07256269029857
1724,119.6550559620058,140.0524679807611,-0.0954272,0.009569112,-0.2331942,-0.5688356,39.359333,70.07256269029857
1725,161.29486148550532,156.3778966737295,-0.105743654,0.021403333,-0.27012578,-0.5041305,36.498398,70.07256269029857
1726,184.49866475230053,169.38731082580694,-0.11672819,0.015217728,-0.31748268,-0.640077,45.143547,70.07256269029857
1727,176.9778550382457,170.86691267577618,-0.11860961,0.011845979,-0.31943902,-0.66961616,47.405415,70.07256269029857
1728,162.93276690908147,164.38302145270927,-0.11419001,0.009718929,-0.30350792,-0.6164012,43.05214,70.07256269029857
1729,161.10843419411256,158.2555376811236,-0.112898275,0.00807138,-0.29932785,-0.62422127,43.697147,70.07256269029857
1730,168.97655994055623,157.99760078761517,-0.11752779,0.008034796,-0.31826138,-0.6149069,44.86275,70.07256269029857
1731,175.4760539778014,161.91021050896262,-0.11413078,0.012263637,-0.32101732,-0.62435585,45.40605,70.07256269029857
1732,175.40820055412593,163.22009029287472,-0.1169564,0.011012841,-0.324268,-0.65500075,47.18553,70.07256269029857
1733,171.62412640563397,159.6207990027158,-0.11013363,0.010060808,-0.31768477,-0.6759943,48.587463,70.07256269029857
1734,168.25491933494004,156.9965289471879,-0.027602874,-0.015047442,-0.019560672,-0.65579385,43.20402,70.07256269029857
1736,166.6638353814172,160.18273245603098,-0.08421969,-0.06829991,-0.0157447,-0.346646,19.60148,70.07256269029857
1737,166.9145168278108,166.0794437236876,-0.081084855,-0.05380078,-0.05375984,-0.2401659,12.766729,70.07256269029857
1738,167.75002529967267,170.2550614063306,-0.0998947,-0.06059349,-0.13966584,-0.29278687,13.444431,70.07256269029857
1741,166.18826386786222,171.41494064436984,-0.0006471737,-0.009178021,0.1102669,-0.40382725,26.617489,70.07256269029857
1742,162.39566517719612,167.6075708792897,0.0101370225,-0.014362379,0.13297983,-0.6090262,41.17949,70.07256269029857
1743,158.97973796068797,158.6943676516775,0.025968825,-0.016669732,0.1671067,-0.69583976,47.980186,70.07256269029857
1744,155.56269627681743,150.5537678869327,0.049462188,-0.008614466,0.17609571,-0.67279285,47.36446,70.07256269029857
1745,154.39563020199387,149.17238803109257,0.009093531,-0.020474818,0.13759714,-0.63729846,43.473248,70.07256269029857
1746,160.90737794623598,153.81975234447532,0.020351566,-0.014114572,0.12025759,-0.6283264,42.179214,70.07256269029857
1747,172.1089519228918,158.80402381880052,0.027603745,-0.007042696,0.12321996,-0.6896572,47.596413,70.07256269029857
1748,178.27824660830618,159.14495727610904,0.031204574,-0.007857107,0.12106765,-0.69547963,48.089287,70.07256269029857
1749,175.34301820197965,153.90689119722938,0.023253832,-0.00027350275,0.078009255,-0.7073665,48.705936,70.07256269029857
1750,165.83153833847203,146.46017229948012,0.0070152585,-0.0034392537,-0.015408483,-0.75208074,51.157402,70.07256269029857
1751,152.1357959142129,142.13526130752953,-0.041088127,-0.009327402,-0.16048689,-0.73124534,50.654366,70.07256269029857
1752,138.07812010521548,143.0153271199412,-0.0801154,-0.007641092,-0.2483736,-0.71346503,49.650887,70.07256269029857
1753,131.1993786579877,146.106821535112,-0.10025444,-0.0016706315,-0.21711154,-0.6354096,44.86477,70.07256269029857
1755,135.8361628713034,149.43046435083417,-0.1321959,-0.0037968105,-0.38186297,-0.6039041,43.10512,70.07256269029857
1756,149.78938318764358,154.4481416873534,-0.068898305,-0.010002448,-0.26771218,-0.62264776,43.5181,70.07256269029857
1757,166.07754750720238,160.11184769315267,-0.104843885,0.006713883,-0.39785853,-0.57493544,44.124424,70.07256269029857
1759,175.54887772541437,161.486080626132,-0.07453386,0.02527897,-0.31772745,-0.58802223,44.55861,70.07256269029857
1760,174.826906857162,155.8288529912343,0.009521206,-0.027399924,-0.14660794,-0.67281675,46.754047,70.07256269029857
1762,169.17715624389166,148.03810178800353,-0.024123117,-0.03755916,-0.3393063,-0.7891395,56.771503,70.07256269029857
1763,164.5528135633077,147.84948410726045,-0.05237839,-0.03735142,-0.39999864,-0.75393474,55.99483,70.07256269029857
1764,161.55247730954574,154.8633651523034,-0.024020337,-0.019244926,-0.45142937,-0.738349,59.670597,70.07256269029857
1766,157.9064433619152,154.84540155632573,-0.14048025,-0.0026644743,-0.34623533,-0.6791356,46.66129,70.07256269029857
1767,153.35440066170818,145.47337020279053,-0.12952533,0.0015661081,-0.3420004,-0.7272961,51.15971,70.07256269029857
1768,148.89559474710114,143.53388720581566,-0.11477709,-0.017801197,-0.33397648,-0.77704525,52.4465,70.07256269029857
1770,145.71301540394688,153.90258268381075,-0.08911573,0.0013078484,-0.29325244,-0.71648705,49.038452,70.07256269029857
1771,148.08118756467707,163.03371902706644,-0.12844177,-0.008121899,-0.36770615,-0.6313567,44.390797,70.07256269029857
1772,155.38547058430166,163.5188280821357,-0.100123785,-0.0050737374,-0.3146388,-0.73608214,50.792877,70.07256269029857
1773,155.44663871792483,159.86471748980688,-0.12075582,-0.006003124,-0.3948892,-0.64697033,46.874733,70.07256269029857
1774,143.06300822828874,157.2609937556026,-0.10321855,-0.02390057,-0.3116616,-0.65580124,45.714573,70.07256269029857
1775,128.79856361715966,156.9069637169493,-0.08578057,-0.033778463,-0.29726264,-0.66625357,47.13513,70.07256269029857
1776,120.82893877609318,157.93777038664976,-0.11430934,-0.019526703,-0.44252136,-0.6830117,49.468586,70.07256269029857
1777,119.78981544490586,159.60003109340212,-0.092625976,-0.020530999,-0.43367606,-0.71470845,51.934273,70.07256269029857
1779,123.69829822971121,161.95530110091113,-0.12892345,0.0066873166,-0.17156374,-0.50006235,35.81264,70.07256269029857
1780,125.49432300906328,164.90607056008005,-0.16951422,0.0026649097,-0.29957438,-0.14248535,11.758257,70.07256269029857
1781,121.030366214435,166.81263966466256,-0.16232215,0.0071759634,-0.30740663,-0.41195872,31.310493,70.07256269029857
1782,115.81705570399417,165.76857960892028,-0.12760124,0.003389605,-0.33458185,-0.62597984,45.86215,70.07256269029857
1783,114.50803400490807,162.81624932324564,-0.12694883,-0.001721151,-0.3688768,-0.67754996,48.18223,70.07256269029857
1784,116.22433668311858,160.9556131963938,-0.08863667,-0.008202034,-0.40391478,-0.7266197,51.888,70.07256269029857
1785,120.53716810150297,161.43109659884075,-0.1011995,-0.007974695,-0.43443823,-0.60607123,44.33879,70.07256269029857
1786,127.65115436409629,164.68813789315612,-0.076457955,-0.025077764,-0.4495758,-0.7101011,51.693596,70.07256269029857
1787,135.3754783050997,170.7693242149211,-0.0699627,-0.032622606,-0.47915244,-0.7083887,53.60312,70.07256269029857
1788,141.84052176856486,176.090434665809,-0.06225933,-0.048424795,-0.46600166,-0.6371203,49.009274,70.07256269029857
1789,148.60372223022716,175.7859937919477,-0.034941282,-0.044986412,-0.512113,-0.6799805,56.467323,70.07256269029857
1791,150.50187093748607,169.58593999881748,-0.07945865,-0.064013146,-0.028638525,-0.55585515,33.42773,70.07256269029857
1792,131.43204140767105,162.2336830260444,-0.11333031,-0.022359721,-0.09923011,-0.523108,34.81825,70.07256269029857
1793,95.76012027082169,158.57189943969294,-0.13828178,-0.020417329,-0.25494117,-0.37604278,23.9391,70.07256269029857
1794,81.1981008492569,158.62777630469486,0.006682526,-0.013916848,0.001560882,-0.6403766,44.553764,70.07256269029857
1795,110.45583559074598,159.40363448719796,-0.1118452,0.024876991,-0.40518737,-0.6098876,47.444965,70.07256269029857
1796,156.4539252418683,160.3412989261036,-0.0640641,-0.025788087,-0.42587167,-0.7547339,55.025238,70.07256269029857
1797,171.92004941443724,162.4818548959596,-0.096431494,-0.006327582,-0.48428193,-0.90853214,65.30465,70.07256269029857
1798,144.38105893144754,164.68167607588168,-0.06687665,-0.014733872,-0.36595628,-0.85605013,62.90887,70.07256269029857
1799,110.81047463752725,164.75371256803203,-0.10087374,0.013050611,-0.4626055,-0.8212883,62.58509,70.07256269029857
