frame,right_knee_filtered,left_knee_filtered,norm_right_hip_x,norm_right_hip_y,norm_right_shoulder_x,norm_right_shoulder_y,frame_torso_length_px,scale_used_px
80,7.053620950694112,6.845416927942653,-0.1096093,-0.058791015,0.30804932,-0.89919984,107.79698,107.79698
81,41.34574980754455,40.35033492833731,-0.14372002,-0.041536007,0.24873962,-0.89227635,108.63509,108.63509
82,107.82727704275338,105.42310654562847,-0.15194891,-0.027932934,0.1929261,-0.8976203,105.527504,105.527504
83,169.72595729489512,165.04116478385836,-0.16028686,-0.050085116,0.1432203,-0.9275284,102.76147,102.76147
84,190.2294868972855,183.12706572549698,-0.08854317,-0.05433723,0.30728787,-0.914574,104.02902,104.02902
85,178.1414532949549,172.60178650563915,-0.04530142,-0.04268707,0.36198306,-0.9148835,107.590965,107.590965
86,163.08870670390004,164.133695823612,-0.15079284,-0.07160315,0.1730554,-0.94785076,94.78829,94.78829
87,155.74121806750043,159.3956691305676,-0.18874443,-0.10895764,0.049382877,-0.9775271,87.415596,87.415596
88,150.4553101583333,144.66048276450297,-0.12656148,-0.09095837,0.07084476,-0.9881329,87.80839,87.80839
89,140.69700021950584,119.04546437298984,-0.16661116,-0.073724054,-0.020429343,-1.0748527,77.071686,77.071686
90,116.66378514497634,85.08156534981268,-0.15884756,-0.06576582,-0.004117725,-1.0495473,75.92107,75.92107
91,80.66476645828732,52.29345975517081,0.016065257,0.029625556,0.45634794,-0.92592907,59.70826,59.70826
92,70.05721646866857,56.1353094567025,-0.098413065,-0.032813236,0.05819386,-1.0409251,61.85129,61.85129
93,113.01365907012598,113.69423273706275,-0.10034297,-0.030969422,0.08565145,-1.0215569,58.673283,58.673283
94,174.2443286607568,179.97650487840068,-0.16189457,-0.02585639,-0.033685766,-1.0390456,58.83775,58.83775
95,199.1632175551323,203.20072275442158,-0.12788525,-0.021879513,-0.018277803,-1.0393096,59.616608,59.616608
96,184.45916291658003,187.6790236036291,-0.11924291,-0.023865148,-0.020097613,-1.0320171,59.681858,59.681858
97,166.2866819979543,170.3057002520009,-0.106098376,-0.019703096,0.0119391065,-1.0157063,58.979504,58.979504
98,166.71029329328434,169.6726356242152,-0.080477424,-0.018420694,0.069572315,-1.0070972,58.711815,58.711815
99,177.80355163103997,177.540559853131,-0.11506996,-0.02044616,0.0070449086,-1.0086383,58.636097,58.636097
100,183.9021556053622,181.06252885815047,-0.12924114,-0.01827053,-0.019065496,-1.0047626,57.88985,57.88985
101,181.1769237310289,178.25035903279272,-0.13974829,-0.020788006,-0.049766507,-1.0110242,58.53507,58.53507
102,176.48243402523556,174.9665960801384,-0.12437564,-0.0191407,-0.03527867,-1.0167584,58.438866,58.438866
103,175.94643593884157,175.0475070255266,-0.15078479,-0.01891802,-0.09029369,-1.0204755,57.939457,57.939457
104,178.66808725126535,176.9873058251792,-0.14483379,-0.01898601,-0.06432589,-1.018063,57.5198,57.5198
105,180.37498766438446,178.03498752341042,-0.14761317,-0.019288039,-0.06050008,-1.0150884,57.585835,57.585835
106,179.6541094928693,177.86980410114006,-0.14953712,-0.020954108,-0.05987875,-1.02103,56.5433,56.5433
107,178.39066397880424,177.82720654647105,-0.13193579,-0.021236971,-0.02133366,-1.0149693,57.12803,57.12803
108,177.8740048554645,178.45645251167832,-0.12819089,-0.020605583,-0.005807704,-1.0119001,57.06574,57.06574
109,177.42582457020686,178.93580073578966,-0.13844557,-0.020701522,-0.009346057,-1.0088749,57.423374,57.423374
110,176.63195171524893,178.52474273372812,-0.155757,-0.021139588,-0.052551456,-1.0268772,56.262287,56.262287
111,176.29118007396985,177.77852522478935,-0.14820132,-0.021327944,-0.0368978,-1.0266272,56.22186,56.22186
112,176.74409927050255,177.56138929089582,-0.153335,-0.022685999,-0.04617301,-1.0310633,55.548023,55.548023
113,177.35301439128838,177.56593707895092,-0.16206789,-0.022593874,-0.06032668,-1.028992,55.69347,55.69347
114,177.70056844364447,177.07360188053306,-0.15625526,-0.022360891,-0.057000875,-1.0282371,55.86023,55.86023
115,177.66994696816658,176.08663061437844,-0.17690033,-0.0277508,-0.020750813,-1.0305687,56.10014,56.10014
116,176.99521217144357,174.95728226224938,-0.16245426,-0.018533105,-0.0707061,-1.039582,56.98569,56.98569
117,176.12913685476735,174.46463141004003,-0.13520181,-0.022926548,-0.045589667,-1.0379835,59.31391,59.31391
118,176.36215224557753,175.3772027670926,-0.1402989,-0.021874791,-0.06296547,-1.0389968,59.361614,59.361614
119,177.7999188565546,176.71203032799139,-0.13474363,-0.022070978,-0.05451607,-1.0457587,59.59306,59.59306
121,177.90532008090784,175.11679471787738,-0.20135513,0.014068762,-0.80190706,-0.9096547,49.196842,49.196842
122,173.505001449783,167.32321463670647,0.017113939,-0.04345485,-0.21393038,-1.0594943,52.03913,52.03913
123,166.28990939604282,156.5742443569935,-0.041355833,-0.04334574,-0.24797554,-1.0546612,50.624733,50.624733
124,163.32017577016,151.59433460624902,-0.054387834,-0.044734333,-0.3403699,-1.0399768,53.0687,53.0687
125,167.84919552718193,154.36464981974967,0.04437648,-0.079349145,-0.03147755,-1.1258327,52.637714,52.637714
126,174.45462763544927,158.35645512200733,0.0034343128,-0.06914591,-0.19503897,-1.0840193,55.76904,55.76904
127,175.77674370273786,159.3992828849491,0.09186446,-0.056704942,0.0652674,-1.0701216,57.73509,57.73509
128,170.67920221606474,159.8409448566587,0.10471521,-0.050338898,0.08773934,-1.035968,58.730953,58.730953
129,165.74467005401934,162.74481653033064,-0.025020879,-0.031602688,-0.20563918,-1.0515033,59.734047,59.734047
130,167.68830132086705,165.86492502465987,-0.07983295,-0.028619977,-0.3447532,-1.0447725,59.526386,59.526386
131,174.5211776492895,165.12242016144805,-0.09246256,-0.028952487,-0.35423905,-1.0452067,59.78718,59.78718
132,178.77006093227382,162.15076540047903,-0.14905687,-0.02895369,-0.46303415,-1.0502568,58.75914,58.75914
133,177.56967175663598,161.47769872114696,-0.19476075,-0.027731912,-0.53857315,-1.050255,56.450874,56.450874
134,174.05606291562512,163.02706993946515,-0.18834317,-0.022944536,-0.54193664,-1.0324272,55.55389,55.55389
135,171.4139444462262,163.27454574456797,-0.18988016,-0.01685923,-0.53249216,-1.034051,55.44461,55.44461
136,170.21189925538084,161.02667316435443,-0.19238973,-0.017881673,-0.52708286,-1.0284501,55.706436,55.706436
137,169.64287229801096,158.91768580258608,-0.15201342,-0.020670757,-0.46197832,-1.0518917,58.046234,58.046234
138,169.4059208760386,160.69405252699258,-0.0075246003,-0.029065851,-0.046662245,-1.0439875,60.26376,60.26376
139,170.86999120692602,167.55948224365986,0.12025162,-0.03474612,0.18639332,-1.0362757,62.154778,62.154778
140,174.77408145752577,175.919757240071,-0.004746137,-0.027777378,-0.18970327,-1.0574688,62.872368,62.872368
141,178.41282721318095,180.0371325755857,-0.029420763,-0.025282478,-0.1980501,-1.0494694,60.662228,60.662228
142,177.99417987959524,178.22499652584273,-0.03591047,-0.026677454,-0.16455418,-1.0499625,59.088264,59.088264
143,173.12217692698206,173.76637764870253,0.081826426,-0.038187552,0.11597236,-1.0531138,60.376575,60.376575
144,167.24839323445767,170.21275210178163,0.13531104,-0.033286236,0.21462585,-1.0404586,60.976048,60.976048
145,163.63443050067661,169.52707626252877,0.08293324,-0.033109125,0.045112006,-1.0535942,59.634823,59.634823
146,162.38535578447798,172.29788582322294,0.13660897,-0.034243323,0.20047927,-1.0482557,60.310036,60.310036
147,162.4405551332952,176.3971476192968,0.13165005,-0.04016501,0.18521866,-1.051168,59.254154,59.254154
148,163.8914013915269,177.48126739459622,-0.00943842,-0.035989463,-0.14397955,-1.0530301,59.07304,59.07304
149,166.7045294193677,172.86350404186263,0.0033319471,-0.044580806,-0.09551989,-1.069629,57.418285,57.418285
150,169.19500810653105,165.2567703525824,-0.09423064,-0.044202454,-0.30553424,-1.0674937,57.711613,57.711613
151,169.27256970568854,160.59018620344457,-0.07814616,-0.033864472,-0.21865869,-1.0611154,59.065254,59.065254
152,167.10464755997668,161.81882414844526,0.07792682,-0.029724643,0.13897797,-1.045805,61.00201,61.00201
153,164.99081106704924,167.6143520732006,0.113711245,-0.03724162,0.17629881,-1.0419551,60.639168,60.639168
154,164.27151702657943,173.84808002350448,-0.0715356,-0.031665947,-0.3189417,-1.0469552,58.969013,58.969013
155,164.8560183611189,175.079410873762,-0.11269848,-0.032178514,-0.36682996,-1.0553323,58.186188,58.186188
156,166.56655421478985,170.21515027612858,0.0073959283,-0.032379508,-0.00045976185,-1.0437791,60.66851,60.66851
157,168.28871425793272,165.07303832819053,0.09643461,-0.0272813,0.16959094,-1.0349711,61.255974,61.255974
158,168.54583027357535,164.84716064983076,0.11603716,-0.022835882,0.16840339,-1.0316012,60.36995,60.36995
159,167.83219325882393,167.6248980502415,0.106419675,-0.007709968,0.11131931,-1.000385,58.79111,58.79111
160,167.4917367110516,168.4218248436922,0.11715429,-0.004207808,0.14511788,-0.9852794,58.06437,58.06437
161,167.38711611537028,166.50706904738124,0.11480525,-0.011360845,0.13801801,-0.9978103,58.852104,58.852104
162,167.22662209647,165.09607078206443,-0.07160795,-0.01783792,-0.2785627,-1.0539728,58.4709,58.4709
163,168.46616664050129,164.5973381268032,-0.12503347,-0.016929707,-0.36864087,-1.0442097,57.798737,57.798737
164,172.00048851803388,162.03122635178158,-0.12021889,-0.015730146,-0.35026994,-1.0557075,58.87723,58.87723
165,175.6066478376586,157.74999084230782,-0.1347378,-0.014455006,-0.35343134,-1.0567673,59.092815,59.092815
166,176.6697732681453,155.94221983791894,-0.14177775,-0.018282479,-0.3367521,-1.0617765,58.76675,58.76675
167,175.55358030413979,158.73187607195987,-0.17769422,-0.023196738,-0.39981827,-1.0607976,58.434906,58.434906
168,174.2621712654322,164.2125659827554,-0.18236648,-0.026039425,-0.41233292,-1.0576408,58.34213,58.34213
169,174.00607635631195,168.42289573343413,-0.19406809,-0.026506534,-0.4232142,-1.0573066,57.75611,57.75611
170,174.61437269142644,168.27402100103902,-0.18957067,-0.025603654,-0.41857898,-1.0574626,58.246883,58.246883
171,174.33453403165646,165.14339370334136,-0.19474266,-0.02144826,-0.4393295,-1.0522643,58.308243,58.308243
172,172.01641771509728,163.72449020539162,-0.18141408,-0.02468041,-0.4179918,-1.0578344,59.178143,59.178143
173,169.96447151048534,165.51786885347298,-0.15885347,-0.02236011,-0.39324662,-1.0562954,59.499428,59.499428
174,170.33305880786475,167.57026740224362,-0.15863234,-0.02131833,-0.3779367,-1.0477858,58.925587,58.925587
175,171.46320830897747,167.61530191244333,-0.054652885,-0.019659251,-0.13814391,-1.0417271,59.23057,59.23057
176,172.03236916553018,165.07731218479327,-0.1287073,-0.0112242205,-0.2840464,-1.0361165,58.695698,58.695698
177,172.84561818569782,159.5464772130118,0.04592413,-0.015694372,0.06869423,-1.0216421,59.377003,59.377003
178,172.87476943014585,153.829254875529,-0.072245166,-0.015226653,-0.2885211,-1.0273944,58.835915,58.835915
179,170.36654566035378,152.94601050638016,-0.16748144,-0.014214874,-0.42965612,-1.0253285,58.156734,58.156734
180,167.1244630356505,155.89705636966843,-0.18210492,-0.022429667,-0.44608027,-1.0205946,57.280834,57.280834
181,166.33027684837865,155.78294557681835,-0.20487854,-0.02126917,-0.49918598,-1.014969,55.33123,55.33123
182,167.51011727569136,150.3321767294174,-0.2191973,-0.024049988,-0.5515123,-1.0223618,54.794624,54.794624
183,167.23131097617332,145.5688777757328,-0.20741703,-0.024071045,-0.53366035,-1.038414,54.609768,54.609768
184,164.405475050045,147.26929243959995,-0.2126315,-0.027461736,-0.5500333,-1.0413042,54.152496,54.152496
185,161.8980624049817,153.7433948078028,-0.20229082,-0.027755179,-0.5348027,-1.0442542,55.514038,55.514038
186,161.88768256578126,158.85090663187168,-0.20506585,-0.023638269,-0.54133534,-1.0383044,55.104786,55.104786
187,162.95011714530096,158.9550191516606,-0.19836812,-0.023758655,-0.54722416,-1.0395125,55.082466,55.082466
188,163.1791893287666,155.5254332376041,-0.072295934,-0.03228718,-0.25092888,-1.0694561,55.15761,55.15761
189,162.79513831758757,151.96470173583333,-0.08951808,-0.014507224,-0.39244702,-1.029537,54.826454,54.826454
190,162.85481155534555,150.3068405568767,-0.13432096,-0.0053186403,-0.44109574,-1.0322694,54.888306,54.888306
191,164.2578883403292,151.96993657380793,-0.15031916,-0.0027342883,-0.44998628,-1.025844,54.454853,54.454853
192,166.85922165139723,157.0262269880316,-0.1958883,-0.010769265,-0.4703153,-1.0258441,53.305977,53.305977
193,167.66878031892568,161.73738736052763,-0.192457,-0.013048036,-0.463782,-1.0167619,55.00306,55.00306
194,164.78666608360615,162.46675791135897,-0.20156606,-0.015475769,-0.48662108,-1.0129244,55.41993,55.41993
195,163.4012130005839,161.27561006557588,-0.17413093,-0.014866867,-0.51909375,-1.0072153,57.33464,57.33464
196,168.36626996371257,161.62703053269507,-0.18773262,-0.014476116,-0.523226,-1.0055766,57.176785,57.176785
197,174.2557491475627,161.35297652042976,-0.19510585,-0.015324389,-0.5279703,-1.001217,56.519016,56.519016
198,175.0769902234687,157.83710376984436,-0.190559,-0.01778715,-0.511538,-0.9993689,57.694157,57.694157
199,174.39519349315776,154.2676328489552,-0.205591,-0.017579654,-0.5290826,-0.9833177,56.366627,56.366627
200,175.4348739873467,154.16645905352766,-0.19744888,-0.006765633,-0.51159555,-0.98864585,57.750187,57.750187
201,174.29842071806596,157.96294392741652,-0.18151352,-0.00051665126,-0.4690289,-0.9881158,58.713634,58.713634
202,169.2854334141711,164.33770065266913,-0.18480852,-0.0038401647,-0.47242126,-1.0006945,57.655087,57.655087
203,165.40216626603836,169.72766642844329,-0.19028406,-0.0043417388,-0.4522674,-1.0207831,56.659836,56.659836
204,165.88935163352247,171.10539562498832,-0.19884825,-0.005464161,-0.42768782,-1.0197283,56.498302,56.498302
205,167.35224796030386,168.86068675612438,-0.21124533,-0.000888977,-0.42109376,-1.0209831,56.29935,56.29935
206,165.56986548758354,165.17365577096945,-0.22186796,-0.016476221,-0.4200511,-1.0169517,54.72197,54.72197
207,160.81286915127032,162.740458919417,-0.22284982,-0.017528953,-0.4194062,-1.0104234,54.98715,54.98715
208,156.77513490693624,164.2142856985364,-0.21340217,-0.020001154,-0.4147746,-1.0141796,55.25499,55.25499
209,156.8822243493054,169.0988297767369,-0.20985205,-0.025123646,-0.40767634,-1.0186719,55.599037,55.599037
210,160.86101474205265,172.9502571872729,-0.20924728,-0.028072521,-0.40118828,-1.0191242,56.02794,56.02794
211,164.72532713856432,172.359466505325,-0.22896796,-0.036288973,-0.42869225,-1.0195229,54.968513,54.968513
212,164.8821299181454,167.94072065556554,-0.23163602,-0.038535286,-0.4672213,-1.0237117,55.598835,55.598835
213,160.8382596141794,162.35320970567494,-0.24260874,-0.039194264,-0.48404688,-1.0080425,54.92878,54.92878
214,154.46942948491318,158.15629250609047,-0.24354936,-0.04747404,-0.49879748,-1.009982,56.307114,56.307114
215,148.88985608463648,156.83103956974116,-0.24264547,-0.048875175,-0.49177188,-1.006724,56.576733,56.576733
216,148.14865005545806,158.69894538797865,-0.25362977,-0.058721244,-0.4909234,-1.0097057,55.443424,55.443424
217,155.05859794600624,162.8162759985162,-0.24558851,-0.057654586,-0.48949522,-1.0152438,56.79629,56.79629
218,165.3627695173097,166.16455724012297,-0.24309203,-0.05768771,-0.49484736,-1.0089791,56.224613,56.224613
219,169.01454387380025,165.97829845694358,-0.25330412,-0.053357746,-0.521869,-0.9993501,53.075146,53.075146
220,162.5348793708306,163.40908702653078,-0.24817894,-0.049540933,-0.49931404,-0.990293,54.693443,54.693443
221,152.77657897242062,160.6400959465725,-0.24980024,-0.04525189,-0.49446896,-0.9920016,54.975204,54.975204
222,146.92790654863467,158.55837405468446,-0.26356167,-0.04466245,-0.49520487,-0.98862827,53.3796,53.3796
223,146.90513580635212,159.3425461930479,-0.26330727,-0.045032628,-0.4742035,-0.9873119,53.751987,53.751987
224,151.08827221381563,163.05929960524136,-0.2658489,-0.043580722,-0.46586978,-0.9903086,53.93007,53.93007
225,154.52678403802483,165.93180140199453,-0.26187932,-0.037259664,-0.4882446,-0.9866891,54.70198,54.70198
226,152.67823163573576,165.6918128884152,-0.2552479,-0.0337156,-0.48537666,-0.99021703,56.28205,56.28205
227,148.15235054904696,161.62750696035727,-0.25270703,-0.03366697,-0.48644605,-0.9864078,57.15287,57.15287
228,146.73945181070818,154.14111417487302,-0.25064492,-0.034110896,-0.491655,-0.98606545,57.092587,57.092587
229,148.98472721876334,146.67914498240532,-0.23881367,-0.0316225,-0.4991246,-0.990927,59.312527,59.312527
230,151.96563542965416,142.5014564004127,-0.24540374,-0.033202674,-0.5052281,-0.98414195,58.69197,58.69197
231,154.81232616961753,142.24251586339705,-0.24073124,-0.034409847,-0.49639052,-0.98224825,58.733074,58.733074
232,158.31400883788447,145.42865002646528,-0.24765241,-0.028100677,-0.5116289,-0.9774741,56.746124,56.746124
233,162.14316349664892,151.037124654674,-0.257922,-0.032033626,-0.51970375,-0.9847509,54.998775,54.998775
234,164.59278651026807,156.93940117793258,-0.25828028,-0.028569773,-0.5231132,-0.99355185,55.403145,55.403145
235,164.4301362486882,159.88321310210438,-0.2595422,-0.028047211,-0.5295329,-0.99282235,55.625854,55.625854
236,162.64814492573993,158.18369965126726,-0.2586689,-0.026505243,-0.53622943,-0.98880315,56.096333,56.096333
237,161.4135072360059,154.72171395466472,-0.26519004,-0.020674523,-0.5399326,-0.98738563,54.52403,54.52403
238,161.41793460913087,153.9402912894274,-0.25471723,-0.021122504,-0.5351095,-0.9846599,55.349895,55.349895
239,161.80052322547064,156.56323968766637,-0.2643007,-0.013253944,-0.56672436,-0.98137623,54.00119,54.00119
240,161.85226620985426,159.86223343107997,-0.26346183,-0.010663484,-0.58021295,-0.9790814,53.256664,53.256664
241,161.92615921009602,161.56598450148056,-0.2710148,-0.004339411,-0.59269845,-0.9742467,52.07681,52.07681
242,163.196163446159,161.04776349879344,-0.2840724,0.004161253,-0.64655584,-0.94321877,50.302174,50.302174
243,165.37929792886348,158.4592560196306,-0.3039123,-0.013708285,-0.67887634,-0.94077444,48.932186,48.932186
244,164.60830259791504,156.1613044116233,-0.2895562,-0.015321457,-0.67284846,-0.94284415,49.745693,49.745693
245,157.11992946981505,158.0407512305788,-0.2839379,-0.017247641,-0.6682226,-0.9444245,50.048595,50.048595
246,145.74053689613442,163.57957705167303,-0.27921504,-0.013616326,-0.64870036,-0.9478772,50.694813,50.694813
247,137.68217786354177,167.0584990952839,-0.2647953,-0.0035705774,-0.6575814,-0.9442451,52.606533,52.606533
248,135.5102891361631,164.96697833103357,-0.2757602,0.0069978866,-0.66220945,-0.9480731,51.660057,51.660057
249,136.06319711342343,159.33994635685366,-0.26481572,0.015277124,-0.61423,-0.97072107,53.214058,53.214058
250,137.36642341763576,154.00592009507642,-0.24611361,0.0012935683,-0.5541613,-0.9736109,56.10125,56.10125
251,140.58367168968405,151.54013767268148,-0.24495363,-0.001130032,-0.5327854,-0.9765901,55.63224,55.63224
252,146.21007167505368,152.56671564494687,-0.23917715,-0.005586009,-0.5043083,-0.980668,56.090847,56.090847
253,153.02593870150258,155.82363054154698,-0.23561959,-0.0075066425,-0.48846132,-0.9754484,56.244946,56.244946
254,159.49749924222215,159.53666968682896,-0.23975973,-0.01548477,-0.47698122,-0.9709654,56.424362,56.424362
255,163.91554084631952,163.4582821758046,-0.24390842,-0.026682122,-0.45967048,-0.97042024,56.14765,56.14765
256,165.21138651672453,168.26813323106953,-0.2637777,-0.02700127,-0.4658982,-0.96604425,53.698242,53.698242
257,163.96042480459568,172.5015904047135,-0.25912398,-0.032177262,-0.4399758,-0.9803863,54.49151,54.49151
258,161.61104726525585,173.56711791948734,-0.2638088,-0.04500644,-0.45224315,-0.985027,53.28217,53.28217
259,159.65198810402802,172.1366312378881,-0.2714728,-0.044567544,-0.45973828,-0.9949572,53.35153,53.35153
260,159.0198294390432,171.34283822160543,-0.27781457,-0.052821256,-0.48860776,-1.0007868,51.997665,51.997665
261,159.45188688593046,172.43008424133518,-0.28017938,-0.051517818,-0.48153824,-1.00698,51.59419,51.59419
262,160.13485762610748,173.7589580003665,-0.28631523,-0.052658487,-0.55166936,-1.0122273,50.712444,50.712444
263,161.13332258091398,172.32593821434529,-0.29290038,-0.038165223,-0.6048766,-0.9951056,49.721813,49.721813
264,163.3884928127793,166.8304546342138,-0.29864475,-0.033163827,-0.5941651,-0.97783595,47.841553,47.841553
265,166.65191231684108,158.80722569610356,-0.2977191,-0.034261547,-0.5947416,-0.9814672,48.980904,48.980904
266,168.56025415399836,148.62100490670485,-0.28651646,-0.028167153,-0.63004327,-0.98027617,49.880753,49.880753
267,167.69298018050026,137.97504100645136,-0.29396078,-0.021282211,-0.63525754,-0.9680117,49.170067,49.170067
268,165.5152689600578,134.50079942131512,-0.29275823,-0.022480968,-0.6809534,-0.9655126,49.492546,49.492546
269,163.51714575209493,140.7422869287062,-0.27322596,-0.019479081,-0.663702,-0.96247596,51.58779,51.58779
270,162.0391003499773,147.72639452869055,-0.27081737,-0.017255392,-0.65269595,-0.9629984,52.516277,52.516277
271,161.57706512905773,148.54690472451964,-0.2590613,-0.020619627,-0.62695676,-0.9712159,53.778214,53.778214
272,161.4928942899368,146.16899271405217,-0.26078936,-0.015764605,-0.6415722,-0.95745593,53.38629,53.38629
273,159.76582187302355,145.9937314196132,-0.2584553,-0.018381711,-0.64412725,-0.9651747,53.409092,53.409092
274,156.1768836378497,148.9670210828513,-0.25732723,-0.008354323,-0.60695016,-0.97006786,54.1909,54.1909
275,153.4472425407651,152.0236675477456,-0.25223428,-0.011636695,-0.60226345,-0.9754531,54.079185,54.079185
276,153.93784101092643,152.51390904348926,-0.24563314,-0.015446475,-0.5966186,-0.98254836,55.88461,55.88461
277,156.962529366846,150.6692801890904,-0.26251343,-0.014935506,-0.6011232,-0.9797319,54.09612,54.09612
278,160.25214663899456,148.466001729776,-0.25430956,-0.013114934,-0.59073806,-0.9613604,54.55961,54.55961
279,162.25894160719673,148.00011996838253,-0.26062667,-0.0023287025,-0.5901011,-0.95037884,53.2455,53.2455
280,162.71154260977545,149.74162238507645,-0.25224382,-0.0018020822,-0.5580891,-0.961278,53.750484,53.750484
281,162.14493477092574,151.97192633506512,-0.2526419,-0.0023175755,-0.554802,-0.95800835,53.65915,53.65915
282,161.5974325266059,153.5396440904696,-0.24601446,-0.0038782067,-0.56078565,-0.9596208,54.327522,54.327522
283,162.01293868212042,155.53286169371682,-0.27190185,-0.0037239895,-0.5803486,-0.9468689,54.274567,54.274567
284,162.8394778780714,158.10760116124004,-0.25834778,-0.005733084,-0.5341161,-0.9636471,55.168243,55.168243
285,162.60797120016974,157.1499674129269,-0.25443956,-0.01072173,-0.5538139,-0.9747917,54.4389,54.4389
286,161.0030040241626,149.07855018965964,-0.275633,-0.0034734935,-0.6116708,-0.98462117,52.776577,52.776577
287,159.16757862530667,139.67678660694435,-0.29260343,-0.015807705,-0.6560933,-0.97685546,51.0206,51.0206
288,158.9020831059673,139.72645711366096,-0.30427608,-0.011567099,-0.67375284,-0.97350955,49.982758,49.982758
289,161.4385037588384,150.93870456859776,-0.32463166,-0.030982716,-0.6808417,-0.97385645,48.361885,48.361885
290,166.36197834342784,164.7470023609626,-0.3178295,-0.025290536,-0.71391726,-0.96079046,46.887955,46.887955
291,171.20730622565895,172.9003079947354,-0.33402094,-0.025230292,-0.7251856,-0.947527,47.82846,47.82846
292,172.3466673264743,173.19487839617733,-0.33346385,-0.032342706,-0.67568034,-0.96647286,47.791775,47.791775
293,169.1075392346604,169.07628374396674,-0.32645392,-0.033565782,-0.6546629,-0.9828021,48.548775,48.548775
294,165.05933878501003,165.37865326610552,-0.29328892,-0.028016878,-0.57592934,-1.030108,49.660313,49.660313
295,162.82444658700385,163.10457918437,-0.31154612,-0.03256471,-0.6202858,-1.0146079,49.62981,49.62981
296,162.54856528143145,162.44869194076546,-0.26803073,-0.030177545,-0.59307957,-1.0218687,52.228947,52.228947
297,164.11098926066327,165.11840537683307,-0.24828838,-0.015687346,-0.57758254,-1.0069277,54.666634,54.666634
298,165.45915124305282,167.14829528959675,-0.24209243,-0.004836683,-0.5749955,-1.0130137,56.71707,56.71707
299,163.2990682343584,161.0846114152766,-0.26411197,-0.004501837,-0.5957542,-1.0232618,55.75659,55.75659
300,157.6610507035087,147.92992096642556,-0.24802004,-2.1352e-06,-0.6323037,-0.99743897,57.170433,57.170433
301,150.9978102559867,134.94743670824712,-0.25422642,0.014209874,-0.60811794,-1.0077358,56.832783,56.832783
302,144.9147503871369,126.68544348754419,-0.2726149,0.03432432,-0.6621033,-0.99943936,55.526646,55.526646
303,141.47275435672867,126.43789841361811,-0.2786355,0.044585224,-0.7065186,-0.976261,53.687668,53.687668
304,143.02552987885247,136.85856530478884,-0.29849663,0.048024468,-0.73625493,-0.96005225,49.91403,49.91403
305,147.95011308156833,154.6538229204741,-0.30693766,0.042112652,-0.7563185,-0.90062,47.510506,47.510506
306,151.1697939911143,170.25757147654411,-0.23386577,0.01778628,-0.60481846,-0.95045483,49.917572,49.917572
307,151.0121641542836,175.31806433354504,-0.23128194,0.003920594,-0.5825086,-0.9815855,51.60737,51.60737
308,150.53388115207696,170.52171221854348,-0.22287108,-0.013093465,-0.5196942,-1.045544,53.642185,53.642185
309,150.1991842248541,163.14043551039148,-0.25516784,-0.022692692,-0.5804859,-1.0236821,53.123066,53.123066
310,146.63749775351675,156.69092738791642,-0.2662481,0.005616707,-0.6180759,-1.0492189,51.247433,51.247433
311,141.34027362259002,143.10038205451357,-0.32348478,0.038439363,-0.7455854,-0.94888234,48.417686,48.417686
312,140.61379214665868,114.51638386629338,-0.25865564,0.0007312902,-0.6446208,-0.9944411,50.2443,50.2443
313,144.47242849512034,93.8198267231854,-0.25882265,-0.0057506924,-0.6068799,-1.0050129,50.01096,50.01096
314,146.5840877024082,112.03546031979016,-0.32036656,0.0180412,-0.7262436,-0.9468049,47.041985,47.041985
315,145.46882030320506,145.90040254921016,-0.29873544,0.0129637765,-0.6979534,-0.9710309,47.66276,47.66276
316,146.17950607327055,152.21811197201905,-0.29201087,0.003803769,-0.6616485,-1.0455832,49.76657,49.76657
317,151.57753034655607,140.7531619809909,-0.34655747,0.021859992,-0.7480171,-1.040537,47.085876,47.085876
318,158.2614089725572,135.36955034478638,-0.414502,0.08657734,-0.9497747,-0.9242329,41.84223,41.84223
319,160.82478753572207,125.02820108550972,-0.38122886,0.05487043,-0.93246365,-0.8927058,43.355534,43.355534
320,157.58783019564683,105.95047523064216,-0.40711743,0.101805516,-0.9737297,-0.8226934,39.96477,39.96477
321,152.3062188011889,96.92826543706026,-0.42948708,0.094937116,-1.0381501,-0.8097694,40.814564,40.814564
322,149.14196135432314,97.01679317057888,-0.41147017,0.12031981,-1.0892123,-0.76918906,39.62878,39.62878
323,145.98249424637052,87.00189540868833,-0.36537805,0.11244424,-1.0250692,-0.82530797,41.434654,41.434654
324,138.36112268595073,65.06958366169606,-0.30510077,0.12741832,-0.83190703,-0.86358964,42.59967,42.59967
325,129.21422316427822,52.98276400712735,-0.21184804,0.08371426,-0.69334894,-0.8868066,50.217834,50.217834
326,125.38588529208471,66.85418988560517,-0.19660637,0.07965332,-0.6396817,-0.91477424,49.285843,49.285843
327,127.47714520914583,95.06797813604638,-0.17438747,0.08222115,-0.6428709,-0.93412626,52.46968,52.46968
328,130.53277318522825,117.78375041811869,-0.31794238,0.15439709,-0.8579545,-0.75895107,45.73533,45.73533
329,130.42468330511755,127.38373972514587,-0.2951588,0.1490534,-0.8813759,-0.7772826,47.21528,47.21528
330,127.49453831660858,123.04633754840529,-0.3050171,0.15856229,-0.92660195,-0.7592847,46.7438,46.7438
331,125.56965561784668,108.85008893883894,-0.25206453,0.14996526,-0.8395213,-0.7648645,47.295704,47.295704
332,127.20729002611222,94.963930179926,-0.25458255,0.14478366,-0.8425327,-0.7651336,47.672657,47.672657
333,131.459872817843,88.1354969673052,-0.2365685,0.13646048,-0.8099014,-0.7689722,48.916286,48.916286
334,135.69314214837593,83.62057571642835,-0.33381817,0.16475214,-0.9942774,-0.65291053,47.96338,47.96338
335,137.83772680460785,71.2008880639615,-0.3263257,0.17748494,-1.0293188,-0.6375109,47.840836,47.840836
336,137.9485960168675,52.22265542124919,-0.33721578,0.19009364,-1.0838163,-0.59728235,47.790264,47.790264
337,136.94748124341288,42.651380552397136,-0.34295604,0.17795026,-1.1082019,-0.5857204,48.25955,48.25955
338,133.81724506863884,49.69007042519002,-0.31323728,0.12985066,-1.0767941,-0.62743515,47.812588,47.812588
339,128.1571153591574,59.9456330269224,-0.3442207,0.1603019,-1.1390713,-0.58336014,46.971195,46.971195
340,123.88856145561085,60.18372397431998,-0.32511055,0.16133308,-1.1127269,-0.6004716,48.41577,48.41577
341,125.03917359078191,53.96617359672144,-0.28765717,0.15280344,-1.0470856,-0.6138777,51.355457,51.355457
342,130.64508680407616,53.33618391103327,-0.3119509,0.16661759,-1.0964512,-0.5801403,49.29717,49.29717
343,136.40886558203985,62.68423786524243,-0.33681265,0.17666987,-1.1686997,-0.5363285,48.460056,48.460056
344,138.28872903056606,72.91995974454173,-0.35363662,0.20953558,-1.202183,-0.47357634,46.069347,46.069347
345,135.5744445141807,73.85065185234079,-0.37143075,0.21692681,-1.2755384,-0.45446038,44.72024,44.72024
346,132.47122414516386,67.54806618926857,-0.38257644,0.21062833,-1.249041,-0.47759354,44.26917,44.26917
347,133.4788386223388,59.93536888363278,-0.38052887,0.1995485,-1.2655963,-0.4713634,45.286255,45.286255
348,137.70010975271876,48.9741564972657,-0.36801904,0.2024539,-1.277887,-0.46109214,43.91899,43.91899
349,141.72530750180064,35.37152662763055,-0.28105345,0.17309393,-1.1560388,-0.4940857,49.9924,49.9924
350,144.97659537221418,29.595662951161504,-0.32297608,0.17613222,-1.2108608,-0.5005581,46.3739,46.3739
351,148.4721302854693,35.05216392537646,-0.3059769,0.17326209,-1.1832594,-0.4907544,48.97743,48.97743
352,152.4088314097971,48.6007851576195,-0.31373787,0.18217106,-1.1898737,-0.48868,48.738384,48.738384
353,156.60455905070603,73.49833894429628,-0.3107544,0.18168284,-1.1906892,-0.4877936,50.69588,50.69588
354,159.77473428721117,100.95147907744304,-0.3517363,0.21141405,-1.2538521,-0.43454152,46.497673,46.497673
355,160.32637731144717,106.04270118045059,-0.35930842,0.216992,-1.296912,-0.4129871,46.87757,46.87757
356,159.67289699893124,85.27549168492774,-0.32351536,0.1913977,-1.2573807,-0.40204382,49.872128,49.872128
357,159.66724588588707,64.9292072772036,-0.33920798,0.1914103,-1.2771531,-0.40371642,48.364727,48.364727
358,158.76037567717017,64.47693998996552,-0.3338494,0.18787871,-1.2677947,-0.42537752,48.96149,48.96149
359,155.73910086876478,78.45768175815755,-0.32713744,0.18433835,-1.2452778,-0.44241488,49.496067,49.496067
360,152.20612800644474,92.42870283384387,-0.303784,0.16763641,-1.2050874,-0.46758294,52.45462,52.45462
361,148.55113440758072,99.55675167108026,-0.18878789,-0.0587203,-0.9219968,-0.89075917,51.38953,51.38953
362,142.55567521482922,106.10314155760902,-0.16700822,-0.077171445,-0.86128217,-0.8928171,51.824337,51.824337
363,134.7536736442467,121.09500444091177,-0.21350145,-0.07201902,-1.0234457,-0.76616806,53.0319,53.0319
364,130.0712424500145,138.74608938634518,-0.26459715,-0.009608588,-1.0576186,-0.73764694,54.06629,54.06629
365,130.41415691169163,145.49858035452712,-0.25027466,0.007404994,-1.0251173,-0.6908518,51.844894,51.844894
366,131.63597972885475,140.7516187408846,-0.25089067,0.035997815,-1.0319796,-0.677317,52.134815,52.134815
367,130.2610387624417,135.46758807670065,-0.23868787,0.03205619,-1.0340693,-0.65845776,54.51072,54.51072
368,127.84791430186455,136.2684397067616,-0.24798878,0.03316477,-1.0661032,-0.67249566,53.560036,53.560036
369,127.71512973119036,141.68232480130004,-0.25866115,0.059911907,-1.0652312,-0.67323065,53.52504,53.52504
370,130.46685366972264,146.02962802386594,-0.29425123,0.09438342,-1.1223068,-0.55919635,54.9982,54.9982
371,133.96264579249782,139.35628421852573,-0.25701052,0.09223827,-1.1294745,-0.50036097,59.129246,59.129246
372,136.49641557833303,122.49345617165599,-0.2568478,0.08796242,-1.148608,-0.45719525,62.951702,62.951702
373,138.28841655209737,118.44708140410461,-0.24019794,0.075013734,-1.1376271,-0.4548848,64.76719,64.76719
374,139.84718687965852,140.53179645511167,-0.17972276,0.06153827,-1.066601,-0.49083015,67.153946,67.153946
375,140.41502155642445,169.4118095354737,-0.19114786,0.059732806,-1.0709915,-0.5072281,63.650658,63.650658
376,139.75032895894395,174.98596013328927,-0.24400324,0.077872925,-1.1353453,-0.45512304,64.66764,64.66764
377,140.03907113324138,140.92321778081077,-0.2208523,0.073082276,-1.1275084,-0.43646038,66.625046,66.625046
378,142.56392688238998,86.00614038150024,-0.20564885,0.08430925,-1.133932,-0.45619273,64.5338,64.5338
379,145.093825013004,52.7302529086396,-0.22886279,0.082490094,-1.1376774,-0.47174087,63.411674,63.411674
380,145.79490239907304,50.6933680981369,-0.18620308,0.061751805,-1.1060269,-0.55623823,57.869026,57.869026
381,144.11916989286266,59.07360125066818,-0.1655849,0.036995664,-1.1130613,-0.59433377,54.009243,54.009243
382,137.77861450995962,77.63923641150815,-0.15836617,0.015436956,-1.0840324,-0.5901962,55.03934,55.03934
383,127.69074789840556,113.41680772865624,-0.17629132,0.03336356,-1.0971113,-0.57689714,52.46616,52.46616
384,121.35750466518775,148.99304799765622,-0.2194144,0.05372021,-1.0997802,-0.53596145,54.901886,54.901886
385,123.80392789525243,165.01322362187372,-0.20798482,0.05973777,-1.0723057,-0.4962538,56.578144,56.578144
386,131.9324687498549,162.91869586716234,-0.22510159,0.0877411,-1.1151589,-0.43398222,55.92744,55.92744
387,139.95107618987535,149.30131908101308,-0.22395304,0.10767618,-1.1136034,-0.42940584,56.46009,56.46009
388,144.3557611518815,125.85613018690778,-0.20047867,0.102600865,-1.093822,-0.4272936,56.963882,56.963882
389,143.8522741485675,104.85266915560595,-0.18132474,0.056862365,-1.064726,-0.5289742,55.30182,55.30182
390,139.56142689270092,106.44251222633864,-0.15602341,0.02024201,-0.97242,-0.63678735,55.526226,55.526226
391,135.4208557855893,130.07308320605162,-0.12317188,-0.07729509,-0.8784718,-0.85422647,52.854042,52.854042
392,135.20455346842317,152.44931405233075,-0.09216713,-0.11942842,-0.81080294,-0.9556637,51.452045,51.452045
393,139.34844777902182,158.66532839466677,-0.09482874,-0.08169056,-0.8460126,-0.8395214,54.444496,54.444496
394,145.20539537702402,155.42903690605914,-0.13427208,0.0051806644,-0.9253289,-0.72368574,53.687557,53.687557
395,149.6622869049511,152.56242702441855,-0.119865686,-0.032175947,-0.8835716,-0.7561717,52.80263,52.80263
396,150.46088904905378,150.07142913804637,-0.066103354,-0.06552934,-0.79576147,-0.848192,54.493965,54.493965
397,147.35671909820329,146.6071287174697,-0.19284718,0.08250159,-0.9777157,-0.52573484,56.24115,56.24115
398,144.37599420628484,145.25567510965845,-0.19394825,0.094182685,-1.0803595,-0.48825777,54.968956,54.968956
399,145.77896091523328,148.13425820459668,-0.17546368,0.08000143,-1.0417486,-0.5122248,56.97759,56.97759
400,149.21410782045837,154.55087947643366,-0.16734049,0.07921299,-1.0230844,-0.5332426,56.98531,56.98531
401,149.4948385933128,162.22339781788938,-0.18506403,0.058497854,-1.0383959,-0.5468145,55.132942,55.132942
402,146.68790593670238,167.46870481199963,-0.1960364,0.059370708,-1.071509,-0.5360189,54.014492,54.014492
403,143.5839433578021,169.19562474153307,-0.15844567,0.012245043,-1.1008669,-0.6559514,49.82485,49.82485
404,140.2572330749062,170.22480984057688,-0.20428315,0.030384522,-1.1219889,-0.6074181,50.647823,50.647823
405,138.484090776442,171.53446040973233,-0.19235878,0.027943091,-1.0989633,-0.6288229,52.991394,52.991394
406,142.75769533516785,170.1329817646457,-0.11026532,-0.052363604,-0.9247021,-0.8345717,53.66085,53.66085
407,151.4830382061836,163.9752753541185,-0.108199365,-0.041391052,-0.90642405,-0.7903904,55.396217,55.396217
408,158.08308360073445,155.57094046192674,-0.097631164,-0.051201236,-0.87302196,-0.7889783,56.27258,56.27258
409,159.81715226201362,150.0973591069625,-0.14402857,-0.037643667,-0.9643675,-0.7761841,49.808365,49.808365
410,158.23368355040742,150.85353497966054,-0.124173485,-0.016921716,-0.8791736,-0.77684265,55.573513,55.573513
411,155.93458623693857,156.35602320509832,-0.07395395,-0.08265052,-0.80545706,-0.97413284,53.854973,53.854973
412,154.16675844969228,159.04211160631763,-0.13074996,-0.07951432,-0.8137461,-0.9917684,50.142673,50.142673
413,151.93186110256286,150.5980295470429,-0.20514052,-0.025267558,-1.0701287,-0.9148227,48.745884,48.745884
414,148.77316107709305,138.31560051172866,-0.20301268,-0.014109933,-1.0419446,-0.85753834,50.658123,50.658123
415,146.20727106461527,142.3344042456625,-0.20120652,-0.06261974,-1.0276998,-0.93565047,50.2007,50.2007
416,145.25784399908918,163.51380856105325,-0.15898485,-0.065250434,-0.91303164,-0.92862487,52.104034,52.104034
417,144.63079157818296,177.65316527665783,-0.15345412,-0.06818121,-0.909101,-0.9584824,49.158928,49.158928
418,142.7622929836919,169.97614012613113,-0.14113058,-0.064756505,-0.8631311,-0.9378721,51.88551,51.88551
419,139.90809710276378,152.83813252973792,-0.07406434,-0.10094033,-0.7281367,-1.0263138,48.182484,48.182484
420,137.0429963167219,143.72310360388846,-0.18075557,0.009086434,-1.0089936,-0.86073464,51.55767,51.55767
421,135.20174423955572,138.8911081157618,-0.1897259,-0.021516075,-1.0313983,-0.8865356,52.043945,52.043945
422,134.9380075777152,122.05043423657014,-0.17435761,-0.036337543,-0.948592,-1.010316,50.49682,50.49682
423,134.90864154987742,94.68850326005166,-0.13971479,-0.06433619,-0.77116597,-1.0748819,47.026608,47.026608
424,133.54907182044687,73.24166521510193,-0.23375937,0.0073330724,-1.0087335,-0.8347306,48.953323,48.953323
425,132.03550289678066,64.346502036114,-0.21484078,0.00018792516,-0.98020524,-0.83444124,49.04244,49.04244
426,133.1100713342758,74.24244704870085,-0.2503462,-0.027721675,-1.0673553,-0.82624286,45.931023,45.931023
427,137.21270850726154,112.23021559575923,-0.29847994,-0.030245377,-1.177872,-0.88355625,44.004498,44.004498
428,142.4226468758386,159.35375036134886,-0.38892224,0.083282486,-1.3520542,-0.72707075,40.81824,40.81824
429,147.88219035543082,177.31078457630653,-0.38962507,0.13439058,-1.3127279,-0.68906593,41.347404,41.347404
430,153.2602702323511,156.86236205663076,-0.32243076,0.004715582,-1.1369892,-0.96281135,46.69293,46.69293
431,155.97503560965077,130.1242469011666,-0.3762067,0.032971814,-1.1710476,-0.91663575,42.443665,42.443665
432,153.63915477868994,128.84638281321858,-0.27819976,-0.01176949,-0.93821603,-1.063905,45.075665,45.075665
433,147.84738657195896,146.35976588181677,-0.24868582,-0.012322514,-0.9293531,-0.9456348,48.40705,48.40705
434,142.6342816257329,160.77355157314892,-0.24147385,-0.009541865,-0.94449204,-0.9070255,50.17785,50.17785
435,140.58994255066764,168.72743910711372,-0.25874466,-0.0103176795,-0.9148804,-0.9297961,48.51375,48.51375
436,141.27673673839263,174.5335909963505,-0.25230235,-0.017002176,-0.9094772,-0.96064514,51.058346,51.058346
437,142.53940686892494,175.44688635896102,-0.26422945,-0.031236134,-0.9174111,-0.97030556,50.086678,50.086678
438,142.79509167209267,167.8660202272937,-0.29162797,-0.009297962,-0.9556329,-0.92037845,50.053234,50.053234
439,141.82721973240925,155.63331945237286,-0.27729788,-0.031469237,-0.8624179,-0.97716105,48.0535,48.0535
440,140.3945510355848,150.52770121466003,-0.2746292,-0.03174563,-0.8612187,-0.9862597,46.464237,46.464237
441,139.34436172182134,159.3448033335155,-0.23438774,-0.06707602,-0.7604972,-1.0011132,50.334244,50.334244
442,138.42295636870776,170.96977176902703,-0.1903427,-0.066189766,-0.6526542,-1.0513402,50.929356,50.929356
443,136.91924853887966,169.89906352766545,-0.12657285,-0.09479584,-0.53484076,-1.1103013,53.48762,53.48762
444,135.40469119200216,152.92376042697094,-0.1486468,-0.086650446,-0.49884027,-1.1632624,53.325714,53.325714
445,135.64752378695317,121.62508061772927,-0.14827144,-0.022590304,-0.54360735,-1.104738,57.388214,57.388214
446,138.70446936467775,82.88698546958452,-0.23257168,0.07067218,-0.70705664,-0.9588879,50.668762,50.668762
447,142.94107897524773,54.465661952567984,-0.2334839,0.06646228,-0.7409553,-0.93318045,50.555233,50.555233
448,145.73765771170994,51.04255821587276,-0.23995309,-0.0034126828,-0.7798602,-0.99588186,46.867123,46.867123
449,147.86166377134873,76.35644935496205,-0.28245717,0.047038577,-0.99105495,-0.9400174,45.97109,45.97109
450,152.1498412373936,118.96592022402656,-0.27214816,-0.004504926,-0.9211093,-1.039071,44.114037,44.114037
451,157.70338618857699,153.9813302909016,-0.2998484,-0.023667762,-0.93188965,-1.0514731,42.66031,42.66031
452,160.30726324877082,168.3919672508534,-0.3040076,-0.020525133,-0.98031133,-1.0869585,43.05441,43.05441
453,158.67973166223973,169.49717651794398,-0.29815087,-0.03575148,-0.97106975,-1.0755637,43.286217,43.286217
454,155.7000473801283,161.5058744846769,-0.29836693,-0.005238749,-0.9491588,-1.0745403,41.90761,41.90761
455,153.32135874054734,134.51577505884916,-0.23524919,-0.0273229,-0.8056987,-1.1334674,43.558884,43.558884
456,150.88202209560714,93.94839976778738,-0.19929698,-0.051025227,-0.7555386,-1.1746633,47.49238,47.49238
457,148.79481224691028,76.64802822091252,-0.22321604,-0.058648765,-0.769853,-1.1860434,42.991146,42.991146
458,149.4699292685455,103.43575732367844,-0.19906656,-0.06739567,-0.74561876,-1.1971426,44.899494,44.899494
459,153.2584431487917,149.24102658192768,-0.192546,-0.04255028,-0.7723423,-1.1552206,46.828934,46.828934
460,156.7924393868377,176.482014769682,-0.19472097,-0.022175962,-0.8160421,-1.1218632,49.85537,49.85537
461,157.15054919467119,165.53312041163903,-0.18920512,-0.023546664,-0.7608362,-1.1048415,53.197536,53.197536
462,154.9332234608703,129.0667386092001,-0.20021833,-0.026029518,-0.6909717,-1.0563676,54.855278,54.855278
463,152.01638979755535,109.5650860012631,-0.14393593,-0.060939454,-0.5647279,-1.0578423,57.661915,57.661915
464,149.1474578035891,129.98982563452648,-0.126622,-0.07770596,-0.5245263,-1.12217,54.44633,54.44633
465,146.6239845005413,160.94157262882888,-0.18205054,-0.07161944,-0.6349814,-1.0669817,53.167984,53.167984
466,145.44741609680923,167.0935452553846,-0.09278126,-0.10845412,-0.4928995,-1.1262864,58.220093,58.220093
467,146.6025803432904,152.96478499514524,-0.13386072,-0.10918329,-0.56065124,-1.1014295,56.390415,56.390415
468,149.15395627631784,142.24166443156162,-0.1501887,-0.10192579,-0.5937078,-1.0973135,56.011486,56.011486
469,150.30844732252177,143.77719072390394,-0.17356934,-0.08694185,-0.62503594,-1.0939206,54.166317,54.166317
470,148.37217103889154,151.0181407168961,-0.16643795,-0.09297967,-0.62182784,-1.089786,53.842808,53.842808
471,144.38841100700031,157.46423794277243,-0.16288707,-0.11309713,-0.62411183,-1.1308501,52.233604,52.233604
472,139.92486834480076,161.48756394346623,-0.20871243,-0.053733483,-0.6973537,-1.0106262,53.593983,53.593983
473,135.36552252757213,162.0992787464719,-0.29297477,-0.02020134,-0.8524996,-0.9410739,44.682625,44.682625
474,131.51392621007733,160.47355211369532,-0.28229904,-0.027307484,-0.814848,-0.91712755,49.229355,49.229355
475,129.64810757524174,160.63631609961536,-0.24019434,-0.04097297,-0.77035105,-0.9789298,52.182987,52.182987
476,129.0205880685833,160.5815836174304,-0.24912186,-0.008784862,-0.79795206,-0.88071525,50.95143,50.95143
477,128.226665613779,154.9196518436695,-0.3477633,0.07825353,-0.95554733,-0.809996,45.41123,45.41123
478,128.4503458165337,148.8602571707376,-0.29487237,0.048602704,-0.85416096,-0.9108639,49.429447,49.429447
479,132.51946675456395,150.5542833384258,-0.23907681,-0.009011233,-0.74446994,-1.0418932,52.47899,52.47899
480,142.650578945535,155.6021578810728,-0.21857347,-0.08626772,-0.69608927,-1.1613727,48.673767,48.673767
481,156.96205307334947,155.86302533051918,-0.20158353,-0.05744076,-0.6454369,-1.1278298,52.783978,52.783978
482,167.41528552694766,152.49656400463826,-0.18168181,-0.10383129,-0.62729484,-1.1965226,48.563583,48.563583
483,168.18399617341,151.49742390595827,-0.1971777,-0.10304837,-0.7309803,-1.1215438,50.232788,50.232788
484,163.18572148539985,154.47421420214795,-0.2152025,-0.10899501,-0.6716453,-1.1429447,48.597828,48.597828
485,159.55045570417315,158.07759427920843,-0.18455763,-0.12597446,-0.61079973,-1.1812477,49.704803,49.704803
486,160.06957914862951,160.03091400527228,-0.20711574,-0.11251162,-0.56169254,-1.2078959,48.33729,48.33729
487,163.8087161219499,161.86130289627044,-0.19701283,-0.10049627,-0.5440375,-1.2135997,48.15701,48.15701
488,168.15418140861274,165.05746059665367,-0.15349686,-0.10065394,-0.51302487,-1.2226143,48.891552,48.891552
489,170.44151907746888,168.6570836947464,-0.14510359,-0.11882379,-0.4816588,-1.2262492,50.98728,50.98728
490,170.18064312584727,167.04711747874822,-0.2109938,-0.07701589,-0.5206028,-1.230977,48.971596,48.971596
491,169.97955815527973,151.3605474307173,-0.23650835,-0.07804851,-0.57295084,-1.2413074,46.68418,46.68418
492,172.6559771939014,131.04810933568177,-0.25145832,-0.058019396,-0.6251983,-1.1187997,44.74801,44.74801
493,176.6589159019302,134.4199077001225,-0.23199917,-0.017826416,-0.62905014,-1.0355741,47.013023,47.013023
494,178.21185111622538,161.96937214891534,-0.2510867,0.025954396,-0.71169484,-0.9864461,52.32261,52.32261
495,176.9691448653442,179.69073283423842,-0.24640915,0.008963019,-0.7509158,-0.985165,53.513756,53.513756
496,174.94908367597603,172.44137205376197,-0.25143525,0.023055824,-0.7828682,-0.98311657,52.454475,52.454475
497,173.04578453418137,155.91129742538612,-0.22442585,0.012276985,-0.74371654,-1.0464716,51.984596,51.984596
498,170.8521622899486,141.15759353541756,-0.2081783,-0.05892879,-0.76400447,-1.1103371,51.24966,51.24966
499,167.58496771344366,132.38455531449088,-0.18601702,-0.073879644,-0.69277054,-1.1194518,51.70747,51.70747
500,163.84985808974116,139.16312962576546,-0.20146729,-0.09878501,-0.6953293,-1.1537316,49.84913,49.84913
501,161.83916392988667,158.3061742742025,-0.20283611,-0.07938904,-0.6946053,-1.0920162,51.20895,51.20895
502,161.91834458740072,170.80046540649775,-0.2022766,-0.12101966,-0.69272393,-1.1377094,49.499413,49.499413
503,162.08609596682504,168.23829144256453,-0.22712189,-0.13345638,-0.69272375,-1.14372,48.798695,48.798695
504,161.55355374987673,160.4879373484558,-0.23618609,-0.11751166,-0.721031,-1.1352847,48.817307,48.817307
505,161.24569145956855,158.36286967154206,-0.26069632,-0.08210491,-0.84610933,-1.1049361,49.052868,49.052868
506,162.3892236521256,162.3480800661925,-0.30732715,0.027974335,-0.9307337,-0.96098363,49.854744,49.854744
507,166.35834967766732,162.77647188523926,-0.31352535,0.037355714,-0.9156256,-0.92327887,49.31164,49.31164
508,172.100373412511,146.6727067951177,-0.32452238,0.13617514,-1.0337387,-0.7404438,49.71643,49.71643
509,175.2738061143014,116.59803177451221,-0.35267258,0.12885603,-1.0672877,-0.77136165,46.036755,46.036755
510,173.99030452044377,89.12124198021976,-0.34818527,0.14222044,-1.0769645,-0.739779,48.468555,48.468555
511,170.88018330164437,68.86421347408987,-0.2862387,0.09208531,-1.0399157,-0.8483528,52.25221,52.25221
512,166.89313388787818,54.40220060849339,-0.3194995,0.04888176,-1.0971564,-0.8625629,50.185497,50.185497
513,159.66148757746078,59.39152761085433,-0.3246105,0.042518474,-1.08396,-0.84234905,52.84353,52.84353
514,149.5891930758198,94.48558593835796,-0.30083448,-0.009856651,-1.0402738,-0.9200782,50.546047,50.546047
515,141.36530051652193,141.0451018083059,-0.28332323,-0.007407243,-0.9806757,-0.9219973,50.945423,50.945423
516,138.71918809955332,168.5489664282978,-0.3046813,-0.008936952,-0.9716295,-0.94069296,48.9421,48.9421
517,141.39169690041552,167.70597403739234,-0.25945795,0.031369284,-0.84423697,-0.95795673,55.309875,55.309875
518,146.5353960971483,154.64874912630256,-0.22691119,0.044520147,-0.8078627,-0.8577319,60.09071,60.09071
519,150.13546734536715,151.51403112552046,-0.22584926,0.06358151,-0.7656819,-0.8848134,61.71719,61.71719
520,149.39447412709382,162.75752071027475,-0.26044545,0.014383129,-0.8436622,-0.90255976,54.549442,54.549442
521,145.3910779255832,172.39545536185477,-0.24078362,0.014343143,-0.8174914,-0.9281287,54.974922,54.974922
522,139.88241173008467,168.01943131654153,-0.24765939,0.0009865003,-0.8397763,-0.9491657,52.667168,52.667168
523,133.19102581830913,155.18185991673658,-0.22814773,-0.0029474716,-0.79965097,-0.98725903,52.913177,52.913177
524,128.4875556867844,145.3244560048759,-0.20771891,-0.009087455,-0.7707466,-1.0080533,54.219967,54.219967
525,130.7617066121339,143.63298061247315,-0.22520185,0.0009507312,-0.8174806,-0.9969,51.88813,51.88813
526,139.55477260453992,150.35148309259984,-0.26828474,0.004704522,-0.83962864,-1.0014039,53.23442,53.23442
527,148.87841210903034,162.46000691522164,-0.26346433,0.016114155,-0.82956564,-1.0018507,52.646767,52.646767
528,154.5749187386486,172.73958922170814,-0.25783455,0.008134387,-0.85500675,-0.97555506,53.860924,53.860924
529,156.3593417754566,175.36530153130792,-0.2567367,0.030216487,-0.85123473,-0.95978427,53.62457,53.62457
530,155.03711520344032,172.5246174325631,-0.28238595,0.042799298,-0.9093505,-0.861469,49.488487,49.488487
531,152.26393281658667,169.03071839557379,-0.27379233,0.073922634,-0.8791398,-0.8273144,50.379044,50.379044
532,149.582825738147,165.06032882027137,-0.29607645,0.09654683,-0.9567313,-0.80542994,48.991566,48.991566
533,147.00753043110097,161.13236848612357,-0.2875349,0.097397886,-0.9281995,-0.814715,51.726696,51.726696
534,143.65822921400883,161.6381390970937,-0.26683024,0.090372674,-0.9387366,-0.83733493,54.176975,54.176975
535,138.7917428462438,166.0494035526323,-0.28477818,0.08034438,-0.9596607,-0.8282182,54.172207,54.172207
536,133.63924151127307,166.84589317694792,-0.2994488,0.051331233,-0.9960619,-0.8310667,50.147682,50.147682
537,131.7709713126137,162.7487045405979,-0.2721508,0.046971712,-0.95987856,-0.80047715,55.27528,55.27528
538,134.7734825809323,161.5926380816481,-0.27573302,0.015587941,-0.89400285,-0.87763184,54.070625,54.070625
539,137.94190461412825,166.86821370082833,-0.2645992,-0.013359249,-0.85813946,-0.89771235,55.517246,55.517246
540,134.58715567513465,173.57307241903206,-0.25441432,0.049894486,-0.8392758,-0.85733247,58.69289,58.69289
541,125.03083829907543,176.47951239934636,-0.24912046,0.051909357,-0.8239127,-0.8906741,60.152298,60.152298
542,117.20618273844319,175.86073502167005,-0.23910879,-0.007280296,-0.77903193,-0.9650648,59.163128,59.163128
543,118.33132375077301,175.3963358540023,-0.23977761,0.024419509,-0.8156248,-0.8887403,59.09432,59.09432
544,128.59674785608755,175.76026415244147,-0.2724968,-0.011634881,-0.87201524,-0.9510773,54.023357,54.023357
545,142.46173212587226,173.73888230510718,-0.25709328,0.0016562846,-0.82572705,-0.9671767,55.672115,55.672115
546,154.9774846179504,166.91065075334492,-0.2561288,0.01649876,-0.82862186,-0.95415306,56.049286,56.049286
547,165.62257618645557,153.89423694178873,-0.26649964,0.042506896,-0.83792156,-0.9490983,56.71651,56.71651
548,173.53903431856952,134.97113499126817,-0.2668295,0.07588176,-0.8537649,-0.8820671,56.919518,56.919518
549,174.0306838761537,119.4354764536275,-0.2593387,0.07520317,-0.8283986,-0.8829878,57.681267,57.681267
550,165.93496796847106,119.90622187759455,-0.26111263,0.083457835,-0.82870716,-0.8481431,57.171116,57.171116
551,156.96928913459533,132.51103502895984,-0.26031932,0.08901488,-0.8215127,-0.83141136,57.3362,57.3362
552,154.88692956616214,140.81439239003709,-0.2572319,0.08357897,-0.7653762,-0.8690989,57.97882,57.97882
553,157.55085487175484,139.16635025987648,-0.2576856,0.07650363,-0.741069,-0.9036446,57.572372,57.572372
554,158.43503798863821,135.48403247483924,-0.24049264,0.057137612,-0.7087645,-0.9265014,58.40723,58.40723
555,155.75069715126435,138.62756883836403,-0.22876091,0.03930565,-0.7085952,-0.9561675,61.673916,61.673916
556,150.12575492592134,151.17125914268527,-0.22387639,0.031722035,-0.6634354,-0.95875907,62.303047,62.303047
557,141.64403236516472,166.15050537089232,-0.22236244,0.0161268,-0.71340877,-0.9486029,62.66712,62.66712
558,133.60240784965998,171.03883396493788,-0.23225546,0.017802633,-0.69187796,-0.9463564,61.77953,61.77953
559,132.41518546708141,160.32101636873293,-0.2176687,-0.0016667696,-0.68553567,-0.9623698,63.927326,63.927326
560,140.37830559750563,142.22920804230807,-0.22081001,-0.0013943065,-0.6545869,-0.9668636,65.15843,65.15843
561,151.87529856891683,131.82958593971154,-0.22393347,0.003184042,-0.65088516,-0.96502924,63.96722,63.96722
562,160.43441691786427,138.69372669378853,-0.21705107,0.0025437297,-0.686729,-0.96324164,64.56281,64.56281
563,166.39015127728536,158.62602830739374,-0.24379686,0.034329314,-0.7552547,-0.8653729,62.395607,62.395607
564,172.46473429666298,176.74462235557036,-0.23923379,0.038109824,-0.7364724,-0.8670252,63.01857,63.01857
565,177.294326161059,182.03109678755143,-0.23323667,0.035869118,-0.698417,-0.8912133,64.76403,64.76403
566,178.76144884217996,176.9099029508226,-0.23803782,0.0252652,-0.70023274,-0.9009801,65.033394,65.033394
567,178.20297426924918,171.27420636266962,-0.21155013,0.027540682,-0.6590381,-0.9078306,68.83682,68.83682
568,177.59646408959512,170.18968071534638,-0.21411373,0.029384172,-0.6119378,-0.9369484,66.65347,66.65347
569,176.07641012456853,170.40062803516076,-0.21933919,0.010974398,-0.59177077,-0.95075613,65.23751,65.23751
570,172.49758042344388,169.24090350388832,-0.21299763,0.00783479,-0.5759283,-0.9833469,67.62541,67.62541
571,169.58928550675753,169.7426263868738,-0.21958911,-0.0162627,-0.5912093,-0.98919874,65.28945,65.28945
572,170.56674658656164,173.67665609024786,-0.22899324,-0.012486894,-0.6221195,-0.98803467,64.14318,64.14318
573,173.04175903157244,177.30528722348964,-0.23243028,-0.012389351,-0.61701906,-0.9778079,64.89944,64.89944
574,172.63448094418953,177.17968923988468,-0.22917981,-0.008583737,-0.59533036,-0.99516195,66.153076,66.153076
575,170.7628107269284,174.74117147007968,-0.23193042,-0.022601135,-0.6132113,-0.9761329,65.086945,65.086945
576,172.14245690993891,173.0731687312624,-0.24232307,-0.006112986,-0.6090888,-0.96430266,63.55389,63.55389
577,176.46122716373915,172.43001303841234,-0.2306133,-0.008401547,-0.5647965,-0.9833038,65.4645,65.4645
578,178.6668206235642,171.7328074736796,-0.23468687,-0.0075777248,-0.5512461,-0.9734152,65.05458,65.05458
579,176.1708293072233,172.0798284266169,-0.23165533,-0.0048058876,-0.5638818,-0.9625929,67.704124,67.704124
580,171.60130207906934,174.37697261480642,-0.2524226,0.0022947998,-0.6124266,-0.93993944,62.2706,62.2706
581,168.75214835101679,176.60132864144217,-0.26119772,0.014580629,-0.65159506,-0.9128639,62.223454,62.223454
582,168.6947699973297,177.03056959484235,-0.25002873,0.01426032,-0.61974466,-0.91632783,61.82346,61.82346
583,169.75943829390468,176.43175223595858,-0.26544946,0.012523295,-0.670695,-0.9139246,62.417854,62.417854
584,169.33999141912577,176.1835695117255,-0.27289644,0.04521423,-0.6777586,-0.88531464,59.516876,59.516876
585,168.1045304762873,176.64710773754075,-0.25074196,0.023656981,-0.649487,-0.92074674,63.751953,63.751953
586,170.31618988994703,176.59050940538526,-0.25283054,0.014382868,-0.6482492,-0.9251748,65.48513,65.48513
587,175.37091574077687,174.77969774786385,-0.27150542,0.013107456,-0.6584861,-0.924116,61.842102,61.842102
588,176.7616779434354,172.98744929656763,-0.24400426,0.025765881,-0.6448489,-0.91465306,66.37657,66.37657
589,173.3593595539022,173.6051041212499,-0.25442284,0.02967876,-0.60728204,-0.9010776,65.68031,65.68031
590,171.38399435617478,174.5305276213647,-0.25165844,0.023736391,-0.61985874,-0.91119903,64.9825,64.9825
591,173.57008017976267,172.6199560928856,-0.2501789,0.026841277,-0.626657,-0.90569127,65.28336,65.28336
592,175.540911678308,169.69877742275744,-0.24627563,0.02670787,-0.6479009,-0.9081096,65.008995,65.008995
593,172.7012482841041,167.64936192121093,-0.21641634,0.02412308,-0.5721502,-0.933368,66.32108,66.32108
594,166.17601568245192,163.86096552354846,-0.2351662,0.020496625,-0.62238085,-0.91395354,67.22566,67.22566
595,162.32940606036624,159.10455576651063,-0.22719993,0.031052813,-0.5652642,-0.92514175,69.95754,69.95754
596,165.390537017717,159.19853251633057,-0.2487479,0.025799504,-0.5915878,-0.93037844,70.954735,70.954735
597,171.97184590525902,164.50905581427165,-0.22753236,0.03318198,-0.5484096,-0.90801203,71.46509,71.46509
598,175.89547800856312,169.73857036545837,-0.23410729,0.024884116,-0.52252465,-0.9279603,71.98222,71.98222
599,175.63742459551523,172.80063361712905,-0.22532186,0.004440992,-0.48025233,-0.963049,71.755264,71.755264
600,174.36033754641343,175.20988904395938,-0.23252733,0.004163108,-0.49693713,-0.9740341,72.43247,72.43247
601,174.14386521165864,177.53589798127763,-0.25015447,0.0032715115,-0.5221475,-0.96507865,70.73169,70.73169
602,173.55345457730664,178.79796296528218,-0.22830085,-0.024048615,-0.48334706,-0.9944087,73.45579,73.45579
603,171.04910288760215,177.39789417921168,-0.24154922,-0.019950928,-0.4878892,-0.99231327,73.53629,73.53629
604,167.66301445438998,171.77422369100978,-0.21692693,-0.015588939,-0.4598728,-0.99158067,75.818535,75.818535
605,166.2121184204201,164.20526578505877,-0.22823387,-0.011362921,-0.49187204,-0.97855073,75.64856,75.64856
606,168.07848972743977,161.73075568266185,-0.20888802,-0.013212714,-0.46350893,-0.98351884,75.68121,75.68121
607,170.72456332495463,167.21487700144195,-0.17513208,-0.012854689,-0.4297255,-0.9915097,76.136734,76.136734
608,170.50964149078834,174.40129067961033,-0.16174644,-0.01275028,-0.41049978,-0.9965832,76.183365,76.183365
609,167.64128135491728,176.6646154824145,-0.18987018,-0.0090022925,-0.41802132,-0.992025,74.526985,74.526985
610,166.09315065609897,174.79767795604013,-0.19855897,-0.01311007,-0.4227732,-0.9913289,74.121704,74.121704
611,167.8410624434903,173.71216530875748,-0.19169195,-0.016314764,-0.4517073,-0.9887552,72.46136,72.46136
612,170.19957758882168,175.23033062764716,-0.20958695,-0.020047491,-0.44267577,-0.9971833,72.30146,72.30146
613,170.70779843516354,176.5475210180032,-0.22977561,-0.025194498,-0.48709345,-0.99775904,69.561966,69.561966
614,169.69394942979466,176.0177854407644,-0.24310777,-0.02344174,-0.52803844,-0.9963394,65.3098,65.3098
615,168.15663327043762,175.8666497138276,-0.24806172,-0.023230249,-0.5427866,-0.9970249,66.549416,66.549416
616,167.98408789711291,176.9902887341775,-0.20433903,-0.02538938,-0.485953,-1.018112,68.76539,68.76539
617,171.237579868963,177.0979760378666,-0.19481781,-0.03147589,-0.46657497,-1.0363963,69.552414,69.552414
618,176.023354187298,174.9038218853339,-0.22951956,-0.032916065,-0.4759736,-1.0310196,68.16979,68.16979
619,176.50828177770964,172.14068087867622,-0.24328001,-0.030227043,-0.5060839,-1.0205563,69.01353,69.01353
620,169.89143629618604,171.4840794617413,-0.2367919,-0.024360063,-0.50232315,-1.0065043,67.95781,67.95781
621,161.20069375560746,173.04714580109547,-0.2242963,-0.025239857,-0.48909414,-1.006107,69.25196,69.25196
622,157.67037341082434,174.14342503933239,-0.21163565,-0.028519208,-0.46647677,-1.0202205,68.43265,68.43265
623,160.2960549964673,173.35863994917176,-0.21655884,-0.028228035,-0.47856304,-1.0191317,68.107155,68.107155
624,164.640499876889,172.60672882695096,-0.20268263,-0.03047741,-0.47063556,-1.0236355,68.14269,68.14269
625,167.58293900658256,174.01431107764466,-0.17161116,-0.033235367,-0.41821593,-1.0343765,68.92434,68.92434
626,169.20651522215226,176.73656198464192,-0.20800824,-0.035996433,-0.45381725,-1.0442643,67.67181,67.67181
627,169.4450805053643,178.33387779234664,-0.2094644,-0.034309972,-0.47169343,-1.0411134,67.80716,67.80716
628,167.9482645163895,177.87979096853513,-0.18216094,-0.031965178,-0.42584226,-1.0481832,69.03913,69.03913
629,166.65046934383386,176.6839733086451,-0.15313837,-0.03804618,-0.39947805,-1.0556087,70.33745,70.33745
630,167.17054187176382,176.31300721739447,-0.17437738,-0.03722586,-0.41622815,-1.054395,70.806114,70.806114
631,167.05700779628813,176.63623708877628,-0.1816794,-0.03628398,-0.43060607,-1.0510858,70.915306,70.915306
632,162.91401927451847,176.61292194313094,-0.19923276,-0.034712832,-0.49991104,-1.0476667,71.8243,71.8243
633,156.06713308003086,175.88964141371457,-0.19999522,-0.026705446,-0.52576596,-1.0443302,70.326385,70.326385
634,151.87117040849975,175.14584803507285,-0.19297853,-0.03751635,-0.52076906,-1.0413789,73.85411,73.85411
635,152.54531836633993,175.3909490107965,-0.18931583,-0.01963374,-0.5288682,-1.025145,78.50212,78.50212
636,154.61595956930492,176.34469695058675,-0.2118442,-0.025840202,-0.51326233,-1.0124552,78.066635,78.066635
637,155.62720031876228,176.66965049551735,-0.21016431,-0.022395916,-0.56255424,-1.0068575,78.800125,78.800125
638,156.60558839178813,176.11532017486257,-0.20193335,-0.019896116,-0.5445597,-0.99551696,79.19477,79.19477
639,157.15927132776488,175.15902032596847,-0.20824973,-0.019893821,-0.5953892,-0.98275506,80.22096,80.22096
640,155.25910577037504,174.06860942420334,-0.21936595,-0.016736308,-0.63785815,-0.95759463,80.01326,80.01326
641,150.3875624002347,174.03950426702346,-0.22215119,-0.0057263407,-0.667625,-0.89796215,81.802605,81.802605
642,145.06257048500834,175.80054832373145,-0.24089715,-0.0014977657,-0.7166159,-0.91292125,80.900536,80.900536
643,143.43935659866227,177.39000790196545,-0.22656958,-0.0038446055,-0.7612875,-0.8970821,82.306694,82.306694
644,145.46203692799054,177.0916060787044,-0.2333609,-0.006195019,-0.81986463,-0.87047935,84.355354,84.355354
645,148.08241158267268,176.41247276148408,-0.2164442,0.0032916688,-0.84029186,-0.8694901,89.05873,89.05873
646,153.86636055694754,177.1255355175389,0.027881933,-0.07859984,-0.30677238,-1.1474758,77.25622,77.25622
647,164.8160531017749,176.37697373424345,-0.15835671,-0.038819093,-0.7058801,-1.0118766,85.479126,85.479126
648,170.3757619607811,169.12389486590476,-0.22441873,-0.011759391,-0.8205624,-0.91844547,87.02631,87.02631
649,159.2304832559734,159.1396620305253,-0.23832114,0.0058751837,-0.8197158,-0.9100728,84.67,84.67
650,137.22537332335483,157.3538346082919,-0.18301363,-0.021006184,-0.79227495,-1.0209225,66.28791,66.28791
651,120.15336712791583,163.37143638675684,-0.19398382,-0.0055218567,-0.7880567,-0.8900387,90.364105,90.364105
652,115.0229809984213,165.99334042931727,-0.22079459,-0.014964303,-0.8812163,-0.8447936,90.55567,90.55567
653,115.07248456168995,163.6642704810745,-0.22574224,0.008315608,-0.8634197,-0.79501146,91.10381,91.10381
654,111.31244175070893,164.78031972244688,-0.23865002,-0.01355826,-0.90660805,-0.84943914,83.723656,83.723656
655,104.26698631488519,169.75886761307362,-0.17604429,-0.024812004,-0.82499725,-0.85728663,91.03184,91.03184
656,100.34944178359113,168.18253582144422,-0.094815806,-0.057564158,-0.63329166,-0.92717904,92.9041,92.9041
657,102.30541032709756,154.7300062830097,-0.047460068,-0.0556699,-0.59974295,-0.9814004,93.98192,93.98192
658,109.44872979112984,138.72494550350922,-0.004751696,-0.07290121,-0.53796107,-0.9860356,101.89876,101.89876
659,121.79862939513956,131.66730324563326,-0.022668535,-0.04980392,-0.58950263,-0.9716107,108.184875,108.184875
660,138.08954063474724,133.90111599324996,-0.12602381,0.0023003228,-0.7033466,-0.8875918,102.53131,102.53131
661,151.671080871259,138.8048558875064,-0.07505318,-0.01579508,-0.698937,-0.93340564,103.436584,103.436584
662,152.18448080229805,140.86736579276138,-0.06551128,-0.023547323,-0.6819531,-0.95181894,101.99408,101.99408
663,137.5441574339867,142.56738128379757,-0.11062635,0.00084995874,-0.74037015,-0.8871847,103.56733,103.56733
664,121.28759296120275,150.84921325601763,-0.13678324,0.024678458,-0.81460124,-0.80769897,97.23449,97.23449
665,116.40963689382187,161.72529720557938,-0.10710936,0.022771752,-0.76048785,-0.8237395,101.83604,101.83604
666,120.75186888191733,164.7557205970155,-0.0591422,0.012625591,-0.6539415,-0.8353132,101.691895,101.691895
667,126.44681219229287,159.49229588181947,-0.020749217,-0.011707501,-0.58471423,-0.8896839,103.44305,103.44305
668,129.41872174104148,154.55320031630148,0.005435789,-0.027120963,-0.51588947,-0.95855296,104.73842,104.73842
669,127.91423259185603,156.0646486784433,-0.0034273304,-0.019999873,-0.5145059,-0.95019543,105.140594,105.140594
670,122.78313710293521,160.41126900227303,-0.027369602,-0.013205904,-0.53520375,-0.90504533,103.839325,103.839325
671,118.00696646436838,159.9768332312619,-0.018969433,-0.036873754,-0.4306402,-1.0174687,102.588455,102.588455
672,117.01273470673955,153.3991210067573,0.089711644,-0.057182312,-0.18671615,-1.0284604,107.61067,107.61067
673,119.84411733917445,144.30136843504317,0.02201366,-0.04971728,-0.25715157,-0.9943056,106.74524,106.74524
674,124.48317273022928,136.29611851701793,0.029817248,-0.04331034,-0.21073303,-1.0053495,104.39981,104.39981
675,127.97122865645726,134.86637270311292,-0.010174119,-0.037724245,-0.29661417,-0.99323857,105.3195,105.3195
676,126.59016116689995,142.86137073320234,-0.12029209,8.888815e-05,-0.5227458,-0.9359434,101.62438,101.62438
679,120.85118094647204,152.90630166505008,-0.040393937,-0.006716443,-0.3635984,-0.98030657,106.02068,106.02068
680,118.88921592028302,157.11020485969402,-0.0038324723,-0.0077056265,-0.24072768,-1.0034319,105.39689,105.39689
681,129.79621024348342,156.34158846139798,-0.011777576,-0.02138156,-0.26345092,-1.0270274,104.20607,104.20607
682,152.25101266807857,153.9298370755771,0.026506098,-0.03027801,-0.11712302,-1.0745009,99.24106,99.24106
684,169.88219361587466,151.13329379143607,-0.15392502,-0.00878974,-0.25235125,-1.0155748,119.7998,119.7998
685,164.00453575976675,147.28706509861314,-0.1264591,-0.001415906,-0.25248042,-0.9840045,118.50055,118.50055
686,138.55863270829147,142.37137968257596,-0.1648289,-0.0036187468,-0.38360608,-0.9780343,109.63147,109.63147
687,123.3830007856191,141.37507122631902,-0.15303196,-0.012887386,-0.4543725,-0.96367586,106.50285,106.50285
688,137.9290770627079,148.16274633903345,-0.1454437,-0.024024747,-0.47581196,-0.96482956,105.17973,105.17973
689,166.01020373397083,157.1027259799003,-0.15890388,-0.023227016,-0.44528174,-0.9681469,104.08449,104.08449
690,181.3600155021154,160.1655359601311,-0.09073802,-0.0010828003,-0.33660403,-0.9735354,104.53423,104.53423
691,179.3872942377732,156.9715108644287,-0.06418609,-0.0008008527,-0.23416701,-0.9880865,99.41948,99.41948
692,172.1321568412262,153.12194385849702,0.02318441,-0.0196756,-0.056647338,-1.0153347,107.27824,107.27824
693,168.19222195574133,152.87098873544178,0.063032135,-0.012960667,-0.012506412,-0.99925053,107.89387,107.89387
694,167.87661904499873,154.35643559775025,0.046515867,-0.02318801,-0.016456757,-0.99974227,106.27254,106.27254
695,167.5769064944058,152.11184943538913,0.043209225,-0.025037555,0.011023359,-1.0045497,106.164375,106.164375
696,163.4466379854485,144.22064808488378,-0.06220738,-0.044128347,-0.15126026,-1.0304984,107.630875,107.630875
697,156.38260068893774,135.12173346212776,-0.06277362,-0.048423257,-0.20959035,-1.0471864,105.808266,105.808266
698,151.87339425206721,131.42445571426632,-0.13128088,-0.047173824,-0.29681066,-1.0420913,105.11571,105.11571
700,153.8048885272382,136.1455855051441,-0.08582257,-0.049194258,-0.0117404545,-1.0502433,115.04733,115.04733
701,161.75942919637868,147.5489931062241,-0.06583488,-0.029091822,-0.09893196,-1.0336363,106.682625,106.682625
702,171.07520363209278,160.06918260902899,-0.117891185,-0.043851465,-0.156969,-1.0452485,108.38563,108.38563
703,174.23080575354834,166.26298359987325,-0.08396221,-0.03857483,-0.14856552,-1.033769,106.086136,106.086136
704,168.49296712011187,163.78892385451726,-0.07484147,-0.040785156,-0.15056746,-1.0370857,104.194855,104.194855
705,160.14522968499648,157.6487224771156,-0.026444608,-0.044891804,-0.08645743,-1.0275434,108.145424,108.145424
706,155.45315007457086,153.1970552646186,-0.03935337,-0.044070605,-0.074814014,-1.0153944,108.28121,108.28121
707,153.74660070126262,151.92445492808272,-0.05167491,-0.051550064,-0.046593882,-1.0195878,106.45353,106.45353
708,153.11726243396777,152.99917951693809,-0.03492934,-0.048738502,0.04105068,-1.0226115,105.53183,105.53183
709,154.58487394628943,155.5167859531301,-0.08363363,-0.058109958,-0.093655095,-1.0532591,105.182,105.182
710,158.06991181607248,158.63147297699928,-0.09099057,-0.06317114,-0.11601777,-1.0768406,103.21779,103.21779
711,160.94844018171145,160.1836712703339,-0.11098503,-0.06303662,-0.16208035,-1.0888791,105.699646,105.699646
712,161.31846690206487,158.13772673911728,-0.084829934,-0.06713621,-0.113531746,-1.0986083,107.28324,107.28324
713,159.24524632024912,154.97037040360502,-0.10644885,-0.066355556,-0.12630112,-1.0992527,106.21665,106.21665
714,155.97760165809288,156.53407160214553,-0.11286628,-0.062882364,-0.13582636,-1.0960135,107.039734,107.039734
715,154.01585054265533,163.14771598372042,-0.10604131,-0.06862541,-0.11415154,-1.0917476,107.557304,107.557304
716,157.18617395208003,168.52357756335633,-0.1167341,-0.058726203,-0.12534809,-1.0750753,108.1685,108.1685
717,166.88865880606897,169.86446782465276,-0.12768042,-0.045748793,-0.13591588,-1.0408101,107.34466,107.34466
718,177.6401988726373,169.1499057774585,-0.11188287,-0.051544975,-0.067655265,-1.0521145,109.07708,109.07708
719,181.6122560852719,166.4877793519051,-0.06955983,-0.03467408,0.06227273,-1.0256134,111.44823,111.44823
720,178.07066854537715,162.65677203977114,-0.053571887,-0.049138993,0.12764858,-1.0171399,114.73112,114.73112
721,173.37428463367573,161.68028419889686,-0.054489527,-0.036631092,0.11047469,-1.0192531,108.38791,108.38791
722,171.83726588368623,163.68120403458303,-0.074996166,-0.03864763,0.06757486,-1.0137964,109.89332,109.89332
723,172.0439615980796,163.92747177116323,-0.11368309,-0.049660865,0.009979232,-1.0285453,110.568985,110.568985
724,172.2342528102531,160.21462916473456,-0.09227177,-0.05962878,0.045614697,-1.0407327,112.42372,112.42372
725,173.42781967684803,155.0723468384432,-0.10703448,-0.06904972,0.021376446,-1.0805978,112.2457,112.2457
726,176.45102090164167,153.51622544508768,-0.122366935,-0.06653225,-0.01565152,-1.0464151,109.10388,109.10388
727,179.6067238690252,157.88487426705834,-0.120733365,-0.059299707,-0.0035700994,-1.049837,109.86022,109.86022
728,180.60887911206785,163.81520543079526,-0.13565943,-0.036215194,0.011527195,-1.0299737,105.23052,105.23052
729,179.3054792733728,166.08603924938896,-0.13053384,-0.0609842,0.010876684,-1.0551586,107.50625,107.50625
730,177.35065399281365,165.00548927426468,-0.13819635,-0.04281104,0.014469047,-0.9958489,107.331085,107.331085
731,176.2059119997878,163.39316001426494,-0.15241264,-0.043054152,-0.016603785,-0.9885139,108.23551,108.23551
732,175.8294915215635,161.61822492143958,-0.17082135,-0.04660613,-0.08012696,-0.9985836,107.81077,107.81077
733,175.18313328240657,158.49952732512818,-0.16049647,-0.04730447,0.023746327,-0.9939373,114.167534,114.167534
734,174.61829036765073,155.54097407401008,-0.15708445,-0.041988708,0.0254822,-0.9708888,114.51966,114.51966
735,175.61777099756958,156.3189278565981,-0.14653444,-0.03953943,0.06020028,-0.955941,113.64449,113.64449
736,177.43444906817055,161.5827889830587,-0.14811598,-0.04853574,0.09493392,-0.95759314,113.00135,113.00135
737,177.89254030477065,168.3002968351019,-0.15614384,-0.048856903,0.10114756,-0.9457166,112.933754,112.933754
738,176.60202990546023,172.17802867803803,-0.15256904,-0.048579436,0.1192254,-0.92767215,114.32132,114.32132
739,174.1930067546703,170.7301027660409,-0.17806266,-0.047527384,0.040006444,-0.9315672,111.371216,111.371216
740,170.81530015709416,165.77620831014153,-0.16702421,-0.05136056,0.05639415,-0.9550141,114.30776,114.30776
741,167.59376205623278,160.1599541616634,-0.16518421,-0.053558867,0.059048697,-0.95683527,112.81572,112.81572
742,166.78739268729973,154.83714196296702,-0.15776876,-0.052169073,0.08537239,-0.9444935,113.490616,113.490616
743,168.34743641846535,152.17327455139338,-0.16046123,-0.051496435,0.09240775,-0.9315781,114.99671,114.99671
744,170.2705600245677,153.2987103167267,-0.15617158,-0.054577943,0.12084196,-0.92016894,115.59318,115.59318
745,172.40487716530242,153.36705977019201,-0.15245251,-0.06370924,0.13707253,-0.92218065,117.79251,117.79251
746,174.9752059332411,148.466506844351,-0.12374164,-0.06512556,0.17542145,-0.932896,114.94917,114.94917
747,176.13032055003336,141.34999999605984,-0.11690269,-0.05538211,0.18197753,-0.9236308,118.78975,118.78975
748,174.37484126860474,136.4473993029885,-0.124371536,-0.054368746,0.16530336,-0.9332861,118.27139,118.27139
749,170.30990201457456,137.74368529983266,-0.16002269,-0.051758002,0.13677211,-0.9506574,121.06972,121.06972
750,164.57213005085237,148.46429307727453,-0.14861834,-0.058392163,0.102667704,-0.9508142,120.80677,120.80677
751,158.19940334330525,163.0314145168924,-0.16853337,-0.068763144,0.09806688,-0.9924392,116.1155,116.1155
752,154.87710443544967,168.6136271463718,-0.1279825,-0.06490174,0.13505396,-0.9867972,114.898186,114.898186
753,156.5228583100856,162.33135687003687,-0.16191795,-0.07442663,0.057980653,-0.9551059,110.63892,110.63892
754,159.5772594866964,155.86438973668945,-0.17500217,-0.087049805,0.028448537,-0.95482224,116.54989,116.54989
755,159.78519207776577,159.22557439434541,-0.1634623,-0.08730399,0.07541248,-0.9593687,120.135185,120.135185
756,156.69830800048044,167.84874714372913,-0.1601415,-0.09323329,0.09777798,-0.9678135,120.117775,120.117775
757,153.94047468745148,170.1742938223412,-0.16975537,-0.09857709,0.11781303,-0.97352374,120.84039,120.84039
758,155.66227923235851,163.71433621893664,-0.15777214,-0.08945561,0.119585775,-0.99445766,124.04472,124.04472
759,161.02825543979978,155.25428913290597,-0.12889789,-0.079447,0.18769832,-0.996648,126.80273,126.80273
760,164.57276475983298,148.50513263991024,-0.12438203,-0.07430183,0.20241643,-0.98961926,126.40127,126.40127
761,163.04821492676083,142.60746878460773,-0.08424499,-0.06167875,0.23626386,-0.99535745,119.77947,119.77947
762,158.57957701392112,139.3983938282394,-0.09125258,-0.06812756,0.22310384,-1.0060028,118.59548,118.59548
763,154.1334051388668,141.4209738009929,-0.04174549,-0.06467236,0.29120445,-1.023558,107.503654,107.503654
764,151.10229366695933,147.0206595822661,-0.035441484,-0.06555457,0.36912292,-1.0025723,102.250275,102.250275
765,152.26501799160675,154.0504705418863,-0.08433896,-0.1143919,0.32254452,-1.1065363,56.249428,56.249428
766,160.04188746955305,162.29684439503174,-0.014415885,-0.22623062,0.5699522,-1.3693426,37.57147,37.57147
767,170.8944502712586,169.91320072040588,-0.17049791,-0.2551739,0.10480938,-1.350376,30.573082,30.573082
768,177.8678058722556,173.7022858453376,-0.34605283,-0.31499535,-0.32415974,-1.521151,28.15196,28.15196
769,178.60740056107178,173.54528375772344,-0.45339552,-0.3730879,-0.55776304,-1.5397036,24.600615,24.600615
770,176.44480037471425,172.44844582019823,-0.5620199,-0.31733364,-0.99830854,-1.4041725,26.580849,26.580849
771,174.75467280848895,172.6337565261731,-0.5282542,-0.28193146,-0.867052,-1.3533336,28.686352,28.686352
772,173.4820896491629,174.28309529634214,-0.5851317,-0.2789324,-0.9450303,-1.323707,29.066013,29.066013
773,171.38372256922997,176.7088031820657,-0.6668522,-0.27360192,-1.1383717,-1.1455423,26.799732,26.799732
774,169.92148329417492,178.73480284214315,-0.5366192,-0.23828687,-0.8417455,-1.1321971,31.680733,31.680733
776,171.37892051285567,177.13255135794358,-0.47840592,0.13733356,-1.0435594,-0.70642865,45.75896,45.75896
777,173.40050498024954,161.3452666780048,-0.598288,0.08780149,-1.3134551,-0.75289434,38.2141,38.2141
778,172.33527134969145,118.55594694427714,-0.5907,0.11585706,-1.3047042,-0.7264419,40.151154,40.151154
779,170.02444964622754,59.89636017031815,-0.63262993,0.14868662,-1.3629186,-0.58070934,37.259014,37.259014
780,169.4266476298244,23.995010079796753,-0.527553,0.12589212,-1.1800492,-0.6054197,40.680614,40.680614
781,168.6502915417506,31.25763804119607,-0.5087967,0.14366867,-1.2059977,-0.5856739,42.56102,42.56102
782,165.08298389179106,54.64235439661718,-0.582407,0.18819232,-1.3355309,-0.42041588,39.590633,39.590633
783,160.01553677016602,61.63598184923529,-0.5644522,0.16836782,-1.3615341,-0.4216041,39.118362,39.118362
784,155.9955148749228,62.701091847171554,-0.51985735,0.161038,-1.3225551,-0.48979297,41.424187,41.424187
785,153.21258648355425,73.05328211214005,-0.4778478,0.12557304,-1.2315435,-0.65875906,42.197666,42.197666
786,150.29795492732288,66.68851670910489,-0.5060056,0.08839429,-1.2785985,-0.6835976,41.173428,41.173428
787,147.51789887487175,28.853199071310993,-0.47226477,0.08975999,-1.2478528,-0.64409727,43.54433,43.54433
788,147.8223854936872,-6.486484815425066,-0.45432615,0.09766921,-1.2414144,-0.6241837,45.68144,45.68144
789,152.86322992067684,-10.49745240089512,-0.45350915,0.15242636,-1.2914299,-0.50349075,50.310257,50.310257
790,159.89444729327937,4.925336988645433,-0.44724166,0.1390064,-1.3114566,-0.47597906,50.407448,50.407448
791,165.22127251440557,15.85529380552909,-0.45362008,0.16131623,-1.365474,-0.45499215,49.688705,49.688705
792,166.98743823203716,17.42054301311857,-0.3703537,0.18129875,-1.2723548,-0.4318572,55.32052,55.32052
793,164.4287502170429,19.121843277153946,-0.3454437,0.16473213,-1.1934125,-0.4103834,58.676804,58.676804
794,159.38306157612405,23.763674165680257,-0.37177342,0.19363105,-1.2612294,-0.29492164,56.591415,56.591415
795,157.03890900659002,23.295539215434136,-0.30060235,0.15652959,-1.1694227,-0.38396803,62.888058,62.888058
796,160.84270205827553,14.733411939857858,-0.265925,0.11842392,-1.0761564,-0.50727195,68.19688,68.19688
797,166.90990834497813,14.426295601957044,-0.21117455,0.09196538,-1.0053191,-0.585245,76.11527,76.11527
798,167.679216353852,46.77389425925437,-0.22140405,0.10109335,-0.9970047,-0.5176363,75.04044,75.04044
799,162.07096627644532,107.00824406692733,-0.2272477,0.09781738,-1.0120306,-0.5147628,75.50978,75.50978
800,155.68612848430845,153.03296302043472,-0.20061052,0.08572221,-0.9464282,-0.56470543,80.913284,80.913284
801,151.62245038971673,156.87113967543561,-0.2117203,0.085393354,-0.97232234,-0.5450562,79.82183,79.82183
802,148.7577059109295,136.21571430624218,-0.23728812,0.08365681,-1.033695,-0.47642943,76.77182,76.77182
803,146.3396292230992,118.46753334972028,-0.20577003,0.079604916,-1.0092674,-0.560195,82.18344,82.18344
804,144.7647072342392,110.61878744190182,-0.17622289,0.057742752,-1.005708,-0.5673084,86.34625,86.34625
805,144.62088971298726,112.69318289242497,-0.20163982,0.07828272,-1.0872022,-0.4218778,82.31702,82.31702
806,147.229278604931,124.28015830760656,-0.20143935,0.09580184,-1.0778954,-0.38587183,82.9922,82.9922
807,152.8033167456701,134.44783276583183,-0.20675325,0.116032474,-1.1287543,-0.35477045,83.47588,83.47588
808,157.76448274442888,130.54217833730792,-0.19763711,0.13256064,-1.1361674,-0.28042853,88.0903,88.0903
809,158.97870569220288,115.70147495529169,-0.1712962,0.110983595,-1.1452411,-0.26575574,90.39818,90.39818
810,159.31459039730044,108.27709739282285,-0.14201434,0.10389464,-1.1259625,-0.26178944,92.645454,92.645454
811,163.6620075338171,121.5521855278839,-0.13315359,0.10205134,-1.1254365,-0.2517603,93.11014,93.11014
812,170.9764304505018,142.13645073628982,-0.18569739,0.13602833,-1.1980758,-0.18787938,80.37822,80.37822
813,174.8026771700863,144.17956581716302,-0.14429201,0.13248442,-1.0966856,-0.16657008,89.07988,89.07988
814,172.73231374510368,131.3955673573364,-0.15291096,0.17020099,-1.1369971,-0.06316232,85.11898,85.11898
815,170.02416774259848,133.49807623253977,-0.13471985,0.14307414,-1.1252452,-0.08838358,98.12119,98.12119
816,170.93497956081183,155.2709533052558,-0.12836587,0.15292622,-1.1421608,-0.09998677,90.34368,90.34368
817,173.00893552189603,169.12204742646085,-0.13415356,0.14973572,-1.1260482,-0.100165345,95.99758,95.99758
818,172.2171611264369,158.20478592925218,-0.13468704,0.1526633,-1.127304,-0.10409761,89.88937,89.88937
819,168.58599837667427,136.86810907383258,-0.10223836,0.105318524,-1.0861636,-0.2073742,101.732864,101.732864
820,165.54745733532036,127.867250567017,-0.12242753,0.09718962,-1.0960977,-0.19703564,101.60268,101.60268
821,165.34622268803219,131.86110102792097,-0.12604007,0.09643372,-1.0957639,-0.20218863,100.0174,100.0174
822,165.48025678738549,132.60424848596685,-0.09462778,0.08729152,-1.0433301,-0.24692571,103.82089,103.82089
823,162.2587843286948,127.82981964413109,-0.061562292,0.06891807,-0.97934335,-0.30641153,109.25838,109.25838
824,157.39402209404997,130.13738379063045,-0.07812768,0.08885642,-0.9974253,-0.30098644,109.21344,109.21344
825,154.98407528823898,139.1228860873376,-0.09244276,0.11349653,-1.0110074,-0.23617864,108.76663,108.76663
826,154.17352048170542,135.0659441474998,-0.09891758,0.13862574,-1.0101718,-0.15621398,106.78575,106.78575
827,150.85336583427744,106.2818213289468,-0.093860865,0.14938235,-1.0176315,-0.10685527,107.977776,107.977776
828,144.07152085716115,74.5197435770565,-0.09917792,0.15208201,-1.0239829,-0.10056485,108.47845,108.47845
829,137.7873883273719,70.99444345690031,-0.10167855,0.15943015,-1.0226895,-0.061274666,109.00525,109.00525
830,136.24733577630386,90.48632670627345,-0.10252045,0.16038983,-1.0215707,-0.06761218,108.372055,108.372055
831,138.9602977102573,105.42107399770255,-0.107858375,0.15629975,-1.018409,-0.0776803,109.34546,109.34546
832,142.41063839890526,107.92165624225896,-0.11054912,0.133668,-1.0234671,-0.09972367,112.00965,112.00965
833,145.09342497558495,106.72664540350513,-0.09540847,0.12123147,-1.045806,-0.14196548,108.560005,108.560005
834,147.43661968336372,107.33743402873984,-0.10048741,0.15373169,-1.0410508,-0.08572732,109.25265,109.25265
835,147.78668087953875,107.63981739243732,-0.092380986,0.10958145,-1.0224812,-0.2239388,111.254845,111.254845
836,144.49247118824687,106.21376872988785,-0.0834708,0.046390798,-1.0243242,-0.3435752,117.43178,117.43178
837,140.4306619056114,109.41061058546518,-0.10090606,0.08992362,-1.0643286,-0.23531029,108.25498,108.25498
838,138.41809619384316,114.0306016476336,-0.11537634,0.075718775,-1.1094099,-0.2591532,111.24748,111.24748
839,136.88757578707157,100.58706593841222,-0.10991835,0.04686152,-1.0914354,-0.3390811,115.1223,115.1223
840,134.15702365008406,70.5739212641335,-0.10229671,0.068742305,-1.0785432,-0.31394374,115.103,115.103
841,131.61807877383183,58.832038827886905,-0.10640743,0.07795262,-1.0746342,-0.2957496,108.107285,108.107285
842,131.66834387454017,78.01481308983672,-0.103055425,0.101046756,-1.05161,-0.21427162,112.5641,112.5641
843,133.60702040063157,92.23308184211551,-0.0918163,0.05607324,-1.0590044,-0.33906493,115.15516,115.15516
844,133.0346567914865,79.66152131998628,-0.09832062,0.119929306,-1.0442163,-0.23057234,115.129265,115.129265
845,128.32060816076833,64.94840387654337,-0.10808384,0.13737655,-1.0630032,-0.14468485,114.88297,114.88297
846,124.32180832145075,64.23382881760968,-0.09564164,0.0992863,-1.0562207,-0.22767174,115.42492,115.42492
847,125.52208208581203,66.0337274684965,-0.08961101,0.09693472,-1.037937,-0.22324297,117.93731,117.93731
848,128.97246980498957,66.91130443216164,-0.09008784,0.1034435,-1.029436,-0.16963556,122.64235,122.64235
849,128.54297682273898,74.24970266894465,-0.08348673,0.09514438,-1.0409642,-0.18447301,124.96138,124.96138
850,124.03191948695512,89.14936224639165,-0.0655946,0.092345215,-1.0380672,-0.18186066,126.59882,126.59882
851,121.22747680674293,104.82205548777105,-0.061348844,0.117127694,-1.0400017,-0.14811857,118.71188,118.71188
852,123.78028573707263,113.56747238631505,-0.057614062,0.07495281,-1.062955,-0.21971475,121.561676,121.561676
853,129.34136160226646,113.17833382389554,-0.07603652,0.05800945,-1.061539,-0.22889008,121.44176,121.44176
854,133.8011268096587,107.22156085608366,-0.06781176,0.060341723,-1.0434695,-0.21517876,125.170586,125.170586
855,135.1729382640413,101.55207015007966,-0.06580717,0.0887825,-1.0271149,-0.16771434,128.19325,128.19325
856,133.33562100379854,100.4010102984418,-0.06516636,0.112158656,-1.0336702,-0.09884321,128.44229,128.44229
857,130.46214790031954,104.64886076513946,-0.060478657,0.1110749,-1.0410868,-0.101520374,124.62832,124.62832
858,130.62246034391956,111.71223514292244,-0.060817644,0.14086929,-1.035212,-0.07220065,124.013954,124.013954
859,134.92696756532808,116.25385351377177,-0.06393295,0.11193858,-1.0105945,-0.19242631,135.89027,135.89027
860,139.06154602612355,114.80495056791638,-0.06596815,0.061442968,-1.0396907,-0.2732437,136.62563,136.62563
861,138.77338773572424,109.92926545345392,-0.058458313,0.05757978,-1.0316384,-0.28641388,137.41972,137.41972
862,135.59868685666464,107.26411784959397,-0.043465853,0.052810986,-0.9832154,-0.31066212,138.83418,138.83418
863,134.6295305799249,109.47017883922483,-0.06434396,0.04717833,-1.0187613,-0.3164185,138.27966,138.27966
864,138.2053745004746,114.27404855814441,-0.050294142,0.045674074,-0.98962545,-0.29803538,142.61803,142.61803
865,144.40500924531634,117.77719993844613,-0.063065186,0.046059642,-1.013802,-0.29714623,138.76662,138.76662
866,151.11018017310465,120.04396485385836,-0.060018893,0.06862473,-1.0013416,-0.26520303,138.47365,138.47365
867,157.28817744244233,124.21297705327989,-0.063683964,0.04261163,-1.0200185,-0.30485123,140.5753,140.5753
868,160.312842628937,128.96113234441194,-0.07607398,0.046553917,-1.0446815,-0.28905922,136.56172,136.56172
869,158.02423839465047,129.57436709397535,-0.06454204,0.047509585,-1.0219067,-0.2767195,141.60768,141.60768
870,152.89765393776898,125.8737747433887,-0.05585396,0.04734541,-1.0119284,-0.27327308,144.9922,144.9922
871,149.10336544123106,121.82074014079403,-0.07094604,0.04258801,-1.0451896,-0.2848583,143.70517,143.70517
872,147.59864496295472,120.26634144809711,-0.051137686,0.042491984,-0.9993634,-0.27383557,147.92326,147.92326
873,147.25457748310794,121.96415048606414,-0.01757188,0.044255972,-0.9589691,-0.27850157,142.45338,142.45338
874,147.79568155760526,126.58433384150177,-0.03384306,0.04084853,-0.97970885,-0.28040797,145.72089,145.72089
875,148.8727050723354,131.55482636791504,-0.037330046,0.039391696,-0.9785049,-0.29352647,148.21732,148.21732
876,148.20391856107636,132.00534618356167,-0.047316484,0.033877857,-0.992216,-0.303394,147.87549,147.87549
877,143.66389514972775,126.34552916697655,-0.03693462,0.016509512,-0.9713193,-0.32103714,153.42976,153.42976
878,137.75352429467677,120.1436876868927,-0.032277707,0.012826987,-0.98229134,-0.33723253,145.59091,145.59091
879,136.43640949389427,120.09209299617588,-0.039657377,0.024893476,-0.9671038,-0.2981879,142.92345,142.92345
880,141.50908061392516,126.14024824714036,-0.031149207,0.016142974,-0.9534235,-0.32916805,151.25348,151.25348
881,148.8676631981635,132.34982132275246,-0.027395464,0.017918656,-0.94454217,-0.32613257,151.32541,151.32541
882,153.25766490590198,132.6007418033849,-0.023880677,0.011340669,-0.9587686,-0.327061,158.77892,158.77892
883,150.17196257948524,124.65042585553815,-0.03466517,0.006815704,-0.9815577,-0.32209805,160.9496,160.9496
884,139.02149877227973,112.90477387303692,-0.0425914,0.002562719,-1.0076988,-0.30325767,161.13095,161.13095
885,126.65808637030474,106.15262134387545,-0.025208212,-0.00418543,-0.97107387,-0.31022668,158.91573,158.91573
886,121.65361562204848,108.72422756681195,-0.014742599,-0.0069199232,-0.95193154,-0.31213722,154.96222,154.96222
887,124.80052820724802,116.2416331257237,-0.033330128,-0.008964137,-0.9803754,-0.30839655,161.0421,161.0421
888,128.46430155540517,120.8440203104233,-0.03283033,-0.008507012,-0.9810701,-0.3033585,161.79637,161.79637
889,125.95593460339298,118.58283677132277,-0.063716285,-0.008104886,-1.0443329,-0.3052271,160.63278,160.63278
890,119.33914684429323,112.55823996062577,-0.06029396,-0.0009466922,-1.0522099,-0.31088412,157.18279,157.18279
891,115.44084281630214,108.4804611526056,-0.061104596,-0.0047031506,-1.0505152,-0.31125084,158.61754,158.61754
892,116.84895213910151,108.89386793334153,-0.02353396,-0.0039712265,-0.9670124,-0.2881698,162.26187,162.26187
893,120.93665860717967,113.17990885620117,-0.031102866,-0.012541195,-0.9773241,-0.2877633,163.25105,163.25105
894,124.3478101005648,117.88648150791576,-0.027601348,-0.011795831,-0.9560304,-0.2887575,171.6729,171.6729
895,124.98712508837403,118.10649886843915,-0.04837067,-0.021452492,-1.0041559,-0.29355985,169.74907,169.74907
896,122.9041380722055,114.67404253817911,-0.038120158,-0.04049364,-0.9911899,-0.3192268,166.10876,166.10876
897,120.14418447859957,114.48122752972074,-0.042153772,-0.036529016,-1.0046384,-0.32004726,168.88213,168.88213
898,118.33467572674108,119.15982863143341,-0.057983037,-0.035705768,-1.0291524,-0.31869528,170.32211,170.32211
899,117.30504972161872,121.80132146217825,-0.038532596,-0.030580642,-1.0119002,-0.32214352,168.50778,168.50778
900,116.27796163597522,117.36511434945919,-0.015903566,-0.020185098,-0.97432727,-0.28941327,166.64618,166.64618
901,115.46213974298914,109.72661753744215,-0.031878803,-0.019365486,-1.0008698,-0.27711606,167.16563,167.16563
902,115.41501077093662,106.42435419119175,-0.021238258,-0.01948988,-0.9713114,-0.268411,170.98717,170.98717
903,116.24108887564226,109.90965191807601,-0.00559628,-0.024758052,-0.9535984,-0.2830284,170.45581,170.45581
904,118.3539268682495,116.40560196443609,-0.023895424,-0.020443419,-0.9895716,-0.2826656,172.806,172.806
905,122.02164030560499,120.42924472883202,0.001733081,-0.014534542,-0.9438635,-0.27251706,178.62427,178.62427
906,126.62653715229553,119.60416150551667,-0.012987635,-0.016941924,-0.97168887,-0.2811597,176.9026,176.9026
907,129.772480765999,116.01204485269251,-0.021475922,-0.01569887,-0.93528974,-0.2820538,186.2892,186.2892
908,127.23300522344816,111.2239505671257,-0.030980308,-0.017068725,-0.99778223,-0.29211295,179.25008,179.25008
909,117.17500138600342,104.02670799595778,-0.04978509,-0.030697161,-1.0081762,-0.32813838,174.47429,174.47429
910,103.59758792027796,95.55220571028883,-0.06324896,-0.033578236,-1.0463469,-0.33702835,170.5857,170.5857
911,94.05289124309459,90.93715714071702,-0.06172295,-0.03454887,-1.0469806,-0.3264273,174.52827,174.52827
912,92.56402509097279,92.79676906927455,-0.07001583,-0.036310315,-1.0641061,-0.31460544,177.54337,177.54337
913,95.21289378058762,96.59362971869908,-0.038219556,-0.03599324,-0.99714595,-0.3098153,182.1063,182.1063
914,96.12549124643591,96.07984901387715,-0.042274423,-0.03460517,-1.0379604,-0.31669748,180.55681,180.55681
915,94.57387520326965,91.14978731854987,-0.05367614,-0.025107156,-1.0274262,-0.32036206,181.56308,181.56308
916,93.69057338329756,86.75168094887565,-0.035759035,-0.019602543,-1.0103751,-0.30891097,182.60689,182.60689
917,95.48694987382278,84.6943388526793,-0.05009213,-0.0054419264,-1.0107937,-0.28294498,181.19566,181.19566
918,97.74586663299345,81.30781011668205,-0.05331121,-0.0055915746,-1.0140303,-0.27858183,186.77066,186.77066
919,96.10885870414765,75.57730778970867,-0.052842498,-0.016489688,-1.0369546,-0.29696777,185.63329,185.63329
920,89.08147074873953,71.84522037077606,-0.06141671,-0.0118329935,-1.0333384,-0.27926633,187.9103,187.9103
921,79.80673573655987,71.57672789247663,-0.0575391,-0.016163142,-1.0246968,-0.27891478,191.31331,191.31331
922,73.57365849130537,71.53793977914658,-0.037282318,-0.016602863,-0.99779147,-0.28730154,195.4608,195.4608
923,72.7300831857017,70.21517555611587,-0.043883167,-0.029652972,-1.0173945,-0.3089806,193.02158,193.02158
924,73.87894698101478,69.77020145064577,-0.031627037,-0.033417705,-1.0085844,-0.31141356,192.9899,192.9899
925,72.48943320980678,71.97378022259956,-0.037318435,-0.032029726,-1.0126663,-0.3055754,196.24313,196.24313
926,68.80562752666091,74.20350645330387,-0.048585273,-0.033407755,-1.0100112,-0.30154136,197.86786,197.86786
927,66.07190399870096,72.34457614436984,-0.059773073,-0.048090532,-1.035642,-0.32297778,196.98628,196.98628
928,66.1348932493176,67.71340480723075,-0.053363215,-0.04051083,-1.0306764,-0.32435736,199.41258,199.41258
929,68.73288250540305,65.51024258630687,-0.038200244,-0.04071368,-1.0103458,-0.31350547,203.33844,203.33844
930,71.29935748383186,66.45176649781685,-0.042643316,-0.040801473,-1.0175017,-0.3163558,201.06543,201.06543
931,70.70862324900015,66.30986970831704,-0.02987252,-0.03274312,-1.0136249,-0.3060784,201.27847,201.27847
932,67.33424938853571,62.996271162037075,-0.027629044,-0.03438707,-1.007135,-0.29189342,205.10555,205.10555
933,63.77127392106631,58.66322165429829,-0.03592911,-0.033341948,-1.0209247,-0.29017568,206.28458,206.28458
934,60.969583869638825,55.992210106360666,-0.039633214,-0.03231784,-1.024741,-0.2933523,207.40877,207.40877
935,58.80100297502702,55.26174460765009,-0.04801854,-0.03133715,-1.0291238,-0.29251888,206.82166,206.82166
936,56.658550930503964,54.4227863505318,-0.036856286,-0.03464455,-1.024667,-0.29934326,203.27286,203.27286
937,53.89497963891569,52.499811604395106,-0.040468615,-0.02706583,-1.0344386,-0.30411023,204.02458,204.02458
938,51.854754519088814,51.10128929878558,-0.040265396,-0.029165212,-1.0136757,-0.30023792,207.34013,207.34013
939,51.57348194826622,50.00608060369777,-0.041782677,-0.03761272,-1.0105076,-0.31396726,205.58969,205.58969
940,50.504792622214836,46.19592666020625,-0.043275256,-0.03930211,-1.0193639,-0.3145662,205.00499,205.00499
941,45.724618838562314,39.631294874023716,-0.038364258,-0.046469077,-1.0164078,-0.32859033,204.39894,204.39894
942,39.08573151462086,34.582768048211996,-0.042300522,-0.052267954,-1.0121291,-0.33154288,203.58363,203.58363
943,36.0461800196652,34.191713402755255,-0.04922017,-0.053192463,-1.0263811,-0.32297394,206.88515,206.88515
944,39.23112851621233,37.348341896983904,-0.021757752,-0.052403994,-0.97448385,-0.31675044,210.37704,210.37704
945,46.096058388492025,41.10902601525169,-0.03033858,-0.05214704,-0.97915083,-0.30421388,211.06197,211.06197
946,52.46565548300932,43.608139938656294,-0.03834346,-0.052727904,-0.99412894,-0.3064833,210.76718,210.76718
947,55.69725735602107,44.50071093577554,-0.03488853,-0.05221738,-0.9918222,-0.2965109,212.06107,212.06107
948,55.446691683199184,44.305929612978645,-0.032321822,-0.052917574,-1.0062019,-0.3124121,210.21762,210.21762
949,53.237170326878385,43.76684284840649,-0.02690796,-0.0530281,-0.9920136,-0.31589022,211.54108,211.54108
950,51.6897063260839,43.63128947960026,-0.04508762,-0.052319825,-1.0113492,-0.29782605,217.64262,217.64262
951,51.955836667664244,44.03265696588689,-0.034647867,-0.05129632,-1.0080981,-0.30030468,218.03488,218.03488
952,51.7778830996218,43.64611850012028,-0.047091153,-0.047375835,-1.0079527,-0.29414493,221.5798,221.5798
953,49.023131246273124,41.245628948698496,-0.032009307,-0.056820735,-0.99645257,-0.32030004,215.55164,215.55164
954,44.95709186377965,38.091745544748136,-0.04287487,-0.05915502,-1.0331696,-0.3419681,214.59955,214.59955
955,42.23440834153131,37.09327253572059,-0.056230474,-0.039803103,-1.0311068,-0.3563466,213.83182,213.83182
956,41.97867757542456,39.35603667353828,-0.044679392,-0.037137646,-1.0114672,-0.3495128,212.25443,212.25443
957,43.13531735003961,42.36150673315148,-0.057134572,-0.045272302,-1.0241983,-0.33085513,210.4898,210.4898
958,43.97702227750166,43.0375267781127,-0.05256981,-0.049434643,-1.0269277,-0.31021985,210.93488,210.93488
959,43.892984909517224,41.68324632206691,-0.050681602,-0.050163917,-1.0252727,-0.29910848,212.39755,212.39755
960,43.59659772105937,40.55784685023584,-0.0536562,-0.05309169,-1.0194927,-0.31353107,210.7261,210.7261
961,43.92078531678593,40.49201780540587,-0.054105874,-0.051955573,-1.0168896,-0.2958205,212.17398,212.17398
962,44.65815157119436,41.07737185641228,-0.0447647,-0.051075887,-1.0193154,-0.29388487,212.12262,212.12262
963,45.11647733250984,42.141749427529184,-0.039115336,-0.051013418,-1.0194821,-0.2916047,210.27184,210.27184
964,45.344961563471145,43.48835793493587,-0.04457492,-0.049909156,-1.0225717,-0.2885736,212.8984,212.8984
965,45.651850785198384,44.49280364098121,-0.05033247,-0.04514412,-1.028681,-0.29409027,214.69666,214.69666
966,45.3262055225346,44.622145197870516,-0.06625237,-0.04354491,-1.0483689,-0.30343175,216.95033,216.95033
967,43.3261672155741,43.853892704214445,-0.05614782,-0.042677686,-1.0427613,-0.29444632,220.63733,220.63733
968,40.465625628969754,42.63229441749551,-0.049756113,-0.04759106,-1.0356932,-0.29082072,220.4822,220.4822
969,38.95380314625179,41.59289980027181,-0.04952494,-0.048317835,-1.054856,-0.2899017,224.02055,224.02055
970,39.327650900640265,41.20206772673437,-0.050300486,-0.053353343,-1.0518587,-0.2937334,219.921,219.921
971,40.14887729795884,41.51822967719268,-0.04978566,-0.053828835,-1.0588694,-0.29597566,220.5426,220.5426
972,40.418567167539074,42.22615423816895,-0.048846833,-0.054557666,-1.0612375,-0.29578626,222.64969,222.64969
973,40.154059650053696,42.8904047896113,-0.06176602,-0.050146684,-1.048425,-0.27555138,217.95312,217.95312
974,39.573982456145735,43.20850960403038,-0.05207162,-0.05160318,-1.0327053,-0.2690256,218.8289,218.8289
975,39.13054156190125,43.15400495504698,-0.04933749,-0.054734465,-1.040752,-0.27603385,220.99214,220.99214
976,39.285976644984785,42.98745697253508,-0.063562684,-0.05669531,-1.0553402,-0.28069866,221.44138,221.44138
977,39.712957225569355,43.01520929658433,-0.0504209,-0.051069118,-1.0773505,-0.27863604,228.28642,228.28642
978,39.45426552478323,43.14783517795165,-0.04465155,-0.049276505,-1.0552901,-0.29617208,227.15842,227.15842
979,38.07629765413152,42.91491537872279,-0.047326226,-0.04963548,-1.0401202,-0.29884487,227.05264,227.05264
980,36.447624406593185,42.213058832398026,-0.044851106,-0.050132528,-1.0334198,-0.30344293,226.72267,226.72267
981,35.84504483862177,41.57593579297033,-0.04281003,-0.053756837,-1.0354232,-0.3147518,222.5422,222.5422
982,36.415896561576105,41.43835546669728,-0.041363087,-0.054425295,-1.0218906,-0.29244256,222.57945,222.57945
983,37.40273383652029,41.67715621099299,-0.040338535,-0.054597612,-1.0365515,-0.2879737,226.22563,226.22563
984,38.220189889748134,41.9636436770155,-0.050218053,-0.054075904,-1.0391842,-0.28652322,228.9223,228.9223
985,38.575852495478784,42.16310279573963,-0.03938398,-0.05437661,-1.0185382,-0.2856109,228.91295,228.91295
986,38.466555071806674,42.318916776892884,-0.038780052,-0.051742442,-1.0252529,-0.2790404,229.34818,229.34818
987,38.26120170531824,42.52332281863333,-0.036941297,-0.05136247,-1.0281096,-0.27737573,232.55165,232.55165
988,38.600783283527186,42.949372575407374,-0.04071854,-0.04858446,-1.0223951,-0.2733506,227.80556,227.80556
989,40.22272096741959,43.7144036671764,-0.036948048,-0.051793166,-1.0116149,-0.266822,223.5855,223.5855
990,42.71003942669384,44.5914420822173,-0.039040405,-0.04972923,-1.0283289,-0.259343,224.94128,224.94128
991,44.042686371776114,45.19176993314078,-0.032185707,-0.050938744,-1.0288473,-0.2693781,225.2581,225.2581
992,43.113632713863744,45.42002423114789,-0.032098293,-0.05108491,-1.0425565,-0.27642748,227.95181,227.95181
993,41.18750458291557,45.384672620983444,-0.043857373,-0.05157698,-1.0446165,-0.27727202,226.69948,226.69948
994,40.122716738536965,45.09364372413983,-0.027428042,-0.05369301,-1.021838,-0.2918197,224.41978,224.41978
995,40.796063696901314,44.707858643531566,-0.039892066,-0.054735094,-1.0209523,-0.3048639,224.11243,224.11243
996,42.8558348276713,44.69207331907802,-0.03755454,-0.053730637,-1.0220311,-0.30441117,227.98059,227.98059
997,45.24684891044278,45.25176527766231,-0.03643265,-0.054389697,-1.0019403,-0.30560163,227.1095,227.1095
998,47.26174212004859,46.075338375010894,-0.03437047,-0.054898776,-1.0082558,-0.3133903,226.54442,226.54442
999,48.656082059154194,46.86835652817416,-0.04187671,-0.052634533,-1.0070838,-0.32661694,222.23904,222.23904
1000,49.263231850363766,47.55399368002744,-0.033494834,-0.056689385,-0.9837492,-0.33399543,224.69504,224.69504
1001,49.27702907777168,47.9185488371336,-0.038543593,-0.061754845,-0.9993561,-0.34527963,221.98796,221.98796
1002,48.88221973838146,47.76044724376948,-0.030980377,-0.059390705,-0.9976615,-0.3473816,225.11316,225.11316
1003,47.51490110538063,47.19806731177709,-0.024957975,-0.05992493,-0.98798656,-0.34199452,223.42,223.42
1004,45.044886818318034,46.46083459039971,-0.02322934,-0.059830725,-0.9869806,-0.345605,221.50505,221.50505
1005,43.07019511320345,45.92499060766949,-0.023511523,-0.057808783,-0.99136144,-0.32921886,222.33165,222.33165
1006,43.29093796169602,46.20085862773067,-0.026670396,-0.049443953,-0.9864816,-0.3282353,224.30602,224.30602
1007,45.490248931912866,47.45003490895685,-0.031512596,-0.044517037,-0.9796029,-0.33018613,223.04953,223.04953
1008,48.203186172572444,48.980333296613296,-0.031152548,-0.046035122,-0.98607135,-0.32595634,222.46915,222.46915
1009,50.282596695979485,49.995493571819814,-0.02752934,-0.04459879,-0.98107564,-0.32097152,222.86237,222.86237
1010,51.31121031196218,50.431796190713754,-0.020224249,-0.03666044,-0.9708974,-0.31978646,217.64783,217.64783
1011,51.57078621423939,50.8571339042217,-0.01414722,-0.036969252,-0.9673639,-0.31363496,221.1913,221.1913
1012,51.952586594668865,51.56385284678798,-0.013221721,-0.037994575,-0.9705335,-0.31002137,221.53062,221.53062
1013,53.088065299948454,52.03634341818809,-0.010136022,-0.04043599,-0.9633582,-0.31185177,216.81705,216.81705
1014,54.542297459290374,51.72411231148462,-0.023336096,-0.037743118,-0.9843239,-0.30560714,214.41074,214.41074
1015,55.600298514073444,51.1877260380947,-0.0026992732,-0.04027536,-0.9707607,-0.33330393,209.74614,209.74614
1016,56.35978481505693,51.795584542769156,-0.010597167,-0.039294384,-0.968271,-0.3406784,205.32878,205.32878
1017,57.19041367779779,53.844715680265566,-0.005573226,-0.0393925,-0.9481755,-0.33156818,207.40488,207.40488
1018,57.94030832361588,55.84357693222875,-0.007434852,-0.042776275,-0.9680878,-0.3169423,206.99826,206.99826
1019,58.56876770349892,56.61837300569309,-0.005807912,-0.046791933,-0.955125,-0.3182553,201.41487,201.41487
1020,59.720461285233014,57.00623911846855,-0.008976004,-0.054364365,-0.9561298,-0.3192079,201.1725,201.1725
1021,62.33724401219467,57.936826985748425,0.0024416756,-0.056821786,-0.9391924,-0.32495514,188.19173,188.19173
1022,67.18594233923056,58.3727603655475,0.01626999,-0.044730134,-0.93689096,-0.31174162,185.51398,185.51398
1023,73.25321441804985,57.310872464806394,0.02333981,-0.048088077,-0.916511,-0.3420294,188.3541,188.3541
1024,77.17516395489329,55.93762479495102,0.0039864583,-0.029470954,-0.9503719,-0.33864018,183.2911,183.2911
1025,77.05500166822905,55.74978652513805,0.007836582,-0.020087013,-0.9478894,-0.345015,183.08408,183.08408
1026,74.95520667964557,56.461248559966975,0.016567068,-0.017127078,-0.93636376,-0.34317446,180.43188,180.43188
1027,73.94545447199673,57.10699373813089,0.017808123,-0.014236544,-0.91823417,-0.343734,182.11884,182.11884
1028,74.79025136979892,57.70244601962938,0.008807224,-0.008462014,-0.9226022,-0.34795043,185.73425,185.73425
1029,76.09050556207045,58.81954125943156,0.008693097,-0.0042570904,-0.9179685,-0.34154868,186.94397,186.94397
1030,76.53755930915374,60.180739421478954,0.005397371,-0.0010579277,-0.9191886,-0.33328897,187.24303,187.24303
1031,76.45738053823133,60.913329129702284,0.011632915,0.0069663343,-0.90051574,-0.31792355,185.1819,185.1819
1032,77.26384728998713,61.20407098616018,0.017332535,0.006320023,-0.90821826,-0.3130725,184.283,184.283
1033,79.31322262414544,62.08578006224922,0.030884393,0.0024040877,-0.8957292,-0.3232108,181.5755,181.5755
1034,81.29386280063433,63.63017949695032,0.02877086,0.003405356,-0.90062946,-0.3454455,181.35672,181.35672
1035,82.577245650665,64.81979906129236,0.03019132,0.0016964042,-0.88195497,-0.351741,177.629,177.629
1036,83.98045848050917,64.87577748850022,0.026303925,-0.0012349891,-0.88521874,-0.35527384,179.22748,179.22748
1037,85.75435566325392,64.12790020420336,0.03679075,-0.002416384,-0.89261544,-0.3739252,180.97989,180.97989
1038,87.1828200954362,63.86139016778369,0.03630859,-0.0141240815,-0.9149118,-0.3489398,181.82745,181.82745
1039,87.93044626593081,64.94356064966564,0.030290922,-0.01129027,-0.9110774,-0.36016387,181.51714,181.51714
1040,87.87075734167185,66.72552759630163,0.021144273,-0.0002395272,-0.9178774,-0.35758287,180.66393,180.66393
1041,86.34546589509709,68.49481984817261,0.030039161,-0.0033318102,-0.91454345,-0.36175662,178.64609,178.64609
1042,83.59521082676143,72.82256857724842,0.027551485,-0.01538953,-0.8606577,-0.38956594,156.35234,156.35234
1043,81.2999911030877,84.46566497128698,0.02154593,-0.03664896,-0.86788934,-0.41461927,150.92766,150.92766
1044,80.28894400468604,102.30190524743922,0.030636944,-0.038841013,-0.8446958,-0.39400405,152.50848,152.50848
1045,81.03966070295577,118.92010191045881,0.016855352,0.082685135,-0.92753416,-0.045483075,116.472244,116.472244
1047,86.13463351822915,127.60221888712844,0.04296184,-0.008025407,-0.32616496,-0.90753794,80.84752,80.84752
1050,97.92288702024412,124.00377285855532,-0.057947405,-0.25527224,-1.0203426,-0.51543534,85.80879,85.80879
1051,114.26389419742073,116.37899393836526,-0.0115739135,-0.19972506,-1.0400752,-0.4161414,85.23971,85.23971
1052,128.01908689336955,125.80100047534677,-0.025683,-0.21724604,-1.0147551,-0.43410292,84.06682,84.06682
1053,133.1981777375476,155.0103931947064,-0.030919226,-0.21003973,-1.0358061,-0.42706063,86.66341,86.66341
1054,132.06461099062318,180.87802231535107,0.03451851,-0.08272203,-0.98505974,-0.088574365,89.11748,89.11748
1055,129.88633223886313,186.34931950054158,0.07009572,-0.038630378,-0.96589696,-0.039294578,88.95199,88.95199
1056,128.09002212522654,177.274565930452,0.10221835,0.077766344,-0.8876108,0.33721858,98.34091,98.34091
1057,127.99844815056898,169.57241959022792,0.07203614,0.115590855,-0.9494506,0.35124776,111.39322,111.39322
1058,130.68330906401596,171.2408181297525,0.08793592,0.06630314,-0.9243393,0.26895118,111.30011,111.30011
1059,134.6820010602596,176.88765713759068,0.055228986,-0.026600711,-0.92962843,0.17998889,103.06406,103.06406
1060,139.63981061568708,177.43675508165305,0.052292563,-0.012352875,-0.8923886,0.26496986,108.27636,108.27636
1061,144.5849916616385,172.3084363960144,0.0681748,-0.0038422055,-0.8889222,0.28634042,106.23393,106.23393
1062,145.99297707568945,167.88736532722226,0.017171718,-0.069948904,-0.92106164,0.12103257,100.7157,100.7157
1063,145.2348418107534,167.02600672382698,0.020607915,-0.09521047,-0.93536377,0.12248016,93.27832,93.27832
1064,147.95213899739124,167.30024467473658,-0.037114408,-0.11184941,-0.94935775,0.122220986,100.95464,100.95464
1065,153.31162903373834,164.91159642678872,-0.033141233,-0.10949579,-0.9256175,0.14018977,99.39944,99.39944
1066,154.45249224421804,158.0558506604423,0.02457809,0.017821405,-0.8832565,0.4548579,106.58391,106.58391
1067,146.86567261833565,153.28457019702654,0.039979845,0.010698903,-0.8913579,0.4501515,102.50679,102.50679
1068,134.00212137618922,159.8768165264842,0.08429832,0.017101178,-0.8764843,0.38948527,99.72315,99.72315
1069,127.51534145386034,173.75545068947685,0.08769977,0.04226046,-0.86252487,0.41374883,102.87547,102.87547
1070,135.11255787959956,181.71700909077063,0.12119191,0.044474054,-0.8078181,0.41691467,93.05675,93.05675
1071,149.60257694418792,178.94907256550482,0.1073695,0.08125947,-0.8462712,0.51127356,98.41702,98.41702
1072,156.66367830991837,171.47393643533852,0.09391294,0.043147843,-0.8533163,0.47709003,105.62015,105.62015
1073,149.68954840958023,167.40134469448896,0.053167485,0.025617592,-0.843534,0.4351896,108.38213,108.38213
1074,136.15035850641615,169.86439468235665,0.060925934,0.03446158,-0.8309296,0.4335559,110.15137,110.15137
1075,130.47889423602584,173.46068755633257,-0.0072210724,-0.083439656,-0.9631774,0.14359851,105.6884,105.6884
1076,138.74718860569345,169.70840973704767,0.040475525,-0.008163865,-0.9476981,0.308481,109.09355,109.09355
1077,153.27924360593593,161.5597790877511,0.04902889,0.024755245,-0.945575,0.35024998,110.79663,110.79663
1078,162.5101030346512,161.59716599616794,0.037142713,0.015089509,-0.960063,0.31810957,113.02388,113.02388
1079,162.1102268143523,170.8687897158265,0.058227345,0.052022472,-0.95322067,0.40033633,112.01977,112.01977
1080,156.72495744809228,177.78472968307827,0.037721656,0.038975447,-0.95387596,0.372475,112.65888,112.65888
1081,152.97728835741574,177.00804732218063,0.049724087,0.065841466,-0.9458184,0.39449307,113.17764,113.17764
1082,153.76213912132462,173.66801375479875,0.06715534,0.07140053,-0.91557455,0.46826273,111.34986,111.34986
1083,158.18366077038436,173.5505207764992,0.053048193,0.04932315,-0.93140626,0.31345198,113.22091,113.22091
1084,162.6993009666927,176.40467418662166,0.06870617,0.077966645,-0.9120141,0.39666224,111.559715,111.559715
1085,164.29393298881735,177.58082414817733,0.08671477,0.081964746,-0.855768,0.54057175,113.97782,113.97782
1086,163.62503904259586,174.9383911818937,0.10552295,0.069179274,-0.83181405,0.48363256,110.819496,110.819496
1087,163.00809191224656,171.8872946454874,0.13708918,0.09568859,-0.7640999,0.6513328,102.28403,102.28403
1088,163.687701471511,171.85676121447477,0.13596864,0.1012946,-0.7842273,0.6263325,105.12465,105.12465
1089,165.8481357250771,172.79228108501218,0.120154515,0.08715041,-0.8023253,0.5971902,102.13658,102.13658
1090,168.55405980601725,171.38385612404093,0.11865495,0.069344886,-0.8185756,0.50421196,104.4896,104.4896
1091,170.02254909443022,169.33197543487026,0.14673999,0.08317553,-0.7737702,0.61901534,99.59912,99.59912
1092,169.48145186113103,170.108326057474,0.13164131,0.07542518,-0.7873516,0.5602378,102.7387,102.7387
1093,168.2001242375524,173.1475064207583,0.13795632,0.07888325,-0.7697498,0.5737082,101.77007,101.77007
1094,167.7232698505978,175.19990487905196,0.13890518,0.069960155,-0.76124084,0.5765646,103.20598,103.20598
1095,167.9242148223552,174.77060352966083,0.15355457,0.08484184,-0.7508531,0.65175223,98.13469,98.13469
1096,167.91850809511908,173.08488860019787,0.13467678,0.076636605,-0.76923275,0.6008891,100.89963,100.89963
1097,167.69643683730249,171.42124028866772,0.13296224,0.09311764,-0.7567601,0.6734795,98.126724,98.126724
1098,167.86855811309826,169.41288435404275,0.1403157,0.093413234,-0.7687934,0.67781067,96.53133,96.53133
1099,168.61229621358058,167.04809276739374,0.15173769,0.08525152,-0.76731855,0.5993743,97.35525,97.35525
1100,169.3375056540893,166.112551697317,0.1571981,0.09632806,-0.721792,0.63809514,93.40918,93.40918
1101,169.44650166745413,167.78826753527008,0.15510273,0.090041995,-0.7033917,0.6546898,92.83693,92.83693
1102,169.29729506846135,170.74337934516015,0.15892605,0.11553979,-0.6909205,0.68435466,92.575615,92.575615
1103,169.6557668669331,173.20293988941424,0.15633288,0.10411431,-0.710093,0.6450596,93.67785,93.67785
1104,170.31928405302895,175.2338176327477,0.1306938,0.11481359,-0.7509307,0.6559509,93.129265,93.129265
1105,170.57821878329997,177.38321090439592,0.16388053,0.11604067,-0.71288645,0.69088244,91.25319,91.25319
1106,170.73876177966213,178.44841496202005,0.1740093,0.11837718,-0.72170657,0.7214827,87.79929,87.79929
1107,171.5131192186943,176.81314731106977,0.16009998,0.10104558,-0.701032,0.7228077,89.19254,89.19254
1108,172.31177217374648,173.48796505182395,0.13851897,0.07230572,-0.72409314,0.706957,86.68206,86.68206
1109,171.73652741273585,171.41838641508815,0.13948658,0.06354777,-0.70428026,0.6849699,87.80391,87.80391
1110,169.6408984473582,171.64820032741773,0.17078504,0.06962696,-0.6841207,0.68276465,85.89914,85.89914
1111,167.75493072126406,172.25746581556825,0.16164914,0.075716525,-0.70204765,0.7005908,84.54386,84.54386
1112,167.8260216854894,171.33026926212017,0.15807696,0.078507654,-0.6915477,0.72559273,84.19504,84.19504
1113,169.4180099068593,169.80065395821805,0.1546482,0.0739099,-0.644436,0.70654595,81.880615,81.880615
1114,170.4405490065134,170.41537686076904,0.13914235,0.068822145,-0.67876285,0.7246792,83.07467,83.07467
1115,169.6746647559642,173.16026608334263,0.15157653,0.07269852,-0.6911445,0.71659964,83.13502,83.13502
1116,167.66797033264152,174.53442857831317,0.16176397,0.06066815,-0.683179,0.64165395,83.538315,83.538315
1117,165.45283230363754,172.95892351689238,0.19205241,0.09432485,-0.6360671,0.7288878,78.76217,78.76217
1118,163.48392877012313,170.91188319162154,0.14136471,0.07670259,-0.7079541,0.7045446,83.70725,83.70725
1119,161.97747535941028,171.19084414712756,0.15496165,0.07459691,-0.6556866,0.73350555,82.08996,82.08996
1120,161.55532728784823,173.58224722800267,0.13813667,0.067506514,-0.6798725,0.7164261,81.59794,81.59794
1121,162.6210216414651,175.58046478756125,0.15691876,0.0680025,-0.6613814,0.7264796,78.86888,78.86888
1122,164.40509720886342,175.55070130197888,0.17529899,0.06988429,-0.6705437,0.7092549,81.03343,81.03343
1123,165.67657687235848,173.7297340143055,0.17817979,0.103046685,-0.65582067,0.7217549,82.75313,82.75313
1124,166.10164745646378,171.5584290294519,0.16554624,0.090870894,-0.70032084,0.69384813,86.19628,86.19628
1125,166.12729387182452,170.88213772344653,0.134883,0.07916461,-0.7399661,0.6490974,86.72293,86.72293
1126,165.9341608459244,172.05682350736055,0.15136485,0.076136425,-0.66843337,0.6954676,80.96557,80.96557
1127,165.40003870463357,173.68647112806022,0.17308147,0.088277325,-0.70864606,0.7259112,79.115105,79.115105
1128,164.91351793741447,174.53065068367943,0.17738064,0.10162387,-0.705402,0.7212099,78.65379,78.65379
1129,165.23720324891752,174.21361040134101,0.1721341,0.094959326,-0.73358065,0.68182015,83.42484,83.42484
1130,166.25003118729342,172.64988243818573,0.18467112,0.08838967,-0.7130989,0.6770953,83.21811,83.21811
1131,166.7541310552798,170.08528143243862,0.16014634,0.080648564,-0.74367404,0.67493254,83.64008,83.64008
1132,166.34968329252365,167.8516815817135,0.13565531,0.05857271,-0.7357963,0.5556246,87.93105,87.93105
1133,166.22269593230652,168.39773599108753,0.13106997,0.05455983,-0.76541406,0.55778193,88.04371,88.04371
1134,167.1849583357178,172.6259197362229,0.1405164,0.059456415,-0.7193306,0.61405396,81.22549,81.22549
1135,168.27692443138415,177.49707035577626,0.096997395,0.02760296,-0.76458806,0.46804714,87.482086,87.482086
1136,167.81405937831752,179.46642833537985,0.0988371,0.029914705,-0.77571374,0.47538707,89.5929,89.5929
1137,165.40281828461696,178.35310410003217,0.053745456,-0.01423731,-0.85400045,0.3691906,88.30121,88.30121
1138,161.96575622728108,174.69322957257748,0.009814927,-0.080159344,-0.9017969,0.23786288,87.96528,87.96528
1139,158.0525222306324,168.27109490379945,-0.062028334,-0.14918497,-0.9527595,0.11489265,90.19385,90.19385
1140,154.8833142567134,162.31489697862995,-0.074416615,-0.16252592,-0.9728264,0.11236747,91.15583,91.15583
1141,154.61959456230642,161.8784898358799,-0.07273713,-0.15963338,-0.9784093,0.12609343,88.431046,88.431046
1142,156.5027675815305,166.31616738702084,-0.070338555,-0.15780471,-0.95657325,0.12690797,85.63406,85.63406
1143,157.1401080364805,170.42441102850376,-0.06576387,-0.15407908,-0.9466319,0.14982489,84.68362,84.68362
1144,155.27692213001677,171.09402157991482,-0.0652913,-0.15892707,-0.9389774,0.1377171,83.2652,83.2652
1145,152.59298877718706,168.4674286359902,-0.059329946,-0.1595998,-0.9567367,0.14087524,82.833725,82.833725
1146,151.20978691212875,164.1329453948302,-0.04842889,-0.15711996,-0.96944255,0.13741791,81.94123,81.94123
1147,152.14596897578494,160.53969813363867,-0.05746579,-0.16025916,-0.93052274,0.15278062,78.91233,78.91233
1148,154.81471370035842,160.87758484116281,0.081564695,-0.01202762,-0.82853746,0.4508463,79.328415,79.328415
1149,157.73987322260209,165.98331908690062,0.09041232,0.012886264,-0.78635705,0.55187196,75.53692,75.53692
1150,160.09409988267953,171.75272153622947,0.102237225,0.004841347,-0.80870014,0.49269116,73.48656,73.48656
1151,161.71151490416594,174.3455054155029,0.12288416,0.017481754,-0.7746725,0.5314103,70.885155,70.885155
1152,162.2972116623898,175.0573586044128,0.1351055,0.022696262,-0.75758606,0.5451657,69.82684,69.82684
1153,162.16698876831384,176.3386964851464,0.14694983,0.06612934,-0.6990293,0.72057205,67.49699,67.49699
1154,162.62953087476302,177.43434178605654,0.14171766,0.05603063,-0.7164714,0.69292027,64.75122,64.75122
1155,164.11328872545548,176.7301571327978,0.14816713,0.04818522,-0.6645354,0.7319798,62.083683,62.083683
1156,165.09909452136992,175.00928573949895,0.16898637,0.05454514,-0.6110468,0.76662546,58.43504,58.43504
1157,164.20288954499986,174.42898321712255,0.16007194,0.04582536,-0.64663184,0.75115395,58.807064,58.807064
1158,162.27272699374205,175.88139768847057,0.13892923,0.017032309,-0.6701369,0.7183843,60.59507,60.59507
1159,161.29191768461266,178.115892118777,0.11952785,0.0090984795,-0.7326408,0.66257423,61.17617,61.17617
1160,161.99533943901218,179.13785347818086,0.12905212,0.0034663256,-0.67892665,0.6760547,60.686066,60.686066
1161,163.29872319171875,178.16127446580884,0.11254878,-0.022839924,-0.72114944,0.6404901,61.429523,61.429523
1162,162.2030943017688,176.33436726912652,0.10352082,-0.03164274,-0.7245637,0.6102102,61.400223,61.400223
1163,154.4506200638788,175.60869145160135,0.10187435,-0.024455993,-0.7185185,0.6287328,61.54929,61.54929
1164,140.94191906020154,176.36154469638726,0.10723856,-0.018090699,-0.69068897,0.6809833,61.122204,61.122204
1165,132.73929795943457,176.7927289137598,0.1029039,0.009817824,-0.6227097,0.8027356,59.121487,59.121487
1166,140.64944325229177,175.54308399752196,0.12607144,0.02185515,-0.5686554,0.89287204,56.909904,56.909904
1167,159.72392015830553,173.55614420690227,0.12279102,0.02096211,-0.5921849,0.8666294,58.575916,58.575916
1168,172.97444516882067,172.5684288626203,0.12992553,0.015207002,-0.5998298,0.8409667,57.230236,57.230236
1169,171.12861391917107,173.2439320708696,0.13748927,0.0166716,-0.6000113,0.86510676,55.77939,55.77939
1170,161.826388310631,174.97462402365957,0.08309777,0.019986281,-0.6168683,0.8553048,56.763485,56.763485
1171,158.26046745150248,176.35183020936006,0.06605084,0.02061365,-0.6659376,0.83699435,53.360035,53.360035
1172,162.05676142153018,175.76877262112447,0.0387933,0.008339305,-0.62423384,0.77428097,55.12285,55.12285
1173,163.11177092012562,172.74276763903734,0.00885538,-0.005385214,-0.62630856,0.7202684,60.029686,60.029686
1174,158.43111967841233,169.296146395652,0.0116536915,-0.020958193,-0.5923606,0.6873178,61.52385,61.52385
1175,157.49890905182872,168.344474338471,0.023029855,-0.04352589,-0.5778393,0.6431829,60.77449,60.77449
1176,164.00843739503102,169.76791946900664,0.01511704,-0.043278813,-0.5964477,0.6613941,58.44897,58.44897
1177,169.93884888336902,170.6057881317579,0.0017621266,-0.06957458,-0.6165568,0.62989205,58.606167,58.606167
1178,170.54508022027713,169.76426654436247,-0.017952744,-0.033196058,-0.61488277,0.6654445,59.859707,59.859707
1179,169.67428030500676,169.16146416885852,-0.007841717,-0.057810556,-0.6019506,0.64457524,60.391335,60.391335
1180,170.80926233223468,169.8782348604705,-0.0014100412,-0.076531716,-0.6012092,0.62550646,61.076656,61.076656
1181,172.84208346133005,170.49109195300488,0.00096351595,-0.09385553,-0.6109358,0.61827075,60.84411,60.84411
1182,173.7851380503734,170.01831232433594,0.015326111,-0.07050348,-0.5903189,0.6664072,62.446487,62.446487
1183,174.23640899488467,170.15969266548538,0.011277006,-0.05807824,-0.61256117,0.685092,60.640022,60.640022
1184,175.79533601537796,172.65504947723133,-0.012422511,-0.037335012,-0.6326772,0.73475593,60.37672,60.37672
1185,177.49654132712766,175.8072890875419,-0.0472136,-0.03381139,-0.6628798,0.768879,61.586384,61.586384
1186,177.41808915102857,176.55122695730037,-0.040263813,-0.034046214,-0.6506466,0.73485655,59.6378,59.6378
1187,176.46054104008311,174.8444385046794,-0.034558445,-0.02782649,-0.63886297,0.75174904,59.410404,59.410404
1188,176.6332992237039,172.9638189818426,-0.036492225,-0.031698264,-0.64578843,0.7501273,58.721638,58.721638
1189,177.2828925688093,171.69308931718203,-0.0382056,-0.06968471,-0.6224192,0.72590846,59.2114,59.2114
1190,176.08163798781015,170.50265950512892,-0.05261639,-0.04024781,-0.69915795,0.7614181,59.90718,59.90718
1191,173.50650558779424,170.63659109809186,-0.10273871,-0.026016697,-0.7371441,0.7326881,60.549072,60.549072
1192,172.79565357379124,173.22447352517457,-0.10825373,-0.0095981965,-0.7233801,0.7513859,61.2676,61.2676
1193,174.01793363096925,175.2329621151932,-0.09885895,-0.015619999,-0.7122038,0.7541202,61.077168,61.077168
1194,173.5853340867087,173.4590272244327,-0.08977307,-0.03618798,-0.7085938,0.6627106,58.866623,58.866623
1195,170.81880213385074,170.3997605428325,-0.07552792,-0.049020465,-0.6603601,0.6703862,59.141407,59.141407
1196,169.08046895876276,170.47717665427973,-0.0750346,-0.059314635,-0.685021,0.61846435,57.16235,57.16235
1197,170.38935875577434,173.49604342237646,-0.049892806,-0.07609656,-0.60689914,0.6273845,56.382473,56.382473
1198,173.1836047610091,176.05500897757446,-0.027858218,-0.082265094,-0.59024626,0.6393049,56.56958,56.56958
1199,175.12544152700426,176.7530724989011,-0.014554308,-0.08914188,-0.5411037,0.64557606,56.345406,56.345406
1200,175.57161944225047,176.67495536723465,-0.0154034365,-0.084391,-0.5330766,0.65384287,56.726257,56.726257
1201,175.25643962424144,176.49330401975655,-0.004859914,-0.08700028,-0.5115364,0.6647591,56.577827,56.577827
1202,174.90923437567284,175.81179847274186,-0.01263181,-0.05914242,-0.49180025,0.7313664,59.15648,59.15648
1203,174.2234164425702,174.17292577879536,-0.027312782,-0.05172772,-0.4867198,0.73437333,59.490368,59.490368
1204,172.01164855918853,171.04256589676527,-0.010988219,-0.046842765,-0.36134765,0.8771973,61.586624,61.586624
1205,167.75122986784382,166.0727210624719,-0.036136154,-0.020424409,-0.35439298,0.95249087,56.68141,56.68141
1206,162.97879984166477,160.88194450306415,-0.035562802,-0.049570117,-0.3456063,0.9454749,57.93678,57.93678
1207,160.56231734199216,159.37851785865246,-0.016971989,-0.05626117,-0.19955198,0.98178494,58.89184,58.89184
1208,161.5293555744294,162.8067518432611,0.0033382683,-0.055779982,-0.08013303,0.989327,58.56198,58.56198
1210,162.97741011443762,164.1116848518313,0.037182234,-0.100078456,-0.7777866,-0.5506191,88.251076,88.251076
1217,160.867959755499,152.94213165456844,-0.079777226,0.027037673,0.4905553,0.78938967,80.14375,80.14375
1218,154.8503870924703,130.3976816865974,-0.055517662,0.046654467,0.5393601,0.8345264,78.96591,78.96591
1219,147.3804490462726,112.17794954496442,-0.017272634,0.029911442,0.5650949,0.8318381,78.621574,78.621574
1220,140.38233832611598,110.10498472745499,0.0029129668,0.026061542,0.5802498,0.7870581,79.26489,79.26489
1221,135.9732479698804,121.09738394075522,0.030077504,-0.010566124,0.6116537,0.74052894,75.08576,75.08576
1222,131.39158046602216,139.23882542335383,0.081816696,-0.01893159,0.6541885,0.734886,77.38208,77.38208
1223,119.88796910150967,159.77967183246878,0.07283039,-0.018730113,0.5997051,0.75698626,75.79491,75.79491
1224,107.99874527798316,171.64341248756082,0.075292625,-0.011829275,0.6077582,0.7554676,75.55563,75.55563
1225,111.02526472583871,167.64440853877818,0.0730883,-0.0063404115,0.57907784,0.79024094,74.81135,74.81135
1226,128.22480750375414,155.20496789881383,0.011054502,0.014743602,0.56043845,0.8040478,76.30428,76.30428
1227,143.28773114378086,143.37881387305583,-0.028544012,0.042455483,0.46079952,0.82788444,72.879074,72.879074
1228,146.19026318022645,132.56110025826058,-0.044924125,0.047471173,0.4700514,0.81021154,78.51509,78.51509
1229,142.75550159627255,123.19282698398065,-0.122624226,0.11285668,0.4000074,0.8451682,55.42973,55.42973
1230,142.85166059610495,119.86861315241923,-0.078085095,0.0873403,0.4823845,0.8146534,61.95704,61.95704
1231,146.70679722703346,121.36715989113026,-0.093771994,0.009204228,0.4639307,0.79802305,65.29751,65.29751
1232,147.9454897637496,120.78284242923115,-0.118135646,0.0009792271,0.3695086,0.8247239,64.54264,64.54264
1233,144.52767627403372,116.30043623107966,-0.0804295,-0.004398921,0.39667863,0.9231453,54.563553,54.563553
1234,138.98598495999283,109.52326353856165,0.012500505,-0.08287583,0.525009,0.7244291,44.89565,44.89565
1235,133.49343665466597,105.61219471048956,-0.09766544,-0.009956606,0.36168537,0.7712952,58.751038,58.751038
1236,131.59280685172155,113.54868713146274,-0.079563655,0.024667302,0.2329937,0.8834617,60.812958,60.812958
1237,135.9872965934346,127.44804341890733,-0.02069749,-0.0048662038,0.34394902,0.9745563,58.204227,58.204227
1238,141.85958897144363,129.8198875910894,-0.04747903,0.06733693,0.27250907,1.1891644,59.358803,59.358803
1239,141.59588987916297,119.96124334593684,-0.032513574,0.0581474,0.3137162,1.177026,63.814243,63.814243
1240,135.0065884423594,110.31960502103728,-0.0669157,0.047845166,0.29434025,1.0653855,69.04749,69.04749
1241,129.5292923696909,105.33048087502205,-0.051419158,0.06511509,0.3071427,1.085369,71.120415,71.120415
1242,130.5503633264874,103.96347732179518,-0.014153148,0.09694648,0.40572265,1.310363,64.292595,64.292595
1243,134.87273921964146,107.21128865281933,-0.020862095,0.06582372,0.35440314,1.1437362,76.02444,76.02444
1244,135.59642572659286,111.44606562416269,-0.007677243,0.05344363,0.32945862,1.0834403,79.974434,79.974434
1245,127.75391239357586,106.4012425298841,-0.038112134,0.09507177,0.25377822,1.1333842,69.50428,69.50428
1246,110.20692574760827,88.42370493721265,-0.052661028,0.078105226,0.22165406,1.0494684,67.12519,67.12519
1247,90.5450974063755,67.43817046145982,-0.070167616,0.059726242,0.23072743,0.976853,74.46594,74.46594
1248,83.79941110144041,56.081850564609226,-0.0704164,0.055550955,0.23858827,0.9994526,76.12233,76.12233
1249,97.7447543116394,60.569558536008785,-0.06801563,0.05414861,0.24493925,0.9912808,78.84558,78.84558
1250,121.3480225315724,79.2619562785831,-0.116892,0.051170792,0.13032578,0.9399379,71.44056,71.44056
1251,133.2093430397996,99.3263451446297,-0.13071103,-0.046002895,0.083822325,0.8692158,64.854065,64.854065
1252,122.39117432809407,103.23084967783296,-0.06833655,-0.0018300891,0.13337208,0.90718716,70.77899,70.77899
1253,97.48708787885197,89.16892311151162,-0.12402112,0.0054195765,-0.02742674,0.8475083,67.27906,67.27906
1254,75.85279327394436,73.39063643140344,-0.21211849,0.02250132,-0.30410054,0.88791275,42.76347,42.76347
1255,67.47210408729131,67.59813388710171,-0.14969811,0.011754967,-0.1302434,0.9361757,58.66115,58.66115
1256,69.76053435979792,67.06281158716779,-0.23643482,0.07283956,-0.1828884,1.0301349,53.92142,53.92142
1257,74.6858618342074,59.71818943949615,-0.17865494,0.031848613,-0.10855541,0.9637348,65.2889,65.2889
1258,71.36207947896006,43.232837302017565,-0.20274521,0.0349939,-0.13476354,0.9712609,64.75825,64.75825
1259,52.872087515819956,27.786043057352913,-0.36121008,0.022269683,-0.46282232,0.94270617,36.91282,36.91282
1260,36.03898537352787,21.916516387635966,-0.15466788,-0.0046925126,-0.37358028,0.7584594,56.736202,56.736202
1261,49.31250797078405,35.50687313219021,-0.12185549,-0.015624567,-0.4060139,0.8942141,50.900826,50.900826
1262,91.41819860490124,75.97843705168847,-0.11871635,-0.033995755,-0.37429637,0.85831237,55.54848,55.54848
1263,129.84394652479406,123.34970570245908,-0.18836354,-0.056486983,-0.64457875,0.9216878,34.97337,34.97337
1264,141.47045561741703,148.13520424916103,-0.07157114,-0.033930212,-0.2321491,0.8558783,71.46807,71.46807
1265,133.36037193541912,150.74815958073688,-0.094356544,-0.057133377,-0.24700582,0.8684964,70.229546,70.229546
1266,125.73337375949681,149.1897875436221,-0.22606602,-0.02141029,-0.5471915,1.1582661,46.996574,46.996574
1267,130.13400521278527,147.43106194032748,-0.23710738,-0.030703975,-0.6093597,1.0158845,41.54972,41.54972
1268,142.86259459249592,139.804183985499,-0.19276062,-0.007288315,-0.42321604,1.0412261,48.76195,48.76195
1269,151.82060312266532,129.5538375877251,-0.20275737,-0.011141344,-0.43517876,1.0155927,47.310234,47.310234
1270,149.806599937429,124.74762918750358,-0.19623473,-0.018362071,-0.38780862,1.0063974,46.160942,46.160942
1272,141.7668121585608,124.38195161169438,-0.044379286,0.08464722,-1.0619773,-0.32602218,83.22397,83.22397
1273,139.28138728179798,122.98696896198533,-0.003164,-0.057797395,-0.75275964,-0.5892539,90.752174,90.752174
1274,147.46845640633097,122.47855241653205,0.041783392,-0.054621268,-0.7673857,-0.6160278,87.18204,87.18204
1275,156.9936770880657,125.19420079321996,0.07415452,-0.06366332,-0.7207717,-0.64168763,87.661804,87.661804
1276,155.4365004871797,124.4416831300064,0.0846695,-0.06785257,-0.7084023,-0.668998,88.548,88.548
1277,145.61297539433102,115.66390163629231,0.00096893875,0.112891875,-0.9740518,-0.38895056,79.84206,79.84206
1278,141.09072053825653,104.85644903261536,-0.012276547,0.10237253,-0.98027825,-0.40502134,82.61453,82.61453
1279,146.73769333629693,99.1118273262401,-0.031032713,0.1569965,-0.9905924,-0.31047314,82.34895,82.34895
1280,155.15718860534906,99.96802147621526,-0.065861195,0.14042698,-1.0160737,-0.32890663,82.9886,82.9886
1281,159.17115368253232,105.51609938595229,-0.058380287,0.14581475,-1.0185565,-0.33988383,83.04525,83.04525
1282,159.02723161673907,112.3841977910284,-0.07224077,0.124756366,-1.0035137,-0.35339558,86.18336,86.18336
1283,158.22336163184792,118.28586719764095,-0.052864097,0.11282967,-0.93551534,-0.3855399,88.289185,88.289185
1284,158.20661234701163,124.17984540338475,-0.051825043,0.10758428,-0.93893176,-0.38128498,88.88749,88.88749
1285,158.3389902983638,130.48154102033476,-0.06734251,0.11891414,-0.9790742,-0.3454258,87.74133,87.74133
1286,158.2915680297295,134.42519182021996,-0.062135555,0.11962033,-0.9644306,-0.35469055,88.30888,88.30888
1287,158.48319334362435,135.12739103414745,-0.057668164,0.12103499,-0.99292123,-0.32763228,84.44647,84.44647
1288,158.69573783188008,133.7700297120875,-0.055898197,0.12736715,-0.97682375,-0.3151494,86.86598,86.86598
1289,158.13614051826286,128.95595600907967,-0.06704037,0.12676895,-0.9821306,-0.31891003,87.277336,87.277336
1290,157.17949320476598,121.70478239185803,-0.091080636,0.13487305,-1.0346256,-0.3065641,86.86961,86.86961
1291,157.4150764468189,118.89045823161682,-0.07766746,0.11980668,-1.0171615,-0.32894695,87.71684,87.71684
1292,159.25243704924188,123.9816337926852,-0.08093098,0.119628094,-1.0061759,-0.34991518,85.968185,85.968185
1293,161.19588804864583,131.83261584796514,-0.07440082,0.12095215,-0.99792,-0.3649256,84.887566,84.887566
1294,162.22408347632785,136.02914889843805,-0.07125936,0.11573662,-0.9623827,-0.4057423,84.02388,84.02388
1295,162.99488112232206,135.9768026401362,-0.08547287,0.11815679,-0.9614583,-0.4113972,83.17377,83.17377
1296,164.17049489571656,134.84746642288422,-0.06553249,0.11425889,-0.9390843,-0.4206157,82.30772,82.30772
1297,165.24497747237166,132.94097893508672,-0.072895706,0.11820955,-0.9604234,-0.42135292,82.50698,82.50698
1298,165.53169832875517,126.28098811211999,-0.07171947,0.12777372,-0.96884406,-0.41313836,82.28233,82.28233
1299,165.18221859773877,114.82374657193755,-0.07423099,0.12296491,-0.97784287,-0.41272643,83.09156,83.09156
1300,164.8339328006706,108.16098334387422,-0.07324016,0.13261318,-0.9857575,-0.37210873,81.02141,81.02141
1301,164.9157864382331,115.75514402769898,-0.070330516,0.109923065,-0.9386698,-0.40320766,84.60202,84.60202
1302,165.10412582501198,133.95616575064503,0.035429187,-0.0031610087,-0.7123288,-0.6937844,84.862,84.862
1303,164.37463258821296,148.0496505103145,-0.025839001,0.057341967,-0.8576735,-0.51333344,75.00127,75.00127
1304,163.12661844324944,147.40294543227245,-0.054770786,0.101817645,-0.85672885,-0.4337112,72.161865,72.161865
1305,163.82814938229598,137.4129635762549,-0.07103009,0.122054,-0.9049564,-0.38542345,74.867004,74.867004
1306,166.9265582165173,132.45681052958756,-0.06583846,0.13712405,-0.92383397,-0.35699043,73.76258,73.76258
1307,169.56510279320307,136.71562875509773,-0.061499562,0.15114081,-0.9316185,-0.32358372,74.255005,74.255005
1308,170.25439039655421,140.24566427814855,-0.053187236,0.1280526,-0.9012519,-0.34874502,79.524254,79.524254
1309,170.41912200762738,133.90017009422144,-0.045747954,0.13285089,-0.9173011,-0.34497067,78.41667,78.41667
1310,171.0105640234671,118.22507505577012,-0.047658216,0.1309246,-0.9403524,-0.3436969,79.388374,79.388374
1311,171.42298840874543,101.4677002222415,-0.058958076,0.13208616,-0.9566129,-0.340916,78.78358,78.78358
1313,171.5030426306484,97.53468129460356,0.033313755,-0.043506186,-0.55944914,-0.86320055,90.81231,90.81231
1315,171.90861426581202,116.9545215277892,0.036294423,-0.0384887,-0.4746902,-0.890236,88.34221,88.34221
1318,168.4428801555905,151.32545148248386,-0.23147392,0.0069187847,-0.42684186,-0.9014082,53.56511,53.56511
1319,149.59653852264879,175.92334162489064,-0.35950518,0.03971104,-0.77934957,-0.72536725,34.83877,34.83877
1320,116.10144183406436,176.66028398571348,-0.107874006,0.027901785,-0.22928683,-1.0095545,47.95328,47.95328
1321,93.85305897802411,165.5160064459362,-0.13861355,0.04190835,-0.4675881,-0.9307581,51.909595,51.909595
1322,101.7625121132188,161.19956930865916,-0.08464526,0.06207497,-0.38682136,-0.8413363,61.669872,61.669872
1323,125.45441542732576,165.54351559752556,0.021141488,-0.0066645877,-0.30646223,-0.94392884,80.77928,80.77928
1324,144.1056923045344,166.90795802211622,0.056905955,-0.03831387,-0.32410908,-0.95855254,87.012115,87.012115
1325,156.4904741750953,159.93653846515647,0.08427988,-0.03849515,-0.39660192,-0.90859884,87.07009,87.07009
1326,167.50227048972823,152.37324197806407,0.073019095,-0.033223957,-0.46856403,-0.8657067,88.224976,88.224976
1327,174.46393052136824,151.35322204535922,0.011725189,0.048858546,-0.7173105,-0.6492237,86.41866,86.41866
1328,174.92508560244858,155.6361605557632,0.05194316,-0.030980676,-0.55124825,-0.8056704,94.14635,94.14635
1329,172.4885045627273,162.23755474136988,0.072133005,-0.054090343,-0.5379434,-0.8383222,93.22387,93.22387
1330,170.6055524405152,168.19762736771563,0.081816606,-0.08196405,-0.5609724,-0.8362914,94.79417,94.79417
1331,168.9131936272813,170.31711963364106,0.08339226,-0.14497657,-0.56904465,-0.834292,94.854065,94.854065
1332,168.18296142527254,168.35837231846128,0.0030778274,-0.0018232982,-0.732727,-0.504412,99.90655,99.90655
1333,170.8590296387285,163.6607699226057,0.064066395,-0.07029442,-0.6480241,-0.700612,90.65569,90.65569
1335,175.43869328517005,159.00590543893142,0.08663725,-0.046328697,-0.31162584,-0.9832031,80.72268,80.72268
1336,177.2626577115385,157.46293985859634,0.13986333,-0.083894804,-0.37996516,-0.97645617,86.57635,86.57635
1337,173.84578378400818,154.0435999890983,0.068027765,-0.044563595,-0.5595536,-0.87147963,85.11019,85.11019
1338,167.56243325205904,143.0655075350486,0.08914148,-0.047424525,-0.5100646,-0.88814646,84.7744,84.7744
1339,163.50216472277057,132.4273742303092,0.09922624,-0.056886207,-0.49627453,-0.88174844,83.87931,83.87931
1340,163.78568834957287,133.8997489073038,-0.0154931005,0.03511845,-0.7909185,-0.6149183,86.43669,86.43669
1341,166.91959548518983,147.64259152054169,-0.060890805,0.08149492,-0.88134617,-0.50756735,88.452194,88.452194
1342,170.86788098704926,161.4657866598942,0.02515795,-0.0010967752,-0.6959885,-0.6544559,93.96443,93.96443
1343,172.7798139597757,165.1137091059003,-0.010427416,0.032911245,-0.8561642,-0.50752646,92.93925,92.93925
1344,170.7772165047203,159.74589985463427,-0.042010684,0.11014582,-0.9735042,-0.34632578,87.75931,87.75931
1345,167.23484626446978,145.53566009539884,-0.036446124,0.09625069,-0.94366074,-0.38447815,86.90773,86.90773
1346,165.28861418068473,121.9045890347743,0.021154247,0.011189904,-0.83543587,-0.57339185,86.48085,86.48085
1347,164.98114542424258,101.79000116763251,0.04315543,-0.014786728,-0.80716443,-0.6132777,83.49096,83.49096
1348,165.95027888642386,98.34744738042956,0.01495385,0.06974082,-0.8732338,-0.4519806,81.71912,81.71912
1349,167.97429264997862,103.88908985125713,-0.022302395,0.14122106,-0.9677925,-0.297691,76.73594,76.73594
1350,169.3269073958639,102.94047761896412,0.009813842,0.07860658,-0.88078314,-0.3270878,79.28354,79.28354
1351,170.13797060525212,98.85122133025966,-0.035046052,0.12561359,-0.9649176,-0.28518322,84.13438,84.13438
1352,171.5910020395236,105.23904935353568,0.015561561,0.01515395,-0.82378757,-0.55924743,85.65048,85.65048
1354,170.45832741071638,121.17153059260156,0.020158608,0.0049807625,-0.060200457,-1.0303904,74.36449,74.36449
1355,163.39714308631724,136.76312308605662,0.106593065,-0.0007481706,-0.080575846,-0.99758047,77.58182,77.58182
1356,154.77750092531753,145.826798069765,0.10518328,-0.010084897,-0.06515873,-1.0237994,76.042046,76.042046
1357,152.45993357057037,145.25535230535112,0.11447892,-0.016844872,-0.07493221,-1.0132637,79.65248,79.65248
1358,157.63179866135872,138.72951181711866,0.06955814,-0.0048272866,-0.13313757,-0.970891,75.192566,75.192566
1359,164.00550400511094,135.76194598302646,0.072543316,0.01110974,-0.14938517,-0.9303519,74.48826,74.48826
1360,166.14470878986953,140.14957365802658,0.11314539,-0.0018097891,-0.18479124,-0.88187283,77.264,77.264
1361,164.87915301521477,145.59897664473127,0.11714314,0.005202803,-0.21433063,-0.89053357,74.6926,74.6926
1362,164.1527392380268,144.90022574845332,0.121977895,0.023522338,-0.24720353,-0.8613612,53.861027,53.861027
1363,165.79741922354896,140.81355415048384,0.06667811,-0.011084408,-0.29024217,-0.9381204,54.400455,54.400455
1364,169.34674849393608,142.73006055109275,0.076829456,-0.041157488,-0.3066185,-0.90140724,67.510544,67.510544
1365,173.82489482264688,152.21827633181056,0.047491692,-0.036351245,-0.33303234,-0.9254832,56.69359,56.69359
1366,177.34176807907545,159.7568910385384,0.046159048,0.008715012,-0.43472815,-0.85863113,67.30666,67.30666
1367,176.90907191801887,158.43755443081156,0.04657298,0.0259877,-0.48234117,-0.7874527,74.53689,74.53689
1368,170.05923992852425,152.6602416590235,0.03645907,-0.031595338,-0.56667197,-0.801666,82.99302,82.99302
1370,159.05598331876098,149.6255879142897,0.07638394,-0.02316762,-0.13977581,-0.9827431,78.54375,78.54375
1371,153.46092932290918,150.46120651455018,-0.07097377,0.016210498,-0.52339214,-0.9206126,69.01543,69.01543
1372,160.34115509118394,153.19504995611544,0.03513805,-0.044091478,-0.3328757,-0.9568318,78.9063,78.9063
1373,172.79752489864205,157.04479411613204,0.047400728,-0.09173844,-0.34812853,-0.94507354,76.50781,76.50781
1374,178.494684277302,161.1769223786964,0.044441294,-0.09074772,-0.4313707,-0.92172503,80.42013,80.42013
1375,174.7975184672416,162.66904659494054,0.022672124,-0.035989504,-0.60551643,-0.8432466,79.71651,79.71651
1376,167.14384673825816,157.44543737491654,0.033840112,-0.076106824,-0.5492821,-0.8172423,81.25008,81.25008
1377,159.66078386363327,145.6832475095424,0.03421649,-0.06250246,-0.58654934,-0.7768493,78.201515,78.201515
1378,154.01954369857756,134.5042944833128,0.037992653,-0.06500372,-0.60559607,-0.77350086,78.4839,78.4839
1379,152.75718086124405,130.2274340330875,0.041212615,-0.07906847,-0.6387941,-0.7480097,77.48574,77.48574
1380,157.49330614851266,131.21156451511524,0.021357955,-0.08213548,-0.6527678,-0.7204821,79.81339,79.81339
1381,164.2290246376489,132.5097086165618,0.020497879,-0.09026887,-0.6484776,-0.6850659,84.599014,84.599014
1382,165.2022928750412,132.93838612140837,0.010987526,-0.09123755,-0.66518056,-0.7268355,80.21348,80.21348
1383,159.03961337104462,133.8122375484707,0.005968133,-0.085335836,-0.7176142,-0.72227067,82.20336,82.20336
1384,154.36180485209786,134.68519275284106,0.020089224,-0.08382914,-0.71692985,-0.66961426,88.24159,88.24159
1385,157.1006106265203,134.27135510095644,0.034874305,-0.08190028,-0.69344026,-0.66900754,87.99651,87.99651
1386,161.40967621607967,132.96566656855018,0.037273105,-0.099360354,-0.7342676,-0.67687994,89.684074,89.684074
1387,158.93006090660347,131.79906403498947,0.038260087,-0.09577828,-0.7407754,-0.6653593,90.79796,90.79796
1388,151.04913181893096,130.9787531062898,0.038846597,-0.09709669,-0.733392,-0.6546143,89.373665,89.373665
1389,146.5129197627801,130.339391223522,0.04050021,-0.09933564,-0.7475776,-0.67934024,85.55804,85.55804
1390,148.43381139715794,130.007176788806,0.03077288,-0.086475946,-0.7928076,-0.6594122,80.27544,80.27544
1391,151.31335576715045,130.504845892274,0.04807866,-0.092269994,-0.725748,-0.70070994,77.64172,77.64172
1392,151.28963095930376,131.7675205392427,0.061764892,-0.09059914,-0.6838651,-0.74351645,76.36844,76.36844
1393,150.45082028085355,133.43315666113776,-0.057041194,0.07758504,-0.9042383,-0.41269943,74.180664,74.180664
1394,150.18695243390974,136.96664610130276,-0.100254156,0.093676865,-0.9512033,-0.40708038,73.096085,73.096085
1395,148.78606826367894,143.30866316560656,-0.076245815,0.044116464,-0.8326577,-0.53688145,73.196175,73.196175
1396,148.2616681278769,148.80723951676873,0.00069540524,-0.04720171,-0.67588586,-0.7765546,77.5002,77.5002
1397,154.66943227403982,149.3249613628411,0.027967146,-0.07011914,-0.6284801,-0.8269746,79.37235,79.37235
1398,165.93519898424165,148.07503856348384,0.022269743,-0.06347842,-0.6334319,-0.83223784,79.711136,79.711136
1399,169.4183805692393,152.13430448600946,-0.094822556,0.06696624,-0.8762043,-0.55606014,76.80361,76.80361
1400,158.9010037451431,159.61235371759994,-0.12578095,0.10057958,-0.909926,-0.49312666,74.43219,74.43219
1401,143.58688395829003,160.5817733891784,-0.11202709,0.08501943,-0.88412744,-0.5394799,75.52882,75.52882
1402,135.42731312517037,151.87968450430364,0.019586485,-0.022256266,-0.6124761,-0.78508425,75.408615,75.408615
1403,136.91699747834224,139.83252405042492,0.025653137,-0.05413735,-0.600187,-0.8352894,73.53777,73.53777
1404,143.92491948428133,130.87771164575196,0.039274592,-0.064458765,-0.61801505,-0.81733805,77.17317,77.17317
1405,153.68112775447796,127.30240438578736,0.03152317,-0.07261387,-0.6580002,-0.82124156,76.27853,76.27853
1406,164.49898305551739,130.231425522428,-0.014263531,0.019516716,-0.7965324,-0.5701565,76.70083,76.70083
1407,169.7863312109272,140.92708267150462,0.07478035,-0.044311576,-0.6414876,-0.67172647,75.121124,75.121124
1408,162.51639147256296,153.0452253012608,0.030215105,-0.031670384,-0.71497965,-0.64902204,74.402435,74.402435
1409,146.51207386447635,152.4774668365626,-0.07191435,0.05277884,-0.85294366,-0.43719563,69.70454,69.70454
1410,132.16737808439242,135.92865450735357,-0.061234362,0.18088384,-1.0008577,-0.30509913,59.91495,59.91495
1411,123.5286096123983,120.65580959276059,-0.06790116,0.18220794,-0.9709825,-0.26746815,63.536606,63.536606
1412,120.3589956574427,126.47745765557521,-0.02921534,0.16591367,-0.9268847,-0.3477348,61.361397,61.361397
1413,126.21855787899814,149.15582280412377,-0.0022050464,0.18442684,-0.9418237,-0.40538186,52.646908,52.646908
1414,141.10626082535515,163.30611165505456,-0.03858937,0.19415644,-1.0086603,-0.34272277,56.085567,56.085567
1415,153.28931036294819,155.50534398179727,0.0036707215,0.059166424,-0.82741946,-0.58886534,59.227383,59.227383
1416,153.54057195115345,135.81002847090994,0.038989667,-0.025001083,-0.67262757,-0.66770595,70.18007,70.18007
1417,147.9672052964924,117.65758292170976,0.01895097,-0.0021266025,-0.715698,-0.6352799,65.42344,65.42344
1418,145.99916447119628,105.9099191026163,0.0029838323,-0.00013611275,-0.72976017,-0.6296928,65.917175,65.917175
1419,148.5117614501429,100.17816146299278,-0.0021059068,0.038196888,-0.7689844,-0.5523226,65.32732,65.32732
1421,150.8842229351304,99.62913588395035,0.014148616,-0.016121045,0.7169514,0.7028717,66.37521,66.37521
1422,148.73566737237053,104.51893008410084,0.01054571,-0.059522815,0.74439275,0.60030204,65.33129,65.33129
1423,143.16899095462435,112.03972565187097,0.023003353,-0.074953936,0.81083727,0.52348316,64.18371,64.18371
1425,141.8625410238855,118.61367082831029,0.034262236,0.011688341,0.3377969,-0.96112245,48.696674,48.696674
1426,150.55237077324622,129.7029255382733,0.020327363,-0.032718126,0.32501972,-0.99255484,51.913635,51.913635
1427,156.68637148537442,151.21102402175,0.026621567,-0.056951188,0.33356643,-1.00093,53.44618,53.44618
1428,130.1027349624861,171.48909205307356,0.014979284,-0.04745286,0.31637433,-0.99548286,57.04289,57.04289
1429,68.14102952266414,167.94606910144552,-0.0054497425,-0.051362555,0.24868439,-0.99634224,61.407627,61.407627
1430,22.26943280004669,133.35647349737616,0.0503288,-0.010283351,0.30016172,-0.9856407,65.1611,65.1611
1431,42.35281552846504,93.19832408126119,-0.022910587,0.014601274,-0.045524627,-0.9955132,66.273796,66.273796
1432,113.01497926332851,86.40123947281123,0.03574343,0.004822459,-0.08416176,-0.98337775,68.68016,68.68016
1436,168.1965731927556,116.20520871141134,0.026787091,-0.07018881,0.14612773,0.8820355,50.31333,50.31333
1437,162.68289087609622,139.60848507054718,0.04138775,-0.101073295,0.080999956,0.82159257,46.99107,46.99107
1438,117.1462344642902,126.6983241742056,0.016064418,-0.08444265,0.030526333,0.93294156,51.932102,51.932102
1439,86.11819221090533,102.13202454134233,0.040527746,-0.08712232,0.0027031766,0.89307225,58.265236,58.265236
1440,96.61471766486116,104.76342772835088,0.07735906,-0.101661496,-0.027434207,0.8549179,58.700897,58.700897
1441,132.23414104555383,135.74284407712545,0.03089847,-0.10673041,-0.110226065,0.83199775,59.417408,59.417408
1442,162.66811272002226,164.49427417138708,0.043601803,-0.12887098,-0.11842588,0.7729849,57.250988,57.250988
1443,173.2298026904165,170.029780294138,0.031717703,-0.118960924,-0.12492438,0.85279423,59.720455,59.720455
1444,169.64790823646854,161.15054461057008,0.010666472,-0.13041931,-0.17612296,0.8339661,56.961143,56.961143
1445,164.48717102850935,156.9615676015423,0.04367496,-0.18971424,-0.3409969,0.5766614,47.842243,47.842243
1446,165.466885251387,164.1246315194458,0.013830987,-0.15806292,-0.37800425,0.60664874,50.71779,50.71779
1447,172.35489690652057,175.9106343861022,0.04773335,-0.15611291,-0.3614645,0.59666955,51.757324,51.757324
1448,179.0471168960025,182.4822563893306,0.047270857,-0.14561634,-0.25231066,0.6463379,49.935074,49.935074
1449,180.59829636829446,180.05054454243253,0.00079160236,-0.109903544,-0.41428348,0.7428656,53.625347,53.625347
1450,177.799186449173,172.1866069180468,0.033982486,-0.12223307,-0.43630025,0.7179835,52.061085,52.061085
1451,173.3737115267215,165.72450073627272,0.0103644775,-0.122480325,-0.50391,0.6253932,52.36686,52.36686
1452,168.6643150914085,165.54565989758777,-0.029155076,-0.12108318,-0.56139135,0.6289268,53.891045,53.891045
1453,165.95415538339844,170.05952008926897,-0.027375622,-0.11902009,-0.58726484,0.58368886,57.007214,57.007214
1454,168.2172053904344,173.94302088140745,-0.0009786397,-0.11489176,-0.6039191,0.54879063,57.06612,57.06612
1455,174.49683963331796,174.88606641110894,-0.06948468,-0.11592887,-0.6962447,0.5449886,57.80996,57.80996
1456,179.71363666797453,173.9940632627915,-0.067400314,-0.11059314,-0.729968,0.53928006,59.023167,59.023167
1457,180.62119889468912,172.7971845322264,-0.0925328,-0.1076884,-0.7532346,0.56470925,59.76819,59.76819
1458,178.6883084626866,172.77022827875402,-0.052176602,-0.09536158,-0.7580495,0.53621876,60.050083,60.050083
1459,176.9037596504995,174.8252794155947,-0.038079362,-0.07133202,-0.75430757,0.5559667,60.488808,60.488808
1460,176.81045019281154,177.85351898315193,-0.043540407,-0.087176114,-0.7965424,0.5205896,59.56059,59.56059
1461,177.8168201855356,179.69348379216595,-0.028836325,-0.1073815,-0.82250655,0.4737194,56.913437,56.913437
1462,178.08109240955028,179.4746421570438,-0.02513899,-0.09843683,-0.8139665,0.46950203,57.560844,57.560844
1463,176.50179643536126,177.5531722060407,-0.0580214,-0.11190439,-0.8285754,0.44240057,56.221046,56.221046
1464,173.61151433825611,174.78719739051692,0.03912964,-0.056352198,-0.6376405,0.7400729,54.044605,54.044605
1465,171.61130737664814,173.08248106783327,0.090818875,0.035259932,-0.53437245,0.94156766,53.424904,53.424904
1466,172.9370981169986,174.02761404442137,0.10074113,0.05536791,-0.5208104,0.9520685,56.01733,56.01733
1467,176.84756978203598,176.32916069108154,0.050222367,0.033773895,-0.6135939,0.8300968,58.289352,58.289352
1468,179.75419220640688,176.93383564849404,0.028921777,0.0104394285,-0.6712081,0.7717096,58.539078,58.539078
1469,178.47283963875964,174.81165283890317,0.06241431,0.055341948,-0.63652956,0.84183824,58.248806,58.248806
1470,171.42663819693004,172.26002486179172,0.047106624,0.024909455,-0.67326677,0.79978997,57.563217,57.563217
1471,160.8257572738203,171.27554884205907,0.06778505,0.041436117,-0.62976587,0.872871,57.446033,57.446033
1472,151.28995524897027,169.80494351766845,0.066846706,0.059291735,-0.6094961,0.89153284,57.17774,57.17774
1473,142.55319690339635,164.41752590809156,0.10943939,0.07981383,-0.60054904,0.90779096,57.52752,57.52752
1474,132.10488593659522,156.2829632022179,0.08301955,0.095372856,-0.6127201,0.8578439,57.83447,57.83447
1475,127.77034280271606,153.00267900826972,0.07553852,0.10503844,-0.6154951,0.83080405,57.34217,57.34217
1476,141.77813326905988,160.7006369241481,0.067667566,0.12589519,-0.6424072,0.8283838,57.2887,57.2887
1477,166.91325825929513,172.92691943627497,0.05045829,0.09956169,-0.7874718,0.705079,56.490276,56.490276
1478,180.13009802541094,176.46885852206768,0.09375124,0.15475522,-0.7894036,0.7491038,57.018127,57.018127
1479,175.2693650929371,169.7011748128117,0.10299757,0.14709514,-0.79692054,0.7276058,56.650257,56.650257
1480,168.4148152597162,164.0829476534292,0.116072096,0.1503409,-0.79168767,0.7409369,55.75464,55.75464
1481,169.39709969723816,166.91697682408522,0.09814225,0.19206159,-0.7735305,0.7995468,54.264942,54.264942
1482,171.87360621655128,172.84083258904522,0.124102294,0.15765083,-0.7965986,0.7320454,52.60533,52.60533
1483,170.45392859406834,173.82824617639818,0.121957645,0.16134761,-0.7870657,0.76843154,54.58538,54.58538
1484,168.39892072378362,169.0485548286865,0.12393197,0.16933654,-0.78584623,0.79711825,54.28019,54.28019
1485,168.88644568027917,162.4910461883405,0.14077516,0.15484466,-0.7351503,0.7552599,54.076805,54.076805
1486,169.92879684486442,157.98428904103721,0.1437958,0.14227684,-0.7251069,0.74173003,53.944683,53.944683
1487,170.26114377505607,158.33280351728175,0.14184225,0.15129252,-0.6990703,0.76534814,52.362724,52.362724
1488,171.5697534840984,163.56309903832047,0.13377309,0.15062453,-0.7224246,0.74814755,55.2493,55.2493
1489,172.47592644132305,169.04111330743174,0.12080821,0.111622185,-0.78354347,0.6209424,54.73946,54.73946
1490,170.91984201403622,169.1360653873446,0.11504115,0.120810315,-0.8229178,0.5586254,52.083096,52.083096
1491,169.343479763135,163.36164339625742,0.12612648,0.13460404,-0.80449086,0.59021026,52.24403,52.24403
1492,168.92278839627474,157.96705227303949,0.0942802,0.114782855,-0.876349,0.5299592,54.48095,54.48095
1493,166.77459377895548,160.24112222386793,0.13015793,0.13702647,-0.82931733,0.5703104,54.09031,54.09031
1494,161.54731187828312,169.9337371443235,0.08505789,0.13658284,-0.92626363,0.56792206,53.551674,53.551674
1495,156.2760125149358,178.03704257153868,0.10718627,0.16564661,-0.88973284,0.6205918,53.796967,53.796967
1496,155.87690076779373,175.9687229534467,0.089134306,0.1866054,-0.8899325,0.7219993,55.472683,55.472683
1497,160.21717084631555,165.26326747813036,0.11175431,0.18020627,-0.86980975,0.6791863,56.888577,56.888577
1498,162.3715096023834,155.1902897520339,0.090758435,0.16295041,-0.90269536,0.59333503,56.066425,56.066425
1499,158.40016410216754,151.56779724152844,0.10368899,0.1665765,-0.8549851,0.64949465,59.15859,59.15859
1500,152.06252719208092,152.5133060206697,0.099902526,0.17866826,-0.83525735,0.65347886,56.939655,56.939655
1501,147.98098460650147,152.21489513898015,0.0914172,0.18137178,-0.8397633,0.70656765,55.87672,55.87672
1502,147.3915398905308,142.3097046068691,0.09161509,0.16941917,-0.8582453,0.64498645,53.409626,53.409626
1503,149.72991121509878,116.6561475565427,0.09318906,0.18781056,-0.85953695,0.6740751,54.220253,54.220253
1504,153.49565879463756,86.58055486896907,0.102403864,0.20716229,-0.8548826,0.69381547,52.1813,52.1813
1505,156.3183948693077,75.59746832587693,0.10239306,0.22685392,-0.83068216,0.77010006,52.551613,52.551613
1506,156.85252591764507,86.24557626736848,0.08451153,0.23242334,-0.8340029,0.80319494,52.316242,52.316242
1507,155.88675304707962,95.23768994471196,0.08422982,0.2209455,-0.8080973,0.7402533,47.14927,47.14927
1508,154.67299464385025,82.82123439940548,0.09200582,0.2333068,-0.79991233,0.76968634,49.9906,49.9906
1509,154.29133544600836,54.46067633947331,0.088625684,0.2055567,-0.8085712,0.80275077,55.561707,55.561707
1510,155.54663105256066,43.10542047861762,0.110223554,0.19138989,-0.822665,0.75141525,57.769447,57.769447
1511,157.3232425030636,73.13697060300456,0.11279342,0.2022505,-0.82018226,0.7530438,57.41968,57.41968
1512,157.5677482313343,118.41636193917698,0.11403271,0.18708727,-0.83224386,0.724356,58.46936,58.46936
1513,156.0715490900024,133.1077188643419,0.11322126,0.18609013,-0.85138303,0.7099738,55.267956,55.267956
1514,154.5526782318969,110.64495218674999,0.120876834,0.16998959,-0.82381904,0.63007754,54.874508,54.874508
1515,154.76797932885265,82.89649139594648,0.09760462,0.18790719,-0.8325127,0.6821096,56.80941,56.80941
1516,156.6818401288675,78.73844092466123,0.105369814,0.19668505,-0.85324866,0.66907114,57.73645,57.73645
1517,158.49856509279667,96.20975112074623,0.10276947,0.20163634,-0.8670264,0.65471727,59.117756,59.117756
1518,158.52951709997996,112.3414829533388,0.106363624,0.19941962,-0.8588331,0.64105237,60.087395,60.087395
1519,156.44315303866938,112.31717730893214,0.07968571,0.1665937,-0.90399975,0.5560665,59.874966,59.874966
1520,153.28069031314263,99.02421498696998,0.092720576,0.19026467,-0.91208595,0.61356014,57.81452,57.81452
1521,151.0283162789549,83.7504961273796,0.11302074,0.17556266,-0.8793419,0.51163614,55.281765,55.281765
1522,151.44616424666026,76.03371541905993,0.09304603,0.20058776,-0.91128343,0.58499646,57.779568,57.779568
1523,154.45948775459865,73.38797415235895,0.08800414,0.22231767,-0.9389373,0.6253627,58.130474,58.130474
1524,158.0611490565305,64.30436487541863,0.07812742,0.21320191,-0.9630922,0.59522367,59.470814,59.470814
1525,160.14405313818366,48.339656858139165,0.0568168,0.22231933,-1.0055908,0.5802343,60.993473,60.993473
1526,160.21624473965295,35.99474454311072,0.05070098,0.25541902,-1.0353073,0.60755926,59.70856,59.70856
1527,159.42209326694,27.870948193938144,0.04829366,0.27148277,-1.0413989,0.5734776,60.27981,60.27981
1528,159.26828556373215,17.201692168063605,0.046292566,0.28980213,-1.0825518,0.43807647,61.82681,61.82681
1529,160.19725389446666,6.705575233580002,0.009893344,0.27492943,-1.1164764,0.39165056,64.50019,64.50019
1530,161.29032556468087,8.258837500992495,0.0101763,0.25176975,-1.1172645,0.21962358,63.516434,63.516434
1531,162.08392107931996,31.573580742584564,-0.015301933,0.2230332,-1.1518732,0.094416074,63.29703,63.29703
1532,163.77478673859517,72.96218380572459,-0.009177879,0.19816981,-1.1343066,-0.0066227163,66.02364,66.02364
1533,166.81227863066832,113.68907017132874,-0.008455549,0.16943796,-1.0886258,-0.13239264,68.13405,68.13405
1534,169.44315071924072,135.35150676190636,-0.042983875,0.1656674,-1.122903,-0.13974473,67.98175,67.98175
1535,170.60930230338172,136.11872227251035,-0.03458678,0.17617083,-1.0789566,-0.20288028,69.27667,69.27667
1536,171.52084754999518,128.2074043819248,-0.03558987,0.1442544,-1.0190948,-0.30004817,72.23063,72.23063
1537,173.17698650183524,122.91780128615135,-0.020325085,0.0940083,-0.9562122,-0.3965282,73.44608,73.44608
1538,174.64654040930847,122.3636921501316,-0.028091703,0.10925164,-0.93766516,-0.40999085,75.21709,75.21709
1539,174.73719367699564,122.86073501400438,0.008490525,0.02570103,-0.82741505,-0.52783775,82.460655,82.460655
1540,173.57042507203917,121.88159136788896,0.00014625983,0.0369732,-0.91942924,-0.4634593,80.957436,80.957436
1543,171.99279677352337,118.69932226112856,0.16687296,-0.06139471,-0.44614857,-0.83614635,76.76131,76.76131
1544,171.21690280458364,111.2483925762104,0.1345563,-0.050793704,-0.55353993,-0.7821128,77.958046,77.958046
1545,172.1812697963369,103.32557162188237,0.08060142,-0.041701272,-0.6811022,-0.72099507,83.34484,83.34484
1546,174.17947959998523,105.02796891148785,0.08039235,-0.039905798,-0.73058003,-0.7000208,81.97406,81.97406
1548,171.26405329204903,116.51149742503138,-0.4198443,-0.04838647,-0.8575301,-0.94492877,36.1356,36.1356
1549,153.18275439312256,132.37832440581923,-0.30377895,-0.01868271,-0.82975125,-0.90955555,38.376656,38.376656
1550,123.82817200868227,153.54914739228101,-0.3291122,-0.0011410879,-0.88794255,-0.8869024,42.95132,42.95132
1552,103.90991909785701,175.03872865851514,-0.2866151,0.044578683,-0.715876,-0.87650293,36.61533,36.61533
1554,99.82165498386551,185.31194397272367,-0.3028487,0.061235186,-0.962849,-0.74057865,52.50094,52.50094
1556,97.34674638875428,183.21542938710172,-0.16946532,-0.020244936,-0.5017888,-0.9256121,50.733658,50.733658
1558,87.77077330230478,177.57582540957162,-0.24099955,0.019216076,-0.8191613,-0.7947651,56.403934,56.403934
1559,77.36758016960792,175.20980391334308,-0.16701983,0.008198575,-0.7664371,-0.79370314,58.365704,58.365704
1560,80.43597959364675,172.34613842405525,0.03436459,-0.014717408,-0.5933104,-0.80550665,73.85227,73.85227
1561,107.40141434500106,156.39054530892219,0.005578075,-0.035542067,-0.6694201,-0.79648304,75.20419,75.20419
1562,147.31377713776388,129.45335403990765,-0.018037066,-0.010526052,-0.78410655,-0.7043088,76.925606,76.925606
1563,173.1274377629787,117.28423622668666,-0.07745392,0.018521689,-0.8812774,-0.5953852,79.630104,79.630104
1564,174.32124160399061,132.00855059489206,-0.016544051,0.024089504,-0.880275,-0.55693835,81.60992,81.60992
1565,164.07582830096078,152.37729018196052,-0.09893494,0.053960547,-0.9495802,-0.3579261,81.852,81.852
1566,151.93353038713687,159.63991156707536,-0.1632435,0.07026051,-1.0632939,-0.26402137,74.89957,74.89957
1567,136.43553346409715,160.18765872662826,-0.08771079,0.0665012,-1.054007,-0.29450566,79.76738,79.76738
1568,124.67584705787488,161.3781074583685,-0.11839542,0.080099165,-1.0740788,-0.23761614,79.31681,79.31681
1569,129.71425643355482,158.42678076005265,-0.14083871,0.09118838,-1.0956167,-0.21475711,75.023575,75.023575
1570,149.0963088872165,150.89538326844033,-0.08719629,0.08604978,-1.0719243,-0.24752046,75.91431,75.91431
1571,165.24575500604521,146.45349299011838,-0.12197578,0.090924904,-1.0746256,-0.22886364,73.865204,73.865204
1572,162.32706259627525,150.0182005707848,-0.13035582,0.10603386,-1.1008859,-0.2255369,71.86235,71.86235
1573,143.48090653563284,157.8780355697124,-0.044521783,0.07023444,-1.0214638,-0.34174576,74.645805,74.645805
1574,131.0812601282347,159.42602786046106,-0.09627047,0.08817678,-1.0701218,-0.32691294,71.983345,71.983345
1575,136.8331850279263,152.39723574185658,-0.0800908,0.081906565,-1.0457746,-0.3318643,73.362625,73.362625
1576,146.83047326840904,149.94145318902474,-0.102182046,0.080266744,-1.0418578,-0.31287107,74.21734,74.21734
1577,147.45120898964427,159.0710444870611,-0.13773191,0.07314444,-1.0884658,-0.3485742,72.54765,72.54765
1578,144.70293337051794,167.0931628183511,-0.049961362,0.063700214,-1.0013025,-0.3628785,72.99953,72.99953
1579,151.05322676724649,159.1509271041187,0.022376519,0.013687861,-0.91139704,-0.5016795,73.815475,73.815475
1580,166.24165234387263,138.59512977870523,0.045438945,0.0009897542,-0.8671917,-0.51652294,72.76704,72.76704
1582,176.19575818989625,125.55079565355078,-0.0699625,-0.0623799,-0.8278246,-0.73940605,78.268074,78.268074
1583,168.96572983457426,135.04477900621126,-0.03182481,-0.05379031,-0.8258864,-0.7124587,79.84962,79.84962
1584,148.4509840877185,158.67875331014514,-0.123221524,0.038118936,-1.012954,-0.498114,78.04696,78.04696
1585,129.55155165833756,174.30506252642874,-0.017516034,0.02208141,-0.87848794,-0.5313459,81.1373,81.1373
1586,126.53597859492233,170.26482295304731,-0.009315955,0.012431751,-0.8522996,-0.54918385,83.507706,83.507706
1587,142.85663625809534,154.22889342376516,-0.062245082,0.022686966,-0.898174,-0.5374192,81.49646,81.49646
1588,159.72801598011787,143.76091073375122,-0.10529597,0.036382582,-0.9539951,-0.5078664,78.86531,78.86531
1589,151.08998561791378,149.30510694443322,-0.10817828,0.026293045,-0.9599784,-0.49094826,78.23039,78.23039
1590,121.29489292440918,163.54813289286895,-0.025573332,-0.019912144,-0.7970626,-0.5173476,79.57165,79.57165
1591,104.50461675692809,171.55959750536238,-0.030552953,0.0031801625,-0.8765467,-0.49942186,78.79466,78.79466
1592,119.75183308076602,166.9914111415651,0.04006381,-0.008794955,-0.79930425,-0.5010905,82.51759,82.51759
1593,149.4534745153401,152.94239260336792,-0.025029315,0.0013240393,-0.8923372,-0.49950626,78.55047,78.55047
1594,165.9774022874975,138.23122372042005,-0.025476199,-0.0035159,-0.9221368,-0.49323112,78.57892,78.57892
1595,159.8437213995804,134.59029389489314,-0.072139464,0.0042270124,-0.97609633,-0.4750596,76.11684,76.11684
1596,140.03509451020872,145.7681113187922,-0.066530876,-0.0018363934,-0.93282497,-0.48216912,75.7292,75.7292
1597,121.75121773496969,161.97441447490544,-0.09516936,0.00089249905,-0.9724902,-0.46983123,74.61,74.61
1598,115.6045130753066,171.10561785589107,-0.0998195,-0.00073366077,-0.9869423,-0.47030675,74.748566,74.748566
1599,121.63732417923102,170.10315882877478,-0.02525729,-0.0029839023,-0.91799754,-0.4714321,76.091896,76.091896
1600,133.0618490254797,163.20343993134222,-0.09043633,0.011728039,-1.0166334,-0.42457587,72.835495,72.835495
1601,140.9600666697059,156.82590794037637,-0.09743225,0.0112420255,-1.0002434,-0.4136519,74.551,74.551
1602,139.21118389080604,155.4985521851516,-0.055947475,0.010894105,-0.9802142,-0.4076564,76.03829,76.03829
1603,134.65196536687392,155.98047718579383,-0.047679372,0.030722544,-1.011183,-0.38164583,75.40655,75.40655
1604,139.78541117435844,151.9693343187142,-0.052646387,0.013683861,-0.9608483,-0.44615227,78.475845,78.475845
1605,152.41014896194295,145.84343263746695,-0.009195474,0.0067237853,-0.90079737,-0.4825338,77.16782,77.16782
1606,160.17070015403198,144.1109713067277,0.004518405,0.004439554,-0.8835039,-0.48069283,76.63156,76.63156
1607,160.68065261650952,145.20212201455308,0.026452884,-0.011058479,-0.82853484,-0.4936508,80.25075,80.25075
1608,160.96529280270502,143.00726285815267,-0.012378627,0.0149251465,-0.9268903,-0.43833828,77.2491,77.2491
1609,163.10991123188361,136.6411091331422,-0.013879687,0.02786993,-0.9339513,-0.4195806,77.56653,77.56653
1610,162.31506977281543,131.5765597838227,-0.08196668,0.0683931,-1.0051057,-0.30867198,74.49763,74.49763
1611,156.31036506299935,134.53076639615028,-0.06651242,0.080520764,-0.99555993,-0.30544642,75.08951,75.08951
1612,149.59457169622289,144.9965207966719,-0.041011807,0.071687266,-0.93371594,-0.33695632,74.65576,74.65576
1613,147.1568305623149,154.62195658920314,-0.0533556,0.04528398,-0.9141788,-0.39045992,75.08767,75.08767
1614,147.20009906710234,158.4684987108633,-0.06411892,0.07249282,-0.94260347,-0.2910811,73.96973,73.96973
1615,144.2015681708191,158.89558617508263,-0.07281307,0.06693067,-0.9394859,-0.3113927,73.29526,73.29526
1616,138.11633590076485,159.04575294736992,-0.06264912,0.066206485,-0.91744494,-0.33076578,72.44726,72.44726
1617,133.8215809256401,160.04003658935545,-0.07208627,0.041861933,-0.9156852,-0.3760999,73.38315,73.38315
1618,132.78038691746553,161.65627463264565,-0.042255346,0.0026947458,-0.8386805,-0.43902075,77.51856,77.51856
1619,134.15431975971455,160.3951932974799,0.03594544,-0.026218735,-0.78223044,-0.48273432,80.62756,80.62756
1620,140.9676213102083,151.5520441458319,-0.0128341345,-0.0057272785,-0.87265366,-0.43491888,79.59122,79.59122
1621,153.90646045548425,139.99197908248004,-0.014025422,0.0060065677,-0.9536853,-0.37883294,74.554214,74.554214
1622,162.31153745971181,137.72759264588225,-0.045654196,0.030602017,-1.0047766,-0.368697,74.016205,74.016205
1623,156.50334831144392,145.68869994542334,-0.021494996,0.017376773,-0.9574442,-0.4022154,75.15603,75.15603
1624,147.17696561039452,152.37654390344892,-0.01675152,0.019873625,-0.95415306,-0.41770762,76.06658,76.06658
1625,150.8938872504603,150.88271237940867,-0.038363297,0.026955154,-0.94207513,-0.41339415,74.987564,74.987564
1626,160.38189098051757,147.32261075096056,-0.0349582,0.030043112,-0.9288755,-0.40613317,75.383,75.383
1627,157.86818660041757,149.0082868808714,-0.010090135,0.012900448,-0.86381656,-0.4335345,78.6853,78.6853
1628,148.3095931235635,151.013064179014,0.036139067,0.010935084,-0.8263011,-0.4506203,74.78773,74.78773
1629,149.23435312694332,144.081101479049,0.038496457,-0.00293186,-0.84863144,-0.448711,75.83959,75.83959
1630,160.4642031093672,130.37315558148413,0.02424865,0.00089465885,-0.8820493,-0.4386606,74.60044,74.60044
1631,168.21447467306328,121.69595649036243,0.010969348,-0.0017099159,-0.884346,-0.43651208,74.97699,74.97699
1632,166.10703957976764,124.84762061859145,-0.013802404,0.00081621273,-0.9151431,-0.35061795,72.94642,72.94642
1633,156.87912064536707,137.0868904847913,-0.05230152,0.07688993,-0.90673685,-0.19299026,59.146366,59.146366
1634,146.32254358063176,150.51153832435074,-0.0007322364,0.07632116,-0.8955992,-0.23856899,64.26627,64.26627
1635,142.62283509316987,153.73492616184893,0.021328824,0.018717201,-0.85222,-0.3443184,62.738327,62.738327
1636,149.77368006920915,142.0557418980169,0.034242015,0.010395795,-0.8637087,-0.38131884,66.78714,66.78714
1637,160.47233508391116,127.52557501355159,0.013043249,0.015504206,-0.8759061,-0.36791033,68.10463,68.10463
1638,162.89142646559173,125.57439623920804,0.0002559086,0.02044191,-0.8941509,-0.35946763,69.40458,69.40458
1639,153.27268734911797,137.3488515129999,-0.008464606,0.019490995,-0.89183587,-0.36892048,69.74844,69.74844
1640,139.6282723938118,152.49125967418124,-0.06566586,0.044245135,-0.95861626,-0.32358748,66.98396,66.98396
1641,131.85041629583645,161.16916869924856,-0.101676024,0.06287272,-0.9958479,-0.2932202,65.24858,65.24858
1642,131.75183667653252,159.8818950476142,-0.05344247,0.0011489142,-0.9013057,-0.46153226,68.82241,68.82241
1643,136.16850510797488,151.58165376278356,-0.05976966,0.06307967,-0.98444873,-0.33074704,67.34125,67.34125
1644,141.89667795797226,145.0069163189098,-0.0314243,0.055691443,-0.9271188,-0.33772466,65.23381,65.23381
1645,148.41303534770182,147.90842003349422,-0.00949943,0.05721355,-0.918876,-0.33157867,64.70115,64.70115
1646,157.12355529299606,155.16422769672258,0.0033141994,0.057414494,-0.91864944,-0.32966658,66.2617,66.2617
1647,163.232110194945,153.59763780821692,0.0027461327,0.023271197,-0.88128966,-0.42989102,69.700294,69.700294
1648,160.20724986774906,141.723755747772,0.011500685,-0.007903055,-0.81351095,-0.44415066,73.901215,73.901215
1649,152.4322605405146,132.4188413514176,-0.010357498,0.010163731,-0.9188807,-0.41960958,70.873276,70.873276
1650,148.96817306355786,134.28668509285535,0.010254177,-0.022771802,-0.83964294,-0.44544506,77.33724,77.33724
1651,150.49963726241367,140.3860276598818,0.020179568,-0.01672446,-0.8404123,-0.41474837,75.978,75.978
1652,151.5946505515376,139.44776979131456,0.021718856,-0.049240712,-0.8402055,-0.4617986,76.317635,76.317635
1653,149.68477536296209,132.22465105805477,-0.026896114,-0.012259905,-0.9396182,-0.44449604,72.020546,72.020546
1654,146.0060738653751,129.14197708676983,-0.023825217,-0.012488163,-0.91176605,-0.42613652,73.64884,73.64884
1655,142.07744442070185,133.16355908680765,-0.0141413985,-0.017598016,-0.8743028,-0.40909865,76.942444,76.942444
1656,137.16668119834796,137.06221536112673,-0.07758091,0.021425543,-0.9941189,-0.30817068,73.7944,73.7944
1657,128.22419882661066,139.41017621116637,-0.09123745,0.032562856,-0.9975818,-0.310687,74.090485,74.090485
1658,116.34484261432165,146.23988529800934,-0.09498213,0.044359762,-0.9982618,-0.32394454,73.6698,73.6698
1659,109.7980192514689,156.37754117363258,-0.12978278,0.04990602,-1.0318041,-0.32455742,73.79227,73.79227
1660,115.71943771883511,161.81840932828558,-0.06732678,0.02302968,-0.9169384,-0.36603594,77.61617,77.61617
1661,133.58989348006776,160.29845567846678,-0.022497967,-0.022167467,-0.8755966,-0.44768018,76.455475,76.455475
1662,155.3878969433896,156.79653596706115,-0.007982713,-0.03147748,-0.8793999,-0.42726523,75.45755,75.45755
1663,169.68059361009236,155.09572073842426,-0.0027327065,-0.027251923,-0.88981116,-0.37799853,75.13513,75.13513
1664,170.35589412405685,153.43368420475193,0.017101001,-0.03951482,-0.8896531,-0.38984182,75.943275,75.943275
1665,160.1415895209166,148.0595646529462,-0.032500662,0.0012866161,-0.9611076,-0.2895393,73.45854,73.45854
1666,145.872649975651,139.15948140522403,-0.04473658,0.015906079,-0.9591981,-0.25928047,72.97629,72.97629
1667,135.30849792915936,131.45542637385265,-0.012810196,0.018189993,-0.8919486,-0.2699802,70.601494,70.601494
1668,133.48445634936357,128.44063063686897,-0.014871137,0.03430447,-0.89809066,-0.22703272,71.77547,71.77547
1669,136.78298689553571,129.22842066052584,-0.057324722,0.0472185,-0.9407089,-0.2181467,72.502556,72.502556
1670,137.14209117687642,131.06060225570178,-0.049038608,0.06560611,-0.97629046,-0.21230184,73.73216,73.73216
1671,133.98650819203948,132.07644255082315,-0.05006291,0.0633796,-0.9994084,-0.2340009,71.53475,71.53475
1672,133.99180385986995,132.41781235002938,-0.05791499,0.063514404,-1.0256855,-0.24559264,69.968864,69.968864
1673,139.2384614632556,133.29869517382045,-0.06085031,0.069298886,-1.0149907,-0.23976411,69.46538,69.46538
1674,143.8935877552715,134.01565561690828,-0.033692595,0.04830072,-0.93887204,-0.3117951,68.9251,68.9251
1675,143.71627528514378,132.26381446698272,-0.04694203,0.04983402,-0.97149026,-0.3055673,67.20858,67.20858
1676,142.57215735527112,129.2163304839656,0.04064044,-0.025856446,-0.8311871,-0.48216194,68.70586,68.70586
1677,146.02025556266517,128.55978459916125,0.0112866415,0.014127399,-0.88783336,-0.45392987,67.91573,67.91573
1678,151.0030240352525,130.00446708909803,-0.034486745,0.043503694,-0.95649076,-0.4100406,68.52193,68.52193
1679,147.9738823070817,131.24111301282545,-0.064716786,0.10108244,-1.0052088,-0.29235286,65.53966,65.53966
1680,135.37722512939413,133.20452465383337,-0.06817354,0.110137425,-1.0342964,-0.29351515,64.17625,64.17625
1681,124.1066023984278,137.1493787021159,-0.08453066,0.11389778,-1.0547547,-0.29886407,64.0745,64.0745
1682,123.02647755655157,141.07128186742545,-0.08382891,0.108996816,-1.032406,-0.30590314,63.464138,63.464138
1683,129.54349694008607,142.70667191627248,-0.059957184,0.06558673,-0.939095,-0.44918728,63.072964,63.072964
1684,138.14957719151994,141.93627179095128,0.04808941,-0.03566251,-0.7132421,-0.577589,68.30716,68.30716
1685,146.89000255644868,138.5207068504864,0.057385866,-0.038709987,-0.7260513,-0.5483939,67.99013,67.99013
1686,153.05285841895397,133.1479298989377,0.0070272284,-0.022018045,-0.8157514,-0.4985459,67.529945,67.529945
1687,152.53183429936044,130.8328337014959,-0.03900746,0.037807316,-0.93033427,-0.41377547,64.18106,64.18106
1688,144.6825557749221,135.21873871212722,-0.048280314,0.045248933,-0.9470528,-0.41200313,64.671814,64.671814
1689,133.80646874780007,141.7897171845345,-0.07361355,0.0590303,-0.99862915,-0.3696508,64.77159,64.77159
1690,125.73685984889323,144.24420857080435,-0.0766369,0.08742384,-1.03689,-0.32730383,63.262024,63.262024
1691,122.09919392558022,142.58899420230304,-0.074889176,0.12942612,-1.0468465,-0.28423017,62.526478,62.526478
1692,119.54816132479152,140.47738243195892,-0.058827415,0.12004032,-1.0174654,-0.31243026,62.135544,62.135544
1693,116.31518009738674,140.06242022160973,-0.05785353,0.11706015,-1.0160544,-0.323785,61.640163,61.640163
1694,115.37453232514366,141.1825184262083,-0.05363109,0.07652256,-1.0076631,-0.37548125,60.940594,60.940594
1695,119.8749944410679,141.3653741816068,-0.04754421,0.053838138,-0.97658396,-0.38222978,61.61771,61.61771
1696,128.58310390071458,136.9050971568336,-0.048682287,0.036663044,-0.9661146,-0.3928695,62.51672,62.51672
1697,136.51994368158375,128.3145344795851,-0.009449727,0.018942859,-0.8810983,-0.4071449,62.574146,62.574146
1698,139.0466778855107,122.41751157652484,-0.051200807,0.02640536,-0.9201951,-0.40685484,61.53129,61.53129
1699,134.21737062298175,124.25067704347693,-0.053353842,0.021887045,-0.93498486,-0.42812383,62.164433,62.164433
1700,123.229609558092,130.32950759864295,-0.052363902,0.017550517,-0.93433267,-0.4289354,62.382698,62.382698
1701,111.57379095323475,133.13048829005973,-0.025606269,-0.0032232811,-0.85810983,-0.4780379,63.415733,63.415733
1702,105.9148996708781,129.68571749892143,-0.041799344,0.0014524641,-0.9068882,-0.48255438,62.528435,62.528435
1703,108.35407340583558,124.01785292654297,-0.039900474,0.009332841,-0.91078764,-0.47066888,62.743088,62.743088
1704,116.88318068414594,121.44842551696712,-0.0396407,0.039659332,-0.9245917,-0.41952828,62.238132,62.238132
1705,128.06187419772218,122.47525039960135,-0.031652823,0.036443874,-0.91039556,-0.43044826,62.053627,62.053627
1706,137.71106047662116,124.08197473250178,-0.033656314,0.04214526,-0.9166139,-0.43291864,62.160763,62.160763
1707,143.05481562854416,124.90203573203826,-0.007398156,0.014514891,-0.8348306,-0.47002083,63.871887,63.871887
1708,144.60744411409078,126.28035067009678,-0.029563777,0.0254648,-0.9026525,-0.4778181,62.54685,62.54685
1709,145.33058716494946,129.38902358445614,-0.040177763,0.035303403,-0.91815245,-0.44635454,61.96978,61.96978
1710,147.33830921748395,133.06979606332484,-0.011467305,0.0107418625,-0.89278877,-0.45291194,64.19512,64.19512
1711,149.01781474291911,134.22140858488345,-0.02199165,0.018418651,-0.9406072,-0.4368231,61.40248,61.40248
1712,147.45884249255894,130.58165899247916,-0.015308262,-0.0018555619,-0.8929158,-0.44545668,62.118595,62.118595
1713,142.40461669220727,124.15156603191993,-0.017942155,0.005515229,-0.89244854,-0.43250263,61.77962,61.77962
1714,135.62662636652684,120.01574736533854,-0.008171928,-0.010113194,-0.86910605,-0.4594039,61.655613,61.655613
1715,129.4841675979156,120.30700757576062,0.0008979088,-0.028603006,-0.85595363,-0.49469435,62.876675,62.876675
1716,126.12723858327617,122.6220791372225,-0.0238469,0.0032231975,-0.9161648,-0.4199136,69.2308,69.2308
1717,126.61649534334632,125.17572125044529,0.025140284,-0.030835472,-0.8304263,-0.5326394,72.53245,72.53245
1721,126.28738639962661,128.17232812261537,-0.2743905,-0.09702053,-0.36695072,-1.0754222,42.85177,42.85177
1722,114.49104964225172,130.0815228947191,-0.1971583,-0.03580569,-0.30021703,-0.965633,28.701567,28.701567
1723,101.88659578337686,131.65509854017287,-0.17824905,0.032363143,-0.33470505,-0.9641928,29.636707,29.636707
1724,119.6550559620058,140.0524679807611,-0.16989182,0.017036168,-0.41516238,-1.0127146,39.359333,39.359333
1725,161.29486148550532,156.3778966737295,-0.20301518,0.04109184,-0.5186092,-0.9678703,36.498398,36.498398
1726,184.49866475230053,169.38731082580694,-0.18118744,0.02362121,-0.4928019,-0.99353814,45.143547,45.143547
1727,176.9778550382457,170.86691267577618,-0.17532341,0.017510196,-0.4721805,-0.9897967,47.405415,47.405415
1728,162.93276690908147,164.38302145270927,-0.18585806,0.015818732,-0.49399585,-1.0032674,43.05214,43.05214
1729,161.10843419411256,158.2555376811236,-0.18104321,0.0129432315,-0.4800009,-1.0009986,43.697147,43.697147
1730,168.97655994055623,157.99760078761517,-0.18357041,0.012549805,-0.49710262,-0.9604428,44.86275,44.86275
1731,175.4760539778014,161.91021050896262,-0.17613152,0.01892577,-0.49540767,-0.9635327,45.40605,45.40605
1732,175.40820055412593,163.22009029287472,-0.17368533,0.016354548,-0.48155206,-0.9727046,47.18553,47.18553
1733,171.62412640563397,159.6207990027158,-0.1588341,0.01450964,-0.45816317,-0.9749151,48.587463,48.587463
1734,168.25491933494004,156.9965289471879,-0.044769075,-0.024405433,-0.031725436,-1.0636314,43.20402,43.20402
1736,166.6638353814172,160.18273245603098,-0.30107364,-0.24416266,-0.05628511,-1.2392112,19.60148,19.60148
1737,166.9145168278108,166.0794437236876,-0.4450493,-0.29529557,-0.29507086,-1.3181951,12.766729,12.766729
1738,167.75002529967267,170.2550614063306,-0.5206526,-0.3158141,-0.72794026,-1.5260093,13.444431,13.444431
1741,166.18826386786222,171.41494064436984,-0.001703734,-0.024161838,0.290286,-1.063106,26.617489,26.617489
1742,162.39566517719612,167.6075708792897,0.017249538,-0.024439562,0.22628346,-1.0363418,41.17949,41.17949
1743,158.97973796068797,158.6943676516775,0.037926115,-0.024345275,0.24405064,-1.0162377,47.980186,47.980186
1744,155.56269627681743,150.5537678869327,0.07317601,-0.012744528,0.26052186,-0.99535215,47.36446,47.36446
1745,154.39563020199387,149.17238803109257,0.014657452,-0.033002432,0.22178662,-1.0272325,43.473248,43.473248
1746,160.90737794623598,153.81975234447532,0.03381017,-0.023448616,0.1997846,-1.0438422,42.179214,42.179214
1747,172.1089519228918,158.80402381880052,0.040638886,-0.010368424,0.18140733,-1.0153297,47.596413,47.596413
1748,178.27824660830618,159.14495727610904,0.045469265,-0.011448862,0.17641185,-1.0134073,48.089287,48.089287
1749,175.34301820197965,153.90689119722938,0.03345497,-0.00039348466,0.11223085,-1.0176785,48.705936,48.705936
1750,165.83153833847203,146.46017229948012,0.009609111,-0.0047108983,-0.021105682,-1.0301584,51.157402,51.157402
1751,152.1357959142129,142.13526130752953,-0.056839135,-0.012903034,-0.22200905,-1.011566,50.654366,50.654366
1752,138.07812010521548,143.0153271199412,-0.1130673,-0.0107839145,-0.350531,-1.006917,49.650887,49.650887
1753,131.1993786579877,146.106821535112,-0.15658356,-0.0026092953,-0.3390982,-0.9924219,44.86477,44.86477
1755,135.8361628713034,149.43046435083417,-0.21490034,-0.0061721727,-0.62076426,-0.9817188,43.10512,43.10512
1756,149.78938318764358,154.4481416873534,-0.11093961,-0.016105877,-0.4310684,-1.0025834,43.5181,43.5181
1757,166.07754750720238,160.11184769315267,-0.16649917,0.010662099,-0.6318262,-0.9130363,44.124424,44.124424
1759,175.54887772541437,161.486080626132,-0.11721143,0.039753538,-0.49965602,-0.9247197,44.55861,44.55861
1760,174.826906857162,155.8288529912343,0.014269894,-0.041065596,-0.21972843,-1.0083832,46.754047,46.754047
1762,169.17715624389166,148.03810178800353,-0.029774949,-0.046358936,-0.41880277,-0.9740279,56.771503,56.771503
1763,164.5528135633077,147.84948410726045,-0.06554691,-0.046741985,-0.50056285,-0.9434824,55.99483,55.99483
1764,161.55247730954574,154.8633651523034,-0.028207636,-0.022599762,-0.53012395,-0.8670603,59.670597,59.670597
1766,157.9064433619152,154.84540155632573,-0.21096312,-0.0040013157,-0.5199513,-1.019877,46.66129,46.66129
1767,153.35440066170818,145.47337020279053,-0.17740859,0.002145071,-0.46843198,-0.9961648,51.15971,51.15971
1768,148.89559474710114,143.53388720581566,-0.15335102,-0.023783771,-0.4462183,-1.0381924,52.4465,52.4465
1770,145.71301540394688,153.90258268381075,-0.12734023,0.001868825,-0.4190375,-1.0238105,49.038452,49.038452
1771,148.08118756467707,163.03371902706644,-0.20275022,-0.012820727,-0.5804382,-0.99662066,44.390797,44.390797
1772,155.38547058430166,163.5188280821357,-0.13812824,-0.0069995993,-0.43406767,-1.0154803,50.792877,50.792877
1773,155.44663871792483,159.86471748980688,-0.18051666,-0.008974009,-0.5903159,-0.9671494,46.874733,46.874733
1774,143.06300822828874,157.2609937556026,-0.15821624,-0.036635455,-0.47772354,-1.0052303,45.714573,45.714573
1775,128.79856361715966,156.9069637169493,-0.12752408,-0.05021612,-0.44191998,-0.99047345,47.13513,47.13513
1776,120.82893877609318,157.93777038664976,-0.1619199,-0.027659697,-0.6268343,-0.9674904,49.468586,49.468586
1777,119.78981544490586,159.60003109340212,-0.12497604,-0.027701546,-0.5851395,-0.9643237,51.934273,51.934273
1779,123.69829822971121,161.95530110091113,-0.2522572,0.013084693,-0.33568907,-0.9784436,35.81264,35.81264
1780,125.49432300906328,164.90607056008005,-1.010209,0.015881356,-1.7852938,-0.8491321,11.758257,11.758257
1781,121.030366214435,166.81263966466256,-0.3632753,0.016059732,-0.6879729,-0.9219594,31.310493,31.310493
1782,115.81705570399417,165.76857960892028,-0.19496132,0.005178962,-0.51120603,-0.95643175,45.86215,45.86215
1783,114.50803400490807,162.81624932324564,-0.1846247,-0.0025031108,-0.5364663,-0.98537695,48.18223,48.18223
1784,116.22433668311858,160.9556131963938,-0.1197001,-0.0110765025,-0.54546994,-0.9812694,51.888,51.888
1785,120.53716810150297,161.43109659884075,-0.15993464,-0.0126031265,-0.6865816,-0.95782864,44.33879,44.33879
1786,127.65115436409629,164.68813789315612,-0.10364156,-0.03399383,-0.6094165,-0.9625681,51.693596,51.693596
1787,135.3754783050997,170.7693242149211,-0.0914586,-0.042645834,-0.626371,-0.9260396,53.60312,53.60312
1788,141.84052176856486,176.090434665809,-0.08901725,-0.06923689,-0.6662806,-0.910943,49.009274,49.009274
1789,148.60372223022716,175.7859937919477,-0.04336004,-0.055825442,-0.63550156,-0.8438151,56.467323,56.467323
1791,150.50187093748607,169.58593999881748,-0.16656443,-0.13418695,-0.06003324,-1.1652061,33.42773,33.42773
1792,131.43204140767105,162.2336830260444,-0.22807997,-0.044999477,-0.19970298,-1.0527674,34.81825,34.81825
1793,95.76012027082169,158.57189943969294,-0.404767,-0.059763923,-0.74624276,-1.1007215,23.9391,23.9391
1794,81.1981008492569,158.62777630469486,0.010510037,-0.021887919,0.0024548993,-1.0071614,44.553764,44.553764
1795,110.45583559074598,159.40363448719796,-0.16518676,0.036741402,-0.5984306,-0.9007571,47.444965,47.444965
1796,156.4539252418683,160.3412989261036,-0.08158322,-0.032840155,-0.54233146,-0.96112514,55.025238,55.025238
1797,171.92004941443724,162.4818548959596,-0.103471994,-0.006789561,-0.5196395,-0.9748644,65.30465,65.30465
1798,144.38105893144754,164.68167607588168,-0.07449217,-0.016411679,-0.40762922,-0.9535321,62.90887,62.90887
1799,110.81047463752725,164.75371256803203,-0.112941936,0.014611943,-0.5179501,-0.91954446,62.58509,62.58509
