frame,right_knee_filtered,left_knee_filtered,norm_right_hip_x,norm_right_hip_y,norm_right_shoulder_x,norm_right_shoulder_y,frame_torso_length_px,scale_used_px
1,0.8239406361669662,0.8586202322798804,-0.02306236,-0.0034276608,-0.031439662,-0.08949229,85.89991,1080.0
2,5.914283189447884,6.243528136329382,-0.0035004793,-0.012105814,0.01555221,-0.065000206,60.78376,1080.0
3,20.54077674397692,21.83537363703695,-0.0019160518,-0.009812532,0.0075575085,-0.047242653,44.463177,1080.0
4,47.29544654511602,50.202537594379756,-0.010806726,-0.01033848,-0.00881958,-0.049695615,39.486683,1080.0
5,83.31546226554977,87.55504212490736,-0.010381741,-0.009329506,-0.010449445,-0.03812143,28.704346,1080.0
6,121.90434599855291,126.07080131735785,-0.011599618,-0.010511582,-0.03193608,-0.047980018,34.329483,1080.0
7,155.778812997518,158.1447873056795,-0.0057274713,-0.013063784,0.0044323956,-0.035497226,20.487127,1080.0
8,179.74025405211702,179.15480895862845,-0.0103057865,-0.0143254595,-0.019687228,-0.054462828,31.933569,1080.0
9,192.0082175225529,188.25888815305012,-0.010277077,-0.014943101,-0.020610668,-0.05404748,30.598804,1080.0
10,194.0033644934976,187.68647518184335,-0.013834636,-0.0160744,-0.025117775,-0.05210376,26.352413,1080.0
11,189.12746147189455,181.28380334043095,-0.02276566,-0.014561265,-0.04485677,-0.05823271,33.506237,1080.0
12,181.40361884072493,173.09653408560268,-0.020263333,-0.014323962,-0.022806464,-0.057737816,35.131508,1080.0
13,174.31260800037856,166.30385229271766,-0.008866148,-0.014513143,0.00706708,-0.049223807,32.381542,1080.0
14,169.85819316593637,162.5809495216702,0.003116862,-0.016006555,0.030391438,-0.044564735,30.041037,1080.0
15,168.26777414126337,162.06076098318243,-0.012438061,-0.014840585,-0.028722579,-0.049887367,32.751804,1080.0
16,168.4018457416522,163.78930282915744,-0.012796359,-0.014089316,-0.033405896,-0.05323455,37.108467,1080.0
17,168.73009259061809,166.37331841348373,-0.007034076,-0.016870625,-0.0050148293,-0.05067314,34.221584,1080.0
18,168.5903347230623,168.61323799364723,-0.009067677,-0.015808275,-0.01346865,-0.06365235,45.05217,1080.0
19,168.50575157374226,169.8732970454772,-0.012388328,-0.016338123,-0.02883979,-0.0657961,45.662643,1080.0
20,169.230344031461,170.0628627721931,-0.012184086,-0.01608265,-0.01936736,-0.068231255,47.23962,1080.0
21,170.94244399448948,169.44177973338745,-0.006741785,-0.0145174945,0.006201737,-0.06498009,45.607384,1080.0
22,173.2857821470325,168.47115469649196,-0.0062268293,-0.011740508,0.0038826272,-0.05727912,40.2947,1080.0
23,175.6973717436899,167.65300495863843,-0.020902732,-0.009032327,-0.032358468,-0.074277215,58.88836,1080.0
24,177.64849697160972,167.29919248575908,-0.020859104,-0.008462694,-0.038559638,-0.07033646,57.025185,1080.0
25,178.81808254868315,167.3906002427492,-0.024980446,-0.0086855,-0.042205244,-0.07062635,61.816235,1080.0
26,179.1576596663761,167.65996201231457,-0.023271801,-0.008945352,-0.036357626,-0.07034649,61.154266,1080.0
27,178.85226376507092,167.83478002858863,-0.022698522,-0.009176099,-0.03566058,-0.070039086,60.212803,1080.0
28,178.253198240527,167.83639760444183,-0.022114394,-0.009487972,-0.0370957,-0.06538524,53.975216,1080.0
29,177.73747099444526,167.7990099295657,-0.017097756,-0.006501798,-0.027908664,-0.065401204,58.82574,1080.0
30,177.52852005239117,168.01242418895444,-0.017340653,-0.0063785976,-0.028275328,-0.06631902,60.70576,1080.0
31,177.5915935412793,168.79801784363883,-0.019633202,-0.009526825,-0.03143706,-0.079149656,69.57005,1080.0
32,177.61751210460136,170.24451289289127,-0.02194892,-0.009161829,-0.03202153,-0.0810088,71.23139,1080.0
33,177.22982874248132,172.06063279943493,-0.02197876,-0.009273642,-0.032830812,-0.0799235,70.43071,1080.0
34,176.3723454212802,173.74786106361339,-0.020643558,-0.008084841,-0.030934425,-0.078489654,70.76236,1080.0
35,175.37901779875753,174.91312191033867,-0.023944883,-0.005158036,-0.03179683,-0.08376465,85.25794,1080.0
36,174.61366070875133,175.4937055309022,-0.016737083,-0.0044681127,-0.016708149,-0.083476566,88.79649,1080.0
37,174.2032202994628,175.73540977528165,-0.020235188,-0.0046468945,-0.027991626,-0.08580337,92.67729,1080.0
38,174.1049977425296,175.92415618246085,-0.019945838,-0.0022999234,-0.029283086,-0.06989594,85.35497,1080.0
39,174.23372471659448,176.17648558230505,-0.018736776,-0.005082561,-0.028501496,-0.08153712,88.42526,1080.0
40,174.48761086768,176.4781087656123,-0.02148867,-0.00704179,-0.029837828,-0.09484775,97.33522,1080.0
41,174.7449255203088,176.77682923466776,-0.024547774,-0.006078593,-0.03641493,-0.091201216,97.31653,1080.0
42,174.87801519515358,176.97932942046097,-0.026705932,-0.006221969,-0.036622677,-0.09239118,99.34287,1080.0
43,174.82380473359956,176.95417489516757,-0.026293041,-0.0060445997,-0.034258466,-0.09063591,97.91561,1080.0
44,174.65472894134956,176.64825431814032,-0.026824726,-0.0060973554,-0.035445828,-0.10207892,102.68379,1080.0
45,174.52037035305082,176.22030773533837,-0.026458966,-0.0063125044,-0.038489446,-0.09881507,99.80389,1080.0
46,174.54451648952488,175.98136519741064,-0.020370483,-0.008370802,-0.014632501,-0.087022714,83.259964,1080.0
47,174.81030864649605,176.15353505422513,-0.023081688,-0.007794246,-0.025991933,-0.092664905,88.72938,1080.0
48,175.354399309329,176.7247194492824,-0.023522384,-0.007530608,-0.028734447,-0.093286075,87.031395,1080.0
49,176.1261902726237,177.51578706537978,-0.025432672,-0.007557396,-0.033682704,-0.09279748,87.28082,1080.0
50,176.99963569571833,178.29838047729734,-0.024705563,-0.0073655588,-0.031050732,-0.08381642,81.58845,1080.0
51,177.81920236896121,178.87509022693254,-0.019720912,-0.0067019993,-0.01715359,-0.08116144,81.2759,1080.0
52,178.41344049297328,179.14412286485847,-0.0021948921,-0.005844116,0.022741247,-0.07832031,77.87243,1080.0
53,178.6479652057078,179.12105196988875,-0.0058374475,-0.0053379484,0.0067195185,-0.07050872,70.34484,1080.0
54,178.5402724542544,178.91486556218882,-0.022391312,-0.0043645506,-0.034562852,-0.06839546,71.8806,1080.0
55,178.24077301631837,178.65904251666745,-0.009506113,-0.0032533999,0.0062587033,-0.060683075,67.031876,1080.0
56,177.8186513842088,178.40026005852414,-0.0100466125,0.00035312795,-0.022025779,-0.0524561,66.35254,1080.0
57,177.1649364790721,178.09513155349615,-0.011091105,-0.0018640306,-0.013001732,-0.049328133,61.52271,1080.0
58,176.18474333771746,177.74405740782473,-0.019755611,-0.0022664953,-0.036806345,-0.048759855,59.70034,1080.0
59,175.0057150836454,177.41427682819278,-0.022491569,-0.0025521172,-0.04792797,-0.045996234,53.03607,1080.0
60,173.97869948065824,177.13827012326644,-0.024268935,-0.0035843179,-0.051807657,-0.039232578,45.385693,1080.0
61,173.5197862265097,176.92351352360868,-0.030084342,-0.0037984494,-0.0619456,-0.046154615,56.37645,1080.0
62,173.89380913433376,176.83060909364107,-0.026952898,-0.0031662553,-0.058894403,-0.045138974,55.345463,1080.0
63,175.05497176118612,176.9285727377564,-0.022295013,-0.0023837336,-0.030722838,-0.033611495,49.13129,1080.0
64,176.63171575765878,177.17864829116556,-0.00711523,-0.003950133,0.01310583,-0.021570785,34.764122,1080.0
65,178.02892749158073,177.41376282102456,-0.02207246,-0.00320152,-0.05384386,-0.028658748,42.097275,1080.0
66,178.64468351448406,177.45095265538023,-0.029618552,-0.0047868234,-0.07144482,-0.043138858,49.272987,1080.0
67,178.1930085122828,177.23401844830235,-0.035026155,-0.0025840476,-0.073718265,-0.055318676,61.489758,1080.0
68,176.89829700232278,176.856768113115,-0.039136987,-0.0016769692,-0.07718009,-0.060482986,65.69119,1080.0
69,175.34629076883547,176.38753798108482,-0.040529944,-0.0013847351,-0.07927664,-0.06087152,66.901764,1080.0
70,174.13916015489653,175.7258561895317,-0.042445317,0.00053001684,-0.07881718,-0.06009589,63.7365,1080.0
71,173.63381394922192,174.78907108346522,-0.041550588,0.0011105572,-0.07778784,-0.05288154,59.777424,1080.0
72,173.85268061207987,173.73066952944708,-0.040655855,0.0006072998,-0.07832732,-0.052840225,59.60548,1080.0
73,174.55286470556527,172.82864140552465,-0.04352824,0.00028895625,-0.080884464,-0.05466026,60.782738,1080.0
74,175.41858784644393,172.28217521995884,-0.042577673,0.00079752604,-0.08029005,-0.050835136,57.97507,1080.0
75,176.23569247316357,172.17190809165623,-0.041774947,0.0014106468,-0.07930264,-0.042691775,53.889236,1080.0
76,176.92358993359957,172.53037811059164,-0.041137584,0.0037763524,-0.076864965,-0.041906655,55.64459,1080.0
77,177.46414979851866,173.36146155661802,-0.040248502,0.00417342,-0.0855896,-0.05303633,64.66809,1080.0
78,177.81910610051966,174.54252112677935,-0.038793266,0.005629843,-0.080371656,-0.042623024,62.706837,1080.0
79,177.88265740796894,175.74772611281338,-0.03764558,0.0038490295,-0.078867026,-0.059313625,73.84303,1080.0
80,177.54928050690683,176.53912668426753,-0.034427445,0.0030718485,-0.07717251,-0.06991467,74.406364,1080.0
81,176.8724591239701,176.57469006282733,-0.03293118,0.0027099045,-0.06992696,-0.07674594,80.896576,1080.0
82,176.07423441883398,175.8068175544051,-0.03259899,0.0023849488,-0.06559629,-0.07656756,79.41068,1080.0
83,175.36942903913368,174.5713400867275,-0.03308207,0.0031156752,-0.06602648,-0.06376275,72.93391,1080.0
84,174.84483774791462,173.40429482935554,-0.033482306,0.0035308555,-0.06730086,-0.06833403,73.03177,1080.0
85,174.47888202642181,172.69346937998637,-0.033434607,0.0032314442,-0.0678477,-0.06777505,72.99742,1080.0
86,174.21840557276107,172.5483877362484,-0.03365343,0.003877767,-0.06818113,-0.0605933,66.02629,1080.0
87,174.04213001564335,172.88885054842387,-0.034632478,0.0028421474,-0.06689464,-0.06463476,67.03008,1080.0
88,173.97923532323753,173.4946797548178,-0.033849984,0.0025867037,-0.06797395,-0.06311538,67.241135,1080.0
89,174.0871864625536,174.07575126027058,-0.03360969,0.0009128712,-0.06796818,-0.060577903,65.85215,1080.0
90,174.40720193516307,174.4712506277361,-0.034079544,0.001966745,-0.0695421,-0.061374806,66.994545,1080.0
91,174.91929232501255,174.73671373728652,-0.033808842,0.0012484232,-0.06993137,-0.06353361,68.48097,1080.0
92,175.52300865415526,175.009669958961,-0.03409548,0.0012640211,-0.07073568,-0.06141668,67.00427,1080.0
93,176.071650290811,175.3953058912012,-0.034383025,0.00092295895,-0.07021247,-0.062702544,68.45456,1080.0
94,176.4433981088654,175.94797115530923,-0.03446124,0.0008657385,-0.07068527,-0.06432153,69.231735,1080.0
95,176.59452719744,176.64381883768152,-0.034517303,0.00020932798,-0.070546016,-0.06411811,68.58232,1080.0
96,176.58628828585327,177.3328995088947,-0.034558672,8.301911e-05,-0.070522055,-0.06254114,67.164986,1080.0
97,176.57654771093223,177.75010153288505,-0.033918027,-0.00037952,-0.06813287,-0.06451419,67.622215,1080.0
98,176.74533174016793,177.66038657406023,-0.034054905,-0.0003555015,-0.067750044,-0.06252122,65.68568,1080.0
99,177.19272213442744,177.05323416312237,-0.034096047,-0.00076681067,-0.068223625,-0.060199287,63.314323,1080.0
100,177.87199145044403,176.1924148164029,-0.034394894,-0.001133502,-0.06823097,-0.059082482,62.572124,1080.0
101,178.5997359831665,175.39432447375725,-0.038419485,-0.0009981791,-0.07581437,-0.056845065,59.361237,1080.0
102,179.15272042000038,174.39530476615732,-0.0423159,0.0025254143,-0.08253377,-0.05185058,55.068466,1080.0
103,179.33435099813255,171.83718195579294,-0.046645552,0.0036111055,-0.09629901,-0.043886058,50.70537,1080.0
104,178.94543911409025,166.28312102400915,-0.04448751,0.003074081,-0.093160786,-0.038099274,42.864082,1080.0
105,177.82416438668835,158.15971408697013,-0.047768373,0.0029742206,-0.09844428,-0.038995784,45.980312,1080.0
106,175.98304219480147,149.7365234526436,-0.047906835,0.005181489,-0.09519597,-0.031814747,40.99629,1080.0
107,173.64148690461724,142.98554922205628,-0.043489017,0.006111004,-0.089631826,-0.031172886,39.75744,1080.0
108,171.12266561302025,138.208994164867,-0.044076085,0.005106608,-0.08902294,-0.03108012,41.51138,1080.0
109,168.75668916434685,134.61743730524572,-0.04635993,0.0045693293,-0.09368151,-0.0332415,46.548183,1080.0
110,166.8383969629867,131.4086992827707,-0.045114815,0.008938825,-0.092821926,-0.040773235,54.006546,1080.0
111,165.57849287820747,128.07013622695342,-0.04453012,0.009884842,-0.09251438,-0.04709998,59.682354,1080.0
112,165.03821893942006,124.45547874162237,-0.043271214,0.009739572,-0.090439975,-0.0519581,62.202763,1080.0
113,165.0893374062863,121.03603281066668,-0.042412877,0.0082912585,-0.089296356,-0.060840975,72.01939,1080.0
114,165.44262090659615,118.54977181156964,-0.041989926,0.011159629,-0.09063664,-0.05692133,74.28377,1080.0
115,165.79579761144754,117.41247199420775,-0.041787833,0.011104018,-0.08858654,-0.05435845,72.14791,1080.0
116,166.0371853738274,117.54213218702469,-0.03737951,0.011352567,-0.08053973,-0.052647624,71.104294,1080.0
117,166.32382847067203,118.02447696650535,-0.035909016,0.011052393,-0.07962014,-0.05422352,71.02937,1080.0
118,166.94284123782555,117.11442980380275,-0.035080407,0.012747532,-0.076047316,-0.05718076,73.19613,1080.0
119,168.07386108522772,113.62612919495872,-0.035887994,0.010624553,-0.07668231,-0.05860197,73.474396,1080.0
120,169.65608816389974,108.41750042067312,-0.035856687,0.011502217,-0.073122375,-0.046385165,66.2074,1080.0
121,171.44757572157724,103.80197773668799,-0.034670796,0.010368629,-0.07213485,-0.04648531,63.924156,1080.0
122,173.1876521999942,101.64234252753029,-0.034984898,0.007343688,-0.07287598,-0.051145654,67.10573,1080.0
123,174.69612922794548,102.68404213757606,-0.036223236,0.007979555,-0.07237537,-0.047530875,65.28972,1080.0
124,175.86352466382866,106.59331069227694,-0.035637297,0.008572671,-0.070696115,-0.050311476,65.975395,1080.0
125,176.6338644899495,110.95398201654066,-0.036513604,0.007705858,-0.06899414,-0.05352133,67.63938,1080.0
126,177.04337612232104,111.30508846547146,-0.036549434,0.0072217304,-0.06743989,-0.05720571,68.77957,1080.0
127,177.24838942670556,104.53234737199386,-0.035301942,0.0061383564,-0.06468574,-0.058777533,68.978195,1080.0
128,177.4459207523562,92.79849665464677,-0.035831932,0.0055276374,-0.065921135,-0.062630095,71.079155,1080.0
129,177.7396490263069,82.77901994429699,-0.0351619,0.005178296,-0.0642421,-0.062362473,71.09172,1080.0
130,178.1047909557676,80.12774143502409,-0.03548177,0.005021724,-0.06412049,-0.065052256,71.97751,1080.0
131,178.4636744572328,85.56428115831129,-0.035037685,0.0025153267,-0.06005769,-0.06740567,75.04613,1080.0
132,178.75868129265717,96.52916350610762,-0.036306083,0.0015108179,-0.060719017,-0.06694294,75.76918,1080.0
133,178.9555391869949,110.67642976612501,-0.035326697,0.00081527146,-0.058570467,-0.0682947,76.03825,1080.0
134,179.00042845332285,126.61488136790598,-0.034686733,0.0011728923,-0.05665046,-0.06766329,74.78196,1080.0
135,178.8056152208007,142.83984549591634,-0.034170758,0.0017729017,-0.056728672,-0.06703025,74.13897,1080.0
136,178.30277411317527,157.47586195034347,-0.035175353,0.0015445285,-0.056462605,-0.06812852,75.11599,1080.0
137,177.5385055180654,168.8197615385841,-0.035536703,-0.00020511769,-0.05689946,-0.069918826,74.67081,1080.0
138,176.73029641423216,175.91293266904634,-0.035831142,-0.00042255543,-0.054977756,-0.06990054,74.47464,1080.0
139,176.1753740291547,178.85825686682537,-0.034937993,-0.0016051115,-0.053164788,-0.07120169,75.41361,1080.0
140,176.0646363051794,178.54469210936213,-0.034439992,-0.00520904,-0.05006081,-0.0784638,81.153786,1080.0
141,176.39982030175227,176.03172448976312,-0.03402145,-0.0053389654,-0.049370434,-0.07963048,79.460175,1080.0
142,177.04501470955336,172.4262804249089,-0.034389127,-0.0055653043,-0.04966623,-0.08163164,80.71922,1080.0
143,177.80293582825487,169.1008262859542,-0.035214234,-0.0066161826,-0.049540203,-0.08437505,81.616035,1080.0
144,178.49470192938998,167.37681504438117,-0.034598794,-0.007163719,-0.049981236,-0.08203317,79.59623,1080.0
145,179.02799820406057,167.85315382010353,-0.035819497,-0.005372337,-0.048005957,-0.08453635,83.21208,1080.0
146,179.39440019163914,170.16762923295522,-0.035767958,-0.0071102,-0.04911872,-0.08296136,82.62487,1080.0
147,179.61840734123814,173.34155730799284,-0.035647582,-0.008474901,-0.049525734,-0.0798387,79.10297,1080.0
148,179.72542183614263,176.3246543014209,-0.03615067,-0.0063363817,-0.05105749,-0.07545146,74.633255,1080.0
149,179.72880833175603,178.34433496374848,-0.035926536,-0.0068552652,-0.05182416,-0.071533345,70.93355,1080.0
150,179.60773397136253,179.00471969176775,-0.036287773,-0.0066044843,-0.05306928,-0.07126066,70.23555,1080.0
151,179.30581066638047,178.32052633899144,-0.036439344,-0.0052230833,-0.053271823,-0.07260657,72.5198,1080.0
152,178.79447568807393,176.68490666439394,-0.03616638,-0.006229909,-0.053592935,-0.068728015,71.06529,1080.0
153,178.1595999397554,174.6202778846205,-0.035808872,-0.0049360204,-0.053881045,-0.071405396,74.14777,1080.0
154,177.6089190250757,172.44615669733855,-0.0358629,-0.005091208,-0.054163728,-0.07169769,75.330444,1080.0
155,177.35005149462341,170.21786910138775,-0.03622606,-0.004366246,-0.0558457,-0.069475695,73.77891,1080.0
156,177.4293960570088,167.94975324616652,-0.036319196,-0.0038735,-0.055803936,-0.06961159,75.0437,1080.0
157,177.69507196994272,165.736175981711,-0.03611925,-0.0038621973,-0.055849258,-0.06964419,75.53344,1080.0
158,177.91666417766305,163.62954839437603,-0.03607743,-0.0028517547,-0.056589197,-0.06877656,75.6699,1080.0
159,177.92980780521955,161.57548055903692,-0.03565606,-0.0029197128,-0.056210045,-0.0688129,77.69907,1080.0
160,177.7014987109153,159.5171031224271,-0.035535913,-0.002658081,-0.05608978,-0.07041813,79.317375,1080.0
161,177.32634814736622,157.54567223561335,-0.03464412,-0.002811884,-0.054668512,-0.07101336,80.4526,1080.0
162,176.9835413016179,156.06478909038916,-0.034635305,-0.003869742,-0.054691907,-0.07094147,80.41244,1080.0
163,176.8660134277003,155.72545112061601,-0.03461202,-0.00401487,-0.055131193,-0.07131023,80.072,1080.0
164,177.09595030671034,156.95277820361227,-0.03484859,-0.0037432353,-0.054886315,-0.07003926,78.680786,1080.0
165,177.65950192704625,159.53603948408627,-0.03461767,-0.004281927,-0.054214817,-0.070343524,78.65963,1080.0
166,178.41241568646407,162.76583240905288,-0.034724597,-0.0043441206,-0.054389954,-0.06927976,77.46773,1080.0
167,179.15156358627127,165.89171939467457,-0.035293467,-0.005231278,-0.054999456,-0.06819063,76.53733,1080.0
168,179.68416566496666,168.45444319549964,-0.036009274,-0.010237489,-0.053252324,-0.07885584,82.77762,1080.0
169,179.87890853002378,170.36449775458195,-0.035449445,-0.011862776,-0.051927242,-0.075628184,80.43463,1080.0
170,179.73023810060513,171.71040815438676,-0.03556982,-0.011356241,-0.05116645,-0.075814195,80.51793,1080.0
171,179.38447014357155,172.46459768487037,-0.036045328,-0.010782539,-0.050488055,-0.07908339,82.8568,1080.0
172,179.05487367332296,172.4806607184684,-0.036160957,-0.010613957,-0.050924342,-0.076638795,80.2743,1080.0
173,178.89193734797803,171.7842600703617,-0.035895113,-0.009916772,-0.050056286,-0.07912699,83.345795,1080.0
174,178.906096528802,170.76916930289127,-0.036057536,-0.009638242,-0.05012546,-0.079088874,83.63126,1080.0
175,178.951376005045,170.0647500544807,-0.036173504,-0.00870042,-0.050073016,-0.07893174,83.42729,1080.0
176,178.80840616530025,170.16160730049003,-0.03624957,-0.0077866446,-0.049880587,-0.07835281,83.699974,1080.0
177,178.37019541822113,171.13244349259705,-0.036428608,-0.007334137,-0.0497636,-0.07833475,83.861916,1080.0
178,177.7567295339737,172.6722424399487,-0.036460254,-0.006732206,-0.04962972,-0.07825213,84.67707,1080.0
179,177.23815576119927,174.33105044672507,-0.036060926,-0.0072872867,-0.04901852,-0.07979092,86.909775,1080.0
180,177.059203497593,175.74608044544246,-0.036138464,-0.007326677,-0.0489255,-0.080236875,87.52908,1080.0
181,177.30609747888352,176.7863009162736,-0.036207072,-0.0075322753,-0.049202476,-0.07956286,86.85524,1080.0
182,177.87285170956883,177.53646935706246,-0.03602962,-0.0077084857,-0.04897845,-0.079959586,87.10632,1080.0
183,178.4962238451851,178.1321748256276,-0.03607302,-0.007514219,-0.04895692,-0.08075734,87.52442,1080.0
184,178.85834728796954,178.61317593159424,-0.03604352,-0.00757791,-0.049109112,-0.07967755,86.92799,1080.0
185,178.74389103934047,178.92769007901222,-0.036108397,-0.007813235,-0.04905633,-0.081277914,88.03837,1080.0
186,178.10431997961572,179.03398705943334,-0.03591964,-0.008018833,-0.048788905,-0.08261564,88.896,1080.0
187,176.99750630914411,178.97019326630152,-0.03570715,-0.008088656,-0.0485212,-0.08257557,88.8783,1080.0
188,175.55033762042825,178.84191011649415,-0.035626445,-0.008232399,-0.04829164,-0.084159374,89.616066,1080.0
189,173.95946258361423,178.76079534951435,-0.035679683,-0.007847369,-0.04821608,-0.08504576,90.34211,1080.0
190,172.45388499650716,178.79184193654262,-0.035673466,-0.008397392,-0.04825507,-0.08517286,90.310555,1080.0
191,171.24166099737164,178.93835044535223,-0.03566273,-0.008709378,-0.04784365,-0.08639529,90.79849,1080.0
192,170.47615735726828,179.14138567078746,-0.035663974,-0.008810199,-0.04782048,-0.08597694,89.40132,1080.0
193,170.22321663677093,179.28817838178855,-0.035657305,-0.008815596,-0.047856536,-0.08609094,88.93041,1080.0
194,170.42501408734105,179.26342729630764,-0.035729982,-0.009008676,-0.048028167,-0.08619099,88.73405,1080.0
195,170.89913839102687,179.0211600359395,-0.036064204,-0.008923933,-0.04804388,-0.08441725,87.5282,1080.0
196,171.40357847679928,178.61063738779137,-0.03605584,-0.0089733265,-0.04821574,-0.08422558,86.87971,1080.0
197,171.74832348918503,178.14474181871648,-0.03504356,-0.009628974,-0.045343526,-0.08891342,94.08651,1080.0
198,171.89415012728588,177.74405988271553,-0.034202065,-0.011746978,-0.045201056,-0.089925416,93.34061,1080.0
199,171.9557094295727,177.48489506266847,-0.03419393,-0.010847925,-0.04369942,-0.09255165,97.52467,1080.0
200,172.0861130336677,177.37500748647614,-0.03430074,-0.011387408,-0.044254445,-0.08914069,93.44238,1080.0
201,172.35481375838316,177.3707260386279,-0.034377486,-0.011341462,-0.0438038,-0.08887996,91.53454,1080.0
202,172.7308921909976,177.41262025333776,-0.034618463,-0.009581474,-0.04306567,-0.09035902,94.0825,1080.0
203,173.14951160164372,177.44478194472035,-0.034144647,-0.009340385,-0.043566104,-0.09041324,93.03987,1080.0
204,173.5573172037231,177.41609062311852,-0.033903785,-0.009313626,-0.042714097,-0.093159854,96.349304,1080.0
205,173.88749215864797,177.2865541940404,-0.034096275,-0.010836707,-0.042549077,-0.09169871,93.76925,1080.0
206,174.044928008924,177.050071758663,-0.034662545,-0.010504772,-0.042499684,-0.09179939,93.92362,1080.0
207,173.97236254106244,176.7521766736456,-0.034724597,-0.011258415,-0.0427523,-0.08698648,88.4043,1080.0
208,173.7183735614754,176.4758487538551,-0.03587432,-0.00918548,-0.04220321,-0.08851245,91.74524,1080.0
209,173.4152178908866,176.29929989474095,-0.035364334,-0.009210459,-0.042547155,-0.08875215,95.103806,1080.0
210,173.20840492866884,176.25861996937314,-0.035351902,-0.0065270034,-0.041741267,-0.09369617,100.5027,1080.0
211,173.21139130751726,176.33895974859843,-0.035676517,-0.0061950684,-0.04188176,-0.09306914,100.48119,1080.0
212,173.47534269316785,176.48484738767888,-0.03567098,-0.0043577687,-0.041452818,-0.09490984,102.152695,1080.0
213,173.9500497965261,176.6283320998772,-0.03601063,-0.0045075878,-0.042735912,-0.09380855,101.54043,1080.0
214,174.4793243190196,176.73220272694482,-0.03610693,-0.0049132453,-0.04237976,-0.09647477,103.84033,1080.0
215,174.88286446868125,176.80484801173353,-0.036665965,-0.004775266,-0.041408397,-0.09649573,104.37151,1080.0
216,175.08423362813355,176.87571927048302,-0.036039114,-0.0038680183,-0.04054153,-0.09765653,105.491455,1080.0
217,175.16212376341068,176.97557927918191,-0.03523729,-0.0045646667,-0.039737955,-0.09921946,106.700455,1080.0
218,175.27229326030084,177.1304463175078,-0.034833554,-0.005224016,-0.039436452,-0.099856965,107.35183,1080.0
219,175.53120305662222,177.34710878587723,-0.034757715,-0.00574841,-0.03926047,-0.10116817,108.78816,1080.0
220,175.95816215676223,177.59961025428382,-0.035360377,-0.00579704,-0.038905617,-0.10133955,108.78463,1080.0
221,176.48364082047505,177.83867551891078,-0.03536524,-0.0048795063,-0.038647518,-0.103822015,107.59445,1080.0
222,176.9870104619083,178.01809614649898,-0.03547691,-0.005120341,-0.03812612,-0.10353216,104.37863,1080.0
223,177.34422798124484,178.1159284527843,-0.035368405,-0.004423777,-0.036048323,-0.104280345,106.272156,1080.0
224,177.4871587511251,178.14997047712356,-0.03406666,-0.0031639664,-0.031003486,-0.11084016,117.642456,1080.0
225,177.44577160834473,178.18895932302118,-0.03453674,-0.003490561,-0.029851843,-0.111232586,120.3423,1080.0
226,177.33660361951536,178.3213712272425,-0.03483966,-0.0027547202,-0.027481757,-0.116135634,129.09103,1080.0
227,177.30626027825323,178.58298125849632,-0.03548228,-0.0030797322,-0.029047592,-0.113896154,127.35869,1080.0
228,177.45880287010561,178.93053064695548,-0.03494048,-0.006417988,-0.02606981,-0.12183134,135.14288,1080.0
229,177.79548399172748,179.27916132312828,-0.034233715,-0.004885384,-0.023284573,-0.12334417,137.52806,1080.0
230,178.20622746914773,179.52200499385282,-0.03457749,-0.0048251115,-0.023446316,-0.123641655,136.90298,1080.0
231,178.5356483324914,179.52921754780874,-0.035225764,-0.004338893,-0.02243528,-0.12553932,139.00623,1080.0
232,178.6810682931082,179.18099320570394,-0.03402512,-0.004571307,-0.01956691,-0.12960768,139.5068,1080.0
233,178.6389765625461,178.4285579942676,-0.03370124,-0.0058727125,-0.017519576,-0.13680525,144.76003,1080.0
234,178.46963720383494,177.35478360297407,-0.034166407,-0.0042893304,-0.017444074,-0.13710612,145.43005,1080.0
235,178.23801334247008,176.18938905516703,-0.034051966,-0.0047277096,-0.017448934,-0.13587,144.1659,1080.0
236,177.9885127668852,175.22436974265804,-0.03415002,-0.0050291275,-0.017545799,-0.1366633,144.02664,1080.0
237,177.74482079693504,174.66684103160136,-0.034090508,-0.004936642,-0.017731166,-0.1354407,142.68663,1080.0
238,177.51422515928536,174.55151735135428,-0.03425197,-0.0051505477,-0.018050695,-0.13484728,142.72998,1080.0
239,177.2997244795637,174.77469247003066,-0.033275574,-0.006610164,-0.017558007,-0.13504365,141.47487,1080.0
240,177.11062892953603,175.18755708146813,-0.033406746,-0.007317663,-0.016281242,-0.13730079,142.5542,1080.0
241,176.9513072382137,175.6678269775859,-0.033436302,-0.007184177,-0.01663807,-0.1364062,142.17831,1080.0
242,176.8074497828281,176.1442734128533,-0.033243928,-0.008688326,-0.016374376,-0.13500743,140.62724,1080.0
243,176.66279123086176,176.5847638624599,-0.033497676,-0.0073209126,-0.01601879,-0.13571936,141.17346,1080.0
244,176.52841968482954,176.97846289106639,-0.033274163,-0.0074096113,-0.015457719,-0.13761249,141.69441,1080.0
245,176.44001468777265,177.3277748059605,-0.033134744,-0.009354768,-0.013736301,-0.13776545,142.18816,1080.0
246,176.41752467465506,177.64770734434867,-0.033781037,-0.008537886,-0.014542982,-0.13578847,141.55652,1080.0
247,176.44812373238415,177.96175521683097,-0.03456003,-0.007405034,-0.017932242,-0.13149785,136.60558,1080.0
248,176.52182700954188,178.275174171668,-0.034933925,-0.006930231,-0.01909191,-0.1278714,133.87651,1080.0
249,176.65105652397904,178.56276995481198,-0.03426282,-0.0070362515,-0.020842036,-0.12584265,132.49446,1080.0
250,176.8450525384934,178.8036171437227,-0.034237783,-0.0074838707,-0.020590097,-0.12953505,137.45332,1080.0
251,177.07747899966506,178.99821254271725,-0.034751836,-0.009114244,-0.020752406,-0.12625617,133.414,1080.0
252,177.2615811328492,179.1380040141169,-0.03472567,-0.008574281,-0.020107806,-0.12647194,133.94234,1080.0
253,177.27374570426394,179.19010300185494,-0.034813777,-0.008188177,-0.019575104,-0.12599027,133.2941,1080.0
254,177.04824684765092,179.13166640450112,-0.0349116,-0.008231862,-0.019380357,-0.12666205,133.52075,1080.0
255,176.6429483364175,178.99260620559897,-0.034459885,-0.009061262,-0.020603435,-0.12501466,131.77725,1080.0
256,176.19451612197335,178.8520236054291,-0.034501478,-0.0076280665,-0.020636098,-0.12060872,127.938866,1080.0
257,175.82350492439528,178.79175618652397,-0.034598004,-0.00832268,-0.019666318,-0.12130271,129.60687,1080.0
258,175.58250228679577,178.8528574673123,-0.034609646,-0.008275265,-0.018893545,-0.12183092,132.59872,1080.0
259,175.46487037819188,179.02386165347005,-0.0348218,-0.008450317,-0.018176835,-0.122596174,133.12292,1080.0
260,175.4351111226713,179.2567531958481,-0.03515105,-0.0080263205,-0.016810099,-0.123109944,133.25363,1080.0
261,175.45293112345792,179.48733452458063,-0.03500694,-0.008023185,-0.016889445,-0.12346788,133.72154,1080.0
262,175.490874225673,179.6526666512706,-0.034701314,-0.008782253,-0.017405305,-0.12300316,132.91933,1080.0
263,175.54260545764996,179.714399878007,-0.034957547,-0.008824666,-0.016655363,-0.12340283,133.39989,1080.0
264,175.61265413594467,179.67475802563123,-0.035584062,-0.0081316065,-0.014991252,-0.124314114,134.53728,1080.0
265,175.69429299534258,179.56712461210378,-0.035413276,-0.007846974,-0.01401322,-0.123257704,132.44331,1080.0
266,175.76283913978526,179.42926982121074,-0.035407964,-0.0078659905,-0.013919858,-0.12344824,133.9535,1080.0
267,175.79838143649093,179.27881073083068,-0.03516303,-0.008074867,-0.01207671,-0.12657171,136.22522,1080.0
268,175.8081873958849,179.102629370662,-0.03514212,-0.008115076,-0.012230089,-0.1264389,137.60902,1080.0
269,175.81545112066746,178.86894779638058,-0.03494511,-0.008725428,-0.01246304,-0.12470534,135.95224,1080.0
270,175.8276468775358,178.56782358576703,-0.03510595,-0.008637803,-0.0129362885,-0.1233564,133.66724,1080.0
271,175.82803790517016,178.24969768201387,-0.03526984,-0.007687293,-0.012867341,-0.12643209,133.68114,1080.0
272,175.80438417146337,178.0125942339999,-0.036062114,-0.007828889,-0.011928869,-0.12683219,131.86873,1080.0
273,175.76841126489379,177.94100181193573,-0.03609167,-0.007377907,-0.012110844,-0.121753156,127.306656,1080.0
274,175.73369805476239,178.05085634516664,-0.036086075,-0.007124611,-0.011997025,-0.12058102,127.31203,1080.0
275,175.69551526350986,178.28700587813609,-0.036220465,-0.007161628,-0.01117712,-0.12188079,128.21649,1080.0
276,175.64371499868636,178.572510959812,-0.036174804,-0.008465322,-0.010899975,-0.12145567,127.636055,1080.0
277,175.58324571819068,178.85913322436465,-0.03613575,-0.0077424226,-0.010206774,-0.12387706,129.45982,1080.0
278,175.5437626651502,179.13008407764576,-0.036156096,-0.007901453,-0.009530414,-0.124946535,128.63127,1080.0
279,175.5621777508376,179.37164402037047,-0.03669151,-0.007880148,-0.00800024,-0.12727419,131.33427,1080.0
280,175.6424616021854,179.56379338569496,-0.036491282,-0.007934486,-0.007912643,-0.12671356,131.62857,1080.0
281,175.74591226337668,179.69372381301193,-0.03643245,-0.007844063,-0.0061581084,-0.12742296,132.55405,1080.0
282,175.82874372263015,179.7611624617394,-0.03619492,-0.0074754786,-0.004848452,-0.12814589,133.35136,1080.0
283,175.88418922158567,179.76421878596605,-0.035944905,-0.008060766,-0.006882505,-0.12584743,130.44835,1080.0
284,175.94904706810226,179.67708907386123,-0.035978757,-0.008058477,-0.007259567,-0.12564938,131.52315,1080.0
285,176.0686153350219,179.44296809244568,-0.036080707,-0.00801208,-0.0069489656,-0.12550187,131.57541,1080.0
286,176.2574860713829,179.00599581160927,-0.035731222,-0.00873399,-0.0077322503,-0.124972194,130.74318,1080.0
287,176.50047760731118,178.36332038981044,-0.035919417,-0.0072427536,-0.006112784,-0.13057084,137.03833,1080.0
288,176.78393703507194,177.58638428851378,-0.035954792,-0.007803853,-0.003656232,-0.13725165,144.98598,1080.0
289,177.10589249406007,176.79644185888884,-0.03551975,-0.009111842,-0.0023484973,-0.14134169,147.42542,1080.0
290,177.45717738678974,176.11532467059897,-0.035465494,-0.00888977,-0.0027880634,-0.14014186,146.57678,1080.0
291,177.81086654842863,175.62114652503186,-0.03558225,-0.009057674,-0.0023662427,-0.13999346,146.66307,1080.0
292,178.12700397764513,175.33495268369984,-0.03566838,-0.008954225,-0.0025173612,-0.13946773,147.99788,1080.0
293,178.3596705941783,175.2373275846897,-0.035580784,-0.009093588,-0.0026154695,-0.13873701,148.0639,1080.0
294,178.46410025788697,175.29172863263727,-0.035419155,-0.009284323,-0.0010491265,-0.13866682,146.81706,1080.0
295,178.40455714707457,175.4548389572419,-0.035375413,-0.00922049,-0.00012580024,-0.13762905,148.08594,1080.0
296,178.16965095432639,175.67565702368293,-0.03536196,-0.009244735,0.0006346526,-0.13737462,149.02448,1080.0
297,177.79506269082094,175.9014477042601,-0.03511194,-0.008784881,0.0020978008,-0.1375443,151.13449,1080.0
298,177.37095395865288,176.09577017607552,-0.034832876,-0.008646336,0.001486093,-0.13603409,150.10426,1080.0
299,177.0126587150094,176.24760665366634,-0.034902275,-0.008641533,0.001675302,-0.13586253,150.64644,1080.0
300,176.80584385208675,176.35917544200126,-0.03490838,-0.008900565,0.0032268383,-0.13486311,150.87051,1080.0
301,176.76221219290443,176.4326421121771,-0.034906007,-0.009068157,0.003314209,-0.13607873,151.63686,1080.0
302,176.82444969625732,176.4701192371118,-0.03487967,-0.0094529325,0.0036416512,-0.13601209,153.52351,1080.0
303,176.92010499897566,176.4765147680167,-0.035196487,-0.009862547,0.0029173675,-0.13483949,153.31136,1080.0
304,177.00839907547,176.4593556679939,-0.03505622,-0.009987697,0.004668172,-0.137799,155.71658,1080.0
305,177.08437522170885,176.43504329365007,-0.034808803,-0.010027398,0.0055271857,-0.13753128,156.19461,1080.0
306,177.16138210962566,176.43745479712678,-0.034689784,-0.010166903,0.0062467223,-0.13755804,157.35403,1080.0
307,177.25657977785394,176.50147189504895,-0.03424728,-0.010450406,0.004123716,-0.13790447,156.18893,1080.0
308,177.38269474875653,176.62763415143996,-0.034284804,-0.01054696,0.005106721,-0.13963191,157.31317,1080.0
309,177.54310144720907,176.77807959559186,-0.034294184,-0.0107295,0.0062179,-0.14094937,160.35118,1080.0
310,177.73188509901914,176.91030319921256,-0.034364037,-0.010574821,0.005874408,-0.14114179,160.21086,1080.0
311,177.93821105392348,177.00156240197185,-0.034225576,-0.010526671,0.005910577,-0.13872235,158.84593,1080.0
312,178.1497755683596,177.0468780584722,-0.034212917,-0.010583044,0.007953672,-0.138682,159.46114,1080.0
313,178.35385038565772,177.05299231071265,-0.034133684,-0.010344159,0.0094360355,-0.13994242,161.58482,1080.0
314,178.5373408916735,177.0388285161833,-0.03426559,-0.009538778,0.008626981,-0.13849637,159.96957,1080.0
315,178.68605902978712,177.0297382185664,-0.034110174,-0.01036456,0.010171396,-0.14033367,162.10211,1080.0
316,178.7845473873042,177.04071976187268,-0.034125093,-0.010411439,0.010474198,-0.1402055,162.372,1080.0
317,178.81884315090534,177.0689406844167,-0.034411736,-0.011541014,0.011047024,-0.14219928,164.93962,1080.0
318,178.781454283614,177.10744230929427,-0.034597665,-0.011874136,0.012599352,-0.14495601,166.8946,1080.0
319,178.67766808116357,177.16150243532994,-0.03484565,-0.012263686,0.013524034,-0.14774871,169.88223,1080.0
320,178.52937265026756,177.24860566976264,-0.034845762,-0.012219352,0.014366546,-0.1487772,171.3277,1080.0
321,178.36964277237882,177.38330007079435,-0.03558293,-0.013103655,0.015030812,-0.15236777,175.65683,1080.0
322,178.2324649344924,177.5616244164565,-0.035435203,-0.012507799,0.0146713825,-0.15156133,174.79836,1080.0
323,178.14528637719198,177.76483920269797,-0.03537688,-0.012221159,0.014981532,-0.15542942,174.73334,1080.0
324,178.12031868977937,177.9865125059139,-0.035623282,-0.01202175,0.016453834,-0.15625557,176.1125,1080.0
325,178.14755859684004,178.24487793468086,-0.035384793,-0.012111494,0.016812924,-0.15644446,176.35567,1080.0
326,178.20544327816665,178.54195372993905,-0.03547849,-0.011657772,0.017492449,-0.15490629,174.9429,1080.0
327,178.28462073440258,178.8157628207752,-0.035365805,-0.011555114,0.017427232,-0.15408108,175.22043,1080.0
328,178.39847492216583,178.96340394921194,-0.035318557,-0.011629147,0.018163385,-0.15330966,174.35226,1080.0
329,178.56641582404401,178.91775428350223,-0.034716006,-0.010556822,0.018749887,-0.15104023,172.0081,1080.0
330,178.78451233255598,178.69728034079725,-0.03455675,-0.010594545,0.018010797,-0.149157,170.78345,1080.0
331,179.0141306866241,178.39202505865887,-0.035249047,-0.01024136,0.018244877,-0.14806928,169.7956,1080.0
332,179.20058409359578,178.11324484353167,-0.035015643,-0.010884462,0.01894486,-0.14869213,170.85442,1080.0
333,179.30079962173602,177.9500781663367,-0.035733484,-0.010573409,0.01691499,-0.14664705,168.51277,1080.0
334,179.2980632847597,177.95169298124762,-0.03557434,-0.010994155,0.016231395,-0.14458542,165.30682,1080.0
335,179.20429476246366,178.1267370928632,-0.035625316,-0.011078842,0.013949359,-0.14084566,162.70874,1080.0
336,179.0538559539271,178.44226542644654,-0.036038775,-0.011841697,0.010334156,-0.13682316,157.5831,1080.0
337,178.88847938283345,178.81926035351748,-0.035941906,-0.011478537,0.010464251,-0.13889708,159.52129,1080.0
338,178.74634157376607,179.14587463310082,-0.03572433,-0.010867253,0.0101157855,-0.1403412,160.62247,1080.0
339,178.6637097659091,179.31584712645952,-0.036004525,-0.010780617,0.0068521006,-0.13493524,156.47655,1080.0
340,178.66771567733738,179.26430538977158,-0.03590766,-0.010963779,0.006084527,-0.13521588,156.17828,1080.0
341,178.75077897961762,178.98839729106712,-0.036073133,-0.010119205,0.0030257613,-0.1307687,150.14833,1080.0
342,178.85594424302832,178.55792008119826,-0.037048228,-0.009042443,0.00093937624,-0.12785894,147.50784,1080.0
343,178.89780465799447,178.0999440139603,-0.036882527,-0.008434917,0.0010785138,-0.12772527,147.62595,1080.0
344,178.7998009077046,177.75480687709023,-0.038057905,-0.009109158,0.0062894467,-0.13537459,155.8961,1080.0
345,178.51383130964308,177.62307258958654,-0.038001165,-0.009230833,0.0056882505,-0.1355772,156.71991,1080.0
346,178.0364387609618,177.7141025345141,-0.038002864,-0.00924708,0.0053350376,-0.13545148,155.88136,1080.0
347,177.4340548603738,177.9289530082642,-0.0381394,-0.009152306,0.0055703623,-0.1384905,157.15897,1080.0
348,176.83201326526057,178.1239385259923,-0.036925025,-0.011527111,0.002726237,-0.13568102,151.62836,1080.0
349,176.35243544316768,178.21814335808753,-0.037315764,-0.011490575,0.002339342,-0.13597369,151.34348,1080.0
350,176.05578482431898,178.24076187622077,-0.037010137,-0.011533469,0.004397696,-0.13634607,152.13554,1080.0
351,175.93150023637227,178.28286489656546,-0.036374126,-0.012412799,0.0039277254,-0.13528067,150.4351,1080.0
352,175.9224014623988,178.41801177749576,-0.03616288,-0.013334938,0.003890087,-0.13609743,150.05922,1080.0
353,175.95277863135493,178.65869176581052,-0.035866518,-0.012377534,0.012238114,-0.1454216,161.297,1080.0
354,175.96317094830314,178.95767784383892,-0.03490906,-0.012341026,0.014555302,-0.14431325,166.67813,1080.0
355,175.94462058352738,179.24345471962684,-0.0351749,-0.01203763,0.01781944,-0.14448321,166.87988,1080.0
356,175.93281757454378,179.46735736021517,-0.035331216,-0.010999722,0.021674715,-0.14698726,169.59087,1080.0
357,175.95647702546745,179.61905225903723,-0.035696864,-0.010512062,0.02277165,-0.14487155,167.28096,1080.0
358,175.9920308671714,179.70592686965009,-0.03571009,-0.0105536,0.022160282,-0.14324138,165.68639,1080.0
359,175.96916259038954,179.7357716451757,-0.03496365,-0.009580852,0.01969062,-0.14206979,165.6007,1080.0
360,175.8209663913499,179.7167007213422,-0.03542435,-0.009601367,0.017671261,-0.14081825,165.7863,1080.0
361,175.53174461947953,179.6402748918988,-0.035420172,-0.009665369,0.010049777,-0.13250294,155.49503,1080.0
362,175.1362212338792,179.44965527490643,-0.035480868,-0.009522219,0.010204287,-0.13275695,155.47935,1080.0
363,174.68805769875914,179.06537519675294,-0.035552528,-0.008940718,0.010086738,-0.13314107,155.83832,1080.0
364,174.25270660373334,178.4699151243938,-0.03565674,-0.008522401,0.01011183,-0.1328474,155.84935,1080.0
365,173.9043887628746,177.74589429206543,-0.035984293,-0.010035706,0.00036044652,-0.12524101,144.02843,1080.0
366,173.6828302240775,177.01933972241824,-0.03602962,-0.011132163,-0.0118015995,-0.11624866,130.6722,1080.0
367,173.581466186553,176.3799450206548,-0.03451538,-0.012039015,-0.01410692,-0.112381235,123.25162,1080.0
368,173.60705032394682,175.8536952174625,-0.035411805,-0.0107074315,-0.017829387,-0.117333025,124.526115,1080.0
369,173.7870884885608,175.41941109424988,-0.035689857,-0.012102113,-0.023144757,-0.11134496,114.81035,1080.0
370,174.0980433780941,175.03002440028442,-0.035739362,-0.011970577,-0.022922205,-0.11233475,115.260666,1080.0
371,174.45198420614125,174.63270535787,-0.03561153,-0.012267982,-0.0221613,-0.11006224,112.22167,1080.0
372,174.76027169333148,174.19861612604487,-0.03127724,-0.010901953,-0.009976196,-0.10703077,108.74146,1080.0
373,174.9815623410923,173.74436455066757,-0.032066856,-0.010784827,-0.0090533225,-0.10446147,107.341965,1080.0
374,175.14518795900497,173.3187533492592,-0.032892186,-0.0117192585,-0.0096311215,-0.10509132,109.249954,1080.0
375,175.3577554139079,172.96859643085148,-0.03289128,-0.011189807,-0.010363092,-0.104324594,108.76746,1080.0
376,175.75369427995577,172.71509735085783,-0.0332463,-0.010686804,-0.010505958,-0.10407577,109.25773,1080.0
377,176.40867785877836,172.5523615814142,-0.033390414,-0.010939393,-0.019365326,-0.09922731,104.024315,1080.0
378,177.28124401485192,172.45458733862748,-0.03373594,-0.0109011335,-0.022162769,-0.09833074,102.28671,1080.0
379,178.19070725401392,172.37494180890656,-0.0338024,-0.010914725,-0.021517266,-0.0937893,100.58321,1080.0
380,178.83497840860437,172.2536297614418,-0.034176975,-0.011166382,-0.026469251,-0.09364062,98.72454,1080.0
381,178.92949778557215,172.05064644252843,-0.03446565,-0.010959399,-0.027750764,-0.09422121,100.48812,1080.0
382,178.4196725236367,171.76969356016042,-0.03452499,-0.011782244,-0.024911612,-0.095867015,101.93658,1080.0
383,177.53393228392687,171.44723433648258,-0.03527877,-0.012470811,-0.031762242,-0.09275597,96.77936,1080.0
384,176.63617849882652,171.11858047430732,-0.035260916,-0.012317431,-0.03233394,-0.09313117,96.5944,1080.0
385,176.0471800437764,170.786967674677,-0.035179988,-0.011750341,-0.03234061,-0.09301506,96.57998,1080.0
386,175.9202215421647,170.42188417129853,-0.035168797,-0.011578058,-0.03128289,-0.0934225,97.24882,1080.0
387,176.19954973044779,169.98658581301177,-0.0350734,-0.011589163,-0.03135195,-0.09328322,97.23148,1080.0
388,176.69204648985138,169.47133962390137,-0.03514472,-0.01121456,-0.031617116,-0.0916691,93.86999,1080.0
389,177.19444870988545,168.91387739895623,-0.034466326,-0.010599772,-0.034141824,-0.08742619,91.59662,1080.0
390,177.57255608747707,168.39585946584236,-0.034233376,-0.010371569,-0.035083346,-0.08565179,89.57909,1080.0
391,177.77475032031188,168.0086696995137,-0.032954577,-0.0103253685,-0.034610778,-0.08295073,86.061226,1080.0
392,177.83148403680048,167.79610526958396,-0.03432538,-0.011116085,-0.027783316,-0.08191342,85.56099,1080.0
393,177.83462000933,167.71008830918382,-0.034227498,-0.011206535,-0.025335016,-0.08076293,85.937,1080.0
394,177.8729499317198,167.63475740385883,-0.033912715,-0.009917959,-0.024287019,-0.079977386,84.598015,1080.0
395,177.9929686105201,167.4738868585114,-0.034331486,-0.010899975,-0.029702306,-0.08394139,89.52354,1080.0
396,178.20515911421805,167.21407537754482,-0.034483846,-0.009902418,-0.02854117,-0.08303584,88.56398,1080.0
397,178.4618429861923,166.91781478920066,-0.03494116,-0.00998343,-0.03415595,-0.08279156,85.831406,1080.0
398,178.64830807640755,166.67820363942968,-0.035218075,-0.009791565,-0.0334337,-0.08166332,85.46562,1080.0
399,178.6570100489473,166.56940667655095,-0.03546278,-0.010640688,-0.03536535,-0.08093222,85.21455,1080.0
400,178.46438885409793,166.61927387178343,-0.035986442,-0.01068183,-0.032593224,-0.08291276,87.87999,1080.0
401,178.1344513070373,166.81945843103125,-0.035911843,-0.010685391,-0.030408844,-0.08701675,91.99628,1080.0
402,177.7790210112466,167.15196584551418,-0.037334528,-0.011922624,-0.029128803,-0.08678182,93.145706,1080.0
403,177.5234111412672,167.59380672578186,-0.037589516,-0.01225747,-0.025719762,-0.08862748,92.39553,1080.0
404,177.48215611774208,168.0999249961406,-0.03751311,-0.014392175,-0.023899106,-0.08858252,93.127304,1080.0
405,177.71502791103367,168.60644987271093,-0.03838953,-0.0151614435,-0.02574429,-0.08856939,94.42627,1080.0
406,178.18388068966405,169.0582878046508,-0.03767655,-0.01675367,-0.028938463,-0.094584,97.02163,1080.0
407,178.75821390296534,169.42092198201388,-0.034144875,-0.015114311,-0.01798333,-0.09459466,89.75884,1080.0
408,179.25849200353628,169.67910981843707,-0.033694685,-0.013135867,-0.016989814,-0.08876501,85.34925,1080.0
409,179.53544435494106,169.85676027056985,-0.033808053,-0.013134681,-0.015595387,-0.08973459,86.35721,1080.0
410,179.56000048675781,170.0389469076196,-0.030916907,-0.014276349,-0.0061882865,-0.09272339,90.64948,1080.0
411,179.38283218004426,170.3348946836146,-0.014905689,-0.011183591,0.025769155,-0.08048415,74.38718,1080.0
412,178.975237371531,170.7819487278427,-0.01858984,-0.015352235,0.010568576,-0.07869492,66.77916,1080.0
413,178.24440046262077,171.30158309639302,-0.018656978,-0.015215923,0.0054514566,-0.08054264,68.17333,1080.0
414,177.26921608347493,171.81523415631295,-0.0067191795,-0.015100465,0.03429249,-0.08284771,74.26244,1080.0
415,176.38863882011216,172.40533657216898,-0.0022275571,-0.012774574,0.048616763,-0.083987735,82.806076,1080.0
416,175.9684711379983,173.26047525964296,-0.0038915563,-0.0098292595,0.04043692,-0.08002644,82.5683,1080.0
417,176.11788508766392,174.45697993385863,-0.015426297,-0.01221353,0.024639666,-0.097293094,101.94778,1080.0
418,176.66611007399996,175.88158372732292,-0.015755547,-0.012564143,0.018624652,-0.09439158,95.22243,1080.0
419,177.31406472724436,177.31999748432327,-0.021748748,-0.012054641,0.008592846,-0.0972461,101.83175,1080.0
420,177.74232769404773,178.54472190486132,-0.016141426,-0.010276258,0.010418362,-0.087292284,83.40401,1080.0
421,177.7724234670256,179.3610248506392,-0.019082416,-0.010082217,0.006459328,-0.08702573,85.838974,1080.0
422,177.53719374470893,179.6605609768733,-0.024685895,-0.011354574,0.0048267506,-0.090062656,93.13711,1080.0
423,177.36524414550033,179.4956822974967,-0.022911241,-0.012046249,0.004852295,-0.08993906,90.04505,1080.0
424,177.48854550607004,179.0765580386714,-0.0180195,-0.00992183,0.012374426,-0.075592384,79.95138,1080.0
425,177.89924307569913,178.64107958170644,-0.006447912,-0.00665481,0.03653847,-0.04870001,63.706932,1080.0
426,178.39823691532737,178.3020413085125,-0.010194453,-0.008787198,0.028714102,-0.053654365,62.446846,1080.0
427,178.74193323986773,177.98347493837485,-0.0105248345,-0.008412255,0.025325973,-0.0576444,67.58185,1080.0
428,178.7959216271211,177.48699345758357,-0.014830751,-0.01299122,0.00538364,-0.052904822,56.531067,1080.0
429,178.55606505017863,176.65930900618702,-0.02056037,-0.01717128,0.010618082,-0.08746513,89.40507,1080.0
430,178.03290828122093,175.57799437131544,-0.025722248,-0.016567145,-0.0061756275,-0.086322986,85.03501,1080.0
431,177.2205483553472,174.6077063113512,-0.027243042,-0.015350539,-0.01009431,-0.08107616,79.716324,1080.0
432,176.21468707564742,174.2063410803875,-0.03343732,-0.01663855,-0.029851504,-0.06979003,64.71014,1080.0
433,175.25782506189984,174.61820943985356,-0.034067225,-0.015995929,-0.026738372,-0.08770642,74.66374,1080.0
434,174.6212633383698,175.72322411035046,-0.014713768,-0.0047786855,0.008545148,-0.034956247,40.926376,1080.0
435,174.4729869755355,177.1111932096821,-0.00928729,-0.0040964196,0.027399134,-0.03340587,55.340527,1080.0
436,174.81979122152885,178.29214350611545,-0.011622224,-0.005894527,0.023778958,-0.03495246,54.038807,1080.0
437,175.51024765661688,178.92579603100793,-0.01362689,-0.008667303,0.023725834,-0.0538041,63.299625,1080.0
438,176.30056524829254,178.94372104921828,-0.0099500865,-0.007096863,0.043345246,-0.056812286,84.39675,1080.0
439,176.9525433572413,178.52686653345654,-0.014926826,-0.006288175,0.01699524,-0.052821152,77.01973,1080.0
440,177.3034811143241,177.9837506455953,-0.014691049,-0.0079128975,0.022490438,-0.05460773,79.13229,1080.0
441,177.30171015684962,177.5928918052456,-0.022483656,-0.007868619,0.0053575304,-0.06399844,87.70912,1080.0
442,177.01628076445786,177.50420417504293,-0.027696058,-0.009892471,-0.009539456,-0.07516076,89.00726,1080.0
443,176.56584213354623,177.72813714428617,-0.02853111,-0.0134097915,-0.0094181765,-0.08276265,92.9442,1080.0
444,175.99527619498718,178.16165013679318,-0.02378619,-0.011192379,0.012838519,-0.089122064,109.907,1080.0
445,175.33159576014054,178.64987171598148,-0.018379156,-0.012490393,0.034250103,-0.09566274,121.284134,1080.0
446,174.788046130793,179.0595854914925,-0.02227659,-0.012059614,0.023034668,-0.096123025,121.05942,1080.0
447,174.67255742326876,179.2911287683537,-0.025738187,-0.013503209,0.010407511,-0.09796849,114.64997,1080.0
448,175.01695665312235,179.25519300354333,-0.022884114,-0.009509023,0.028711276,-0.10488951,129.69992,1080.0
449,175.41000675862085,178.90166173029985,-0.026276313,-0.014092481,0.03092561,-0.12357496,137.44719,1080.0
450,175.05792421762547,178.29505659594454,-0.027948111,-0.01867283,0.018852968,-0.11574537,121.17007,1080.0
451,173.17416725680002,177.58659867617925,-0.010866066,-0.006426437,0.06427951,-0.084828354,112.70843,1080.0
452,169.89647500977102,176.8476065563896,-0.01037202,-0.0061439513,0.05450609,-0.06681603,99.64856,1080.0
453,166.65396381330856,176.05653059412117,-0.019551143,-0.006940291,0.041377652,-0.10275489,123.17073,1080.0
454,165.09686938474852,175.31922476326002,-0.019003296,-0.004318322,0.03912772,-0.0766501,106.32375,1080.0
455,165.78114547867145,174.89577899438873,-0.015845744,0.0057994984,0.043630417,-0.040431723,88.96018,1080.0
456,167.97429187121503,174.8696446320854,-0.010478493,0.010298637,0.0562335,-0.03272394,100.824615,1080.0
457,170.40492657541046,174.9395365792005,-0.00804805,0.005319666,0.04476273,-0.03310123,86.654976,1080.0
458,172.11640849998932,174.66285264912614,-0.0018328631,0.021538714,0.0634587,-0.039890178,111.55051,1080.0
459,172.8506148064877,173.8482295908423,-0.008749276,0.012197282,0.035322968,-0.038401596,84.64276,1080.0
460,172.7868782725586,172.74816685473417,-0.008974428,0.003380274,0.035355292,-0.03962866,79.53735,1080.0
461,172.0186696980879,171.9237748613339,-0.005544818,0.008569025,0.05390331,-0.053334102,98.75323,1080.0
462,170.4862455793001,171.8486870137836,-0.0052101417,0.007744853,0.051026408,-0.054187946,90.76574,1080.0
463,168.35320387909118,172.63958975374123,-0.009625922,0.0042264303,0.051860668,-0.083229996,112.139694,1080.0
464,166.10340341472238,174.03254070509354,-0.0077778003,0.0056584957,0.048446316,-0.05720051,90.613106,1080.0
465,164.26215809074608,175.36024234943105,0.003689123,0.012813144,0.08755448,-0.054785494,118.499725,1080.0
466,163.1760073797597,175.7412862543136,0.00020582411,-0.004325923,0.08774493,-0.09549032,135.842,1080.0
467,162.95454420239486,174.72518723889274,0.0032162135,-0.0040532993,0.08080162,-0.05927856,94.86465,1080.0
468,163.47877729326893,172.8146626506175,-0.002219306,-0.008913478,0.056997117,-0.073657624,96.64837,1080.0
469,164.3966136645682,171.19003885356318,-0.0050429734,-0.009373446,0.041094404,-0.08435076,95.41299,1080.0
470,165.1868983172769,170.87311019071186,-0.00692636,-0.0076123555,0.037642416,-0.08592546,95.34824,1080.0
471,165.45507901518263,172.12803763809265,-0.010364448,-0.00911837,0.03477252,-0.08897773,97.86407,1080.0
472,165.2032716860046,174.47195288824776,-0.012046079,-0.00981468,0.035109907,-0.093425214,102.45922,1080.0
473,164.76072355294008,177.0634529349253,-0.013039256,-0.014374881,0.037116382,-0.113603264,114.91224,1080.0
474,164.57095896616806,179.09913579664118,-0.018695973,-0.015752835,0.035951063,-0.12579863,131.3364,1080.0
475,165.01712547839838,180.03045341457675,-0.027660795,-0.018672999,0.011814711,-0.13199924,132.9073,1080.0
476,166.24383246624285,179.67255444128472,-0.028358743,-0.016511083,0.015550288,-0.15782617,143.1445,1080.0
477,168.08274849428022,178.2530717407188,-0.024333587,-0.014043483,0.021553323,-0.14420599,129.20576,1080.0
478,170.1763182954092,176.28946040238733,-0.014918688,-0.013292383,0.038720027,-0.110976666,110.08878,1080.0
479,172.1960371431898,174.35251205726277,-0.006656675,-0.011830676,0.06315047,-0.10872108,109.639465,1080.0
480,173.95195465011628,172.90307519439764,-0.008490781,-0.012312797,0.058106598,-0.11803304,118.62583,1080.0
481,175.3172609246645,172.19119324544857,-0.009256885,-0.012189144,0.05786031,-0.12817281,127.38828,1080.0
482,176.1781745398534,172.1985863226285,-0.0036821153,-0.009101557,0.06803453,-0.14299446,142.85483,1080.0
483,176.51384776249614,172.73542563259676,-0.0010967114,-0.009865259,0.06946649,-0.1402849,138.9964,1080.0
484,176.44719843737315,173.5795687404669,-0.005831796,-0.009482207,0.05228961,-0.13738944,136.19675,1080.0
485,176.21694879966012,174.4808715178525,-0.0062717013,-0.015516154,0.051997885,-0.13363768,129.60742,1080.0
486,176.08195121915176,175.17093387893362,-0.0040693497,-0.0153750945,0.06506687,-0.13169388,129.79823,1080.0
487,176.17661815523445,175.5026900398295,-0.004667381,-0.015639072,0.061580855,-0.14157437,132.3049,1080.0
488,176.4659181187903,175.53960686641148,-0.0012539334,-0.015131237,0.068331,-0.13870728,131.69357,1080.0
489,176.8027463376787,175.46324187003867,-0.00026516384,-0.011598375,0.07384101,-0.14108016,139.22835,1080.0
490,177.00514087121175,175.45247964856918,-0.0056684706,-0.01499063,0.049161218,-0.14359346,130.45288,1080.0
491,176.95954441565615,175.60712888623826,-0.0062246816,-0.016319642,0.04535466,-0.14038754,126.81268,1080.0
492,176.64159751029223,175.8600610527713,-0.007067645,-0.019101404,0.04338017,-0.13881373,122.51364,1080.0
493,176.0492742916521,175.9912092468073,-0.007670989,-0.016143065,0.04470588,-0.13970944,126.20718,1080.0
494,175.21159291230404,175.78017778677813,-0.006109958,-0.0140162995,0.060153875,-0.14150378,145.42401,1080.0
495,174.23170890713865,175.17143410511088,-0.0060540093,-0.01433258,0.059849605,-0.13951717,135.81235,1080.0
496,173.25168299748947,174.37716043221607,-0.0044746683,-0.014681781,0.060524836,-0.12953499,125.72241,1080.0
497,172.38925326205347,173.77221487149885,-0.0053742584,-0.014971471,0.05407613,-0.14222568,131.03369,1080.0
498,171.7076662728538,173.55821484709216,-0.005862766,-0.013555456,0.05441058,-0.14400627,137.21747,1080.0
499,171.22863771583124,173.56283266347947,-0.01118311,-0.013382608,0.044787146,-0.14760022,141.49374,1080.0
500,170.96706470313555,173.42004393261055,-0.005384205,-0.011074377,0.062545665,-0.13906175,143.22314,1080.0
501,170.9119004271246,172.9176133199711,-0.0030701815,-0.010827269,0.085574456,-0.14628401,159.25957,1080.0
502,170.97756894554212,172.17652474886512,-0.0028894495,-0.00872766,0.0835196,-0.13721532,148.56438,1080.0
503,171.0368231521707,171.49158537371517,-0.0007606789,-0.0038576762,0.08560938,-0.14293025,162.12045,1080.0
504,171.01509902629041,171.06303703895745,-0.006366758,-0.0049694483,0.045389812,-0.12805162,129.8827,1080.0
505,170.96106699868344,171.02634682799015,-0.012227037,-0.0077492893,0.031374898,-0.12781194,123.886406,1080.0
506,171.0366490526797,171.59608068945832,-0.014172024,-0.012028702,0.031912006,-0.1341138,125.301735,1080.0
507,171.42810752501023,172.8987323338713,-0.020774672,-0.013269241,0.023360867,-0.14900358,141.58165,1080.0
508,172.2398296821105,174.73051440841846,-0.0075688115,-0.012961352,0.04607883,-0.1410452,130.15662,1080.0
509,173.33295132521314,176.58936919142204,-0.009916178,-0.017289875,0.046706364,-0.16271944,146.47734,1080.0
510,174.23706345746584,177.8743466698957,-0.013709965,-0.017088233,0.041375395,-0.16367637,149.18015,1080.0
511,174.4882772648586,178.21335270551563,-0.01573396,-0.01934026,0.02797795,-0.17101608,146.36917,1080.0
512,174.12856395213328,177.76404835682484,-0.01617149,-0.01909027,0.028277023,-0.171259,148.11566,1080.0
513,173.68604897818798,177.03722512492268,-0.015725596,-0.018719878,0.032076687,-0.17675136,157.98466,1080.0
514,173.7162054160735,176.41843862346497,-0.018151177,-0.017979685,0.024974342,-0.17066874,156.03082,1080.0
515,174.46051619738316,175.97622264992347,-0.018698232,-0.0144013865,0.026119882,-0.15740047,148.8474,1080.0
516,175.7821546582388,175.60271236876932,-0.025165472,-0.017875785,0.0014788592,-0.16303018,146.26375,1080.0
517,177.27364497661006,175.20760766622547,-0.028336588,-0.020116057,-0.00528101,-0.15828563,137.05695,1080.0
518,178.45386735883017,174.81342535479982,-0.027306903,-0.018611738,-0.0035916928,-0.16001633,146.77744,1080.0
519,178.96710275738192,174.54573571858646,-0.029810926,-0.019878699,-0.015701069,-0.14059587,124.08813,1080.0
520,178.71877264023115,174.5440723549053,-0.022511235,-0.015696604,0.0025577121,-0.12577537,106.001,1080.0
521,177.91485410658007,174.82110754294845,-0.02242669,-0.015828393,0.0055711535,-0.13453154,115.35389,1080.0
522,176.93995745381145,175.1798593814691,-0.021146873,-0.011480204,0.019691184,-0.14629485,138.09396,1080.0
523,176.11512830063893,175.2921347251301,-0.016792353,-0.006327763,0.03316549,-0.1565301,151.55527,1080.0
524,175.5873906193915,174.8914821739129,-0.018610975,-0.0071385982,0.025753332,-0.15898009,149.78365,1080.0
525,175.40811096083908,173.94756738435058,-0.02205155,-0.010617603,0.0114381015,-0.17082182,155.81612,1080.0
526,175.4776244620275,172.70136997948973,-0.016646096,-0.010023018,0.04452232,-0.1659929,164.33578,1080.0
527,175.32202680108574,171.51997061878023,-0.030806025,-0.013619119,-0.010007618,-0.17587796,158.46489,1080.0
528,174.25451310487537,170.73107984846226,-0.031153249,-0.015456391,-0.0056157997,-0.17716815,160.69217,1080.0
529,172.05704092888917,170.5527428511926,-0.035159018,-0.017227767,-0.015109931,-0.18265688,166.41435,1080.0
530,169.40225326962465,170.9965244986313,-0.037177306,-0.017013635,-0.011366555,-0.18751806,174.66019,1080.0
531,167.46301836071584,171.76474360542198,-0.028764343,-0.019367218,-0.005277563,-0.1778486,157.24783,1080.0
532,167.1153741129495,172.30222235479923,-0.02880266,-0.021599324,-0.0015432852,-0.18360607,162.17706,1080.0
533,168.47395207873808,172.04750340000243,-0.028263006,-0.022916554,-0.0020102041,-0.18384187,161.4731,1080.0
535,170.97947941763357,170.84332724485807,-0.030823996,0.00052866054,-0.031190943,-0.12595856,142.99521,1080.0
536,173.67975511379404,169.2355750609962,-0.031592306,-0.0025682803,-0.029433526,-0.14044356,154.87886,1080.0
537,175.53607387888596,168.250135301182,-0.031765692,-0.0036321569,-0.026930915,-0.14442973,155.63094,1080.0
538,175.8675176697906,168.71661047871265,-0.03340443,-0.004465089,-0.026727352,-0.15388331,158.60423,1080.0
539,174.7242303899191,170.73986202640785,-0.035376485,-0.005488982,-0.026705142,-0.15629101,159.10387,1080.0
540,172.8555392304777,173.68017450809495,-0.036207978,-0.0058943573,-0.027501594,-0.14928284,154.90956,1080.0
541,171.28089193469918,176.5059686657196,-0.03664839,-0.0056754784,-0.026170688,-0.14578106,151.94698,1080.0
542,170.76196126389425,178.28767419002406,-0.036883544,-0.009333518,-0.029569216,-0.13852301,146.16237,1080.0
543,171.49780073874447,178.5801143567869,-0.03787531,-0.010293353,-0.024277186,-0.14456686,150.19974,1080.0
544,173.13748908061493,177.46593815114122,-0.03743405,-0.009099268,-0.025177963,-0.13558906,142.92058,1080.0
545,175.01557538573437,175.35363117278482,-0.037915096,-0.009655507,-0.02615006,-0.13980055,145.50826,1080.0
546,176.4640054068781,172.77334977349696,-0.038186025,-0.008501774,-0.026293945,-0.14177386,145.89764,1080.0
547,177.04158258952762,170.22221831548575,-0.039139755,-0.012083351,-0.024388462,-0.14683172,147.11131,1080.0
548,176.62302552038588,168.06257585142384,-0.038953483,-0.012176598,-0.02486934,-0.14459366,144.7377,1080.0
549,175.38212399586544,166.52511768370573,-0.038662437,-0.0118773,-0.025932876,-0.15651499,150.15659,1080.0
550,173.6998066499984,165.75293100050942,-0.038481366,-0.013934892,-0.025856527,-0.1477503,144.22728,1080.0
551,172.01656998241043,165.76115439488782,-0.03890251,-0.012957086,-0.02506663,-0.14773625,143.2179,1080.0
552,170.65604975374154,166.34017390020946,-0.039109915,-0.014811537,-0.023255412,-0.15489945,146.90576,1080.0
553,169.72257422760484,167.08031842458576,-0.036911745,-0.013925765,-0.008057149,-0.15920281,156.72023,1080.0
554,169.16392342031142,167.59377633121298,-0.0366346,-0.015129287,-0.009078584,-0.16547325,159.46541,1080.0
555,168.89768920374604,167.74533269139872,-0.03649405,-0.014148543,-0.009812079,-0.16071658,154.90532,1080.0
556,168.8537920032416,167.66573413189272,-0.03663313,-0.018549178,-0.011143889,-0.155366,149.02562,1080.0
557,168.97111278979685,167.56780238842123,-0.038488034,-0.018223064,-0.015238557,-0.15913044,144.22495,1080.0
558,169.23713736639715,167.5634661727147,-0.038160365,-0.013575264,-0.020883687,-0.1524444,141.81589,1080.0
559,169.71940175440798,167.65060628371094,-0.012933237,-0.01259483,0.05189062,-0.13631357,144.03244,1080.0
560,170.53040218453486,167.84949859489683,-0.019685421,-0.014366376,0.019165717,-0.1522992,144.5042,1080.0
561,171.72102543987313,168.252867682635,-0.021233622,-0.011968005,0.016999874,-0.1497879,155.44232,1080.0
562,173.1361213282218,168.87649104107933,-0.024101088,-0.013676198,-0.0007835671,-0.14308496,144.79904,1080.0
563,174.3957796391873,169.54147420715736,-0.028253231,-0.014786529,-0.016060892,-0.14132024,135.64665,1080.0
564,175.0877523005947,169.9680086315156,-0.029462969,-0.01468585,-0.016507128,-0.14154528,135.608,1080.0
565,175.0084621001936,169.946302576044,-0.032330606,-0.014597631,-0.018867888,-0.14393431,133.07748,1080.0
566,174.23366171486006,169.38834282399534,-0.033772845,-0.014328596,-0.021969944,-0.13792102,132.20288,1080.0
567,172.9916661653728,168.26045665769823,-0.034908436,-0.013880525,-0.025350217,-0.13689303,131.53506,1080.0
568,171.54116770396237,166.57551361967143,-0.03499366,-0.012088719,-0.025626458,-0.13529776,136.51976,1080.0
569,170.15907440362315,164.47640149067286,-0.03356261,-0.011856361,-0.024863519,-0.12976545,132.26393,1080.0
570,169.11245446847133,162.2365044257919,-0.03477721,-0.010062013,-0.021075835,-0.12730531,133.15933,1080.0
571,168.55378213122336,160.19011754139035,-0.024526695,-0.006141239,0.013477184,-0.12660703,140.59819,1080.0
572,168.49060382747538,158.73802554154875,-0.012008441,-0.0039970116,0.04498065,-0.122373074,143.38737,1080.0
573,168.915883616877,158.28934421027202,-0.022885583,-0.006535198,-0.0075358637,-0.12413211,130.37364,1080.0
574,169.86098719017627,158.99092693249355,-0.027795862,-0.008344607,-0.026367582,-0.12400425,127.28108,1080.0
575,171.21836630075214,160.54240495304055,-0.03401704,-0.010153453,-0.027741382,-0.124938965,123.54012,1080.0
576,172.6087776051895,162.3532083095187,-0.03387276,-0.009617163,-0.027914938,-0.12604538,123.36155,1080.0
577,173.51580037928105,163.82416214241366,-0.033348083,-0.010289058,-0.021945925,-0.13257264,129.9384,1080.0
578,173.5582591956095,164.51080708493765,-0.02006576,-0.006931418,0.03006411,-0.12986083,145.0677,1080.0
579,172.67890472084324,164.18805953161407,-0.026732776,-0.009332728,0.0024449101,-0.13161325,139.93129,1080.0
580,171.14737223750797,162.89958582329714,-0.028691327,-0.0108390525,-0.0058816415,-0.14176989,137.15134,1080.0
581,169.42056199066036,160.93931408438795,-0.03069605,-0.010526021,-0.01791037,-0.1313516,130.54416,1080.0
582,167.9397717424966,158.7131326924639,-0.03192201,-0.0072131967,-0.020155504,-0.117482305,126.86037,1080.0
583,166.92573809696574,156.6075296528018,-0.032305174,-0.008107927,-0.013508832,-0.1457819,149.53906,1080.0
584,166.31462604345018,154.9344074990867,-0.03377516,-0.01117435,-0.02459519,-0.13987866,140.94177,1080.0
585,165.93915817747308,153.88665064524596,-0.03299103,-0.011339625,-0.029716153,-0.13880862,131.50937,1080.0
586,165.75606015153684,153.4926104502332,-0.032655675,-0.01046784,-0.027259432,-0.13516794,131.166,1080.0
587,165.8402824781021,153.61394715494936,-0.033438053,-0.009148153,-0.031232368,-0.12482858,125.71526,1080.0
588,166.19968371987784,154.01615517955895,-0.034346912,-0.009468191,-0.032252334,-0.12611185,124.453835,1080.0
589,166.68033724639875,154.4762935453593,-0.034264967,-0.0095224455,-0.033735715,-0.12631802,127.47464,1080.0
590,167.06686506100246,154.84031902058442,-0.034333687,-0.011293199,-0.03825853,-0.1290746,128.83794,1080.0
591,167.23559841335083,155.00104675687712,-0.03483395,-0.0105582345,-0.035832215,-0.121587545,125.37206,1080.0
592,167.19843672879733,154.89254372060415,-0.034923922,-0.007811031,-0.03405174,-0.12089165,126.49024,1080.0
593,167.04952220644643,154.5611743433592,-0.035287816,-0.008704207,-0.033747863,-0.12550616,129.02817,1080.0
594,166.93029181041732,154.1938818677652,-0.036274098,-0.008978215,-0.04066405,-0.12250875,126.60128,1080.0
595,167.01828555169575,154.01027843027651,-0.03728728,-0.00801855,-0.03861406,-0.12421203,129.04613,1080.0
596,167.44198478018333,154.10793398745156,-0.037516218,-0.008462129,-0.04304883,-0.124986716,128.71242,1080.0
597,168.16132544440032,154.39025654141602,-0.036795102,-0.010251674,-0.040784143,-0.12302774,127.18033,1080.0
598,168.96724057494893,154.66378414833576,-0.03622041,-0.009701142,-0.038998753,-0.121078126,125.826675,1080.0
599,169.6062577493653,154.85167713378743,-0.03594349,-0.009670088,-0.036750566,-0.12164245,125.28257,1080.0
600,169.90726619660728,155.06072079049764,-0.03357527,-0.009021787,-0.035306748,-0.11947917,126.04039,1080.0
601,169.84597125957072,155.4058635989062,-0.03343274,-0.009012886,-0.036672972,-0.119119234,126.744194,1080.0
602,169.53925115272213,155.84897918427052,-0.033540174,-0.009265984,-0.03716346,-0.123303875,130.61797,1080.0
603,169.16993386293828,156.23173722347843,-0.033656765,-0.00954426,-0.040654838,-0.11823979,124.98472,1080.0
604,168.8994941664358,156.40736810052988,-0.035312284,-0.009224531,-0.038994458,-0.11855675,124.23816,1080.0
605,168.8324272098055,156.32762633784674,-0.035597965,-0.010455209,-0.04163773,-0.12033592,124.42215,1080.0
606,168.9970946533441,156.05454186032895,-0.03647444,-0.010536872,-0.042509574,-0.11444677,115.153915,1080.0
607,169.3104879961286,155.74634265872066,-0.03643262,-0.01030491,-0.044847615,-0.11340699,111.05372,1080.0
608,169.59326074332702,155.60715107816108,-0.036366384,-0.009816403,-0.043415945,-0.11483473,111.49715,1080.0
609,169.6493420221384,155.7649572776772,-0.03584233,-0.009415069,-0.03684664,-0.118145555,113.43672,1080.0
610,169.33484341844482,156.15935166671753,-0.035232373,-0.011650283,-0.036108173,-0.11634117,111.46014,1080.0
611,168.6230207554221,156.55187236003474,-0.034092825,-0.010879319,-0.03472386,-0.114131704,108.513985,1080.0
612,167.66960905095473,156.67423157800405,-0.03448995,-0.0098477965,-0.035938065,-0.11242422,107.19755,1080.0
613,166.74914603644194,156.403961423713,-0.035363827,-0.009834092,-0.03496088,-0.11456946,108.712006,1080.0
614,166.04290223283942,155.81640657489513,-0.036339033,-0.009954325,-0.033453368,-0.114429615,109.01566,1080.0
615,165.49168254119525,155.13601476367066,-0.035451084,-0.010804862,-0.029877104,-0.13312215,122.874405,1080.0
616,164.90734783361407,154.6872110513509,-0.03540559,-0.013067175,-0.030113729,-0.12056608,120.20859,1080.0
617,164.30726947225907,154.8701706458442,-0.033873156,-0.011302128,-0.022606574,-0.13277933,140.68819,1080.0
618,164.15000166024822,156.17420249706709,-0.03354933,-0.012012736,-0.021146873,-0.13172404,142.9023,1080.0
619,165.07590941784892,159.0171500637706,-0.031329516,-0.011157481,-0.011559719,-0.15568347,163.53749,1080.0
620,167.31258921589438,163.32670927530103,-0.028883532,-0.012111522,-0.006340818,-0.14454046,156.19308,1080.0
621,170.43108721425125,168.32131259370448,-0.027354658,-0.010001345,-0.0022296482,-0.1433799,153.42401,1080.0
622,173.63360436800704,172.76345955160738,-0.028822439,-0.010560862,-0.003819275,-0.1441867,153.1327,1080.0
623,176.127652593067,175.49658425205226,-0.027437676,-0.010479962,-0.0050421255,-0.13822544,146.2227,1080.0
624,177.35426014544745,175.92932911977942,-0.027957322,-0.009948448,-0.006635539,-0.14061019,146.87228,1080.0
625,177.13985009826158,174.14846804663927,-0.028318448,-0.008244917,-0.015505868,-0.13291036,140.67163,1080.0
626,175.72811362441038,170.72042024973004,-0.029255677,-0.008349864,-0.016096836,-0.13483559,143.5153,1080.0
627,173.61164217911875,166.47832630984612,-0.030840386,-0.008917038,-0.019799635,-0.13030788,139.30223,1080.0
628,171.34628459579162,162.34186016025825,-0.031485662,-0.0077228686,-0.02172993,-0.12291265,131.53288,1080.0
629,169.48455999270627,159.10231763416857,-0.03125718,-0.0058143614,-0.023710294,-0.1133647,121.79273,1080.0
630,168.40982512505582,157.2511824297323,-0.027484244,-0.007188811,-0.018702472,-0.12557012,127.0258,1080.0
631,168.10905375444412,156.9137301632692,-0.026445573,-0.0071387677,-0.01570819,-0.13384657,131.28012,1080.0
632,168.29215226085535,157.8821400112022,-0.027519057,-0.008256587,-0.011382718,-0.15103625,149.9217,1080.0
633,168.7571034647295,159.7474793903258,-0.030779973,-0.008570636,-0.016516453,-0.13790014,141.72876,1080.0
634,169.4676503936197,162.0399919663196,-0.031134373,-0.007325914,-0.017292334,-0.13461089,139.0139,1080.0
635,170.31190063611191,164.3001453587686,-0.032056116,-0.007949293,-0.019000018,-0.13533913,135.90408,1080.0
636,171.0576953653332,166.14247354890352,-0.031277128,-0.007817755,-0.019936794,-0.13281776,131.65964,1080.0
637,171.63271555859487,167.3300886476392,-0.032513596,-0.008702455,-0.019056024,-0.13509677,134.05002,1080.0
638,172.2064176882406,167.77761444478767,-0.033384874,-0.008182356,-0.015602959,-0.14814812,157.08786,1080.0
639,172.9143538118888,167.487602290549,-0.033897795,-0.013896942,-0.025861274,-0.19628654,188.06876,1080.0
640,173.6749889448249,166.5255761265297,-0.03480236,-0.013142678,-0.02351323,-0.15906644,148.37889,1080.0
641,174.28944120016428,165.07844563381445,-0.035558403,-0.009084688,-0.023456376,-0.14736424,147.53072,1080.0
642,174.63608404779384,163.50930934564965,-0.03457749,-0.009182993,-0.021872627,-0.13129058,131.58275,1080.0
643,174.79864319145295,162.280314560449,-0.03502853,-0.008983782,-0.034933414,-0.101920575,105.18604,1080.0
644,174.99975677835,161.77925660199716,-0.03564651,-0.018948985,-0.029907566,-0.11358682,111.65167,1080.0
645,175.3710102666662,162.18599465616586,-0.03816127,-0.015761876,-0.033198323,-0.1611447,151.43294,1080.0
646,175.87530005340082,163.40371415687773,-0.040546726,-0.019512685,-0.01654601,-0.15228835,152.981,1080.0
647,176.4341134697005,165.13233708305648,-0.031316236,-0.014910521,-0.0034618801,-0.14929429,155.38646,1080.0
648,176.9756116806745,167.0525602593372,-0.035097927,-0.009565085,-0.016661864,-0.103400536,117.28106,1080.0
649,177.42214093221767,168.81032507094412,-0.035070237,-0.011810754,-0.030874351,-0.09616809,100.34629,1080.0
650,177.73043140371368,169.8611655048638,-0.039138682,-0.012964997,-0.03568539,-0.13135761,130.34113,1080.0
651,177.8722807681832,169.59541862272204,-0.038656108,-0.011441944,-0.034630217,-0.12722862,123.85681,1080.0
652,177.78303818617056,167.78687760334103,-0.03586488,-0.0106270965,-0.036622506,-0.09360281,85.04557,1080.0
653,177.42548345178588,164.84051441506514,-0.039605092,-0.010658914,-0.050402097,-0.11940392,113.89885,1080.0
654,176.89353216032018,161.43427544709928,-0.042416777,-0.011170084,-0.05464438,-0.10131508,102.9427,1080.0
655,176.36230484907136,158.14862761456956,-0.037547585,-0.010833344,-0.042069215,-0.06996152,68.96907,1080.0
656,175.95071586280073,155.58713761408916,-0.037713114,0.0005437498,-0.040080827,-0.076196626,88.599625,1080.0
657,175.69761735876338,154.32024245043445,-0.03949144,-0.00018578989,-0.04779827,-0.09141438,96.253265,1080.0
658,175.60147307362206,154.4481937210619,-0.039167106,-0.0034890068,-0.046960674,-0.088651076,94.06688,1080.0
659,175.63788938988742,155.54639001280566,-0.027036482,-0.0049022534,-0.03277667,-0.0800608,85.417015,1080.0
660,175.79117938802048,157.0836379622526,-0.030381832,-0.0063132956,-0.050586786,-0.06692889,64.78755,1080.0
661,176.0325278707772,158.51651974795863,-0.034741268,-0.008237316,-0.060889408,-0.078507856,73.10185,1080.0
662,176.26417463938606,158.87839870283247,-0.03773035,-0.00895236,-0.057764463,-0.08782261,81.50942,1080.0
663,176.38494207554308,156.96606604278426,-0.03532907,-0.012207794,-0.051772676,-0.086173505,72.094604,1080.0
664,176.41302751328422,152.5892136449535,-0.03719906,-0.010024148,-0.043239508,-0.09600053,87.76754,1080.0
665,176.46061069031484,147.37235545820388,-0.04129695,-0.011876537,-0.057477713,-0.08428667,74.37188,1080.0
666,176.5539708850382,143.884378437964,-0.04196178,-0.011150642,-0.053177502,-0.07041816,68.47681,1080.0
667,176.55623530745711,143.9586126259369,-0.041802242,-0.009983798,-0.05072999,-0.084688395,86.89342,1080.0
668,176.32634463235973,147.67934405924524,-0.04130916,-0.008007332,-0.053009544,-0.045844495,45.292152,1080.0
669,175.85421742088926,153.57337147230487,-0.03898016,-0.008449103,-0.034431174,-0.078942165,84.46371,1080.0
670,175.16930307558482,159.60493024301985,-0.038560994,-0.009897585,-0.034373473,-0.081665546,86.62546,1080.0
671,174.23407333443814,164.1442558824736,-0.039472904,-0.00996868,-0.04972133,-0.06454643,66.8531,1080.0
672,173.06598777085358,166.39977013129777,-0.041825358,-0.0092301825,-0.06439599,-0.054281164,53.993977,1080.0
673,171.91149162616904,166.4022649863791,-0.040087495,-0.008975191,-0.061423067,-0.06714562,72.15254,1080.0
674,171.16387186297703,164.76352387336343,-0.044208612,-0.008504345,-0.0752889,-0.04237137,40.19118,1080.0
675,171.11802590900274,162.34219585806758,-0.048853498,-0.011935114,-0.08990518,-0.026490247,15.717997,1080.0
676,171.84545697679405,159.96463047591973,-0.047856085,-0.011102436,-0.08272581,-0.019993704,13.587575,1080.0
677,173.19223966426816,158.26557959669825,-0.04481026,-0.011225383,-0.077622026,-0.02769702,21.259642,1080.0
678,174.77633692035494,157.5878781468146,-0.045199018,-0.01156393,-0.058620933,-0.043859016,41.350418,1080.0
679,176.08759165267776,157.933894585529,-0.045382407,-0.011173361,-0.061377574,-0.048884414,45.802765,1080.0
680,176.74853494021076,159.0258912397087,-0.04660537,-0.009283306,-0.062967256,-0.05910068,55.55681,1080.0
681,176.6886588355854,160.45340722984795,-0.04465417,-0.009311422,-0.06918488,-0.059731293,55.211838,1080.0
682,176.09666510445027,161.80952032101985,-0.046330262,-0.008082411,-0.060972143,-0.0544912,59.451336,1080.0
683,175.27120089188614,162.7874217183348,-0.04465722,-0.008749051,-0.06123629,-0.08738909,77.294655,1080.0
684,174.46586990648012,163.26032061530654,-0.041157983,-0.010489626,-0.044636253,-0.100060076,100.51744,1080.0
685,173.80989257815176,163.29236511556144,-0.04022652,-0.008031888,-0.049197163,-0.087124184,93.77432,1080.0
686,173.3474071511276,163.04803919877807,-0.037730973,-0.008248676,-0.047821384,-0.07722818,81.75758,1080.0
687,173.09057007501093,162.6807239205449,-0.038072318,-0.006901946,-0.041401446,-0.08287017,90.76332,1080.0
688,173.02316624435662,162.28760050169547,-0.038162798,-0.010168655,-0.044097506,-0.08702986,93.01037,1080.0
689,173.10680298449208,161.9262755086507,-0.037444618,-0.011153582,-0.040972676,-0.102308966,110.23883,1080.0
690,173.30764928129045,161.6393646566457,-0.0376605,-0.008762472,-0.0388443,-0.101058,110.15832,1080.0
691,173.61003835647014,161.46614249524254,-0.036813863,-0.009587465,-0.041134868,-0.095103085,106.17123,1080.0
692,173.98753681456557,161.43214491981135,-0.03640866,-0.00695295,-0.042701665,-0.09888537,112.69626,1080.0
693,174.36198895990896,161.51212380706468,-0.037181996,-0.005866835,-0.042606663,-0.08844333,107.60841,1080.0
694,174.62918720914757,161.61950992066915,-0.037395447,-0.00719305,-0.046748523,-0.08446158,102.41281,1080.0
695,174.73695150965887,161.66131497938528,-0.035872903,-0.00821488,-0.046272505,-0.08075005,98.24042,1080.0
696,174.70705646314727,161.60588001756028,-0.036060475,-0.0066390145,-0.04342872,-0.09152097,108.98588,1080.0
697,174.5929235001904,161.50780250325545,-0.03588596,-0.0058498806,-0.042283293,-0.092437066,106.96686,1080.0
698,174.45900760865558,161.48121193677216,-0.035777904,-0.0075998376,-0.04148763,-0.09274744,107.37531,1080.0
699,174.3904532164788,161.62938858543595,-0.03565674,-0.006330222,-0.039304834,-0.09702326,111.58135,1080.0
700,174.48519472248927,161.97643502971417,-0.035610907,-0.0062083774,-0.038986657,-0.09803778,112.25599,1080.0
701,174.8274395515143,162.45920522815112,-0.03607839,-0.0067206207,-0.037878927,-0.10197485,115.78869,1080.0
702,175.46181416490657,162.97937465457156,-0.03611936,-0.009021674,-0.036217075,-0.1076032,119.70357,1080.0
703,176.35173654774962,163.46687223763087,-0.03629913,-0.008649925,-0.036276698,-0.10361684,114.46104,1080.0
704,177.3448376542743,163.9083728916416,-0.036426403,-0.007871021,-0.03577813,-0.107887775,119.71731,1080.0
705,178.2249237663021,164.33537615055752,-0.036447257,-0.0074178907,-0.035375018,-0.10476201,111.4769,1080.0
706,178.82189809621468,164.79739903617678,-0.036444657,-0.008381172,-0.035431758,-0.10489643,112.2977,1080.0
707,179.07269115756776,165.32797859470622,-0.038682897,-0.008407819,-0.036498573,-0.09766795,108.23173,1080.0
708,179.02495315268678,165.9112483095242,-0.038914263,-0.0074839555,-0.0380188,-0.093089916,105.607376,1080.0
709,178.81799789461343,166.47590309955717,-0.03889686,-0.0073113055,-0.03928381,-0.08983686,104.4462,1080.0
710,178.62750949358949,166.91915346022205,-0.039158292,-0.006860408,-0.039924283,-0.09191109,106.40909,1080.0
711,178.57794588164703,167.1439915939644,-0.038917203,-0.0071372422,-0.04026546,-0.09234156,106.56667,1080.0
712,178.67904098248266,167.0939270412712,-0.038757097,-0.0076122424,-0.04120517,-0.092474364,105.05876,1080.0
713,178.80640975852327,166.7701501027097,-0.039863303,-0.007114439,-0.038778685,-0.09016006,103.198944,1080.0
714,178.724667405138,166.2346948965834,-0.03994107,-0.0065856366,-0.03955451,-0.085574456,100.03355,1080.0
715,178.2360400348238,165.6048679093023,-0.040020753,-0.0063878377,-0.040420193,-0.08413999,97.80822,1080.0
716,177.39449138666228,165.0255162432687,-0.04001962,-0.00578828,-0.038891826,-0.08778113,101.4138,1080.0
717,176.52071979285876,164.61447072190404,-0.039877318,-0.005748071,-0.03918683,-0.08575225,100.041504,1080.0
718,175.9816375788867,164.41319593683818,-0.039861552,-0.0057894387,-0.039921965,-0.086073756,100.38491,1080.0
719,175.9484548900208,164.38372436295344,-0.040721584,-0.006099164,-0.042305954,-0.0806878,95.37546,1080.0
720,176.3005403550434,164.441775786939,-0.041381102,-0.0060416046,-0.0428603,-0.077326685,93.4526,1080.0
721,176.73681946966582,164.4888453294916,-0.04108254,-0.0058324463,-0.04437962,-0.07730563,93.38716,1080.0
722,177.01743289961854,164.44326671399193,-0.041425522,-0.006855463,-0.043569833,-0.07737885,93.69085,1080.0
723,177.12992689266,164.27314654452493,-0.041920923,-0.006629859,-0.042968806,-0.07667589,94.06993,1080.0
724,177.22685186900998,164.00344590091382,-0.04177444,-0.007125544,-0.042107534,-0.082317464,96.33389,1080.0
725,177.4094078742294,163.6920565025497,-0.041765,-0.0072115865,-0.042365972,-0.082188785,98.121796,1080.0
726,177.5802033647339,163.39844418298046,-0.041513965,-0.0090253195,-0.04317644,-0.084874585,100.41798,1080.0
727,177.5036476150418,163.1527263362035,-0.040994998,-0.0072552436,-0.042564165,-0.09181275,105.30358,1080.0
728,177.02811068418026,162.93646623654286,-0.040859137,-0.008460151,-0.04359425,-0.089466944,102.894646,1080.0
729,176.26750371059975,162.6970675373085,-0.040588718,-0.008645997,-0.043733835,-0.08765733,102.73936,1080.0
730,175.55418690137935,162.38577700465666,-0.0405777,-0.0083435625,-0.044025507,-0.08578822,101.64302,1080.0
731,175.20017283104718,161.9918823828654,-0.040764928,-0.0070666843,-0.0452843,-0.08347338,101.92607,1080.0
732,175.284564171492,161.55682284645147,-0.041728154,-0.007386893,-0.04411915,-0.08422111,101.85401,1080.0
733,175.633001224047,161.14921594220078,-0.04165819,-0.007339845,-0.044005387,-0.08226866,100.640945,1080.0
734,175.95959383225662,160.8093782842613,-0.04164231,-0.007056964,-0.043943845,-0.085852645,104.09629,1080.0
735,176.02965171372136,160.51972419637764,-0.04167068,-0.006750827,-0.043549772,-0.08771922,105.4705,1080.0
736,175.75310086140183,160.22865864942665,-0.04161863,-0.007074907,-0.043285567,-0.08953538,106.04466,1080.0
737,175.19091285300772,159.8999557180984,-0.04158218,-0.0066013196,-0.043350447,-0.09113535,107.171326,1080.0
738,174.49153813275612,159.55456476628447,-0.041742846,-0.0057445103,-0.04303323,-0.09469393,113.39281,1080.0
739,173.81203953557488,159.2774186902831,-0.041341316,-0.0061509027,-0.044555098,-0.095306315,112.737885,1080.0
740,173.2718296672462,159.17546974245317,-0.041218735,-0.007415461,-0.044451,-0.0972509,114.26011,1080.0
741,172.93423612899437,159.31599718620157,-0.041293673,-0.0069102533,-0.044647727,-0.09980367,117.156975,1080.0
742,172.8001785024066,159.69616848827505,-0.041168157,-0.0066264397,-0.04357831,-0.10034539,117.15853,1080.0
743,172.80724769647858,160.2545301241338,-0.04147785,-0.0061054653,-0.04339419,-0.09913655,116.61002,1080.0
744,172.83238298402958,160.8917058886137,-0.0417047,-0.005809671,-0.04276496,-0.09969497,119.339905,1080.0
745,172.73460386765802,161.47789026080966,-0.041731827,-0.0049225134,-0.042754617,-0.097539745,117.4027,1080.0
746,172.43964996344394,161.87033010802912,-0.041658755,-0.0049393266,-0.04258954,-0.0973038,117.49957,1080.0
747,171.98022344841735,161.97080192737087,-0.0416535,-0.0050703543,-0.04258728,-0.09887215,118.654816,1080.0
748,171.45981973321472,161.7749759905363,-0.04134476,-0.0044822693,-0.041644342,-0.099460885,120.07074,1080.0
749,170.99331690447247,161.34445297717247,-0.041355047,-0.004399872,-0.03954807,-0.10187073,122.053406,1080.0
750,170.64557409760536,160.73891321945106,-0.04224441,-0.0015458566,-0.037272587,-0.09880326,121.17782,1080.0
751,170.39089209599177,159.98888677699878,-0.041784327,-0.0035324378,-0.036408488,-0.10258476,122.44924,1080.0
752,170.1435753275786,159.10514401927898,-0.04117019,-0.0034768563,-0.03409034,-0.106793016,125.2673,1080.0
753,169.8325094965281,158.07428069846682,-0.041183133,-0.003790142,-0.033907007,-0.10595927,126.55614,1080.0
754,169.4464089072332,156.86301865914638,-0.040472187,-0.0038747152,-0.033415787,-0.1074349,126.13971,1080.0
755,169.0295192574037,155.47242329702385,-0.039899588,-0.0053538005,-0.030568667,-0.11018462,126.08024,1080.0
756,168.63212410422588,153.9764358626498,-0.040922433,-0.0048301695,-0.029774193,-0.1100157,126.841705,1080.0
757,168.25207842720704,152.50312606022854,-0.041036762,-0.004754893,-0.03002274,-0.109202094,125.621254,1080.0
758,167.84660628401417,151.20208429733665,-0.041159116,-0.0044463263,-0.029020747,-0.1125549,128.35092,1080.0
759,167.4070124435827,150.19128760793666,-0.041284915,-0.004375373,-0.02939781,-0.11240514,130.03326,1080.0
760,166.98809149014,149.5032114753364,-0.04176161,-0.0039544,-0.030034835,-0.11119521,128.9109,1080.0
761,166.65396093787055,149.08722746441327,-0.040946282,-0.0065998784,-0.024107303,-0.11716515,136.30832,1080.0
762,166.41826480654467,148.8425382425518,-0.04068417,-0.0067701833,-0.023013927,-0.118709534,138.67719,1080.0
763,166.24658172197698,148.67169127975265,-0.04111803,-0.0062608505,-0.02264393,-0.11861533,140.25197,1080.0
764,166.09611859169988,148.54757006305906,-0.040432118,-0.00783714,-0.017877594,-0.12072437,143.55847,1080.0
765,165.93751349495997,148.508737428163,-0.040168084,-0.00945655,-0.01807121,-0.12029549,137.43103,1080.0
766,165.75621512117706,148.59224745067175,-0.04022409,-0.011305632,-0.016578335,-0.12484312,138.71353,1080.0
767,165.56033501604404,148.78921135404173,-0.03868572,-0.010461764,-0.013923758,-0.12366025,144.33444,1080.0
768,165.39255099399813,149.02978927274705,-0.03896066,-0.008280069,-0.013662437,-0.12689814,148.60725,1080.0
769,165.3175105082048,149.22296322272325,-0.038629714,-0.008355826,-0.009956303,-0.12131729,143.74591,1080.0
770,165.38816391171483,149.36313251132984,-0.038627796,-0.009528068,-0.015673038,-0.11915407,136.77792,1080.0
771,165.6282010528923,149.56757628456134,-0.038980722,-0.009334056,-0.016778452,-0.11873525,134.19939,1080.0
772,166.0345390818668,149.95731705234894,-0.0391371,-0.0107658105,-0.016317522,-0.120573,135.53671,1080.0
773,166.58785660932972,150.5089804730402,-0.03819111,-0.0072661224,-0.012650667,-0.13073878,143.10805,1080.0
774,167.2759714825799,151.0417380630633,-0.03884198,-0.007788312,-0.0139072,-0.1337215,144.507,1080.0
775,168.10442379915213,151.36853983670798,-0.040630538,-0.00699234,-0.016485766,-0.13218237,144.62051,1080.0
776,169.06784682947475,151.47857732474802,-0.040745657,-0.006882816,-0.017901102,-0.13346185,144.40366,1080.0
777,170.11682660696925,151.55223535944896,-0.04183423,-0.006673827,-0.016975572,-0.12872913,142.61604,1080.0
778,171.15891249478992,151.78577915240285,-0.041539397,-0.0064342357,-0.016842764,-0.12610963,138.06609,1080.0
779,172.08965017374794,152.23774574140003,-0.043465395,-0.0062996475,-0.021486184,-0.12618214,140.56656,1080.0
780,172.8357474006108,152.86171950044294,-0.044284735,-0.0060430174,-0.02265885,-0.12615944,142.01854,1080.0
781,173.3815450562275,153.62018368041666,-0.044658236,-0.006955917,-0.021122007,-0.12970991,146.05553,1080.0
782,173.75622525355058,154.49357581624452,-0.044512317,-0.00757192,-0.020743815,-0.13242346,148.37897,1080.0
783,174.0058903267652,155.41739756746568,-0.04530877,-0.00781835,-0.023201667,-0.13215813,150.86322,1080.0
784,174.18791933984372,156.28316036437752,-0.044907633,-0.0072170966,-0.022696715,-0.12998587,151.45586,1080.0
785,174.38359466831002,157.00000003868368,-0.043388195,-0.006273058,-0.022421774,-0.13065127,150.0648,1080.0
786,174.69043781217425,157.55815482971215,-0.043197405,-0.0049782647,-0.022578148,-0.12623082,145.76794,1080.0
787,175.17439302443915,158.04972638479074,-0.04330953,-0.0044664736,-0.023781106,-0.12347121,143.6894,1080.0
788,175.81740329576644,158.61390647532485,-0.04372864,-0.0062099034,-0.024353027,-0.116087765,136.8008,1080.0
789,176.51285628841703,159.3668345806864,-0.04371739,-0.007260499,-0.025720384,-0.118602075,137.5053,1080.0
790,177.12687983637116,160.3632119847251,-0.043533098,-0.0071048313,-0.020021735,-0.122688636,141.17921,1080.0
791,177.58233907267345,161.5612178011584,-0.045136347,-0.007470392,-0.023097511,-0.12181233,143.97408,1080.0
792,177.88391453059683,162.83222840024882,-0.044362668,-0.007492376,-0.012283834,-0.12595819,146.61803,1080.0
793,178.06459365579417,164.0780031692329,-0.05036621,-0.010894041,-0.021829337,-0.14591892,150.03717,1080.0
794,178.1218406919145,165.3527400314073,-0.050136257,-0.007989502,-0.022135021,-0.13449106,144.88423,1080.0
795,178.02519476414298,166.79572604489346,-0.047001027,-0.008704546,-0.005424669,-0.14539069,162.48473,1080.0
796,177.79320883252728,168.41179901424658,-0.046645608,-0.00823514,0.0020764386,-0.147839,173.44363,1080.0
797,177.53402195493462,169.97032871844797,-0.047242172,-0.0081653455,-0.005326052,-0.14644383,168.90091,1080.0
798,177.39468054038562,171.12603997990664,-0.045994513,-0.008167606,0.021256566,-0.18578453,208.81732,1080.0
799,177.47746772682925,171.6174755350252,-0.044115815,-0.012241533,0.0062264903,-0.16954154,188.48817,1080.0
800,177.78577465763183,171.3955239730828,-0.044312313,-0.013114251,0.001933119,-0.20714481,211.80055,1080.0
801,178.22808336748918,170.64415534367126,-0.046046842,-0.011261806,-0.004210239,-0.16977873,179.61957,1080.0
802,178.67905710061518,169.72434258994915,-0.04381019,-0.01164271,0.02858429,-0.18022178,201.61293,1080.0
803,179.04953347403261,169.0449706197335,-0.047137734,-0.012098468,0.030603932,-0.19190788,209.54117,1080.0
804,179.3083223067186,168.88436790301265,-0.045685098,-0.011176978,0.04208911,-0.19031484,210.29161,1080.0
805,179.46092009682278,169.25339911631062,-0.042635713,-0.011134423,0.03733481,-0.17531186,195.77838,1080.0
806,179.52442251777984,169.8845951485305,-0.04292546,-0.0114944745,0.029281108,-0.17063457,192.76138,1080.0
807,179.51556276163015,170.39829258078223,-0.037690226,-0.011044142,0.043002773,-0.17602706,194.02013,1080.0
808,179.45997735115384,170.55811011762492,-0.03929087,-0.010859878,0.037819248,-0.17356041,192.69368,1080.0
809,179.3977321285039,170.38035378587796,-0.040513385,-0.011296336,0.034671754,-0.1851032,197.95908,1080.0
810,179.35281297014282,170.00849517027726,-0.041282088,-0.011078277,0.03149612,-0.18589978,197.69612,1080.0
811,179.31126722703058,169.54329113269716,-0.04375017,-0.011177487,0.021392483,-0.18041481,191.23253,1080.0
812,179.25497828201463,168.9998815156175,-0.04340402,-0.011160533,0.023637842,-0.17699318,195.76106,1080.0
813,179.19837872620064,168.3524813590797,-0.04317141,-0.011570655,0.024367722,-0.1787649,195.99046,1080.0
814,179.16535887701397,167.5935744197208,-0.044242293,-0.011952209,0.030392965,-0.1811085,202.92947,1080.0
815,179.14664180302765,166.7570461097932,-0.042440515,-0.008988048,0.026185777,-0.14933045,183.05858,1080.0
816,179.1016325121559,165.85652908365574,-0.040390298,-0.013217276,0.02062604,-0.15467946,180.00957,1080.0
817,178.99189256009316,164.85576951758614,-0.04299181,-0.009953422,0.023322495,-0.16462393,183.53362,1080.0
818,178.8074774522601,163.8055178299849,-0.044160124,-0.009039532,0.01920816,-0.15956049,174.94014,1080.0
819,178.5639455841044,162.95631445820268,-0.044739336,-0.00673133,0.010824755,-0.15208149,166.73271,1080.0
820,178.27572084320153,162.61013107373267,-0.043914966,-0.00905937,0.01236787,-0.16247818,170.30695,1080.0
821,177.9464593815349,162.8168527698677,-0.039537895,-0.010411044,-0.0015592222,-0.14013171,147.1113,1080.0
822,177.58989410715026,163.20919452583672,-0.046274878,-0.016384238,-0.016375054,-0.13063821,129.86865,1080.0
823,177.26330770338484,163.2106992586563,-0.052970886,-0.0154888015,-0.028683415,-0.140764,133.06839,1080.0
824,177.0796038443499,162.48741459156403,-0.051675417,-0.019974122,-0.05991194,-0.14724942,124.519455,1080.0
825,177.15730433286333,161.1866595175327,-0.05331517,-0.019901248,-0.06421091,-0.1487071,125.23337,1080.0
826,177.53796087895083,159.7774882619749,-0.057293925,-0.018469747,-0.060855612,-0.14988615,129.72595,1080.0
827,178.1302386563402,158.71036464167938,-0.05995003,-0.022037534,-0.0652103,-0.12662493,102.28781,1080.0
828,178.70576490583457,158.2200686247622,-0.048303165,-0.014510204,-0.03472499,-0.10396213,90.52722,1080.0
829,178.98167458012864,158.38879733318925,-0.040074043,-0.014993315,-0.015656535,-0.102448925,90.140015,1080.0
830,178.7937341429729,159.2291996742075,-0.043997362,-0.004015294,-0.022472579,-0.11343522,115.526695,1080.0
831,178.2475645685316,160.61207747762748,-0.047272462,-0.0031022248,-0.013190262,-0.1341248,134.88663,1080.0
832,177.68145688051519,162.19671223866715,-0.047174014,-0.006642857,-0.011796908,-0.13676678,139.87048,1080.0
833,177.43133302244627,163.53913412758004,-0.047622114,-0.0072194417,-0.012570812,-0.13604149,144.06433,1080.0
834,177.61423237537176,164.31963937241412,-0.046735242,-0.0072350963,-0.009106898,-0.13068299,144.44029,1080.0
835,178.11474422270032,164.49153680788217,-0.04362629,-0.007008503,-0.005889723,-0.12021788,138.87639,1080.0
836,178.7187550373027,164.24010850303597,-0.03792052,-0.0035172075,0.018974926,-0.12921116,157.43718,1080.0
837,179.228982806375,163.83013245821815,-0.04295428,-0.011411144,-0.005182563,-0.12148224,134.22461,1080.0
838,179.50570303529787,163.5153559261108,-0.043674216,-0.013238073,-0.024803726,-0.118995175,121.69607,1080.0
839,179.47097468122215,163.53267199333757,-0.047303997,-0.013452318,-0.036943845,-0.12174154,118.01067,1080.0
840,179.09948303448004,164.05324811248622,-0.051011093,-0.012916169,-0.039282847,-0.12339964,117.504524,1080.0
841,178.42197505151933,165.0895301512087,-0.051115304,-0.012565443,-0.037520457,-0.12444561,121.448326,1080.0
842,177.53945471128944,166.47462133025084,-0.05096882,-0.014382906,-0.051503897,-0.097532794,93.40637,1080.0
843,176.58976634489895,167.96217736008225,-0.053390786,-0.012258346,-0.05877352,-0.11958622,103.066284,1080.0
844,175.67761434288113,169.35820270859188,-0.058162887,-0.009718605,-0.063318044,-0.116547465,105.07917,1080.0
845,174.84065316459967,170.55642728683264,-0.059760258,-0.016989447,-0.06931582,-0.12163555,101.08089,1080.0
846,174.06473942501293,171.46899545827233,-0.062091403,-0.014786728,-0.07482831,-0.07401583,74.75449,1080.0
847,173.34615680538698,171.95137478723154,-0.05855334,-0.01746993,-0.067892686,-0.08739295,88.9172,1080.0
848,172.7536338593425,171.84804849603688,-0.055762116,-0.016281411,-0.064621426,-0.087559484,88.892624,1080.0
849,172.38530523163473,171.14559882121668,-0.05543682,-0.016051907,-0.061674498,-0.084068865,86.544525,1080.0
850,172.26400045985355,170.03946829882716,-0.053253002,-0.01702522,-0.053535745,-0.08901613,92.49012,1080.0
851,172.30930661953056,168.8322145110427,-0.049686912,-0.01748773,-0.038671706,-0.09634524,103.119835,1080.0
852,172.3978144659555,167.78257110472157,-0.049627066,-0.01708569,-0.040439297,-0.095392294,100.81241,1080.0
853,172.43206116412767,167.0424940134339,-0.050128005,-0.016091015,-0.043095566,-0.09609205,101.471054,1080.0
854,172.36871439864092,166.6949873142222,-0.048800375,-0.016697863,-0.033958152,-0.12771833,125.80897,1080.0
855,172.2122807425184,166.79858571295892,-0.052001443,-0.015310697,-0.039103474,-0.1237649,123.21064,1080.0
856,172.00710387326876,167.38550420718838,-0.050852627,-0.014686076,-0.038908612,-0.12154923,121.12361,1080.0
857,171.83507303997746,168.42857942203122,-0.047801096,-0.014064082,-0.037001036,-0.11085362,113.5585,1080.0
858,171.7790347773319,169.81671801219403,-0.048378102,-0.0118434485,-0.04329467,-0.10417413,107.14485,1080.0
859,171.85248892125333,171.37992730608394,-0.047324963,-0.011614001,-0.040236298,-0.116094775,116.14691,1080.0
860,171.9851893417327,172.9351036912255,-0.043638725,-0.013829069,-0.0273572,-0.12719151,131.68535,1080.0
861,172.08940081455987,174.29819752222232,-0.043789502,-0.015530226,-0.031269044,-0.12098442,121.683655,1080.0
862,172.1148515419083,175.29769161886898,-0.043339312,-0.012085074,-0.02256368,-0.116126165,122.401924,1080.0
863,172.0621605821639,175.8213956351179,-0.042470295,-0.013048723,-0.022141464,-0.12697764,137.5635,1080.0
864,171.99148737121126,175.84461446380533,-0.04148294,-0.014093724,-0.01679631,-0.15210542,151.57243,1080.0
865,172.0082806494636,175.43906098173954,-0.04063794,-0.013224594,-0.01907716,-0.13159835,138.49722,1080.0
866,172.21039198388047,174.78617974507665,-0.041647226,-0.012790398,-0.019166509,-0.13628744,140.24045,1080.0
867,172.63074640720964,174.1327281522475,-0.040315133,-0.013806491,-0.012132942,-0.13915986,139.23041,1080.0
868,173.21239505751518,173.6690533338894,-0.03827786,-0.011141854,-0.002643331,-0.15224457,153.14877,1080.0
869,173.85677369251297,173.43916744811165,-0.0394065,-0.01507995,-0.0078062834,-0.16120131,154.54735,1080.0
870,174.52744027256747,173.39590450347018,-0.039979216,-0.016202291,-0.016648356,-0.1440113,133.71983,1080.0
871,175.2571752636163,173.54028170661635,-0.038517084,-0.017749617,-0.020076724,-0.14111087,130.73738,1080.0
872,176.02400207060205,173.94796634671516,-0.038591567,-0.019565385,-0.019178998,-0.14503683,132.73196,1080.0
873,176.71192456547047,174.64873265880829,-0.039188527,-0.016089348,-0.012023587,-0.1670712,154.97897,1080.0
874,177.22392138059973,175.54399288574066,-0.04562299,-0.018832935,-0.026926903,-0.13611017,120.49332,1080.0
875,177.55794528819632,176.44036929659666,-0.050180845,-0.020868625,-0.04142688,-0.110503376,89.38142,1080.0
876,177.75401763661867,177.07806140272015,-0.05059351,-0.023715323,-0.048801452,-0.09264629,67.07419,1080.0
877,177.82289302253668,177.16926468292743,-0.04767778,-0.022403236,-0.048451457,-0.08308049,68.18402,1080.0
878,177.73214961854936,176.57959940263902,-0.046034466,-0.020805134,-0.045016706,-0.07950445,72.01604,1080.0
879,177.41394986852336,175.4919885117405,-0.045964275,-0.017508077,-0.05319067,-0.058209725,61.28816,1080.0
880,176.8223190887355,174.30864355875582,-0.04639497,-0.018323233,-0.053179197,-0.0626978,58.357044,1080.0
881,176.02929870812025,173.39940462508218,-0.048301697,-0.018223204,-0.05291313,-0.09488725,79.56629,1080.0
882,175.20997151889947,172.9382188525144,-0.048525322,-0.017708022,-0.052651074,-0.104281105,86.87676,1080.0
883,174.51623865292387,172.90277820368792,-0.047752153,-0.016258918,-0.046669062,-0.0964914,98.72157,1080.0
884,174.02638454013967,173.17641300917546,-0.048135996,-0.016280564,-0.047836132,-0.09866202,101.5214,1080.0
885,173.79249913687931,173.64267678680068,-0.048997045,-0.016052699,-0.046640635,-0.09999138,94.09956,1080.0
886,173.85368704607131,174.19999045031184,-0.047145702,-0.017075827,-0.02862967,-0.1157138,109.32506,1080.0
887,174.19851682967447,174.75541326122953,-0.04219756,-0.014046026,-0.020617394,-0.14239812,137.25365,1080.0
888,174.70817082960457,175.280637967182,-0.04463111,-0.0146505,-0.022895757,-0.14116116,133.39987,1080.0
889,175.15402093091535,175.83851399618365,-0.043515522,-0.013786542,-0.020768343,-0.12951918,126.68945,1080.0
890,175.31744007112255,176.49925309325423,-0.044343453,-0.011533554,-0.01379485,-0.12836796,132.64949,1080.0
891,175.0540787640279,177.24388908832643,-0.049798865,-0.01603888,-0.028660696,-0.12116615,120.022316,1080.0
892,174.23461207758015,177.94708066724485,-0.044373464,-0.0107722245,-0.025425721,-0.109231226,121.1064,1080.0
893,172.80914530137906,178.4561079296188,-0.043816403,-0.009003844,-0.025551407,-0.11784043,127.526726,1080.0
894,171.02518456962568,178.68639202024457,-0.043864273,-0.007847171,-0.026640207,-0.11268895,128.94785,1080.0
895,169.48426241937702,178.62211102950062,-0.043918863,-0.008961345,-0.030606644,-0.113348134,125.918655,1080.0
896,168.87144448061437,178.26804774403263,-0.042876124,-0.010386601,-0.020530023,-0.12402402,130.46997,1080.0
897,169.5701424194886,177.64978040418063,-0.042912293,-0.010003521,-0.020500975,-0.11447505,125.79734,1080.0
898,171.41365717224184,176.84674612051515,-0.043933727,-0.005383329,-0.023281353,-0.107216224,125.12096,1080.0
899,173.73628533556564,175.9917002071347,-0.043856867,-0.0059788455,-0.02622935,-0.09944664,120.62166,1080.0
900,175.78592440629947,175.2124516603568,-0.0437296,-0.00590258,-0.026402848,-0.10203151,123.23433,1080.0
901,177.15359433371836,174.5706672513626,-0.043201078,-0.005254166,-0.023221673,-0.10472181,122.9474,1080.0
902,177.8220098121056,174.06506875247223,-0.04380126,-0.005108247,-0.023886051,-0.102662206,122.321014,1080.0
903,177.95200435784545,173.67892071846765,-0.04366698,-0.006344661,-0.024360826,-0.10624853,126.30766,1080.0
904,177.72821128519064,173.40209348080367,-0.04348636,-0.0055406075,-0.025167678,-0.10789566,130.9104,1080.0
905,177.3259765217438,173.21879546184584,-0.043263923,-0.006113406,-0.014545299,-0.12171482,141.26323,1080.0
906,176.87026389383593,173.10939066325525,-0.040994603,-0.008325987,-0.009748841,-0.1315632,143.45943,1080.0
907,176.4065653581354,173.07681872466884,-0.041298024,-0.00867886,-0.011959273,-0.13171998,141.13756,1080.0
908,175.97553745350248,173.15413682563158,-0.04045026,-0.0103176255,-0.00854413,-0.13318388,139.61499,1080.0
909,175.637237655043,173.38059387766674,-0.041591786,-0.010126071,-0.011997759,-0.12843613,134.5818,1080.0
910,175.41926692116283,173.78090576719165,-0.04084467,-0.011885919,-0.013057963,-0.12645479,130.79044,1080.0
911,175.37612838714642,174.35124771868246,-0.03969088,-0.015066585,-0.0124040395,-0.12989411,128.05382,1080.0
912,175.62398990069497,175.03650567776566,-0.04012649,-0.010775899,-0.0028913144,-0.15058437,144.79617,1080.0
913,176.1867311488541,175.72503162315434,-0.039455105,-0.008863237,-0.0031771625,-0.1522296,148.47949,1080.0
914,176.87552966038186,176.28244160516917,-0.03920407,-0.009569408,-0.00075598824,-0.15059464,148.61658,1080.0
915,177.41478969896727,176.60683390611229,-0.039337214,-0.00974415,-0.00131073,-0.14936009,149.15305,1080.0
916,177.6826316202458,176.67571643176578,-0.03914789,-0.010123472,-0.00044798673,-0.14895338,149.45389,1080.0
917,177.77987586300654,176.54901730920292,-0.03929562,-0.009344144,0.0033376059,-0.14793275,149.6929,1080.0
918,177.88056465347458,176.3261211479877,-0.039276518,-0.0061685066,0.0016614561,-0.12295017,134.9128,1080.0
919,178.05408848980585,176.1052941099941,-0.037299093,-0.008460547,-0.0013078478,-0.11063778,120.063705,1080.0
920,178.15971675729588,175.96469295956132,-0.035796497,-0.008637322,0.009953138,-0.111850694,124.012566,1080.0
921,177.82199179205904,175.94801727186422,-0.036144905,-0.008029853,0.006252317,-0.11316377,125.040726,1080.0
922,176.6372858334145,176.0639488947426,-0.037047606,-0.008230365,0.0050573843,-0.11353633,127.30842,1080.0
923,174.6303914468544,176.3114458827439,-0.039324217,-0.0109490575,0.0015822799,-0.11103179,123.34174,1080.0
924,172.42459136274817,176.70640496121607,-0.041039303,-0.010799804,0.0039670593,-0.11868193,129.18867,1080.0
925,170.84916627424084,177.26548965667797,-0.041066036,-0.010105726,0.0025127835,-0.10631317,125.63286,1080.0
926,170.4869605431231,177.9476001101743,-0.042827297,-0.013322816,-0.0006306401,-0.105964676,116.96476,1080.0
927,171.3766915093974,178.63025017685575,-0.045179185,-0.0103172865,0.010549644,-0.1254669,138.18364,1080.0
928,172.65228353270606,179.17351642650817,-0.044762675,-0.009145045,0.011429737,-0.12615561,140.86166,1080.0
929,172.0619712708052,179.50228894738885,-0.044785395,-0.010460889,0.011675573,-0.131685,147.25618,1080.0
930,165.8281422638307,179.60980227700804,-0.044433083,-0.008380579,0.009911657,-0.12447064,145.45782,1080.0
931,150.18495976907968,179.51104541125753,-0.046876356,-0.008488521,0.007563725,-0.12450313,146.89957,1080.0
932,124.56013235919032,179.24812845640798,-0.047615618,-0.008187612,0.008489199,-0.12963574,153.64622,1080.0
933,93.44060191864651,178.93131054616924,-0.047668062,-0.011513802,0.009206249,-0.14825888,162.39803,1080.0
934,64.9698271863062,178.7109132590828,-0.046805657,-0.010930916,0.008195213,-0.13043836,153.52882,1080.0
935,47.343328531458134,178.691529256708,-0.046661604,-0.010172442,0.0071932194,-0.12461781,147.50818,1080.0
936,44.6338112260307,178.88079483323344,-0.046568412,-0.006272662,0.0088717425,-0.12873569,152.74536,1080.0
937,54.740028646394045,179.19958406235963,-0.046490874,-0.0064064027,0.008513839,-0.13408378,153.41759,1080.0
938,71.94823948174104,179.52804808813735,-0.04644555,-0.00790038,0.011401706,-0.13537648,152.27689,1080.0
939,91.27113746697034,179.74678548821527,-0.047723558,-0.0072148643,0.012791443,-0.14473833,161.63493,1080.0
940,109.81200491746841,179.7542028243253,-0.046875283,-0.006862386,0.0009684245,-0.13230385,147.12036,1080.0
941,125.67249839647009,179.48493410970497,-0.04858291,-0.0052398965,-0.0010754055,-0.12824863,146.31146,1080.0
942,137.51138599471636,178.9294667733287,-0.048479263,-0.0050251996,-0.0013534545,-0.12960984,149.904,1080.0
943,145.04286517055937,178.12734662852142,-0.049311377,-0.01094626,-0.011809511,-0.12943004,135.58383,1080.0
944,149.11388507152913,177.15750010042075,-0.047359496,-0.010803138,-0.008499033,-0.15414546,152.12357,1080.0
945,150.9135074289543,176.1752622294888,-0.045499787,-0.010320734,-0.007704389,-0.15520298,152.68279,1080.0
946,150.8464577615369,175.43754925505195,-0.045392353,-0.009638525,-0.0032260471,-0.17243692,167.51086,1080.0
947,148.34444430754198,175.19968935835928,-0.045504816,-0.007968507,-0.003128956,-0.1672405,164.88812,1080.0
948,142.99455165058993,175.53979567900026,-0.046762537,-0.0078011123,-0.0014675565,-0.17107768,170.84914,1080.0
949,135.54615734023608,176.26945291407714,-0.047448277,-0.008697567,-0.005021498,-0.15564819,155.78809,1080.0
950,127.99182862008654,177.00546294779986,-0.049227,-0.008886889,-0.011912876,-0.14624391,143.46402,1080.0
951,122.94600988757527,177.36322310362857,-0.04920615,-0.0029772723,-0.005257444,-0.1571692,159.6234,1080.0
952,122.25710518653356,177.11842101533233,-0.04893262,-0.0028574625,-0.007418936,-0.14257593,152.48236,1080.0
953,125.51714208946278,176.2777411760007,-0.048114974,0.00016386244,-0.007403508,-0.14558859,160.36642,1080.0
954,129.96931923824508,175.11815865193654,-0.04837019,-0.000659434,-0.0076114233,-0.15785837,172.99655,1080.0
955,132.3996219320112,174.08614075029365,-0.048301358,-0.003332802,-0.008130052,-0.16758753,177.18927,1080.0
956,131.75396077723963,173.5155400995495,-0.05017327,-0.004718159,-0.015310443,-0.15181859,163.8953,1080.0
957,129.9446181661812,173.41992013076614,-0.051209062,-0.0011925874,-0.030216472,-0.14687443,157.40709,1080.0
958,129.84593634336017,173.4936920784942,-0.051333617,-0.005243372,-0.027717646,-0.15299492,156.88335,1080.0
959,132.79514438288922,173.3026263027912,-0.052055188,-0.0019579004,-0.026036184,-0.1460597,159.91855,1080.0
960,137.9422178878235,172.59706903420576,-0.04980627,0.0009642142,-0.0005743521,-0.17067896,184.86006,1080.0
961,143.10489327144174,171.47572240841933,-0.049409032,-0.00069385103,-0.008647834,-0.15187502,171.67708,1080.0
962,145.99904875541853,170.29515541516392,-0.049549412,-0.0003007677,-0.0091991285,-0.14427096,166.50014,1080.0
963,145.44265928914177,169.48570988116464,-0.0480766,-0.00096737896,-0.014909758,-0.13886774,161.22282,1080.0
964,141.98763718039388,169.3470410404241,-0.046290983,-0.0018446463,-0.014487712,-0.14565928,165.02904,1080.0
965,137.3270722033439,169.92387434585143,-0.050519023,-0.004179326,-0.020092152,-0.14393009,157.38982,1080.0
966,133.11150082968544,171.08241872813826,-0.053312343,-0.0059449375,-0.031982366,-0.1381487,146.30746,1080.0
967,130.4534339121886,172.66162678724476,-0.053091545,-0.0067147715,-0.03622126,-0.1404156,136.26413,1080.0
968,130.00893676565633,174.47351789984327,-0.052764893,-0.0064272843,-0.040016513,-0.131683,131.7112,1080.0
969,131.83835084863804,176.16262943196912,-0.050420012,-0.00528669,-0.041356403,-0.12663478,129.87962,1080.0
970,135.24289309879993,177.18971811180185,-0.05047856,-0.004611178,-0.04027399,-0.12924257,133.57498,1080.0
971,139.0191190278927,177.12061969757133,-0.050864212,-0.0035796836,-0.041212972,-0.12758382,134.3799,1080.0
972,141.97249589343846,175.98789494360656,-0.053693984,-0.001663858,-0.04145355,-0.12627159,135.93782,1080.0
973,143.3532180005887,174.31175471327407,-0.05221049,-0.0011274549,-0.0379698,-0.12505762,136.57867,1080.0
974,143.06741948216487,172.75762198266784,-0.052889224,-0.0011621263,-0.037380304,-0.12729575,138.51425,1080.0
975,141.69813105372498,171.79122832556115,-0.051211774,-0.0013667919,-0.03367304,-0.1284453,145.24608,1080.0
976,140.23671257865044,171.55793721415657,-0.05032801,-0.0014080189,-0.029054035,-0.1287531,146.76852,1080.0
977,139.54808590972033,171.93499588276455,-0.049946763,-0.0014711168,-0.02818157,-0.12216339,144.85208,1080.0
978,140.0231108682864,172.65459994761687,-0.049186535,-0.0007522583,-0.026471796,-0.12507641,148.96742,1080.0
979,141.65491919416732,173.4275868465459,-0.049111202,0.0006009137,-0.0303859,-0.11250955,140.65524,1080.0
980,144.26173031930057,174.01415058907244,-0.048484802,0.003259673,-0.021927163,-0.119846,150.30618,1080.0
981,147.44145761904016,174.24405733212993,-0.048939854,0.0026752332,-0.01822617,-0.1200377,148.88008,1080.0
982,150.1912157223751,174.057321865752,-0.04741013,0.004378425,-0.016763475,-0.122195944,145.2491,1080.0
983,150.91092314795534,173.56693075382384,-0.046965025,0.0046676355,-0.01311606,-0.12774311,144.46533,1080.0
984,148.32153157111014,173.02365004188894,-0.046594974,0.0040349606,-0.012000981,-0.13345312,153.1808,1080.0
985,142.47532777028573,172.67295623105767,-0.044556174,0.0045873853,-0.010065601,-0.12670135,150.52913,1080.0
986,134.82497105603278,172.63841696123038,-0.04498421,0.004298627,-0.010009088,-0.12956715,153.65634,1080.0
987,127.39810553874545,172.90379946996453,-0.04461591,0.0035702458,-0.0100789955,-0.12947732,153.06425,1080.0
988,121.80479883794648,173.37018550665329,-0.044957254,0.0050162137,-0.01098791,-0.12848821,152.60562,1080.0
989,118.6838417139106,173.92660416175104,-0.045078646,0.003391944,-0.01120905,-0.12611547,153.17451,1080.0
990,117.84324956950441,174.47892083608977,-0.045029648,0.004265679,-0.011215606,-0.12551612,152.69237,1080.0
991,118.8657454602243,174.94089198873849,-0.044931427,0.004250562,-0.008435793,-0.123944886,152.78584,1080.0
992,121.41948350320908,175.2376066707312,-0.044705313,0.003120818,-0.0077510127,-0.12601225,154.66063,1080.0
993,125.00653406884243,175.33758455100397,-0.04482512,0.0041945,-0.007828945,-0.12445492,151.44414,1080.0
994,128.7805926915265,175.27536676184764,-0.044863157,0.0044055516,-0.0010262383,-0.12485634,153.77806,1080.0
995,131.85696718531514,175.12654843888222,-0.04515867,0.0040609287,-0.003348513,-0.121325426,146.93271,1080.0
996,133.8290429105021,174.95789392332833,-0.04566046,0.0039329245,-0.005892662,-0.122186616,146.57352,1080.0
997,134.9940141366405,174.81953729692324,-0.041692495,0.0020479837,-0.0056410613,-0.12238091,139.22482,1080.0
998,136.07878295791386,174.76139647985357,-0.04148147,0.0051565664,-0.006291425,-0.12420202,144.06165,1080.0
999,137.59984096641531,174.80673865842857,-0.0415325,0.005201467,-0.006853457,-0.12364988,150.72792,1080.0
1000,139.27811116175533,174.92616503036368,-0.042630628,0.005566519,-0.010030224,-0.11934184,147.93106,1080.0
1001,140.04777908373615,175.06689633128843,-0.042407397,0.005726765,-0.015629351,-0.09527927,135.09071,1080.0
1002,138.77948685339933,175.17583221482627,-0.04316751,0.009400488,-0.018007519,-0.08895973,134.094,1080.0
1003,135.18144233984336,175.18973858311526,-0.043175817,0.009506847,-0.018154059,-0.09618937,140.95093,1080.0
1004,130.103575197043,175.07348717489398,-0.043174915,0.008652722,-0.019256253,-0.101667896,145.25621,1080.0
1005,124.99092272923622,174.90407886932172,-0.045197833,0.00862164,-0.021349419,-0.10307334,147.66936,1080.0
1006,121.15950462459195,174.87263117753545,-0.04067513,0.009490769,-0.02414805,-0.083551,126.241516,1080.0
1007,119.77585696247566,175.12261046375832,-0.036002096,0.010072525,-0.025415378,-0.06242224,107.29609,1080.0
1008,122.17740081580352,175.54350596539493,-0.03693311,0.010407286,-0.026703445,-0.07728011,113.3184,1080.0
1009,129.23836579461388,175.78688165316024,-0.03761218,0.010101884,-0.02698059,-0.08219664,115.001,1080.0
1010,140.0668252543037,175.55153314587326,-0.03893071,0.009753757,-0.028917722,-0.08705758,117.953476,1080.0
1011,151.1442016988453,174.86667491541954,-0.042771403,0.00535332,-0.03946002,-0.08299716,111.36639,1080.0
1012,156.83781482788183,174.1340165987445,-0.04187498,0.0024065652,-0.04523954,-0.09910914,113.87319,1080.0
1013,153.27320921589157,173.88230973654925,-0.04100489,0.0021485505,-0.044792064,-0.107588224,117.323715,1080.0
1014,142.6645885925881,174.40584611912016,-0.03885136,0.00056330365,-0.046400394,-0.10533733,112.08843,1080.0
1015,131.7021643884448,175.59098079520152,-0.03977949,0.0008647495,-0.0460673,-0.10458399,113.2586,1080.0
1016,125.96364971560742,177.02288489652065,-0.04017718,0.0035777339,-0.03758833,-0.09729951,115.75733,1080.0
1017,126.74114814563451,178.14171841310898,-0.037934538,0.010997065,-0.032814816,-0.0500861,93.58653,1080.0
1018,131.84376745524426,178.27999306258093,-0.038055986,0.010888277,-0.03263499,-0.05630055,97.21544,1080.0
1019,138.07592788348003,176.85940524089017,-0.03827249,0.011484556,-0.026081,-0.06442368,103.12304,1080.0
1020,143.06988410300463,173.8823259470923,-0.038740598,0.0141378045,-0.0248959,-0.060914498,102.50861,1080.0
1021,146.25278683349052,170.11281125729056,-0.040131237,0.014477878,-0.02401383,-0.07742253,114.77452,1080.0
1022,148.73023051643213,166.56817041656092,-0.039121613,0.012267812,-0.021316981,-0.09145324,128.94165,1080.0
1023,151.85074469106704,163.88506200483772,-0.0372163,0.011814174,-0.018852178,-0.089535914,127.22676,1080.0
1024,155.96875879446313,162.1726905395061,-0.035372358,0.011495322,-0.015875867,-0.088970974,125.90731,1080.0
1025,160.37658880914597,161.27458543431837,-0.03705998,0.011007662,-0.018683426,-0.11374368,138.90114,1080.0
1026,163.94586566062765,161.04988738644263,-0.035588697,0.010902405,-0.017690249,-0.11389638,138.2482,1080.0
1027,165.93286535285955,161.4745596499675,-0.040297896,0.011446691,-0.02368424,-0.10537779,136.85864,1080.0
1028,166.35156432245174,162.5860696340343,-0.04239841,0.011361327,-0.027443215,-0.10742261,140.76201,1080.0
1029,165.7347035395107,164.36609408023156,-0.042578522,0.0111482125,-0.026867902,-0.10661418,142.52591,1080.0
1030,164.84583239185457,166.63112327525658,-0.045256324,0.0075900326,-0.02986484,-0.11854285,145.62752,1080.0
1031,164.4802342430875,169.01013849482536,-0.044453826,0.009811204,-0.029415103,-0.1147663,146.98267,1080.0
1032,165.08334000801528,171.04682287590998,-0.045283902,0.011063639,-0.031575974,-0.11476709,146.6854,1080.0
1033,166.50611059830632,172.37685881558625,-0.045761675,0.0099149635,-0.032090083,-0.10791869,140.87224,1080.0
1034,168.2568126276753,172.9040277716385,-0.04523728,0.012487228,-0.031997286,-0.09483281,137.56335,1080.0
1035,169.94166989382455,172.83954840985106,-0.044978786,0.012098864,-0.031738732,-0.0879804,133.88335,1080.0
1036,171.45412789581258,172.54236646533914,-0.04494307,0.01578889,-0.03353859,-0.092296235,138.23242,1080.0
1037,172.8510337077595,172.3450876756342,-0.045945965,0.014926402,-0.037366174,-0.084585175,131.3618,1080.0
1038,174.1338029858441,172.52565065622088,-0.043720104,0.014626708,-0.03713102,-0.08300425,126.954414,1080.0
1039,175.18750721145406,173.261949316848,-0.043476474,0.013450171,-0.03796415,-0.0870335,129.08896,1080.0
1040,175.92552253537946,174.46474946660706,-0.043768536,0.013419992,-0.04489,-0.0873746,125.931076,1080.0
1041,176.36501135775916,175.77787794661856,-0.04370304,0.014004715,-0.046822384,-0.095516406,130.07872,1080.0
1042,176.50592614360627,176.8412179643274,-0.043921575,0.0135643855,-0.05197782,-0.09506341,127.911,1080.0
1043,176.29867734232346,177.49441163268793,-0.042877197,0.014286268,-0.05927836,-0.092599094,123.985695,1080.0
1044,175.74039132535847,177.79271235655688,-0.04108638,0.014350411,-0.06299071,-0.09160583,121.69358,1080.0
1045,174.84429817523258,177.92434245700682,-0.03995469,0.014333796,-0.0636946,-0.09153126,121.29722,1080.0
1046,173.51243940344074,178.05684534472283,-0.039899983,0.01416205,-0.06822334,-0.090881236,116.6519,1080.0
1047,171.48999584634944,178.22811719017903,-0.044120222,0.012447385,-0.07730724,-0.082809955,109.195786,1080.0
1048,168.50763801178505,178.40520358381082,-0.041838016,0.013646642,-0.07868048,-0.06712485,101.54888,1080.0
1049,164.6131332696222,178.56717935923297,-0.04701527,0.014498957,-0.08526351,-0.056106877,95.79554,1080.0
1050,160.39467985820454,178.64999877846262,-0.0510645,0.0146534955,-0.08925555,-0.058672983,95.62746,1080.0
1051,156.818877432267,178.5098817427049,-0.05100674,0.016562143,-0.08755397,-0.057264708,93.49859,1080.0
1052,154.8107901435683,178.04256423481556,-0.0502247,0.016409755,-0.086117156,-0.05997563,95.11981,1080.0
1053,154.85652387935852,177.2912320642878,-0.049418245,0.017306067,-0.08426192,-0.06273202,97.107895,1080.0
1054,156.8495856040429,176.4231570618881,-0.048106328,0.017269785,-0.08307252,-0.06312411,96.94243,1080.0
1055,160.183130737173,175.65204564899983,-0.04660328,0.017661031,-0.083620764,-0.06340047,93.99256,1080.0
1056,163.89870334737523,175.16833995369888,-0.0453394,0.018099325,-0.08340516,-0.055625126,90.561165,1080.0
1057,166.92828910484144,175.08489682908154,-0.04499229,0.019090949,-0.08276621,-0.060500618,93.8119,1080.0
1058,168.505222190038,175.40244252590009,-0.044403527,0.018896315,-0.082691275,-0.06259359,95.012665,1080.0
1059,168.4767270975056,176.00986029108702,-0.044132035,0.018742625,-0.082421705,-0.06302123,95.554825,1080.0
1060,167.27639410327407,176.73720952102767,-0.043962155,0.017570637,-0.08189449,-0.065184474,97.572395,1080.0
1061,165.63158909096643,177.42418072555924,-0.04302176,0.016406674,-0.08525046,-0.06660238,96.21659,1080.0
1062,164.1498542428167,177.93887537437763,-0.043385938,0.016589863,-0.08489227,-0.06902093,98.17086,1080.0
1063,162.93866058319495,178.16967372035123,-0.04322589,0.016527755,-0.08443677,-0.06776886,96.226,1080.0
1064,161.6648666961817,178.05821515018624,-0.042253055,0.016841944,-0.083981834,-0.07428264,98.98163,1080.0
1065,160.15317248678227,177.64555298859244,-0.043383,0.016724536,-0.084761724,-0.069543995,96.735016,1080.0
1066,158.73324740166422,177.05889765128094,-0.043171298,0.015909972,-0.08468232,-0.070344456,97.365234,1080.0
1067,157.89479579154835,176.45160812964883,-0.042987853,0.01729027,-0.08154749,-0.07467358,101.751015,1080.0
1068,157.8903337133566,175.9415197194886,-0.045423947,0.016812077,-0.084274575,-0.07014471,99.2612,1080.0
1069,158.68854978940348,175.56338828744,-0.044677734,0.016078524,-0.08421303,-0.07020591,99.153114,1080.0
1070,160.0205175587003,175.2741411977718,-0.044602007,0.016715862,-0.08416307,-0.0694026,99.09141,1080.0
1071,161.42824951366597,175.016671013147,-0.044781946,0.017644925,-0.08420987,-0.068216816,98.01963,1080.0
1072,162.44238145799446,174.76529383374543,-0.04552793,0.017450009,-0.08479818,-0.06800543,97.73666,1080.0
1073,162.86964138628696,174.51749663655738,-0.046012823,0.015073055,-0.085689574,-0.0721023,101.96696,1080.0
1074,162.9841710612941,174.27301823470427,-0.045923304,0.014875483,-0.085528396,-0.07119658,101.460556,1080.0
1075,163.32329661899396,174.02076619591014,-0.04790864,0.015184671,-0.08793793,-0.05877335,94.9514,1080.0
1076,164.16704002958,173.72327203131726,-0.047600187,0.0154867945,-0.08717849,-0.064412266,99.31,1080.0
1077,165.2736854798609,173.3209732016915,-0.048005056,0.016624734,-0.08730921,-0.063992366,98.32447,1080.0
1078,166.11598255379454,172.78010430897498,-0.04819144,0.018078953,-0.0893206,-0.05548675,93.31115,1080.0
1079,166.31455561960823,172.141612817676,-0.047478795,0.018189352,-0.0889328,-0.057174597,94.024155,1080.0
1080,165.94410376180392,171.52084821674248,-0.047171924,0.018163102,-0.08780156,-0.058339804,93.68864,1080.0
1081,165.50892820526474,171.05915604809135,-0.046862908,0.01855559,-0.08729429,-0.060574707,94.502464,1080.0
1082,165.59814146871915,170.86021767895315,-0.04678017,0.018229535,-0.08681838,-0.061441746,93.72906,1080.0
1083,166.52944092475104,170.95010384543343,-0.046475332,0.018127667,-0.085884035,-0.061978064,94.024536,1080.0
1084,168.23537637278184,171.27392777940298,-0.04694926,0.018540304,-0.08583651,-0.059459995,92.66622,1080.0
1085,170.32003517653123,171.71792330036357,-0.045874815,0.018774414,-0.08642165,-0.05798173,89.34555,1080.0
1086,172.17148033554386,172.1676245116433,-0.044985738,0.01677376,-0.08601854,-0.047908727,84.74454,1080.0
1087,173.19759277408667,172.60438740563086,-0.044759568,0.016330775,-0.08599458,-0.050602976,85.10327,1080.0
1088,173.10041781121114,173.1228356403379,-0.044708252,0.01616666,-0.08587788,-0.055652138,87.27898,1080.0
1089,171.93598159085718,173.7748929302066,-0.04526028,0.015121178,-0.086362205,-0.055311162,87.12007,1080.0
1090,169.98226866322207,174.42707039449786,-0.044865362,0.015396655,-0.08519688,-0.05623539,87.64754,1080.0
1091,167.6148783007415,174.8345652813814,-0.04496686,0.015393265,-0.08430719,-0.053930778,86.25625,1080.0
1092,165.24055831319185,174.81477665291214,-0.044699322,0.015121968,-0.08363625,-0.053073373,86.12322,1080.0
1093,163.22786085133055,174.35860822885587,-0.044516105,0.014959604,-0.08291259,-0.055208784,88.04538,1080.0
1094,161.80549358973408,173.6943539046468,-0.04429084,0.015319174,-0.08242221,-0.057287823,90.113434,1080.0
1095,160.99820394246842,173.2550897687582,-0.044706445,0.015139912,-0.08282521,-0.05764717,90.383,1080.0
1096,160.66712118770326,173.4362991750479,-0.04475629,0.015173142,-0.0824195,-0.05652805,89.12986,1080.0
1097,160.62492183270112,174.2822772534095,-0.04421398,0.014531058,-0.08171935,-0.06033636,94.227234,1080.0
1098,160.75944996521065,175.45018748336074,-0.04368738,0.014373779,-0.08401303,-0.05404454,90.4867,1080.0
1099,161.07410294960548,176.52511120569918,-0.04446445,0.015542631,-0.0825405,-0.05761956,93.85426,1080.0
1100,161.63406256103607,177.32034355068407,-0.045067683,0.015440227,-0.08315198,-0.051728904,90.43748,1080.0
1101,162.52371641953445,177.88307892876088,-0.04474363,0.0138699,-0.08272507,-0.054028574,91.15759,1080.0
1102,163.7984175842619,178.32457759783753,-0.04392576,0.014029722,-0.084435865,-0.05084692,89.81672,1080.0
1103,165.38381213164067,178.68331370726497,-0.0456231,0.014110508,-0.08167527,-0.05892354,94.242905,1080.0
1104,167.06043065307648,178.9011633026282,-0.045880806,0.014535297,-0.08198705,-0.055079367,90.99971,1080.0
1105,168.59798873862937,178.8888696027156,-0.04652032,0.015882986,-0.08279323,-0.05323622,89.269035,1080.0
1106,169.8882020817372,178.59454050629296,-0.047216572,0.01610585,-0.084067225,-0.052503232,88.94574,1080.0
1107,170.94820768122779,178.03276935630365,-0.04735684,0.01629876,-0.08471595,-0.0524869,88.98079,1080.0
1108,171.83015631194655,177.3074641419399,-0.04761658,0.016446827,-0.085567445,-0.051725008,88.56273,1080.0
1109,172.55117125564374,176.6239911756177,-0.047147285,0.01527385,-0.08527081,-0.050537985,89.63877,1080.0
1110,173.09544477437385,176.23390571472663,-0.0474771,0.015296032,-0.085986614,-0.049448676,89.259735,1080.0
1111,173.45973379591643,176.3166385409687,-0.047758654,0.015592137,-0.08701833,-0.049792454,90.47245,1080.0
1112,173.68625877188074,176.88266709750272,-0.047721013,0.0147803975,-0.08700347,-0.049016852,91.105,1080.0
1113,173.8426125803854,177.76585845348083,-0.04801308,0.015717372,-0.08806288,-0.049757384,91.72603,1080.0
1114,173.9760713684615,178.67957805562065,-0.047520615,0.016918465,-0.08845498,-0.05156677,94.06353,1080.0
1115,174.0905157872989,179.28214231630074,-0.047119368,0.017242234,-0.089000225,-0.053260773,93.70941,1080.0
1116,174.1488634916098,179.27950731312654,-0.04734339,0.01688775,-0.0894746,-0.052238494,93.599915,1080.0
1117,174.09933051061378,178.56977905640497,-0.047437314,0.01735529,-0.09002731,-0.053869348,95.105865,1080.0
1118,173.91958788268255,177.30836833339114,-0.047764305,0.017302563,-0.09129447,-0.053552303,94.950035,1080.0
1119,173.63730381286192,175.8243458837333,-0.04773876,0.01714972,-0.091545954,-0.056563344,96.45772,1080.0
1120,173.30936384218793,174.4723703631662,-0.048231788,0.016409952,-0.09222367,-0.055890005,96.172714,1080.0
1121,172.997243537616,173.51181353191217,-0.04749473,0.016592802,-0.092982486,-0.05654003,96.08041,1080.0
1122,172.76508413927868,173.03541664434275,-0.047326207,0.016126364,-0.09351032,-0.055541202,95.44799,1080.0
1123,172.68066053923542,172.96166741569246,-0.04784399,0.015732603,-0.094862476,-0.055126783,95.367874,1080.0
1124,172.79536244426296,173.0973231095484,-0.047744185,0.015301458,-0.09505666,-0.054656077,95.38351,1080.0
1125,173.11446831516875,173.23510018986397,-0.048027888,0.0155384205,-0.09609511,-0.054863285,96.18381,1080.0
1126,173.59110764012152,173.23380992207012,-0.047714684,0.015382724,-0.0962842,-0.058126323,98.52134,1080.0
1127,174.1542903795893,173.04769418798676,-0.047445904,0.0151813645,-0.09734067,-0.055892833,96.57894,1080.0
1128,174.7386649933946,172.71022589242907,-0.046912637,0.01468763,-0.09900784,-0.05355917,95.78413,1080.0
1129,175.29106157476258,172.29847828784852,-0.046763666,0.01369352,-0.09933172,-0.055529926,97.06167,1080.0
1130,175.76889637166016,171.89788220728752,-0.04617219,0.013467576,-0.098963305,-0.052883036,95.04604,1080.0
1131,176.13816964933756,171.57871837205545,-0.0464872,0.013472606,-0.10040803,-0.05161161,94.303375,1080.0
1132,176.36887033590023,171.38625475490392,-0.04654507,0.013384275,-0.1004086,-0.04986332,92.86039,1080.0
1133,176.44038100162436,171.33259039366783,-0.046588812,0.01327054,-0.100816116,-0.05079182,93.19636,1080.0
1134,176.34755203306585,171.38722458191955,-0.046305,0.012826114,-0.10107066,-0.057139475,97.236,1080.0
1135,176.08673099996616,171.49034251817258,-0.045976315,0.0129262,-0.10212922,-0.0589811,98.22202,1080.0
1136,175.63654831212617,171.5898540152935,-0.045995302,0.014042409,-0.10232035,-0.05733784,96.67875,1080.0
1137,174.97747291625402,171.66113845996486,-0.046002083,0.0145401005,-0.1026179,-0.055855222,94.84544,1080.0
1138,174.15670490339497,171.6961041897145,-0.046015535,0.014841462,-0.10266255,-0.056072883,95.121574,1080.0
1139,173.30020733356855,171.68638117381394,-0.046454195,0.014387682,-0.10371184,-0.055749793,93.45951,1080.0
1140,172.50246530090533,171.6141256821578,-0.046998993,0.013777104,-0.10477222,-0.062706925,96.940674,1080.0
1141,171.7344582327836,171.45784942003206,-0.04686867,0.01381056,-0.10564479,-0.063460626,97.3985,1080.0
1142,170.91975479073147,171.21721702560828,-0.0469687,0.013861339,-0.105876274,-0.06340151,97.50474,1080.0
1143,170.07120863930817,170.93166150210357,-0.047073476,0.013967189,-0.105609015,-0.058944955,94.58138,1080.0
1144,169.30799155484635,170.66849508019249,-0.0470945,0.0134486165,-0.10561281,-0.059986454,95.30363,1080.0
1145,168.76048711418082,170.4919667140051,-0.04692801,0.013608946,-0.107043624,-0.06126192,94.893425,1080.0
1146,168.48766196478326,170.43254445406976,-0.047120947,0.013785101,-0.107174,-0.061085116,94.32033,1080.0
1147,168.46834088722548,170.46793524154356,-0.047162544,0.013453307,-0.10800092,-0.062906675,95.83134,1080.0
1148,168.63317716087428,170.5312852344773,-0.047889993,0.013824604,-0.10895832,-0.06243642,95.48134,1080.0
1149,168.8892492664964,170.54994720541382,-0.048056144,0.013140558,-0.10891735,-0.06306469,95.814285,1080.0
1150,169.12385892764775,170.4880440276098,-0.047994655,0.013590636,-0.10924044,-0.062194005,95.20004,1080.0
1151,169.2239796838617,170.35803062962506,-0.047987085,0.013937434,-0.11041395,-0.06175916,94.56802,1080.0
1152,169.138050257548,170.19671514079184,-0.047479473,0.012993085,-0.10988374,-0.06299043,95.783485,1080.0
1153,168.9172864741287,170.0323847260446,-0.0468108,0.013130612,-0.10996026,-0.06432902,97.89596,1080.0
1154,168.67637577140704,169.87170307477513,-0.047092013,0.013292496,-0.109529056,-0.06341657,98.09749,1080.0
1155,168.51953624036682,169.70826790072334,-0.047195774,0.013469244,-0.10950555,-0.06226965,97.429436,1080.0
1156,168.50228300812466,169.53115236500335,-0.04732214,0.013779308,-0.109485544,-0.06186837,97.06644,1080.0
1157,168.63501211445094,169.33037025074327,-0.047306992,0.01313324,-0.11095451,-0.06506585,99.70807,1080.0
1158,168.8988492443403,169.10856907443477,-0.047356386,0.01295231,-0.111067936,-0.064925864,100.888824,1080.0
1159,169.24890185013632,168.8847785245668,-0.047286876,0.012547924,-0.1108889,-0.0655118,99.95963,1080.0
1160,169.60560574073327,168.6834974760641,-0.046925522,0.012928913,-0.11132067,-0.06638664,102.85249,1080.0
1161,169.8661909247246,168.5262089127509,-0.046584856,0.013200831,-0.11183201,-0.06676664,104.38743,1080.0
1162,169.94815716081686,168.43083724730357,-0.046123363,0.013337482,-0.11101611,-0.06755295,104.59039,1080.0
1163,169.82294417334785,168.41332123086116,-0.045922965,0.013444802,-0.111888126,-0.07002498,106.061554,1080.0
1164,169.50739883599215,168.48547099063705,-0.04597496,0.01304115,-0.111665964,-0.072275035,107.395004,1080.0
1165,169.0462959794375,168.6453067080571,-0.04646584,0.012916537,-0.112055175,-0.07244099,107.18013,1080.0
1166,168.5149106884146,168.86900959847898,-0.04673541,0.012725463,-0.11243094,-0.07435752,108.03539,1080.0
1167,168.01924820199233,169.11533645687106,-0.04707461,0.0130662145,-0.11309142,-0.07559032,108.65288,1080.0
1168,167.67605264916367,169.33973929601123,-0.04730089,0.013302104,-0.11295093,-0.07534383,108.21388,1080.0
1169,167.56583573849002,169.5087727654306,-0.047600076,0.013361923,-0.11513253,-0.075311564,108.49698,1080.0
1170,167.67272917799116,169.61031609167887,-0.047124114,0.013383795,-0.11535531,-0.07480833,107.87366,1080.0
1171,167.87111394677095,169.6578049264042,-0.047335137,0.013169127,-0.11599545,-0.07466925,107.81338,1080.0
1172,167.99308791234438,169.6833126540087,-0.047493942,0.01248768,-0.11502375,-0.07373431,106.44429,1080.0
1173,167.9318661909382,169.7207917956877,-0.04790932,0.012926794,-0.11468924,-0.0724094,105.31049,1080.0
1174,167.70228506304724,169.78592358204375,-0.04897574,0.012735353,-0.11625468,-0.07258502,105.43877,1080.0
1175,167.40660702698207,169.8589443001408,-0.048404045,0.012681664,-0.1199655,-0.072299816,105.43762,1080.0
1176,167.14428546388837,169.8871540897439,-0.04916608,0.013035132,-0.12069499,-0.07156692,104.91271,1080.0
1177,166.96608217456213,169.81701249033233,-0.048883848,0.012648575,-0.120148495,-0.071933575,105.225494,1080.0
1178,166.88627394748062,169.6349230060149,-0.04885887,0.013429514,-0.12141091,-0.0713091,104.98913,1080.0
1179,166.89015031684517,169.38097000411528,-0.048804842,0.0140500385,-0.12222064,-0.07177714,106.102104,1080.0
1180,166.9228563933293,169.12650510917052,-0.048874807,0.014049841,-0.12132348,-0.07090392,105.456314,1080.0
1181,166.8817622630451,168.94032695736664,-0.048985686,0.014086801,-0.12304467,-0.07473102,109.16938,1080.0
1182,166.64172663376112,168.86524172058319,-0.048842255,0.014150521,-0.123209976,-0.07534157,109.97508,1080.0
1183,166.12274574995482,168.9145588574555,-0.04832108,0.014538574,-0.1231009,-0.07345903,108.308655,1080.0
1184,165.34933316631265,169.08494494559923,-0.048337016,0.014553324,-0.12285037,-0.07381781,108.415985,1080.0
1185,164.45333088565184,169.36514848875981,-0.048468582,0.015001425,-0.12286405,-0.07320226,108.74077,1080.0
1186,163.62086863799396,169.73072653084935,-0.048052978,0.015027393,-0.12196763,-0.07306742,108.395,1080.0
1187,163.01630999839267,170.136469961583,-0.04822783,0.015122534,-0.12165019,-0.071886644,108.06756,1080.0
1188,162.7264894579204,170.5200449399315,-0.048428345,0.016512327,-0.12304626,-0.06938219,106.0016,1080.0
1189,162.746013036454,170.82219170504538,-0.047674336,0.015660066,-0.12241482,-0.069148816,106.15888,1080.0
1190,162.99903215629465,171.01943596404013,-0.046491724,0.015644949,-0.12114213,-0.06912881,105.412285,1080.0
1191,163.37906277011896,171.14594759612345,-0.046612322,0.015571961,-0.12067238,-0.06811973,104.81948,1080.0
1192,163.78191559645933,171.27241507324038,-0.047461502,0.016135152,-0.12016246,-0.065933056,103.129715,1080.0
1193,164.12272530165475,171.44908317908673,-0.047663935,0.016193785,-0.12172066,-0.06571822,103.57772,1080.0
1194,164.3472893933588,171.6709929371159,-0.047755376,0.016296415,-0.123158544,-0.06438607,103.420334,1080.0
1195,164.44480720234682,171.8989537731094,-0.04796346,0.016417835,-0.12422191,-0.0610403,101.737495,1080.0
1196,164.44247820788058,172.10139925011697,-0.046789326,0.01375529,-0.11624982,-0.058609657,98.17531,1080.0
1197,164.36648039574064,172.27469838008335,-0.04608844,0.0140038105,-0.11875463,-0.059095595,98.85359,1080.0
1198,164.21665505934618,172.4374048185593,-0.046137832,0.014693027,-0.11413456,-0.05860539,98.16742,1080.0
1199,164.00070327050045,172.61472304468774,-0.045189753,0.015176901,-0.12098253,-0.060147773,101.946396,1080.0
1200,163.77492469747614,172.83042040855238,-0.043936834,0.011649464,-0.1185097,-0.058792625,99.47208,1080.0
1201,163.60819177672843,173.11061924001973,-0.04347794,0.013066666,-0.11620709,-0.064666405,103.76617,1080.0
1202,163.49505463879137,173.48078228393013,-0.043938532,0.013932575,-0.11445064,-0.06594631,104.99226,1080.0
1203,163.34168590387432,173.94146920524796,-0.044081792,0.0149491485,-0.1210521,-0.06610345,107.785,1080.0
1204,163.0585332835007,174.44657551438695,-0.044301577,0.014601559,-0.12010459,-0.06677348,108.12791,1080.0
1205,162.62956815821116,174.91757912555346,-0.044545606,0.0139825605,-0.12815829,-0.082636856,120.43754,1080.0
1206,162.07339682995078,175.29195397975417,-0.04524949,0.013273168,-0.12543488,-0.08282491,119.797455,1080.0
1207,161.38810488586589,175.56418385534727,-0.044916507,0.013219028,-0.12672023,-0.08580947,122.48536,1080.0
1208,160.56424751066731,175.7794947559317,-0.044330794,0.0112632755,-0.12534344,-0.08397533,119.901794,1080.0
1209,159.63030422650033,175.99095974006642,-0.044831228,0.011252142,-0.12622008,-0.08443013,120.27293,1080.0
1210,158.6713575968833,176.22062194074445,-0.04444275,0.008725823,-0.123325035,-0.07915579,115.453804,1080.0
1211,157.7950189419658,176.44969649319327,-0.044438284,0.009440048,-0.13158265,-0.08460436,121.41012,1080.0
1212,157.0839058443344,176.64017949238087,-0.04363703,0.009339735,-0.13315916,-0.083882734,122.322105,1080.0
1213,156.5888409522738,176.76236322434417,-0.043670315,0.005836826,-0.12188523,-0.07964582,115.01514,1080.0
1214,156.33698875883854,176.79584767620565,-0.043339483,0.0033847103,-0.11911542,-0.074888326,110.43849,1080.0
1215,156.32051891484525,176.7151242258035,-0.043336373,0.006027815,-0.11728391,-0.07851243,114.57804,1080.0
1216,156.4873328684954,176.49659612786076,-0.043279294,0.0051463093,-0.121222034,-0.08240178,116.72322,1080.0
1217,156.74421156173509,176.14437357817476,-0.04272088,0.005766833,-0.1264605,-0.09317802,125.333664,1080.0
1218,156.94868789499733,175.70305344534617,-0.04247329,0.004327788,-0.13041574,-0.092878245,125.92563,1080.0
1219,156.91229169814184,175.25016017601936,-0.041884586,0.007353295,-0.12631367,-0.09312521,127.37882,1080.0
1220,156.48202162488735,174.88155662785775,-0.04090243,0.0070902505,-0.12817976,-0.099920936,132.01964,1080.0
1221,155.66479745440017,174.69361600093364,-0.040807936,0.009198535,-0.12774862,-0.090665236,127.73945,1080.0
1222,154.64827646621498,174.75061957957757,-0.041308593,0.011616855,-0.1413433,-0.09535203,138.45352,1080.0
1223,153.67729819943128,175.04073470760542,-0.042346418,0.013062879,-0.1469227,-0.096551515,143.77881,1080.0
1224,152.9321961273311,175.46654471948275,-0.041087907,0.0141944885,-0.14276603,-0.09664064,144.02141,1080.0
1225,152.50756492702925,175.89973332165386,-0.04060081,0.013690666,-0.13976288,-0.0933388,139.29868,1080.0
1226,152.41950736428512,176.24819161014696,-0.040592562,0.010819018,-0.1275034,-0.09217773,134.62662,1080.0
1227,152.6037372922981,176.47851001715352,-0.03725111,0.0040710447,-0.10354614,-0.09500173,122.15929,1080.0
1228,152.95137835936123,176.60818988640952,-0.036243353,0.00032814874,-0.095750995,-0.09628101,115.26232,1080.0
1229,153.34115748256337,176.6811326708114,-0.038469836,0.0015454893,-0.09529979,-0.08887857,106.87256,1080.0
1230,153.60910307934185,176.72558150112948,-0.038259774,0.00866411,-0.10680582,-0.09670783,126.4363,1080.0
1231,153.54424791162415,176.7420358945439,-0.038904205,0.010691834,-0.118113086,-0.09615685,132.32213,1080.0
1232,153.0003792427618,176.73403975033452,-0.039239105,0.012405423,-0.11893186,-0.09647833,137.69356,1080.0
1233,152.0272685716917,176.72842403980613,-0.039377622,0.013874506,-0.12727022,-0.10255308,145.72737,1080.0
1234,150.86676934234717,176.776026734233,-0.039821934,0.015946368,-0.13243109,-0.10829513,152.13492,1080.0
1235,149.82095487285454,176.94854917299872,-0.04010202,0.015997117,-0.13504775,-0.108583465,153.06293,1080.0
1236,149.1498536010885,177.30988326579802,-0.044980988,0.01606728,-0.13550703,-0.10638462,149.61433,1080.0
1237,149.06154796314377,177.86134908218727,-0.044601552,0.015679706,-0.14021607,-0.105444446,152.60387,1080.0
1238,149.66580161795343,178.51668069446376,-0.043013453,0.018611513,-0.14887396,-0.09977815,151.3785,1080.0
1239,150.87333375841,179.14010364967618,-0.04302668,0.017669875,-0.14586967,-0.08720598,139.76784,1080.0
1240,152.40516829486282,179.60297545538597,-0.043332815,0.015919156,-0.1481091,-0.09254232,146.5426,1080.0
1241,153.92500921147652,179.81592265563725,-0.04723697,0.015232482,-0.14040929,-0.08964454,141.34113,1080.0
1242,155.17519083724574,179.74428069553764,-0.045921154,0.015236522,-0.1390204,-0.08981846,142.61806,1080.0
1243,156.0575239871783,179.41846349273987,-0.04824914,0.014821116,-0.13783671,-0.08185897,131.83714,1080.0
1244,156.63346247381313,178.93426084125716,-0.04684584,0.01704661,-0.13510731,-0.07106651,123.4852,1080.0
1245,157.0481345585216,178.4255024946498,-0.046023335,0.016187513,-0.13555174,-0.07140921,126.22367,1080.0
1246,157.4348313911148,178.009366011566,-0.045215804,0.018948985,-0.13463084,-0.062146083,114.92804,1080.0
1247,157.84965492658011,177.741998578416,-0.046028927,0.017239012,-0.13116619,-0.054724686,105.97386,1080.0
1248,158.20820891260038,177.61283666641035,-0.046954006,0.014548182,-0.12977453,-0.05344066,104.20737,1080.0
1249,158.2803665669176,177.56291664703107,-0.05007019,0.015134713,-0.12422689,-0.04833456,94.85074,1080.0
1250,157.8850397415454,177.50004636153307,-0.047786515,0.015492277,-0.11812366,-0.041055694,87.94797,1080.0
1251,157.1293523737557,177.32645990425695,-0.047082122,0.015487304,-0.116092086,-0.032689214,81.28288,1080.0
1252,156.39158833114712,176.99646775682095,-0.04715412,0.016715692,-0.11541437,-0.02712357,79.43709,1080.0
1253,156.0785958045891,176.5547648990206,-0.046670757,0.013490098,-0.11546529,-0.034962464,84.390305,1080.0
1254,156.39095043308433,176.10868531380635,-0.047528584,0.013477919,-0.11647508,-0.038263023,87.50226,1080.0
1255,157.22881106747528,175.76234213008095,-0.04711185,0.012773924,-0.11773811,-0.044414323,92.50126,1080.0
1256,158.27258043078538,175.57087279258957,-0.04820031,0.012863131,-0.117747046,-0.043256264,89.502045,1080.0
1257,159.19049210264512,175.53216467861867,-0.0483347,0.012810545,-0.115141355,-0.041029528,85.961555,1080.0
1258,159.8182124602219,175.59939426674234,-0.047861736,0.013042393,-0.115674734,-0.044253994,89.46416,1080.0
1259,160.19405078998483,175.7053125637018,-0.049907938,0.013564752,-0.11392873,-0.03079526,74.85885,1080.0
1260,160.49027405613415,175.78487619194263,-0.049102273,0.013657577,-0.11722565,-0.04855855,95.92464,1080.0
1261,160.8959735769877,175.78779675333777,-0.049309626,0.012122204,-0.11707153,-0.06285146,102.5264,1080.0
1262,161.4875417001954,175.69184626003832,-0.048878424,0.011165562,-0.116697975,-0.059538778,99.307755,1080.0
1263,162.1934095520741,175.51193131232426,-0.048653327,0.011910982,-0.11795462,-0.05798597,97.92142,1080.0
1264,162.87822636182352,175.2892886917744,-0.049288034,0.013568737,-0.1194289,-0.05464599,94.63408,1080.0
1265,163.44098445330445,175.06376181304242,-0.049731445,0.01574495,-0.12102644,-0.05233123,93.75748,1080.0
1266,163.8652593187111,174.85241480792885,-0.05017881,0.016344255,-0.12376426,-0.05114096,99.41907,1080.0
1267,164.2180371687968,174.6528747191517,-0.050026506,0.0134989135,-0.1221726,-0.044109795,92.07272,1080.0
1268,164.597937017052,174.4533774772654,-0.049426664,0.012514778,-0.12136016,-0.036149994,88.01161,1080.0
1269,165.06670460102006,174.23544669836053,-0.047870833,0.012885058,-0.118626915,-0.031106511,87.437035,1080.0
1270,165.6236181412305,173.98962309570368,-0.047090657,0.010879743,-0.116071634,-0.03111869,84.30889,1080.0
1271,166.2439869071285,173.7528341784119,-0.045848027,0.013143695,-0.10945271,-0.029372886,79.61307,1080.0
1272,166.9288251654544,173.6320012324578,-0.046108104,0.01351324,-0.11029776,-0.05151647,92.19639,1080.0
1273,167.68439588105295,173.75597700742176,-0.042489115,0.017531727,-0.11378247,-0.06235411,106.04945,1080.0
1274,168.43878358467956,174.1829720652577,-0.042158507,0.018864328,-0.116599865,-0.066846095,114.28471,1080.0
1275,169.0212452003509,174.85415774908856,-0.043806005,0.017316692,-0.117180154,-0.06669956,114.36782,1080.0
1276,169.27235337831735,175.60653189037626,-0.043786846,0.017775359,-0.1177796,-0.067984775,115.160126,1080.0
1277,169.17523716352068,176.246647559595,-0.044674512,0.021269565,-0.11738021,-0.062385645,115.36569,1080.0
1278,168.87596678791127,176.66892537233096,-0.044879433,0.020817425,-0.1180941,-0.06545577,116.267395,1080.0
1279,168.5906288877038,176.90064088088587,-0.044997264,0.02069688,-0.11963433,-0.06630489,118.49204,1080.0
1280,168.48384041929924,177.03250845455474,-0.044891752,0.020775633,-0.119749054,-0.06593682,118.46159,1080.0
1281,168.60013891380763,177.13755683391025,-0.044454336,0.020775886,-0.120534316,-0.06557826,120.104164,1080.0
1282,168.87343496698696,177.24669979546846,-0.04495471,0.020980299,-0.120973654,-0.06649563,121.692955,1080.0
1283,169.17260912152665,177.34303914642243,-0.050623633,0.019578919,-0.13215083,-0.048760507,106.988174,1080.0
1284,169.32774268863855,177.33690481697835,-0.050432164,0.018133206,-0.1322464,-0.05146665,109.531006,1080.0
1285,169.17411559120595,177.10036806105157,-0.0494426,0.018442225,-0.12517825,-0.05201662,106.44829,1080.0
1286,168.66242203301104,176.60088519591847,-0.048562452,0.019618254,-0.12738025,-0.05613084,112.00584,1080.0
1287,167.91275509864758,175.97618754911812,-0.04945447,0.019521926,-0.12741779,-0.055655953,112.54918,1080.0
1288,167.1121826449983,175.45923725910166,-0.04609392,0.019062664,-0.124019705,-0.05634709,112.28364,1080.0
1289,166.37629442752194,175.24876117051699,-0.05148502,0.019000612,-0.12710571,-0.05595901,112.58978,1080.0
1290,165.69491728204687,175.39476056507024,-0.051006064,0.018298566,-0.13208759,-0.06753936,120.71112,1080.0
1291,164.96479346621535,175.7637646948759,-0.05110112,0.018002037,-0.12714127,-0.06453928,116.87861,1080.0
1292,164.08349467691036,176.1521004102716,-0.050863367,0.017984545,-0.12728384,-0.064067386,116.913704,1080.0
1293,163.04661239532197,176.4368529133926,-0.050640814,0.015724888,-0.1272934,-0.05466611,107.354256,1080.0
1294,161.97812476579676,176.60561914094552,-0.049771626,0.016098078,-0.12756766,-0.055592883,108.28174,1080.0
1295,161.07139449983242,176.69309681024845,-0.049778633,0.012842023,-0.122667834,-0.04967126,103.21462,1080.0
1296,160.49024803105164,176.73506941423528,-0.049224287,0.014748467,-0.1265673,-0.051131893,106.22798,1080.0
1297,160.29555753971326,176.7663860706077,-0.05007115,0.015165767,-0.12822525,-0.05334936,110.10555,1080.0
1298,160.41386078330746,176.81939077793808,-0.050390117,0.015340734,-0.12508313,-0.053946856,110.14068,1080.0
1299,160.66919435092808,176.90244076210084,-0.0508281,0.015129089,-0.12604116,-0.055576775,111.68137,1080.0
1300,160.87026049731955,176.99457553208376,-0.05032727,0.015136945,-0.12430663,-0.058273543,114.15965,1080.0
1301,160.8707158792202,177.07053917969276,-0.051628735,0.016949067,-0.124263965,-0.034345586,88.91297,1080.0
1302,160.584054256072,177.1219109920339,-0.050996795,0.018431459,-0.12850076,-0.041020542,95.14918,1080.0
1303,160.00913702409252,177.1582282997174,-0.052449487,0.010453514,-0.12706666,-0.025053859,78.83803,1080.0
1304,159.25557253580303,177.19611003129313,-0.051627886,0.014606984,-0.12710764,-0.029786428,90.863884,1080.0
1305,158.50965331260718,177.2504556893253,-0.051082697,0.017021999,-0.13121723,-0.037676267,99.81142,1080.0
1306,157.94607007568524,177.34710998713953,-0.04872408,0.017506126,-0.1393084,-0.040169384,106.44876,1080.0
1307,157.6653902113634,177.53225645549057,-0.049597677,0.013890471,-0.13554552,-0.025956161,89.991455,1080.0
1308,157.69692300620255,177.82760479143224,-0.05067551,0.019423958,-0.13511828,-0.02164335,86.27874,1080.0
1309,158.00460309593748,178.1758804312158,-0.049414176,0.016814535,-0.13402122,-0.027680121,93.9547,1080.0
1310,158.48251819052018,178.4669764622367,-0.04857455,0.01955849,-0.13279718,-0.02846332,93.39226,1080.0
1311,158.9989090999045,178.6165973013367,-0.048483275,0.019887542,-0.1327183,-0.03037683,93.39414,1080.0
1312,159.45449482876495,178.6156720034154,-0.04820257,0.019058594,-0.13223119,-0.029537145,95.55061,1080.0
1313,159.80499142511567,178.5326265877005,-0.049813107,0.01296528,-0.12977685,-0.013784762,76.43084,1080.0
1314,160.07420918107078,178.47051336777318,-0.049535513,0.016860425,-0.1299391,-0.021108218,73.792816,1080.0
1315,160.3410399978764,178.49156566860248,-0.054955773,0.02017243,-0.13631688,-0.021537978,74.61035,1080.0
1316,160.66593139924234,178.57427952365194,-0.05326041,0.019637892,-0.13382377,-0.023481045,77.30481,1080.0
1317,161.03385005948053,178.6578777449985,-0.04829175,0.019968132,-0.13005394,-0.028274084,80.42515,1080.0
1318,161.3952792190761,178.7210654901032,-0.04734356,0.020523777,-0.12977928,-0.029735282,82.30914,1080.0
1319,161.7413571393751,178.78867252158665,-0.043682918,0.019940948,-0.12382892,-0.02435882,78.67301,1080.0
1320,162.11189272121905,178.84751721466824,-0.047255114,0.023779014,-0.12204273,-0.00939009,63.443783,1080.0
1321,162.5318264202568,178.7748370728864,-0.0465232,0.02338336,-0.12427962,-0.0136095965,67.17709,1080.0
1322,162.95745769400514,178.40075577025243,-0.044961605,0.022814518,-0.12291209,-0.01323098,70.658165,1080.0
1323,163.30556126994574,177.65129652342358,-0.05020701,0.026669962,-0.13202803,-0.009680825,69.15994,1080.0
1324,163.5302785683645,176.58393304916785,-0.04847056,0.025879951,-0.12952524,-0.01090978,71.49337,1080.0
1325,163.68117614606507,175.32680518326458,-0.04192499,0.025149282,-0.11836632,-0.011831806,76.20157,1080.0
1326,163.91544883014078,174.06897366958907,-0.03777867,0.024459783,-0.11315641,-0.013888211,84.238365,1080.0
1327,164.42414746481666,173.0578641537992,-0.037776183,0.024795277,-0.11019847,-0.01734605,88.2437,1080.0
1328,165.29865149863053,172.50872742998283,-0.03766779,0.02487242,-0.110202424,-0.019386942,88.870995,1080.0
1329,166.45907213382534,172.49399745104475,-0.036059797,0.024643,-0.107815266,-0.020051744,91.35183,1080.0
1330,167.70418126342278,172.9302704957662,-0.036009952,0.027596707,-0.094702885,0.0061618662,77.81611,1080.0
1331,168.82411742630975,173.66567719244762,-0.03689434,0.024392078,-0.09717147,-0.011935481,87.19025,1080.0
1332,169.7058589259924,174.52932814288485,-0.04122111,0.017311605,-0.08940526,-0.0030570137,72.91814,1080.0
1333,170.4022359038608,175.3010116512351,-0.0394295,0.01791636,-0.08839185,-2.5600857e-05,73.24349,1080.0
1334,171.10574207217758,175.7517502473065,-0.040130615,0.017762614,-0.08732164,-0.0020149513,71.54079,1080.0
1335,172.00677291833216,175.78256678115358,-0.038288314,0.019886158,-0.07847318,0.0051475526,67.34273,1080.0
1336,173.16188837776483,175.51205193464398,-0.040584933,0.018413091,-0.08190251,0.0023455867,67.088646,1080.0
1337,174.47114426483668,175.22744096012272,-0.041182905,0.021774178,-0.08313237,0.0070877923,63.49581,1080.0
1338,175.7252765940709,175.22436357142772,-0.04125078,0.021538345,-0.08439608,0.0050753276,65.86799,1080.0
1339,176.6777299979398,175.63211940142006,-0.041077226,0.021122262,-0.09178603,0.0004557009,72.912766,1080.0
1340,177.12655477739654,176.35152967474394,-0.035686523,0.023602974,-0.096272334,-0.013208206,90.57545,1080.0
1341,176.97469121463888,177.14655941014558,-0.035897262,0.024624351,-0.106764674,-0.023518823,100.4644,1080.0
1342,176.26120910861138,177.79210234945856,-0.034259826,0.024990337,-0.10567632,-0.028707772,110.31295,1080.0
1343,175.17243120435782,178.17548516741644,-0.033575326,0.023468893,-0.10425997,-0.0297183,109.80036,1080.0
1344,173.99539921434732,178.32141410084336,-0.032035038,0.023288077,-0.10415164,-0.0301228,110.50316,1080.0
1345,172.9996013105294,178.33094862517717,-0.028736651,0.017244015,-0.10316784,-0.042065825,115.18401,1080.0
1346,172.32415468965564,178.29024822241044,-0.0294307,0.01763122,-0.10755689,-0.049106456,115.117805,1080.0
1347,171.95557837577852,178.24468219769065,-0.029369157,0.016519532,-0.10506705,-0.051332686,116.13662,1080.0
1348,171.7878983025003,178.22342022958023,-0.030703848,0.015912458,-0.10760549,-0.054488994,120.65489,1080.0
1349,171.68967310328145,178.23974530703094,-0.030406866,0.019974208,-0.09895246,-0.039388727,114.52797,1080.0
1350,171.54898704551601,178.29400946159686,-0.030079424,0.019853126,-0.08842474,-0.039850134,113.40572,1080.0
1351,171.31055125004676,178.40757001734127,-0.033371482,0.020677412,-0.09399561,-0.040375322,111.51525,1080.0
1352,170.99312679261274,178.61638418864072,-0.033753853,0.01932048,-0.09550544,-0.039966583,110.14606,1080.0
1353,170.67124624756957,178.91927737911018,-0.03384405,0.01932958,-0.096717834,-0.03909621,110.12889,1080.0
1354,170.433718805526,179.262264891349,-0.033847217,0.01862485,-0.09468644,-0.039648805,109.20004,1080.0
1355,170.34599792362485,179.56524795839954,-0.036143437,0.024227848,-0.087825574,-0.021400508,101.219315,1080.0
1356,170.43133732516839,179.73447917762422,-0.034934092,0.021790965,-0.08898502,-0.024649331,104.6759,1080.0
1357,170.66832598982631,179.6656210028306,-0.034941666,0.024095492,-0.09038623,-0.024883864,105.4243,1080.0
1358,171.0037039812264,179.29228414903943,-0.034396533,0.022239035,-0.09078307,-0.027893066,108.53815,1080.0
1359,171.37558426851416,178.66174140931045,-0.033914637,0.023711763,-0.09174093,-0.041671105,113.0614,1080.0
1360,171.73057244390182,177.9481188169757,-0.033855014,0.022998357,-0.09224543,-0.042163424,114.04415,1080.0
1361,172.03282977152077,177.3692384088113,-0.03379296,0.022686768,-0.08543142,-0.020623412,102.75886,1080.0
1362,172.27220105757223,177.07857462003412,-0.03578819,0.022574784,-0.089150436,-0.016692832,101.53264,1080.0
1363,172.46361194646582,177.12281008330075,-0.0360776,0.020253642,-0.09574167,-0.026631165,102.34629,1080.0
1364,172.63506573657656,177.46335943066993,-0.034902785,0.017571654,-0.08761868,-0.028473211,102.187454,1080.0
1365,172.81014219555976,177.99421393677213,-0.036140554,0.015500754,-0.10248227,-0.043358386,115.73058,1080.0
1366,172.99172580576646,178.55690529437453,-0.035224404,0.015992764,-0.10991697,-0.062036812,127.24973,1080.0
1367,173.15751922016545,178.99450370304527,-0.03791792,0.016552338,-0.1152359,-0.06896899,130.72502,1080.0
1368,173.26219324533042,179.20112112002022,-0.037427943,0.015779538,-0.11398875,-0.06879485,129.23111,1080.0
1369,173.25464633607024,179.12362055018085,-0.03991117,0.014997525,-0.11364899,-0.066662684,126.49363,1080.0
1370,173.1251595625052,178.75558763885016,-0.040367804,0.015008884,-0.11809715,-0.081702426,133.38705,1080.0
1371,172.92830484794607,178.15128533939188,-0.041082256,0.014738012,-0.1195152,-0.07936136,131.48732,1080.0
1372,172.74916196201985,177.43655019097062,-0.04277293,0.014520574,-0.11912367,-0.079527,131.88185,1080.0
1373,172.67147290978696,176.77949668459544,-0.04291212,0.013142028,-0.12287937,-0.088842064,137.61327,1080.0
1374,172.76064011724307,176.32355810470997,-0.043379154,0.011804368,-0.12240177,-0.092318006,137.29858,1080.0
1375,173.02951179553943,176.13376254860822,-0.043354854,0.0119345775,-0.12026407,-0.087062754,135.16423,1080.0
1376,173.41334775078917,176.18832729288698,-0.04275162,0.011857746,-0.11887246,-0.083256304,133.11504,1080.0
1377,173.79089629400045,176.40183779525015,-0.041820895,0.013670914,-0.11737286,-0.07709752,128.0129,1080.0
1378,174.0449145649136,176.64662872793133,-0.040327568,0.01546255,-0.11832609,-0.07027919,121.95312,1080.0
1379,174.12192407361778,176.7811258680033,-0.039496247,0.015458369,-0.118145466,-0.06437214,119.9039,1080.0
1380,174.0518456262801,176.7060181355895,-0.03897705,0.015285831,-0.116972014,-0.064749315,121.753975,1080.0
1381,173.92223137165107,176.40510527722006,-0.038347993,0.015110948,-0.105161995,-0.060198918,118.01792,1080.0
1382,173.82391657710136,175.94692687012773,-0.039570052,0.014485903,-0.100608714,-0.05569082,114.45199,1080.0
1383,173.80319494801367,175.46993879431847,-0.039323766,0.014127915,-0.105694465,-0.05563643,114.0686,1080.0
1384,173.84903065130246,175.15724753844364,-0.038585126,0.014293247,-0.104512304,-0.057931576,115.15664,1080.0
1385,173.90638276061264,175.15452724069297,-0.03862367,0.011553108,-0.10646046,-0.06381262,120.080444,1080.0
1386,173.90825910285557,175.41105602013016,-0.0402693,0.015374586,-0.10419046,-0.055920213,114.4308,1080.0
1387,173.81722347939692,175.63993943012042,-0.041057896,0.012714782,-0.10608181,-0.059624508,118.73168,1080.0
1388,173.64106572929887,175.53645613895222,-0.04089604,0.0126295015,-0.10615607,-0.062422577,118.8618,1080.0
1389,173.41460060567283,175.0209191956925,-0.039971303,0.012459621,-0.10210537,-0.060837414,118.30233,1080.0
1390,173.17733768113345,174.27165311983305,-0.04002742,0.014898371,-0.10319016,-0.057311162,114.56033,1080.0
1391,172.9580534781387,173.54815299992828,-0.03993519,0.012722128,-0.09160467,-0.04535712,106.93244,1080.0
1392,172.7521380872211,172.94816070339596,-0.043038543,0.012396042,-0.09983701,-0.05516965,117.06073,1080.0
1393,172.50544567066532,172.3828282265558,-0.043521628,0.012327661,-0.10256647,-0.04247157,112.8688,1080.0
1394,172.143875807584,171.82121603027335,-0.043339424,0.01178959,-0.10857459,-0.04999599,116.151085,1080.0
1395,171.6394895754151,171.43618620424047,-0.043130834,0.012761179,-0.10895154,-0.04792271,113.120056,1080.0
1396,171.04730607859508,171.47657977871532,-0.041940026,0.01515924,-0.11163172,-0.046085555,112.47365,1080.0
1397,170.5037088746855,172.06948918367914,-0.037494067,0.018194806,-0.11453524,-0.028972117,109.38965,1080.0
1398,170.24479900996013,173.09793313846603,-0.039855335,0.017233219,-0.1158549,-0.029940937,108.93019,1080.0
1399,170.5712039250672,174.23138632626322,-0.03915756,0.018711062,-0.119883165,-0.038639635,112.58632,1080.0
1400,171.66249703010487,175.15239615421197,-0.03961662,0.019105418,-0.11898425,-0.036330245,109.70701,1080.0
1401,173.39801811903274,175.76377106623306,-0.039163828,0.019306296,-0.1171016,-0.036287945,112.31906,1080.0
1402,175.36367891019106,176.14189556812897,-0.039250467,0.01863878,-0.116586246,-0.03676464,111.58906,1080.0
1403,177.0346450658421,176.3661646864629,-0.036338355,0.019341476,-0.12080355,-0.05432691,132.15433,1080.0
1404,178.02800668924354,176.4632034990511,-0.030218732,0.022275854,-0.12715629,-0.056756224,151.70966,1080.0
1405,178.24744510782787,176.4446366447497,-0.027628185,0.019619863,-0.12327842,-0.07666448,150.47586,1080.0
1406,177.83790671859035,176.36974127564056,-0.03015651,0.019090526,-0.12220391,-0.06570836,143.42632,1080.0
1407,177.07101770005983,176.38649929705213,-0.031093795,0.019252636,-0.122387014,-0.07128963,152.23535,1080.0
1408,176.2293639648304,176.6264405760834,-0.034978174,0.018787667,-0.12717381,-0.062031526,147.52466,1080.0
1409,175.44687305510863,177.01006022850947,-0.0358989,0.021377563,-0.1351866,-0.066009805,162.15538,1080.0
1410,174.65591114671523,177.11914849738974,-0.035204116,0.020255478,-0.13343777,-0.06484697,158.77641,1080.0
1411,173.8028379008456,176.3465556980909,-0.035018187,0.025325267,-0.13592586,-0.056632232,151.62083,1080.0
1412,173.04312040118367,174.38098384553447,-0.034024216,0.027873429,-0.13302934,-0.046900373,145.55841,1080.0
1413,172.62211830764997,171.4381944188968,-0.036406565,0.029616801,-0.13397528,-0.03449484,139.5409,1080.0
1414,172.60458315465,167.9177097524975,-0.035853293,0.03007838,-0.1270088,-0.036747288,137.4757,1080.0
1415,172.75647080949722,164.1900238287775,-0.035109624,0.022451047,-0.12818061,-0.051083516,136.96288,1080.0
1416,172.77595747652984,160.78602727649996,-0.036556613,0.02471367,-0.13301234,-0.042819805,128.4631,1080.0
1417,172.6654374189187,158.28490909874037,-0.032052953,0.023617497,-0.12188727,-0.043036766,130.43968,1080.0
1418,172.71514771164763,156.96091710310378,-0.030140009,0.025731122,-0.11710279,-0.038074862,127.75284,1080.0
1419,173.1194593561342,156.73252466046483,-0.03314565,0.026860584,-0.12164177,-0.03150971,126.74496,1080.0
1420,173.78461340394784,157.29362338871275,-0.035539526,0.028219547,-0.12428673,-0.017610677,124.22248,1080.0
1421,174.473564623281,158.3946086716995,-0.03471533,0.026832864,-0.12314967,-0.01883867,123.28819,1080.0
1422,174.99796423372243,160.0890266770242,-0.02740309,0.022290604,-0.11588366,-0.033101767,127.2997,1080.0
1423,175.33528960546613,162.54470064768066,-0.024153363,0.019601554,-0.114303365,-0.040789146,128.81075,1080.0
1424,175.60228833790856,165.5997776593108,-0.028979322,0.021880679,-0.11894972,-0.03558539,127.1961,1080.0
1425,175.8188137538658,168.53559435662015,-0.028011972,0.021521194,-0.11850417,-0.036519427,126.18094,1080.0
1426,175.79831157621112,170.42959056750257,-0.030566914,0.020838957,-0.12406051,-0.035763353,127.48591,1080.0
1427,175.41180153968713,170.84211935666653,-0.024478998,0.020281503,-0.13071369,-0.056168392,132.11108,1080.0
1428,174.8422306481713,170.10386824958482,-0.032198135,0.020294784,-0.14455985,-0.053992715,135.53833,1080.0
1429,174.47601854023907,169.02047576602806,-0.030889384,0.013748395,-0.14525022,-0.06827378,146.18304,1080.0
1430,174.59460043133495,168.41916944535527,-0.031045476,0.015356219,-0.13607511,-0.06549581,143.81204,1080.0
1431,175.19473923997407,168.8108132538368,-0.035605706,0.015170458,-0.13246392,-0.06493714,143.78616,1080.0
1432,176.01660353633832,170.18181266167076,-0.03588579,0.016166773,-0.124444075,-0.060787823,141.04724,1080.0
1433,176.6477931564128,172.03346392953807,-0.027314194,0.013812002,-0.10773722,-0.06612294,141.67351,1080.0
1434,176.7120888913977,173.64374319418093,-0.028033052,0.011678286,-0.107177116,-0.070329145,139.11035,1080.0
1435,176.12925504700556,174.40931240195812,-0.032095168,0.011816971,-0.103581294,-0.07024949,135.0251,1080.0
1436,175.17992979641673,174.21053114879044,-0.03130058,0.014186746,-0.098994784,-0.07203654,137.79356,1080.0
1437,174.26672387566782,173.4128231192647,-0.034872945,0.01030443,-0.100153774,-0.075231366,138.17764,1080.0
1438,173.5435897362152,172.34364395349846,-0.040663484,0.00845837,-0.10078419,-0.07608716,134.45593,1080.0
1439,172.71838354549843,170.85787676865155,-0.041193023,0.0045769867,-0.10575454,-0.08607206,142.48216,1080.0
1440,171.29445740615023,168.5136157014139,-0.04249341,0.0065907794,-0.1044324,-0.08291934,135.85515,1080.0
1441,169.00991793203454,165.12225542625956,-0.045178846,0.0067204228,-0.103627354,-0.086837515,135.61084,1080.0
1442,166.05712237067974,161.03068740621833,-0.043461155,0.007537107,-0.10409704,-0.08369824,133.05148,1080.0
1443,163.07723405980872,156.95050470677106,-0.045976087,0.008711638,-0.10745443,-0.07945839,130.16956,1080.0
1444,160.94750088364432,153.60809335416147,-0.045355733,0.008808051,-0.10757593,-0.07221425,126.607315,1080.0
1445,160.35163855721459,151.3915795784536,-0.045883574,0.009522615,-0.112783365,-0.07146236,126.98428,1080.0
1446,161.42990252969318,150.2088161427615,-0.047382325,0.010294709,-0.11664225,-0.070244595,128.15585,1080.0
1447,163.75471477517684,149.6617339845,-0.046389602,0.010551904,-0.10752027,-0.061788518,121.13078,1080.0
1448,166.5561677659873,149.33924536734986,-0.045602698,0.009908521,-0.11103759,-0.06327227,123.43305,1080.0
1449,169.05020249709753,149.08860562555128,-0.04484038,0.010220195,-0.11053377,-0.06429313,124.31412,1080.0
1450,170.7414489964799,149.10299289973037,-0.04452707,0.00968221,-0.10916658,-0.06580265,122.53193,1080.0
1451,171.52232351868693,149.62656385386197,-0.044157635,0.009977044,-0.10483658,-0.06599158,122.73072,1080.0
1452,171.52583010254205,150.5574589751943,-0.04463631,0.009589329,-0.109851524,-0.06788138,124.129036,1080.0
1453,170.91868139779135,151.4566001770184,-0.044643883,0.00936819,-0.11019248,-0.06770881,123.29143,1080.0
1454,169.81229806136707,151.89754798273816,-0.043967295,0.011549603,-0.10874911,-0.058443308,119.23106,1080.0
1455,168.3283474695399,151.6983365383495,-0.042151615,0.012483837,-0.10703763,-0.059854493,126.24626,1080.0
1456,166.7042637178548,150.87799084223641,-0.0410089,0.012346536,-0.102838136,-0.059475,122.68591,1080.0
1457,165.28041898350008,149.61405508099412,-0.040000465,0.0127138775,-0.101605564,-0.061243355,124.60838,1080.0
1458,164.3760809355396,148.40406847256662,-0.034589924,0.0137294065,-0.0931236,-0.0575236,122.52455,1080.0
1459,164.158811956278,148.0110858896397,-0.028948804,0.015460403,-0.083831616,-0.056725085,127.21747,1080.0
1460,164.61060390149052,148.910915425196,-0.022688858,0.018490007,-0.07919069,-0.06296957,136.79715,1080.0
1461,165.62693444224888,150.96691062691417,-0.023324473,0.017563883,-0.07942737,-0.07141517,140.68668,1080.0
1462,167.0684067841429,153.57229176380767,-0.02698726,0.018703856,-0.084796876,-0.0679772,137.8159,1080.0
1463,168.6537467637739,155.45956591031447,-0.029033124,0.01929635,-0.088994965,-0.06788957,137.55263,1080.0
1464,169.94676026423633,154.72230389164486,-0.029337622,0.020682244,-0.092051186,-0.06714548,140.76599,1080.0
1465,170.58215531242146,150.19766852698515,-0.02432833,0.017432291,-0.0946718,-0.08756742,159.70618,1080.0
1466,170.46997433565687,142.9146239061277,-0.021137549,0.015639298,-0.09347093,-0.07269739,150.62553,1080.0
1467,169.7907398315546,135.76685829999786,-0.023807611,0.01889835,-0.08910816,-0.05720017,137.295,1080.0
1468,168.8709033376664,131.91047055161638,-0.022343049,0.015951114,-0.08755369,-0.055053994,131.02974,1080.0
1469,168.03247636253565,133.0503219344047,-0.02712538,0.01986926,-0.091896735,-0.051900763,124.43401,1080.0
1470,167.44963264626992,138.26409846219252,-0.032801934,0.0184149,-0.10059962,-0.0545142,123.231346,1080.0
1471,167.12393549803804,144.71613042762692,-0.03165323,0.016112123,-0.09633422,-0.05747904,121.76172,1080.0
1472,167.01078211280043,150.07635613705747,-0.03521768,0.015725624,-0.100328065,-0.05525552,116.53069,1080.0
1473,167.094836954386,153.66381988468666,-0.0347871,0.015893752,-0.09746529,-0.04593034,111.97694,1080.0
1474,167.34969277930557,155.67196542911137,-0.034776364,0.018019302,-0.097331464,-0.047675803,114.33079,1080.0
1475,167.73324039919973,156.51494880344075,-0.038390942,0.0153828375,-0.10055208,-0.05381179,110.43279,1080.0
1477,168.2514200921544,156.26104916166403,-0.030324582,0.013285714,-0.087012224,-0.060687963,127.264595,1080.0
1478,169.01059171239558,153.99449939930273,-0.034686334,0.01321883,-0.08911319,-0.061339512,119.46323,1080.0
1479,170.16496413218283,148.84230231336076,-0.038866848,0.012706022,-0.0917615,-0.06063758,115.52486,1080.0
1480,171.75023856473024,141.7175483156921,-0.039090928,0.011606457,-0.092797965,-0.06504434,118.43327,1080.0
1481,173.54944297822473,135.08259323335886,-0.03855393,0.011730815,-0.086931415,-0.059644856,114.11721,1080.0
1482,175.1219137102907,131.47379025332856,-0.038633164,0.012071567,-0.086517446,-0.054728303,109.46539,1080.0
1483,176.03578286789613,132.30812662327875,-0.042717036,0.007946212,-0.089862965,-0.0651541,109.803085,1080.0
1484,176.1655495020699,137.07075055997043,-0.04276208,0.0054764077,-0.09203966,-0.07396449,110.354416,1080.0
1485,175.7658507883669,143.55948508213365,-0.04311563,0.0057560676,-0.09427264,-0.07329158,111.55514,1080.0
1486,175.28535085399736,149.22275170972557,-0.043615554,0.003788277,-0.09479958,-0.07523603,112.0166,1080.0
1487,175.134942420199,152.26834722881253,-0.042420734,0.00049949926,-0.09490786,-0.08018081,115.315285,1080.0
1488,175.53407466423883,151.99528762529093,-0.042850014,0.00019613195,-0.09553528,-0.07926805,116.0742,1080.0
1489,176.45232496320193,148.9275516127722,-0.042322174,0.0005597998,-0.09412915,-0.07919863,116.676865,1080.0
1490,177.6537096865058,144.6155705407806,-0.041499782,0.0006579081,-0.09325234,-0.07855849,116.888466,1080.0
1491,178.8252504863145,140.7409279410631,-0.04071096,0.00094920973,-0.09268053,-0.07667861,115.780914,1080.0
1492,179.71363486486527,138.36094816955082,-0.04053554,-0.00012619584,-0.09225249,-0.08022848,117.28286,1080.0
1493,180.19289561920272,137.8209240788283,-0.04069638,0.0010364391,-0.09238349,-0.07945158,117.28356,1080.0
1494,180.26338622132891,138.87025558097818,-0.04073345,0.0028654875,-0.09040951,-0.08696368,123.15808,1080.0
1495,180.02784767516567,140.7976384493946,-0.041114356,0.0040453877,-0.08932653,-0.08167931,121.14185,1080.0
1496,179.6531285026103,142.71352711778601,-0.040917516,0.0033167521,-0.090745315,-0.08973052,125.21572,1080.0
1497,179.30856402851117,143.9438035944321,-0.039637472,0.0030186123,-0.08871138,-0.088884965,124.48182,1080.0
1498,179.10906118100192,144.32516366496245,-0.041951668,0.005027234,-0.09088508,-0.085995995,120.87327,1080.0
1499,179.09107446488548,144.25510075826466,-0.043710724,0.0035984463,-0.0917732,-0.0925456,119.06538,1080.0
1500,179.22113669567912,144.53028870479844,-0.044693276,0.003904724,-0.09274869,-0.09188772,118.88087,1080.0
1501,179.42463322034854,145.85170300323333,-0.042640574,0.0031639664,-0.09051395,-0.093355246,121.825935,1080.0
1502,179.61593730406403,148.16406101003415,-0.041869946,0.003418647,-0.09019018,-0.09462933,123.3478,1080.0
1503,179.71961611225802,150.65271173595752,-0.04226091,0.0039779665,-0.09082958,-0.093488626,122.40035,1080.0
1504,179.6928149859254,152.55228527074536,-0.03950122,0.004195065,-0.08361851,-0.09224557,121.97611,1080.0
1505,179.55459175113842,153.81520350953951,-0.03991637,0.00466529,-0.08699386,-0.09375511,122.06849,1080.0
1506,179.38490845244516,154.90360349169885,-0.039936095,0.007549286,-0.087381996,-0.084481046,114.76385,1080.0
1507,179.26776444013902,156.10948187687606,-0.039502576,0.0040547126,-0.08851849,-0.092140056,118.52602,1080.0
1508,179.23256826928377,157.4741450840373,-0.03929771,0.00014122856,-0.089882635,-0.10243163,128.50185,1080.0
1509,179.23868173530434,159.0224450997382,-0.040807486,0.005439193,-0.09513669,-0.08111315,113.17839,1080.0
1510,179.1983628068815,160.45546156859442,-0.040878013,0.005526253,-0.09364522,-0.080863275,113.633095,1080.0
1511,179.0391323069077,161.3491656772076,-0.0366719,0.0037702771,-0.07946563,-0.08704865,111.66355,1080.0
1512,178.77133983575618,162.00117319026901,-0.037961323,0.0035896583,-0.086874954,-0.08983838,112.9577,1080.0
1513,178.49610360421937,163.2819450441824,-0.03994926,0.0043400517,-0.100996345,-0.09313586,115.32231,1080.0
1514,178.34583299210084,165.75872834121918,-0.039035656,0.004055984,-0.10248006,-0.10100544,120.93507,1080.0
1515,178.40118058883706,169.30568389496617,-0.039141677,0.0044609634,-0.10388721,-0.10107156,120.585,1080.0
1516,178.6433245065207,173.22158443628487,-0.039231136,0.0055605005,-0.104939945,-0.098497346,119.41171,1080.0
1517,178.96522296004383,176.5957676623788,-0.039497714,0.0063936585,-0.10512927,-0.100647144,123.84195,1080.0
1518,179.19517762121973,178.7355582356297,-0.04299096,0.006823787,-0.11067397,-0.10227238,125.64919,1080.0
1519,179.13978968271985,179.41204642524656,-0.045136966,0.006938482,-0.113530815,-0.10060238,124.4129,1080.0
1520,178.69380724557666,178.8497306750355,-0.044649422,0.0038876287,-0.11207874,-0.111996405,128.607,1080.0
1521,177.92729372497914,177.55368687710097,-0.044812296,0.0031813728,-0.10983819,-0.110929646,126.73727,1080.0
1522,177.04415602970462,176.11675423363175,-0.045354716,0.0031270063,-0.10858793,-0.10900475,125.35025,1080.0
1523,176.26198290279237,175.04490774884454,-0.04622164,0.0030132718,-0.11014913,-0.1049098,121.9992,1080.0
1524,175.71851160814424,174.57863219368124,-0.045711715,0.001392647,-0.10885247,-0.10972697,124.380875,1080.0
1525,175.44403196005655,174.59957109885946,-0.045562856,-0.001981382,-0.105662934,-0.112550184,125.443275,1080.0
1526,175.37360544566812,174.71316310527766,-0.045784224,-0.0023398788,-0.103965536,-0.11300501,126.400246,1080.0
1527,175.3724921025306,174.47611716845117,-0.045430444,-0.0020355224,-0.10356242,-0.113276586,126.327515,1080.0
1528,175.27671232472886,173.63067673172463,-0.046019096,-0.001712686,-0.102529794,-0.11332124,127.19206,1080.0
1529,174.95339782470487,172.21363224856148,-0.048193473,-2.4527091e-05,-0.103561856,-0.11709516,129.65549,1080.0
1530,174.3597220571601,170.53499828274352,-0.04824394,-0.0018012718,-0.10331992,-0.11831509,131.30548,1080.0
1531,173.562379460254,169.03556876303375,-0.047555484,-0.0037085074,-0.10203778,-0.12134481,135.438,1080.0
1532,172.70820510004606,168.06622615221386,-0.04876839,-0.0023434109,-0.102366865,-0.11909219,133.98601,1080.0
1533,171.96112683497302,167.74429658459232,-0.049096227,-0.001900567,-0.101334356,-0.11902245,133.89359,1080.0
1534,171.4302020721412,167.95337685784142,-0.049128838,-0.0017974571,-0.10134142,-0.11884576,133.59918,1080.0
1535,171.13708416463408,168.4515700236647,-0.04912714,-0.0027502554,-0.099927664,-0.11954035,133.8858,1080.0
1536,171.04461894999056,169.03164547241437,-0.04798567,-0.0024074977,-0.09799951,-0.11896715,134.5898,1080.0
1537,171.09982063549887,169.5995300420525,-0.04788694,-0.0038655882,-0.097732656,-0.11992439,135.81842,1080.0
1538,171.2464117703515,170.1286415153533,-0.04712157,-0.003246816,-0.09710173,-0.119619355,135.09442,1080.0
1539,171.42329723189337,170.58412666101694,-0.047370233,-0.0028637357,-0.09736978,-0.11786877,133.14986,1080.0
1540,171.5811887812167,170.87015000763122,-0.04733802,-0.0044273944,-0.09729677,-0.11891171,133.96996,1080.0
1541,171.70460565825377,170.85172542725417,-0.04734565,-0.003994638,-0.0975877,-0.11766185,132.93594,1080.0
1542,171.8102654996526,170.4638002313867,-0.047194246,-0.0037360014,-0.09578987,-0.11671911,132.2028,1080.0
1543,171.9302795311962,169.7661213339033,-0.047359157,-0.0033658345,-0.09670314,-0.11530375,131.45316,1080.0
1544,172.09436772141393,168.86459586869273,-0.04730863,-0.0048518144,-0.097625226,-0.1171526,132.64415,1080.0
1545,172.3121131575451,167.85099951629107,-0.047583684,-0.004729179,-0.097908415,-0.114858836,131.84262,1080.0
1546,172.56709637263017,166.84153564037345,-0.04756594,-0.0027809143,-0.098380305,-0.110412344,130.70058,1080.0
1547,172.82418371277893,165.96568919021138,-0.047385097,-0.0045544095,-0.09683193,-0.11329679,132.68173,1080.0
1548,173.04143670996686,165.28746492220418,-0.047404934,-0.00353354,-0.09644956,-0.11238511,131.58704,1080.0
1549,173.1927190207972,164.80851563526622,-0.046990797,-0.005534165,-0.09377108,-0.1147663,132.94478,1080.0
1550,173.29195360417523,164.53623007805206,-0.04697226,-0.0053671096,-0.09122439,-0.11432012,132.25089,1080.0
1551,173.39344850585238,164.50313821024508,-0.04692038,-0.004594732,-0.08942487,-0.11227965,129.05086,1080.0
1552,173.56728184011402,164.7360895220049,-0.04672439,-0.005434531,-0.087427095,-0.1134741,130.04346,1080.0
1553,173.85555210399264,165.2221606510689,-0.046602037,-0.004625165,-0.085008465,-0.11271337,123.75894,1080.0
1554,174.21705323185293,165.89801137868915,-0.046445437,-0.008984658,-0.08318973,-0.11785501,129.84465,1080.0
1555,174.51411085215716,166.66720939382992,-0.046392202,-0.009234874,-0.08338211,-0.118411705,130.68353,1080.0
1556,174.58972966560205,167.40586853183808,-0.04638152,-0.010672053,-0.08368123,-0.1205316,132.07884,1080.0
1557,174.37795978735826,167.9549016592732,-0.04630025,-0.010066958,-0.0839039,-0.120716095,131.86198,1080.0
1558,173.952958231288,168.16918611844167,-0.04627115,-0.010861036,-0.083212845,-0.122462265,132.43886,1080.0
1559,173.50313084039576,168.01880269581497,-0.046179596,-0.010269758,-0.07899209,-0.12167839,129.68178,1080.0
1560,173.24853464141975,167.64127536795104,-0.04603458,-0.012119406,-0.07448476,-0.1227892,129.03835,1080.0
1561,173.32253966018175,167.2831934673451,-0.045984507,-0.011641015,-0.07344784,-0.122232564,127.43471,1080.0
1562,173.6997827652533,167.16581719233628,-0.046034355,-0.011131738,-0.07439773,-0.12226051,126.68749,1080.0
1563,174.23347108511732,167.3708877089214,-0.046246845,-0.010911729,-0.07503001,-0.12714994,130.01599,1080.0
1564,174.750498109493,167.81876886564353,-0.04626934,-0.010872424,-0.07479378,-0.12703882,128.35674,1080.0
1565,175.1245431886842,168.33739520696548,-0.046325628,-0.010263203,-0.07530619,-0.12641321,128.91074,1080.0
1566,175.30390473718637,168.77404023998366,-0.04654637,-0.010121296,-0.07575215,-0.1258125,127.62796,1080.0
1567,175.30145409650208,169.0733516018148,-0.046670813,-0.010053705,-0.07609361,-0.12559386,125.8975,1080.0
1568,175.1664941653943,169.271539479238,-0.046727557,-0.009907108,-0.07615198,-0.12493761,125.939316,1080.0
1569,174.96142001705533,169.43713514892985,-0.046732754,-0.009908408,-0.07624128,-0.12472189,126.29934,1080.0
1570,174.74552502782748,169.61712760219785,-0.04670981,-0.009884192,-0.076069415,-0.12468516,125.58302,1080.0
1571,174.5637615884564,169.82354237084175,-0.04657892,-0.009753503,-0.072092466,-0.12022488,122.98016,1080.0
1572,174.44896304663527,170.0523340052552,-0.046172585,-0.009938219,-0.071092166,-0.12099782,124.22674,1080.0
1573,174.42943716862524,170.29174669560547,-0.045937713,-0.009744093,-0.07042468,-0.11285979,120.24676,1080.0
1574,174.51856520852033,170.51466096645868,-0.04580214,-0.009605408,-0.06791026,-0.10884699,116.17117,1080.0
1575,174.69365604470772,170.68751967507345,-0.045802306,-0.009777889,-0.0680568,-0.1111221,118.02036,1080.0
1576,174.8961703118041,170.79429461005682,-0.04565718,-0.009932567,-0.06726645,-0.112206325,118.06959,1080.0
1577,175.05957542804217,170.84946566471527,-0.045728784,-0.009960711,-0.06666231,-0.11293134,118.787796,1080.0
1578,175.1459380715587,170.88965448600538,-0.04530097,-0.009812673,-0.064416446,-0.10669448,113.16499,1080.0
1579,175.169457921066,170.94880562240795,-0.045393486,-0.0102734035,-0.06344593,-0.109171405,114.928055,1080.0
1580,175.1826628763504,171.03203657086087,-0.045406483,-0.010525541,-0.063817,-0.113280684,117.0687,1080.0
1581,175.2296578266266,171.10612442571494,-0.04516347,-0.010506581,-0.06351578,-0.114536,117.2462,1080.0
1582,175.31740148264007,171.11795768273785,-0.044985116,-0.010505733,-0.06179301,-0.11495381,117.82396,1080.0
1583,175.42854487741323,171.03524113434275,-0.04494064,-0.01056948,-0.061437197,-0.11544368,117.83065,1080.0
1584,175.54201031469196,170.87980125013974,-0.045076553,-0.010844167,-0.061325412,-0.119236924,119.81856,1080.0
1585,175.64228014819065,170.7288424102804,-0.045072373,-0.011075818,-0.061402835,-0.11982976,119.82746,1080.0
1586,175.7247112638132,170.68245421754702,-0.045109104,-0.011153638,-0.060808364,-0.12042615,120.48519,1080.0
1587,175.79497070233293,170.8051884318214,-0.044581152,-0.011151745,-0.057950336,-0.120355114,120.95973,1080.0
1588,175.86280485533953,171.08361463449614,-0.04440172,-0.011117384,-0.05619925,-0.119995736,118.586365,1080.0
1589,175.93745814331618,171.44547861105735,-0.04458895,-0.01147297,-0.054366387,-0.1211367,120.19856,1080.0
1590,176.02489593681506,171.81636540148574,-0.044586353,-0.011715331,-0.0527667,-0.11342604,113.61562,1080.0
1591,176.12050160610667,172.16679297210248,-0.04489243,-0.011523381,-0.053670473,-0.11389154,114.95078,1080.0
1592,176.19623459729476,172.52477932760786,-0.04490441,-0.012556797,-0.052806146,-0.11554565,114.8362,1080.0
1593,176.20248458258527,172.93947830932257,-0.045591734,-0.01339343,-0.053737782,-0.12056387,118.7659,1080.0
1594,176.09494119988284,173.4216737060517,-0.046342693,-0.014140348,-0.05644978,-0.124512196,120.591736,1080.0
1595,175.85443618842882,173.9156133232406,-0.046993736,-0.015582897,-0.057354905,-0.13231662,123.42942,1080.0
1596,175.4841773557251,174.32607110675627,-0.047202613,-0.015571792,-0.058754873,-0.13159078,124.10206,1080.0
1597,175.0061909536381,174.57299117670627,-0.047479022,-0.0161334,-0.0601671,-0.13472426,125.15552,1080.0
1598,174.46116469947955,174.62432631637097,-0.047467437,-0.015963802,-0.05942869,-0.13353048,126.92513,1080.0
1599,173.90325264932738,174.49281679767364,-0.04775204,-0.015402108,-0.060541507,-0.13209638,125.83548,1080.0
1600,173.3896751063972,174.22155180256914,-0.048022855,-0.0149869565,-0.06126093,-0.13120425,125.26373,1080.0
1601,172.9619644911189,173.871951425991,-0.048077222,-0.014539648,-0.06131784,-0.13768765,129.63924,1080.0
1602,172.62446639071726,173.5102384379238,-0.048449762,-0.014115595,-0.06341835,-0.13672622,129.99011,1080.0
1603,172.3361974731624,173.19509410874056,-0.048571154,-0.0144925155,-0.0659668,-0.13699603,130.93663,1080.0
1604,172.02710205949478,172.96864118588792,-0.048655927,-0.0149376765,-0.06702056,-0.13703367,132.48015,1080.0
1605,171.63930949506067,172.84499046368873,-0.048721142,-0.015360684,-0.06919183,-0.13545369,130.39487,1080.0
1606,171.16751840701514,172.80132638401903,-0.048838522,-0.01556032,-0.06982247,-0.1354722,131.00993,1080.0
1607,170.6643686831903,172.7851185976536,-0.048953135,-0.015866457,-0.069840215,-0.13590552,131.84389,1080.0
1608,170.21252630377154,172.73308252538473,-0.049015693,-0.016209807,-0.07026203,-0.13697557,132.7945,1080.0
1609,169.8859024978716,172.59050569161354,-0.049351387,-0.015746448,-0.071217515,-0.1366178,132.23875,1080.0
1610,169.7169203970204,172.33045057416848,-0.049385183,-0.016035631,-0.0709315,-0.13715678,133.02458,1080.0
1611,169.68843177068553,171.96793907843954,-0.049586825,-0.015228808,-0.0706157,-0.13647342,131.04504,1080.0
1612,169.75550227774502,171.55556668108346,-0.04962695,-0.0146811595,-0.07056416,-0.13652934,131.42172,1080.0
1613,169.87527525150878,171.1553652245558,-0.049731106,-0.014324273,-0.07066809,-0.13657871,131.49191,1080.0
1614,170.02018303048698,170.8054792011565,-0.049899008,-0.014066371,-0.070958115,-0.1365201,131.42995,1080.0
1615,170.16966650537066,170.51098971312885,-0.05009042,-0.0136150215,-0.07113704,-0.13640478,131.45154,1080.0
1616,170.29712230835614,170.2624805385975,-0.050105963,-0.013269637,-0.07103017,-0.13652678,131.79066,1080.0
1617,170.36849543413084,170.05186286399834,-0.04986917,-0.014137889,-0.07071041,-0.13831005,133.84872,1080.0
1618,170.35258350450874,169.86697009872893,-0.049951624,-0.013804796,-0.07074591,-0.1381562,133.7614,1080.0
1619,170.242254047746,169.69074550901868,-0.049961966,-0.0147661,-0.07065226,-0.1403097,136.29861,1080.0
1620,170.079025790306,169.5258361807043,-0.04931573,-0.014831769,-0.06736501,-0.14275584,139.0708,1080.0
1621,169.9465529233162,169.4140520358688,-0.049333304,-0.015966712,-0.063690014,-0.14546743,140.86198,1080.0
1622,169.9214014653952,169.41371824491435,-0.049170543,-0.015584338,-0.062993705,-0.13842477,136.41527,1080.0
1623,170.0298273866762,169.54866176594098,-0.049071755,-0.015860183,-0.062301863,-0.13990337,137.6897,1080.0
1624,170.24698199253282,169.77714839780515,-0.04903084,-0.01593252,-0.059070334,-0.1349376,136.36525,1080.0
1625,170.52207484460237,170.01117785545662,-0.049050055,-0.014263916,-0.05850084,-0.13669091,137.51654,1080.0
1626,170.80462997986413,170.17111808738574,-0.048970878,-0.015149491,-0.054937858,-0.13949768,140.78947,1080.0
1627,171.05903109677985,170.23509374043198,-0.04878681,-0.015515843,-0.054305125,-0.1364136,139.39244,1080.0
1628,171.26613451468646,170.25176530901578,-0.04879156,-0.015895307,-0.053920437,-0.13781697,140.6075,1080.0
1629,171.4174460180033,170.30609278689687,-0.048736062,-0.016352704,-0.05127343,-0.13902345,142.76367,1080.0
1630,171.5090962721686,170.45586516952866,-0.04847949,-0.016036987,-0.043622393,-0.14301385,148.32951,1080.0
1631,171.54822176880077,170.6853957082731,-0.047884736,-0.015504512,-0.04216026,-0.14464623,150.55855,1080.0
1632,171.55934505271708,170.90795646499896,-0.047081783,-0.014978027,-0.03687032,-0.14317003,152.63194,1080.0
1633,171.56416268752642,171.0030169081658,-0.04675762,-0.014515319,-0.033108972,-0.14110763,153.27332,1080.0
1634,171.55940766419062,170.87353400055636,-0.04643713,-0.014820975,-0.03003721,-0.14303057,155.80568,1080.0
1635,171.53062591805198,170.50941930833474,-0.04633772,-0.015052683,-0.028703025,-0.14257942,156.49147,1080.0
1636,171.4815038750591,170.00109260547714,-0.046186715,-0.015083002,-0.029816635,-0.14256942,156.81805,1080.0
1637,171.4415098475661,169.48147628346044,-0.046263404,-0.015550458,-0.030394208,-0.14206055,155.94193,1080.0
1638,171.447282677217,169.0589818386758,-0.046034694,-0.016544398,-0.02887997,-0.14208479,155.80827,1080.0
1639,171.51216913975884,168.78624442163922,-0.04595399,-0.016588254,-0.02465063,-0.1523561,161.63155,1080.0
1640,171.60876273422096,168.6563995149175,-0.045850456,-0.01645666,-0.018825728,-0.15925932,167.01161,1080.0
1641,171.6840190345092,168.616385246838,-0.044963356,-0.016372314,-0.014957061,-0.15893883,168.28488,1080.0
1642,171.69163303133072,168.58223340299907,-0.044896442,-0.016445782,-0.01640738,-0.15888262,168.48445,1080.0
1643,171.60802505394375,168.44575329796626,-0.044924136,-0.016590316,-0.016903404,-0.15830073,167.81558,1080.0
1644,171.42148328560677,168.1006717352287,-0.044538144,-0.016543806,-0.016027324,-0.15778,168.17113,1080.0
1645,171.1199753261226,167.4912603908919,-0.044456594,-0.016468698,-0.01377004,-0.15758045,168.32266,1080.0
1646,170.70101912928575,166.62870350717046,-0.044631507,-0.016688764,-0.01374037,-0.15900566,168.41101,1080.0
1647,170.1897712423151,165.57562620638882,-0.04460517,-0.016776247,-0.012935215,-0.16104428,169.38356,1080.0
1648,169.6442979213583,164.43817932486675,-0.04447502,-0.017187303,-0.011880606,-0.16140239,170.41225,1080.0
1649,169.14139979453347,163.34339311002296,-0.044514805,-0.016801791,-0.011555425,-0.16046026,173.289,1080.0
1650,168.74643928507854,162.38599291213256,-0.044394203,-0.017222483,-0.010715174,-0.16215032,176.37254,1080.0
1651,168.493427134264,161.58549569094112,-0.044337858,-0.01715413,-0.0107043795,-0.1641171,178.0483,1080.0
1652,168.39480012119907,160.89889989571802,-0.044287167,-0.018612219,-0.0072077434,-0.16611579,177.44081,1080.0
1653,168.45483777079346,160.28854877402455,-0.044359222,-0.018568618,-0.007033002,-0.16948281,179.04402,1080.0
1654,168.6582268590837,159.7760465011379,-0.044517122,-0.0185483,-0.008491742,-0.16870326,176.52747,1080.0
1655,168.9543065926754,159.42643356495827,-0.045048747,-0.01861592,-0.009603938,-0.16996491,176.18437,1080.0
1656,169.27556656379886,159.30013873223552,-0.045532227,-0.018207014,-0.012171879,-0.16695446,172.43231,1080.0
1657,169.58366452069396,159.42408077506767,-0.045740254,-0.017761089,-0.0126315085,-0.16736208,172.6136,1080.0
1658,169.88895716657237,159.77152007916362,-0.045666333,-0.017439893,-0.013029875,-0.16575503,171.15024,1080.0
1659,170.21771194047756,160.24600804869027,-0.04570205,-0.017321976,-0.013313237,-0.16575518,171.03632,1080.0
1660,170.57062564862508,160.70633201561492,-0.04574489,-0.016636234,-0.0134206135,-0.16625081,171.60555,1080.0
1661,170.9110944055323,161.02899348677522,-0.045754213,-0.016207065,-0.013265482,-0.1644086,171.01512,1080.0
1662,171.17971608296165,161.14779515905377,-0.045751333,-0.016248435,-0.01452925,-0.16157122,167.96788,1080.0
1663,171.33506603550813,161.04639270795494,-0.045578286,-0.016496843,-0.01597307,-0.16074444,166.4645,1080.0
1664,171.39758559886755,160.74686739606287,-0.045662493,-0.016353521,-0.016131252,-0.15876622,165.56776,1080.0
1665,171.44527590874907,160.31538527098854,-0.04554449,-0.016534904,-0.018058721,-0.15807252,164.02687,1080.0
1666,171.5621625060235,159.84750686621302,-0.045627,-0.016261688,-0.018011417,-0.1564942,164.55943,1080.0
1667,171.78988177096355,159.42645039634266,-0.045627903,-0.016114835,-0.011013398,-0.15768915,166.96057,1080.0
1668,172.11326547594385,159.10004744030732,-0.045946587,-0.015772643,-0.012384316,-0.15248628,164.55057,1080.0
1669,172.47894365919106,158.890604799177,-0.0461753,-0.015733054,-0.013185063,-0.15253618,163.0228,1080.0
1670,172.83167381389777,158.80564783561752,-0.046376944,-0.0154415835,-0.013716351,-0.15208259,162.46753,1080.0
1671,173.1449142799888,158.83276786067378,-0.04647347,-0.015439408,-0.014655615,-0.15213385,161.75923,1080.0
1672,173.42629737405704,158.93845885646968,-0.04653145,-0.015319937,-0.015594878,-0.15209806,161.45604,1080.0
1673,173.69717863260135,159.08587658673818,-0.04682668,-0.015317649,-0.015932437,-0.15406471,162.88503,1080.0
1674,173.96794092568322,159.25143003741786,-0.046935186,-0.01506325,-0.01611232,-0.15426803,163.71367,1080.0
1675,174.2351860910502,159.41992059112428,-0.046960957,-0.015057175,-0.016540641,-0.15396641,163.51746,1080.0
1676,174.497164311263,159.57579893956517,-0.047254436,-0.014819082,-0.0180208,-0.15097705,161.87497,1080.0
1677,174.7590266092305,159.71596941903556,-0.047521237,-0.014616027,-0.018916942,-0.14967112,160.98569,1080.0
1678,175.02180050143446,159.86504120743965,-0.04750807,-0.014510458,-0.018336544,-0.15075167,161.80774,1080.0
1679,175.2818500240284,160.05775229154327,-0.04814922,-0.01446358,-0.015660208,-0.15534194,164.49187,1080.0
1680,175.54849542087857,160.3088768494012,-0.048342388,-0.01403995,-0.016273104,-0.1549634,164.65158,1080.0
1681,175.841876068179,160.6082997963002,-0.04808327,-0.0147496825,-0.017159186,-0.15501744,164.08615,1080.0
1682,176.15897045942927,160.9252139755062,-0.048286438,-0.014533403,-0.018218994,-0.15460685,163.98453,1080.0
1683,176.45885834281677,161.20913726735844,-0.048309665,-0.014505824,-0.019006405,-0.15459606,163.7941,1080.0
1684,176.69227632152536,161.41467532873247,-0.048743635,-0.014250974,-0.020268759,-0.1541964,163.96474,1080.0
1685,176.84152484253354,161.53917199886334,-0.0483217,-0.013941984,-0.019280894,-0.15499629,164.72195,1080.0
1686,176.94038685087133,161.62719055312604,-0.048525717,-0.01400056,-0.02092709,-0.15492472,164.6798,1080.0
1687,177.05813183513072,161.7426706131945,-0.04903073,-0.013842717,-0.021245433,-0.15586598,166.31909,1080.0
1688,177.24868480710478,161.94444634390618,-0.04900411,-0.013822372,-0.022878576,-0.15817904,166.3737,1080.0
1689,177.5073194309948,162.27778275324664,-0.049344834,-0.01399214,-0.023789978,-0.1582868,166.37122,1080.0
1690,177.77345200977626,162.77266162176016,-0.049327653,-0.01400107,-0.023588901,-0.16184661,168.66759,1080.0
1691,177.97281336738578,163.44014141118063,-0.049434125,-0.01462391,-0.019731537,-0.16046558,166.80478,1080.0
1692,178.0680690487776,164.26957034501189,-0.049769025,-0.014639113,-0.023879722,-0.16344565,169.27272,1080.0
1693,178.07787676757295,165.23082972892325,-0.0497866,-0.014070977,-0.026539443,-0.1599658,166.27338,1080.0
1694,178.0485892880619,166.27859484853198,-0.04964741,-0.01447655,-0.029828446,-0.15962994,163.91412,1080.0
1695,178.01278457686553,167.35155753908612,-0.049514942,-0.014459539,-0.033793416,-0.15695184,159.80775,1080.0
1696,177.97291468746832,168.36517550022236,-0.049499173,-0.014771469,-0.03701805,-0.15581673,155.17848,1080.0
1697,177.91193062147653,169.22290096794737,-0.049486965,-0.013726072,-0.03385473,-0.1537045,153.44292,1080.0
1698,177.81302533243922,169.85759060836932,-0.049128555,-0.014526339,-0.03282403,-0.15693831,154.13536,1080.0
1699,177.67884847690902,170.25988957233082,-0.04918484,-0.014521591,-0.03289631,-0.1555456,153.26582,1080.0
1700,177.54078670298196,170.4636394710539,-0.04919767,-0.014592687,-0.032730553,-0.15600996,153.3181,1080.0
1701,177.44465055545496,170.51730585987323,-0.04955902,-0.014227662,-0.034352057,-0.15367751,154.46968,1080.0
1702,177.42556685272598,170.4709993856336,-0.049499117,-0.014270471,-0.034387942,-0.15391326,153.4332,1080.0
1703,177.49345835891037,170.37774319967426,-0.050460193,-0.014019125,-0.036313035,-0.15018287,149.2917,1080.0
1704,177.62642095430172,170.3007264167375,-0.049927607,-0.014303137,-0.036413632,-0.15060359,149.55878,1080.0
1705,177.7778194382769,170.3125181134479,-0.050271098,-0.01395063,-0.037162554,-0.14989676,148.1039,1080.0
1706,177.9021395477509,170.47107047056298,-0.050177623,-0.0137797035,-0.037511926,-0.15023504,148.19034,1080.0
1707,177.9719183583521,170.78603348964285,-0.04989121,-0.013747887,-0.035850413,-0.15281466,148.78021,1080.0
1708,177.97537253186235,171.2081471701627,-0.049848374,-0.014149079,-0.039563835,-0.15460606,148.3428,1080.0
1709,177.9124642316953,171.65111334761937,-0.049819775,-0.013877869,-0.03965488,-0.15393612,149.0921,1080.0
1710,177.7882124440199,172.02396924456798,-0.049777955,-0.014404212,-0.037414722,-0.15368633,148.90584,1080.0
1711,177.5995366691422,172.2542725201638,-0.049929302,-0.014641006,-0.04033378,-0.15199153,146.6859,1080.0
1712,177.3360832403586,172.30418293467704,-0.050138403,-0.014033254,-0.050546605,-0.15097241,144.80522,1080.0
1713,177.00216905102783,172.18542077814317,-0.050719593,-0.012066254,-0.051364306,-0.147483,141.26155,1080.0
1714,176.62789546074058,171.96542343877638,-0.051279195,-0.012166963,-0.055411387,-0.14695898,142.04503,1080.0
1715,176.24755703119808,171.74565822004615,-0.05241383,-0.010500053,-0.056797057,-0.141162,136.33524,1080.0
1716,175.87383826442814,171.61383738097723,-0.052676335,-0.01088432,-0.059753135,-0.1411792,136.1235,1080.0
1717,175.5075604923179,171.60503136597123,-0.05286283,-0.012726311,-0.059001103,-0.13903114,134.13959,1080.0
1718,175.17357402574098,171.69416618158908,-0.052799195,-0.01280266,-0.058137737,-0.13978404,135.86716,1080.0
1719,174.93190409315932,171.81902903288628,-0.05202518,-0.013061975,-0.05893272,-0.13965039,135.63277,1080.0
1720,174.8446808940629,171.92471482252364,-0.051571656,-0.013265172,-0.060119234,-0.14012729,135.8087,1080.0
1721,174.93765897398555,171.99739401041853,-0.05182806,-0.013757324,-0.061635222,-0.14101097,135.8493,1080.0
1722,175.19196003034673,172.05606241338734,-0.05223711,-0.013930342,-0.061151292,-0.1493014,141.0026,1080.0
1723,175.55638595103858,172.11972216698362,-0.05292545,-0.013035132,-0.0629906,-0.14686102,140.8224,1080.0
1724,175.96293347369792,172.19477662112527,-0.052517757,-0.013698296,-0.06383825,-0.15210235,146.34573,1080.0
1725,176.34971219956125,172.28877266156454,-0.05290211,-0.012994723,-0.067370094,-0.14900264,145.16722,1080.0
1726,176.68812076223847,172.41574636328897,-0.052762803,-0.0131178675,-0.06683118,-0.15430103,154.02917,1080.0
1727,176.98930230191752,172.57465569451085,-0.052665655,-0.011987954,-0.061309136,-0.15578152,163.3695,1080.0
1728,177.28439371891176,172.724919151443,-0.05273782,-0.01174161,-0.060904495,-0.14346664,154.64905,1080.0
1729,177.60215742073322,172.79709607799478,-0.052652825,-0.012270017,-0.059738837,-0.14566746,158.61057,1080.0
1730,177.94994128209345,172.73677600336356,-0.052542567,-0.011710104,-0.059197377,-0.14572412,157.49283,1080.0
1731,178.30096940270266,172.53760608811874,-0.05249046,-0.011694025,-0.058200527,-0.14671306,159.55957,1080.0
1732,178.61002876599815,172.2375287052096,-0.052426316,-0.011604818,-0.055538826,-0.14775266,160.86469,1080.0
1733,178.84217825592984,171.89574924117636,-0.05352088,-0.011800441,-0.057198815,-0.1508376,162.12308,1080.0
1734,178.97470432764146,171.57679250811233,-0.0541674,-0.011765628,-0.056576822,-0.14993967,158.64735,1080.0
1735,178.98618499820336,171.33794691040177,-0.05413711,-0.011587779,-0.056467578,-0.14156206,150.86191,1080.0
1736,178.8659755867171,171.20940690634382,-0.05416141,-0.012205392,-0.05075819,-0.1396886,148.5921,1080.0
1737,178.62839004527402,171.1851711843005,-0.054646187,-0.012479118,-0.048819706,-0.15744331,161.0136,1080.0
1738,178.30992920929802,171.23719309835147,-0.05538652,-0.013507222,-0.049960498,-0.15407178,154.80695,1080.0
1739,177.95243272512096,171.33774224690632,-0.057361573,-0.014035034,-0.046182986,-0.15450756,157.07092,1080.0
1740,177.57564987622422,171.46582654006076,-0.056386594,-0.013860462,-0.03883034,-0.16395639,164.66827,1080.0
1741,177.1691950115223,171.58879355683877,-0.05554962,-0.013913557,-0.031100633,-0.16190872,166.34418,1080.0
1742,176.72707947456345,171.6470087132167,-0.054983858,-0.014144785,-0.03130205,-0.16035028,165.54298,1080.0
1743,176.2833601749341,171.57201886448334,-0.054328185,-0.0139687145,-0.033116095,-0.1583446,161.89326,1080.0
1744,175.90696790598588,171.33020941465008,-0.054538924,-0.014162021,-0.032856807,-0.15661533,161.80165,1080.0
1745,175.66367146851442,170.9502855598609,-0.055023704,-0.01337902,-0.033250596,-0.1546283,160.85834,1080.0
1746,175.578501967931,170.4948514818534,-0.05451078,-0.013775918,-0.023338713,-0.15541244,166.56047,1080.0
1747,175.62949572618837,169.98489444710998,-0.05375937,-0.013911805,-0.020894878,-0.15433209,166.71672,1080.0
1748,175.77457258718107,169.33896796290423,-0.05411863,-0.013631354,-0.021682909,-0.15295693,166.357,1080.0
1749,175.9794669263293,168.41098358588377,-0.05383363,-0.013247228,-0.020865263,-0.15280952,165.9516,1080.0
1750,176.2186840583233,167.12822866178396,-0.053774178,-0.01366498,-0.020712733,-0.1521939,166.26938,1080.0
1751,176.4576963429843,165.593313977437,-0.053814866,-0.014927052,-0.019633032,-0.15405838,164.95302,1080.0
1752,176.64163755857246,164.04804749462548,-0.052848138,-0.01594487,-0.018882696,-0.15553835,159.65518,1080.0
1753,176.71006933073352,162.7506246357292,-0.05318711,-0.015850406,-0.0191261,-0.1554439,162.15562,1080.0
1754,176.63357876409302,161.86953849334697,-0.052986484,-0.014863191,-0.02032708,-0.15044066,158.38847,1080.0
1755,176.43576747318113,161.44196740660635,-0.0529519,-0.015091169,-0.021175526,-0.14837115,158.58983,1080.0
1756,176.1792074282496,161.39454580813737,-0.05422917,-0.013703071,-0.024476906,-0.14353496,158.71426,1080.0
1757,175.9290354432527,161.6002468866918,-0.053233225,-0.013777104,-0.0196731,-0.14466675,161.24794,1080.0
1758,175.71429938474233,161.91588254255237,-0.052620612,-0.013790413,-0.015948769,-0.14421073,161.71176,1080.0
1759,175.51617310124817,162.1981699590908,-0.052111816,-0.013827769,-0.016932735,-0.1447113,161.04263,1080.0
1760,175.3032057557444,162.35243570695334,-0.052173417,-0.013865492,-0.024792368,-0.14374687,158.00342,1080.0
1761,175.08201110507284,162.38550811477083,-0.051912718,-0.0139272055,-0.025281213,-0.14362222,157.06128,1080.0
1762,174.91010743723666,162.39726837560588,-0.051802177,-0.013959136,-0.025638947,-0.144664,157.66995,1080.0
1763,174.85592232026542,162.51160961553046,-0.051655747,-0.013582894,-0.023457732,-0.1446041,157.3469,1080.0
1764,174.93876434268913,162.78895758113313,-0.051696606,-0.013729011,-0.02344174,-0.14431933,156.46112,1080.0
1765,175.10204556692275,163.1935035931586,-0.051039293,-0.013657237,-0.015437373,-0.14637694,159.59161,1080.0
1766,175.2438393506484,163.64690390096513,-0.050626006,-0.013511149,-0.015735485,-0.14574707,158.07605,1080.0
1767,175.27844949342486,164.09290052937573,-0.04965973,-0.013560628,-0.016606027,-0.14512555,155.98918,1080.0
1768,175.18704297790194,164.51101876469244,-0.048794046,-0.013575236,-0.015361193,-0.14673287,156.29253,1080.0
1769,175.0158338035978,164.89976879973958,-0.049504995,-0.013398403,-0.01794524,-0.14830364,158.66966,1080.0
1770,174.81121849653985,165.25538535973553,-0.049586035,-0.013381365,-0.018469578,-0.14798468,156.5745,1080.0
1771,174.56230830983577,165.56340304628637,-0.04978259,-0.013342822,-0.018041935,-0.1457736,153.99298,1080.0
1772,174.21738014728538,165.81400855030662,-0.049721103,-0.014105874,-0.017624693,-0.14580937,152.9421,1080.0
1773,173.74508987220813,166.0185481966168,-0.048842818,-0.0145326685,-0.0114634195,-0.14751093,155.20451,1080.0
1774,173.17719028921204,166.2058605453079,-0.04903864,-0.014562169,-0.011872524,-0.14803667,157.0674,1080.0
1775,172.59354703721107,166.40041989793514,-0.04819189,-0.014430434,-0.010971804,-0.15012316,159.0902,1080.0
1776,172.05482940081987,166.5974695984414,-0.048145264,-0.014687235,-0.011206959,-0.15270546,159.39233,1080.0
1777,171.54995967719304,166.762352939396,-0.047791656,-0.014588787,-0.010940721,-0.15283243,158.75981,1080.0
1778,171.0247071340398,166.85806836970752,-0.047474332,-0.014409581,-0.011151462,-0.15233228,157.72385,1080.0
1779,170.4593907158592,166.8736543854257,-0.04685505,-0.014470221,-0.011706995,-0.15179554,156.04123,1080.0
1780,169.90249496412315,166.83415940413838,-0.04654343,-0.014589182,-0.011809116,-0.15260836,156.44592,1080.0
1781,169.4275963202432,166.7888003351381,-0.046471547,-0.014339673,-0.015572103,-0.15071893,154.35829,1080.0
1782,169.06008583169154,166.7837582059095,-0.04670653,-0.0144503,-0.015567413,-0.15157795,154.29297,1080.0
1783,168.7489784857165,166.83940887552401,-0.046717834,-0.014411135,-0.015643707,-0.15107195,153.7186,1080.0
1784,168.41231076653784,166.9453852330801,-0.046422098,-0.014845107,-0.015327736,-0.15042579,153.86278,1080.0
1785,168.0066804673433,167.06816053013017,-0.046602037,-0.014659288,-0.01747883,-0.1493935,153.71758,1080.0
1786,167.56371040427473,167.1664786935097,-0.046580676,-0.014462167,-0.017585699,-0.14944683,153.21992,1080.0
1787,167.1698206257834,167.2119112927766,-0.046534617,-0.013977701,-0.017733483,-0.14865257,154.52524,1080.0
1788,166.90483758401265,167.20352499353274,-0.04684533,-0.014063263,-0.017762247,-0.14941075,156.48187,1080.0
1789,166.79390199903813,167.167332818503,-0.04697814,-0.01399652,-0.015971148,-0.15360887,158.66866,1080.0
1790,166.80710441703926,167.1405600066896,-0.04673965,-0.0149909975,-0.014794639,-0.15569746,161.84213,1080.0
1791,166.88242538161757,167.15061453229606,-0.046890087,-0.0147481,-0.01657082,-0.15578881,161.44807,1080.0
1792,166.94591469333147,167.20429366503066,-0.046938013,-0.014297881,-0.018048886,-0.1551595,160.63718,1080.0
1793,166.96854600876824,167.29696182690208,-0.04811305,-0.014365019,-0.014756831,-0.16244324,165.94008,1080.0
1794,167.071784624433,167.43396965755514,-0.049857304,-0.014761127,-0.01538069,-0.16039763,164.81013,1080.0
1795,167.51032968973692,167.63862025787708,-0.050445274,-0.015157008,-0.016539793,-0.1582587,163.30722,1080.0
1796,168.42888257990128,167.93576603827344,-0.051181596,-0.015119765,-0.016310345,-0.15796207,163.65646,1080.0
1797,169.66624543935495,168.32890713876148,-0.049693074,-0.018040128,-0.0140935825,-0.1535663,160.33795,1080.0
1798,170.8569719872196,168.7881400051413,-0.049709234,-0.01760203,-0.014074594,-0.15377674,160.83173,1080.0
1799,171.67707024817054,169.25611632295116,-0.050170727,-0.017514689,-0.017169133,-0.15362783,164.06937,1080.0
1800,172.03196261153417,169.66769742355748,-0.050478052,-0.017293237,-0.020601908,-0.1521211,166.01978,1080.0
1801,172.15535352143243,169.97201816561986,-0.050607696,-0.016746607,-0.016256997,-0.15309866,169.27095,1080.0
1802,172.49650377349383,170.14955521877351,-0.05042137,-0.016988628,-0.013018007,-0.16553402,176.87796,1080.0
1803,173.37398254423417,170.21434098178312,-0.050648045,-0.01648376,-0.0125856185,-0.16678266,177.49294,1080.0
1804,174.7452051660449,170.1976348520347,-0.050906993,-0.016289944,-0.0119700115,-0.1595007,176.8691,1080.0
1805,176.2792592140413,170.12685620095993,-0.05152684,-0.01627477,-0.013296904,-0.15945095,178.71812,1080.0
1806,177.54268395551276,170.0196039256545,-0.052563645,-0.01530304,-0.016537307,-0.15867247,177.47331,1080.0
1807,178.19386501292996,169.89411538286615,-0.05268696,-0.015245254,-0.017182752,-0.15887193,176.76016,1080.0
1808,178.162864731888,169.7771719495571,-0.052621573,-0.014974608,-0.017961347,-0.15823227,175.60567,1080.0
1809,177.6964214963539,169.7002096790588,-0.052554037,-0.014861467,-0.016533915,-0.16871698,180.18988,1080.0
1810,177.21138427481222,169.68726347289083,-0.052658815,-0.014647646,-0.023287455,-0.15878706,173.44276,1080.0
1811,177.04961629554143,169.7407196806028,-0.05340107,-0.010530119,-0.021252668,-0.1559133,170.01117,1080.0
1812,177.3093815990527,169.83992503010842,-0.054257203,-0.010395276,-0.01985338,-0.15532236,170.18423,1080.0
1813,177.8323603882287,169.96013810166485,-0.054420922,-0.010698474,-0.023127915,-0.1551612,169.31483,1080.0
1814,178.29038677878168,170.0880018257663,-0.054558367,-0.010939111,-0.022822909,-0.1607451,173.60663,1080.0
1815,178.36531488845878,170.21245448431569,-0.053961802,-0.011328859,-0.023680737,-0.15827875,172.47209,1080.0
1816,177.95473245278134,170.31267311599672,-0.054272745,-0.010133757,-0.020693857,-0.1621099,172.93163,1080.0
1817,177.21494127883108,170.36782470855312,-0.054182038,-0.011367317,0.0060896133,-0.1955782,204.84691,1080.0
1818,176.44023177586237,170.36928009334486,-0.05335795,-0.014435691,0.0089686075,-0.19631048,212.69122,1080.0
1819,175.86680199381584,170.30801593698567,-0.052825194,-0.014793707,0.0036054258,-0.18799146,207.8354,1080.0
1820,175.45263375156372,170.16113712836813,-0.053311214,-0.014327522,0.0028118556,-0.18510607,205.50116,1080.0
1821,174.95008827365007,169.91375425106526,-0.053298328,-0.013268591,0.0027883458,-0.18595618,214.05988,1080.0
1822,174.31292847315763,169.5905917672639,-0.053277306,-0.013496088,0.0025458443,-0.18480842,210.21375,1080.0
1823,173.8084108021172,169.25123081292782,-0.053103864,-0.013499027,0.0021909925,-0.18381268,208.37976,1080.0
1824,173.72492375511837,168.95511169333753,-0.05299338,-0.013754527,-0.00095621747,-0.18316975,205.0537,1080.0
1825,174.20168557898486,168.7378303849611,-0.05334275,-0.0110418815,0.002249541,-0.18003386,204.63835,1080.0
1826,175.20912599955415,168.62140178469784,-0.052743133,-0.013442626,0.008296882,-0.18277524,205.4395,1080.0
1827,176.51116734658825,168.63502164147397,-0.051806755,-0.014721114,0.009144762,-0.18849191,205.94798,1080.0
1828,177.730079191962,168.80849964737146,-0.05192272,-0.013588714,0.008866204,-0.18490961,207.02473,1080.0
1829,178.51366658847616,169.1421055895574,-0.052352734,-0.012994498,0.00841833,-0.18549004,212.38277,1080.0
1830,178.68571800427628,169.5915840861469,-0.052726634,-0.012508392,0.008305359,-0.1851653,210.2253,1080.0
1831,178.33388707396557,170.08563446344886,-0.05340011,-0.012082446,0.0066896793,-0.18028036,210.32642,1080.0
1832,177.73501854116833,170.55228900393402,-0.05346493,-0.011721321,0.0050782943,-0.17248651,203.90369,1080.0
1833,176.99428665199946,170.93348567415512,-0.053460635,-0.011625162,0.00391484,-0.16921385,203.33203,1080.0
1834,175.35811726096503,171.19532509535978,-0.05534199,-0.011461329,-0.0027385005,-0.16942513,202.85782,1080.0
1835,171.17460977019053,171.3461662183218,-0.05850282,-0.0100398315,-0.013008061,-0.16546717,193.33551,1080.0
1836,163.89771485220115,171.45284111515647,-0.057375815,-0.009814284,-0.008670326,-0.17342518,203.81442,1080.0
1837,155.9865965592659,171.61263548071645,-0.05689878,-0.009899196,-0.0022078902,-0.17904896,210.15033,1080.0
1838,150.75075652860377,171.88052549447139,-0.056751676,-0.00987303,-0.0021306355,-0.17446712,208.9324,1080.0
1839,147.58874885954464,172.23160069769185,-0.056641415,-0.009860908,0.00036779334,-0.17750336,211.40279,1080.0
1840,141.57734566706827,172.59311894677148,-0.056410555,-0.010031467,0.005014321,-0.17998835,213.73418,1080.0
1841,130.01661734393937,172.89508661786064,-0.056017898,-0.009993659,0.008534185,-0.18375406,218.07352,1080.0
1842,117.18977354216969,173.09884685205998,-0.055976585,-0.009825135,0.0070971455,-0.18380384,215.07408,1080.0
1843,110.28592265003932,173.2027795074226,-0.0558982,-0.0098440945,0.0063611064,-0.18300612,212.78828,1080.0
1844,112.89482769068525,173.23351502054643,-0.05591041,-0.009828327,0.0062567815,-0.18267621,212.46233,1080.0
1845,123.32972554236156,173.22878973796975,-0.056086846,-0.009652371,5.4196957e-05,-0.1730597,205.54941,1080.0
1846,136.86482883222897,173.22083275037187,-0.05592804,-0.009657034,0.0016174316,-0.18261683,209.5399,1080.0
1847,148.74012711375482,173.22953215127893,-0.055561375,-0.009670003,0.00096136023,-0.16837604,202.02011,1080.0
1848,156.039896638713,173.26706465760753,-0.055580422,-0.009796001,0.0005767822,-0.16867615,201.66206,1080.0
1849,158.131361679921,173.34251492779777,-0.055494916,-0.009949522,0.005467733,-0.16883673,204.08311,1080.0
1850,156.3465542532579,173.45725626779048,-0.054782614,-0.011532621,0.005953301,-0.1720446,202.8585,1080.0
1851,153.07470696866483,173.6006380680513,-0.054531466,-0.011498571,0.005234556,-0.17189953,203.07011,1080.0
1852,150.46595419279737,173.75522954934087,-0.054401822,-0.011680942,0.0042128386,-0.17154084,201.81378,1080.0
1853,149.57601003669583,173.914343345646,-0.05400238,-0.011626378,0.0032945985,-0.16668981,198.90399,1080.0
1854,150.26283767128257,174.1065733074799,-0.056210496,-0.011451128,0.0023223876,-0.1732865,201.47629,1080.0
1855,151.49203880762914,174.39200938002836,-0.056216713,-0.011961196,0.00087975396,-0.17012483,200.39722,1080.0
1856,151.84842332881738,174.8102349556879,-0.056184106,-0.011434145,0.001824047,-0.17302024,201.93741,1080.0
1857,150.07367115120556,175.3345379952238,-0.055921316,-0.010431247,-0.0014077646,-0.16737543,193.68588,1080.0
1858,145.4275929715268,175.8858839576938,-0.055085473,-0.009533126,-0.0015979343,-0.16173604,189.64667,1080.0
1859,137.78465737219176,176.38733749996086,-0.054821495,-0.00869217,-0.004674615,-0.15871546,185.69182,1080.0
1860,127.24365874630148,176.81734086471187,-0.053919982,-0.00784703,-0.0055523906,-0.1602701,186.16087,1080.0
1861,113.78066912003516,177.2199863356865,-0.054082066,-0.008354723,-0.008423813,-0.15742546,181.87164,1080.0
1862,97.91651619955728,177.65118332541127,-0.053478044,-0.007643806,-0.009829712,-0.15097418,176.553,1080.0
1863,81.86150206101186,178.11814311406872,-0.054316826,-0.008603668,-0.010952646,-0.14943635,173.68068,1080.0
1864,70.06962429425683,178.57712604936265,-0.054693434,-0.00934468,-0.013825198,-0.14898475,170.61275,1080.0
1865,67.94785454114327,178.97361126670884,-0.053916026,-0.009164089,-0.015209226,-0.1488875,168.65596,1080.0
1866,78.32779334206927,179.2763045453891,-0.053555466,-0.009174968,-0.016557934,-0.14775191,165.1456,1080.0
1867,99.02892546188005,179.4775778789372,-0.052976426,-0.009525864,-0.018654492,-0.14526314,164.25781,1080.0
1868,124.0491825998633,179.57335282730025,-0.055589408,-0.0085413335,-0.024038639,-0.14038236,159.70879,1080.0
1869,146.5502106881106,179.56595899426003,-0.05592849,-0.0099848425,-0.022834383,-0.13978072,157.13715,1080.0
1870,161.59651640266057,179.48924753668018,-0.055620547,-0.010066534,-0.022137055,-0.14043617,157.89064,1080.0
1871,167.38325368459522,179.40304767740795,-0.055057667,-0.009883372,-0.021250464,-0.13926089,157.43736,1080.0
1872,164.26896272040287,179.35074813386584,-0.05472248,-0.009149565,-0.023025004,-0.1392145,156.3413,1080.0
1873,153.8045337267012,179.33891097141486,-0.05500918,-0.008955553,-0.026062464,-0.13708836,153.41383,1080.0
1874,139.25402382823415,179.34967658029117,-0.055804614,-0.012652984,-0.024762472,-0.13316175,147.17699,1080.0
1875,125.38407851695554,179.33868517296773,-0.055554144,-0.012517152,-0.024477132,-0.12701572,145.1858,1080.0
1876,116.54471043414493,179.23381596264787,-0.055631116,-0.012027571,-0.024753598,-0.12822601,145.59229,1080.0
1877,114.81318911734553,178.976682021877,-0.055154815,-0.011657969,-0.02534903,-0.1291116,146.00677,1080.0
1878,119.48838944831562,178.57724091546368,-0.056794286,-0.011315353,-0.026597708,-0.1297213,147.30759,1080.0
1879,127.94744945106021,178.12937382347528,-0.056750093,-0.012251791,-0.026539613,-0.13072762,144.66806,1080.0
1880,137.13259250268186,177.76948838036847,-0.056435537,-0.01280851,-0.02018862,-0.13350104,148.39423,1080.0
1881,144.83691763684277,177.6021150205125,-0.0558453,-0.012508223,-0.019883445,-0.13518573,148.98158,1080.0
1882,150.26044937817022,177.64699646270597,-0.054368593,-0.01237598,-0.016821912,-0.13577338,150.23276,1080.0
1883,153.67457092008536,177.84042428584476,-0.05349285,-0.011003226,-0.01363452,-0.13887177,154.52745,1080.0
1884,155.62099912891512,178.07843860808538,-0.05351828,-0.009505463,-0.01373438,-0.14073433,156.40434,1080.0
1885,156.42941119510414,178.2703591838501,-0.05376395,-0.008229263,-0.015813304,-0.14234635,157.04608,1080.0
1886,156.31640973412544,178.37418575273634,-0.054263476,-0.008155031,-0.020192634,-0.1422537,155.59451,1080.0
1887,155.5659788390929,178.40659679474075,-0.05428772,-0.0079466645,-0.019056985,-0.1438828,155.57355,1080.0
1888,154.43956171514287,178.4312443162922,-0.05435678,-0.0076273885,-0.019552669,-0.14418897,155.01434,1080.0
1889,153.07288732650903,178.52058886077634,-0.055968504,-0.0072957072,-0.021998765,-0.14456151,154.00668,1080.0
1890,151.60665056355364,178.70561953764224,-0.057445217,-0.006622371,-0.025305968,-0.14649647,153.7843,1080.0
1891,150.37192743874283,178.95585393508094,-0.057092793,-0.0067382813,-0.028851658,-0.14647867,152.37604,1080.0
1892,149.8558110851357,179.21078170108925,-0.056939755,-0.0056811017,-0.031038241,-0.1475228,153.01749,1080.0
1893,150.43229879342533,179.4274837416903,-0.058205273,-0.0032609727,-0.033818677,-0.14550328,149.43689,1080.0
1894,152.09874030951326,179.59479771606732,-0.05797916,-0.0042570042,-0.034894478,-0.14718366,152.43217,1080.0
1895,154.45668895320944,179.71194797866866,-0.059140466,-0.0041030883,-0.03798003,-0.14645255,150.53151,1080.0
1896,156.89667355533746,179.7623987441049,-0.057761695,-0.004552601,-0.041449934,-0.14567414,148.56885,1080.0
1897,158.79525865235613,179.71131592101995,-0.057565477,-0.005514696,-0.043250926,-0.1472362,149.91615,1080.0
1898,159.70062924661514,179.53452323977436,-0.05744985,-0.0068734065,-0.04388733,-0.14931194,152.29616,1080.0
1899,159.4548643584522,179.250827960631,-0.057362366,-0.0067258766,-0.043500774,-0.15276524,155.79086,1080.0
1900,158.10152638922293,178.9243198640382,-0.05690494,-0.008100241,-0.04363087,-0.15493754,157.86967,1080.0
1901,155.70867495226588,178.6321610133575,-0.05609792,-0.007132721,-0.04437177,-0.15577623,159.67558,1080.0
1902,152.27944388089028,178.4191022202326,-0.056012247,-0.0059999535,-0.045232024,-0.15706192,161.54932,1080.0
1903,147.75968063454474,178.27338895201993,-0.056030102,-0.004493261,-0.04588024,-0.1576945,164.092,1080.0
1904,142.2125077647525,178.14551954112144,-0.0560717,-0.004452797,-0.04573811,-0.1588936,164.18147,1080.0
1905,136.03936297697788,177.99300422838928,-0.055572,-0.0060299626,-0.04615224,-0.15951374,165.20906,1080.0
1906,130.05277749278378,177.81365674397986,-0.055399068,-0.006186648,-0.047533896,-0.15931474,163.6811,1080.0
1907,125.41332703332571,177.6436832822051,-0.05386957,-0.0073321024,-0.04775758,-0.15932293,161.3201,1080.0
1908,123.21685546039677,177.52081890948583,-0.053797234,-0.0068352595,-0.046103526,-0.16078477,162.90875,1080.0
1909,123.75783296852518,177.44344838528662,-0.053737838,-0.0072538303,-0.045993157,-0.15896153,159.79724,1080.0
1910,126.28212098341388,177.36813327198664,-0.0536308,-0.007202177,-0.046496075,-0.15433572,156.16791,1080.0
1911,129.55174149888595,177.24583647842783,-0.053516358,-0.0068661445,-0.04602124,-0.15270407,158.26654,1080.0
1912,132.52433676993317,177.05800202707815,-0.053508166,-0.0069884406,-0.04592805,-0.15177928,158.09007,1080.0
1913,134.6459581926441,176.8192886431342,-0.05369229,-0.006368086,-0.04735458,-0.14978462,156.54362,1080.0
1914,135.89042484071257,176.54559361297584,-0.05393677,-0.00568664,-0.04697486,-0.14857423,154.79222,1080.0
1915,136.62874667301222,176.23218154552455,-0.053865276,-0.004692671,-0.04737266,-0.14517839,151.74481,1080.0
1916,137.29475389327362,175.8736603508909,-0.05383713,-0.0045894766,-0.047621436,-0.1413777,148.20432,1080.0
1917,138.18524998028704,175.4958076171996,-0.054178875,-0.00188463,-0.047473993,-0.13439408,143.99083,1080.0
1918,139.53626918956226,175.17015315568258,-0.05421171,-0.0017554389,-0.04599564,-0.13287862,143.68625,1080.0
1919,141.4714511390546,175.00006632299394,-0.053722523,-0.004111085,-0.047578204,-0.13639067,147.18024,1080.0
1920,143.87512324965363,175.07159541693628,-0.05383493,-0.0044517233,-0.045446496,-0.13596901,147.3411,1080.0
1921,146.59370607507083,175.40873828175557,-0.05379859,-0.0048824735,-0.044306777,-0.1362619,147.529,1080.0
1922,149.68516509419126,175.97074555899513,-0.05644695,-0.002609705,-0.048648298,-0.1302854,142.7848,1080.0
1923,153.24699396148947,176.6533378814025,-0.056942806,-0.0008127566,-0.051125817,-0.12719585,142.12,1080.0
1924,157.03707206001,177.284380051271,-0.056665435,0.0007357845,-0.051360123,-0.1279143,144.77942,1080.0
1925,160.3712918075074,177.68380809095706,-0.055955563,0.0026556791,-0.052713916,-0.12970346,147.45439,1080.0
1926,162.393609768667,177.76734352462583,-0.058063198,0.002490856,-0.059356067,-0.12941644,145.0217,1080.0
1927,162.487361645305,177.57737845935517,-0.0598461,0.0029047083,-0.060087077,-0.13277772,149.37404,1080.0
1928,160.62576589178516,177.2291938713652,-0.059510294,0.0026194255,-0.059913125,-0.1313173,147.93338,1080.0
1929,157.46124520991611,176.85409502153627,-0.058399398,0.00078741,-0.059054565,-0.13346314,150.48672,1080.0
1930,153.95563008221364,176.5675543570017,-0.058061615,0.0021429274,-0.058330733,-0.13755253,153.57051,1080.0
1931,150.83726571685472,176.44411000199017,-0.058596972,0.0023380986,-0.06140374,-0.1374775,152.26065,1080.0
1932,148.4629301378976,176.49323053270834,-0.058162097,0.002810132,-0.056835543,-0.1412603,156.87866,1080.0
1933,147.0021752809297,176.66908694110617,-0.056211457,0.002376839,-0.05456136,-0.14085233,157.23631,1080.0
1934,146.4193627842296,176.94122575044085,-0.057328515,0.0032609445,-0.05358536,-0.14177345,158.26456,1080.0
1935,146.31406443986202,177.33476534486329,-0.057012938,0.001592961,-0.05308945,-0.14456259,159.98508,1080.0
1936,146.0463341904927,177.85860790954203,-0.05671483,0.00061362935,-0.052601453,-0.14660396,160.6463,1080.0
1937,145.1030236479719,178.4327039139133,-0.057923947,0.0006658201,-0.06057163,-0.14636445,154.89133,1080.0
1938,143.25184009594454,178.9201876846538,-0.055272534,-0.00041444568,-0.061921183,-0.15042807,159.36322,1080.0
1939,140.3565653018706,179.20396399640322,-0.054796234,0.002798151,-0.06178866,-0.15397146,164.21661,1080.0
1940,136.2694667955346,179.23603542199044,-0.0536091,0.0023347642,-0.0619452,-0.1515599,159.78075,1080.0
1941,130.9836567245928,179.06311446607043,-0.05407602,0.000988713,-0.061455507,-0.15496917,163.8593,1080.0
1942,124.76731848914501,178.80921177447115,-0.054904684,0.00082863704,-0.06365633,-0.15331669,160.34009,1080.0
1943,118.27890489071473,178.5963416278062,-0.05484608,0.00063855207,-0.067824975,-0.15449812,161.26363,1080.0
1944,112.77786579205564,178.49054775265563,-0.05389687,0.0011945936,-0.06822075,-0.15331133,160.63338,1080.0
1945,109.99055541266009,178.5092228826126,-0.05356903,0.0026936284,-0.06859097,-0.15678765,166.03609,1080.0
1946,111.21253796497105,178.62453398846898,-0.052449204,0.0030880116,-0.07031521,-0.15957935,169.09616,1080.0
1947,116.25239098718104,178.7777744816282,-0.052377205,0.0030715095,-0.070321426,-0.16101874,170.3138,1080.0
1948,123.35516934726265,178.9198704508182,-0.05174696,0.0039929426,-0.0696913,-0.16075417,170.92369,1080.0
1949,130.28154954169673,179.02201513095955,-0.055720802,0.0043545193,-0.07473156,-0.15930349,167.32018,1080.0
1950,135.55539522212305,179.06398016122327,-0.054721747,0.0037933914,-0.0740548,-0.15576364,165.57065,1080.0
1951,138.91943771559576,179.03556738663585,-0.057572316,0.0039957683,-0.079398826,-0.1543814,162.31168,1080.0
1952,140.97663783589832,178.9303641472968,-0.05652104,0.0038098088,-0.078045145,-0.15108487,160.4529,1080.0
1953,142.63155819813494,178.752936102909,-0.05657665,0.0043588146,-0.07744502,-0.14708586,156.99677,1080.0
1954,144.63396147511472,178.55171988552894,-0.057109013,0.005108671,-0.075724676,-0.14558224,155.30936,1080.0
1955,147.20889182191232,178.39808606916387,-0.05393462,0.00571306,-0.07551473,-0.14440978,154.36377,1080.0
1956,149.9876350014714,178.32349474849613,-0.058013804,0.00569215,-0.07997798,-0.13992323,149.85641,1080.0
1957,152.3601446121511,178.28889004189034,-0.058014594,0.005920947,-0.080402575,-0.1371289,148.59879,1080.0
1958,153.89832423749164,178.188597206661,-0.05809665,0.0057587516,-0.08211133,-0.13793491,146.7838,1080.0
1959,154.53699645342053,177.90662154182874,-0.057774637,0.0053022034,-0.081421636,-0.13884749,146.30743,1080.0
1960,154.56670978839998,177.41307129152608,-0.05678835,0.004057849,-0.08108639,-0.14068086,148.2841,1080.0
1961,154.4773623719895,176.8076047770091,-0.05554606,0.002501396,-0.076759055,-0.13719457,141.41808,1080.0
1962,154.664445062543,176.26816622148957,-0.052798122,0.0036912141,-0.07631576,-0.13645263,141.31602,1080.0
1963,155.2274182079464,175.95261680225448,-0.05638597,0.0034814905,-0.07996696,-0.13340098,138.14734,1080.0
1964,156.02511754611132,175.91576110245163,-0.0578125,0.003906702,-0.08444983,-0.13226955,137.33125,1080.0
1965,156.87354995057953,176.0831615471964,-0.057754517,0.004043466,-0.083793186,-0.12766218,134.58981,1080.0
1966,157.66739920571072,176.28725730617168,-0.057793286,0.002997024,-0.08331496,-0.12970264,137.21393,1080.0
1967,158.35598014477256,176.34223229125018,-0.056998357,0.002971197,-0.083443254,-0.1281495,133.6215,1080.0
1968,158.89865307895843,176.13113880038003,-0.05632923,0.002860684,-0.08216112,-0.12909664,135.7453,1080.0
1969,159.26716515251874,175.6688327087073,-0.05620298,0.0027961165,-0.07473054,-0.13054748,137.44221,1080.0
1970,159.44575532261754,175.09619806900673,-0.056906804,0.0015389902,-0.0713753,-0.12884644,134.73643,1080.0
1971,159.43535378623463,174.6009225436867,-0.05689426,0.0016119498,-0.07353855,-0.12935302,134.66814,1080.0
1972,159.2845222509111,174.33065099127813,-0.056085546,0.0019718877,-0.074953884,-0.12806493,132.91748,1080.0
1973,159.0862127201895,174.35253706544378,-0.055213645,0.002280624,-0.0779098,-0.1262515,131.03079,1080.0
1974,158.93367893865812,174.63943751480383,-0.055291295,0.0016020315,-0.07709769,-0.12729795,127.6588,1080.0
1975,158.91326051567268,175.08131892589444,-0.05622231,0.00095853454,-0.07740287,-0.12658347,121.932495,1080.0
1976,159.0996048386817,175.5452099125397,-0.05599241,0.00078950106,-0.07742423,-0.1268113,122.80997,1080.0
1977,159.49204074508583,175.93724172483567,-0.054815672,0.00077240553,-0.07949117,-0.12673241,123.527954,1080.0
1978,159.97167503725507,176.20916961934876,-0.054898296,0.0010800962,-0.07904787,-0.12857188,126.038574,1080.0
1979,160.36724469764712,176.33011701670057,-0.055265073,0.0018224645,-0.0792138,-0.12701511,123.82348,1080.0
1980,160.6035012387745,176.27355445489053,-0.05438617,0.0019327799,-0.08131623,-0.12804845,126.33878,1080.0
1981,160.7852929566159,176.0387250360437,-0.054354068,0.002001727,-0.07943601,-0.1293967,126.96175,1080.0
1982,161.09662072511583,175.68599285494471,-0.05481635,0.0019941824,-0.08054131,-0.12864184,125.582016,1080.0
1983,161.6115394158028,175.33591609408458,-0.054506768,0.0014474092,-0.08002026,-0.12834543,123.84562,1080.0
1984,162.2164588941736,175.11148914130564,-0.053196885,0.0016517922,-0.080810204,-0.12957174,124.79225,1080.0
1985,162.70130832634447,175.07074587239245,-0.054507334,0.0022131742,-0.08286008,-0.12827206,124.379745,1080.0
1986,162.8953907932065,175.1827331571155,-0.055198953,0.0026705423,-0.08427599,-0.12942064,126.58339,1080.0
1987,162.75087981690982,175.35929682615546,-0.054491058,0.0020812424,-0.08416341,-0.1294498,126.625755,1080.0
1988,162.37637160256318,175.52183358541637,-0.05399882,0.002691735,-0.08416251,-0.13123722,128.03708,1080.0
1989,161.97850391581412,175.6407479818492,-0.05460996,0.002607953,-0.08465294,-0.13001677,127.50333,1080.0
1990,161.73463288716601,175.70875858859446,-0.055094965,0.0018419054,-0.08508211,-0.12780182,125.50366,1080.0
1991,161.7457462999853,175.7114715981944,-0.053793672,0.0032501502,-0.08757675,-0.12372069,124.52437,1080.0
1992,162.0867411722262,175.6578177766642,-0.053354107,0.004395803,-0.08808108,-0.122383006,128.44373,1080.0
1993,162.81985365509502,175.61915445492673,-0.053729247,0.0050511677,-0.09029089,-0.12531891,131.63206,1080.0
1994,163.95856483652852,175.70047987072553,-0.0536143,0.0054267882,-0.09173064,-0.12406475,131.72241,1080.0
1995,165.45267751492582,175.96392367263576,-0.05431982,0.0043106927,-0.09286239,-0.12445229,132.09067,1080.0
1996,167.1658368974453,176.38312167866968,-0.054802902,0.004656898,-0.093467996,-0.12185513,130.41144,1080.0
1997,168.8857633135299,176.86008960230652,-0.05353111,0.00573041,-0.0958235,-0.122285545,131.26454,1080.0
1998,170.41719837121047,177.28086934933626,-0.053762026,0.006196114,-0.09717249,-0.12580563,133.28712,1080.0
1999,171.62413115481135,177.5761954665318,-0.0537349,0.0055961893,-0.097327,-0.12560461,132.61862,1080.0
2000,172.39474259953963,177.74814042052014,-0.053893477,0.005921032,-0.09823088,-0.11916922,129.90445,1080.0
2001,172.67124890612374,177.8355162052604,-0.0539752,0.0059953476,-0.098412976,-0.11638961,128.37842,1080.0
2002,172.54217141085627,177.85897652287738,-0.05373603,0.005741882,-0.09927108,-0.11774648,128.06445,1080.0
2003,172.24491346220347,177.81866966004358,-0.05294766,0.006524969,-0.10146338,-0.11819368,130.63597,1080.0
2004,172.02077043179776,177.73579745164204,-0.052670512,0.0071137324,-0.10112485,-0.11663262,128.86536,1080.0
2005,171.9611793906771,177.66800372009175,-0.052605975,0.007023451,-0.10197245,-0.11629054,127.79445,1080.0
2006,172.00602082096475,177.6789026181767,-0.05258111,0.0075463755,-0.10181139,-0.116887555,129.69635,1080.0
2007,172.05658463072623,177.79782607815633,-0.052306224,0.007835784,-0.101781435,-0.117929414,131.01047,1080.0
2008,172.0442841627395,178.00075957366352,-0.052380823,0.00842045,-0.10186598,-0.11679758,131.61473,1080.0
2009,171.9268222347219,178.22351995196496,-0.051435683,0.008531302,-0.1043457,-0.116697155,130.88943,1080.0
2010,171.69726224387503,178.39777053232754,-0.05220608,0.008774397,-0.10545507,-0.119113415,133.68538,1080.0
2011,171.40603930924115,178.48004060841754,-0.052007943,0.00833209,-0.105266996,-0.119273886,133.914,1080.0
2012,171.13901917461519,178.45853773665772,-0.05201461,0.008763236,-0.104989514,-0.115538396,132.13828,1080.0
2013,170.97341682211785,178.34777269192497,-0.05211566,0.008814974,-0.105006464,-0.1157929,132.3063,1080.0
2014,170.96082249219802,178.1779529672773,-0.052090794,0.008887482,-0.10488496,-0.11703567,132.79741,1080.0
2015,171.11895512043634,177.9814003652007,-0.05256698,0.008663828,-0.10484472,-0.11843702,130.18977,1080.0
2016,171.41353328110165,177.7845698955921,-0.05238139,0.008665806,-0.10491163,-0.11673827,128.1551,1080.0
2017,171.765986709259,177.60978670871702,-0.052180424,0.0082173385,-0.10475283,-0.11714751,127.25602,1080.0
2018,172.09306421871932,177.4748311225858,-0.0522288,0.008580695,-0.1049547,-0.11516469,126.37971,1080.0
2019,172.33956336664338,177.38495881926443,-0.05219297,0.008948064,-0.1050354,-0.1132613,125.35711,1080.0
2020,172.4908667430627,177.32632637561758,-0.052281473,0.008871121,-0.1037722,-0.11362347,125.48003,1080.0
2021,172.57170236967661,177.26472447291113,-0.051479198,0.008952728,-0.104885414,-0.112924926,125.00553,1080.0
2022,172.63292788529867,177.1577121421845,-0.05082556,0.009071943,-0.10556087,-0.11298294,125.51148,1080.0
2023,172.72911304005228,176.98216567842735,-0.050851554,0.009578846,-0.10552832,-0.11107203,124.44224,1080.0
2024,172.88963947038837,176.74978805895626,-0.05099295,0.010208045,-0.1069623,-0.110370524,124.668,1080.0
2025,173.09619779305172,176.48629571461032,-0.050893825,0.010335004,-0.10709353,-0.11079181,126.85643,1080.0
2026,173.28736461839242,176.20314019558683,-0.050934628,0.010392394,-0.10718926,-0.11138563,128.63733,1080.0
2027,173.39021260878522,175.90310704726213,-0.050907955,0.010476938,-0.109523065,-0.10911376,125.87086,1080.0
2028,173.35593187341587,175.59487110217913,-0.050899137,0.010409432,-0.10938269,-0.107357845,124.08286,1080.0
2029,173.18294084939495,175.28398333726682,-0.0508858,0.010467557,-0.1093299,-0.10823896,124.82931,1080.0
2030,172.92262641311845,174.96259098800408,-0.05081787,0.010379622,-0.10967825,-0.10802717,125.919304,1080.0
2031,172.6620825698867,174.61613931450032,-0.05083765,0.010355123,-0.109581165,-0.10837312,126.32336,1080.0
2032,172.4880813319477,174.23990420264383,-0.05072236,0.010173091,-0.1098409,-0.10676945,124.73287,1080.0
2033,172.45412688523058,173.84971972851122,-0.050342135,0.008609122,-0.11096553,-0.1081717,125.44626,1080.0
2034,172.56811064177623,173.47282610553276,-0.050323375,0.008948121,-0.11063978,-0.10783892,125.51302,1080.0
2035,172.79321057910207,173.13692410447882,-0.05025691,0.009696848,-0.11050607,-0.10793471,123.65843,1080.0
2036,173.05822505814004,172.877130217157,-0.049842212,0.010151587,-0.11023006,-0.10618382,124.416115,1080.0
2037,173.2899827891564,172.73704518345096,-0.049945634,0.009871589,-0.110140085,-0.106400415,124.62157,1080.0
2038,173.4538743443554,172.7468852016851,-0.04999401,0.009801907,-0.10994432,-0.10663794,124.22737,1080.0
2039,173.5662576393522,172.89547529955973,-0.05030676,0.009766246,-0.11119102,-0.10545683,122.48643,1080.0
2040,173.66844357678508,173.11418630922063,-0.050462738,0.009713378,-0.111088276,-0.10562558,122.48857,1080.0
2041,173.78747956180612,173.29513813272655,-0.05070371,0.008733085,-0.111421034,-0.106574275,123.114044,1080.0
2042,173.91444661866674,173.34622036097616,-0.050529536,0.008785305,-0.11149744,-0.10658937,123.072044,1080.0
2043,174.00899869785337,173.23515476890762,-0.050547734,0.008391684,-0.11119521,-0.10692003,122.813446,1080.0
2044,174.0212270246065,172.98530911497875,-0.050835278,0.008408978,-0.11236098,-0.108326465,123.46247,1080.0
2045,173.90619636816365,172.64370859529603,-0.05092536,0.008439099,-0.11279885,-0.10835422,125.131516,1080.0
2046,173.61587980821554,172.25873251197473,-0.050982215,0.008442292,-0.113072485,-0.10518406,121.10155,1080.0
2047,173.11393532216033,171.87778105799694,-0.0509873,0.008304935,-0.11316619,-0.10549427,120.96769,1080.0
2048,172.43138167223935,171.5506237084011,-0.0508346,0.00831392,-0.111681335,-0.103824414,119.3898,1080.0
2049,171.6824891937517,171.3204784796517,-0.05097758,0.008160089,-0.111895755,-0.1044131,119.13085,1080.0
2050,171.00917754943563,171.20277595269897,-0.05098346,0.00860802,-0.11242846,-0.105382085,120.23446,1080.0
2051,170.51923223397887,171.17403794405706,-0.050988544,0.0083604315,-0.11257098,-0.10493936,119.59136,1080.0
2052,170.2622065756356,171.1840837415942,-0.05119188,0.008923284,-0.11345384,-0.10376728,118.82743,1080.0
2053,170.23879442087357,171.18257659766726,-0.05113367,0.009108169,-0.11389635,-0.10274975,118.224365,1080.0
2054,170.41443730849488,171.14423643857995,-0.05117764,0.009110825,-0.114495285,-0.1016681,117.49681,1080.0
2055,170.7114270674131,171.07557466837343,-0.05135645,0.008524012,-0.114726424,-0.10105585,116.80299,1080.0
2056,171.0123677954245,170.99988825558768,-0.051363796,0.00898316,-0.1146941,-0.10156103,117.44996,1080.0
2057,171.21388646511153,170.93684129096178,-0.051442917,0.008884176,-0.115455344,-0.10155631,118.72971,1080.0
2058,171.29271104734983,170.89222522080257,-0.05139861,0.008494907,-0.11591051,-0.10528853,123.34021,1080.0
2059,171.32480171051495,170.86678921252914,-0.051339384,0.009070672,-0.116462536,-0.10409577,122.346924,1080.0
2060,171.43527051643886,170.874184623473,-0.051285356,0.009221564,-0.11697602,-0.10408176,122.06402,1080.0
2061,171.70696769969945,170.93591802933818,-0.05109965,0.009674722,-0.1175935,-0.10412369,123.250275,1080.0
2062,172.1228812085248,171.0527511428179,-0.05090061,0.010502257,-0.11794095,-0.10490706,124.07069,1080.0
2063,172.58518591974484,171.19033422750016,-0.050700095,0.011161183,-0.11853084,-0.10268854,122.91788,1080.0
2064,172.98005421285566,171.29295818005937,-0.05059905,0.010857815,-0.11880154,-0.10427585,125.724365,1080.0
2065,173.23433675423536,171.31170391941504,-0.05048071,0.010768636,-0.120203204,-0.10421603,125.25059,1080.0
2066,173.3286890384478,171.229869053727,-0.050490882,0.010710935,-0.11995363,-0.100262366,120.51647,1080.0
2067,173.27379605586808,171.06621433208338,-0.05054604,0.010794632,-0.11981416,-0.09881213,119.25623,1080.0
2068,173.09055614788028,170.85338135461438,-0.050562765,0.010745409,-0.119635575,-0.09909114,121.63708,1080.0
2069,172.81010033105682,170.61355230971603,-0.05055542,0.010536109,-0.11973278,-0.10252844,125.206635,1080.0
2070,172.4730634513655,170.35261419998687,-0.05056695,0.010448484,-0.11963592,-0.1027144,126.55647,1080.0
2071,172.1222085086506,170.06863348656896,-0.05046477,0.010376853,-0.12065509,-0.10280827,127.14294,1080.0
2072,171.79601358747198,169.75541482232973,-0.050424986,0.010424522,-0.1206153,-0.10574021,130.78896,1080.0
2073,171.5206178728747,169.40275403966433,-0.05039153,0.010327431,-0.11933582,-0.10417771,127.80332,1080.0
2074,171.3033739714901,169.00893697225834,-0.050392546,0.010364306,-0.11932,-0.104100175,128.4747,1080.0
2075,171.14010453548664,168.59463150776304,-0.05008703,0.01093603,-0.12020105,-0.10094398,127.13608,1080.0
2076,171.0318166333059,168.19795638044357,-0.05030201,0.011297269,-0.1217995,-0.098020144,126.81853,1080.0
2077,170.98226597183202,167.8686746457546,-0.050250243,0.0113388905,-0.12386316,-0.09635823,127.99683,1080.0
2078,170.97233941623023,167.6780990294589,-0.050170787,0.01181861,-0.123858415,-0.09580971,128.42883,1080.0
2079,170.95241851180776,167.70650220554273,-0.050680656,0.012566913,-0.12440954,-0.09467957,128.8353,1080.0
2080,170.86772944901597,167.99070490151234,-0.0505674,0.012907692,-0.124745235,-0.09573155,129.43025,1080.0
2081,170.68164512625503,168.4859572961502,-0.05056017,0.01383927,-0.12657651,-0.09829746,133.92168,1080.0
2082,170.37925515597925,169.07998065560525,-0.051041666,0.013633728,-0.12691605,-0.09860814,133.06874,1080.0
2083,169.9751442142389,169.63674897410812,-0.05102268,0.013644465,-0.1270683,-0.09810008,133.42906,1080.0
2084,169.5221636038603,170.04055655954042,-0.0509665,0.013915959,-0.12764746,-0.096799806,133.24751,1080.0
2085,169.08276128679648,170.23195456208603,-0.051005047,0.01451416,-0.12781893,-0.094766684,131.78896,1080.0
2086,168.67544313595332,170.22073448129134,-0.049927324,0.015656874,-0.12912337,-0.08968133,129.02963,1080.0
2087,168.23796197850473,170.06079045580302,-0.04905859,0.015776401,-0.1307321,-0.087006435,129.38124,1080.0
2088,167.62855906226494,169.81141468521383,-0.04816804,0.0153689915,-0.13195167,-0.08803666,130.21039,1080.0
2089,166.68921953846578,169.51829992110686,-0.047384642,0.01739745,-0.13291241,-0.082077876,128.25728,1080.0
2090,165.34989783130777,169.21091817660846,-0.047574304,0.020069264,-0.13299198,-0.07987018,129.24542,1080.0
2091,163.697867604262,168.90478097376243,-0.04775176,0.021265157,-0.13426332,-0.079119615,128.47322,1080.0
2092,161.95692011940517,168.60880184895967,-0.047368027,0.021301383,-0.13454261,-0.076444045,127.19751,1080.0
2093,160.38493886699447,168.3324320933563,-0.04606493,0.020501737,-0.13605934,-0.076899186,128.4243,1080.0
2094,159.17713961851575,168.08984439712665,-0.046217404,0.020469496,-0.1357007,-0.07519913,127.293205,1080.0
2095,158.4339451560455,167.9065605555198,-0.04601983,0.019926395,-0.13501248,-0.07525389,126.55474,1080.0
2096,158.14986921913044,167.82223305427217,-0.046289966,0.019418843,-0.13554439,-0.07602378,127.74867,1080.0
2097,158.20960891114382,167.87709398098139,-0.046411473,0.017758744,-0.13491131,-0.07475029,125.80843,1080.0
2098,158.4276673350864,168.08497206082708,-0.047109984,0.017461283,-0.13557208,-0.07610507,126.582275,1080.0
2099,158.61671643861592,168.41069109764405,-0.0465566,0.017087752,-0.13612649,-0.07687146,128.07323,1080.0
2100,158.6434679946254,168.77456830840123,-0.046594463,0.01705944,-0.13786688,-0.08167736,130.53412,1080.0
2101,158.4603092149856,169.08926796526865,-0.046712916,0.015492701,-0.13767056,-0.0830444,132.50671,1080.0
2102,158.1136127480855,169.29696749308317,-0.0470329,0.013348219,-0.1386859,-0.08921786,138.35503,1080.0
2103,157.7109225002519,169.37809558650878,-0.04686788,0.014127322,-0.13851024,-0.086208,138.14459,1080.0
2104,157.3559855251516,169.34634831395945,-0.046795428,0.014302232,-0.13282177,-0.076466426,130.84186,1080.0
2105,157.10833989003297,169.24456200052288,-0.04716435,0.016697466,-0.13419111,-0.073430404,130.32718,1080.0
2106,156.9887347995801,169.12921692651517,-0.048210993,0.01590384,-0.13771328,-0.08002472,137.32423,1080.0
2107,156.9948396406546,169.05089373223112,-0.046718456,0.01652589,-0.13617294,-0.07911038,125.09251,1080.0
2108,157.0995700927384,169.0511092695502,-0.047408152,0.0151088005,-0.1354152,-0.07782271,125.01858,1080.0
2109,157.25010705965227,169.16022256551656,-0.04741358,0.014979666,-0.13632382,-0.08487263,129.86124,1080.0
2110,157.3907814526224,169.3815517633716,-0.04740239,0.0153244585,-0.1361822,-0.083159074,129.05997,1080.0
2111,157.4816389757464,169.6841559261939,-0.04785032,0.016366635,-0.13512461,-0.0740739,127.058174,1080.0
2112,157.47704697273966,170.02131929421168,-0.048662312,0.015423641,-0.13762286,-0.07917961,130.18155,1080.0
2113,157.29595472231193,170.35920634701532,-0.048569743,0.016072026,-0.13699646,-0.07819061,130.98035,1080.0
2114,156.84593822838897,170.69006005589694,-0.048470844,0.01620167,-0.13798998,-0.08083982,132.5655,1080.0
2115,156.10241948454163,171.0228943009048,-0.049045816,0.016149336,-0.13705873,-0.08624983,137.38187,1080.0
2116,155.16803554852459,171.36363805851445,-0.049309738,0.016054733,-0.13656616,-0.08784256,138.99585,1080.0
2117,154.23347637867425,171.70294004408825,-0.05013993,0.01519798,-0.13808565,-0.0930312,139.20886,1080.0
2118,153.46269295968685,172.0221088657172,-0.05052773,0.01367244,-0.13705489,-0.0942517,141.18301,1080.0
2119,152.92263864623595,172.3068126944312,-0.050064765,0.014470362,-0.13503079,-0.09300435,139.10715,1080.0
2120,152.6049601998099,172.55771697579485,-0.050195765,0.014659627,-0.13474636,-0.09297245,138.88036,1080.0
2121,152.4631854403053,172.8059830008036,-0.05068495,0.014540156,-0.13496755,-0.088774055,136.56067,1080.0
2122,152.4383522696138,173.1207127931647,-0.050701566,0.014569657,-0.1338471,-0.08845831,134.19543,1080.0
2123,152.50057227064164,173.5498032184349,-0.050875064,0.014127604,-0.13855428,-0.09390397,139.29338,1080.0
2124,152.66208558546643,174.03906663499765,-0.051456366,0.014540495,-0.13991518,-0.08908847,137.54065,1080.0
2125,152.94218834766684,174.47849911560016,-0.052603826,0.0144702485,-0.1375061,-0.09168871,139.55217,1080.0
2126,153.32950095203933,174.82690528781535,-0.05293568,0.014252048,-0.1374908,-0.09775218,142.64171,1080.0
2127,153.7512886296855,175.14966293496227,-0.05267673,0.01419836,-0.14329138,-0.09921013,144.8218,1080.0
2128,154.0769783610476,175.5617824884446,-0.052224617,0.014403676,-0.14298424,-0.098797604,143.585,1080.0
2129,154.1965702988204,176.13651052964957,-0.053795595,0.013778743,-0.14779483,-0.095748335,142.6031,1080.0
2130,154.10251541682877,176.82886041496343,-0.05267345,0.016414218,-0.14259565,-0.08021989,133.18637,1080.0
2131,153.868451990205,177.48970772382674,-0.0514046,0.017956572,-0.14363985,-0.07371162,129.12415,1080.0
2132,153.56619414348333,177.9684209555857,-0.050895862,0.01789839,-0.14040883,-0.086016,134.43677,1080.0
2133,153.23056331790337,178.16206386819118,-0.050293196,0.017114738,-0.13906929,-0.08369228,130.79048,1080.0
2134,152.87360098085782,177.99195233672373,-0.050761245,0.017337685,-0.13951722,-0.084836185,128.2826,1080.0
2135,152.51628475281697,177.4405580771496,-0.051944874,0.015411151,-0.14461438,-0.08509166,133.4609,1080.0
2136,152.2287909032654,176.60884786497684,-0.053173263,0.01578208,-0.14339678,-0.07948789,129.59663,1080.0
2137,152.1269102914283,175.7082809959459,-0.051770926,0.017822718,-0.13879316,-0.055117093,113.86306,1080.0
2138,152.30023004675684,175.02800033399797,-0.051960133,0.01807104,-0.13254146,-0.0546155,109.58965,1080.0
2139,152.73093718194988,174.8225230929183,-0.052613433,0.015964027,-0.13759087,-0.059255417,115.92522,1080.0
2140,153.26853968665458,175.1378475965743,-0.051963184,0.01600291,-0.13819823,-0.058543112,116.09965,1080.0
2141,153.70136940887818,175.81264406502953,-0.0546849,0.016352618,-0.13861462,-0.059295174,117.38953,1080.0
2142,153.90125245732096,176.6415401207735,-0.05606226,0.016344028,-0.13951066,-0.066217355,122.491104,1080.0
2143,153.90260310898012,177.4627866902814,-0.05566621,0.014862682,-0.14385879,-0.07729102,127.356895,1080.0
2144,153.8353494760408,178.14839837806372,-0.056634862,0.015236297,-0.13958971,-0.06815852,120.6136,1080.0
2145,153.81674907060665,178.61123278895002,-0.05514549,0.016089771,-0.13882627,-0.0645451,116.850204,1080.0
2146,153.8963475867575,178.8412729747715,-0.053387452,0.01749112,-0.13720234,-0.05991968,114.726555,1080.0
2147,154.04563699708027,178.88600970473766,-0.05428557,0.017204229,-0.14561044,-0.0676872,119.851326,1080.0
2148,154.1898344282145,178.78149590821727,-0.053598586,0.01846384,-0.14375226,-0.07008529,126.3577,1080.0
2149,154.273412696054,178.53469513032746,-0.05457481,0.018051345,-0.14648144,-0.07126146,128.0211,1080.0
2150,154.3060168975113,178.15696197584552,-0.05504512,0.017584426,-0.14480427,-0.07113916,129.5744,1080.0
2151,154.3408682956655,177.68375006825644,-0.054568257,0.018318968,-0.14425868,-0.06706695,127.02328,1080.0
2152,154.40618290868858,177.1659346922831,-0.054346044,0.018258413,-0.14182304,-0.060208354,120.34041,1080.0
2153,154.46936018889878,176.65396695086736,-0.052842204,0.0186357,-0.15172045,-0.061549153,125.36392,1080.0
2154,154.4699054600753,176.1907501949746,-0.05242841,0.01945654,-0.15222722,-0.062886246,126.51837,1080.0
2155,154.38055130026717,175.80586465970845,-0.05291375,0.01898555,-0.15280637,-0.06570291,130.29892,1080.0
2156,154.24374583383283,175.5120473024269,-0.05342396,0.0200314,-0.14896844,-0.056778096,124.5367,1080.0
2157,154.15256449440918,175.31598522218673,-0.05384386,0.019548459,-0.14996953,-0.05888022,126.12097,1080.0
2158,154.18496885725585,175.2237170534484,-0.053667083,0.018718861,-0.14959276,-0.054305382,123.25872,1080.0
2159,154.35243673428195,175.22669014048552,-0.05509768,0.018790577,-0.15240614,-0.05953595,129.86061,1080.0
2160,154.62005940626082,175.29551251326416,-0.056283455,0.019085664,-0.16085556,-0.07194415,132.69342,1080.0
2161,154.96430617874216,175.3981189409261,-0.055793706,0.019402115,-0.15801091,-0.0758708,135.23235,1080.0
2162,155.38704262667665,175.52315707680702,-0.056807343,0.01923359,-0.15335783,-0.077877834,134.60477,1080.0
2163,155.87839830786007,175.67734578388655,-0.05671579,0.019737894,-0.15259975,-0.079177916,135.20854,1080.0
2164,156.3816628211692,175.85226755698142,-0.05667103,0.019662108,-0.15163122,-0.07845207,135.08076,1080.0
2165,156.78917475852967,176.00139810759342,-0.057060298,0.01958522,-0.15239999,-0.08310708,137.74156,1080.0
2166,156.9737921413118,176.06642945982279,-0.057996284,0.018883824,-0.15150243,-0.083766766,133.88878,1080.0
2167,156.86516507532602,176.03007159124874,-0.05862619,0.018678369,-0.1484218,-0.08278088,133.69272,1080.0
2168,156.5193105710161,175.93103897940728,-0.05885281,0.018276779,-0.14634828,-0.08173139,133.1061,1080.0
2169,156.08675717544145,175.82210363817367,-0.060073625,0.018775629,-0.14803901,-0.08234736,133.54222,1080.0
2170,155.7182794645609,175.72098121756315,-0.060100187,0.019239977,-0.1497948,-0.0812446,134.79572,1080.0
2171,155.51905708584363,175.6142207102623,-0.059682887,0.019252043,-0.14903785,-0.08760161,136.7735,1080.0
2172,155.55322775781121,175.51509023735312,-0.06089065,0.018936101,-0.15094249,-0.08585375,137.57896,1080.0
2173,155.85387333726217,175.4958389160412,-0.060606666,0.017357862,-0.1478401,-0.09179199,139.99797,1080.0
2174,156.41808509356713,175.63904176527896,-0.06164319,0.018845877,-0.14976813,-0.088190034,141.0757,1080.0
2175,157.1920538186101,175.96356105257956,-0.06047137,0.019324748,-0.14833775,-0.08626028,138.31367,1080.0
2176,158.0751455567879,176.40754678336117,-0.06093247,0.019475782,-0.1499706,-0.08546264,137.89575,1080.0
2177,158.95454448332396,176.88043295785002,-0.06076807,0.018922368,-0.15502794,-0.13937828,167.46727,1080.0
2178,159.761299815239,177.33436393797794,-0.061077654,0.019662645,-0.15409394,-0.12152032,156.24698,1080.0
2179,160.50891261710964,177.78793629686137,-0.06212989,0.016944094,-0.14801206,-0.119716756,149.53944,1080.0
2180,161.25647257432487,178.27435288884988,-0.06308436,0.015784962,-0.18117467,-0.14875485,172.68231,1080.0
2181,162.00954048427494,178.7789220604236,-0.0637068,0.01621752,-0.21332838,-0.17705132,205.32896,1080.0
2182,162.65900330924984,179.23752858560522,-0.06389742,0.019283492,-0.19085914,-0.14275052,177.19533,1080.0
2183,163.0382268249196,179.57421412911577,-0.061927907,0.023622809,-0.18017392,-0.12204912,178.50716,1080.0
2184,163.05606296947371,179.73418869280442,-0.05912668,0.025331879,-0.2121192,-0.15730534,250.96738,1080.0
2185,162.78546190827623,179.69969959723494,-0.06082306,0.026956374,-0.18817946,-0.09297412,187.08951,1080.0
2186,162.44002061539462,179.48651129320143,-0.05904055,0.026153931,-0.17678669,-0.08807545,175.62164,1080.0
2187,162.26637320385933,179.12182118836117,-0.05915991,0.026775416,-0.17491122,-0.0870558,165.50137,1080.0
2188,162.43980956584338,178.6169947907587,-0.059442196,0.026886636,-0.17465837,-0.08996845,166.98439,1080.0
2189,163.0220484821884,177.97153281687397,-0.056789257,0.029006505,-0.20631957,-0.13136768,233.91837,1080.0
2190,163.95458781659661,177.2103844711412,-0.056612764,0.028205024,-0.2177332,-0.1546076,281.52466,1080.0
2191,165.0518475198001,176.42136771119183,-0.0573965,0.020769868,-0.20694332,-0.12222502,219.30429,1080.0
2192,166.0283950478682,175.7674513680829,-0.05840053,0.021325344,-0.19793718,-0.117587306,205.50082,1080.0
2193,166.6024612509777,175.42611573355688,-0.057862684,0.021586299,-0.19691303,-0.12663096,210.26501,1080.0
2194,166.62374196783995,175.46096136836522,-0.056802426,0.021759147,-0.21989746,-0.15229727,253.19228,1080.0
2195,166.1365963772142,175.75744895488572,-0.057563215,0.023382511,-0.23560645,-0.16392057,291.18988,1080.0
2196,165.35994951735077,176.11131748876255,-0.05719723,0.029372774,-0.21603484,-0.15197906,260.14566,1080.0
2197,164.6072667844991,176.37405530735316,-0.058695532,0.029622,-0.21836576,-0.13957155,245.71075,1080.0
2198,164.17257207359583,176.5154680650148,-0.057685964,0.028878642,-0.23062456,-0.15181337,289.8044,1080.0
2199,164.21746179134334,176.58614656974467,-0.05717022,0.030437186,-0.18838766,-0.08728906,232.21376,1080.0
2200,164.71112118915897,176.66335776953824,-0.058912996,0.028685167,-0.16763876,-0.053440716,176.04112,1080.0
2201,165.47116109964165,176.83522854099633,-0.056885332,0.028040737,-0.1973712,-0.094701275,201.86362,1080.0
2202,166.2695911376066,177.1666237883088,-0.056241013,0.025132073,-0.22084193,-0.14340724,253.70274,1080.0
2203,166.9083184106707,177.61758226980257,-0.055966865,0.025099805,-0.21726792,-0.13096061,245.16742,1080.0
2204,167.24603776104857,178.04085034331135,-0.05551752,0.02442788,-0.24706697,-0.15717325,269.01282,1080.0
2205,167.22340195675048,178.3102339471576,-0.055203076,0.024678152,-0.23388542,-0.12980205,238.58685,1080.0
2206,166.8842156814243,178.41724423194287,-0.05652285,0.024323499,-0.22188275,-0.10360136,205.69382,1080.0
2207,166.3544081520636,178.44117236645533,-0.055431735,0.024346132,-0.2517798,-0.14908385,270.6932,1080.0
2208,165.77762944822086,178.48274367925805,-0.056470234,0.024058307,-0.1937748,-0.07094238,170.44878,1080.0
2209,165.25965700511898,178.6213174671091,-0.057267085,0.02387003,-0.16728409,-0.05421182,141.63747,1080.0
2210,164.86643011551814,178.87956125451967,-0.05523981,0.028659565,-0.15671901,-0.043571614,135.82446,1080.0
2211,164.64364498743174,179.21000913491486,-0.055025566,0.02807945,-0.1775754,-0.055004347,161.81749,1080.0
2212,164.61070336862824,179.5248030039836,-0.05689313,0.028476715,-0.18831511,-0.05985226,174.21342,1080.0
2213,164.73442502233442,179.7445630857174,-0.05601168,0.030129835,-0.17157316,-0.045683965,129.84158,1080.0
2214,164.89982605383707,179.83108799445216,-0.055962965,0.0295372,-0.18934067,-0.08392204,180.96129,1080.0
2215,164.93173981760245,179.7943372216985,-0.055102594,0.030127546,-0.20871012,-0.115208715,220.16797,1080.0
2216,164.71892734023783,179.67684139772723,-0.054789394,0.029820478,-0.23165181,-0.13828608,259.80173,1080.0
2217,164.33713953499816,179.52560375423735,-0.056061864,0.029115662,-0.23821999,-0.14332654,277.38907,1080.0
2218,164.02771581772274,179.3764167956748,-0.055151764,0.028955445,-0.24243797,-0.15265195,287.21445,1080.0
2219,164.06027644797078,179.24947664741,-0.057575256,0.028120592,-0.2377121,-0.14572065,275.15677,1080.0
2220,164.5863184061653,179.13576848712754,-0.05687024,0.026923314,-0.23931614,-0.1558305,272.9754,1080.0
2221,165.5370155046351,179.00535529374798,-0.057131335,0.024897823,-0.23744054,-0.15593363,265.3684,1080.0
2222,166.63249028148044,178.85042900657893,-0.05727511,0.02492978,-0.23391001,-0.15170701,261.693,1080.0
2223,167.54341381436922,178.69990194161466,-0.057207067,0.024368173,-0.23505147,-0.15881716,264.8125,1080.0
2224,168.07638505871085,178.59009445626748,-0.05687284,0.021555893,-0.23664506,-0.16918969,277.08078,1080.0
2225,168.22141339944767,178.5477325045141,-0.05786862,0.021206072,-0.21682535,-0.13016976,230.13287,1080.0
2226,168.08936160112674,178.59958050322047,-0.058331244,0.02154801,-0.19082929,-0.07801308,181.75732,1080.0
2227,167.8633522361912,178.76386881015833,-0.05919913,0.022841334,-0.1701164,-0.054563537,158.07344,1080.0
2228,167.7654312701288,179.01240381868448,-0.0583018,0.022522848,-0.19433774,-0.12209218,231.34612,1080.0
2229,167.96547567705204,179.2596709696428,-0.057758134,0.021534672,-0.20723951,-0.139575,245.46883,1080.0
2230,168.47370515450007,179.412689827326,-0.056519855,0.02186545,-0.20922615,-0.13963863,245.44064,1080.0
2231,169.13312585498585,179.434750447778,-0.056527033,0.023434194,-0.20588051,-0.13262214,242.38112,1080.0
2232,169.7253635794836,179.35583462166605,-0.05559766,0.024778437,-0.20345753,-0.13086577,246.74301,1080.0
2233,170.09487030699609,179.2289028748825,-0.053872228,0.025532758,-0.20220806,-0.13021223,246.06754,1080.0
2234,170.20762688712173,179.09124382796784,-0.054110434,0.023468696,-0.20626554,-0.15266402,261.04007,1080.0
2235,170.12430917553192,178.96244791573938,-0.053784747,0.023998119,-0.19331202,-0.106710054,229.20618,1080.0
2236,169.9321802681173,178.86027345082957,-0.05410128,0.024597874,-0.17961358,-0.08991049,211.77385,1080.0
2237,169.6983050628287,178.80722588044836,-0.052982245,0.024031717,-0.19408388,-0.15795398,269.9757,1080.0
2238,169.4603802453393,178.82014155109505,-0.053675897,0.024089588,-0.19437884,-0.15407571,262.47144,1080.0
2239,169.23802794465735,178.902142172439,-0.054393627,0.022116145,-0.1949728,-0.17043634,272.15442,1080.0
2240,169.05067419360034,179.04106436934427,-0.055200025,0.022127278,-0.19800647,-0.181838,281.37152,1080.0
2241,168.93304813476433,179.20164880668148,-0.056286227,0.022182295,-0.19626527,-0.1753643,291.22614,1080.0
2242,168.93429493433484,179.32832744395333,-0.056524206,0.02188294,-0.19785258,-0.17514737,295.51096,1080.0
2243,169.09301139957049,179.37040384310217,-0.058847103,0.021213306,-0.19447078,-0.1732495,275.72327,1080.0
2244,169.40446478871584,179.30973181373184,-0.05793067,0.021201154,-0.19292784,-0.1667409,265.71198,1080.0
2245,169.79825492448938,179.1628274579432,-0.05756169,0.020734236,-0.19138828,-0.16823077,258.617,1080.0
2246,170.14823883671494,178.94779892926354,-0.05780928,0.018639486,-0.19112137,-0.19013835,273.8699,1080.0
2247,170.33224642094882,178.65235099010872,-0.05793796,0.018953875,-0.19688602,-0.19086726,289.46185,1080.0
2248,170.3006020244075,178.2446138465726,-0.057908744,0.019224152,-0.19557026,-0.18825126,285.69153,1080.0
2249,170.0938461088028,177.7223741437089,-0.05882167,0.017868467,-0.19530623,-0.19428754,287.8039,1080.0
2250,169.80366839201122,177.15050510730072,-0.058677502,0.018204244,-0.19133471,-0.19024682,284.3134,1080.0
2251,169.51496231396538,176.63106732488754,-0.058641955,0.018485937,-0.18863463,-0.18523552,270.175,1080.0
