frame,right_knee_filtered,left_knee_filtered,norm_right_hip_x,norm_right_hip_y,norm_right_shoulder_x,norm_right_shoulder_y,frame_torso_length_px,scale_used_px
63,2.891717498208778,1.4483605283849508,-0.09261065,0.031204551,-0.9419803,-0.5167257,149.02728,149.02728
65,19.714154450235426,12.246920965100008,-0.18551996,-0.012798472,-0.3051326,-0.9853494,131.55362,131.55362
66,62.10992386821838,46.01911841294979,-0.19283503,-0.015207588,-0.28507888,-0.9891928,131.17215,131.17215
67,122.26321724648693,104.10245539647367,-0.19508404,-0.015144042,-0.28051022,-0.9982701,129.95326,129.95326
68,173.06322735525566,163.15656783790692,-0.19503322,-0.013706064,-0.27551693,-0.9998828,128.90088,128.90088
69,194.56608421379985,195.5512885995367,-0.19586053,-0.01348234,-0.27715147,-0.9989522,128.48885,128.48885
70,190.58926990478395,196.52615101045436,-0.1963028,-0.010361527,-0.2780238,-0.9994221,126.71175,126.71175
71,178.7287600437583,182.84221068628392,-0.19689898,-0.008269217,-0.278392,-0.9982035,126.25214,126.25214
72,172.46510422595742,172.55911524570925,-0.19697402,-0.008201113,-0.27953064,-0.9972016,126.15818,126.15818
73,173.91638901531903,171.8331612569581,-0.19763212,-0.007318288,-0.28127366,-0.99695283,125.73932,125.73932
74,178.16256378211665,176.5327245873932,-0.19779831,-0.008072578,-0.28157395,-0.9972705,125.69832,125.69832
75,180.50732739156254,180.56592912999648,-0.19839683,-0.00866464,-0.28497952,-0.9972848,125.48124,125.48124
76,179.9854618490141,181.3800840436374,-0.1986404,-0.008593043,-0.2861913,-0.99763596,125.404495,125.404495
77,178.31840079513526,180.03907697440167,-0.19917351,-0.008722137,-0.28702232,-0.99740404,125.290855,125.290855
78,177.28934401826075,178.62737281917754,-0.19893363,-0.009052992,-0.286568,-0.99729836,125.12454,125.12454
79,177.35102065833348,178.21981544045153,-0.19933918,-0.00941772,-0.28750685,-0.9969158,125.045425,125.045425
80,177.93685141794688,178.60750530108677,-0.19871727,-0.009581325,-0.28712893,-0.99730885,125.09522,125.09522
81,178.36169854372375,179.1041062609232,-0.19876285,-0.00970799,-0.2868375,-0.9971136,125.072525,125.072525
82,178.3469764346564,179.2969866070951,-0.1990259,-0.0096064275,-0.2872466,-0.99668527,125.108246,125.108246
83,178.02517795956015,179.20742998037693,-0.19898397,-0.0097747985,-0.28710818,-0.9963527,125.088745,125.088745
84,177.68603197014335,179.0396736645742,-0.19888133,-0.009344354,-0.28675127,-0.9958769,125.16174,125.16174
85,177.52430599385826,178.93168013595033,-0.19840184,-0.009346056,-0.2857919,-0.9955106,125.26304,125.26304
86,177.54991966436785,178.89709515576,-0.198904,-0.009054506,-0.28459293,-0.99522716,125.31595,125.31595
87,177.66413878389585,178.8801986709167,-0.19870284,-0.008957248,-0.28428793,-0.99478495,125.36494,125.36494
88,177.77542198167498,178.8106388327056,-0.19779673,-0.008248308,-0.28302407,-0.99471164,125.51772,125.51772
89,177.84488778379884,178.6589681303728,-0.19699258,-0.008023885,-0.2832884,-0.9951378,125.47225,125.47225
90,177.87863980625897,178.47169962294973,-0.19660576,-0.0078123333,-0.28375468,-0.9953885,125.41674,125.41674
91,177.9092694421954,178.27889869997549,-0.19590119,-0.008003742,-0.28133705,-0.995519,125.75752,125.75752
92,177.95935921982357,177.98369688113928,-0.19628954,-0.00769438,-0.27910382,-0.9954423,125.974976,125.974976
93,178.01465532564984,177.50536157978786,-0.1960406,-0.007654728,-0.27477965,-0.9952747,126.03749,126.03749
94,178.04876876486452,176.98176449349285,-0.19700143,-0.007368947,-0.2773914,-0.99599457,126.18772,126.18772
95,178.0765891318842,176.63319184114835,-0.19748834,-0.0072152973,-0.2753123,-0.9952696,126.78971,126.78971
96,178.14654635096062,176.50127854385684,-0.19666578,-0.0065425066,-0.2778574,-0.99432576,127.28045,127.28045
97,178.26046863340827,176.45337779197047,-0.19753727,-0.0064590056,-0.27820832,-0.99664044,127.75415,127.75415
98,178.36107813559366,176.37793119495535,-0.19763042,-0.006015115,-0.2753171,-0.9962539,127.92278,127.92278
99,178.41521437664022,176.30336198901122,-0.19682546,-0.003152084,-0.277606,-0.9962128,128.58286,128.58286
100,178.4397274390744,176.31583874202542,-0.1964497,-0.003155144,-0.2786547,-0.99680454,129.00948,129.00948
101,178.43985158721625,176.42425378302624,-0.1957045,-0.0029060852,-0.28087103,-0.9960813,129.2601,129.2601
102,178.40859479270978,176.59002671227825,-0.19527966,-0.00271349,-0.28561604,-0.99617237,129.561,129.561
103,178.38591350267498,176.80222717627734,-0.19574992,-0.0023795855,-0.28474787,-0.99754685,129.6197,129.6197
104,178.41412799770924,177.0365260922722,-0.19462377,-0.0018460214,-0.28704032,-0.9987592,129.73953,129.73953
105,178.45457402310336,177.26182616667262,-0.19323415,-0.0013557523,-0.28894004,-0.99967116,130.01602,130.01602
106,178.40024164791112,177.53022798771218,-0.19232711,-0.0012495182,-0.2916636,-1.0012474,130.17712,130.17712
107,178.14113839330162,177.92922102484403,-0.19106366,-0.00047285095,-0.29764983,-1.0024707,130.24077,130.24077
108,177.68850043152926,178.431107358875,-0.19015934,0.00041300565,-0.30215067,-1.00311,130.1967,130.1967
109,177.25246922802626,178.89794947018166,-0.18927608,0.0017845965,-0.30307028,-1.0038034,130.06677,130.06677
110,177.07403148338403,179.22728709982835,-0.19263205,0.004058479,-0.3079444,-1.0037714,129.45506,129.45506
111,177.19105097063576,179.4122891245722,-0.19260086,0.0066662794,-0.31300005,-1.0037442,129.00987,129.00987
112,177.44294139969156,179.50051815281836,-0.1939338,0.0075460183,-0.31863615,-1.003403,128.99368,128.99368
113,177.65537330712874,179.5454562035717,-0.19426675,0.008240635,-0.32131657,-1.0025536,128.96017,128.96017
114,177.76219983774757,179.54890884000235,-0.19535378,0.009614168,-0.32321402,-1.0010262,128.61345,128.61345
115,177.79706386222654,179.46054531832579,-0.19566387,0.009781676,-0.33025134,-0.9995551,128.754,128.754
116,177.83516307188825,179.27347930323077,-0.1943479,0.011327936,-0.3314623,-0.9991846,128.52585,128.52585
117,177.9279247458757,179.05900585340711,-0.19458829,0.01197788,-0.33607498,-0.99867076,128.43091,128.43091
118,178.06040861207134,178.88212017057415,-0.19499312,0.012443557,-0.34031773,-0.99794286,128.16661,128.16661
119,178.16820462779054,178.75762998711642,-0.19475909,0.01332658,-0.3424766,-0.99773765,127.99376,127.99376
120,178.20660454432394,178.6872869961734,-0.1949755,0.0142470375,-0.3421706,-0.99676955,127.774216,127.774216
121,178.21581289173372,178.64710081538698,-0.19307296,0.014650653,-0.34168223,-0.9951347,127.38281,127.38281
122,178.2825460550012,178.56810391516194,-0.19298032,0.01550784,-0.34547302,-0.9927257,126.61738,126.61738
123,178.41352655124305,178.44375935450174,-0.1930623,0.015687898,-0.34666407,-0.9923811,126.551125,126.551125
124,178.51226251651067,178.38233682519544,-0.19198607,0.015650112,-0.3482317,-0.9910851,126.49786,126.49786
125,178.49916163210523,178.45766420141365,-0.19316676,0.01571136,-0.3522773,-0.99028486,126.428185,126.428185
126,178.38589622937707,178.62553932671773,-0.1934774,0.015619552,-0.3547173,-0.98968935,126.36242,126.36242
127,178.23090977192544,178.81198540325238,-0.1938588,0.015795968,-0.36010036,-0.98813295,126.20307,126.20307
128,178.0758353258699,178.97391669312213,-0.19330865,0.013932819,-0.36192414,-0.98739064,126.649704,126.649704
129,177.92022936085652,179.09717897457998,-0.19323249,0.0145927025,-0.36583877,-0.98586035,126.79912,126.79912
130,177.73028207407685,179.1930448742508,-0.19353436,0.014667219,-0.37101573,-0.9851125,126.89148,126.89148
131,177.49029647456945,179.2940075636252,-0.19335252,0.01591068,-0.37556943,-0.98482877,127.11151,127.11151
132,177.2485141348096,179.4353288268461,-0.19327231,0.015967058,-0.3754667,-0.98471224,127.22269,127.22269
133,177.08793129405808,179.6056755053369,-0.19429423,0.017632358,-0.37499663,-0.984824,127.7413,127.7413
134,177.0613503454653,179.72580235081801,-0.19503921,0.01781245,-0.37296206,-0.9843092,127.885506,127.885506
135,177.152582751085,179.71664098143847,-0.19497281,0.019145349,-0.37285835,-0.98433286,128.04237,128.04237
136,177.2864422105405,179.58041670571245,-0.19573952,0.019336736,-0.3709656,-0.98363173,128.45587,128.45587
137,177.38096230504763,179.39412189326484,-0.1969124,0.02155069,-0.3722822,-0.98341155,128.05077,128.05077
138,177.4059411295402,179.23639891657834,-0.19765587,0.023133667,-0.37317473,-0.98442715,127.65618,127.65618
139,177.42310139365247,179.14039620552063,-0.1982091,0.023478374,-0.37187046,-0.9854807,127.61858,127.61858
140,177.53896656617738,179.10439909152572,-0.19763348,0.023224678,-0.36964765,-0.98667246,127.607956,127.607956
141,177.7616731084145,179.1203799972184,-0.19754857,0.021807048,-0.36938894,-0.98750156,128.01904,128.01904
142,177.94635222862402,179.18172403015302,-0.19737373,0.020878598,-0.3674181,-0.9873017,128.17805,128.17805
143,177.92681623542995,179.27031456191662,-0.19680937,0.020585222,-0.3663558,-0.98607457,128.52824,128.52824
144,177.67105471938157,179.36345298883214,-0.1950409,0.017772932,-0.3589745,-0.985533,128.59398,128.59398
145,177.29558023054457,179.44407521972516,-0.19404662,0.013330576,-0.34701544,-0.9887488,128.97641,128.97641
146,176.9653679902749,179.49165655718167,-0.1919748,0.009240561,-0.34282434,-0.98925835,128.3741,128.3741
147,176.79373158158538,179.5121011463383,-0.18832743,0.008812777,-0.33522522,-0.9906367,128.63902,128.63902
148,176.79059392959613,179.5556351816488,-0.18734927,0.008450442,-0.33332103,-0.9914343,128.53188,128.53188
149,176.86919650489656,179.65782257360655,-0.18708426,0.008126277,-0.3327392,-0.99140996,128.58182,128.58182
150,176.9277540427399,179.79091461309216,-0.1875789,0.008100579,-0.33518022,-0.99132806,128.20988,128.20988
151,176.93270439995274,179.87834494359808,-0.18809243,0.007537109,-0.34149215,-0.9905878,127.87883,127.87883
152,176.9067612451686,179.87232026487698,-0.18993805,0.0100144595,-0.35177892,-0.9882532,127.2635,127.2635
153,176.87445617156524,179.82337421950538,-0.19069092,0.009846513,-0.35751504,-0.9866922,126.8958,126.8958
154,176.8331720853437,179.81429310703814,-0.19204219,0.010565164,-0.36594683,-0.98416436,126.62649,126.62649
155,176.73997926480325,179.85169708029093,-0.19060102,0.008942346,-0.366832,-0.9846064,127.34504,127.34504
156,176.5359833010405,179.87965980788636,-0.18968879,0.008411199,-0.3679202,-0.9841725,128.30432,128.30432
157,176.20233212346028,179.85152111145757,-0.19165803,0.008586383,-0.36609286,-0.9842083,128.26335,128.26335
158,175.82229135150817,179.77681073769455,-0.19303428,0.010086361,-0.36371097,-0.984317,128.05669,128.05669
159,175.60551296558026,179.71298684008283,-0.19454066,0.010119974,-0.3590766,-0.9854689,128.10782,128.10782
160,175.73542934141574,179.6814024411781,-0.19442579,0.0117433155,-0.35682786,-0.9852521,128.12465,128.12465
161,176.1451784484631,179.6347494517928,-0.19251117,0.012025523,-0.35312045,-0.98641723,128.24185,128.24185
162,176.55935909484006,179.5303879409043,-0.19200741,0.01283622,-0.3515238,-0.9865693,128.13312,128.13312
163,176.75931755265316,179.37077592068195,-0.19056183,0.012309497,-0.34806538,-0.98689806,128.10469,128.10469
164,176.7299309926458,179.16891795776507,-0.18968442,0.012191833,-0.34676626,-0.9875476,128.16457,128.16457
165,176.583210064642,178.93852073614735,-0.19085656,0.01200914,-0.3453345,-0.9879314,127.99242,127.99242
166,176.4421710561647,178.73043899958282,-0.1897851,0.0120661445,-0.33875728,-0.9895886,127.80505,127.80505
167,176.41296106437582,178.62435993379555,-0.19099644,0.014592976,-0.34231564,-0.99013877,127.3321,127.3321
168,176.54722279552786,178.67774479062933,-0.18992478,0.014576133,-0.34021547,-0.991412,127.322205,127.322205
169,176.7837895632489,178.88661362435192,-0.189965,0.014690202,-0.34226763,-0.9911063,127.38473,127.38473
170,177.0184688886859,179.1486554312543,-0.18963201,0.014410496,-0.34038436,-0.99182016,127.51716,127.51716
171,177.22805247959278,179.27656874189427,-0.19100204,0.015200373,-0.3408889,-0.9918342,127.45394,127.45394
172,177.45035804248803,179.12763874307203,-0.18997666,0.01476088,-0.33852825,-0.9925699,127.535614,127.535614
173,177.6338690279095,178.76150981241355,-0.19017617,0.014805284,-0.3465456,-0.9921517,127.68697,127.68697
174,177.57846549676574,178.45302429955524,-0.18713574,0.014261634,-0.35026738,-0.9908098,127.98154,127.98154
175,177.15315500777217,178.5025844773687,-0.18587731,0.01318875,-0.35257024,-0.99043554,128.26697,128.26697
176,176.4940890565239,178.937576482542,-0.18716796,0.013252881,-0.35712004,-0.9904918,128.19202,128.19202
177,175.83785758502808,179.42089392898356,-0.18700996,0.013296031,-0.35103166,-0.9906491,128.16618,128.16618
178,175.36616158690842,179.60605343142598,-0.18872526,0.013326706,-0.34654436,-0.9909118,128.2055,128.2055
179,175.2701134470687,179.50013184611055,-0.18934947,0.013784785,-0.34570318,-0.99131596,128.2024,128.2024
180,175.63618277305105,179.31103105922327,-0.19030976,0.014171594,-0.34920147,-0.9920956,128.23909,128.23909
181,176.26904539655098,179.13234736623212,-0.1905516,0.015564058,-0.34798917,-0.99229556,127.9463,127.9463
182,176.83644405238826,178.96348427669494,-0.19051678,0.015610867,-0.35247222,-0.9940129,127.75423,127.75423
183,177.1374436236968,178.82144852544803,-0.1904526,0.015754709,-0.35204124,-0.99442625,127.87595,127.87595
184,177.20553356899043,178.71136419936207,-0.19152348,0.017013231,-0.34893176,-0.9944928,127.58624,127.58624
185,177.22669190672713,178.6443289878866,-0.191564,0.016741682,-0.35147333,-0.99540097,127.48103,127.48103
186,177.33468845429877,178.682052099772,-0.19104777,0.01683891,-0.34972242,-0.9953413,127.5025,127.5025
187,177.48875703218468,178.8425275633892,-0.18986502,0.017010268,-0.35025746,-0.9949662,127.46674,127.46674
188,177.57694246411972,179.023094496219,-0.19062203,0.016239673,-0.3504242,-0.99582547,127.571304,127.571304
189,177.56461076364846,179.1160049050729,-0.19084845,0.017649034,-0.35211134,-0.9955481,127.32146,127.32146
190,177.5110348598754,179.12342383040874,-0.19051741,0.016480112,-0.35329098,-0.9954202,127.77111,127.77111
191,177.48835024842157,179.10395236253544,-0.1901899,0.017123261,-0.3531783,-0.9950484,127.82683,127.82683
192,177.51378702151305,179.07832767428164,-0.18966715,0.017931057,-0.3536766,-0.9940487,127.75951,127.75951
193,177.5615358885242,179.02022087441821,-0.18941984,0.016367061,-0.3558193,-0.9939632,128.1148,128.1148
194,177.5857127849242,178.89864853216613,-0.19045515,0.016490161,-0.3544101,-0.99292415,128.14296,128.14296
195,177.52552555780093,178.68115159687343,-0.1898377,0.016752748,-0.3537539,-0.9917476,128.34772,128.34772
196,177.3722177738903,178.33194127673718,-0.18980092,0.01695035,-0.35230708,-0.9907433,128.33142,128.33142
197,177.22964441741547,177.89018863359055,-0.18920358,0.01711608,-0.35450864,-0.9896173,128.39754,128.39754
198,177.23293792136306,177.51929878252173,-0.18879257,0.017697014,-0.35160762,-0.9892808,128.2765,128.2765
199,177.38656924386422,177.4079018681594,-0.18747674,0.01758803,-0.35138983,-0.98859644,128.23677,128.23677
200,177.53372627780325,177.61696057494115,-0.18837534,0.017536204,-0.35265252,-0.9883451,128.29381,128.29381
201,177.54261579179257,178.01000924049342,-0.18895385,0.017619517,-0.35152927,-0.9863919,128.44061,128.44061
202,177.444168981709,178.34817878660323,-0.18652008,0.015477583,-0.35631266,-0.985734,128.94113,128.94113
203,177.3095667899262,178.49773824093532,-0.18831038,0.015500985,-0.36026636,-0.9850787,128.98468,128.98468
204,177.13566497861544,178.51169486088233,-0.18891521,0.015127399,-0.36287957,-0.9847844,129.11176,129.11176
205,176.91723737751573,178.5161504496255,-0.1890789,0.0143047925,-0.35730642,-0.9847637,128.73463,128.73463
206,176.68871555308155,178.57440282204803,-0.18520147,0.013815036,-0.36283252,-0.98511106,128.90247,128.90247
207,176.4882956317332,178.64448305892643,-0.18859257,0.013925126,-0.36171845,-0.9848196,128.64604,128.64604
208,176.36225123899882,178.66900650451532,-0.18818383,0.013809848,-0.36478373,-0.98518425,128.7719,128.7719
209,176.34673984708405,178.66703345908013,-0.18824866,0.014796541,-0.3636352,-0.98511803,128.61423,128.61423
210,176.40937868459542,178.66156378354373,-0.18835501,0.014949777,-0.3638845,-0.9852711,128.7861,128.7861
211,176.46158144716964,178.61170591553292,-0.1883794,0.015469246,-0.36353996,-0.9844838,128.7009,128.7009
212,176.41755102609108,178.5002296726114,-0.18816082,0.01578293,-0.36805537,-0.9847004,128.65083,128.65083
213,176.2348484806761,178.41619040508073,-0.18867989,0.01582149,-0.36800018,-0.9847881,128.56104,128.56104
214,175.97224964375644,178.49500532184305,-0.19150707,0.016849289,-0.36852401,-0.98580587,128.3169,128.3169
215,175.77593519447407,178.76205659344183,-0.19166194,0.016828254,-0.36989862,-0.9865902,128.18169,128.18169
216,175.70759090806192,179.05906239102526,-0.19104746,0.01689578,-0.3705594,-0.98621583,128.03967,128.03967
217,175.667195012327,179.18434760644655,-0.19257012,0.017068448,-0.375323,-0.9847165,128.08714,128.08714
218,175.57099559208547,179.11838600895624,-0.19275214,0.016822388,-0.3671681,-0.9850211,127.66038,127.66038
219,175.48425377874432,179.06396537412834,-0.19408715,0.019721624,-0.36562988,-0.9847188,126.83095,126.83095
220,175.51671587673684,179.22171319219635,-0.19539987,0.01872629,-0.36045587,-0.9837075,126.50763,126.50763
221,175.68632954265556,179.52820461816844,-0.19729267,0.018229634,-0.35602614,-0.98159456,126.90579,126.90579
222,175.95672848029403,179.68089217795642,-0.19843067,0.018141098,-0.35533944,-0.9812888,126.74795,126.74795
223,176.3287820858013,179.49076854669403,-0.19924165,0.018169602,-0.3611408,-0.9813588,126.7473,126.7473
224,176.774979071684,179.1094982044631,-0.19915612,0.01840722,-0.36083597,-0.9814008,126.687805,126.687805
225,177.16374773226462,178.83274070951566,-0.19708802,0.018768458,-0.36249378,-0.98049355,126.99576,126.99576
226,177.346003039697,178.82178315627968,-0.19448417,0.013968941,-0.36050397,-0.9807274,129.08582,129.08582
227,177.28190578270238,179.01287496885718,-0.1939449,0.013624387,-0.35825163,-0.981004,129.31076,129.31076
228,177.10281816262793,179.16020755428266,-0.19315937,0.013813371,-0.36116618,-0.98275936,129.06824,129.06824
229,177.03522599715023,179.04709520105868,-0.1934353,0.013927128,-0.36534077,-0.9840092,128.9672,128.9672
230,177.1653203795932,178.75911517241184,-0.19309932,0.01306848,-0.36644328,-0.9839899,128.55302,128.55302
231,177.3321608164742,178.64738913876968,-0.19341636,0.012332889,-0.3696712,-0.9842094,128.61148,128.61148
232,177.33770802438414,178.94057008505283,-0.19378679,0.012835888,-0.37327665,-0.9847646,128.34328,128.34328
233,177.16121606120169,179.46980654317605,-0.19469287,0.012911917,-0.37680435,-0.98483616,128.28716,128.28716
234,176.9165186907297,179.8431801130723,-0.1953458,0.012753164,-0.37680918,-0.98487073,128.23056,128.23056
235,176.69924801791163,179.82661355627857,-0.19397926,0.013391935,-0.37754112,-0.9848457,127.96389,127.96389
236,176.53617930010503,179.48374932664464,-0.19619994,0.013412593,-0.37690067,-0.98434544,127.84871,127.84871
237,176.43171792420705,179.0468443726193,-0.19513676,0.01407619,-0.37143767,-0.98397046,127.52342,127.52342
238,176.40289306581593,178.73590396932084,-0.19617115,0.0144682685,-0.3723273,-0.9823141,127.168274,127.168274
239,176.48087960296482,178.61435434733343,-0.19433677,0.014922188,-0.37363815,-0.9803055,126.731636,126.731636
240,176.6592411528416,178.5947818513359,-0.19432557,0.01536783,-0.37454432,-0.97961956,126.69065,126.69065
241,176.83096821553312,178.60577584798332,-0.1951887,0.015788367,-0.37543175,-0.979147,126.27543,126.27543
242,176.8619894722284,178.66938697886897,-0.19595054,0.015830489,-0.37720641,-0.97800905,125.8122,125.8122
243,176.7350841820969,178.8060531435266,-0.19639741,0.015982654,-0.37929004,-0.97752905,125.530914,125.530914
244,176.55239318386205,178.98610047334756,-0.1965777,0.0154679315,-0.37959808,-0.9768262,125.60837,125.60837
245,176.41412558007474,179.19807235373398,-0.1980988,0.01712469,-0.3786559,-0.97611904,125.72756,125.72756
246,176.3388277814734,179.461878355423,-0.19856879,0.018523939,-0.37687665,-0.97500926,125.72644,125.72644
247,176.28742853680063,179.7423675000125,-0.19817968,0.019341169,-0.37209255,-0.9754787,125.82455,125.82455
248,176.2377398381413,179.92764121086245,-0.19651043,0.019917475,-0.3733716,-0.9746885,125.84121,125.84121
249,176.2101622459236,179.9349763553078,-0.19477126,0.019122656,-0.37115428,-0.9747077,125.96806,125.96806
250,176.23353805555473,179.78024302470587,-0.19409057,0.019713327,-0.369434,-0.9745721,125.949295,125.949295
251,176.3346602423166,179.5384366741665,-0.19320549,0.019780751,-0.37000307,-0.9735921,125.89951,125.89951
252,176.50475197960304,179.32262337198696,-0.19334377,0.019863594,-0.36574152,-0.9737016,125.96747,125.96747
253,176.6469643913377,179.25827642338007,-0.19494182,0.019350171,-0.36813077,-0.9737723,126.119286,126.119286
254,176.68048190795466,179.37389351013593,-0.19560918,0.019396555,-0.36826372,-0.9737729,126.089874,126.089874
255,176.66788671659555,179.5693688293609,-0.19588716,0.019234514,-0.36840388,-0.9738037,126.02405,126.02405
256,176.72356237097276,179.7202959477651,-0.19646329,0.018323932,-0.3716306,-0.9735758,125.853004,125.853004
257,176.8490841793515,179.76403507458633,-0.19662994,0.017673371,-0.3648292,-0.9740731,125.71638,125.71638
258,176.9270041506392,179.71005501379864,-0.19828767,0.017772552,-0.37390247,-0.9740308,125.578026,125.578026
259,176.8617261831322,179.60205456944777,-0.19737716,0.016382594,-0.36897683,-0.97416973,125.59777,125.59777
260,176.66965933650283,179.48737350395928,-0.19753103,0.016311677,-0.36520243,-0.97437453,125.749054,125.749054
261,176.44950134674457,179.39385992455624,-0.19856909,0.016027715,-0.3612719,-0.9750956,126.11478,126.11478
262,176.3217190497535,179.31124466718052,-0.19959073,0.01594969,-0.36371896,-0.9749939,126.04865,126.04865
263,176.36360292620836,179.22267975652966,-0.19987765,0.015752701,-0.35425907,-0.97520554,126.00146,126.00146
264,176.5745503314035,179.07782930985783,-0.19794,0.015313646,-0.35301787,-0.9752081,126.052826,126.052826
265,176.84905639207355,178.75159648159868,-0.19754529,0.014430689,-0.3467501,-0.9757757,126.11004,126.11004
267,176.90822853398942,178.24373480736125,-0.21451493,0.008747961,-0.43032748,-0.9854651,545.1884,545.1884
268,176.4850243090101,177.77064105659252,-0.21050984,0.008053187,-0.41727996,-0.98636395,552.3125,552.3125
269,175.78738272925702,177.3651387792842,-0.2016071,-0.0035013491,-0.3916028,-0.98703897,561.62085,561.62085
270,175.36967549610142,176.77003155615054,-0.19507414,-0.0038577127,-0.37669897,-0.98830914,581.79156,581.79156
271,175.4170232695766,175.96721870301928,-0.1913414,-0.005889248,-0.3509375,-0.9914987,598.2831,598.2831
272,175.62066676376375,175.31613576307458,-0.19111742,0.002259389,-0.35022178,-0.9907116,607.11285,607.11285
273,175.67106986474482,175.099095373587,-0.19700742,-0.0009264115,-0.35253417,-0.9908627,606.65454,606.65454
274,175.57177795020834,175.26048254049283,-0.19372506,-0.0014509757,-0.35124972,-0.99288183,616.16675,616.16675
275,175.55495226695746,175.57078871642997,-0.20554726,-0.0012085288,-0.3665301,-0.9918375,611.80164,611.80164
276,175.76870745209698,175.94113456917353,-0.21286578,0.0050284443,-0.37485954,-0.9934837,611.7299,611.7299
277,176.09057032582425,176.46788828912366,-0.21047932,0.00061858544,-0.37059665,-0.99338925,607.80054,607.80054
278,176.26672505130762,177.08370598462068,-0.20372535,-0.0038054928,-0.35735506,-0.9935727,617.36163,617.36163
279,176.14529316410025,177.477090973218,-0.2140272,0.00042832273,-0.35935372,-0.9942505,619.58154,619.58154
280,175.76983247999124,177.58378291127494,-0.22295658,-0.0003612963,-0.3610772,-0.9948593,614.2433,614.2433
281,175.33671076410738,177.78264866977645,-0.22977844,-0.0008567774,-0.35972646,-0.99547964,611.50745,611.50745
282,175.03098200575994,178.37706847284983,-0.23117597,-0.0028099928,-0.35662246,-0.99524987,608.8327,608.8327
283,174.84302220432286,179.17366954181588,-0.23406388,-0.0098536,-0.3512711,-0.99795324,603.6495,603.6495
284,174.61932535599848,179.7357575231973,-0.22961217,-0.012734975,-0.33507225,-1.0002018,600.7386,600.7386
285,174.3102668458845,179.87990127744345,-0.23555173,-0.01273679,-0.34144956,-1.0010014,603.5186,603.5186
286,174.05477322479888,179.7484183295934,-0.22506765,-0.014074029,-0.32197887,-1.0047536,604.5044,604.5044
287,174.04830745410516,179.52080479954336,-0.235773,-0.012130766,-0.33200887,-1.0055921,608.1193,608.1193
288,174.39785278388908,179.31584652590925,-0.22512877,-0.012017791,-0.3158274,-1.0056148,613.4805,613.4805
289,174.98691303386494,179.26058437632153,-0.2324842,-0.012819485,-0.32236096,-1.0052938,616.556,616.556
290,175.502493867637,179.3854760331866,-0.22205675,-0.013004372,-0.31864998,-1.0039399,619.4112,619.4112
291,175.72822265235249,179.4897301859954,-0.21376178,-0.013729163,-0.31103757,-1.0034963,622.78326,622.78326
292,175.71243257856963,179.26908636183148,-0.20703875,-0.01410344,-0.3051714,-1.0031812,627.3576,627.3576
293,175.6377350040637,178.62438643285788,-0.20257924,-0.015802413,-0.29729939,-1.0055071,628.94464,628.94464
294,175.67437519827095,177.76784014178972,-0.20110467,-0.017014787,-0.29519245,-1.0071687,623.17267,623.17267
295,175.8909697663982,177.00260328772353,-0.1970178,-0.012558323,-0.2897659,-1.0091218,624.8385,624.8385
296,176.17891593375683,176.48738853883359,-0.19444494,-0.012426387,-0.28277493,-1.010328,625.96173,625.96173
297,176.35437487889655,176.1835857595193,-0.19136597,-0.0070597515,-0.2776081,-1.0109358,624.6381,624.6381
298,176.39129722754728,175.9420777559133,-0.18940368,-0.0074925083,-0.27667707,-1.0113031,625.18506,625.18506
299,176.40245215583803,175.6679165989294,-0.18744205,-0.00563594,-0.27601287,-1.0100901,624.0034,624.0034
300,176.41464327272442,175.4017714383796,-0.18947273,-0.012496958,-0.2769038,-1.0124854,616.1656,616.1656
301,176.36691293594558,175.21298326021923,-0.18589622,-0.013282689,-0.26984864,-1.0132084,613.0494,613.0494
302,176.2554769195451,175.10949955726787,-0.18937948,-0.013160808,-0.2643598,-1.0144725,615.3413,615.3413
303,176.11906312848296,175.08787186241634,-0.18270227,-0.015191351,-0.2521384,-1.0151812,615.37573,615.37573
304,175.97864044519505,175.149141936616,-0.18629675,-0.016802594,-0.25413105,-1.0161933,617.2898,617.2898
305,175.8734573000184,175.25020703573406,-0.18175258,-0.016591432,-0.24923894,-1.0160414,615.07385,615.07385
306,175.8291889116617,175.2997368730753,-0.1827837,-0.01350879,-0.25957134,-1.0166118,616.92145,616.92145
307,175.7707490535751,175.21129839825318,-0.18353249,-0.015111337,-0.26056525,-1.0156449,618.8441,618.8441
308,175.65311315252004,175.04840615205111,-0.21198952,-0.015056055,-0.29291987,-1.0160732,618.43274,618.43274
309,175.6679865133571,175.0812345516322,-0.2055489,-0.01563035,-0.287181,-1.0152694,618.1634,618.1634
310,176.12684880053885,175.3670354038542,-0.20118454,-0.010543409,-0.28129485,-1.0146137,619.5323,619.5323
311,177.10292167659352,175.3759032562366,-0.19735199,-0.00709026,-0.28189468,-1.0164328,620.02216,620.02216
312,178.2585791300511,174.63534151905915,-0.21063945,-0.0042545344,-0.31304073,-1.0171931,622.555,622.555
313,179.08472661378508,173.63346919664872,-0.21592787,-0.0017116261,-0.33523706,-1.0171654,623.6075,623.6075
314,179.3413201860548,173.382353204681,-0.22380236,-0.0012718331,-0.35158494,-1.0161712,623.101,623.101
315,179.1950777158167,174.18638432612082,-0.22756776,-0.001053996,-0.3584434,-1.0146853,622.7463,622.7463
316,178.92853885622412,175.43588714656948,-0.22750404,0.0021596656,-0.38459948,-1.0096536,617.56793,617.56793
317,178.63588322102072,176.42978343451875,-0.2274975,-0.0022971646,-0.3627295,-1.0066252,617.37537,617.37537
318,178.15765480853256,176.88026742893265,-0.20108746,0.00419116,-0.36812216,-1.0008026,614.93005,614.93005
319,177.3947343425441,176.6413909193598,-0.20463833,0.008055226,-0.3690562,-0.99420977,611.8347,611.8347
320,176.6751441515734,175.59172131330197,-0.20121796,0.01476692,-0.36653903,-0.98805,613.5788,613.5788
321,176.42689253775148,174.12115869246912,-0.20084777,0.013292229,-0.39078945,-0.9832608,616.04407,616.04407
322,176.65371621024588,173.0584118198905,-0.1966738,0.012772154,-0.39637497,-0.9802963,617.33075,617.33075
323,177.00789528465484,172.86384793713472,-0.19408286,0.012869334,-0.41408017,-0.97175074,616.99445,616.99445
324,177.10766786039375,173.34673889051624,-0.20624824,0.013232659,-0.40100226,-0.96734846,616.9078,616.9078
325,176.7275988861233,174.12514311221102,-0.21041653,0.010421421,-0.38604704,-0.9652865,622.39166,622.39166
326,175.8779039110494,175.01906546036196,-0.20923501,0.017948398,-0.39667517,-0.96091056,624.54565,624.54565
327,174.79510700571043,176.02380827205695,-0.2081524,0.02547675,-0.39313793,-0.95745957,630.07434,630.07434
328,173.87366753429367,177.14433093937694,-0.23767225,0.025242586,-0.41947317,-0.9502656,627.23883,627.23883
329,173.53259525193633,178.2608541468861,-0.24908164,0.024790887,-0.42800036,-0.9453071,631.86237,631.86237
330,174.0186043800189,179.12109040653968,-0.25922057,0.02540791,-0.43181664,-0.94642353,630.9407,630.9407
331,175.2227305423126,179.53159714154617,-0.25609207,0.021148711,-0.41782472,-0.94725764,638.1694,638.1694
332,176.59699866763782,179.56495649171046,-0.2465463,0.023598535,-0.43473998,-0.94470555,639.714,639.714
333,177.4331619155631,179.4966546672419,-0.25022486,0.025417842,-0.44567284,-0.94442594,644.9673,644.9673
334,177.52688440693512,179.46544402022582,-0.24686465,0.026023673,-0.45551726,-0.93933547,646.53424,646.53424
335,177.3628252532299,179.35700742377338,-0.24434808,0.026272222,-0.44884583,-0.9380209,655.0816,655.0816
336,177.4445564706557,179.09473480886646,-0.24369521,0.026260037,-0.4507103,-0.93824,655.1485,655.1485
337,177.78462835432907,178.79522515691943,-0.24451743,0.022375563,-0.4494007,-0.9373614,654.20404,654.20404
338,178.12391504428197,178.59565345202674,-0.24284002,0.023686243,-0.46124232,-0.937603,654.6357,654.6357
339,178.2639800690259,178.57286012707394,-0.24026196,0.017876351,-0.43056104,-0.9404822,661.86127,661.86127
340,178.166626962307,178.71913872941863,-0.24006407,0.019634107,-0.4468781,-0.93963665,662.4737,662.4737
341,178.02284596463826,178.72842993362957,-0.23081498,0.018989328,-0.43707204,-0.9416906,661.6715,661.6715
342,178.1506763035658,178.17398381798077,-0.23604828,0.023735773,-0.4437522,-0.93967247,665.4634,665.4634
343,178.63553767916005,177.18217873863802,-0.23677845,0.024758263,-0.43956888,-0.93944174,668.5347,668.5347
344,179.18310318792672,176.43521130368,-0.23851003,0.017873881,-0.437916,-0.93960387,668.16766,668.16766
345,179.39471161167194,176.38503043921892,-0.24190101,0.019858027,-0.43722886,-0.9397822,666.40045,666.40045
346,179.1230797360096,176.89319923986992,-0.24266468,0.021844896,-0.43301457,-0.93991905,664.45795,664.45795
347,178.56925632828796,177.51953859315645,-0.23490913,0.021415984,-0.42242157,-0.9426332,662.53516,662.53516
348,178.07783661192187,177.83212384235017,-0.23742948,0.020387825,-0.41295013,-0.9447143,660.3397,660.3397
349,177.85451438894788,177.6700531718618,-0.23934524,0.019901583,-0.4045349,-0.94604576,663.42084,663.42084
350,177.82763848452802,177.33417333677122,-0.2392083,0.01914953,-0.40656972,-0.94644606,665.2517,665.2517
351,177.74842634016252,177.35505879242038,-0.24468616,0.018548172,-0.38430265,-0.9501865,663.49615,663.49615
352,177.45903649821454,177.9865938006152,-0.24259922,0.017759342,-0.38032168,-0.95218813,661.9329,661.9329
353,177.03487595067025,178.8807155189191,-0.23574047,0.017899886,-0.3819006,-0.9544013,661.56396,661.56396
354,176.6911299976838,179.28809178772346,-0.23994693,0.012334772,-0.35715455,-0.959911,657.3709,657.3709
355,176.59564443349365,178.8336527141394,-0.23773207,0.014211757,-0.3709443,-0.9638547,659.6479,659.6479
356,176.65920337579567,177.94501008547658,-0.22710167,0.007475539,-0.35930493,-0.96658075,649.3999,649.3999
357,176.56240021375902,177.25769362859975,-0.22616366,0.007403766,-0.35315406,-0.9701913,648.3418,648.3418
358,176.1792720883022,176.92716308747515,-0.22531691,0.00528531,-0.33120033,-0.97627175,647.50055,647.50055
359,175.79110239410622,176.68818152646938,-0.22443484,0.0060324236,-0.30622032,-0.98255616,645.1546,645.1546
360,175.66186400805083,176.32525838834647,-0.22988605,-0.006855505,-0.29871252,-0.9860893,624.01733,624.01733
361,175.65829651400833,176.0140243258837,-0.23814921,-0.0064366506,-0.31062892,-0.99313956,622.16187,622.16187
362,175.5133638335227,176.20687061429544,-0.23560628,-0.0028047143,-0.32569563,-1.0022471,617.72565,617.72565
363,175.26090561588416,176.76456209154097,-0.22969276,0.017289585,-0.3164505,-1.0094494,592.74365,592.74365
364,175.26297297263443,176.12130706710485,-0.22978121,0.00055527454,-0.3054246,-1.0196291,579.0527,579.0527
365,175.86870017470557,172.48176472523556,-0.22080036,0.0142339235,-0.3072834,-1.0244658,583.60626,583.60626
366,177.00951492647874,166.40801363936293,-0.22179759,0.011124201,-0.29224113,-1.0277305,593.43054,593.43054
367,178.20511688025803,161.30021601071746,-0.22220545,0.010267676,-0.2933472,-1.0293128,595.7001,595.7001
368,178.96994670736305,160.50699489456858,-0.2331332,-0.01004081,-0.29485708,-1.0388863,576.99097,576.99097
369,179.06865982895135,163.9873511770613,-0.23444982,-0.0062372587,-0.29150754,-1.0419549,578.1904,578.1904
370,178.60722009775546,168.69740221237004,-0.24206915,-0.017501213,-0.2978923,-1.0432069,569.1849,569.1849
371,177.95015748779855,172.18131787226167,-0.2487,-0.037289936,-0.28935328,-1.0484667,563.63257,563.63257
372,177.39632998589047,174.40324627415842,-0.24342671,-0.020312935,-0.27560717,-1.0482316,569.6272,569.6272
373,176.98397153613283,176.25786258031067,-0.24027272,-0.017373305,-0.2636318,-1.0477331,576.59344,576.59344
374,176.57773357663388,177.8589599588137,-0.24657941,-0.015925119,-0.27097523,-1.047555,578.35986,578.35986
375,176.1584888153757,178.70802425194609,-0.24399902,-0.01096758,-0.27106526,-1.0462132,574.51373,574.51373
376,175.94687179474607,178.67475969552834,-0.24016166,-0.0068322457,-0.2799775,-1.0453837,572.5056,572.5056
377,176.09012972616364,178.1708158524027,-0.24045745,-0.0069651674,-0.30037692,-1.0412377,576.3543,576.3543
378,176.4617796926997,177.63747152475585,-0.24157129,-0.0060448,-0.31941813,-1.0409442,578.5254,578.5254
379,176.8811509933748,177.27260924326438,-0.24242033,-0.0050229607,-0.3415,-1.0406418,582.287,582.287
380,177.24494662734236,177.1573640837126,-0.2520759,-0.010004787,-0.32830527,-1.039909,589.9032,589.9032
381,177.45888797716475,177.40825197218172,-0.24796288,-0.0055623124,-0.33557007,-1.0360454,595.6793,595.6793
382,177.54927844233998,178.02728391475713,-0.24991727,-0.0048711365,-0.3382744,-1.0331767,600.3857,600.3857
383,177.71262046699658,178.6497900107319,-0.25000596,-0.002761377,-0.33473158,-1.029369,604.74243,604.74243
384,178.00815313976017,178.77878272666746,-0.24745913,-0.0042375256,-0.31852135,-1.0269353,607.2223,607.2223
385,178.28060716515452,178.17828862423406,-0.23370647,0.0058995932,-0.32396296,-1.0245126,605.86224,605.86224
386,178.49723755838366,176.88474580259359,-0.24286155,0.00726769,-0.35268107,-1.0235898,606.96796,606.96796
387,178.80394064384473,175.2308954882116,-0.24473204,0.008233088,-0.35821393,-1.017872,605.30396,605.30396
388,179.21760925153717,173.81244694349402,-0.2401718,0.0051997607,-0.3515713,-1.0150476,618.5963,618.5963
389,179.4988880193203,172.97234480592547,-0.22933035,0.012838479,-0.33960885,-1.0112202,622.3756,622.3756
390,179.30734917436257,172.39504141561824,-0.23401837,0.010048304,-0.3456527,-1.0053874,617.8894,617.8894
391,178.47814428720636,171.49523878398193,-0.22763143,0.014817207,-0.36016965,-1.0000954,618.4579,618.4579
392,177.3884541721731,170.32498228882002,-0.23943771,0.011868946,-0.37833843,-0.99622166,620.2278,620.2278
393,176.90512984964244,169.9461999163333,-0.236498,0.014764343,-0.35770458,-0.9938613,618.5391,618.5391
394,177.4562761023898,171.3010970586752,-0.23131655,0.015933815,-0.35160398,-0.99087965,618.6862,618.6862
395,178.33313305388873,173.76906773177825,-0.22540148,0.016125161,-0.367804,-0.98674864,618.36224,618.36224
396,178.4159346522058,175.77568825310559,-0.22853535,0.01608703,-0.37198645,-0.98491406,626.498,626.498
397,177.36249095135832,176.61841156637678,-0.23071286,0.019260624,-0.38245353,-0.9828774,627.3678,627.3678
398,175.82193362988457,176.78190960111013,-0.22837102,0.014477478,-0.3793366,-0.9792912,636.99255,636.99255
399,174.76263496070638,176.85016128350512,-0.22753581,0.020138908,-0.38357165,-0.97716755,639.36426,639.36426
400,174.69987665941952,176.9318933401181,-0.232321,0.016233237,-0.38426346,-0.97321063,647.2723,647.2723
401,175.4237698126443,177.0033718276292,-0.23364702,0.012254775,-0.37916085,-0.97079486,664.70026,664.70026
402,176.36420389005033,177.18055791305142,-0.2417696,0.012923647,-0.40497655,-0.9678606,660.3633,660.3633
403,177.08477462228151,177.50557774374323,-0.24343438,0.01019818,-0.40012932,-0.9686932,665.55756,665.55756
404,177.43360399388018,177.84552845053614,-0.25069535,0.010907834,-0.41743279,-0.9660707,661.739,661.739
405,177.47117591650192,178.12518062761987,-0.24658565,0.013272422,-0.39812395,-0.9667274,661.3311,661.3311
406,177.36038269003396,178.40972275652348,-0.24341026,0.018105293,-0.38736337,-0.96596456,657.5576,657.5576
407,177.1940743907253,178.7327785866161,-0.24742396,0.016770221,-0.39757484,-0.964823,657.0674,657.0674
408,176.93752827575062,178.99923401388548,-0.2438415,0.019956095,-0.38843185,-0.9677852,646.7812,646.7812
409,176.58936306640493,179.10621340212353,-0.24662569,0.018306863,-0.39595798,-0.96767044,645.2298,645.2298
410,176.22730220388183,179.12252101117892,-0.23157589,0.027219534,-0.3893543,-0.9686569,639.5751,639.5751
411,175.82246519876546,179.18705876012024,-0.24082884,0.025438804,-0.40695348,-0.9685508,641.0912,641.0912
412,175.23493406565524,179.15594086383706,-0.24398866,0.025157863,-0.4167601,-0.9692123,640.24426,640.24426
413,174.52252199095489,178.7370670701634,-0.23125,0.020993631,-0.39069706,-0.9724899,647.61084,647.61084
414,174.0635463160506,178.13209628499098,-0.24163474,0.019036675,-0.3864405,-0.9754421,648.1052,648.1052
415,174.17160638722763,177.96647259261619,-0.22956903,0.0025377118,-0.37919375,-0.98117423,629.9505,629.9505
416,174.670603365631,178.48040964791505,-0.22678562,0.005375194,-0.36684057,-0.9868234,631.6996,631.6996
417,175.1034680599752,179.2292457482239,-0.2289502,0.018599918,-0.37091538,-0.9937446,617.63257,617.63257
418,175.33717810680818,179.52300024281348,-0.2285121,0.018047687,-0.36809015,-0.997251,620.23047,620.23047
419,175.66430336977655,178.93110045040848,-0.22583388,0.017206635,-0.3730657,-0.99982715,620.3463,620.3463
420,176.21358179737072,176.9307263570256,-0.22729526,0.023781039,-0.37924597,-1.0029913,615.4529,615.4529
421,176.60966058275335,172.34665864780465,-0.23136713,0.026629146,-0.37068883,-1.0078175,606.4517,606.4517
422,176.5810657506207,165.06231020769022,-0.23557419,0.0067036287,-0.3690551,-1.0129168,585.7478,585.7478
423,176.30059760415725,157.8280119145349,-0.23638009,0.012963144,-0.3544189,-1.0204005,578.3656,578.3656
424,175.82011992802364,153.66861611808304,-0.23489723,-0.0012897283,-0.3413041,-1.0270362,569.0243,569.0243
425,175.3387606062442,153.05338789076933,-0.24176732,0.001211093,-0.3197969,-1.0270652,573.3135,573.3135
426,175.63532548955993,155.79956045118251,-0.24668026,-0.011501949,-0.30693987,-1.0294788,582.46326,582.46326
427,176.78206099291228,162.36345141563615,-0.25440067,-0.010537275,-0.31440577,-1.0333909,583.73737,583.73737
428,177.59140252342797,171.25620932773055,-0.24532948,-0.0059982613,-0.2904404,-1.0329107,580.99927,580.99927
429,177.34074340867923,178.46044210124873,-0.24232133,-0.013352516,-0.3034474,-1.0332959,589.61194,589.61194
430,176.6721003171389,181.03797557283005,-0.25187376,-0.008998611,-0.3193823,-1.035058,601.49255,601.49255
431,176.47730370925234,179.76389456209796,-0.24779426,-0.016316598,-0.30934513,-1.033597,618.1697,618.1697
432,176.9266193978025,177.62952033877392,-0.24884938,-0.007969054,-0.3241179,-1.0335662,628.775,628.775
433,177.53924366894563,176.74413204205965,-0.23390435,-0.009280081,-0.2989092,-1.0309088,645.0597,645.0597
434,177.76729450397332,177.1385870420991,-0.2411701,-0.005351807,-0.3124292,-1.0302014,646.2296,646.2296
435,177.56686664055582,177.75766982998107,-0.23745993,-0.0031280287,-0.32697585,-1.0251589,644.1023,644.1023
436,177.38757740410023,177.74468137245245,-0.23672192,-0.0006364196,-0.34624258,-1.0191134,646.20087,646.20087
437,177.69351381155897,176.8512295834128,-0.23464662,-0.00641543,-0.35579717,-1.012229,635.5603,635.5603
438,178.51907993005767,175.37562392615806,-0.23516257,-0.0026191582,-0.3644268,-1.0048407,640.7023,640.7023
439,179.32431458081683,174.03403646989807,-0.22814628,0.0054107797,-0.36808866,-0.99754125,657.32495,657.32495
440,179.49813614559392,173.45135884249783,-0.23261893,0.007046539,-0.39154062,-0.98921406,659.95386,659.95386
441,179.1015980254241,173.62173593672637,-0.23455241,0.011524399,-0.39662856,-0.9830689,663.5675,663.5675
442,178.7705319948993,174.03158408570064,-0.22437724,0.019996664,-0.38603237,-0.97989553,658.97833,658.97833
443,178.81565434039217,174.12157004593874,-0.22626448,0.018747283,-0.3871844,-0.9766415,659.9654,659.9654
444,178.5653156569417,173.21386704166372,-0.22619794,0.023055075,-0.40552977,-0.9711199,644.12994,644.12994
445,176.79815230677025,170.311795862885,-0.22723418,0.03288243,-0.4255542,-0.96724135,618.7854,618.7854
446,173.38337667197223,165.55394334275266,-0.22362125,0.02856725,-0.4060523,-0.96483654,624.80634,624.80634
447,170.39813887758214,161.71259382929583,-0.23131387,0.026298825,-0.4285463,-0.9633704,628.4674,628.4674
448,170.43781644372268,161.90905102840702,-0.22942618,0.03056966,-0.41467604,-0.96517617,625.3049,625.3049
449,173.61222796706002,165.95051733789631,-0.24057212,0.028920652,-0.41306198,-0.9658899,626.9638,626.9638
450,177.3677763349188,170.66685263247422,-0.23945521,0.026213542,-0.4149883,-0.9692244,628.8962,628.8962
451,179.3793200222144,173.46619345205923,-0.24866642,0.0211989,-0.42410415,-0.969191,638.5645,638.5645
452,179.47535487685417,174.36140665521873,-0.2487292,0.016471652,-0.4551127,-0.96646094,636.8289,636.8289
453,178.7242509578546,174.80115912480105,-0.23995754,0.017229578,-0.42967626,-0.96852523,636.7012,636.7012
454,177.87158543087708,175.68190880997417,-0.24448101,0.014103694,-0.41354716,-0.97270113,646.0675,646.0675
455,177.02383891168037,176.79891841446363,-0.23185681,0.01025162,-0.38692474,-0.9783561,641.61926,641.61926
456,176.18402968554327,177.46186600797427,-0.2428778,0.010629827,-0.39335355,-0.98185617,649.05023,649.05023
457,175.66063350958234,177.167402257368,-0.22711505,0.016132483,-0.36534032,-0.98767394,648.9615,648.9615
458,175.76985257754308,176.0470793298392,-0.23289564,0.0108925905,-0.36556768,-0.99048716,652.3213,652.3213
459,176.23651296700916,174.99954917502274,-0.23648615,0.008442916,-0.38473487,-0.99361604,656.4797,656.4797
460,176.38861783321394,175.06250426049735,-0.23593162,0.00621804,-0.34758368,-0.9988202,661.05615,661.05615
461,175.92797967648036,176.33050793854514,-0.22679111,-0.007526566,-0.34924915,-1.0020567,632.363,632.363
462,175.20698965186526,177.70577107552185,-0.2215999,-0.010767345,-0.33347535,-1.0047843,620.43335,620.43335
463,174.85467493705184,177.9381421657984,-0.21833353,-0.00961003,-0.34409642,-1.0098737,619.6605,619.6605
464,175.17767943953135,176.84927160494078,-0.2197194,-0.008599021,-0.32995465,-1.0153953,621.79193,621.79193
465,175.8926544278084,175.4024026963895,-0.22311668,-0.006797724,-0.32342762,-1.0201155,621.2586,621.2586
466,176.4515255826204,174.62479843346907,-0.22966297,-0.0150945615,-0.31511343,-1.0262468,609.77893,609.77893
467,176.54137041554083,174.65399981240495,-0.23457076,-0.016684473,-0.3204772,-1.0344129,599.8865,599.8865
468,176.2792911409013,174.87809776411814,-0.23624529,-0.019511385,-0.32503584,-1.0349255,598.00195,598.00195
469,176.06295436998994,174.81686877012373,-0.23915699,-0.01574314,-0.3157977,-1.0327444,607.81836,607.81836
470,176.27120197887123,174.5820599913171,-0.23554982,-0.015916212,-0.30457222,-1.0280021,613.3422,613.3422
471,176.92658988401683,174.51757281774093,-0.23685102,-0.020793084,-0.3103527,-1.0258557,614.7228,614.7228
472,177.60384851810696,174.71085847585235,-0.23766108,-0.018980924,-0.32091692,-1.0251434,612.5792,612.5792
473,177.83213177826423,174.96464247271476,-0.23266286,-0.015759904,-0.31634408,-1.0236478,617.5897,617.5897
474,177.56978325553465,175.07305332476707,-0.2290702,-0.0115449,-0.31133988,-1.0230663,621.8397,621.8397
475,177.20860803998983,174.9658126528005,-0.22621581,-0.004376,-0.30904645,-1.0207944,631.46844,631.46844
476,177.08875084411972,174.75783321340685,-0.23161602,0.0003168233,-0.31883287,-1.0196806,631.11255,631.11255
477,177.12932275392922,174.77150285661418,-0.2297318,0.007406615,-0.31672513,-1.0194085,636.16,636.16
478,177.12434193171984,175.1781809016309,-0.22621508,0.007858504,-0.33080903,-1.0165962,635.38354,635.38354
479,177.11937691730444,175.7057810667352,-0.23758334,0.005880785,-0.3438862,-1.0092599,645.14264,645.14264
480,177.18125378980983,176.16873231864525,-0.24182342,0.005667828,-0.3638371,-1.0067242,649.33124,649.33124
481,177.09068150834995,176.87380571596526,-0.23773643,0.0027046776,-0.35700026,-1.0043285,653.61664,653.61664
482,176.58647447903482,177.97629050497304,-0.23980662,6.079982e-05,-0.34518847,-1.0042338,658.5392,658.5392
483,175.80277089126236,178.98655137412413,-0.24041933,-9.196344e-05,-0.34488857,-1.0023656,655.7251,655.7251
484,175.23784658920488,179.32609275872215,-0.24193282,-0.003830351,-0.34441546,-1.0008801,668.8394,668.8394
485,175.25105180247022,178.9275881746786,-0.23463193,0.004061239,-0.34339282,-0.99583775,668.98773,668.98773
486,175.68426353847744,178.134676084562,-0.23025776,0.0024540406,-0.35331777,-0.99150366,670.4305,670.4305
487,176.06742770682865,177.40909899535788,-0.23035131,0.008197246,-0.3746756,-0.9880096,674.7991,674.7991
488,176.19984581131234,177.01874441459333,-0.22234802,0.013356855,-0.36289746,-0.98469406,670.75885,670.75885
489,176.29374469373576,176.72578491353863,-0.22985929,0.012317471,-0.38266775,-0.98237854,669.4236,669.4236
490,176.49468533683037,176.16357523466388,-0.2226138,0.027537167,-0.38748989,-0.9776396,660.1341,660.1341
491,176.70190235797853,175.41073101148478,-0.22423875,0.024860712,-0.39029527,-0.9766233,657.0298,657.0298
492,176.88258093352957,174.75455462990712,-0.22571452,0.021150671,-0.38767126,-0.9735128,653.3873,653.3873
493,177.14011048797764,174.32076375230378,-0.22995244,0.02998601,-0.38658202,-0.971736,648.6871,648.6871
494,177.55679676651212,174.16968199831618,-0.23848303,0.026772143,-0.40438235,-0.97046435,653.7922,653.7922
495,178.16350044813873,174.32830431635261,-0.23174772,0.027437886,-0.41696548,-0.9687243,651.36914,651.36914
496,178.87401471233608,174.5914034518216,-0.23083366,0.03479387,-0.41796857,-0.96644515,646.70776,646.70776
497,179.42624374734027,174.6302554207997,-0.23049445,0.035026096,-0.41006315,-0.9664952,646.407,646.407
498,179.52383227307843,174.4360649702225,-0.22339503,0.02777343,-0.41546747,-0.9659201,645.0775,645.0775
499,179.02079571415337,174.34188136845103,-0.21580361,0.021534186,-0.42740232,-0.9654067,644.37537,644.37537
500,178.00289550520228,174.59998776627077,-0.21102948,0.010665109,-0.41138327,-0.96716225,644.83136,644.83136
501,176.73286808745624,175.16976997321922,-0.21078725,0.010129109,-0.40004554,-0.97036666,645.5834,645.5834
502,175.5380134922907,175.77962704013225,-0.20903045,0.003713443,-0.3878552,-0.97287685,660.2779,660.2779
503,174.70436893322216,176.1279327087346,-0.20592031,0.002436144,-0.36303598,-0.9788618,664.48224,664.48224
504,174.3371922152625,176.1225325017031,-0.20698142,0.005102217,-0.36742082,-0.98123664,667.4823,667.4823
505,174.42016875834622,175.79930027091294,-0.20460658,0.0024179288,-0.3578172,-0.9878351,669.9929,669.9929
506,174.98163647011393,175.1040913279254,-0.20416522,0.0036505724,-0.35639754,-0.988707,670.4455,670.4455
507,175.91373681617517,174.0781380767193,-0.20559537,0.0013097929,-0.35753006,-0.9898496,668.13776,668.13776
508,176.8283719844763,173.06837455933373,-0.2060258,-0.0005082322,-0.35493764,-0.9912502,667.4772,667.4772
509,177.3803053074398,172.4199384665065,-0.20492487,-0.0024351762,-0.35052475,-0.9929692,667.15247,667.15247
510,177.49695531600352,172.17035664284,-0.20396364,0.0032899422,-0.3441496,-0.9967612,668.4673,668.4673
511,177.24117938161876,172.2810109415016,-0.21841644,0.00040249285,-0.35202873,-0.9985442,667.835,667.835
512,176.7314082400543,172.8802059810017,-0.21387921,-0.0010201487,-0.3468201,-1.0012307,664.9469,664.9469
513,176.17883041943165,173.9327644278442,-0.21319364,-0.0020482822,-0.34283096,-1.0017029,664.2023,664.2023
514,175.86016621032155,174.8668058439838,-0.20965402,0.00052027625,-0.3421439,-1.0042691,662.8183,662.8183
515,176.00718846515065,174.94396031203775,-0.20764847,-1.1246431e-05,-0.3375641,-1.0053059,662.1024,662.1024
516,176.57179600831174,174.03918718306213,-0.20621817,-0.0030508097,-0.33564883,-1.0054483,659.805,659.805
517,177.14734177133354,172.82699081900768,-0.20416826,-0.0025797412,-0.33298022,-1.006383,666.4383,666.4383
518,177.34769743115268,172.09292091931817,-0.20418137,-0.002670521,-0.3339167,-1.0063463,666.36475,666.36475
519,177.16563617713516,172.0558790260026,-0.20302524,-0.0031629594,-0.33155045,-1.0061114,671.26025,671.26025
520,176.860493669036,172.43875829473382,-0.20288451,-0.0033917893,-0.33248323,-1.0057178,670.9606,670.9606
521,176.67001537798012,172.90189897767002,-0.21164212,-0.0037105721,-0.34019905,-1.0055903,670.69104,670.69104
522,176.68078586193405,173.29569467479627,-0.2088024,-0.0038785287,-0.33773103,-1.0038801,671.5155,671.5155
523,176.86915119043053,173.66488430374648,-0.218567,0.00015756857,-0.35415512,-1.0021267,673.9997,673.9997
524,177.2022237171838,174.1017057967682,-0.21097723,0.000625208,-0.36012045,-1.0003259,671.06573,671.06573
525,177.6841686316742,174.51575788910543,-0.20850515,0.000696014,-0.3600247,-0.99788755,668.04095,668.04095
526,177.24034801836578,173.68622282386963,-0.20618382,0.013437052,-0.36628398,-0.9990899,655.963,655.963
527,172.41092054983883,168.61986459417164,-0.20991758,0.038243175,-0.40831235,-0.9960382,632.61584,632.61584
528,161.4878235513642,158.2637359346405,-0.22463793,0.047260966,-0.42649212,-0.995224,605.63306,605.63306
529,149.84029626917865,147.16503892359776,-0.22931369,0.055305388,-0.44777027,-0.99176985,592.2548,592.2548
530,144.48208576183976,140.35529249590272,-0.23281457,0.042602174,-0.4576036,-0.98985445,586.2199,586.2199
531,145.57565239284781,137.98759662836858,-0.23769124,0.037914462,-0.46196446,-0.98595685,577.2174,577.2174
532,148.54587268325193,138.57480760861637,-0.23347624,0.03252125,-0.4588947,-0.9827426,583.9931,583.9931
533,150.40321091935212,141.7528212540533,-0.2336397,0.025832536,-0.4631441,-0.9759223,579.70856,579.70856
534,151.60927160920835,146.77426490913214,-0.23198497,0.024743378,-0.4520657,-0.97636884,584.3232,584.3232
535,154.50978270322634,152.38105063284308,-0.23326355,0.028751327,-0.45550293,-0.9710183,588.22437,588.22437
536,159.9336528037633,157.35223149386886,-0.23717052,0.025841348,-0.4584122,-0.9710583,578.4858,578.4858
537,165.6221206984164,160.5785810510484,-0.23637384,0.026189787,-0.45726132,-0.97179794,578.94147,578.94147
538,169.2638942813432,162.29533056678952,-0.23558478,0.02539006,-0.4546382,-0.9711313,580.436,580.436
539,171.21151287952281,164.05910733392696,-0.23160887,0.020766513,-0.4460122,-0.96985334,589.54517,589.54517
540,173.2040684164217,166.64732615064244,-0.22862476,0.021494066,-0.44027725,-0.9710957,589.1206,589.1206
541,175.90575682735496,169.2201509006382,-0.22658302,0.017435692,-0.42988053,-0.97317713,591.6412,591.6412
542,178.2712535290116,170.5304917685662,-0.22180937,0.01706396,-0.42121762,-0.9745799,590.53723,590.53723
543,178.61648317619944,170.01872177990077,-0.2248361,0.021483604,-0.4103536,-0.9747305,588.10065,588.10065
544,176.09694334114707,167.81412161629723,-0.22520022,0.017776655,-0.40597472,-0.97498477,583.5413,583.5413
545,172.06540608289092,164.89951145964136,-0.2257157,0.020032668,-0.41087136,-0.9749544,582.5872,582.5872
546,169.50315474690098,163.09321853531515,-0.2275239,0.020913437,-0.41157743,-0.97519225,582.9227,582.9227
547,170.0674875764099,163.56926036166453,-0.22902,0.015873022,-0.41324803,-0.9756566,579.1968,579.1968
548,172.5942066463468,165.6326370328667,-0.22996177,0.014680015,-0.41263375,-0.9771507,577.32214,577.32214
549,174.76411790760662,167.53231647949832,-0.23208815,0.019424422,-0.41603434,-0.97687125,578.7656,578.7656
550,175.36865302757624,168.26943306231894,-0.23633096,0.019542538,-0.43772683,-0.9758888,577.69116,577.69116
551,175.04314766144597,168.3239912783465,-0.23832524,0.020617116,-0.44111356,-0.9750739,574.13043,574.13043
552,175.23016338194807,168.67278093554077,-0.23659046,0.019767813,-0.4418659,-0.9743035,577.24585,577.24585
553,176.49318446528093,169.57694415609907,-0.23900571,0.01967336,-0.44439885,-0.9740405,572.5714,572.5714
554,178.00310536908862,170.5852535412646,-0.23909321,0.017596465,-0.45070097,-0.97909683,575.28174,575.28174
555,178.73344638961342,171.39374132514857,-0.24014406,0.015310502,-0.44271636,-0.98010373,576.574,576.574
556,178.70875929351422,172.30087542473836,-0.24909572,0.010319291,-0.44739786,-0.9813703,579.7437,579.7437
557,178.6934281503994,173.70557989251685,-0.24339978,0.0068974392,-0.43972093,-0.9935923,594.7031,594.7031
558,177.66787154576906,174.23519384749406,-0.21941459,-0.0006478703,-0.41196698,-1.0158798,592.1972,592.1972
559,171.47208483250904,169.50769085834335,-0.28129348,0.0044595967,-0.56148416,-1.0014307,396.21695,396.21695
560,159.58063688677214,157.60196369407592,-0.07146297,-0.008599572,-0.15567191,-0.97239566,453.59894,453.59894
561,151.11377700226348,146.07785667083076,-0.04922072,-0.010206583,-0.16129647,-0.99799836,497.18744,497.18744
562,154.69179234578115,144.71930604782673,-0.060739037,-0.010903677,-0.18942451,-0.99216926,511.50363,511.50363
563,166.53924837621915,151.3127231185385,-0.08415728,-0.0059797256,-0.25640634,-0.9847026,515.8218,515.8218
564,176.0003115090381,154.9187360322111,-0.07250821,-0.0021001545,-0.2670104,-0.9690138,491.7328,491.7328
565,177.4931444554758,152.22942948063945,-0.07056621,0.0010333227,-0.27332765,-0.9785685,481.74954,481.74954
566,173.65200884382583,150.02990147524864,-0.069547474,-0.0039116135,-0.2715734,-0.97604233,467.20224,467.20224
567,170.58077868092988,152.26413292619284,-0.053972863,-0.01543197,-0.24957137,-0.9827468,476.88354,476.88354
568,171.82770946358306,154.97496764646732,-0.055981547,-0.0008552662,-0.27249855,-0.9779653,421.33264,421.33264
569,175.56840956810018,154.73189178329477,-0.04357344,0.002486026,-0.24499586,-0.9478703,442.61075,442.61075
570,176.78638203581784,153.56116947622394,-0.05154767,0.0030206046,-0.27942353,-0.9645175,445.26538,445.26538
573,172.583508192371,154.29211922617338,-0.005094161,-0.028404212,-1.003364,0.030851923,249.06924,249.06924
574,164.22641752073739,155.83930759887454,0.021852411,0.00090555387,-0.9632458,0.062689506,260.80783,260.80783
577,153.99934690459799,153.81093223849592,0.0035621373,0.011725368,-0.9671351,0.076372355,265.03522,265.03522
578,145.5042091322867,148.2968042637356,0.003724515,0.00846543,-0.9779407,0.08478861,262.87045,262.87045
579,144.8644392652295,147.86251298503112,0.0072454396,0.009466949,-0.97816366,0.08474396,243.23288,243.23288
581,152.29581639240743,156.54745044598965,0.018596908,0.021699535,-0.9624407,0.095272146,259.11105,259.11105
582,158.14292328634517,165.34321865629138,0.012489619,0.028616073,-0.9740244,0.09996917,251.29268,251.29268
583,155.84460553114073,165.79967650637906,0.0150801735,0.03398608,-0.9456998,0.11606247,256.19495,256.19495
584,151.7369556259221,162.1249002006403,0.015321702,0.029418109,-0.9615023,0.10552058,245.452,245.452
586,155.48123778114487,163.33926767525338,0.008460063,-0.0125711495,-0.9422981,-0.060169935,266.57593,266.57593
587,166.39536149475657,170.61912842093713,0.022609498,0.042568676,-0.9360366,0.056617595,266.32272,266.32272
588,175.19868443430516,177.98890943703017,0.018101465,0.035758838,-0.946437,0.037469614,266.14908,266.14908
589,176.15697841177766,180.79916766714717,0.0034688446,0.028784592,-0.97357243,0.031098673,261.4477,261.4477
591,171.98746094332884,178.46545546384536,-0.0720678,0.0052275797,0.83294517,-0.28058556,251.00217,251.00217
592,167.1779952285363,171.78921818390907,-0.06826966,0.011379628,0.8263327,-0.27861688,240.95192,240.95192
593,162.77720752337873,162.47820195381843,-0.06169767,0.0011504915,0.8323478,-0.30132085,238.09457,238.09457
594,159.89331953983626,154.83523568254074,-0.044841714,-0.015008522,0.82592285,-0.33348897,236.03532,236.03532
595,161.11985599452186,152.94691153089158,-0.033242207,-0.04240129,0.8490621,-0.36009562,243.14212,243.14212
596,165.9723047544864,155.59422099605072,-0.042101555,-0.0519703,0.8453916,-0.4006295,244.01707,244.01707
597,170.03738196770973,157.59927957529408,-0.037783835,-0.05289251,0.86741257,-0.35800594,267.54205,267.54205
598,169.42187575042783,155.57007233975804,-0.038726985,-0.047007993,0.86893034,-0.36220327,248.95708,248.95708
599,164.51730289607926,150.79369486866312,-0.042546324,-0.047975414,0.8640125,-0.34617594,249.33617,249.33617
600,159.4690095160078,147.30282922874403,-0.025229817,-0.06670625,0.91469866,-0.334008,271.9749,271.9749
601,157.99930401157536,147.9086368691017,-0.057278577,-0.06580612,0.83535373,-0.33720028,240.22427,240.22427
603,160.5619618191628,152.3355443319947,-0.032018412,-0.046699565,0.9122355,-0.3114939,264.16837,264.16837
604,164.53970874848403,156.90320132882,-0.05037461,-0.026337387,0.8728641,-0.28760234,246.2459,246.2459
605,166.63737772891525,157.30750147999703,-0.026827198,-0.044546522,0.90045804,-0.32852122,249.03261,249.03261
606,166.06369753747813,154.18348652183312,-0.038080607,-0.07757231,0.8853043,-0.3670817,255.06775,255.06775
607,163.66741792260763,151.3389986129733,-0.011062066,-0.0599037,0.92385733,-0.35832548,246.18065,246.18065
610,159.59598183636606,149.30778748638807,-0.06857801,0.06902125,-0.66749805,-0.7285381,153.4031,153.4031
611,154.62573678605705,146.15834965977817,-0.050447643,0.09074483,-0.6422162,-0.6882872,129.63832,129.63832
622,151.42187316484518,142.69670528440548,-0.040635847,-0.046137635,0.8950177,-0.28730643,249.29192,249.29192
623,150.00865290030308,143.37261269669102,-0.03839791,-0.06281463,0.88503987,-0.31499413,241.4962,241.4962
626,143.82646122831665,150.85042055466042,-0.03550366,-0.04272123,0.8707322,-0.35599113,248.5525,248.5525
627,132.3629703333697,161.1370006298982,-0.02622144,-0.04206677,0.8916728,-0.35228428,252.83508,252.83508
628,130.20451669192144,166.99175309363577,-0.021053517,-0.05116276,0.8876639,-0.37278855,243.82443,243.82443
630,145.9514805296434,165.36230694485917,-0.017433526,-0.04945683,0.9084851,-0.34659374,243.94771,243.94771
631,166.81018020227827,159.37538179221983,0.0064936904,-0.06127843,0.9306963,-0.36250004,239.91325,239.91325
632,175.57146017196976,152.72339332571306,-0.03472695,-0.060485303,0.8785764,-0.34145623,241.81395,241.81395
633,168.36776165399255,144.16205606018693,-0.04064327,-0.06312499,0.8789923,-0.35525492,225.66623,225.66623
634,152.95724742351806,131.53484256288706,0.0002489015,-0.07322839,0.9433794,-0.37897956,237.12592,237.12592
635,140.53078354501872,118.78034564416089,-0.023077777,-0.056166407,0.9278514,-0.3533681,233.80992,233.80992
636,135.68534325062254,111.92244917966524,0.105945215,0.13216145,1.1362525,-0.06772561,116.44789,116.44789
637,130.80406111908803,113.48974002873807,0.16881369,0.26899895,1.4710295,0.62149614,45.343853,45.343853
638,120.65181612727527,122.85583004128327,-0.035132024,0.58055377,1.5955203,1.4996364,31.306295,31.306295
642,113.2344463295729,132.9124172711414,-0.012142442,-0.26874506,-0.74737585,-0.46729597,15.416571,15.416571
643,117.73071499348907,136.76300075085322,-0.22634621,-1.2227249,-0.8384388,-2.161025,16.73985,16.73985
646,134.8349101470742,141.02436154441682,-0.19839248,0.0032405297,-0.44372547,-0.9446557,604.18695,604.18695
647,157.24484639552227,154.72959126508067,-0.19912235,0.0030710828,-0.43676978,-0.9434101,604.8101,604.8101
648,174.62951791393647,172.7844005978552,-0.1959284,0.0028973254,-0.43849263,-0.93987304,607.418,607.418
649,181.74173815533126,183.7563384855048,-0.20153116,0.0020059524,-0.4422208,-0.93644124,606.9582,606.9582
650,180.83262796121747,184.0834503952159,-0.20643759,0.0029820153,-0.44761047,-0.9329762,605.64087,605.64087
651,177.38572285918502,179.04068713021238,-0.2066764,0.0027889698,-0.45756388,-0.92877907,604.2305,604.2305
652,175.35301522105235,175.26696271045253,-0.20289011,0.007280599,-0.46248597,-0.9201263,605.13727,605.13727
653,175.41345973507487,175.2203278745723,-0.20759441,0.0128593985,-0.48400602,-0.91202015,603.3555,603.3555
654,176.33179001042953,177.3275934383159,-0.20566955,0.016385842,-0.49966645,-0.90564597,601.753,601.753
655,176.95795876365167,179.08220045083783,-0.20578527,0.018516097,-0.49775732,-0.904857,602.5031,602.5031
656,177.04775795543767,179.33829732372914,-0.20418243,0.019313974,-0.49224302,-0.90539396,603.8741,603.8741
657,176.9439171690829,178.51150702721347,-0.2042047,0.015696486,-0.48308164,-0.906662,604.4455,604.4455
658,177.00602003843184,177.5265054748871,-0.2041521,0.019917708,-0.4845375,-0.90594137,610.06635,610.06635
659,177.33585507602646,176.90609640447892,-0.2052191,0.014922007,-0.47565293,-0.90972644,609.4923,609.4923
660,177.8120254758541,176.6431415985417,-0.20454428,0.017890466,-0.47564116,-0.91101575,612.35535,612.35535
661,178.22704820949008,176.5287214254455,-0.20535904,0.017562278,-0.47472942,-0.9123771,610.64777,610.64777
662,178.43937965018472,176.40901229376288,-0.20674108,0.017223695,-0.47280744,-0.9146067,608.8528,608.8528
663,178.48060814673704,176.24469431262543,-0.20828831,0.016864546,-0.47529075,-0.9156325,608.0445,608.0445
664,178.5079988869434,176.07641741324252,-0.20922227,0.018261343,-0.47483724,-0.9169613,602.97363,602.97363
665,178.6549781115819,175.9464550019233,-0.21106216,0.017083202,-0.47640324,-0.91810656,596.56757,596.56757
666,178.90407445213208,175.85950195811319,-0.2107873,0.016666243,-0.4733889,-0.92283505,595.99414,595.99414
667,179.09383960037994,175.81644039841055,-0.21142375,0.012027821,-0.46908718,-0.92804724,594.26434,594.26434
668,179.0916469790651,175.8449446237608,-0.21194157,0.010646827,-0.45365652,-0.9345226,595.7087,595.7087
669,178.93986009680978,175.9868270045891,-0.2123638,0.008343938,-0.43946946,-0.9422099,597.11615,597.11615
670,178.82197551631077,176.20228020741416,-0.21024679,0.001571591,-0.4145761,-0.9523526,599.40314,599.40314
671,178.88337350707135,176.31539769204022,-0.2127435,0.0014148966,-0.40554297,-0.9556837,599.1804,599.1804
672,179.02257607084192,176.22803246806282,-0.2095564,-0.0010039586,-0.38221833,-0.9626277,598.9473,598.9473
673,178.93594448686363,176.0726860987406,-0.21066661,-0.0021271005,-0.37655625,-0.9711346,597.52515,597.52515
674,178.4335551720062,176.01501414759196,-0.20699537,-0.0050427755,-0.359065,-0.9771318,598.8078,598.8078
675,177.5921631157445,176.1007006397658,-0.206295,-0.0071830796,-0.34741232,-0.98375493,598.65283,598.65283
676,176.6489635104665,176.27490968277715,-0.20364554,-0.0108087,-0.3252475,-0.9904002,604.08923,604.08923
677,175.88461456359167,176.41618763402244,-0.20239475,-0.013125088,-0.30946493,-0.9951999,605.13916,605.13916
678,175.50295594823123,176.43546971461623,-0.19881865,-0.014744586,-0.30263633,-0.9987268,607.86017,607.86017
679,175.4748247962599,176.39706007710475,-0.19988403,-0.016918793,-0.30228007,-1.001027,606.0805,606.0805
680,175.55081982255908,176.5070813074048,-0.19766518,-0.022366283,-0.29540798,-1.0044265,604.7278,604.7278
681,175.48037114302028,176.91163254645141,-0.19833405,-0.022718534,-0.2794005,-1.0061166,605.7969,605.7969
682,175.19121369926,177.5093247865058,-0.19727296,-0.024669887,-0.2657197,-1.0105275,608.6373,608.6373
683,174.8409351075062,178.03421969757605,-0.19501875,-0.023226062,-0.25001445,-1.0102192,617.69745,617.69745
684,174.71806854151905,178.28042017819308,-0.1916094,-0.026069982,-0.23325706,-1.009761,626.41266,626.41266
685,175.00333599663324,178.201319711542,-0.1914493,-0.026596395,-0.22151667,-1.009647,628.169,628.169
686,175.6848663928329,177.8810787026004,-0.19368605,-0.026017927,-0.2262007,-1.0118582,629.0641,629.0641
687,176.6462073859891,177.49226846141067,-0.1909438,-0.024452638,-0.21158652,-1.0126195,631.622,631.622
688,177.6269962381593,177.2157937794561,-0.19001998,-0.026360799,-0.20655337,-1.0126592,631.0696,631.0696
689,178.26530133952193,177.10693215438303,-0.18821679,-0.031074403,-0.20387875,-1.0138607,637.4923,637.4923
690,178.4121627090825,177.09769194364796,-0.18795061,-0.03240759,-0.20221427,-1.0139987,637.8074,637.8074
691,178.26530461834477,177.15168060763523,-0.18709593,-0.03325535,-0.20084071,-1.0144244,637.53766,637.53766
692,178.13561339947617,177.28366060852517,-0.18716314,-0.03265428,-0.20199652,-1.0151818,637.9459,637.9459
693,178.1817783754737,177.45777255873722,-0.18964644,-0.03436861,-0.19453657,-1.014576,637.36993,637.36993
694,178.33043494612232,177.6236319238474,-0.19090258,-0.038532265,-0.19355765,-1.0138541,633.2077,633.2077
695,178.41886196315747,177.77853779106255,-0.19406295,-0.03978812,-0.19496569,-1.0171779,625.87384,625.87384
696,178.41412426089667,177.8890228691208,-0.19333592,-0.040721178,-0.1878534,-1.0164374,625.82306,625.82306
697,178.4475033627087,177.88218699250606,-0.19800192,-0.040784724,-0.17821226,-1.0150245,627.2753,627.2753
698,178.64929998938325,177.80316223610845,-0.19999583,-0.036566254,-0.17674394,-1.0147065,623.08307,623.08307
699,178.98171348623475,177.84460227232682,-0.20095775,-0.03700409,-0.18683125,-1.0159578,622.117,622.117
700,179.2544763916001,178.1166100794165,-0.20146209,-0.037977792,-0.20434092,-1.0180614,621.5405,621.5405
701,179.3001544857982,178.50056260843078,-0.20076853,-0.036167815,-0.21572085,-1.0166987,618.11066,618.11066
702,179.08369617243707,178.77492299253007,-0.19863008,-0.033827323,-0.22921655,-1.0132703,613.2579,613.2579
703,178.68456961263496,178.77601810475744,-0.198732,-0.03336767,-0.25832173,-1.0139873,611.4185,611.4185
704,178.23875643430154,178.49447982741722,-0.1949537,-0.029604027,-0.27822194,-1.0093429,612.5694,612.5694
705,177.84270136381244,178.10380667049643,-0.19716235,-0.02173415,-0.30146393,-0.9994536,610.162,610.162
706,177.46956893180115,177.81316009252055,-0.19565238,-0.01811988,-0.32078248,-0.99444896,609.18335,609.18335
707,177.04183180862188,177.68128592267675,-0.20036492,-0.013275666,-0.35808557,-0.9893876,605.0246,605.0246
708,176.57307239656572,177.6322492971992,-0.19948892,-0.011895082,-0.3730011,-0.98364335,606.75555,606.75555
709,176.15445056473874,177.55087886411803,-0.20008133,-0.008979089,-0.37809736,-0.97598463,605.8864,605.8864
710,175.90148864420948,177.3240193110809,-0.20168845,-0.0077303606,-0.39305225,-0.9706877,608.444,608.444
711,175.88545917710988,176.99583632714948,-0.2023736,-0.009521654,-0.37727788,-0.96798956,609.80963,609.80963
712,175.99491983432708,176.85301444055168,-0.20348531,-0.0031787502,-0.39896762,-0.9616709,614.5853,614.5853
713,176.10527914030575,177.09150730484401,-0.20097663,0.0024488675,-0.4167255,-0.95235187,621.6003,621.6003
714,176.33378707174933,177.47582239920854,-0.19421393,0.0071478677,-0.42400694,-0.94592285,625.4426,625.4426
715,176.7938699104962,177.53711809002678,-0.1887728,0.008479427,-0.41165847,-0.94352007,632.0445,632.0445
716,177.28599760252064,177.05870288409437,-0.1882051,0.009175091,-0.4136197,-0.9399818,634.9722,634.9722
717,177.516234534606,176.24039519081126,-0.1865722,0.011842477,-0.43736136,-0.93218744,638.15814,638.15814
718,177.54488649539667,175.40852725481034,-0.18899824,0.01677104,-0.45826817,-0.9269034,636.4877,636.4877
719,177.7279519522248,174.7682474066307,-0.18795267,0.018335415,-0.4690324,-0.92403954,634.73126,634.73126
720,178.1648695243881,174.4487624174907,-0.19102141,0.021425346,-0.47459513,-0.9187688,631.297,631.297
721,178.55769114160066,174.50108913970882,-0.19147559,0.024862468,-0.47614345,-0.9125306,628.38367,628.38367
722,178.6155933297822,174.82183774095148,-0.19273001,0.025757123,-0.47258452,-0.90725434,626.121,626.121
723,178.29637373810226,175.24716844087536,-0.19755523,0.027385348,-0.4867392,-0.9002186,624.4607,624.4607
724,177.78066686953636,175.64865809999506,-0.19523463,0.028387902,-0.51363355,-0.89506066,620.57495,620.57495
725,177.41192105016233,175.86338212275874,-0.19595191,0.026036505,-0.53382194,-0.8897208,621.1278,621.1278
726,177.4697089869099,175.73647666626798,-0.19891247,0.026260257,-0.54860395,-0.88042223,617.68555,617.68555
727,177.8664542993268,175.37595765677582,-0.20302023,0.028114667,-0.54545707,-0.88051873,614.18396,614.18396
728,178.23516970584905,175.1688494327588,-0.2122577,0.032326177,-0.5418241,-0.8795032,603.26025,603.26025
729,178.36274838688175,175.3799939455381,-0.21513183,0.031762253,-0.53419936,-0.8800321,598.8669,598.8669
730,178.35787659785777,175.8789882112864,-0.2190866,0.03245347,-0.5315791,-0.88140345,589.26013,589.26013
731,178.38322089325,176.40107223346163,-0.22124691,0.035034105,-0.5382361,-0.8837826,586.93854,586.93854
732,178.4639562821433,176.88751528315487,-0.22144067,0.03330243,-0.5169119,-0.8932376,582.57745,582.57745
733,178.6271678027162,177.38306438909132,-0.22268039,0.027886616,-0.49971193,-0.90210456,587.2211,587.2211
734,178.95568226129814,177.7997558189008,-0.22128052,0.019702766,-0.48238397,-0.91007626,591.33215,591.33215
735,179.36045784143036,178.0319475762715,-0.23714964,0.015411822,-0.4735214,-0.91494495,602.28754,602.28754
736,179.5241029071938,178.20063206491548,-0.22725719,0.0087857265,-0.44681707,-0.92877185,605.3548,605.3548
737,179.23828084210314,178.51187731071388,-0.23970574,-0.0026040634,-0.42734787,-0.93772316,609.3523,609.3523
738,178.682638297633,178.93792044979097,-0.22634135,-0.0038388153,-0.3966571,-0.9500471,623.7047,623.7047
739,178.2157982989763,179.2781969328321,-0.2317157,-0.00443401,-0.39079562,-0.9578006,624.0879,624.0879
740,177.95957599343393,179.4520845822724,-0.23820461,-0.005812125,-0.38188916,-0.9637603,627.5187,627.5187
741,177.77542347000897,179.53213319292564,-0.23523915,-0.01430672,-0.38442767,-0.970907,625.9948,625.9948
742,177.61015421173903,179.5105629828875,-0.23138121,-0.022186965,-0.34816137,-0.9809934,623.2325,623.2325
743,177.65945487722522,179.28292677849663,-0.22853875,-0.025430657,-0.30982476,-0.99430084,608.77094,608.77094
744,178.08763504823972,178.94530753350054,-0.23642501,-0.031651277,-0.30202806,-1.0034866,602.6829,602.6829
745,178.74604128123758,178.82147627089316,-0.2454606,-0.04171195,-0.30262995,-1.0082767,594.1892,594.1892
746,179.2961571058895,179.05333537839994,-0.24647103,-0.045553673,-0.2816519,-1.013422,593.0826,593.0826
747,179.44123964907016,179.38547112089714,-0.2423105,-0.041428916,-0.27950674,-1.0184717,592.48816,592.48816
748,179.12096272511116,179.50247090172113,-0.24471694,-0.040092655,-0.28549588,-1.0240209,593.99457,593.99457
749,178.6441021777086,179.43039907548084,-0.24185656,-0.04625495,-0.29107308,-1.0259403,591.13184,591.13184
750,178.43792335292287,179.44092394455046,-0.2446714,-0.049329475,-0.29745433,-1.0267775,586.02295,586.02295
751,178.63461500060018,179.64073183547285,-0.24375448,-0.04605541,-0.3032377,-1.0280956,585.86865,585.86865
752,179.02523276391653,179.86395105729983,-0.24480887,-0.044987846,-0.3053155,-1.0283241,585.72406,585.72406
753,179.33107523808172,179.92596969240793,-0.24463497,-0.045211565,-0.3179086,-1.0283675,591.6817,591.6817
754,179.43936282798904,179.75806319910285,-0.24699779,-0.045851167,-0.33410802,-1.029089,590.5071,590.5071
755,179.43912853790198,179.35052212659465,-0.24809311,-0.04062549,-0.36376056,-1.0259697,593.35223,593.35223
756,179.44932357865605,178.798072016653,-0.24573952,-0.036034524,-0.38622984,-1.0203267,595.4779,595.4779
757,179.4484884198764,178.3408318734097,-0.25711513,-0.025128638,-0.3774824,-1.0171137,601.0479,601.0479
758,179.38228659957235,178.1687445750881,-0.2498915,-0.010306325,-0.3793359,-1.0109313,622.9938,622.9938
759,179.31591647859614,178.26762759197896,-0.24374941,-0.01099264,-0.3636974,-1.0069715,621.83167,621.83167
760,179.26030131026192,178.4991408758582,-0.24380009,-0.018452382,-0.3949259,-1.0025177,606.0786,606.0786
761,179.0440905763447,178.7163613366391,-0.25025833,-0.0030913563,-0.40860093,-0.99474955,596.50006,596.50006
762,178.56203683943468,178.8430807084038,-0.24341421,-0.009711583,-0.42994124,-0.98599875,577.88544,577.88544
763,177.88407488303315,178.90354157175858,-0.23746572,0.0050597508,-0.4475185,-0.9721398,571.7563,571.7563
764,177.146036379235,178.9976935183974,-0.23749898,0.0068421382,-0.46601835,-0.9633117,561.99023,561.99023
765,176.63496897433487,179.1709076907688,-0.2315786,0.007550095,-0.4752725,-0.95252913,562.48645,562.48645
766,176.71817559759774,179.22316318959417,-0.23328018,0.022043413,-0.49518558,-0.9403461,556.20337,556.20337
767,177.39972444869514,178.9056177275726,-0.23262124,0.016916884,-0.5017507,-0.93277735,559.30334,559.30334
768,178.1688325423404,178.40764376476145,-0.23881957,0.01640197,-0.50602716,-0.92447203,563.2421,563.2421
769,178.46296388985385,178.2917850257846,-0.23949209,0.019869171,-0.50985694,-0.91964626,560.269,560.269
770,178.20332800941935,178.76345041712517,-0.2383384,0.021949954,-0.51620895,-0.91416705,560.9907,560.9907
771,177.8131170584041,179.26236934291518,-0.23773843,0.02262539,-0.53393626,-0.9104474,561.17926,561.17926
772,177.73102702272408,179.14927891508015,-0.25233382,0.03566345,-0.53394943,-0.91111755,586.7126,586.7126
773,177.99165520582844,178.64793571790372,-0.25580648,0.038069356,-0.5588647,-0.89969355,587.38074,587.38074
774,178.2928803265044,178.52598810670685,-0.25088963,0.030791925,-0.559692,-0.8997332,582.21796,582.21796
775,178.34608816548874,178.99407315827582,-0.24916393,0.03025627,-0.55675256,-0.8996498,581.9026,581.9026
776,178.14764287229715,179.55383288514363,-0.24387535,0.029113881,-0.54879385,-0.89974034,582.568,582.568
777,177.9708562451048,179.7166225112105,-0.24196081,0.02794785,-0.5250489,-0.9032888,582.1258,582.1258
778,178.04891564831757,179.36865630046722,-0.23167883,0.02748747,-0.49508202,-0.90966886,580.8488,580.8488
779,178.32761556597305,178.6118232939644,-0.22788289,0.027354171,-0.47839794,-0.91200453,582.7779,582.7779
780,178.6688840327211,177.58925235019757,-0.22416554,0.020529015,-0.466096,-0.9209883,579.74585,579.74585
781,179.06317033885966,176.53703374709033,-0.22592847,0.019543035,-0.44912633,-0.9279479,578.2948,578.2948
782,179.44186745107442,175.83076658029694,-0.22624864,0.018811407,-0.43301362,-0.93410736,579.9756,579.9756
783,179.60145065410535,175.70942686021087,-0.22361867,0.01748664,-0.42848328,-0.9405911,580.0397,580.0397
784,179.41371454266258,175.99713727227052,-0.21950705,0.010617274,-0.39992055,-0.9463683,584.0874,584.0874
785,178.94954131570213,176.2616399576404,-0.22326265,0.004103747,-0.38670826,-0.9540731,587.4847,587.4847
786,178.4734066071907,176.21247933838052,-0.22602248,0.0061765057,-0.3919745,-0.9578484,588.1268,588.1268
787,178.24101514554596,175.9324912505324,-0.21888037,0.0008798022,-0.37570152,-0.96502167,592.4516,592.4516
788,178.20166584316667,175.7066186727408,-0.2193221,0.0035485122,-0.36420792,-0.970938,595.6089,595.6089
789,178.17038889776364,175.6018355760154,-0.2188329,-0.00018653044,-0.3577331,-0.9746789,597.49066,597.49066
790,178.25831173471303,175.40499208250654,-0.2306264,-0.012253728,-0.37067562,-0.98153234,594.93414,594.93414
791,178.70219131614724,175.10167125077828,-0.23340096,-0.014829045,-0.3752071,-0.98392713,591.84454,591.84454
792,179.39084083394218,175.04521004100627,-0.23216183,-0.02072908,-0.3814241,-0.9850039,586.2226,586.2226
793,179.9405665594021,175.37328130131863,-0.23115814,-0.019933874,-0.3780336,-0.9868804,586.05023,586.05023
794,180.11578870283796,175.69064847669435,-0.22786,-0.008894585,-0.37236857,-0.9865529,589.9723,589.9723
795,179.9848657685379,175.6209776407711,-0.24126498,-0.007871032,-0.37824804,-0.98663497,594.70074,594.70074
796,179.7331516345996,175.42789722696813,-0.23632295,-0.007884357,-0.37842086,-0.9848608,593.12274,593.12274
797,179.44694126761414,175.81796923503512,-0.23198307,-0.0038512214,-0.39376512,-0.98210996,593.51733,593.51733
798,179.14121881117717,177.00980065947,-0.2357685,-0.008014815,-0.41845176,-0.97976756,596.9932,596.9932
799,178.90276283119294,178.37782286269362,-0.24885169,-0.00082550664,-0.4224636,-0.9760804,601.25244,601.25244
800,178.88743760282384,179.2722067420638,-0.25328904,0.005311034,-0.42923456,-0.97335213,604.6246,604.6246
801,179.15287926317885,179.6526417626954,-0.25961542,0.008731181,-0.4350934,-0.96889246,604.8025,604.8025
802,179.44177366544045,179.74056434105657,-0.2418424,0.0052255983,-0.44106308,-0.96507514,604.6519,604.6519
803,179.2975478861296,179.56519198628672,-0.25642073,0.0106327105,-0.42075357,-0.9642374,608.5887,608.5887
804,178.62812675270627,179.10790043159233,-0.2399812,-0.0019301071,-0.444272,-0.95977455,603.7402,603.7402
805,177.83952394517115,178.65933942514303,-0.23571007,-0.0027344972,-0.44899365,-0.9594289,602.9195,602.9195
806,177.26749311630834,178.64126343479683,-0.23033887,-0.003687684,-0.45110568,-0.9562585,601.7973,601.7973
807,176.89912616864194,179.0636975753784,-0.23456879,0.0069708982,-0.4482076,-0.9537422,582.9901,582.9901
808,176.63309217463308,179.52925990234098,-0.22523874,0.008764621,-0.45629612,-0.9475381,584.584,584.584
809,176.45088423698147,179.7537311501732,-0.22490016,0.012345663,-0.4679891,-0.9447488,584.02734,584.02734
810,176.36650024962108,179.74635019931048,-0.22569025,0.02375145,-0.47720754,-0.9410374,575.0677,575.0677
811,176.40955077406826,179.5976275421443,-0.22512238,0.021806708,-0.48050466,-0.9406709,575.76514,575.76514
812,176.60539753332557,179.37057620951305,-0.22585773,0.021224765,-0.4866506,-0.937598,575.82166,575.82166
813,176.86966115382873,179.13256213802723,-0.22576284,0.020705491,-0.47405905,-0.9400754,576.9388,576.9388
814,177.01704721865514,178.97349926844927,-0.22905089,0.022976726,-0.47387567,-0.9400683,574.68353,574.68353
815,176.95657786822724,178.94639079511288,-0.22987936,0.02204925,-0.47395873,-0.9416443,572.35486,572.35486
816,176.81040135186487,178.98697419421836,-0.23146662,0.020296725,-0.47684145,-0.94462264,568.72296,568.72296
817,176.76777848058705,178.98561862608082,-0.22997323,0.005126444,-0.46997154,-0.95264906,569.6756,569.6756
818,176.86551328207764,178.9551782024481,-0.24543421,-0.0071866587,-0.46912992,-0.96569467,576.3922,576.3922
819,177.00369874433045,179.01346784838864,-0.25517604,-0.014525571,-0.4550927,-0.971856,576.82996,576.82996
820,177.17457211381696,179.17475721348768,-0.26036718,0.0015195437,-0.45136854,-0.9771384,583.94446,583.94446
821,177.55749181347315,179.29450439824902,-0.26128462,0.0067101447,-0.43244272,-0.9840846,604.9718,604.9718
822,178.2976857394011,179.28400096844754,-0.25905865,0.0024574662,-0.40456027,-0.9864784,602.8345,602.8345
823,179.22390739876568,179.2657807793025,-0.25484553,0.0061963466,-0.43164003,-0.98538864,604.5058,604.5058
824,179.91037148106972,179.4147386177982,-0.24899802,0.008937419,-0.42701718,-0.9891772,607.07227,607.07227
825,180.0838634451716,179.6962100000485,-0.24903171,0.0038667948,-0.41644034,-0.9949622,612.8463,612.8463
826,179.86531472640596,179.83351297250783,-0.23751482,-0.0048333267,-0.39479336,-1.0011063,602.1779,602.1779
827,179.5687261531737,179.55177671388077,-0.24819338,-0.0245986,-0.40592664,-1.0030923,598.9676,598.9676
828,179.41900130067208,178.92650066301735,-0.24429232,-0.025212625,-0.38338917,-1.0044293,605.3544,605.3544
829,179.47447452349357,178.40366713163309,-0.24662395,-0.024065332,-0.3646095,-1.010196,610.81995,610.81995
830,179.647302299979,178.30961160344873,-0.24069722,-0.01402686,-0.3655661,-1.0101136,603.2128,603.2128
831,179.79550798122307,178.48939412102598,-0.2439796,-0.016351765,-0.36933306,-1.0135875,586.9716,586.9716
832,179.85404614797187,178.54825731062286,-0.24861658,-0.012300609,-0.37465158,-1.014154,581.4328,581.4328
833,179.83653913310638,178.31921641376817,-0.24787533,-0.010166234,-0.37701553,-1.0127089,581.44763,581.44763
834,179.7548897358873,177.98981676014031,-0.24641663,-0.0087944,-0.37855613,-1.0095054,583.8399,583.8399
835,179.633721408938,177.80132711035552,-0.24456623,-0.006143516,-0.37964758,-1.0060946,584.7279,584.7279
836,179.5447185917823,177.74752110272271,-0.24817717,-0.009450672,-0.39543772,-1.001051,588.1175,588.1175
837,179.53295337913735,177.63413147963018,-0.24462977,-0.004635753,-0.41935626,-0.99588126,588.9495,588.9495
838,179.56152560908538,177.40154695682804,-0.24376434,-0.00602612,-0.4475252,-0.9904625,592.0475,592.0475
839,179.5244348815513,177.31635010704306,-0.2462417,-0.013336345,-0.45837337,-0.98844945,589.4299,589.4299
840,179.25980919083068,177.724557940968,-0.23850907,-0.006115363,-0.46707562,-0.98527163,584.34576,584.34576
841,178.63496072975894,178.54305364849014,-0.2413778,-0.0100811785,-0.46688214,-0.9769798,584.69446,584.69446
842,177.71015705384974,179.21042064102,-0.23621717,-0.0028679962,-0.46846697,-0.9672895,582.94183,582.94183
843,176.8365236721945,179.3760063943538,-0.23597427,0.004123428,-0.47412264,-0.96263266,579.94403,579.94403
844,176.40820670400652,179.25514413224695,-0.2408487,0.0020080018,-0.478834,-0.9590222,579.5903,579.5903
845,176.36110416583193,179.08210594480747,-0.23443875,0.011453741,-0.48790276,-0.9537909,573.7775,573.7775
846,176.2504332384358,178.87730891151554,-0.22715876,0.012239245,-0.49345842,-0.950031,568.76904,568.76904
847,175.93267781353387,178.81713869497833,-0.22797191,0.011814778,-0.49243632,-0.94889486,566.81366,566.81366
848,175.74085793985157,179.10699759419012,-0.23176338,0.02835786,-0.46437168,-0.9489531,583.1751,583.1751
849,175.98135501500585,179.57971181587556,-0.2290294,0.016928526,-0.4499468,-0.94346327,592.5721,592.5721
850,176.5865931316049,179.83251150603027,-0.22285849,0.022815526,-0.4087617,-0.9420379,623.8952,623.8952
851,177.28249693079206,179.6480994415296,-0.23773317,0.011550346,-0.41348317,-0.94420445,638.4139,638.4139
852,177.91587157261526,179.2310977183537,-0.241564,0.008019047,-0.4120854,-0.9449599,635.313,635.313
853,178.45973810785117,178.99628690186586,-0.2323729,0.0011725966,-0.40684354,-0.9480952,635.02563,635.02563
854,178.77919212304897,179.05963143031335,-0.22117539,0.007895587,-0.38850427,-0.95042163,634.71844,634.71844
855,178.632705913952,179.15590273771903,-0.22357926,-0.006970893,-0.39557385,-0.9583504,628.5378,628.5378
856,177.90884430358997,179.11117161433853,-0.22328621,-0.0059249694,-0.38434252,-0.964426,629.68005,629.68005
857,176.83171368741242,179.08205622884537,-0.22271925,-0.0062328964,-0.37936172,-0.96784115,629.80945,629.80945
858,175.96654175303613,179.20119964475944,-0.22232142,-0.0146486005,-0.38217336,-0.9716506,628.45135,628.45135
859,175.78553902990882,179.2984865475352,-0.21697654,-0.015104802,-0.37757924,-0.9740341,628.27637,628.27637
860,176.13972270845872,179.1200915033166,-0.19942787,-0.014850382,-0.35900968,-0.97602165,627.8774,627.8774
861,176.3694495573616,178.62945312612504,-0.1947396,-0.014299438,-0.3496116,-0.9762485,631.97345,631.97345
862,175.96305806132574,178.08794788810962,-0.19363579,-0.013385438,-0.3605685,-0.97411513,636.66907,636.66907
863,174.99512224144112,177.87737253889466,-0.19919802,-0.018232275,-0.3760219,-0.97269446,640.4444,640.4444
864,173.90420686110127,178.16751829269015,-0.19934167,-0.025495864,-0.37595755,-0.97268105,645.03796,645.03796
865,173.0247039495581,178.78481378411755,-0.2031321,-0.025797488,-0.38752678,-0.97118354,647.277,647.277
866,172.46663232643178,179.4012197472581,-0.20020364,-0.022165885,-0.38633505,-0.9699832,648.9376,648.9376
867,172.2389337112126,179.78911684982208,-0.20594968,-0.022805639,-0.40557727,-0.965859,648.0438,648.0438
868,172.31245678999167,179.9014712836453,-0.20453134,-0.022384493,-0.41955712,-0.9641421,650.5184,650.5184
869,172.60036888206167,179.80448414054968,-0.20350847,-0.02232888,-0.42224747,-0.9630082,651.8433,651.8433
870,172.92632264988887,179.56387192353466,-0.18765411,-0.018596755,-0.42240041,-0.9577893,653.68243,653.68243
871,173.19991664330504,179.0667364053499,-0.19772115,-0.016109254,-0.43873498,-0.9505469,655.8003,655.8003
872,173.63783551979697,178.13300000309303,-0.20531628,-0.015496012,-0.45912018,-0.94322103,654.6701,654.6701
873,174.5391622719073,176.97459756142882,-0.20977001,-0.011351447,-0.47551,-0.9369527,656.82666,656.82666
874,175.89789187134662,176.13800258961317,-0.20924579,-0.008133816,-0.47659463,-0.93001103,656.69434,656.69434
875,177.39314026206515,175.92409111445485,-0.20802526,-0.0033048051,-0.47789723,-0.9241833,660.69604,660.69604
876,178.57617677323495,176.22415635507906,-0.19350173,-0.0043240953,-0.46767503,-0.92036855,659.3741,659.3741
877,179.04087052229877,176.77327798786877,-0.19158426,-0.002073826,-0.45894122,-0.917162,658.3756,658.3756
878,178.72975604483074,177.28763223643415,-0.1893784,-0.0032490997,-0.4411102,-0.9157044,657.3711,657.3711
879,178.04687862538316,177.58921597382857,-0.18882453,-0.006132885,-0.42587984,-0.9162136,663.4277,663.4277
880,177.38819955544875,177.8230806232796,-0.18151426,-0.008365245,-0.41429737,-0.917005,670.995,670.995
881,176.73970586601527,178.27595748777728,-0.17700659,-0.0020153916,-0.40611345,-0.91705424,673.2248,673.2248
882,175.94474552507367,178.87486509726247,-0.17738613,-0.00888952,-0.40562263,-0.91839314,678.05554,678.05554
883,175.09139746121738,179.2432942064902,-0.17797895,-0.0072168023,-0.38856396,-0.9199931,676.5049,676.5049
884,174.4021677236304,179.24366390191884,-0.16921243,-0.0041904026,-0.39096692,-0.92046547,673.1575,673.1575
885,173.9805490696051,179.0954376159303,-0.16752353,-0.0017064259,-0.374115,-0.9220994,665.42474,665.42474
886,173.89250480272833,179.05011810760223,-0.16251147,-0.0010295288,-0.37003392,-0.9274246,657.5843,657.5843
887,174.2010197378801,179.12505145457573,-0.15441413,-0.0025348277,-0.35524842,-0.94305986,648.77435,648.77435
888,174.76165409445963,178.99603475765147,-0.1540967,-0.0010608071,-0.35146275,-0.9644201,645.79,645.79
889,175.2891581307791,178.20550513513066,-0.16281216,-0.011746498,-0.35104778,-0.9724995,647.4773,647.4773
890,175.6378773431767,176.65855293816347,-0.16889378,-0.0140466625,-0.3519135,-0.97855204,651.2543,651.2543
891,175.84489260282749,174.89949744862957,-0.14816542,-0.016199572,-0.31801364,-0.9877979,658.7374,658.7374
892,175.94645962344197,173.83651460056223,-0.14407542,-0.010558895,-0.31558293,-0.9867236,658.6359,658.6359
893,175.86245028850337,174.03235008939853,-0.13904326,-0.0060785804,-0.30797282,-0.9829125,662.2857,662.2857
894,175.57090654483954,175.1951594479578,-0.13898519,-0.012595903,-0.30562216,-0.97947466,662.631,662.631
895,175.25147693416346,176.5156376626936,-0.14096592,-0.008693471,-0.31624153,-0.97113687,659.0429,659.0429
896,175.06635974990888,177.49103911940307,-0.14146568,-0.010625829,-0.30798054,-0.98349315,659.65674,659.65674
897,174.97191320553134,178.16235128898686,-0.14180222,-0.016057225,-0.30642182,-0.985796,663.83215,663.83215
898,174.89666551935633,178.668072633575,-0.13923809,-0.015295801,-0.30272335,-0.98315424,666.9822,666.9822
899,174.9627703878009,179.04790979607512,-0.13914593,-0.012541565,-0.3041926,-0.97328067,671.8577,671.8577
900,175.34101164410112,179.3622517881743,-0.13588414,-0.013050368,-0.29912668,-0.971991,681.8908,681.8908
901,175.94630474052516,179.6333030530423,-0.13321784,-0.012535003,-0.30067793,-0.96889096,690.36176,690.36176
902,176.44226989165233,179.79124938869117,-0.13575362,-0.0077833547,-0.30542213,-0.96254945,696.88104,696.88104
903,176.51923275354648,179.7832068217636,-0.13957533,-0.005427313,-0.34221542,-0.9550928,704.1973,704.1973
904,176.13268196889285,179.65891674899663,-0.14309691,0.0009313254,-0.372722,-0.9355009,707.9177,707.9177
905,175.56668590460959,179.53069409603475,-0.15050057,0.0036517766,-0.40470916,-0.92999095,719.26276,719.26276
906,175.2924679386494,179.44687755790054,-0.1544369,0.01126833,-0.43159455,-0.9158861,725.84644,725.84644
907,175.6083456889529,179.36086249648736,-0.15621567,0.015891511,-0.44472858,-0.9068341,732.0527,732.0527
908,176.3055329817968,179.23832577390314,-0.15807264,0.01955603,-0.45891115,-0.89664626,738.7502,738.7502
909,176.82378833308175,179.08136037329837,-0.16042219,0.018010337,-0.46035993,-0.89372474,742.8256,742.8256
910,176.8463932871571,178.825390470335,-0.16189216,0.015669243,-0.4594139,-0.8926358,750.2195,750.2195
911,176.64866211953617,178.30091759696916,-0.16255502,0.014851732,-0.44738522,-0.8941635,757.06,757.06
912,176.8110026113535,177.3743168127825,-0.16325372,0.013263977,-0.43644527,-0.8921503,760.16144,760.16144
913,177.6244038043882,176.1864279180189,-0.16799645,0.011358765,-0.42550808,-0.8958596,755.7522,755.7522
914,178.7325101730099,175.19334932843296,-0.17038302,0.0072662453,-0.41962075,-0.8995715,757.9914,757.9914
915,179.3964165727452,174.7963047132957,-0.17069112,0.0060851485,-0.42260763,-0.90513456,760.9599,760.9599
916,179.2648904850123,174.9518110128802,-0.17596568,0.0071597495,-0.42500928,-0.91252655,751.1338,751.1338
917,178.78109912293453,175.35016525062548,-0.17719057,0.008345753,-0.41189235,-0.92115957,764.9293,764.9293
918,178.65247182427245,175.84016887354878,-0.18096364,0.012374237,-0.40724865,-0.92770123,766.8905,766.8905
919,179.0864351838915,176.43267206644205,-0.17782821,0.011050533,-0.39347973,-0.9400536,793.52924,793.52924
920,179.67869847299662,177.0709982915606,-0.18034238,0.008896765,-0.39260712,-0.95367527,784.55945,784.55945
921,179.86454953575745,177.57548472001915,-0.18197107,0.0072168573,-0.38681185,-0.9602217,783.603,783.603
922,179.07294076028526,177.72528406696603,-0.18763104,0.004660691,-0.37638694,-0.97151035,756.9332,756.9332
923,176.62906215389663,177.40941720602126,-0.19349748,0.00047801726,-0.35539833,-0.981205,740.3118,740.3118
924,172.762601335219,176.78783548275842,-0.18368438,-0.019948473,-0.35910735,-0.9891184,706.23846,706.23846
925,169.4025483722619,176.25454840151184,-0.0015423943,-0.03809857,0.15274926,-1.0108868,695.3143,695.3143
926,167.9503799141406,175.95661557160966,-0.09096182,-0.011176798,-0.086146824,-1.0156503,663.46423,663.46423
927,166.76915735484866,175.20182732317204,-0.13327464,-0.016823737,-0.20463459,-1.0272713,663.36865,663.36865
928,163.55546079500493,173.2174826768709,-0.16533259,-0.014602157,-0.26444244,-1.0405879,669.7995,669.7995
929,159.51917524540048,170.9933466584835,-0.18221441,-0.014249065,-0.29236025,-1.0246431,667.0317,667.0317
930,158.13220763005228,170.88826550398952,-0.17886998,-0.025525851,-0.2870056,-1.0214219,661.30255,661.30255
931,160.83093921230164,173.67631591766144,-0.18775007,-0.03546514,-0.3085334,-1.0271429,634.4637,634.4637
932,165.93522679028422,177.2183753161919,-0.20474944,-0.041804135,-0.33341458,-1.0242255,621.1494,621.1494
933,170.38293208543368,178.62583847126882,-0.19301209,-0.042705286,-0.2966086,-1.0276873,670.5304,670.5304
934,172.19840926861212,177.05559754895918,-0.20115414,-0.022858847,-0.31514332,-1.020276,656.23047,656.23047
935,171.33611389593685,173.64428444091072,-0.21592335,-0.02373337,-0.34140512,-1.0554626,639.24286,639.24286
936,167.88792830010962,169.50479138323254,-0.23849915,-0.034966454,-0.38336936,-1.0230901,586.62006,586.62006
937,162.25704077382738,165.22166037698227,-0.2498598,-0.019319983,-0.43853453,-1.0511265,556.5482,556.5482
938,157.2738306671437,161.42919380003732,-0.21761489,-0.018907508,-0.38214263,-1.0402722,646.58984,646.58984
939,156.27958865842567,158.9330414150805,-0.18708622,-0.014828695,-0.32245418,-1.0481185,714.3985,714.3985
940,159.34395965748865,158.61840457004138,-0.19454546,-0.0122905085,-0.34308732,-1.0287979,698.42883,698.42883
941,163.6151981462748,160.86483549455914,-0.18411785,-0.006675909,-0.32760745,-1.0024006,729.1588,729.1588
942,166.56134015677404,165.1790999915726,-0.18957666,-0.0047131414,-0.37089795,-1.0105935,700.776,700.776
943,167.93677605619948,170.44763983891426,-0.18180715,0.003951521,-0.35719246,-1.004127,707.4727,707.4727
944,168.83655926014416,174.8872112563797,-0.19333838,-0.0012567069,-0.43420306,-0.99421096,612.898,612.898
945,169.46117471029177,176.60224689901588,-0.1721956,0.004020567,-0.4102122,-0.9948677,659.193,659.193
946,168.9621831073513,175.20249825834026,-0.16413192,0.008336231,-0.40787786,-0.96134883,686.7217,686.7217
947,167.21119435179776,172.42228146873396,-0.15760386,0.008712319,-0.39504588,-0.97269076,725.75024,725.75024
948,165.02825525521234,170.7040283432783,-0.14771645,0.009193202,-0.3716733,-0.9533682,762.131,762.131
949,162.58385835980056,171.22396569633204,-0.17698015,0.0184087,-0.43684316,-0.9954091,672.7239,672.7239
950,159.22212160265437,173.14429680700198,-0.19238059,0.011148848,-0.4802667,-0.9840607,590.1026,590.1026
951,155.437320479812,174.68781651576947,-0.13567108,0.012203887,-0.35741282,-0.93735254,796.0888,796.0888
952,153.09986148461564,174.93181541558133,-0.17571299,0.014647506,-0.43462285,-0.93969375,668.2779,668.2779
953,152.93505466410784,174.2725592234586,-0.24347873,0.029593062,-0.5657595,-0.9105249,545.15625,545.15625
954,153.88138109364812,173.48553640616498,-0.57226986,0.064484924,-1.1822096,-0.84429413,280.53558,280.53558
955,154.80590858794025,173.21809875861345,-0.20449373,0.02287996,-0.56016886,-0.92302996,706.8813,706.8813
956,155.05600487858007,174.07335549720153,-0.17677684,0.015798101,-0.47918206,-0.92531395,784.37964,784.37964
957,154.58254062285127,175.88487238948264,-0.23518965,0.013994202,-0.59862417,-0.9260688,605.23303,605.23303
958,154.6455607096533,176.94357493846266,-0.20188086,0.010944361,-0.50597686,-0.9318851,695.8547,695.8547
959,156.85165775711727,175.587545044068,-0.46008015,0.028919825,-1.0485362,-0.91086686,322.4573,322.4573
960,161.38858811523306,172.63010644322412,-0.23338851,-0.006789608,-0.47268763,-0.9150463,595.3564,595.3564
964,166.84079204227038,169.4261834896967,0.07478215,0.13583672,-0.6481146,0.8384466,1041.8185,1041.8185
965,170.77413152577944,164.8411870873308,0.13285923,0.174008,-0.5280622,0.96584296,949.73846,949.73846
969,171.90487235805043,159.74360726840075,0.09010882,0.16793291,-0.6486903,0.8532739,1082.4111,1082.4111
979,172.1646972198457,159.9529825089975,0.035261538,-0.0066376617,-0.07974532,0.9784267,244.45192,244.45192
982,173.77754537082387,167.74475013998898,0.033933375,0.0026296629,-0.062239673,1.0104318,221.40266,221.40266
983,175.87898290150176,176.8963417154629,-0.086777985,-0.009646351,-0.33417436,0.96231973,228.24077,228.24077
984,176.61405536561708,179.8279498075763,-0.10199039,0.004094919,-0.34981567,0.9371413,235.47069,235.47069
985,176.094300762693,174.77926050117713,-0.10714046,-0.02908194,-0.32253122,0.92949396,233.39667,233.39667
986,175.53386412560883,166.02673382198995,-0.13489904,-0.009610955,-0.3468299,0.9144528,231.12627,231.12627
987,175.15517768966467,159.45227041504234,-0.1302683,-0.02566826,-0.34002173,0.921844,241.13019,241.13019
988,174.11260394626612,157.79344294504236,-0.12731089,-0.0029301138,-0.36422917,0.92349124,240.03798,240.03798
989,172.07857077067922,159.57764405916208,-0.087577365,-0.013984292,-0.3245598,0.9336937,244.86441,244.86441
990,170.465620132052,161.9925917673154,-0.025170092,-0.029638335,-0.1771629,0.9600998,240.80792,240.80792
991,171.37480672358393,163.77886243289043,-0.038813427,-0.030666215,-0.21656641,0.94331914,238.23466,238.23466
992,174.9223375158089,165.25084776385134,-0.006868335,-0.020873537,-0.12567669,0.97925717,235.47331,235.47331
993,178.66817810082756,167.00230379039346,-0.08504634,-0.0018423513,-0.2215845,0.96504664,234.98361,234.98361
994,180.29139682234904,169.3293988525145,-0.026835022,0.0012581212,-0.17460288,1.0117707,232.66805,232.66805
995,179.64356988252518,172.2198493978743,-0.015969576,0.0016424366,-0.18129459,0.99863434,240.89844,240.89844
996,177.86175902515683,175.33233985469784,0.01484582,0.006391209,-0.13305569,1.0303438,224.09703,224.09703
997,175.96246184450843,177.88480303356081,-0.03613475,-0.010778774,-0.19996507,0.98960584,222.05904,222.05904
998,174.66760561433,178.957910212234,-0.06952333,-0.009346416,-0.26571137,0.95651597,230.55647,230.55647
999,174.45918365258635,178.41177829343695,-0.06866722,-0.0065573086,-0.28109643,0.9681833,223.93086,223.93086
1000,175.19086742296153,177.10635346236705,-0.040891405,0.0022318626,-0.23890692,1.0075308,223.5222,223.5222
1001,175.94937780897567,175.96939189407198,-0.06940561,-0.008411103,-0.34266585,0.96216977,232.51636,232.51636
1002,175.8936705070754,175.58128072048748,-0.05615258,-0.0015252205,-0.30901483,0.98999935,217.53387,217.53387
1003,175.09930478051842,176.33966862353748,-0.041314367,0.004829237,-0.25938383,1.0032744,225.33495,225.33495
1006,173.78234795048206,177.94336835524447,-0.14165018,-0.04291134,-0.47539392,0.9129224,184.41685,184.41685
1007,170.8794952298116,179.1216149482555,-0.15184234,-0.034687288,-0.46471456,0.9175731,186.80875,186.80875
1008,165.00152592095492,178.63804068571287,-0.13534957,-0.02333345,-0.42176682,0.93706834,199.7396,199.7396
1009,157.53943848215587,176.50301415755828,-0.111045025,-9.943465e-05,-0.38503185,0.9861608,210.54088,210.54088
1010,153.0215366974818,174.1659020504881,-0.10469886,-0.0026785305,-0.3598952,0.9645537,226.91101,226.91101
1013,154.77649043115332,173.26126360289078,-0.13312542,-0.0062451214,-0.37999824,0.98532575,230.0233,230.0233
1014,161.46660389780348,173.9280807713981,0.065394945,0.0063155005,0.050351333,1.0235921,229.76007,229.76007
1016,168.87263840737967,174.93941604191866,-0.07126829,-0.003162185,-0.35839123,0.9561202,246.1916,246.1916
1017,173.68525561857166,175.31882448289582,-0.037685078,0.0037022296,-0.27267143,0.97119445,242.2873,242.2873
1018,175.35896249476247,174.9286713401804,0.04452344,0.004331887,-0.06167061,0.9893194,237.53893,237.53893
1019,175.4226231879079,173.8059493483058,0.07091178,0.006858673,-0.016325211,1.0098574,231.35109,231.35109
1020,175.25399612675213,171.91228838927177,-0.02182631,-0.00038738514,-0.22730596,0.9984515,230.8207,230.8207
1021,175.08253852377877,169.86416774438874,-0.014305118,-0.008226302,-0.2134312,0.9777199,202.24849,202.24849
1022,174.96523142869714,168.59765192285974,-0.08102731,-0.019751523,-0.2858167,0.9381408,217.0884,217.0884
1024,174.5526042729126,167.57929058622855,-0.15652572,0.0011192433,-0.49011943,-0.9538972,125.26119,125.26119
1025,171.61176908305455,165.69444844283305,-0.17656922,-0.004500918,-0.41518748,-0.9634973,125.3881,125.3881
1026,164.31746246107753,163.78898480993013,-0.18135312,-0.014921056,-0.34110898,-0.98291487,127.56549,127.56549
1027,155.4421570858688,163.54382056776691,-0.18305437,-0.017627921,-0.31582734,-0.9860224,128.52654,128.52654
1028,150.18814070592722,164.9432144648705,-0.18133861,-0.018581256,-0.3083908,-0.98962337,129.43144,129.43144
1029,150.21589568793246,166.54842412472658,-0.18035805,-0.01845255,-0.3024467,-0.9919049,130.07623,130.07623
1030,152.80587792986128,167.21274162679975,-0.18028858,-0.018090632,-0.2980488,-0.9932623,130.46863,130.46863
1031,154.65970985189549,166.894743574325,-0.1800963,-0.01870458,-0.29595807,-0.99401677,130.83125,130.83125
1032,154.63068702053343,166.2202648909228,-0.1798298,-0.01914094,-0.29757115,-0.99443007,130.95607,130.95607
1033,153.52726012417276,165.71758945330023,-0.1788634,-0.019162957,-0.2950196,-0.99446195,131.25789,131.25789
1034,152.57966907521254,165.54295505997317,-0.17803037,-0.020104688,-0.2945595,-0.99440724,131.73082,131.73082
1035,152.3334473464629,165.58835918603947,-0.17729428,-0.020762004,-0.29737106,-0.99482363,131.85379,131.85379
1036,152.5649156758054,165.65470857209795,-0.177709,-0.021113513,-0.29756656,-0.9957593,131.89177,131.89177
1037,152.8352374615585,165.6239448085845,-0.17836224,-0.020473301,-0.29509428,-0.99523664,131.9855,131.9855
1038,152.92598659263672,165.50911604901776,-0.17797124,-0.02071424,-0.29731205,-0.995117,131.9663,131.9663
1039,152.85652476535316,165.3762784184861,-0.17688064,-0.02100683,-0.30116254,-0.99518967,131.91075,131.91075
1040,152.75151421861992,165.3196715320622,-0.17629886,-0.021530064,-0.3008132,-0.99509186,131.72272,131.72272
1041,152.73560874224722,165.43669837111162,-0.17645574,-0.021321733,-0.29844734,-0.99496233,131.65576,131.65576
1042,152.85244219348436,165.72813483449303,-0.1764667,-0.020796616,-0.2984002,-0.99466133,131.73267,131.73267
1043,153.05360621183823,166.06224286115287,-0.17631204,-0.019610645,-0.29889035,-0.9940591,131.52939,131.52939
1044,153.2302745774055,166.271118048835,-0.17638454,-0.019575248,-0.29847643,-0.9937139,131.45076,131.45076
1045,153.2510383961955,166.30965244210904,-0.17618383,-0.019592054,-0.29877812,-0.9934693,131.43146,131.43146
1046,153.08334748381483,166.29895034664992,-0.17647527,-0.018855998,-0.2992658,-0.99282175,130.9346,130.9346
1047,152.8938850423119,166.37882421618335,-0.17719735,-0.018697428,-0.29977298,-0.9914566,130.81111,130.81111
1048,152.8633327229988,166.57416632214657,-0.17717181,-0.01883699,-0.30076635,-0.9914626,130.78484,130.78484
1049,152.9298815784469,166.78926868874535,-0.17536873,-0.018612744,-0.3022123,-0.9909812,130.94063,130.94063
1050,152.9060190202977,166.88811666384183,-0.17557205,-0.018762708,-0.30539125,-0.9912782,130.92526,130.92526
1051,152.76923506539376,166.82754543137077,-0.17558955,-0.018285323,-0.3062855,-0.991164,131.06221,131.06221
1052,152.6974605652914,166.6899505250042,-0.17583475,-0.018471388,-0.30692446,-0.9904951,131.03894,131.03894
1053,152.90742578306924,166.5837479451708,-0.17601465,-0.018494816,-0.30732653,-0.988739,130.9175,130.9175
1054,153.50159412204033,166.60026597152458,-0.17626967,-0.018491387,-0.30777606,-0.9870658,130.74869,130.74869
1055,154.35673107671903,166.79939659566634,-0.17647949,-0.01841595,-0.30792868,-0.9861827,130.6612,130.6612
1056,155.14414974689916,167.1222958968807,-0.17663652,-0.01860683,-0.3077326,-0.9854743,130.64438,130.64438
1057,155.5643489228195,167.38287132715465,-0.17669137,-0.018975925,-0.30772197,-0.984937,130.5767,130.5767
1058,155.5861057941188,167.40729812391274,-0.1786084,-0.01905998,-0.30743575,-0.98353857,130.27625,130.27625
1059,155.42546971712358,167.1498026022047,-0.17936833,-0.019109258,-0.30901182,-0.9840279,130.23575,130.23575
1060,155.30526559863657,166.69066290477306,-0.17884576,-0.019845348,-0.30937815,-0.9841628,130.346,130.346
1061,155.26906509061553,166.1913754284687,-0.17871015,-0.020041587,-0.3087937,-0.9842414,130.38531,130.38531
1062,155.24055847529596,165.83923430866847,-0.17889857,-0.019599942,-0.3086949,-0.98422587,130.68724,130.68724
1063,155.1944754362445,165.74825285598402,-0.17879167,-0.02014421,-0.3087734,-0.98379266,130.96184,130.96184
1064,155.18270027623785,165.88737918768751,-0.17919551,-0.020190613,-0.30590868,-0.9834394,130.98279,130.98279
1065,155.2290352745107,166.1231022304978,-0.17937596,-0.02093825,-0.3057775,-0.9833761,130.7993,130.7993
1066,155.28369078789476,166.30452838429468,-0.17908312,-0.02112129,-0.30425832,-0.98346245,130.87225,130.87225
1067,155.27608946396862,166.3346275168711,-0.17878985,-0.021013828,-0.30291095,-0.98381513,131.05501,131.05501
1068,155.15796764459662,166.25682110698102,-0.17821512,-0.020956352,-0.30106667,-0.9842108,131.12318,131.12318
1069,154.9056575192902,166.226657303917,-0.17806967,-0.020799326,-0.29965046,-0.98461664,131.10072,131.10072
1070,154.54117815780222,166.30520825133877,-0.17788628,-0.020985007,-0.29926413,-0.9845684,131.03722,131.03722
1071,154.15765124012097,166.37052497987546,-0.17773987,-0.020687358,-0.29974365,-0.98457086,131.0727,131.0727
1072,153.88228761776926,166.29255689297992,-0.17754108,-0.020692192,-0.30115065,-0.9849337,131.03175,131.03175
1073,153.78636735248887,166.07794191979494,-0.17696486,-0.020694159,-0.3017586,-0.98527896,130.99866,130.99866
1074,153.83369617360069,165.81387025079522,-0.17713411,-0.020488553,-0.30405754,-0.98561203,130.89227,130.89227
1075,153.9207309009965,165.59262380260915,-0.17732467,-0.020448904,-0.30794305,-0.9868607,130.65059,130.65059
1076,153.95052732058588,165.5091997509558,-0.17741679,-0.020434817,-0.3125943,-0.9880035,130.58086,130.58086
1077,153.8812288928349,165.62538884755853,-0.17809783,-0.02007509,-0.31745142,-0.9891182,130.0978,130.0978
1078,153.73891212981107,165.91863291066744,-0.17860787,-0.019885456,-0.32018054,-0.9899156,130.01402,130.01402
1079,153.56351106127448,166.3032197791805,-0.17903078,-0.019270653,-0.32309154,-0.99117094,129.70877,129.70877
1080,153.30630844413093,166.67546924695665,-0.17953394,-0.019164383,-0.32704398,-0.9921161,129.25601,129.25601
1081,152.83268388874092,166.94402586893676,-0.179521,-0.01692679,-0.33587655,-0.99289584,128.53708,128.53708
1082,152.08582284497578,167.04527706609065,-0.18043113,-0.015207666,-0.342527,-0.9957406,127.32057,127.32057
1083,151.20200690493073,166.94901180439675,-0.18068212,-0.013563057,-0.34800678,-0.9919205,126.837654,126.837654
1084,150.40708035061792,166.7073947574231,-0.17870586,-0.011023005,-0.35294393,-1.00068,126.29782,126.29782
1085,149.82071661118152,166.46019463120328,-0.17859687,-0.012987052,-0.35823175,-1.0027838,125.62749,125.62749
1086,149.38450903423023,166.3007307375498,-0.17686899,-0.015310114,-0.35871667,-1.0048895,126.129745,126.129745
1087,148.96519674896484,166.1812157051246,-0.17669459,-0.017972743,-0.35980248,-1.0173585,125.547844,125.547844
1088,148.51690989677334,165.98077200964207,-0.1760433,-0.017135372,-0.36833552,-1.0181506,123.48709,123.48709
1089,148.02561114413174,165.59974657740773,-0.17996204,-0.0200927,-0.3855381,-1.0256133,121.01806,121.01806
1090,147.24480775646774,164.90820111110395,-0.18368241,-0.022282584,-0.39658076,-1.0342047,119.751175,119.751175
1091,145.7844882731732,163.64269453670502,-0.18504453,-0.026706483,-0.41452333,-1.0365182,117.151054,117.151054
1092,143.55932457759266,161.63052803352238,-0.18382676,-0.029819377,-0.44407332,-1.0434772,115.24669,115.24669
1093,140.8864091398561,159.1828702123714,-0.19063959,-0.036234625,-0.47348928,-1.043683,111.91607,111.91607
1094,138.13523362708767,156.98804048478746,-0.18952283,-0.03155544,-0.48567483,-1.036016,111.51454,111.51454
1095,135.42031656581523,155.6712735314729,-0.18901418,-0.027727673,-0.5024432,-1.0514312,109.11638,109.11638
1096,132.67393561663098,155.64273950185935,-0.18209752,-0.028641991,-0.5132802,-1.0409012,109.73205,109.73205
1097,129.97520577719436,156.95357749345055,-0.18737814,-0.023465889,-0.53909725,-1.030857,105.81584,105.81584
1098,127.62914903156366,158.93445793338367,-0.18346159,-0.019306354,-0.5509923,-1.0133734,105.74101,105.74101
1099,125.85588819576633,160.3779160832737,-0.18778417,-0.02784991,-0.56800723,-1.0279962,103.63737,103.63737
1100,124.47706138528886,160.43691644548144,-0.17744637,-0.025027853,-0.54437184,-1.028725,105.89155,105.89155
1101,123.0008186356254,159.24526845208817,-0.18083008,-0.031857513,-0.55997854,-1.0414562,104.141464,104.141464
1102,121.16273293632257,157.6268558369727,-0.17982087,-0.035360027,-0.5471258,-1.0552244,105.048225,105.048225
1103,119.32211294577301,156.3046409068375,-0.185482,-0.035845526,-0.5677136,-1.0589362,102.08191,102.08191
1104,118.07335781006827,155.50267767668163,-0.18708858,-0.050203554,-0.5698703,-1.0851614,100.02188,100.02188
1105,117.53399666480907,155.2744891916569,-0.19765823,-0.05169872,-0.5976885,-1.0921834,95.35061,95.35061
1106,117.32043245350594,155.77101636451368,-0.18756612,-0.059787925,-0.56845206,-1.0819652,95.49286,95.49286
1107,117.1832906197442,156.9465248661266,-0.21292503,-0.049176384,-0.67138284,-1.0650461,92.57349,92.57349
1108,117.29302921765151,158.46936522826874,-0.2230997,-0.06322339,-0.6662432,-1.0503054,92.01507,92.01507
1109,117.80846830118485,160.07132416606441,-0.23667836,-0.06403816,-0.67996174,-1.0387596,90.03612,90.03612
1110,118.45732286387918,161.54620443412364,-0.24371904,-0.06990343,-0.71256644,-1.066709,84.43568,84.43568
1111,118.78107576051421,162.53405386692327,-0.2647116,-0.078581154,-0.7163337,-1.0703554,83.74385,83.74385
1112,118.78520367712133,162.8396472804066,-0.26443267,-0.07825916,-0.719846,-1.0781773,78.970634,78.970634
1113,119.04081263255964,162.84585207177656,-0.25719878,-0.08887013,-0.7099499,-1.0857179,80.00971,80.00971
1114,119.91770049057892,163.10061609666843,-0.2504447,-0.085739195,-0.7334576,-1.0393152,80.001366,80.001366
1115,120.88003799330494,163.53984880506107,-0.25926536,-0.053977627,-0.7379165,-1.0012909,80.410965,80.410965
1116,120.81252521094925,163.52859757102243,-0.25831103,-0.062661596,-0.77168596,-1.0512687,79.635895,79.635895
1117,119.3079985083104,162.68815453177956,-0.26216647,-0.06448638,-0.7886514,-1.0371823,79.60287,79.60287
1118,117.41206584912587,161.42265389203425,-0.25023004,-0.06660727,-0.7626769,-1.0530425,80.81053,80.81053
1119,116.54169929713046,160.4932752737533,-0.23837431,-0.06413059,-0.70649624,-1.0218322,84.58902,84.58902
1120,116.9766262571804,160.2690264810662,-0.2797207,-0.07088215,-0.7977586,-1.0028703,78.844734,78.844734
1121,117.96573237746766,160.68723695180478,-0.28119507,-0.073032446,-0.8151631,-1.0381945,75.10006,75.10006
1122,118.75563668011742,161.66966919363355,-0.25870964,-0.06433412,-0.7566513,-1.0460349,80.94112,80.94112
1123,118.86221723838435,163.1769456204019,-0.2623976,-0.060352422,-0.7485016,-1.01292,82.70817,82.70817
1124,117.9587383384227,165.04695546330393,-0.23974219,-0.063783295,-0.73248947,-1.051234,86.522285,86.522285
1125,116.24568430582832,166.7992520181659,-0.25023472,-0.06995366,-0.752799,-1.0486833,83.417046,83.417046
1126,114.498134079882,167.56515385517304,-0.25219825,-0.07037981,-0.7465451,-1.0473083,83.76964,83.76964
1127,113.23513014569878,166.7976567649298,-0.24538724,-0.067448385,-0.71,-1.0339001,87.027626,87.027626
1128,112.16965273205281,165.17552223218254,-0.22640061,-0.062095277,-0.66193956,-1.0810738,90.81759,90.81759
1129,110.75425280804816,164.20677573035812,-0.25413185,-0.0569979,-0.72768545,-1.0487803,87.83818,87.83818
1130,108.99323206580623,164.9099041856886,-0.27999395,-0.045847204,-0.7899449,-1.0015304,83.05015,83.05015
1131,107.50600787667734,167.24648102349178,-0.28651887,-0.047059797,-0.78983855,-0.9977638,81.9776,81.9776
1132,106.87999362129015,170.43030348199986,-0.30628428,-0.052812625,-0.7982212,-0.9759262,78.27159,78.27159
1133,107.09888343252864,173.4211358142353,-0.29239008,-0.05306207,-0.7865623,-0.99182683,79.42313,79.42313
1134,107.64260719010633,175.52937902312442,-0.29007214,-0.05248531,-0.78318197,-0.9939582,79.63654,79.63654
1135,107.99155342230274,176.6736238364895,-0.28744942,-0.050410256,-0.7727836,-1.0019219,79.53781,79.53781
1136,107.93935878449551,177.06976478237652,-0.2595888,-0.053591788,-0.72466266,-1.0431905,80.62772,80.62772
1137,107.52356003140008,176.91454469703248,-0.26811135,-0.061944757,-0.72093976,-1.0360409,80.43233,80.43233
1138,106.82095030509944,176.25837808077216,-0.2603237,-0.06114524,-0.7103478,-1.0196047,82.26862,82.26862
1139,105.95196454445428,175.16960634358747,-0.25545043,-0.065130174,-0.70838743,-1.0435218,84.1745,84.1745
1140,105.16394345597021,174.0268091681475,-0.25767037,-0.06303801,-0.70209944,-1.051493,82.85901,82.85901
1141,104.68274325735518,173.3343228698296,-0.25683045,-0.06436878,-0.6986957,-1.0135417,81.51956,81.51956
1142,104.51429370168057,173.33236914282816,-0.2526315,-0.073398136,-0.7042691,-1.01924,80.8911,80.8911
1143,104.46419572856342,173.83668748282307,-0.24603696,-0.06861328,-0.6978428,-1.0269524,81.43769,81.43769
1144,104.31430560133413,174.309290735461,-0.26077276,-0.07506559,-0.6955518,-1.0478027,81.06517,81.06517
1145,104.0661584900301,174.3406350456782,-0.2620871,-0.070633195,-0.70576495,-1.0479046,80.72815,80.72815
1146,104.09819128952972,174.0244574351913,-0.25914785,-0.062399846,-0.7219581,-1.0616363,79.840836,79.840836
1147,104.80386759493192,173.764096784471,-0.25359294,-0.070121974,-0.6915997,-1.0056268,81.39852,81.39852
1148,105.91521064653489,174.07159535348148,-0.24756998,-0.055084098,-0.7016967,-1.0614079,79.743126,79.743126
1149,106.61684343603085,175.31726484490292,-0.22433096,-0.03618258,-0.6387437,-1.0007535,83.72253,83.72253
1150,106.36332414420366,177.24014748949952,-0.2428793,-0.04064679,-0.69574016,-1.0214592,80.02318,80.02318
1151,105.38740160772531,179.0172164708095,-0.2678229,-0.039134707,-0.7564727,-0.9948459,76.722244,76.722244
1152,104.49469032058029,179.95072622494894,-0.25133297,-0.032115515,-0.6794552,-0.98049504,83.15016,83.15016
1153,104.14271803529766,179.88512003227416,-0.270963,-0.059598535,-0.7019578,-1.0214645,79.8638,79.8638
1154,104.13313957796908,179.0690007297299,-0.26804724,-0.058793545,-0.7246255,-1.0160245,80.4922,80.4922
1155,104.31084777759595,177.81563742117126,-0.27013776,-0.056469537,-0.72246754,-1.006314,81.395645,81.395645
1156,104.60933304978607,176.39850551019074,-0.26997393,-0.051275484,-0.7277788,-1.0030242,79.821686,79.821686
1157,104.77801966099786,175.15811087562582,-0.26677608,-0.053199615,-0.7322316,-1.0108922,79.783394,79.783394
1158,104.67795844144949,174.48807232674935,-0.25155324,-0.0591166,-0.6996133,-1.0626593,83.21165,83.21165
1159,104.33739375125978,174.74107017549,-0.2488104,-0.05690831,-0.6951745,-1.0490282,83.73144,83.73144
1160,103.689533077083,176.0551527124551,-0.24997975,-0.06491459,-0.6448657,-1.0224377,85.91235,85.91235
1161,102.60477195828676,178.00368863343547,-0.25126648,-0.053321965,-0.64798504,-1.0143882,86.38125,86.38125
1162,101.25161346544436,179.61091606864093,-0.27310222,-0.048340812,-0.66752356,-0.97564226,82.67638,82.67638
1163,100.30125297492827,179.8452977679344,-0.2753652,-0.04488354,-0.6677072,-0.9713983,80.763214,80.763214
1164,100.45345139223339,177.8817675540742,-0.25862995,-0.050343152,-0.66025335,-0.97779375,82.6566,82.6566
1165,101.58571311845311,173.64881776426452,-0.23360908,-0.049297415,-0.60898834,-0.98600847,85.16399,85.16399
1166,102.69219668219283,168.7846487669985,-0.2684683,-0.043842826,-0.7086938,-0.96726644,79.60231,79.60231
1167,103.09549292170476,166.00796676262894,-0.26726002,-0.04447066,-0.69759214,-0.95855826,79.92509,79.92509
1168,103.21608804314195,166.74733360195623,-0.27261811,-0.043658677,-0.725241,-0.9241743,78.25067,78.25067
1169,103.6402150629348,169.96546199899035,-0.27860618,-0.022514483,-0.76926994,-0.93042946,76.65964,76.65964
1170,104.26109257268924,173.5514797148333,-0.27955014,-0.02694842,-0.74001807,-0.9450075,76.26105,76.26105
1171,104.5823134286248,176.04226976353507,-0.24241929,-0.044935714,-0.6765677,-0.9504103,81.00765,81.00765
1172,104.17225082996751,177.026119213296,-0.2541274,-0.044047195,-0.6903305,-0.92864716,79.10549,79.10549
1173,103.00796291979456,177.06326452885386,-0.24591579,-0.04007009,-0.67409915,-0.94301033,80.96927,80.96927
1174,101.56838894438707,177.25798254192816,-0.24038397,-0.041407697,-0.65411955,-0.95276546,81.62156,81.62156
1175,100.39840922919012,178.1717767916306,-0.24735793,-0.038897827,-0.6568901,-0.9321803,80.24453,80.24453
1176,99.72821212266378,179.28777235657267,-0.24441615,-0.03715073,-0.655627,-0.92279285,79.44272,79.44272
1177,99.40026669518001,179.4952187328927,-0.24669456,-0.03898055,-0.63051593,-0.93296456,78.923386,78.923386
1178,99.04771868307125,177.76277158947684,-0.25607154,-0.039966132,-0.64359033,-0.92639434,77.10996,77.10996
1179,98.48422008234,174.21146417903483,-0.2526038,-0.04065332,-0.6436874,-0.9426994,76.35453,76.35453
1180,97.8600310046781,170.718560264962,-0.2512371,-0.043932408,-0.6461699,-0.95169497,75.591644,75.591644
1181,97.47743616978327,169.2241131951303,-0.26384124,-0.042983107,-0.6535124,-0.9603799,74.69947,74.69947
1182,97.57917797471143,169.72353870258644,-0.25517723,-0.042995784,-0.6307287,-0.95090604,75.59874,75.59874
1183,98.17678342026088,170.76556483939473,-0.26066506,-0.042245418,-0.65762657,-0.94092834,74.53165,74.53165
1184,98.96496663042011,171.22012196031062,-0.2509654,-0.04224696,-0.6563614,-0.9531653,76.379616,76.379616
1185,99.5811964886498,170.88926826221763,-0.24729803,-0.04182135,-0.6412272,-0.95420533,77.36854,77.36854
1186,99.99222120682163,169.80945719101896,-0.21381499,-0.05334886,-0.55981386,-1.0151169,80.30613,80.30613
1187,100.44458018618576,167.66046076527783,-0.20210253,-0.049047865,-0.58391535,-0.99126834,79.93527,79.93527
1188,101.23268371043916,164.2795632114276,-0.21354398,-0.022403618,-0.68943864,-0.9146826,80.120224,80.120224
1189,102.83900974091567,160.73918867171207,-0.2484964,0.0034906054,-0.8220595,-0.8734608,74.38353,74.38353
1190,105.77599838792592,158.75771564742604,-0.24059139,-0.0017709851,-0.81497276,-0.87027127,78.33658,78.33658
1191,109.66454760405743,158.5374157491018,-0.2786469,0.033377003,-0.9675718,-0.7815215,72.18449,72.18449
1192,113.32874333247229,159.14804643843516,-0.3618001,0.08674479,-1.0945786,-0.6965651,65.70134,65.70134
1193,116.37457269910462,160.7506232275144,-0.3715828,0.07487285,-1.1484978,-0.74232256,65.62843,65.62843
1194,119.60128533797668,163.4994964687725,-0.41185457,0.09032097,-1.1910102,-0.6835308,61.562946,61.562946
1195,123.55926717250863,165.65547158231564,-0.3980806,0.093460664,-1.1891937,-0.70674336,60.388195,60.388195
1196,127.38697663610711,165.5168274789434,-0.36532643,0.061179318,-1.071343,-0.72751486,65.17855,65.17855
1197,129.57678311407875,163.5412889381618,-0.3463393,0.054655585,-0.93701625,-0.8706882,69.69581,69.69581
1198,130.2717431667539,161.45375293470352,-0.32611832,0.046864253,-0.8194394,-0.9049122,75.446335,75.446335
1199,131.9690738633728,160.6802465216726,-0.29531762,0.03742427,-0.72307074,-0.87403274,84.09153,84.09153
1200,136.67301439510564,161.67120631970238,-0.28389442,0.032356847,-0.71571076,-0.8985536,85.098206,85.098206
1201,143.22737883800446,163.78245683994547,-0.28319684,0.03984973,-0.6998808,-0.9189364,83.06122,83.06122
1202,149.56624655486283,165.86067779279995,-0.28957748,0.035133384,-0.7146386,-0.9235407,81.51135,81.51135
1203,156.0237390841864,167.2035345747162,-0.30426928,0.047551565,-0.767915,-0.9326266,78.98883,78.98883
1204,162.01020714069995,167.76555588729846,-0.31047314,0.050098263,-0.8155246,-0.9292539,77.10007,77.10007
1205,161.7656946563702,167.85043386448976,-0.32915542,0.03508037,-0.9264167,-1.0138507,69.97047,69.97047
1206,149.89275081858267,168.13281150637084,-0.24554372,0.0070444527,-0.803127,-0.9805985,88.375725,88.375725
1207,129.59970978189318,169.22806183992955,-0.22274625,0.012924755,-0.75173324,-0.95736516,92.24629,92.24629
1208,111.41433753980273,170.66591542558848,-0.2961045,0.011913489,-0.9144125,-0.90075976,86.49494,86.49494
1209,104.82315931622297,171.01416664403905,-0.28137326,0.04248195,-0.9263496,-0.8388937,88.60179,88.60179
1210,111.08238177355904,169.39896940334344,-0.26522893,0.039264362,-0.89332277,-0.8114937,88.898415,88.898415
1211,122.67725442216727,166.755085380276,-0.23946793,0.040374815,-0.7688032,-0.783431,91.13667,91.13667
1212,130.62197153444828,165.13449164506366,-0.2276758,0.05285129,-0.78436935,-0.7997451,97.531456,97.531456
1213,132.32238519286554,165.4723564005183,-0.22337247,0.037399318,-0.7136187,-0.8444548,106.6772,106.6772
1214,131.77798403636686,167.23152379851803,-0.1905482,0.011546997,-0.62677747,-0.8803572,117.43998,117.43998
1215,133.5688300696204,167.27881903070985,-0.14007598,-0.0011594755,-0.5126055,-0.89189357,129.02141,129.02141
1216,138.75221203662235,158.63292634135917,-0.0918074,0.009163374,-0.47220588,-0.8910742,147.3463,147.3463
1217,146.36897598746788,141.945472805207,-0.029458772,-0.02503311,-0.342025,-1.0024999,135.96738,135.96738
1218,154.75798111297863,132.70311988205208,-0.032164883,-0.031411067,-0.31073856,-1.0177613,134.60991,134.60991
1219,161.0095086854578,140.59237229947416,-0.075590655,-0.019889079,-0.26677093,-1.0228823,138.76859,138.76859
1220,164.28800035847473,155.0861901173981,-0.11087562,-0.013933843,-0.29909524,-1.0396438,135.76248,135.76248
1221,167.70075901385792,162.09941626494864,-0.115240775,0.002922231,-0.31037346,-1.0353473,135.11472,135.11472
1222,172.99715884073532,160.0742650080962,-0.11598823,0.013765698,-0.28497767,-1.0400425,136.31454,136.31454
1223,177.61094415282767,156.17097393496206,-0.16265678,0.0061899824,-0.27572066,-1.0248759,137.45274,137.45274
1224,178.5922617459431,156.62231579407404,-0.1696409,-0.0008243387,-0.2763439,-1.0239601,132.1268,132.1268
1225,175.85295761350457,162.7628534662669,-0.1363717,-0.0025788264,-0.24755797,-1.0412556,135.14316,135.14316
1226,169.73199657663815,171.6134744654439,-0.114275225,-0.015431031,-0.24580745,-1.0300695,132.26697,132.26697
1227,159.112422261893,178.46625355432886,-0.07741114,-0.010810498,-0.23429032,-1.0314459,135.93388,135.93388
1228,147.43762036607416,180.64363734851366,-0.086280905,-0.0033259704,-0.24412201,-1.0134495,138.35799,138.35799
1229,144.38786356912382,179.27685532183298,-0.11268087,0.013858069,-0.25258255,-1.057402,137.45615,137.45615
1230,153.53100599890294,177.30927227728705,-0.10860658,0.011320741,-0.2274446,-1.0390487,133.87498,133.87498
1231,165.33968040071457,176.4853819826352,-0.16453212,0.020648276,-0.3601255,-1.0038265,123.82747,123.82747
1232,168.096906967544,176.03540190866835,-0.09638963,0.0136509305,-0.16455264,-0.95983756,134.21454,134.21454
1233,160.27354996317956,174.05873921206526,-0.10449567,0.029007677,-0.23133804,-1.0411162,136.9014,136.9014
1234,149.50702731941453,170.66624256298496,-0.10719705,0.015697652,-0.25484958,-1.0480062,136.26872,136.26872
1235,143.129268097945,168.52610476352237,-0.16211157,0.022118839,-0.28791392,-1.0339818,124.04557,124.04557
1236,142.48750424659698,169.22830249217333,-0.16438471,0.017723385,-0.17338967,-1.0345687,120.44909,120.44909
1237,144.94565880347767,170.88004258077643,-0.26639283,-0.0024778515,-0.4038741,-1.1044025,88.516136,88.516136
1238,148.03964028670345,170.72148544313532,-0.22536613,0.011463976,-0.4259906,-1.0255362,105.78686,105.78686
1239,150.40406730485978,168.7480986139916,-0.1769429,-0.0034821117,-0.44094777,-1.0635319,96.36129,96.36129
1240,150.95971220354087,166.63799491531557,-0.1845164,-0.016785411,-0.5236642,-1.091971,91.58685,91.58685
1241,149.83196558769527,161.9411290707207,-0.214398,-0.100105606,-0.6490973,-1.053865,78.97757,78.97757
1242,149.37375962090965,148.6272075863718,-0.2556404,-0.12686428,-0.7760396,-1.0968463,72.749466,72.749466
1243,152.36842108217587,131.69148360231517,-0.29647622,-0.09436181,-0.824993,-0.97247624,71.29159,71.29159
1244,158.66149857575223,129.62018964121967,-0.2919316,-0.040747188,-0.7964086,-0.9129709,69.56241,69.56241
1245,164.4743341851036,149.15228558304634,-0.30171144,-0.021435974,-0.7437595,-0.8724236,73.00965,73.00965
1246,166.04452605925,173.34716059041608,-0.27864522,0.008162001,-0.68271816,-0.8700604,77.56893,77.56893
1247,163.10962644097697,183.00993990501962,-0.26301965,0.024879955,-0.5747579,-0.8606314,81.08884,81.08884
1248,158.3982809950233,176.88592941097534,-0.24725431,0.017999886,-0.50563145,-0.85049194,81.760506,81.760506
1249,155.68244385275733,167.87319317648507,-0.28390807,0.011987274,-0.5516897,-0.8580598,78.701836,78.701836
1250,158.01488148288158,166.35132896232508,-0.26250443,0.0067133377,-0.47551012,-0.87389994,79.11987,79.11987
1251,163.94882150476562,171.3635387085462,-0.31346405,0.04669152,-0.60871303,-0.8305545,68.16199,68.16199
1252,164.4307199640979,176.13103010731393,-0.36576006,0.070749775,-0.7105935,-0.80113983,57.982723,57.982723
1253,150.87253645314863,176.791131302219,-0.36354178,0.049250387,-0.7517412,-0.83371097,59.776184,59.776184
1254,131.04033174693342,174.65400833553474,-0.3245862,0.03093654,-0.75163925,-0.8645481,62.218826,62.218826
1255,123.52072138758177,172.8682247888764,-0.3611535,0.024914555,-0.8856243,-0.9613289,57.89318,57.89318
1256,132.39769875482662,172.9627530356196,-0.29068652,0.031084875,-0.86467767,-0.9715409,70.22655,70.22655
1257,144.3330876234109,174.4579314275389,-0.29742253,0.051433645,-0.8527129,-0.86658525,67.5629,67.5629
1258,148.34258945259432,176.1654074831471,-0.31505293,0.04699834,-0.8695937,-0.9042994,66.00211,66.00211
1259,145.3534188558728,177.08279940679662,-0.3123662,0.081654005,-0.8550959,-0.9751997,66.70894,66.70894
1260,142.63490811573192,176.88504387424842,-0.26785117,0.070913404,-0.82556134,-0.98828137,78.05687,78.05687
1261,145.0976053671262,175.73345261579146,-0.24627985,0.060267903,-0.85892403,-0.91939205,79.58342,79.58342
1262,151.8939218292253,173.82229505493052,-0.27867204,0.03870453,-0.9633415,-0.9191109,71.6543,71.6543
1263,159.70719309628794,172.0901203282445,-0.2956013,0.031784985,-1.0113914,-0.92054707,67.451706,67.451706
1264,166.31132809159112,171.23800874641384,-0.28981125,0.04541593,-0.9394076,-0.8451353,69.725006,69.725006
1265,170.0065720929466,168.09211688623404,-0.35355476,-0.010784137,-1.0920844,-0.93214,58.32055,58.32055
1266,168.97686473845386,158.19197427368422,-0.36454508,-0.03088273,-1.1020007,-0.9741278,56.976265,56.976265
1267,164.32737914446628,145.3557233677474,-0.33104777,-0.056786705,-0.991646,-0.99022776,62.404785,62.404785
1268,160.98527091598834,141.15712331721707,-0.40172693,-0.06651109,-1.0738006,-1.0299488,54.476494,54.476494
1269,162.37395308248975,150.76272699883728,-0.36584792,-0.030882632,-0.9987086,-0.9969184,56.06633,56.06633
1270,166.69538596010244,166.33114542242546,-0.36942837,-0.012498393,-0.99886936,-0.91028506,55.124275,55.124275
1271,170.04263289464964,176.68716055822443,-0.3712635,-0.018251078,-0.8680547,-0.93366104,56.899796,56.899796
1272,170.79711058966035,177.9950383114737,-0.34896666,0.0026358727,-0.5899142,-0.81237876,63.226307,63.226307
1273,170.09173042094042,174.30809604001527,-0.31369326,-0.009259584,-0.3831836,-0.7774813,69.19496,69.19496
1274,169.43968567564764,171.548372595036,-0.2793869,-0.014540247,-0.37405604,-0.7486602,74.38271,74.38271
1275,169.29882391715375,172.19497099919468,-0.28786966,-0.0082057,-0.3689294,-0.75697696,74.72729,74.72729
1276,169.72408245891623,174.7307084634097,-0.27981785,-0.014313096,-0.38418123,-0.7769677,75.19431,75.19431
1277,167.70518524078358,176.70661936452584,-0.26971906,-0.011285854,-0.43518132,-0.8213596,76.11917,76.11917
1278,154.2479274517708,176.85275846994674,-0.30414653,0.03901135,-0.4905179,-0.82371163,71.858154,71.858154
1279,126.2055654719244,175.20905127304576,-0.33793426,0.030020552,-0.58256024,-0.8241417,68.42135,68.42135
1280,98.28057788682415,172.88553184467037,-0.37249443,0.043412533,-0.74923813,-0.87333935,62.56828,62.56828
1281,90.23693772634077,171.07629551795173,-0.45659345,0.060853247,-0.9512249,-0.8979732,53.84899,53.84899
1282,107.4304284789201,170.17454250907633,-0.47245073,0.03816457,-1.0548538,-0.99441826,52.09277,52.09277
1283,137.8339124196467,170.24315678120894,-0.37035003,0.011667117,-0.90427953,-1.041968,62.22207,62.22207
1284,162.97019747530004,171.51020260081899,-0.32530907,0.045644816,-0.8245555,-1.0215089,74.875175,74.875175
1285,171.92020562417628,173.9288945256882,-0.3235247,0.034426585,-0.8740357,-1.0473593,71.73894,71.73894
1286,166.67151212660204,176.6431025866182,-0.32202333,0.037045363,-0.80961585,-1.0653901,74.05208,74.05208
1287,157.00094349637519,178.36735959340356,-0.30530122,0.04997027,-0.9001993,-1.0026125,76.86761,76.86761
1288,151.78502125808038,178.37706254086075,-0.2067019,0.07072589,-0.96266335,-0.76647556,99.15316,99.15316
1289,152.54265226863777,176.69556197028834,-0.18282591,0.062144592,-0.92292213,-0.71128786,105.74979,105.74979
1290,154.64938808969976,173.45433792472502,-0.2663662,0.07641121,-0.9925092,-0.7526647,94.02588,94.02588
1291,155.02515474270862,169.30006085189146,-0.27518842,0.05619571,-1.0469494,-0.8307313,83.713066,83.713066
1292,155.55137515784094,166.52194871210668,-0.27333617,0.028553594,-0.90926486,-0.9356902,86.166306,86.166306
1293,158.17152811117003,167.51704813603354,-0.2620026,0.012096917,-0.9074082,-0.9446134,88.46551,88.46551
1294,161.13259313684108,171.85826289973562,-0.28799203,-0.021284183,-0.93379116,-1.0129784,84.30544,84.30544
1295,162.5778653329924,176.70322505082714,-0.34089226,-0.013964111,-1.0051465,-1.0191743,76.96208,76.96208
1296,163.98374118618315,178.92891284097004,-0.3455186,-0.028876387,-0.9776204,-1.0495781,75.58696,75.58696
1297,166.90825914891147,176.27466629720178,-0.34982443,-0.061926737,-0.9756093,-1.0143366,73.038086,73.038086
1298,169.66152966459404,169.33391459576043,-0.371674,-0.068602845,-1.0459692,-0.9416407,68.55227,68.55227
1299,169.62201573343046,162.7841698020593,-0.3686894,-0.02432909,-0.94349474,-0.9075535,70.767555,70.767555
1300,166.82783718577159,161.6935410097049,-0.3197885,-0.02389527,-0.78202057,-0.90443474,79.15579,79.15579
1301,163.8815507659726,166.42238276652233,-0.35411483,0.032700285,-0.7644748,-0.9099117,79.38047,79.38047
1302,163.00918716334155,173.04011889941648,-0.3078466,-0.013952921,-0.46855083,-0.8693296,88.02314,88.02314
1303,164.61642700102456,177.7440679236503,-0.26826182,-0.05902078,-0.22746488,-0.8948723,101.040184,101.040184
1304,168.22690250909753,179.24573197262657,-0.24875769,-0.046387035,-0.057151493,-0.84831583,111.17293,111.17293
1305,172.91789264340844,178.14077835164568,-0.24238798,-0.067931585,-0.0015877519,-0.8870019,121.08991,121.08991
1306,176.93930503941505,175.444380613979,-0.23041531,-0.07713597,0.018975066,-0.8863788,128.42107,128.42107
1307,178.35832684215322,171.61323124762777,-0.2179173,-0.09305164,0.050652407,-0.8966915,127.52548,127.52548
1308,176.5154669449208,167.11772345255034,-0.21227132,-0.106463365,0.0531876,-0.89832443,125.99755,125.99755
1309,172.44568110809294,163.7113623042218,-0.23883599,-0.11457363,0.03704401,-0.9580042,120.32873,120.32873
1310,167.99208464166287,163.6628963176109,-0.2335091,-0.11388052,0.045108385,-0.9640011,122.97177,122.97177
1311,164.78224760387522,167.30920464534452,-0.20089708,-0.10106955,0.062299304,-0.9812965,133.15169,133.15169
1312,163.1583561800628,172.14137341342365,-0.16746286,-0.110656895,0.1557073,-0.91791743,127.79132,127.79132
1313,161.56457093400203,174.9630355738446,-0.16791677,-0.10384492,0.20502444,-0.9264517,139.89049,139.89049
1314,158.2808747394302,174.67236674846805,-0.12803425,-0.097156174,0.2883955,-0.9098759,152.21886,152.21886
1315,153.51439798708907,172.14250504053928,-0.09876487,-0.09425415,0.31343892,-0.9600233,161.80565,161.80565
1316,147.79755771267736,168.836413446554,-0.070280455,-0.08668382,0.36108798,-0.9432845,168.52298,168.52298
1317,139.93387532837482,166.52042861386488,-0.088146895,-0.103091285,0.3449382,-0.91915876,177.55035,177.55035
1318,129.69348168121533,166.1566251022938,0.07786323,0.0028574136,0.8657963,-0.67715925,189.0812,189.0812
1319,120.6440996840724,166.49982180547613,-0.026208479,-0.044259258,0.46038848,-0.78303844,180.3215,180.3215
1320,117.01874964745114,165.15170564761632,-0.026305376,-0.05655365,0.43645427,-0.8081999,185.80363,185.80363
1321,119.25733341503062,160.60265011174042,-0.06647229,-0.09221512,0.43282756,-0.83062226,180.92302,180.92302
1322,123.73253787209603,152.87889691477125,-0.079339504,-0.10148381,0.4928228,-0.7963681,179.71558,179.71558
1323,125.44727875217626,143.4125112796936,-0.051698994,-0.07664144,0.62378234,-0.76867366,188.24341,188.24341
1324,122.2673050710879,134.14744585073802,-0.09245023,-0.07644414,0.65876967,-0.6753479,197.93034,197.93034
1325,116.01401000803189,125.98072328996517,-0.046954665,-0.04275129,0.79610837,-0.67237145,214.10487,214.10487
1326,108.63723940429652,117.59916173275114,-0.04826665,-0.034953285,0.86881346,-0.5827497,230.27039,230.27039
1327,102.00587732266507,106.9164427136991,-0.055322982,-0.026314994,0.8709227,-0.5412664,236.61653,236.61653
1328,100.79623144146979,96.56436477591713,-0.07745733,-0.028849076,0.9034727,-0.5480452,234.42058,234.42058
1329,109.15961704718615,94.61898096227041,-0.08772894,-0.0037160667,0.8914129,-0.53692603,250.14767,250.14767
1330,123.922651778954,104.38866300247064,-0.05570311,-0.014799362,0.89171743,-0.48557156,197.06133,197.06133
1334,132.21470123613793,115.17416963751121,0.10467025,0.042720944,0.7540158,-0.7432263,93.34444,93.34444
1335,121.54944359306445,109.9744572006532,-0.1762872,-0.019630736,0.42588776,-0.8940647,77.3482,77.3482
1336,102.24138897124297,89.28989858137689,-0.24701098,-0.020572117,0.35674486,-0.77390075,56.1795,56.1795
1337,104.35474436323658,78.20147254568099,-0.3069051,-0.07306517,0.17764048,-0.8137974,57.399143,57.399143
1338,137.47410949390417,95.83396745580232,-0.30249065,-0.0699181,0.30547228,-0.753177,62.39338,62.39338
1339,176.65106608182327,129.99098436597436,-0.23615219,-0.09407245,0.34071505,-0.7936261,66.35932,66.35932
1340,194.67861935108442,154.42733303374706,-0.2215113,-0.078987725,0.45457932,-0.7456066,65.64733,65.64733
1341,187.49921824090967,158.79054074952785,-0.16638358,-0.06313169,0.56089664,-0.67776024,61.637283,61.637283
1342,168.9823013146336,152.97645391150425,-0.12617068,-0.08012212,0.66075116,-0.70654047,69.44241,69.44241
1343,154.05471686107123,150.47949503098235,-0.06935457,-0.034805994,0.77120095,-0.6053025,72.31683,72.31683
1344,148.74402145665636,155.3323971987184,-0.13699909,-0.070806116,0.6453839,-0.59960955,73.747894,73.747894
1345,150.2985075527701,162.2552979268175,-0.105191305,-0.049894303,0.7125809,-0.6124613,76.79809,76.79809
1346,152.42240823576725,163.6676228912511,-0.09273258,-0.12611057,0.72456646,-0.6737466,78.49378,78.49378
1347,151.5761919110273,157.2903907541949,-0.09259515,-0.1221659,0.74501944,-0.7159988,82.70499,82.70499
1348,148.75007763227,148.8462134113435,-0.03349518,-0.08809262,0.7935495,-0.65196955,91.132225,91.132225
1349,145.60608357249026,145.7272014871202,-0.059315708,-0.09383105,0.6997167,-0.6720403,93.64203,93.64203
1350,142.5760408640091,148.78264332315845,-0.06785353,-0.101157315,0.6655649,-0.72004974,93.56378,93.56378
1351,140.45579502197216,152.24021343897124,-0.053220835,-0.064546034,0.7268612,-0.63375413,97.077866,97.077866
1352,140.04583329746458,149.50408327437225,-0.04054919,-0.004756967,0.82569355,-0.41442543,98.744965,98.744965
1353,139.6663716931632,137.6969863120973,-0.0282851,0.004791992,0.90169245,-0.3638615,97.13802,97.13802
1354,135.00918618433596,119.47052899815189,-0.025770225,0.009498236,0.96175355,-0.41225988,106.33335,106.33335
1355,123.84975165521269,102.55617640161515,-0.036435205,-0.012604107,0.92985296,-0.421749,104.15452,104.15452
1356,110.87408460599121,95.46115864510563,-0.039061006,-0.039361585,0.91148317,-0.4688171,101.528885,101.528885
1357,104.46984715821475,101.00240345950078,-0.10930063,-0.024477951,0.7785005,-0.4063387,102.19756,102.19756
1358,107.72612069764124,114.41012664625796,-0.064101666,-0.0035482023,0.8950089,-0.38554057,116.05995,116.05995
1359,115.88218778099821,128.18351034870372,-0.038284894,0.019315839,0.94186467,-0.34618062,121.44252,121.44252
1360,123.94690861770596,137.84041916922254,-0.051181786,0.0727896,0.9754254,-0.26921383,121.06434,121.06434
1361,132.98608932146027,142.44629651905444,-0.09006131,0.010847487,0.9174996,-0.34186304,118.63257,118.63257
1362,145.2626576098234,141.6489224036711,-0.042534955,0.017806698,0.97252995,-0.30746907,120.38941,120.38941
1363,156.47670777652525,135.89350381979344,-0.056762766,-0.006659223,0.94980454,-0.3635211,120.92512,120.92512
1364,158.53865278179126,128.4218990111734,-0.02607346,-0.00971495,0.93470716,-0.34808898,126.75462,126.75462
1365,148.98310241369,123.49150069311523,-0.03712483,-0.0066985656,0.95412624,-0.36241966,122.13745,122.13745
1366,134.23641784150627,122.87321846435367,-0.015329278,-0.023793858,0.97495425,-0.3876131,122.28908,122.28908
1367,123.48574277189414,124.55761120736841,-0.05352391,-0.06220479,0.88337207,-0.4349665,118.602196,118.602196
1368,121.83572935275949,125.18427680951099,-0.039039236,-0.1088792,0.8324538,-0.5116511,118.51042,118.51042
1369,129.45532402837262,124.51285619798483,-0.042211134,-0.083012745,0.84642017,-0.56850547,123.58383,123.58383
1370,140.64168812002876,126.28415453869034,-0.035768256,-0.09684051,0.8064043,-0.61998034,128.78073,128.78073
1371,145.4731223557765,133.98545369826454,-0.079536594,-0.088883705,0.77091694,-0.59373057,131.77873,131.77873
1372,140.69885553836528,146.5469696276412,-0.053354673,-0.09113967,0.769193,-0.63040924,131.82611,131.82611
1373,133.80278448750195,158.44642363622444,-0.08521248,-0.08672438,0.74328834,-0.6819688,127.50791,127.50791
1374,132.31093515705166,163.75444269941502,-0.06121599,-0.055511508,0.7940995,-0.5666391,132.85588,132.85588
1375,134.811451756222,159.6505575152296,-0.10475533,-0.01859805,0.7164292,-0.51615375,114.549736,114.549736
1376,133.5159546694814,146.33720756099262,-0.012055246,-0.025384415,0.91396296,-0.5235557,121.04764,121.04764
1377,123.99082646165604,126.33854467212396,0.0035346593,0.059388105,0.97506016,-0.31207776,122.48787,122.48787
1378,110.80289604623825,106.11250094502999,0.07243219,0.09932576,1.0618868,-0.27633467,126.546585,126.546585
1379,102.10325629404157,94.86526178010222,0.02211561,0.07185215,0.9998698,-0.32121465,126.76968,126.76968
1380,101.46387446213274,97.65580018272297,0.035427716,0.0319886,1.0335474,-0.3809,121.125465,121.125465
1381,106.91138334853102,111.18803800798409,0.07211587,0.038349167,1.0977643,-0.3417036,118.46171,118.46171
1382,115.27481682929294,127.03775595830679,0.08903065,0.050735865,1.1123034,-0.35824686,110.84967,110.84967
1383,124.84106142171834,136.95624043893454,0.09580689,0.055673875,1.0924642,-0.39493498,103.71472,103.71472
1384,134.19519913156557,137.78617725050546,0.11266024,0.061651487,1.1547964,-0.43609774,97.659836,97.659836
1385,140.85881987368185,133.44142809984365,0.09827745,0.0662873,1.0767694,-0.43101364,104.60833,104.60833
1387,141.63152851097925,129.25473898198075,-0.06663704,0.031087123,-1.041962,-0.30609527,194.7936,194.7936
1388,134.66889954177813,125.9386016735641,-0.12031782,0.014039736,-1.0943424,-0.33727822,194.45975,194.45975
1389,123.07058956485585,122.01909595165782,-0.1205472,0.014035598,-1.1027467,-0.3480936,194.14745,194.14745
1390,114.37426921333164,118.47413882116878,-0.14521238,0.031047989,-1.1182842,-0.37738404,176.09242,176.09242
1391,113.53103279757374,117.88986003902504,-0.15842384,0.032848533,-1.0991561,-0.43191382,168.61507,168.61507
1392,118.45676732783055,121.03879932934726,-0.12188715,0.034927357,-1.0707457,-0.4768763,160.45877,160.45877
1393,124.01399296959437,126.23588386323239,-0.13840786,0.03202362,-1.07062,-0.5085249,165.52818,165.52818
1394,127.52274282987905,131.33289870972254,-0.16898876,-0.0031611873,-1.0656841,-0.5777973,157.734,157.734
1395,128.6841741452037,134.69923468501872,-0.20914435,0.004722759,-1.0863881,-0.6093037,146.79942,146.79942
1396,127.64487231113664,135.26185992497,-0.22419839,-0.032677773,-1.1133014,-0.61645395,142.26848,142.26848
1397,126.21920071041198,133.85550750280848,-0.11969673,-9.782948e-05,-0.96357524,-0.58599293,167.8273,167.8273
1398,127.55911994985065,133.01859672571248,-0.095799305,-0.027591348,-0.9035909,-0.6173291,173.28249,173.28249
1399,131.85629468254598,134.01160903931645,-0.07003514,0.0055985637,-0.8578864,-0.5865283,166.99033,166.99033
1400,135.66121216383428,135.78826748272235,-0.088704236,0.012781388,-0.8729257,-0.5413916,159.07053,159.07053
1401,136.82142957976833,136.64258337548085,-0.08354954,0.002052403,-0.8500265,-0.5929791,158.6543,158.6543
1402,137.140463357402,136.02979113151835,-0.10137945,-0.020671591,-0.8324257,-0.6893854,158.11671,158.11671
1403,139.23435121363988,135.8900225528701,-0.15872149,-0.034321766,-0.7923456,-0.7376278,159.66666,159.66666
1404,142.83020471011724,139.18414807547623,-0.10382677,-0.03841656,-0.754444,-0.7364418,168.4718,168.4718
1405,145.60467886649337,145.82821925864712,-0.080451876,-0.04325096,-0.7854678,-0.7176763,177.04106,177.04106
1406,146.32911481396016,151.97515569960748,-0.09358673,-0.026352746,-0.89931804,-0.6837119,165.2259,165.2259
1407,144.76611684208916,153.9377588186429,-0.06470189,-0.026131414,-0.8277222,-0.678766,164.09581,164.09581
1408,139.8421402880395,150.9463024759003,-0.13381168,-0.021223465,-0.8781394,-0.63655734,158.62236,158.62236
1409,131.8954349764391,144.63320676954768,-0.0540337,0.013504867,-0.7727579,-0.5547327,167.27774,167.27774
1410,124.99797705162992,137.36170599043828,-0.06874812,0.033959664,-0.8653631,-0.4538488,162.23721,162.23721
1411,122.81659523524418,130.93614818553417,-0.049576446,0.035612717,-0.8273775,-0.4516018,156.2122,156.2122
1412,124.2888555623212,126.80833901291179,-0.09711483,0.04825624,-0.9928097,-0.4379564,144.49422,144.49422
1413,125.69129096892084,125.7699702480033,-0.07559776,0.064867236,-1.0059685,-0.38554892,150.93085,150.93085
1414,124.98332287886727,126.9363257346744,-0.079028726,0.09879919,-1.0349926,-0.3825346,139.01921,139.01921
1415,123.370445089036,129.1484540362875,-0.13219066,0.094052635,-1.0817105,-0.36316723,121.53411,121.53411
1416,123.18701073830123,131.88771179816612,-0.18783152,0.09233969,-1.1168915,-0.39144206,123.45879,123.45879
1417,124.81599181483928,133.8887590851176,-0.17250714,0.07832906,-1.0449413,-0.4469366,119.36285,119.36285
1418,126.70351447777105,133.90777332504499,-0.13236785,0.052098077,-0.9822137,-0.5843873,126.19455,126.19455
1419,127.70460066363945,132.83678145224593,-0.21335049,0.027212702,-1.0255811,-0.6343752,117.662125,117.662125
1420,127.55061025332343,132.3857190322752,-0.16348778,0.0060272417,-1.0103027,-0.63751996,122.637566,122.637566
1421,125.90326414202706,132.8295702742528,-0.14681122,5.306054e-05,-0.9646643,-0.65272135,121.35589,121.35589
1422,123.65549815115328,134.3890070486477,-0.1382172,0.00042047683,-0.8904213,-0.67420995,123.16572,123.16572
1423,123.50981482992317,137.5836857111251,-0.09591105,-0.009376156,-0.7880934,-0.68095523,122.97963,122.97963
1424,126.18826833820937,140.09410445429072,-0.1453958,-0.05120896,-0.71285385,-0.7881404,114.9912,114.9912
1425,129.0984450913748,138.62666809277826,-0.122790046,-0.07986889,-0.6992921,-0.87502396,115.374245,115.374245
1426,130.69210206395772,135.05197499371516,-0.074965976,-0.06787985,-0.6754278,-0.8478106,119.07502,119.07502
1427,131.9225039300695,134.80856664724212,-0.0636054,-0.05835709,-0.6746924,-0.8108652,127.79063,127.79063
1428,133.1695381101395,139.52389704901964,-0.0764014,-0.040134776,-0.6606515,-0.8198946,130.9963,130.9963
1429,133.68849903468697,145.75635879337594,-0.102406494,-0.025821818,-0.74805367,-0.79918855,129.93167,129.93167
1430,133.6276167127559,149.4095357805642,-0.121466,-0.021295989,-0.76154965,-0.79766935,119.94378,119.94378
1431,134.1493341243491,149.10935446753763,-0.14838326,-0.020489754,-0.82549214,-0.76870173,120.45726,120.45726
1432,135.08131861028653,147.08151085858154,-0.14174087,-0.029029952,-0.86188835,-0.7212743,115.557,115.557
1433,134.1719732959167,146.37440710175144,-0.14386654,-0.019811809,-0.9113629,-0.69312745,105.78974,105.78974
1434,130.08604742772076,145.93700701653572,-0.06814622,0.00015118152,-0.8078006,-0.6531671,112.4363,112.4363
1435,124.23101127127532,141.4961988210827,-0.09850489,0.022019034,-0.8441312,-0.61540216,105.30551,105.30551
1436,119.22034206032734,132.6548251802219,-0.1769447,0.0629767,-1.0363708,-0.5033031,92.0615,92.0615
1437,117.03969972130213,125.18180283843853,-0.08938063,0.092687525,-0.91771245,-0.4528848,98.532364,98.532364
1438,118.12655157756618,125.07621748053015,-0.103918105,0.1056851,-0.97272253,-0.44991043,95.62878,95.62878
1439,121.51508978544707,132.70071460487094,-0.1730674,0.14215502,-1.1054695,-0.40501907,89.82392,89.82392
1440,125.27587092805936,142.21884635705032,-0.174989,0.10730789,-1.1177101,-0.50832295,84.495056,84.495056
1441,126.57323184374668,145.80159370873898,-0.13218136,0.07422397,-0.944255,-0.52241015,93.365555,93.365555
1442,124.08947641742688,140.99263827691385,-0.2663743,0.08843127,-1.1935186,-0.54260063,82.077065,82.077065
1444,122.03738748482334,133.96765908579377,-0.17728938,-0.054527458,-0.5631315,-0.9638233,90.061,90.061
1445,127.20394143511658,132.25161097160657,-0.27276593,-0.02162918,-0.762456,-0.91688406,67.76062,67.76062
1446,139.57081827674568,136.55424219859225,-0.2428228,-0.017355386,-0.7596731,-0.87192565,62.79219,62.79219
1447,150.77600181335086,142.34306391452685,-0.17728756,-0.037816357,-0.68809026,-0.9205156,64.428795,64.428795
1448,153.48758990679693,145.98182347713765,-0.19499208,-0.07421486,-0.7636633,-0.9579532,61.8474,61.8474
1449,148.7116816609553,148.4994925519446,-0.24445075,-0.044404678,-0.923212,-0.89576364,68.69374,68.69374
1450,143.46228677098281,153.85882080801463,-0.14974384,-0.054077752,-0.7038951,-0.898153,77.95906,77.95906
1451,143.08772674798013,162.1850467237211,-0.130555,-0.06894905,-0.7145003,-0.93183666,65.22353,65.22353
1452,146.5160792211629,168.028373837327,-0.16252302,-0.08981004,-0.7884899,-0.93745273,62.68418,62.68418
1453,148.69960049305934,167.11202774625175,-0.122378886,-0.101841114,-0.7181057,-0.94747293,57.095173,57.095173
1454,146.4541017268739,161.33458817848955,-0.24229741,-0.041471668,-1.0126058,-0.8796597,64.43976,64.43976
1455,140.89729354943097,156.91783866261545,-0.2416592,-0.04507405,-0.96369106,-0.8618394,63.838097,63.838097
1456,134.83221944671212,158.21035727645452,-0.25976712,-0.028361695,-1.0147061,-0.7861912,65.97472,65.97472
1457,130.19368059090743,162.46166873519832,-0.24803507,0.0051146424,-1.0276433,-0.6802266,64.500114,64.500114
1458,128.45591335101264,162.33341758560022,-0.17188527,0.01392714,-0.96606505,-0.5735989,66.40086,66.40086
1459,130.41070952433807,154.57976319826332,-0.26058862,0.019054879,-1.1180564,-0.57849735,54.77664,54.77664
1460,134.63334803776755,144.18278446376124,-0.26447687,0.060332175,-1.1297698,-0.5312081,50.76469,50.76469
1461,137.9819312731276,138.29893567737352,-0.24083446,0.084137544,-1.0880381,-0.5496059,51.529568,51.529568
1462,138.89119735652713,138.7002181260117,-0.32580757,0.06830909,-1.1284802,-0.58383113,48.879257,48.879257
1463,139.52903009291276,142.16261280661672,-0.26654148,0.058420002,-1.1010119,-0.5946188,50.304375,50.304375
1464,142.66514666645958,144.91295381041422,-0.34680256,0.033257704,-1.1601049,-0.59345967,45.814396,45.814396
1465,147.91469934622782,145.32563100714952,-0.3241675,0.006019461,-1.1594639,-0.5936007,46.77415,46.77415
1466,153.10440189873282,144.41521408343647,-0.3506885,-0.0049715647,-1.1982615,-0.6368059,44.31329,44.31329
1467,156.73434513395839,143.8810558861673,-0.34263298,-0.02927911,-1.1081239,-0.8190225,44.78028,44.78028
1468,157.95923976152855,143.87424757550312,-0.30807114,-0.07466237,-1.0212698,-0.8658548,47.478546,47.478546
1469,156.0186048003156,143.52109688951174,-0.25803253,-0.095959194,-1.0007468,-0.8560116,47.495686,47.495686
1470,150.5407465240781,142.7970942188791,-0.18488757,-0.084947616,-0.86445254,-0.87676334,51.69058,51.69058
1471,142.74128150731553,142.53280564257423,-0.14809144,-0.10113174,-0.8227382,-0.88760895,50.208748,50.208748
1472,135.15070421591446,143.07525038166716,-0.18258347,-0.09522723,-0.84841424,-0.8714644,50.969975,50.969975
1473,128.77190992399105,144.5647163554661,-0.19688636,-0.07773031,-0.81966,-0.84749466,50.277046,50.277046
1474,122.91265714504421,147.40431010906076,-0.20006403,-0.05915762,-0.80578595,-0.809865,52.460773,52.460773
1475,118.6092288050241,150.8929572765199,-0.22411722,-0.068123974,-0.7694699,-0.9129572,51.918518,51.918518
1476,118.45263165490341,153.4528819180928,-0.2027919,-0.036022935,-0.78810275,-0.88685054,49.438343,49.438343
1477,122.65895560375358,154.73999309862018,-0.211417,-0.042233743,-0.8608503,-0.9702343,45.355377,45.355377
1478,128.2349156586975,155.63086324451842,-0.29195797,-0.01906484,-1.0245469,-0.9285717,43.4613,43.4613
1479,132.21662421113592,156.9709714805986,-0.32502517,-0.00083805644,-1.0600457,-0.8765904,44.02538,44.02538
1480,134.25566151129405,159.22992535746073,-0.36622003,0.03901382,-1.1041958,-0.69066525,41.560387,41.560387
1481,136.24200018493832,162.20695532791692,-0.41450167,0.061385106,-1.2130287,-0.7017275,38.045364,38.045364
1482,140.49844270093806,164.97287754545258,-0.41980073,0.054388035,-1.1584203,-0.69527876,39.757328,39.757328
1483,147.4015192346695,166.56575608336684,-0.3847055,0.03770062,-1.1360102,-0.6840585,38.29691,38.29691
1484,154.42861554680505,166.59013745328977,-0.45639446,0.031216051,-1.1798142,-0.70102537,33.80137,33.80137
1485,159.13299846550754,165.576228050253,-0.54307777,0.022475647,-1.1598653,-0.74154395,30.64026,30.64026
1486,162.20708078164776,164.86804450812045,-0.48153913,0.0036457272,-1.0315506,-0.72027194,34.027218,34.027218
1487,166.0456650165549,165.37190221002524,-0.47685844,0.070470184,-1.0825413,-0.7593035,33.855064,33.855064
1488,170.98827137640714,166.50601671916522,-0.45501402,0.063136585,-1.092393,-0.79431146,34.698826,34.698826
1489,174.49049796236764,166.8074513652026,-0.47260848,0.04896273,-1.0359674,-0.8187471,34.23874,34.23874
1490,174.43806503626615,165.24518410118102,-0.4753478,0.01938697,-0.9175952,-0.84830266,34.41989,34.41989
1491,171.8187934076626,162.00471682088474,-0.4452761,-0.03439485,-0.92973804,-1.0046709,34.282406,34.282406
1492,169.69756276503307,158.4082330694664,-0.37946814,-0.07785809,-0.827638,-1.0977768,36.938698,36.938698
1493,170.19099085481935,155.824732382004,-0.33058852,-0.08534062,-0.7487588,-1.1172615,43.028973,43.028973
1494,172.18257003716562,154.61552835327407,-0.28412735,-0.09492014,-0.6401722,-1.1036987,41.11829,41.11829
1495,173.08026570714546,154.63191260447638,-0.31493977,-0.03699969,-0.7550065,-0.9863079,38.458244,38.458244
1496,172.67831202980105,156.07734099725252,-0.3001922,-0.041273918,-0.6824736,-1.0477841,39.523426,39.523426
1497,172.84340999012363,159.1767140536176,-0.3134107,-0.040386356,-0.71679056,-1.0380955,40.37842,40.37842
1498,174.06114996694455,163.25500575070805,-0.3034504,-0.053310376,-0.66988117,-1.0487475,42.074577,42.074577
1499,174.43674727846897,165.85436659821565,-0.27117527,-0.0050465064,-0.5529475,-1.0331635,48.26325,48.26325
1500,172.6437307207504,163.65506429057706,-0.30254418,0.039716545,-0.74350744,-1.026447,45.635124,45.635124
1501,170.66285039890784,156.11342637171379,-0.33006856,0.034166142,-0.7967772,-1.0249618,43.601208,43.601208
1502,171.3621684695198,148.5884265435459,-0.38799208,0.030963931,-0.82404935,-1.001355,40.924435,40.924435
1503,174.36207282732522,149.51678708025395,-0.39766702,0.00039937042,-0.8348246,-1.0085429,38.894836,38.894836
1504,176.49164097411034,161.01586458330044,-0.326737,0.022299891,-0.6090869,-0.9624763,45.917545,45.917545
1505,175.21242088532165,174.78531626554542,-0.40326008,0.003404532,-0.68290615,-0.9422285,41.55622,41.55622
1506,170.17473080678045,181.38440692225274,-0.42622465,-0.014212759,-0.59546566,-0.9497358,41.492413,41.492413
1507,162.7820162571966,179.977824783127,-0.38257086,0.001808808,-0.44766745,-0.87084955,40.205147,40.205147
1508,156.31677298534132,175.84165568816172,-0.3634328,-0.017411107,-0.22963686,-0.8517953,43.007595,43.007595
1509,155.02851943873532,172.68669316345364,-0.32768187,-0.02560171,-0.16513757,-0.8332911,48.201443,48.201443
1510,160.4336713756718,170.54669947224053,-0.29359052,-0.029834615,-0.054562483,-0.7746713,53.281403,53.281403
1511,169.47677842532948,168.37135823310177,-0.3043816,-0.06345767,-0.13912413,-0.8587278,54.56961,54.56961
1512,177.36892469748182,166.57452666348058,-0.3025775,-0.11107165,-0.09832569,-0.98109406,52.672054,52.672054
1513,181.22328918935602,167.0500179204241,-0.2923513,-0.117539726,-0.099334486,-0.9740404,51.806267,51.806267
1514,181.1235294395101,170.42681291029197,-0.29161862,-0.10462939,-0.09256985,-0.978211,52.148815,52.148815
1515,178.97703395426518,174.35014875018965,-0.2476491,-0.09712613,-0.011311554,-1.0249443,57.054092,57.054092
1516,176.79097337672127,175.8347559136371,-0.19213618,-0.086020865,0.008503028,-1.0313773,65.404594,65.404594
1517,175.43316761640358,174.74669026940268,-0.15799148,-0.0718927,0.05772607,-1.0129044,67.48423,67.48423
1518,174.5403308857735,173.39726732623308,-0.13549846,-0.07222184,-0.0023092267,-1.0297036,66.38144,66.38144
1519,173.63950688645372,172.86698003239678,-0.18303691,-0.07392796,-0.01120527,-1.0500629,65.23503,65.23503
1520,172.82656722235708,171.83251401889802,-0.16114299,-0.05012627,-0.019922009,-1.0221754,67.29222,67.29222
1523,170.78117008182923,167.42995696428952,-0.12784734,-0.09699683,0.768226,-0.54414177,84.771164,84.771164
1524,162.93866129099197,155.03205722474704,-0.0801572,-0.05543386,0.8440754,-0.5247627,82.05921,82.05921
1525,147.62196340693833,134.18082411684986,-0.11881587,-0.06103177,0.77564424,-0.59628665,81.019,81.019
1526,134.00769855542694,115.62144254393358,-0.15339638,-0.11164676,0.7134421,-0.74471897,95.060715,95.060715
1527,134.10692307318016,110.78293129990425,-0.122435704,-0.054687764,0.77296245,-0.5833751,95.04251,95.04251
1528,146.81564152284153,116.85737412245956,-0.094689645,-0.04095261,0.8167132,-0.68300897,104.325455,104.325455
1529,159.20567610436393,122.27991901642866,-0.08061827,0.012279869,0.80762786,-0.6196641,113.44061,113.44061
1530,161.77114566161455,121.46189198760311,-0.07972833,0.009878532,0.79370004,-0.6283141,114.90896,114.90896
1531,155.79495301612195,117.60244945754192,-0.16240539,-0.06833026,0.625951,-0.70646006,105.27877,105.27877
1532,148.03078387541424,115.85204064834845,-0.19371803,-0.07044587,0.57649314,-0.70403177,97.79367,97.79367
1533,142.7899544134569,118.34797595922117,-0.20910735,-0.063989215,0.61101586,-0.61337143,105.77888,105.77888
1534,139.61917983438408,123.78934647091283,-0.12785242,-0.046915364,0.68652993,-0.5250996,109.8865,109.8865
1535,136.99067680026317,129.92832715105678,-0.05390358,-0.05255085,0.82732403,-0.4792948,126.15548,126.15548
1536,135.16656129937817,135.60922198006037,-0.09963691,-0.07549177,0.8434836,-0.47899747,127.78759,127.78759
1537,134.24254946552503,139.9866913797925,-0.10586461,-0.10704022,0.7404813,-0.5816005,125.82288,125.82288
1538,133.22862547313974,143.09286146287496,-0.08365072,-0.121027395,0.73913586,-0.5993035,132.1354,132.1354
1539,132.45172127544242,146.86422576991913,-0.053557537,-0.1233941,0.7688026,-0.57808787,144.11044,144.11044
1540,133.08953102181474,152.5679662079244,-0.06477198,-0.11690308,0.7371988,-0.62844795,152.82352,152.82352
1541,134.27430008542927,157.93222481406988,-0.10663026,-0.110453606,0.7413695,-0.6532567,164.58675,164.58675
1542,133.79251516604566,157.88391038315692,-0.06554334,-0.10085105,0.7669275,-0.63055426,178.32458,178.32458
1543,130.8582674652593,151.04050853618037,-0.07099609,-0.087878756,0.7930124,-0.6197655,181.03938,181.03938
1544,126.85699913756498,142.84938743597252,-0.043129668,-0.07921344,0.84263676,-0.5722267,181.04218,181.04218
1545,123.85542784981159,136.43970083372173,0.043009233,-0.117196925,0.975535,-0.66404295,151.54614,151.54614
1546,122.19546872304959,127.80086667349725,0.023342209,-0.070128046,0.9554933,-0.5880882,172.11122,172.11122
1547,120.27046714789005,114.51968544307637,-0.0067509785,-0.00884785,0.96294135,-0.42454186,182.5636,182.5636
1548,117.41567181372571,101.8437450362551,-0.000965474,0.0026424895,0.96341443,-0.37358895,195.5327,195.5327
1549,116.25696531262432,97.6550675564624,-0.04575904,0.0023287835,0.9673,-0.29844403,197.31468,197.31468
1550,119.99799919638937,103.33451720713079,-0.032859575,-0.053240884,0.9596965,-0.4046372,186.61842,186.61842
1551,126.94318727526166,111.87006499680982,-0.082191356,-0.015107344,0.83320886,-0.38893533,181.58829,181.58829
1552,131.1498801143907,116.10031273194225,-0.054453574,-0.025654525,0.87847036,-0.3882787,185.92812,185.92812
1553,129.47629152611324,115.73152513330098,-0.0189346,0.0032563417,0.9726143,-0.34340695,189.54338,189.54338
1554,125.31800605368012,115.53680437887407,-0.038142428,-0.0016071739,0.9447536,-0.38995826,181.2248,181.2248
1555,124.09970575224149,118.34325270903813,-0.042530745,0.019644808,0.9042917,-0.39133978,189.23724,189.23724
1556,126.81034382305964,121.56369539954142,0.03588986,0.05678803,1.0304534,-0.35007498,192.03955,192.03955
1557,129.9676182817188,122.59950072870421,-0.04373691,0.085693024,0.92168313,-0.34935626,168.834,168.834
1558,130.46331369660595,123.1074937857987,0.033229347,0.043002456,1.0181419,-0.4284943,165.42635,165.42635
1559,128.41036768499578,125.08997667114811,0.10464099,-0.018889198,1.0582546,-0.51595277,150.49246,150.49246
1560,126.96377053059776,128.60407216916025,0.10778849,-0.038401287,1.0496801,-0.5633202,154.84767,154.84767
1561,130.36588717235048,133.22580115566498,0.1295189,-0.058597814,1.0391402,-0.62588525,146.64868,146.64868
1562,139.27315700666594,137.48025842865508,-0.025828723,-0.026327705,0.897051,-0.48598987,155.22318,155.22318
1587,148.3077555445857,139.45187344245338,-0.07185523,0.14587551,-1.1144881,-0.07001557,226.86777,226.86777
1588,150.14830772398506,139.98814147680497,-0.05842031,0.109191686,-1.1083453,0.019962449,235.7102,235.7102
1589,140.44557309325012,141.8772165994125,-0.063543566,0.115554474,-1.1230022,0.033782925,228.22832,228.22832
1590,121.34177613772913,144.37086487791404,-0.040393673,0.10375176,-1.13278,0.021828739,212.23314,212.23314
1591,102.09139340974754,142.71070935110222,-0.03139841,0.07748885,-1.0898741,0.030908966,221.65823,221.65823
1592,94.54286825846786,136.82092624096248,-0.008814231,0.06985725,-1.0669528,0.05013687,219.77345,219.77345
1593,107.44723487697189,135.8806196531543,0.017518964,0.022672193,-1.0050513,-0.026551541,194.88509,194.88509
1594,138.2879139101907,147.56384795246805,-0.007268617,0.027979357,-1.0439596,-0.029908154,186.83502,186.83502
1595,170.38059033375998,166.8864138494071,-0.008743905,0.042921294,-1.0378714,-0.026354158,181.44614,181.44614
1596,186.84093510711824,181.66900447906318,0.021272158,0.043597165,-1.0187031,-0.064980306,171.58119,171.58119
1597,185.43419892341964,185.16627867098,-0.008769229,0.06424537,-1.0442585,-0.042643454,167.4334,167.4334
1598,176.4764251588972,180.39701122840628,0.0027978928,0.06261655,-1.0202682,-0.053121105,170.41634,170.41634
1599,170.9206787134074,175.0549554776829,-0.0077896975,0.061909646,-1.0417529,-0.0625164,168.88354,168.88354
1600,172.2724749126564,174.09237607701326,-0.0007773011,0.06106645,-1.0187587,-0.053696174,171.17773,171.17773
1601,177.0955131082654,176.8514020388943,-0.003145267,0.059562095,-1.0414432,-0.038526088,168.94339,168.94339
1602,180.6761507141915,179.8775241442629,-0.0008291597,0.062115118,-1.0368379,-0.03775409,167.53831,167.53831
1603,181.28744462212362,180.93072625426763,-0.0073351404,0.06957565,-1.0583781,-0.02965266,164.32164,164.32164
1604,180.01411168692275,180.22258730127265,-0.0081412075,0.07087331,-1.0545013,-0.02973674,161.3668,161.3668
1605,178.43318736054601,179.0191117623679,-0.009694524,0.06941762,-1.0556425,-0.02978683,164.81245,164.81245
1606,177.298166787072,178.274754216071,-0.017956821,0.071440995,-1.0618742,-0.03266931,157.72699,157.72699
1607,176.61694688341979,178.26623207574275,-0.0027405692,0.07480227,-1.0482392,-0.045261428,147.74567,147.74567
1608,176.02440205351036,178.43810822943306,-0.0067687724,0.07160557,-1.062074,-0.040121067,155.8888,155.8888
1609,175.44090649948518,178.0418296321043,-0.008640683,0.073835395,-1.0638409,-0.040088214,157.64755,157.64755
1610,175.5006727915739,177.2725537580839,-0.021127794,0.07276536,-1.0593741,-0.039218675,152.95915,152.95915
1611,176.49394713807695,176.80552512764245,-0.0026509773,0.07532379,-1.0554602,-0.040957414,147.94994,147.94994
1612,177.5201409028281,176.53659873280367,-0.0015804318,0.06751268,-1.0436407,-0.044521198,153.85925,153.85925
1613,177.77832694865705,175.95885928661346,0.00015162393,0.06510532,-1.03487,-0.04625213,152.96635,152.96635
1614,177.57808262263754,175.17095746371274,0.002601679,0.063699365,-1.0225208,-0.055767015,147.2344,147.2344
1615,177.3613398367241,174.59574916986077,-0.007864954,0.06962064,-1.0553067,-0.047759652,147.5872,147.5872
1616,177.08916554142766,174.35116667963175,-0.009893976,0.07275713,-1.0564051,-0.038763497,146.19109,146.19109
1617,176.9039366308685,174.43743787278152,-0.0063651274,0.068973444,-1.044835,-0.042971265,146.74994,146.74994
1618,177.18598852448423,174.92399979394665,-0.00074384967,0.064215265,-1.0472465,-0.07929507,131.28493,131.28493
1619,177.75751108005352,175.50788073075162,-0.010731413,0.072888955,-1.0625232,-0.06787217,139.54906,139.54906
1620,178.00828945895924,175.56671068115648,-0.0018260179,0.066659324,-1.043638,-0.07658201,141.92374,141.92374
1621,177.89770532047012,175.13376604201466,-0.010633422,0.07874694,-1.075874,-0.050504193,138.73424,138.73424
1622,177.93251867240073,175.08467352094772,-0.0008430409,0.07112464,-1.0504285,-0.049161002,142.04646,142.04646
1623,178.29666274556118,175.99916300944724,-0.008347741,0.08193966,-1.0741849,-0.034648616,137.03358,137.03358
1624,178.59598997972677,177.40991594387987,-0.008290778,0.07488,-1.0641137,-0.037069842,141.74434,141.74434
1625,178.29495453435612,178.29085649781223,-0.013842628,0.07178623,-1.0746866,-0.037680425,138.2466,138.2466
1626,177.39675955579312,177.9996679019798,-0.0016681373,0.07488922,-1.0800893,-0.036776125,129.8171,129.8171
1627,176.64744931713037,176.85374524417833,-0.012805408,0.07732517,-1.090225,-0.025907062,132.21877,132.21877
1628,176.77768887307937,175.9341552955778,-0.009051145,0.07418847,-1.0621629,-0.025321444,137.14651,137.14651
1629,177.73368598406364,176.11974752885462,-0.011987599,0.069756225,-1.0702868,-0.027522169,133.77472,133.77472
1630,178.7827102954044,177.22429114739552,-0.007534941,0.05664003,-1.048264,-0.032165635,131.93741,131.93741
1631,179.20512569864772,178.3392463033987,-0.0118622845,0.06699341,-1.0669875,-0.018516101,131.23633,131.23633
1632,178.88303427733646,178.78667702234733,-0.006613951,0.06197132,-1.0413331,-0.027941873,129.69374,129.69374
1633,178.06873045380934,178.22273533211686,-0.011590099,0.05029555,-1.0409849,-0.043198243,130.40031,130.40031
1634,176.77379962620418,176.470214233901,-0.01164571,0.0639494,-1.0597401,-0.038948435,128.19484,128.19484
1635,175.18418918733414,174.19424147151094,-0.014202374,0.07898212,-1.0691117,-0.0130305085,126.661156,126.661156
1636,174.2253163369681,172.9022130776393,-0.010614108,0.06153501,-1.0632641,-0.037823685,129.19954,129.19954
1637,174.51941979547087,173.28104744838222,-0.011946428,0.07739906,-1.0674952,-0.011700678,126.97576,126.97576
1638,175.43350530577803,174.5245691263745,-0.0027324583,0.06282621,-1.0656631,-0.04131506,126.07051,126.07051
1639,176.1033269282018,175.68420656534684,-0.012637177,0.074682556,-1.069326,-0.0448664,125.468796,125.468796
1640,176.62740731879097,176.64853665949389,-0.00043223344,0.07361773,-1.067038,-0.046522737,124.68735,124.68735
1641,177.53490699511866,177.74223852074573,0.0066217566,0.06734705,-1.0648079,-0.046876296,124.720184,124.720184
1642,178.5862730595419,178.87926474901298,0.0060272273,0.065834604,-1.063431,-0.050440695,124.65811,124.65811
1643,178.91005529236182,179.4255238982453,-0.0014409448,0.067257114,-1.06017,-0.04214047,123.43043,123.43043
1644,178.3052722762366,178.99536273920052,0.000951229,0.07008179,-1.0703905,-0.04127395,121.9126,121.9126
1645,177.68582087399923,178.06829653069872,-0.0005386356,0.06659558,-1.0478216,-0.04182094,123.17273,123.17273
1646,177.95867862261687,177.48741823873917,-0.019515917,0.06794559,-1.0593839,-0.038625695,122.66818,122.66818
1647,178.92157040600736,177.4649685268054,-0.020244027,0.06298631,-1.0561243,-0.03735285,122.74852,122.74852
1648,179.64224849521813,177.52514383192343,-0.017939633,0.06696036,-1.0769372,-0.02278878,120.94326,120.94326
1649,179.61462588549483,177.385830914494,-0.014224122,0.062204313,-1.0539731,-0.033197902,122.19799,122.19799
1650,179.14124126001613,177.2471862220722,-0.017852059,0.056770712,-1.046149,-0.037128817,122.52463,122.52463
1651,178.74630686081173,177.0218641487883,-0.015285496,0.06271164,-1.0710865,-0.033303063,119.37506,119.37506
1652,178.59829794570373,176.26112892877825,-0.0009328365,0.061883144,-1.064773,-0.03472367,120.25968,120.25968
1653,178.587829289209,175.17505353540597,-0.006873239,0.06591008,-1.070377,-0.023459919,117.66154,117.66154
1654,178.6679644711006,174.5972558613809,-0.01474195,0.0627534,-1.069964,-0.021148687,116.13777,116.13777
1655,178.7933033735033,174.96485833808697,-0.009621444,0.071589634,-1.0549177,-0.014090628,116.069916,116.069916
1656,178.7285999406554,176.16988093437848,-0.020402523,0.06892695,-1.063405,-0.016144235,116.94864,116.94864
1657,178.32606899578676,177.82274405219025,-0.0075912876,0.0750189,-1.050475,-0.01719781,115.14311,115.14311
1658,177.77048750696565,179.1408145055088,-0.009608686,0.07964434,-1.056088,-0.009161859,112.145996,112.145996
1659,177.3094779356942,179.33846423556125,-0.0050678835,0.07197646,-1.0496839,-0.017944908,116.36449,116.36449
1660,177.11489109403348,178.52197754001847,0.001338787,0.071482554,-1.0512407,-0.014863686,110.46431,110.46431
1661,177.2600300351309,177.66730997338692,-0.0046639056,0.062107667,-1.040928,-0.036967468,114.69188,114.69188
1662,177.3441779317842,177.5250146216557,-0.0070251776,0.05052405,-1.0289037,-0.028362917,114.11765,114.11765
1663,176.72493688242733,177.9732360385057,-0.00019197926,0.047307067,-1.0187529,-0.041716877,113.81744,113.81744
1664,175.54013942909677,178.3463230201691,-0.0017311823,0.07008707,-1.0401659,-0.017459493,107.5671,107.5671
1665,174.842569245145,178.080554607835,0.004385138,0.061471928,-1.0201261,-0.0429997,110.82021,110.82021
1666,175.47684196142035,177.36358643856966,-0.0051001064,0.049441393,-1.0170811,-0.039340686,110.4833,110.4833
1667,177.04745617838037,177.0190365941932,-0.0033441843,0.06401502,-1.0239326,-0.029288903,109.871826,109.871826
1668,178.28789515007372,177.40286397702423,-0.006860345,0.06923355,-1.050339,-0.029735174,108.816826,108.816826
1669,178.5803426111772,178.04943830245205,0.0013553881,0.057932932,-1.0330898,-0.04350654,110.867546,110.867546
1670,178.44306958854327,178.4811428982563,-0.009710394,0.049138155,-1.039903,-0.059451595,111.80106,111.80106
1671,178.43332448558667,178.60591441019017,-0.009538069,0.06628436,-1.0577404,-0.05820563,106.4364,106.4364
1672,178.4506587712287,178.56034274484395,-0.008076372,0.06491289,-1.0499518,-0.05750706,109.24004,109.24004
1673,178.2253779741609,178.5921732396739,-0.01363267,0.073389664,-1.0514495,-0.04619726,107.21817,107.21817
1674,177.97791795399078,178.83203089608088,-0.016663656,0.07582915,-1.0666047,-0.034689598,104.53183,104.53183
1675,178.24234574082655,179.12615530563235,-0.0076102493,0.068734236,-1.0365236,-0.046759598,106.05814,106.05814
1676,179.05126546898143,179.21490035160753,-0.021325182,0.06812931,-1.0648515,-0.03884967,104.501595,104.501595
1677,179.69161896508962,179.05150706695173,-0.011698716,0.07149699,-1.0612924,-0.032074455,102.550316,102.550316
1678,179.3900505531979,178.85142162058412,-0.01958592,0.096724406,-1.0768716,0.008676979,105.193054,105.193054
1679,178.16362142331494,178.80490827052392,-0.012508356,0.07323151,-1.0704976,-0.028442228,106.83776,106.83776
1680,176.96009688245283,178.88321992510836,-0.019220712,0.081878856,-1.0978543,-0.030150738,99.35152,99.35152
1681,176.7983134507525,178.95835400845405,-0.018655632,0.07419499,-1.073382,-0.04782257,102.82219,102.82219
1682,177.72734072970346,178.92289412890673,-0.010179566,0.06982253,-1.0496047,-0.04993202,104.69954,104.69954
1683,178.79319542868762,178.70016838752656,-0.012441973,0.070791006,-1.057714,-0.05867247,106.40704,106.40704
1684,179.0756891336122,178.32564923590127,-0.015243691,0.07245249,-1.0623603,-0.06538152,102.50142,102.50142
1685,178.45497379467983,177.8094682568636,-0.010441996,0.06606324,-1.0559276,-0.08222845,100.76474,100.76474
1686,177.38073617575364,176.96401795406527,0.0033356287,0.06169837,-1.0109622,-0.09152196,93.5757,93.5757
1687,176.32227272132863,175.82106623102356,-0.010851885,0.06081913,-1.030137,-0.10474076,93.533485,93.533485
1688,175.4077630086611,174.74905387287345,0.0022368357,0.05604525,-1.0192252,-0.0760442,90.15421,90.15421
1689,174.39170828405247,173.67689077080547,0.0005454211,0.04354224,-1.0112047,-0.074124046,82.138016,82.138016
1690,173.16591074445037,172.10809734169618,0.008432458,0.039017417,-0.9962769,-0.05256735,78.96066,78.96066
1691,172.13182169258585,170.08987399229574,0.0122725805,0.008870277,-0.9614093,-0.08084526,76.89708,76.89708
1692,170.75772068186126,167.87179626450947,0.0045168116,0.04168769,-0.9221859,0.03714544,77.145065,77.145065
1693,166.75302579224015,165.2547474611941,0.009990958,0.022703141,-0.87920594,0.07286316,71.77511,71.77511
1694,160.37513439351142,162.8537384534473,0.019856634,0.010816292,-0.87035376,0.13247095,63.51991,63.51991
1695,157.28019710636045,162.68375274563252,0.012367491,0.013416019,-0.9097147,0.2036584,68.21335,68.21335
1696,161.83140513224902,165.86245255680987,0.022578035,0.026228191,-0.8898666,0.26368606,71.27245,71.27245
1717,170.5467105043973,170.50686410245632,0.0002133097,-0.028957551,0.98348105,-0.12377296,120.74854,120.74854
1734,176.35908014721034,173.27249484376867,0.050917286,-0.05172923,0.7763047,0.6496288,114.48657,114.48657
1735,173.40867060986557,169.89172527298828,0.034712583,-0.007833542,0.7945607,0.64844227,105.18155,105.18155
1745,157.40105764257365,155.10682315808177,-0.0485542,-0.02205625,0.12716545,0.9682422,56.32599,56.32599
1761,135.32670394639257,133.9370197311114,-0.2516925,0.12254842,-0.18818103,1.2566407,30.60239,30.60239
1762,127.09779487901766,125.64188169504258,0.004577566,0.01867667,0.34000808,1.0029713,36.480564,36.480564
1763,140.96447766363033,140.04467467449922,-0.23997565,0.09032324,-0.25391975,1.1029509,30.184694,30.184694
1764,162.64600053431383,163.52730609178545,-0.30449736,0.09964058,-0.21352898,1.1153806,29.506994,29.506994
1765,175.4643943757471,177.46554527335638,-0.46603298,0.1632886,-0.57419884,1.1939716,20.339247,20.339247
1766,176.01617356173188,177.09613085241102,-0.47893372,0.15285945,-0.5811775,1.1928627,21.702976,21.702976
1767,170.71524193504507,170.33923996850945,-0.6690576,0.19681187,-0.99149865,1.255782,16.215982,16.215982
1768,166.30333503865282,166.3721108023025,-0.5687811,0.14963411,-0.8011373,1.1369913,16.625229,16.625229
1776,164.86678580747912,167.722189736491,-0.5164177,0.23733498,-0.40004963,1.5394365,10.40505,10.40505
1777,164.23501029106563,167.9986317002903,-0.12656315,0.14159577,0.246652,1.2009654,32.97678,32.97678
1778,160.51069096832788,155.83032588765366,-0.14117159,-0.20779811,0.1872869,1.227545,16.39461,16.39461
1779,150.16559802392666,131.9916489891093,0.01906991,-0.28584787,0.5452611,0.41352645,26.296131,26.296131
1780,133.1148601289768,115.29497630304152,-0.0896531,-0.36035028,0.2772623,0.4097446,16.34855,16.34855
1781,117.4436816218077,114.64707589380794,-0.16866034,-0.1828209,0.33168414,0.5190618,20.292538,20.292538
1782,115.06202934926134,116.04048531693385,-0.26791143,-0.13283043,0.25058725,0.66995305,20.990732,20.990732
1798,128.00596680506467,110.18438836269526,-0.095904276,-0.0071879826,0.4715657,-0.88256484,52.352974,52.352974
1799,146.48106692695382,105.79894847742264,-0.04880109,-0.017961426,0.5592304,-0.8609877,48.929592,48.929592
1800,160.54668507487585,110.42217432349183,-0.10098384,-0.007356553,0.5368212,-0.80459374,47.87614,47.87614
1801,166.8943665920293,119.38734754391555,-0.11207354,0.0013413649,0.5733967,-0.72154856,49.347218,49.347218
1802,166.99398990715045,125.4734311164622,-0.06684817,-0.0013975734,0.6936356,-0.6972126,50.310417,50.310417
1803,162.84335615414378,127.64674342017972,-0.06942087,0.042184323,0.7512092,-0.51699173,47.549152,47.549152
1804,154.64116967422683,128.8478097250597,0.029981336,0.063289754,0.7770288,-0.45388958,47.091473,47.091473
1805,142.5635148291174,130.7414823393129,0.08100615,0.0017431884,0.95806867,-0.48809662,55.338863,55.338863
1806,129.48468741558733,132.07308109035458,-0.029256541,-0.057833288,0.8666667,-0.5490952,59.886616,59.886616
1807,118.8278468464469,130.8186306869196,-0.11183744,-0.0782349,0.85378873,-0.5213144,60.795334,60.795334
1808,109.11131279406229,126.55451721126533,-0.09519088,-0.06416955,0.8869008,-0.3841853,61.110252,61.110252
1809,95.43510935071818,120.18518648683691,-0.08536696,-0.048008546,0.9103558,-0.33622324,62.553078,62.553078
1810,77.51537754395314,112.87562214757351,-0.05590191,-0.012245573,0.94397,-0.19651987,60.032955,60.032955
1811,62.300619105832716,105.27204130153486,-0.039842896,0.0064438083,0.92569697,-0.08729675,59.11891,59.11891
1812,57.42561924689766,96.80735577600339,-0.063205145,0.071098804,0.9409395,-0.028344324,54.623947,54.623947
1813,62.192306330841085,86.22404664573712,-0.001127951,0.06702075,1.0272578,0.06398177,61.146034,61.146034
1814,68.61361672715724,74.77354985039717,-0.012012784,0.096038185,0.9786987,0.13739225,57.61684,57.61684
1815,73.12686081192962,68.76273190215696,-0.018490234,0.07488378,1.0141735,0.16971722,58.46625,58.46625
1816,79.79945934694697,74.2302984356071,-0.043081075,0.14137426,0.9675605,0.18781522,56.650204,56.650204
1817,91.17105712124008,89.01010725500755,-0.03142391,0.076970294,1.0007772,0.04812581,58.079124,58.079124
1818,103.64421209026285,104.05948871283687,-0.016646296,0.12361654,1.0015813,0.12957342,57.77814,57.77814
1819,112.51053000091551,112.0259774729359,-0.008500207,0.08582551,1.0311859,0.05593589,61.521935,61.521935
1820,116.92295992050845,112.66209396680276,-0.019703424,0.11327718,1.0093079,0.11166674,61.018356,61.018356
1821,118.19636831366752,110.19131967333364,-0.04782951,0.08976956,0.97457457,0.07777383,59.683117,59.683117
1822,116.66508333722693,107.55687956668841,-0.021047363,0.061836693,0.9877168,0.107778996,61.390793,61.390793
1823,112.932257995199,105.06508245155229,-0.02403371,0.109542735,0.9802974,0.070594765,60.85812,60.85812
1824,108.89919128167705,102.45830866140535,-0.032239683,0.094628684,0.9632826,0.08297744,64.87889,64.87889
1825,105.8635781826608,100.0696151389603,-0.06698913,0.044899274,0.8946761,0.0057555092,62.005383,62.005383
1826,104.32840412985664,99.34975641973999,-0.05305467,-0.0044752555,0.86965215,-0.07999952,63.445663,63.445663
1827,105.55050605762845,102.80739668790599,-0.012065342,0.0074976534,0.8909285,-0.07611869,64.66053,64.66053
1828,110.63233457586175,112.39619763713765,-0.0009411525,-0.005266288,0.8685285,-0.113502614,64.462395,64.462395
1829,117.83265241107283,126.51859178729738,-0.0042185728,-9.693582e-05,0.92851096,-0.125654,65.48308,65.48308
1830,122.92762191906672,138.0022723375456,0.0026932699,-0.020896858,0.9529817,-0.16891642,68.62084,68.62084
1831,123.48816945802957,139.3832420381509,-0.0143923005,0.016598942,0.9603211,-0.080855966,68.31961,68.31961
1832,120.45078961272988,131.91767342771007,-0.043253765,0.01923666,0.96957296,-0.08072417,70.656334,70.656334
1833,114.82707318232808,123.98855866583047,-0.049687933,-0.020586485,0.94997895,-0.15737109,68.18189,68.18189
1834,107.24486650223355,120.81471200191787,-0.017346043,-0.004660757,1.000424,-0.13941327,68.42423,68.42423
1835,100.30178342406616,120.93512439681871,-0.005554644,0.012528568,1.0344659,-0.16081901,67.774796,67.774796
1836,96.29418245373486,121.02492743424384,-0.013543593,0.01585331,1.0264144,-0.17151445,66.327705,66.327705
1837,94.39191211918282,119.7014457515861,-8.5891734e-05,0.030839607,1.0131466,-0.20473368,68.21815,68.21815
1838,93.90690597546516,117.66495968780524,0.025056308,0.0707236,1.0213337,-0.22615302,64.60059,64.60059
1839,97.69298238144751,117.24787109538559,-0.036148876,-0.05939791,0.9069,-0.51995647,62.45534,62.45534
1840,108.7356079586624,121.14371157452281,-0.012052653,0.018600624,0.9566938,-0.3768823,61.193897,61.193897
1841,124.67558564618344,129.14574827399508,-0.033483285,-0.08306471,0.86912626,-0.56351733,57.76261,57.76261
1842,137.29278640727898,137.59208998145098,-0.08540064,-0.10311433,0.7519206,-0.62485945,51.183384,51.183384
1848,136.39276442409766,142.23309232686228,-0.0034633875,0.10808797,-0.9487302,0.2135761,297.5109,297.5109
1853,119.70687030997954,140.98388616082272,-0.014443569,0.054451905,-0.98108935,0.2088933,262.8427,262.8427
1854,102.78647566111528,138.57816354756204,0.032698207,0.11453302,-0.90555024,0.3516606,208.65088,208.65088
1856,105.6923726726293,144.51196472554346,0.0025563533,0.023298698,-0.9711453,0.1805911,275.21713,275.21713
1857,126.24863235151714,159.6716276409215,0.00597884,0.072566696,-0.94022405,0.27626878,246.91368,246.91368
1858,143.5288795211327,173.89989271484941,0.004636879,0.06219134,-0.93794906,0.2929269,238.64487,238.64487
1861,146.2749803975105,179.4902069099968,0.00023420811,0.07289422,-0.9443319,0.28127283,280.1474,280.1474
1862,141.26951391022362,178.25535019238623,-0.005411476,0.034121666,-0.97233325,0.23703343,283.1552,283.1552
1863,136.04247595559733,175.69943878571573,0.010386394,0.062364254,-0.91019356,0.34632054,268.34235,268.34235
1865,128.4419232606941,174.1094449796535,0.008752098,0.19285628,-0.90412277,0.5149613,210.88692,210.88692
1868,119.14517068592298,173.13742646025452,0.021837536,0.13414212,-0.8894467,0.3296475,279.8962,279.8962
1869,119.57359933639506,173.11682682213186,0.021539245,0.13207012,-0.8977301,0.31986848,283.45505,283.45505
1870,135.74869777177258,174.08035549666968,0.018359173,0.028950091,-0.9503229,0.1247289,262.80875,262.80875
1897,158.12992755076053,174.72186525604377,-0.0043698726,0.24378224,0.9744993,0.65484935,226.52803,226.52803
1898,173.59095047341225,174.55479806585603,-0.005242551,0.27440038,0.99075955,0.6556726,222.83873,222.83873
1899,177.2219351802117,174.72308526757837,-0.00888325,0.26958618,0.99622095,0.61972165,221.89636,221.89636
1900,172.61695535883266,175.97316970332562,-0.00898552,0.30767012,0.9940307,0.6803909,212.08574,212.08574
1901,166.85540330453452,177.29612497934923,-0.030881595,0.33558553,0.9800695,0.6843338,188.67842,188.67842
1902,165.22947758860556,177.29290543304714,-0.030715305,0.24789287,0.9496107,0.56474155,184.81258,184.81258
1903,168.0231710393073,176.17796069983476,-0.033814773,0.194817,0.92072815,0.54191136,178.08522,178.08522
1904,171.80468243375623,175.31068215633795,-0.04562004,0.22744924,0.87875956,0.58587486,174.11996,174.11996
1905,174.03522883701245,174.94823674832332,-0.09113746,0.14051251,0.88110626,0.3763641,197.74194,197.74194
1906,174.98581665529065,173.9465088616851,-0.0834143,0.17063527,0.88097024,0.41387382,200.99916,200.99916
1907,175.69010225041603,171.83489061880982,-0.08525952,0.17715907,0.88165116,0.4172384,215.6534,215.6534
1908,176.39986689504153,169.81532508678202,-0.08875777,0.24662873,0.8753878,0.50575733,212.96585,212.96585
1909,176.9327656007286,169.28759410693542,-0.05583544,0.2033328,0.897655,0.44547796,243.06415,243.06415
1910,177.03000602846618,170.23693386514515,-0.036045168,0.22288513,0.8802431,0.49172947,259.26062,259.26062
1911,175.94924575997553,171.70874994517908,-0.03857612,0.2548517,0.91509205,0.51502705,259.71585,259.71585
1912,172.6747444470474,173.25536474345745,-0.054061376,0.23087549,0.8873932,0.4621798,244.9377,244.9377
1913,167.76210820688456,174.88421920717818,-0.048811592,0.23516247,0.88702124,0.45880222,247.83891,247.83891
1914,164.13440430413112,175.80786907578596,-0.06435578,0.21366213,0.8775911,0.42873827,250.2245,250.2245
1915,164.53486630809672,174.74292650723822,-0.062575765,0.1914962,0.88988554,0.40755597,263.8964,263.8964
1979,168.05601558880602,171.4846705427464,0.0076225367,0.004187646,0.03782862,1.0424187,205.62483,205.62483
1980,170.00477015299555,166.84495728939348,0.023210384,0.009538784,0.09427828,1.0608,198.85666,198.85666
1981,166.95806916971134,162.38320664518457,0.014787147,0.022518128,0.15138245,1.0737767,196.17982,196.17982
1982,160.74430855044162,159.99653270383166,0.006450736,0.014790493,0.14777178,1.064867,196.18909,196.18909
1985,154.90538552050256,159.25360473063435,-0.05656455,-0.033141352,-0.315732,0.93027174,145.41945,145.41945
1986,150.69958864910691,158.1913531534061,-0.12610616,-0.059512697,-0.43659744,0.8686225,141.58981,141.58981
1993,146.9293673168067,155.761987209563,0.013183075,-0.010745731,-0.011705918,1.029046,172.1364,172.1364
1994,138.74564533219612,147.86744650654737,0.05088905,-0.0048518227,0.095595874,1.0582088,170.06686,170.06686
2009,123.64665324700553,131.26843722615652,0.032685686,-0.04789752,1.0491569,0.0016511285,214.51208,214.51208
2010,113.48906551060685,117.75489020602276,0.023537653,-0.042073507,1.0502659,-0.0016276443,215.15094,215.15094
2011,124.77744654702943,125.65870539493767,0.020961309,-0.03459342,1.0247778,-0.027722305,213.11761,213.11761
2012,153.69541960066283,152.88923687029003,0.014436323,0.008457152,1.0131644,0.011351755,187.95921,187.95921
2013,174.3301998451404,176.1031106015922,0.013701227,-0.028586233,0.99700654,-0.12139668,190.5641,190.5641
2014,164.3310272944987,178.22977353539036,0.021008406,-0.035576943,1.0005585,-0.15891153,195.57718,195.57718
2015,133.65160744094192,166.18573744590287,0.01647142,-0.033341426,0.9821338,-0.10911697,175.02647,175.02647
2016,117.42595848026434,158.7120851311853,0.019171631,-0.025962321,0.9884181,-0.11010007,179.12311,179.12311
2017,129.62004043082098,163.46567262327562,0.026706029,-0.039751135,0.9957435,-0.13369784,184.35085,184.35085
2018,145.8073751626611,171.3209107358659,0.01690526,-0.039942082,0.99748665,-0.14147714,176.61835,176.61835
2022,138.69781715915795,166.84385664645163,0.007530568,-0.009988835,0.9749277,-0.17467868,175.93495,175.93495
2023,109.65195830209002,142.62189008367892,0.007752757,-0.05061883,0.97530997,-0.2227554,173.4514,173.4514
2025,81.14979658730722,108.08149771941603,0.0054439846,0.030983042,0.9875244,-0.043423768,187.94934,187.94934
2026,69.65405133576118,80.40598195993802,-0.0051875575,-0.01443318,0.95896876,-0.119040795,182.07982,182.07982
2027,74.73098016371667,69.60479575547727,-0.009803417,-0.058097254,0.95055866,-0.18558817,178.52786,178.52786
2028,87.75723572972322,77.70225212803157,-0.01663492,-0.103420265,0.95535946,-0.25696784,175.10588,175.10588
2029,98.57336318954383,100.0448854580278,-0.02489759,-0.11185136,0.95647305,-0.27406406,169.24922,169.24922
2031,98.06775578144598,120.43463217317202,-0.0033085959,-0.048615895,0.96204996,-0.2032026,183.5798,183.5798
2032,85.21887938654145,119.63862302594029,-0.0026261394,-0.067277156,0.9619642,-0.2592342,181.61992,181.61992
2037,72.08920207252679,98.1013771872046,-0.0016554489,-0.076641604,0.92300534,-0.32639003,158.44559,158.44559
2040,72.21359177343346,76.87955398569756,0.021763923,-0.097919725,0.9801086,-0.32987395,159.16058,159.16058
2041,81.74131143975261,70.12942358618557,-0.00011822721,-0.05833958,0.95295167,-0.28422433,159.52219,159.52219
2043,86.00422328610786,73.6085187948535,0.014010691,-0.052043073,0.96920496,-0.2672709,156.91055,156.91055
2044,82.04053763812101,78.62237064067882,0.0016014514,0.012102835,0.9656776,-0.19847274,153.66919,153.66919
2049,76.42002127031887,78.80765135480357,0.00042259708,-0.07469066,0.9622629,-0.31136268,146.95622,146.95622
2050,72.83889214357373,71.30663990824266,-0.015091801,-0.039524637,0.9395277,-0.2491515,149.26147,149.26147
2051,77.5516886500386,63.76188842389485,-0.026679628,-0.061037548,0.8799653,-0.29992396,144.59334,144.59334
2052,99.2801387353372,68.99422584637885,0.009267615,-0.046383593,0.90063995,-0.31895232,146.82173,146.82173
2053,133.16599451175725,88.8873962231203,0.011526945,-0.013793538,0.9425928,-0.3253237,149.14157,149.14157
2054,158.91547827667335,112.04935404121404,0.015864164,-0.06371142,0.92308253,-0.39691132,145.42253,145.42253
2055,162.35891484190282,125.51637740500092,0.013947997,-0.056506652,0.91907144,-0.37920842,148.38924,148.38924
2056,151.08914626447944,128.23096592324302,0.006017731,-0.04665606,0.9644367,-0.35586706,155.09485,155.09485
2057,142.5967685309304,130.47489369445077,0.010795136,-0.026100421,0.9730116,-0.31423134,166.04802,166.04802
2058,144.3185922988637,136.96233020831647,-0.010911992,-0.01065395,0.937038,-0.31041035,155.75667,155.75667
2059,152.25692766634202,144.56622089863856,-0.007904183,-0.009361224,0.9503537,-0.2847258,157.12868,157.12868
2060,160.25716309577706,153.2319061939316,-0.013572424,-0.02594177,0.9147396,-0.31695744,149.53416,149.53416
2061,163.84678338357034,162.07446067139827,-0.0056405235,-0.06322664,0.92057794,-0.36163756,154.51607,154.51607
2062,161.0455730558335,163.9824661353721,-0.00892841,-0.055718414,0.9268954,-0.33203256,156.85342,156.85342
2064,154.1266119836973,156.00781854659212,-0.019085743,-0.019005809,0.9235445,-0.25487444,131.71696,131.71696
2065,150.11946057717918,147.78196620292695,-0.036175944,-0.014997157,0.8784901,-0.27245727,106.062584,106.062584
2066,153.452761673321,147.68923621336464,-0.0972311,-0.0300374,0.8130583,-0.29929888,97.8171,97.8171
2067,155.25079534430813,146.48615704083005,-0.050092686,-0.078910135,0.83384204,-0.35259306,85.24603,85.24603
2068,140.92621608738995,131.69376420634418,-0.042978205,-0.049382433,0.8429492,-0.2898822,104.75394,104.75394
2070,112.2007929559404,109.31143563522828,-0.008711415,-0.0698211,0.9577219,-0.306766,174.49295,174.49295
2071,89.99158207390201,95.46437394117487,0.01117708,-0.069488324,0.9857451,-0.30824506,176.66322,176.66322
2072,91.214530071743,97.08753808740389,0.009889717,-0.07126972,0.9741461,-0.32395428,177.48222,177.48222
2073,110.64326921987775,109.11675878577053,0.016812121,-0.13180807,0.99496263,-0.43686342,164.74872,164.74872
2075,130.85339825866865,124.56056968667592,-0.019137518,-0.057633072,0.929743,-0.2817083,116.109406,116.109406
2078,142.5366650530288,140.9234415869604,-0.07702383,-0.02848216,0.8485865,-0.19913697,71.89302,71.89302
2079,147.3107825756951,155.8590962179618,-0.111478835,-0.14195396,0.8838191,-0.43081042,61.312283,61.312283
2080,150.15303836337006,164.8026151011465,-0.07921864,-0.11159723,0.9008527,-0.3708698,64.21129,64.21129
2081,155.51316915348622,166.57127592020456,-0.092951894,-0.13952869,0.91510975,-0.41457725,63.542248,63.542248
2085,163.09012565917922,164.89132063644362,-0.008841653,-0.074492596,0.9067819,-0.40637258,168.81625,168.81625
2087,168.51793179430146,163.1337802287803,-0.024780786,-0.011039649,0.93801975,-0.13429193,136.98239,136.98239
2091,170.60760976487418,162.74654085749063,-0.052009225,-0.051302068,0.84765095,-0.3349055,104.997055,104.997055
2092,172.1335965489816,165.48410774201864,-0.023729488,-0.0208794,0.89437854,-0.3078425,93.38091,93.38091
2095,172.97387853997645,170.05863218493468,-0.016198536,-0.0560354,0.9616824,-0.26579785,199.2846,199.2846
2096,165.55950415349997,167.45316730663285,0.017027956,-0.079270706,1.0406961,-0.32125983,202.0352,202.0352
2097,142.34615843914796,147.76230057429655,0.0025196385,-0.044674914,1.0033474,-0.2455708,198.7803,198.7803
2103,110.68468612552536,115.62599178274925,-0.016927734,-0.053457476,0.92906827,-0.40182942,93.96273,93.96273
2104,91.19744627210535,93.13604488545228,0.090158954,-0.08099065,1.0656013,-0.49390897,75.80876,75.80876
2105,95.49781745510563,99.21492349356518,0.0988777,-0.091374286,1.0421925,-0.54327416,75.57597,75.57597
2106,113.45601646501385,128.8797718621558,0.067732126,-0.083321966,1.0228947,-0.5383526,78.82777,78.82777
2107,126.65112267469677,159.67155918522045,0.067241624,-0.10087289,1.023245,-0.5986679,78.83729,78.83729
2108,127.20986823439631,174.17070801584742,0.050397497,-0.13291001,0.94987714,-0.6315425,76.110016,76.110016
2109,120.1045721664034,171.02250663129055,0.059860423,-0.11621436,0.9563103,-0.62802684,77.85853,77.85853
2110,113.38341383449213,159.64982303811382,0.060155272,-0.06287979,0.9684468,-0.54570705,82.86559,82.86559
2111,110.60933947586398,149.97524357917663,0.08255082,-0.077656314,1.0000901,-0.5631393,83.41881,83.41881
2112,110.26058223821602,145.4518310678617,0.05893876,-0.059276126,0.97000945,-0.5438858,85.75444,85.75444
2113,109.42158854112363,143.635536905074,0.053216107,-0.053985104,0.9680185,-0.5192917,85.12401,85.12401
2114,107.88781046837357,142.52521600293156,0.020093143,-0.031776376,0.9428614,-0.47637782,82.95716,82.95716
2115,108.8553283565525,143.62369161582743,0.011727717,-0.016832262,0.9635982,-0.40781176,84.3209,84.3209
2116,114.84634977269847,148.4065979837865,0.036444236,-0.01492945,0.98701745,-0.39264446,86.16781,86.16781
2117,123.4824085235344,155.12429521156434,0.019229636,-0.015843429,0.9758639,-0.39899248,86.311,86.311
2119,129.6143756996818,160.15289322478415,0.09400021,0.03988486,-0.44202083,0.8834777,112.2356,112.2356
2120,132.6519720051792,161.14232210681004,0.0072981757,0.011209959,-0.5952602,0.8219258,112.918175,112.918175
2126,138.8732794357824,159.65180858720126,0.0045489366,0.2965385,-0.97569096,0.51523614,224.24594,224.24594
2127,152.97755037076502,160.51184133350102,0.031877987,0.1815606,-0.91498315,0.31449082,216.587,216.587
2128,170.19837808801472,165.94182299830788,-0.029325759,-0.09640119,-1.1283336,-0.40536574,161.13905,161.13905
2129,181.07754022749643,172.26424709808595,-0.08127663,-0.2630301,-1.226887,-0.6986434,179.23962,179.23962
2130,181.41137204404862,174.754462447326,0.083114415,0.06265252,-0.7997412,-0.07101857,191.22427,191.22427
2131,174.88887782225297,171.48000125195205,-0.05359284,0.034346852,-1.133682,-0.030095158,226.79527,226.79527
2132,167.14266229881844,159.52044517737866,0.015590541,0.014229528,-0.9511381,-0.03898709,244.42969,244.42969
2133,160.06793993826548,134.25150278888876,-0.017886922,-0.031122552,-1.0359071,-0.19857848,224.68489,224.68489
2134,154.42352231544277,99.82231190777715,-0.06546099,-0.086086966,-1.1414357,-0.2565783,199.87361,199.87361
2135,152.4839651312676,72.27415962634903,-0.0705764,-0.00040254404,-1.141211,-0.06515512,197.48967,197.48967
2136,152.0348430412835,65.13492924432553,-0.079036385,0.08252699,-1.1432517,0.07285181,164.07578,164.07578
2138,145.91800952911308,79.7193192894307,-0.35777476,-0.004942026,-0.58052546,-0.9590023,209.8304,209.8304
2139,136.41107084192643,107.24846238064421,-0.36308163,0.0030345803,-0.56007904,-0.9184403,208.2522,208.2522
2140,137.72731436403507,133.89141351699314,-0.38323963,0.033694714,-0.5829207,-0.9007796,188.26411,188.26411
2141,154.6047648148379,150.06014416582215,-0.43994012,-0.008172444,-0.6526859,-0.9698432,170.84734,170.84734
2142,172.94200977014302,156.45263323673638,-0.47672868,-0.031400893,-0.71511424,-0.9967707,164.01274,164.01274
2143,177.6761373224604,158.6177579964626,-0.4600928,-0.025230546,-0.63931453,-0.97386605,170.89474,170.89474
2144,169.15411278641128,158.7027445270538,-0.42401475,-0.027912283,-0.4951514,-1.011202,182.45854,182.45854
2145,159.44351460509606,153.18146602263366,-0.41061932,-0.039335873,-0.34510365,-1.0014757,190.96356,190.96356
2146,158.52541170275072,136.725844629506,-0.4122713,-0.038361195,-0.29973897,-0.97698003,190.55072,190.55072
2147,166.22732016961368,110.24139109132038,-0.39080095,-0.08806454,-0.2648465,-1.0009142,186.87675,186.87675
2148,174.91936211786245,85.0459990639397,-0.38889077,-0.04028776,-0.28505242,-1.02292,200.89848,200.89848
2149,177.87423867094037,74.61430434109737,-0.34059697,-0.05088568,-0.26383603,-1.0600698,223.22723,223.22723
2150,174.1063324220531,82.75289015078823,-0.23363635,-0.05502024,0.060357094,-1.0441569,241.41396,241.41396
2155,166.57029345342798,102.12277774477758,0.13128564,-0.057609763,0.5265712,0.88363856,82.26166,82.26166
2160,159.55881967061043,123.0120914605367,-0.12408802,-0.15839624,0.561972,-0.9597873,285.12418,285.12418
2161,157.7981477266,141.93655387890243,-0.14118566,-0.16092645,0.50029033,-1.0092654,290.13257,290.13257
2162,163.1737127065781,159.5635369548877,-0.16843824,-0.23822644,0.43151185,-1.1167513,267.23923,267.23923
2163,171.25185965796567,172.69051238495518,-0.2518866,-0.26073977,0.28652468,-1.2299014,191.40616,191.40616
2164,175.26606616440822,174.56021377501276,-0.35834438,-0.2095898,0.13652723,-1.1671853,168.40466,168.40466
2165,173.57837276059286,163.1187079922469,-0.38942012,-0.15501444,0.114937805,-1.1311755,163.22942,163.22942
2166,170.26776286768305,145.87784211104048,-0.4458294,-0.21226275,-0.013120439,-1.2225578,149.18224,149.18224
2167,169.77572933928397,135.4095355307177,-0.39213362,-0.16708389,-0.009457324,-1.0948288,169.58505,169.58505
2168,172.72025002032336,138.60382844034146,-0.50498444,-0.16300145,-0.165056,-1.1684859,139.32593,139.32593
2169,175.69092514769167,150.6956253926563,-0.39164248,-0.17050533,0.013633118,-1.3671811,122.59754,122.59754
2170,174.53429835372137,161.52348303311803,-0.46913442,-0.15396602,-0.18792887,-1.513092,114.25786,114.25786
2171,168.31920602963504,166.14666838654517,-0.40413305,-0.1677198,-0.23970282,-1.5156435,133.45052,133.45052
2172,159.6565016043278,167.04771895527261,-0.32956123,-0.108246826,-0.32339787,-1.3434967,166.24998,166.24998
2173,152.41710567312177,167.8635606058908,-0.45790306,-0.11974446,-0.6237453,-1.4185841,145.06396,145.06396
2174,150.83557822475413,168.7075618335126,-0.5045791,-0.075176515,-0.8134915,-1.2875389,138.6142,138.6142
2175,157.3006895356519,168.2403002957491,-0.5950221,0.017684452,-1.2725945,-1.2423955,115.64769,115.64769
2176,168.40636076410487,167.4536129020964,-0.71077836,0.014960538,-1.609071,-1.0749404,99.35603,99.35603
2177,176.47759074417732,168.76619820371778,-0.7052476,0.07084635,-1.6067674,-0.9599744,97.0509,97.0509
2178,176.70455068732068,172.14866750831115,-0.8304541,0.13891046,-1.93821,-0.7972763,79.81734,79.81734
2179,171.26232071989287,174.624634666913,-0.7648561,0.12803629,-1.9096987,-0.7355276,86.05282,86.05282
2180,165.96381626703013,173.80883593600586,-0.94470674,0.22310281,-1.9566519,-0.5261603,71.48328,71.48328
2181,164.17838347372535,170.30562072007567,-0.97770965,0.26011595,-2.2144158,-0.56690663,69.29869,69.29869
2182,164.8199724986392,166.5385618511428,-0.6810694,0.18663327,-1.5683978,-0.51954585,90.23384,90.23384
2183,164.825667711239,164.45473906396666,-0.6342673,0.15393294,-1.6636133,-0.5119811,87.643036,87.643036
2184,162.19909654246302,164.55993500604572,-0.44438863,0.11569945,-1.2616254,-0.5313077,110.300865,110.300865
2185,157.304225773987,166.25666919986173,-0.4966989,0.13122058,-1.2624599,-0.5052382,108.10343,108.10343
2186,152.30089147774956,168.47585416411127,-0.41554862,0.07460428,-1.2368892,-0.59720975,112.644714,112.644714
2187,149.32142222318822,170.32405560119494,-0.40631816,0.0738446,-1.2634143,-0.51291966,123.04877,123.04877
2188,148.82207129792766,171.5381336812427,-0.41510844,0.115543656,-1.3289807,-0.48146936,112.62331,112.62331
2189,149.66812006983739,172.37604481937177,-0.39312515,0.048340254,-1.2431813,-0.5998809,106.51173,106.51173
2190,150.48329912827973,173.20765496384257,-0.39101267,0.12473105,-1.240111,-0.4132356,100.81971,100.81971
2191,150.50188881772846,173.9502584848687,-0.36374077,0.07565359,-1.1902477,-0.45131353,108.05049,108.05049
2192,149.76670131332298,173.75381219255385,-0.4176029,0.13265035,-1.3354373,-0.3716982,103.668396,103.668396
2193,149.37916776461662,171.79715480651953,-0.4975382,0.16190022,-1.5164855,-0.40509906,89.885735,89.885735
2194,150.99852717264406,168.53326276161548,-0.44102877,0.15746817,-1.4476907,-0.37899306,94.78273,94.78273
2195,155.06437488467355,165.4255584602423,-0.36631727,0.12684298,-1.2590421,-0.3437226,117.36313,117.36313
2196,159.80890949671658,163.18665329459935,-0.36315688,0.12587088,-1.2602153,-0.35615292,117.81419,117.81419
2197,163.09743852318113,161.34303662132092,-0.36906317,0.12358167,-1.3323132,-0.38843828,119.26907,119.26907
2198,164.73697741332649,159.61126356508524,-0.20875385,-0.040221356,-0.94456536,-0.84658176,121.42278,121.42278
2199,165.95403268370094,158.46719236377623,-0.18635964,-0.019150492,-0.97070926,-0.7796199,111.227745,111.227745
2200,167.20496500953675,158.25466565090662,-0.29166842,0.1270716,-1.19305,-0.47051793,120.11987,120.11987
2201,165.3014617531105,154.02103494758256,-0.2878851,-0.265609,-0.9842698,-1.66034,71.671364,71.671364
2202,154.5615882788072,131.82194074859044,-0.11187333,-0.18208262,-0.8651469,-1.1967742,134.88548,134.88548
2203,136.17750820753923,85.49390629007281,-0.04897132,-0.051567912,-0.7058156,-1.019087,155.91463,155.91463
2204,117.29567002740062,35.511196630583335,0.03828521,-0.079530016,-0.62127495,-0.94827926,188.57504,188.57504
2205,96.9026349359973,10.262206058652628,-0.08068308,-0.055300716,-0.7470064,-0.8822222,184.7476,184.7476
2206,71.9273096795855,14.000168645828433,-0.097272694,0.07493257,-0.8922828,-0.5974558,218.7363,218.7363
2207,52.12614485823874,28.13559387042663,-0.14459439,0.16473483,-0.9263704,-0.47947204,179.5892,179.5892
2208,47.353821042168015,35.29922790054225,-0.16905229,0.14847042,-0.9506687,-0.49536932,187.04774,187.04774
2209,54.10391427766365,34.01537649707085,-0.2410304,0.19001047,-1.0679656,-0.49030086,156.9977,156.9977
2210,68.4985185928233,35.061995592424836,-0.18089114,0.16602056,-0.8736274,-0.6148338,158.10027,158.10027
2211,95.06108481842105,47.81239262729904,-0.17268129,0.11467443,-0.83753455,-0.70686775,163.10559,163.10559
2212,132.95996265760803,71.7479669723167,-0.2741718,0.120979786,-0.9352653,-0.7372795,136.27467,136.27467
2213,167.36494096915044,100.12718326894479,-0.23317166,0.092262,-0.6847546,-0.81248933,145.75119,145.75119
2214,182.962683387506,126.20963836497707,-0.21355452,0.13278453,-0.4512118,-0.91921294,157.16385,157.16385
2215,179.53719927816073,145.04887128714094,-0.21826965,0.07740214,-0.34944284,-0.9604353,171.27538,171.27538
2216,169.91178999222896,154.67628378368175,-0.21330357,0.05575775,-0.2858389,-0.9745929,175.3923,175.3923
2217,165.29269965281534,157.36547624417716,-0.20622027,0.044662893,-0.2770168,-0.97288865,172.25258,172.25258
2218,165.9702375396213,158.048051782241,-0.20087652,0.0062063527,-0.33262983,-0.9760391,162.01031,162.01031
2219,166.01479379755892,160.75954389067894,-0.1974104,-0.0072782165,-0.36070248,-0.98682094,153.27519,153.27519
2220,163.0610007161142,166.40820927220264,-0.2089341,-0.009205757,-0.4019496,-0.97218376,138.50294,138.50294
2221,160.8860014887819,172.98743272869206,-0.2078217,-0.026080346,-0.3394657,-0.97793627,134.17728,134.17728
2222,163.73171023962024,177.41884511649013,-0.20569944,-0.025648521,-0.32188427,-0.9776218,134.18454,134.18454
2223,170.9610210097756,178.13609005785136,-0.20342606,-0.019396152,-0.3141011,-0.9801116,133.9712,133.9712
2224,178.07321860330737,176.10583782969863,-0.19940484,-0.013353367,-0.32919887,-0.9919721,134.36346,134.36346
2225,181.47240166192856,173.4063374480928,-0.20652126,-0.01615182,-0.3805556,-0.9662135,128.70827,128.70827
2226,181.0933215517139,171.3376103208656,-0.2008605,-0.009852487,-0.394992,-0.96275616,123.50305,123.50305
2227,178.93706825306012,169.42679400628074,-0.20699134,-0.008169145,-0.41769442,-0.962987,121.58623,121.58623
2228,176.70997835119005,166.61731080411042,-0.21057054,-0.007035564,-0.454861,-0.95105195,120.80912,120.80912
2229,174.9074856746644,163.68625638374132,-0.212796,-0.003352683,-0.46333122,-0.94864917,120.921295,120.921295
2230,172.90838269776037,162.7547766002957,-0.21439563,-0.002027922,-0.4716392,-0.93947726,121.99223,121.99223
2231,170.70579920955748,164.2510790924633,-0.22505161,-0.007556863,-0.48761642,-0.92247903,119.762566,119.762566
2232,170.0848018944617,165.75774202803947,-0.21637405,-0.0042673,-0.4510758,-0.93159294,125.51591,125.51591
2233,171.97866736111715,164.68988098943552,-0.21384934,-0.004693231,-0.38056326,-0.95927435,128.17337,128.17337
2234,174.40604452948526,162.11006324945174,-0.20863731,-0.014373304,-0.35682255,-1.0294203,124.77907,124.77907
2235,174.78161081716084,162.10952128980273,-0.20645872,-0.012176473,-0.34087205,-1.0355581,121.77485,121.77485
2236,172.9527980686389,166.86240371153292,-0.17279646,-0.0062016724,-0.31556898,-1.0130119,122.017715,122.017715
2237,171.31568111549396,173.91796131661772,-0.17419626,0.008183156,-0.38956574,-0.99486995,123.8767,123.8767
2238,171.55801288139858,178.33754183793465,-0.17582452,0.0230941,-0.456729,-1.0080683,128.91618,128.91618
2239,171.5742900187649,176.77223910129297,-0.17655297,0.018526388,-0.37974116,-0.97480285,127.96079,127.96079
2240,168.27567026715246,170.63785155396604,-0.16981015,0.021031607,-0.33992368,-0.97428584,130.16066,130.16066
2241,163.7569852858129,165.7000852359547,-0.17108095,0.011988529,-0.37250105,-0.9729434,125.84382,125.84382
2242,163.78534605007064,166.76055576686275,-0.1678271,0.014527954,-0.371629,-0.96507394,126.06816,126.06816
2243,169.37789672326434,172.73904996745688,-0.1713449,0.010994911,-0.36727107,-0.9767421,125.64212,125.64212
2244,175.53534084615768,178.53812080128992,-0.18638581,0.0044206134,-0.34308305,-0.98189294,125.62247,125.62247
2245,178.09598716588255,180.77945532354693,-0.19530131,0.002848552,-0.35170814,-0.98042,124.949974,124.949974
2246,177.25814467153486,179.95344579659974,-0.18152899,0.009464957,-0.40145484,-0.9738659,126.1528,126.1528
2247,175.52771268413784,178.03373544743215,-0.1694143,0.010393608,-0.41348585,-0.97236526,124.69252,124.69252
2248,174.80914553895298,176.15370089600313,-0.16969083,0.010100042,-0.42155433,-0.9662631,123.01856,123.01856
2249,175.16985848154624,174.81504250579036,-0.16277611,0.011470284,-0.43714428,-0.9605537,123.17674,123.17674
2250,175.8426698479447,174.74684157320917,-0.16255462,0.015626477,-0.43547645,-0.9575289,123.11141,123.11141
2251,176.36033580509098,176.2224127021846,-0.16102044,0.016940158,-0.4341419,-0.95499414,123.1897,123.1897
2252,176.37987190021093,178.23052555204094,-0.16941513,0.019579887,-0.44102955,-0.95292497,122.66718,122.66718
2253,175.97112267258126,179.4121234006063,-0.17403223,0.020240877,-0.42172992,-0.95200557,121.63457,121.63457
2254,176.00142952141962,179.3717190156063,-0.1718503,0.020835554,-0.42536154,-0.94700223,121.03373,121.03373
2255,176.93150969715055,178.67177889070322,-0.16652179,0.02006487,-0.41656372,-0.9371008,119.83684,119.83684
2256,177.83658304816026,178.11844603257046,-0.17300658,0.019656133,-0.4023839,-0.93570113,119.424675,119.424675
2257,177.47591267226414,178.17728220710967,-0.16684385,0.018989244,-0.38751566,-0.934278,118.47366,118.47366
2258,175.82125278522975,178.561981618322,-0.17089395,0.019907765,-0.3785459,-0.93694913,115.481606,115.481606
2259,173.90405983803953,178.61715156052202,-0.1779722,0.01834754,-0.3625547,-0.93915963,113.29278,113.29278
2260,172.47761744039434,178.30863269980733,-0.18123254,0.018305868,-0.36665475,-0.9360054,112.4354,112.4354
2261,171.75561002555645,178.16661947806156,-0.1796305,0.020033883,-0.37157905,-0.9341173,111.92205,111.92205
2262,171.8803806790983,178.41146674400835,-0.18687437,0.02712787,-0.33914748,-0.9325981,111.52447,111.52447
2263,172.6299520942832,178.7068307054409,-0.18864535,0.0080614155,-0.35959986,-0.9403948,115.102234,115.102234
2264,173.6381924124111,178.48562353383892,-0.1860951,-0.0015911107,-0.34739667,-0.99167734,110.81272,110.81272
2265,175.01652810852607,177.37664783579754,-0.19546387,-0.002934929,-0.363735,-1.0004259,108.87812,108.87812
2266,176.56064111363844,175.66588170515448,-0.19762269,0.001700888,-0.39133155,-1.0081577,105.015366,105.015366
2267,177.18020817497333,174.3697663608304,-0.20450434,-0.002232156,-0.3681176,-1.0283839,102.27186,102.27186
2268,176.37599830968693,173.87478493499643,-0.21074371,0.00014974961,-0.39440405,-1.0071794,98.838486,98.838486
2269,174.87786594887248,172.5001053879398,-0.21831705,0.0016677135,-0.3885124,-1.0157093,97.863335,97.863335
2270,173.03189775128584,168.611454459046,-0.23720038,-0.0077772792,-0.41684052,-1.0250522,95.36548,95.36548
2271,170.7215220069047,164.0285028788292,-0.26222816,0.009578658,-0.42122427,-1.0153874,96.18685,96.18685
2272,169.0594793459552,162.4643978878832,-0.2688336,0.0018766492,-0.42031956,-1.0048774,95.472664,95.472664
2273,169.3456156101517,164.77857717667487,-0.26729214,0.007520071,-0.40339386,-1.0071216,95.989456,95.989456
2274,170.6719744006127,168.13681452006574,-0.23169124,0.0066853766,-0.38965076,-1.0003252,95.07619,95.07619
2275,171.23108817835276,169.60133331154753,-0.23943967,0.011552136,-0.42969072,-0.990683,93.92657,93.92657
2276,170.57278914424631,168.76747800401932,-0.20224513,0.013024198,-0.42580688,-0.9902435,93.33096,93.33096
2277,169.20877676650926,166.89567407824183,-0.2077706,0.019053698,-0.4239108,-0.99793637,89.872444,89.872444
2278,168.1062887316244,165.43816366442564,-0.22458376,0.033564623,-0.49107563,-0.97862417,85.41518,85.41518
2279,168.27562083276644,165.70541176346902,-0.19772306,0.032964814,-0.46219403,-0.9922292,81.11759,81.11759
2280,169.60425595247642,167.81191708889057,-0.20706937,0.04049433,-0.47784176,-0.97575104,77.64608,77.64608
2281,170.848782322231,170.16995101624317,-0.21535389,0.045943387,-0.52207655,-0.9726019,75.34609,75.34609
2282,170.69823663562667,171.29530552882864,-0.23788048,0.032528374,-0.59578186,-0.90820944,74.89236,74.89236
2283,168.56654354907266,170.8544265960528,-0.23594408,0.033605892,-0.593924,-0.8771598,74.90116,74.90116
2284,165.18300308335682,168.9182073762485,-0.2402465,0.02661291,-0.57963353,-0.87094843,73.77371,73.77371
2285,162.3553096079272,165.93991207635196,-0.25831342,0.025462639,-0.61649257,-0.871578,72.23323,72.23323
2286,161.1613078616265,163.3966076905936,-0.20409426,0.023533653,-0.612473,-0.87394005,72.50917,72.50917
2287,160.62978879062678,163.01810907369438,-0.19550826,0.027677113,-0.683734,-0.84221655,74.263695,74.263695
2288,159.28425157920967,164.7197335561226,-0.18129706,0.030359516,-0.6196877,-0.86949176,69.72664,69.72664
2289,157.7282288782907,166.68250975647518,-0.18491337,0.030236514,-0.58320373,-0.88015485,68.76835,68.76835
2290,158.1443837075351,168.37142501471723,-0.18003066,0.030804055,-0.5731766,-0.8846152,66.660736,66.660736
2291,161.19760951493558,171.20869194623558,-0.18429269,0.033710122,-0.55456054,-0.8935661,65.080696,65.080696
2292,165.15620846255612,175.38582232675003,-0.18604583,0.045383558,-0.56131375,-0.8803998,63.719444,63.719444
2293,168.0380536685293,178.5325253752337,-0.18815391,0.05159422,-0.57198954,-0.88629764,62.72331,62.72331
2294,169.30678261154685,178.57660662299415,-0.1864702,0.05299741,-0.55978304,-0.8955561,62.265812,62.265812
2295,169.6997563879727,176.46225280277406,-0.19608352,0.04420847,-0.5714435,-0.8940482,60.37043,60.37043
2296,170.19537411151535,174.93367556499163,-0.19667031,0.03919696,-0.5635559,-0.886471,60.45596,60.45596
2297,171.2278752525038,175.22532610496964,-0.19298401,0.04225353,-0.5501091,-0.89521956,59.594223,59.594223
2298,172.64949462326712,176.28185942362796,-0.18382101,0.048420597,-0.5224694,-0.90831065,58.50139,58.50139
2299,174.15080153212392,176.89927941641653,-0.17741983,0.034942113,-0.5037448,-0.9208705,56.35454,56.35454
2300,175.64462406998132,177.10266057585883,-0.1796981,0.024999449,-0.4931817,-0.9309884,55.96681,55.96681
2301,177.21839736660323,177.27312429133463,-0.1905316,0.023089284,-0.46959013,-0.93580914,55.103844,55.103844
2302,178.60406543030416,176.94932095777077,-0.1725392,0.008544858,-0.4077451,-0.95091116,55.45756,55.45756
2303,178.89108817859076,175.38092765373955,-0.1916652,0.010333797,-0.48887408,-0.939206,52.6316,52.6316
2304,177.4452403434773,173.19877257695182,-0.17642905,0.008778966,-0.61844456,-0.893568,53.728386,53.728386
2305,175.24410824760716,172.340910087351,-0.1813814,0.013741575,-0.5396386,-0.93669546,51.205467,51.205467
2306,174.00683493179673,173.69950037659572,-0.19908945,0.009546237,-0.49330717,-0.93255144,50.05577,50.05577
2307,173.8425249635062,175.52611449925595,-0.20304984,0.013620902,-0.5164068,-0.92900366,48.468655,48.468655
2308,173.49786107957425,174.81408328403262,-0.2193116,0.015755456,-0.56142193,-0.9265515,47.09895,47.09895
2309,172.67702869145063,170.09323896070094,-0.20614634,0.018493425,-0.5235012,-0.9222874,47.258007,47.258007
2310,172.2548427857588,162.99772063146528,-0.1957084,0.008753532,-0.47044158,-0.9518425,48.602734,48.602734
2311,172.75821496793085,157.42493975355876,-0.20957531,0.014098459,-0.4070356,-0.9723925,46.974068,46.974068
2312,174.1229425806153,156.54174829218144,-0.20227218,0.0069604004,-0.42692333,-0.94019234,45.497513,45.497513
2313,175.94992134355078,160.6964005643869,-0.21057488,0.0075887023,-0.4049668,-0.94550353,45.341835,45.341835
2314,177.2074215222524,167.79797612875592,-0.21047069,-0.0031882518,-0.37585488,-0.94713485,43.714798,43.714798
2315,176.884275526372,174.1307766662696,-0.19576547,0.015001032,-0.31866458,-0.97030073,45.77322,45.77322
2316,175.15832721126526,176.3917455430924,-0.19997121,-0.007267519,-0.29200125,-1.0079743,44.39787,44.39787
2317,173.3099932219161,174.63235562060163,-0.20191184,-0.007127481,-0.29523677,-1.0243982,41.639317,41.639317
2318,172.54265148368222,171.91766523635147,-0.21096253,-0.010984918,-0.2858965,-1.0080969,41.235847,41.235847
2319,173.26515699675102,171.2862283306842,-0.19533928,-0.0121468315,-0.2774235,-1.0102241,40.567562,40.567562
2320,175.09870636704713,173.55058318595925,-0.1944952,-0.011202803,-0.24391524,-1.0032734,39.09359,39.09359
2321,176.73994912355215,177.0200340911184,-0.18426023,-0.0139104575,-0.25596973,-1.010189,38.054672,38.054672
2322,176.9910265506805,179.29856724346232,-0.1828869,-0.008874283,-0.25532302,-1.0052298,37.3359,37.3359
2323,176.4874675976396,179.41729742392235,-0.18238054,-0.01182042,-0.2812463,-1.0022824,35.465744,35.465744
2324,176.71906977918314,178.04949663094618,-0.17495143,-0.0027798577,-0.23557754,-1.0011411,34.152893,34.152893
2325,177.78712298020875,176.44838572648592,-0.18361235,-0.008797242,-0.25339,-0.99537945,32.33449,32.33449
2326,178.66093190888895,175.54144403345714,-0.1767556,-0.0085216835,-0.25271815,-1.0107882,30.701351,30.701351
2327,178.67866293375647,175.43577865161515,-0.17612799,-0.021831745,-0.2795427,-1.0219986,29.89589,29.89589
2328,177.83316029769495,175.58304166792144,-0.16388525,-0.02391424,-0.34110376,-1.0033062,29.150541,29.150541
2329,176.39035733973535,175.61792914467915,-0.16984808,-0.011496733,-0.40759143,-0.98066443,25.817245,25.817245
2331,174.69621930461633,175.12866874917157,0.18387164,0.0045626573,0.5264724,-1.0128357,168.61844,168.61844
2332,173.07319622162717,172.71250154948348,-0.028968636,-0.011377791,0.2900074,-0.9427987,169.94994,169.94994
2333,171.90492147640353,167.43116133612122,-0.06873708,-0.028953549,0.25911033,-0.9771014,158.9734,158.9734
2334,171.7917558829953,160.48155165595702,-0.11557468,-0.04549209,0.18942992,-0.977863,161.81557,161.81557
2335,172.93034293617507,154.0765524564221,-0.073275484,-0.04108527,0.30231717,-0.97497207,167.37057,167.37057
2337,174.59112446328874,150.33605477601864,-0.04776391,-0.1216379,0.76497555,-0.5612401,246.40033,246.40033
2341,171.75001600101442,150.19912759936497,-0.0146397995,0.056901135,-1.0034039,-0.0291205,145.58794,145.58794
2342,154.23033058283164,152.00442213580538,-0.0029226558,0.05254249,-1.0106812,-0.031873107,143.9079,143.9079
2344,123.82422971664238,153.1131027095295,-0.009064289,0.017204158,0.9694317,-0.18877624,106.861984,106.861984
2345,101.641146513823,150.11120615044888,0.12799068,0.33973554,1.3567495,0.61134404,45.73583,45.73583
2350,102.08283891011504,139.57548992629484,0.08302437,-0.019005574,1.0345352,-0.4163309,83.27089,83.27089
2351,117.74221012927357,127.61371583078079,0.030609215,-0.0053812847,0.9345878,-0.36033633,84.544136,84.544136
2352,133.02310363816966,128.68494054674005,0.04865437,-0.0026956175,1.0082994,-0.35395035,81.98801,81.98801
2353,137.67933401748164,146.16071419387941,0.083852716,0.03540741,1.0815951,-0.28552505,83.08956,83.08956
2354,132.56815101980158,166.9392772205257,-0.015594728,-0.033529174,1.0082331,-0.40741536,84.233505,84.233505
2355,128.7222077588695,176.77928809875053,-0.041264072,-0.068004794,0.8702748,-0.5345913,84.77814,84.77814
2356,135.53660512632808,171.47783381879688,-0.035193127,-0.018661695,0.94501114,-0.37538892,89.99415,89.99415
2357,149.19410795946004,156.01621557568095,-0.041257758,-0.040939376,0.9428431,-0.4116687,89.717384,89.717384
2358,157.91720234974167,138.65686695085554,-0.048052568,-0.07195885,0.8983978,-0.48115504,94.602615,94.602615
2359,155.33935970078687,125.75520416478453,-0.033500705,-0.039653096,0.8989935,-0.42279336,102.826584,102.826584
2360,144.14499727563071,119.98008630214373,-0.038913455,-0.03528296,0.8622784,-0.45170486,106.72126,106.72126
2361,131.4160240461095,120.46869531630078,-0.057376947,-0.03730008,0.85803527,-0.4540566,108.43944,108.43944
2364,124.04483705981207,124.58090961299683,-0.20834759,-0.1067425,0.13628499,-1.0796938,221.46512,221.46512
2365,125.68726308683465,130.01820872324015,-0.1134811,-0.09167939,0.44013798,-0.94558567,256.5291,256.5291
2366,131.9871199868096,132.390138974117,-0.10382489,-0.08268608,0.49752033,-0.87293106,284.51083,284.51083
2367,130.5411769363356,125.53023384033231,-0.026096525,-0.04033308,0.67280287,-0.8005272,309.28598,309.28598
2369,116.1209810737849,111.89877563623226,-0.032006618,-0.04166753,-0.8482638,-0.5056806,130.40135,130.40135
2370,100.67179843732016,105.11001465045084,-0.047309715,0.008745016,-0.9468134,-0.47348365,139.21156,139.21156
2371,98.4381270076552,114.42432791091053,-0.09722078,0.014949056,-1.0211859,-0.39650115,142.2556,142.2556
2372,109.54663862572463,132.8095127531568,-0.053541765,-0.0010057248,-0.96437514,-0.39339375,142.37343,142.37343
2373,121.90484444904212,145.16598004671602,-0.10835458,0.023127852,-1.0898622,-0.38864136,137.75618,137.75618
2375,125.33789894779687,146.43214014814185,-0.18929318,-0.0018362666,-0.6113764,-0.9533907,110.684944,110.684944
2376,123.27323692865114,145.36336851780294,-0.20477463,-0.027084844,-0.7170984,-0.9505306,110.973755,110.973755
2377,125.24917256925605,148.10226414190973,-0.18946408,-0.047409687,-0.6939729,-0.9529196,116.70202,116.70202
2378,129.82711001579116,146.69451623763402,0.114353776,-0.0007773597,-0.18972859,-0.89408183,136.38225,136.38225
2379,127.30756330233027,129.63372547066564,-0.0032005208,0.019692313,-0.45691338,-0.8600483,154.77522,154.77522
2380,118.6404104465651,102.80211147018457,-0.1899872,0.0449305,-0.7026957,-0.797819,108.47578,108.47578
2381,117.1345308766635,91.04599837979389,-0.24856524,-0.022040019,-0.9055937,-0.77764356,106.384964,106.384964
2382,127.67070385583516,108.64030649218283,-0.19539352,-0.03366832,-0.8407234,-0.81609887,130.23598,130.23598
2383,137.63113528528538,139.58292914567207,-0.24460086,-0.009028263,-0.92269087,-0.82039046,115.14743,115.14743
2384,134.5398933254462,158.0892225858896,-0.2576276,0.023451092,-0.9663529,-0.7305714,100.11252,100.11252
2385,121.22928135880667,156.0542025087905,-0.2309306,-0.002533792,-0.96224624,-0.7258349,109.614555,109.614555
2386,109.17919777703655,143.54181287375403,-0.21876478,0.001473171,-0.93897915,-0.7733328,109.37821,109.37821
2387,106.07036445636037,133.1817062265969,-0.21317682,0.009046672,-1.0210469,-0.7598732,112.99031,112.99031
2388,112.11901561408445,130.7563785519646,-0.23125207,0.0123281,-1.1220015,-0.6157204,108.58803,108.58803
2389,122.3459063703678,135.29063286146916,-0.2363581,0.015736338,-1.1326466,-0.60365355,104.99598,104.99598
2390,130.40646279700772,142.13392662774103,-0.18369342,-0.014533416,-0.936669,-0.645176,112.829704,112.829704
2391,132.91781321852176,146.90562008049878,-0.16038823,-0.048247356,-0.94224787,-0.68525475,106.88253,106.88253
2392,131.30425422246043,148.59967349335207,-0.13232452,-0.049497556,-0.9139739,-0.70847136,126.48034,126.48034
2393,128.1873359341698,148.2125038212414,-0.13526884,-0.10930737,-0.93102497,-0.81950927,115.36542,115.36542
2394,123.18568648044685,146.0769964340617,-0.1596792,-0.09921029,-0.9751987,-0.78766584,115.83665,115.83665
2395,116.25471449636505,143.16046541154492,-0.10857486,-0.047067847,-0.90767777,-0.7291423,126.372025,126.372025
2396,112.4207038524368,143.02345671114904,-0.10967424,-0.031602964,-0.93173456,-0.6919563,142.9827,142.9827
2397,116.6822180866389,149.31284837755203,-0.025169397,-0.07522349,-0.7489992,-0.76389575,152.31752,152.31752
2398,127.20896733522281,160.3114957756072,-0.09363079,-0.015000978,-0.8788487,-0.6843638,154.08134,154.08134
2399,137.42989359798975,167.73413007303907,-0.13155898,-0.026022071,-0.94949555,-0.7115181,157.19876,157.19876
2400,141.41540395723476,163.39382046861417,-0.14808963,-0.030822672,-1.0143315,-0.76826406,145.82118,145.82118
2401,137.8162935025122,147.60233624935768,-0.1637833,-0.017905701,-1.0292363,-0.72719795,134.02496,134.02496
2402,130.86852552066162,130.53705005421986,-0.19142713,-0.011284617,-1.0697613,-0.6738644,125.895706,125.895706
2403,126.02920192111304,123.5967030720525,-0.16569145,-0.01169153,-1.0384507,-0.6505921,130.63155,130.63155
2404,125.438220105623,129.48528396382116,-0.18491192,-0.0065043736,-1.0150363,-0.5866316,135.6603,135.6603
2405,127.81499414715915,142.21784351138672,-0.24621376,-0.010020974,-1.1786929,-0.695979,110.90326,110.90326
2406,130.55390719701404,154.0558693807602,-0.16556254,-0.010864762,-1.087914,-0.69896734,111.98357,111.98357
2407,132.06973129682072,160.31622948112073,-0.1811724,-0.06728769,-1.0871166,-0.6844321,117.25656,117.25656
2408,132.47641919869255,160.04861383888917,-0.23768301,-0.04110776,-1.1277783,-0.6567922,117.20101,117.20101
2409,132.3861013305493,155.22642833442683,-0.28620008,-0.017967377,-1.1545781,-0.6977148,106.79145,106.79145
2410,132.40858139219824,149.75125251293855,-0.25649706,-0.0068737753,-1.1737338,-0.71628714,106.082466,106.082466
2411,132.91992054222595,146.92238478980747,-0.28354692,0.013919595,-1.1731772,-0.7070292,109.82702,109.82702
2412,133.42253730233796,146.63944399906072,-0.24949332,0.001679182,-1.0770334,-0.7509726,115.13276,115.13276
2413,133.3917639126166,146.19102542251278,-0.38487807,0.08932483,-1.2401092,-0.6171163,107.172676,107.172676
2414,133.58941741966052,143.93062862580686,-0.3687563,0.06467467,-1.2180824,-0.6211443,117.550964,117.550964
2415,135.11185879344436,141.11725112358175,-0.3054867,-0.0069388943,-1.2448407,-0.7388157,118.338234,118.338234
2416,137.67408320568876,140.49205680377096,-0.3352922,0.025722913,-1.2227751,-0.6902962,130.86548,130.86548
2417,140.2950173003724,144.74443666290372,-0.23869084,0.043983154,-1.0456276,-0.564098,162.70087,162.70087
2418,142.58470961395312,154.36386258344828,0.0056329207,0.05114139,-0.7187625,-0.5304039,181.21185,181.21185
2419,144.44854860469192,164.28942027197672,-0.026658392,0.05878324,-0.76752394,-0.49613318,206.95052,206.95052
2420,146.30827749926854,166.92794652526914,-0.053478792,0.054285616,-0.75269145,-0.4946173,189.91629,189.91629
2421,148.77475009754042,160.66924593811137,-0.016194321,0.060963914,-0.7298781,-0.50338537,171.52371,171.52371
2422,150.9863724570774,150.38437268979683,-0.15877211,0.06510087,-0.9112198,-0.546008,128.82372,128.82372
2423,151.5191214001096,140.79452669817792,-0.3031714,0.08186929,-1.1945179,-0.5374021,100.003624,100.003624
2424,150.02125015134888,136.03095302619138,-0.21152745,-0.018856721,-0.9385398,-0.75226456,102.8974,102.8974
2425,146.45981224752725,139.62049635809035,-0.2240288,-0.040396467,-1.0361464,-0.7914259,109.45739,109.45739
2426,141.5617931660832,148.0025271466733,-0.19483237,-0.113748625,-1.1654465,-0.90868646,109.62449,109.62449
2427,137.69561395133397,152.53019655925203,-0.29768524,-0.08662614,-1.3651314,-0.86361986,108.00949,108.00949
2428,136.8093892371976,150.14785444943465,-0.29492274,0.097425476,-1.3574958,-0.5591973,117.97316,117.97316
2429,139.2270906740654,146.2204415108394,-0.3083814,0.08759592,-1.2590345,-0.5987245,120.790794,120.790794
2430,144.15692381188026,148.16333483062613,-0.27030808,0.064112835,-1.2084857,-0.5289825,139.49786,139.49786
2431,149.0890338680166,158.07980577714306,-0.14627467,0.059728134,-1.0511532,-0.45064324,174.31789,174.31789
2432,150.99786163504794,170.6902866890162,-0.14942798,0.09486015,-1.0577025,-0.31214687,170.78557,170.78557
2433,149.31052933353726,178.17563878648357,-0.21173169,0.1474497,-1.1691653,-0.252427,124.26651,124.26651
2435,146.8809241075837,177.0304727353637,-0.35156286,-0.079789534,-0.3717582,-1.0759327,119.12749,119.12749
2436,148.57680373155,170.37925486029073,-0.40305734,-0.09574772,-0.6781035,-1.1526163,87.6422,87.6422
2437,156.6546652192476,164.0579583216725,-0.3940094,-0.08056285,-0.67377615,-1.0452597,90.54566,90.54566
2438,167.00730337767865,160.94794026974793,-0.44403988,-0.07689193,-0.76653445,-1.0005625,86.145996,86.145996
2439,173.18941981044293,159.40436340198016,-0.459712,-0.11111106,-1.0348003,-0.9574063,79.07743,79.07743
2440,172.97448915570104,156.76928993223044,-0.5444664,-0.121267244,-1.0893148,-0.9212892,74.45482,74.45482
2441,169.0134798350677,153.2511411568193,-0.62770087,-0.12425985,-1.109571,-0.88852584,66.55448,66.55448
2442,165.411594864366,151.4647661522205,-0.89861774,-0.15001614,-1.5696446,-0.8147762,52.69534,52.69534
2443,164.68117086338367,152.90692600708587,-1.1860896,-0.2074969,-2.1783648,-0.7840468,38.595387,38.595387
2444,166.35649073885443,156.52362641028398,-1.120849,-0.29714793,-2.2422366,-1.015537,35.352882,35.352882
2445,167.8747545967903,160.3475088909767,-0.79577434,-0.10176087,-1.7408082,-1.0079957,46.51132,46.51132
2446,167.35510589237438,162.9112140383983,-0.6539022,-0.12754472,-1.3865352,-1.1759648,51.552555,51.552555
2447,165.744471038125,163.6814077538403,-0.63112015,-0.13621573,-1.313328,-1.0960177,50.647503,50.647503
2448,165.3855394372218,163.4792951620673,-0.70472896,-0.14739206,-1.3771913,-1.2022698,36.32036,36.32036
2449,166.76204933196001,163.78717030972808,-0.8104452,-0.08294992,-1.7154661,-1.0383717,32.439537,32.439537
2450,168.7355288048661,165.47664912010504,-0.98127055,0.05718418,-1.9089593,-0.52087927,30.048386,30.048386
2451,170.8928061324585,168.61665962043878,-0.6975624,0.009077123,-1.329141,-0.82411176,42.980217,42.980217
2452,173.29201239697562,171.9605054444884,-0.6591827,-0.042385913,-1.1028818,-0.8718999,46.496452,46.496452
2453,175.55323016355166,173.21376534409416,-0.5081392,-0.042234838,-1.0143697,-0.99453694,57.23974,57.23974
2454,177.21717760467882,172.11087224958197,-0.6286031,-0.06738466,-1.1125581,-1.0858638,51.68291,51.68291
2455,177.6965982939799,171.39894395288096,-0.60926646,-0.032698233,-1.2059511,-1.1039462,52.76,52.76
2456,176.45894591535,173.10930126031582,-0.6375376,-0.042727944,-1.1174824,-1.0134349,49.49185,49.49185
2457,174.16773238824499,176.13153889745988,-0.62003493,-0.077246815,-0.90632945,-1.0200452,47.8405,47.8405
2458,172.59556266993152,178.27997190121252,-0.50810254,-0.08470571,-0.6209055,-1.0226289,59.297745,59.297745
2459,172.51167818274942,178.48536107520565,-0.5734309,-0.10459458,-0.70519346,-1.062716,53.566376,53.566376
2460,172.9730176012551,176.57401481878915,-0.8539796,-0.12317551,-1.0713727,-1.062722,39.489223,39.489223
2461,173.489046976554,173.45715571239313,-1.0688177,-0.2406301,-1.2604961,-1.0287309,31.764622,31.764622
2462,174.78538240899687,171.53540884115674,-0.71559685,-0.21410553,-0.55926234,-0.94664544,45.82949,45.82949
2463,176.87731883806256,172.36511289473253,-0.35269797,-0.15148234,-0.052290138,-1.0077744,73.0815,73.0815
2464,178.51673485984003,174.3432595052572,-0.35053074,-0.14512454,0.04879985,-1.0287497,76.35359,76.35359
2465,178.7861295495986,174.7030820879068,-0.31376517,-0.14822812,0.100580744,-1.0332112,86.46654,86.46654
2466,177.8530506366546,173.11168440497846,-0.31024864,-0.111434504,0.10172164,-0.99294364,90.224915,90.224915
2467,176.26097766199337,171.55883679782755,-0.2889763,-0.14918274,0.044340834,-1.018895,83.48403,83.48403
2468,174.69291625077867,171.34049369411827,-0.38025105,-0.15294108,-0.052983146,-0.9913012,75.58844,75.58844
2469,174.07534474519468,171.36846568090246,-0.30949792,-0.13517584,-0.030847223,-0.98741937,80.30357,80.30357
2470,174.47498450977085,169.73316955416277,-0.38934216,-0.17036621,-0.25776857,-1.0600494,62.36207,62.36207
2471,174.46012044786514,167.2327156633557,-0.3161882,-0.18835306,-0.32544988,-1.0556513,59.551167,59.551167
2472,173.04807278679868,167.40579800101733,-0.46957934,-0.29227248,-0.5321504,-1.1563205,48.995087,48.995087
2473,171.17541993743325,171.50143892906993,-0.35427064,-0.14154992,-0.23991922,-1.0689125,47.603355,47.603355
2474,169.92560960039543,176.08525873725938,-0.3091302,-0.118576005,-0.041445557,-1.0595856,69.34528,69.34528
2475,169.71480134927643,177.1777609955775,-0.22547382,-0.10450291,0.07083568,-1.0510492,89.43738,89.43738
2476,171.0588255000586,174.99196243784272,-0.23236015,-0.116352625,0.007904435,-1.0914812,90.28908,90.28908
2477,172.9291323887021,173.21563182529732,-0.2374222,-0.108103596,-0.0018630505,-1.0633932,88.94576,88.94576
2478,173.24185427939847,173.7546214563661,-0.23809217,-0.10193789,-0.019624624,-1.0153242,94.27624,94.27624
2479,171.86314231330118,173.7944116158889,-0.29465896,-0.10217075,-0.10466227,-1.1000963,86.493416,86.493416
2481,168.9205303276091,169.8391227576538,-0.057604946,-0.1181327,0.8963321,-0.44194248,108.11831,108.11831
2482,163.88141533978865,162.30966407436446,-0.06697543,-0.05174177,0.85387766,-0.36945322,103.80694,103.80694
2483,159.14580815387797,152.53850693105014,-0.08900235,-0.053158764,0.88236815,-0.59722537,96.918526,96.918526
2484,158.36016569431004,140.6650813793449,-0.061845563,-0.04140357,0.7414626,-0.51328665,104.37218,104.37218
2485,160.87888954907538,131.74937089235573,-0.04275917,-0.04028727,0.9365788,-0.48553857,109.37153,109.37153
2486,163.05296550613275,133.66310894996911,-0.03614347,-0.030947475,0.9760891,-0.46888068,116.18532,116.18532
2487,163.28464713783538,143.99598288408464,-0.07234358,-0.0069177505,0.8724271,-0.38228452,125.07453,125.07453
2488,162.4104396064118,151.5217599365341,-0.050926942,0.005859653,0.92760223,-0.39436856,134.46758,134.46758
2489,161.2601292851781,151.48221789523149,-0.022704162,-0.006043961,0.9470374,-0.4555829,146.15106,146.15106
2490,159.6390589339763,149.29400080318587,0.024479728,-0.0038784777,0.9309521,-0.50644714,154.95323,154.95323
2491,156.60822062719794,151.34502072974985,0.019277316,0.032087084,0.91011435,-0.47112387,169.2315,169.2315
2492,152.24664635134857,157.24879316523806,-0.050309423,-0.015495838,0.8127516,-0.5697497,169.87889,169.87889
2493,149.1185781699481,160.62837882315765,-0.056147024,-0.024006315,0.7983872,-0.5612769,175.70578,175.70578
2494,149.5921170008852,157.02936591589176,-0.108362265,-0.06320705,0.7333904,-0.6312675,174.0119,174.0119
2495,152.06778465585654,149.0231362177253,-0.113462426,-0.08465438,0.73118657,-0.66534084,171.71729,171.71729
2496,152.36406573740433,142.17554065446,-0.11084769,-0.11569966,0.75591135,-0.64595777,181.13806,181.13806
2497,148.74713414142522,138.94021717639436,-0.027957182,-0.04801476,0.8610605,-0.5723924,198.1965,198.1965
2498,143.47126484258968,138.24406893695448,-0.017754307,-0.048530765,0.80661666,-0.58155483,208.88899,208.88899
2499,138.1747260869344,138.68090197887156,-0.026334476,-0.040766366,0.7719284,-0.5688285,216.14316,216.14316
2500,131.16911977749297,140.23804877148555,0.07113751,0.023780841,1.0076829,-0.4030594,229.08548,229.08548
2501,122.00171025372086,143.79635983764803,-0.021450428,-0.018646691,0.84934926,-0.41810954,248.16911,248.16911
2502,114.11797251866116,149.25692549685274,-0.037290785,-0.01997389,0.8428945,-0.44900167,257.0968,257.0968
2503,110.69928658972512,154.22382798932935,0.061383598,0.013352801,0.92808205,-0.39127398,277.462,277.462
2504,111.31734003515346,155.65682602429231,-0.017683202,0.0021797824,0.81710845,-0.44622093,279.08173,279.08173
2505,113.18120709066424,152.09922563090464,-0.041829076,-0.0146113355,0.7907168,-0.48241174,288.5496,288.5496
2506,114.10782413648349,144.05857233119804,-0.034533188,-0.017075758,0.84542984,-0.48600155,300.08304,300.08304
2507,114.4529793203118,133.8958493653862,-0.0018343087,-0.028410062,0.9089652,-0.47778073,295.72446,295.72446
2508,115.91258058238635,124.73548987296854,-0.013034587,-0.04605908,0.9246324,-0.44278756,311.01056,311.01056
2509,118.1345613849113,118.91743623517942,-0.016279763,-0.05842518,0.95875305,-0.4008002,311.57816,311.57816
2510,118.5839056642664,118.57037662986983,-0.001644575,-0.049444012,0.9728145,-0.35883623,302.13715,302.13715
2511,117.17947103099532,125.14537341328113,0.005544931,-0.04640171,0.97494364,-0.35365716,303.83667,303.83667
2512,116.54584738145827,136.22617037745349,-0.078537054,-0.038542785,0.9347319,-0.31067884,284.4272,284.4272
2513,117.02764847517076,143.5626762375685,-0.025501298,-0.0017041559,0.95637524,-0.22354464,299.4711,299.4711
2514,118.4216809439384,135.74670233197338,-0.027850503,0.0018307029,0.94021493,-0.2921175,314.67712,314.67712
2515,121.73935791309185,111.70490485752634,-0.05819767,-0.00641218,0.88250446,-0.33300707,307.3327,307.3327
2516,125.70984060306311,91.10912513528159,-0.011345973,-0.055948325,0.91761386,-0.39795175,310.9379,310.9379
2517,130.12859308158554,95.09916886771518,-0.029481413,-0.059650827,0.9074296,-0.3877433,314.31186,314.31186
2518,137.60208115246272,120.18503656106418,-0.038130604,-0.03759064,0.9447065,-0.37529582,304.29218,304.29218
2519,146.32997232697312,144.8565531798065,0.004135571,-0.030453464,0.9858597,-0.37181133,297.3116,297.3116
2520,149.27253650333944,154.17247407786547,0.011153362,-0.035325393,0.993773,-0.40340805,285.45993,285.45993
2521,144.54580505878337,150.64807577201458,0.0135547845,-0.087695554,1.0226868,-0.41085654,237.42175,237.42175
2524,141.77696723085734,147.6917971595596,-0.0015265265,-0.100549705,1.0037975,-0.3181779,208.11168,208.11168
2525,151.13320048039378,154.99213316364657,-0.014513997,-0.12305916,0.98479575,-0.33431274,162.03714,162.03714
2526,169.0928756846513,168.92090091240783,-0.03482517,-0.048260305,0.93440884,-0.1703469,157.7267,157.7267
2527,182.77236012028797,178.3174723971369,-0.011760519,-0.09790127,0.962021,-0.23780183,165.727,165.727
2528,184.8363129502979,177.69021147984827,-0.024250792,-0.05103939,0.94257593,-0.12784639,165.68301,165.68301
2529,178.82215914961114,171.2429909694391,-0.017768173,-0.07596622,0.97137743,-0.16459437,152.22229,152.22229
2541,172.57440917565754,165.7703000884559,0.021173919,-0.08126835,0.9923521,-0.3719372,248.74791,248.74791
2542,170.38602897043714,164.30529379015942,0.017709676,-0.07518075,0.9768305,-0.33214128,242.17374,242.17374
2543,171.70036984519484,166.62194130949587,-0.0039412277,-0.07256305,0.9356364,-0.25264427,246.60434,246.60434
2544,174.48496814666248,171.17861550125852,-0.001145565,-0.110790305,0.95065004,-0.27044904,241.03656,241.03656
2545,177.17503937408014,175.61410809188678,0.00027097698,-0.115157716,0.96886045,-0.28928956,248.21571,248.21571
2546,178.55851451183057,178.16598396864265,7.680471e-05,-0.1182036,0.96775323,-0.28381744,236.8146,236.8146
2602,176.7565910455075,177.4695773743476,0.052004427,-0.004553213,0.16588168,0.9954761,157.67795,157.67795
2603,168.8306891158745,170.9794193876266,-0.011471603,-0.0050928453,0.027685424,0.9989139,146.57031,146.57031
2604,156.51467638352892,160.14212007455552,-0.03217661,-0.02360575,-0.07901973,0.9702838,115.64896,115.64896
2648,149.0583920342787,153.35056337982226,-0.009854225,0.05315292,-0.93533874,-0.33679688,193.90947,193.90947
2649,151.77672099459076,154.61195585454445,-0.002156329,0.060137894,-0.91384435,-0.3029586,162.58461,162.58461
2650,159.65063006962797,158.6388847180465,-0.03432657,0.026127594,-0.96318495,-0.29062274,149.61064,149.61064
2651,166.98792213689626,161.91550205210305,-0.022795094,0.05279296,-0.9749838,-0.22653727,139.34808,139.34808
2652,172.93156824148582,166.12853676948794,-0.01471878,-0.017201457,-0.98553103,-0.2903374,131.85847,131.85847
2654,177.12242995136114,170.79736049108033,-0.0289007,0.0932173,-0.9643914,-0.24531333,200.41222,200.41222
2655,177.74296602562106,172.14810913709735,-0.012070647,0.08897392,-0.94720256,-0.1912067,183.32825,183.32825
2656,172.6007980001972,168.3379007567404,0.018251497,8.5089334e-05,-0.9429766,-0.28482398,184.34784,184.34784
2657,158.1679409264685,160.3215596438692,-0.011084471,-0.0075954846,-0.96963,-0.26885012,180.63084,180.63084
2658,132.6940746252327,149.08596029977744,0.018054985,-0.010945526,-0.96450025,-0.22037442,156.03784,156.03784
2660,104.85205280282773,137.03374988137224,-0.0095260525,-0.042058345,0.82394105,-0.50972444,166.56752,166.56752
2662,90.84073231686845,129.26778089408705,-0.023483776,-0.034114514,0.9535861,-0.36640167,189.48006,189.48006
2663,97.33910420264542,128.71980806330862,0.0070740683,-0.04265293,0.94469243,-0.41348404,183.81982,183.81982
2664,116.48145384957532,134.60036036027992,0.0057348846,-0.012772864,0.90816224,-0.3729113,172.76436,172.76436
2667,137.7393842375785,145.14756309714795,0.03974741,-0.13799447,1.0449597,0.10153852,17.579271,17.579271
2668,152.66158108381936,154.91643436711823,0.032112602,-0.13203067,1.0303597,0.12581299,19.48557,19.48557
2669,155.2833891185981,156.68247418528614,0.04581581,-0.1369791,1.0323757,0.16785005,21.243029,21.243029
2670,149.51768015068487,150.17564322868083,0.05300249,-0.15750898,1.0354149,0.16946849,21.485668,21.485668
2671,145.56374038632217,137.13208167158055,0.07757309,-0.09761307,1.0383714,0.2889435,23.642017,23.642017
2673,144.89006320921186,114.36845620518068,-0.04136092,-0.04152658,0.9529247,0.077440396,57.291496,57.291496
2674,141.31960164900448,89.74739103506965,-0.1658935,-0.29108027,0.76115733,-0.6038674,27.067707,27.067707
2675,135.31048747851548,86.32091406326636,-0.15288416,-0.101958714,0.78552943,-0.1488367,28.018398,28.018398
2676,133.93910618258272,110.98452365526484,-0.15642114,-0.10397284,0.87641674,-0.24320176,28.7084,28.7084
2677,139.7843175471834,142.59526083700584,-0.18854126,-0.071798384,0.72083646,-0.1721338,30.297241,30.297241
2678,148.7770574509632,159.5263245790581,-0.19209787,0.04173758,0.7211526,0.04481539,31.15401,31.15401
2679,155.7207255257725,159.19273434416792,-0.11966653,0.15524136,0.84836286,0.25593957,31.837946,31.837946
2680,159.02467870341155,152.51821636752356,-0.13287403,0.21193527,0.87941086,0.25163135,33.657204,33.657204
2681,161.18985111782047,151.32871263970478,-0.2047795,-0.11036517,0.746058,-0.40938842,33.271065,33.271065
2682,164.18510999970982,159.31387824854338,-0.2073463,-0.10759815,0.69100374,-0.4647229,33.50326,33.50326
2683,166.96643679215504,170.5857516681531,-0.107005455,0.12447412,0.9406391,-0.04020926,35.44992,35.44992
2684,168.36724745946603,176.82410787883592,-0.21488255,0.17163384,0.7894452,0.048433974,22.870869,22.870869
2685,169.120785067356,175.60972086310818,-0.049551472,0.2033086,1.0636171,0.3681023,28.45595,28.45595
2686,170.6298594474652,171.0029623905434,-0.1575858,0.25340122,0.9270757,0.53098506,22.879402,22.879402
2687,172.77442110542364,168.11986050945663,-0.08290963,0.21835499,0.86680275,0.5352106,25.678904,25.678904
2688,173.83500807837123,169.26674187445252,-0.11765134,0.22589241,0.7665801,0.58420074,28.064957,28.064957
2689,173.11731808532215,173.38640685751298,-0.21881835,0.29927546,0.6287148,0.5619821,21.355492,21.355492
2690,172.05451583107273,177.5832243467476,-0.1243037,0.35897923,0.73844045,0.44901508,21.100939,21.100939
2691,172.01692821095378,179.50721119049535,-0.31739002,0.35985655,0.6730646,0.5383276,11.653966,11.653966
2697,173.05582878127044,178.41280507790106,-0.28712413,0.1280536,0.68787485,-0.1419619,17.946358,17.946358
2698,174.91947723080733,175.44307702010963,-0.3238137,0.22848915,0.8117259,-0.118271284,12.448157,12.448157
2699,176.83092553026742,172.68603382314234,-0.3853965,0.2853384,0.4643032,-0.06786414,11.930628,11.930628
2705,177.04902355957014,170.8398638625837,-0.08483699,0.0145121105,0.5483309,0.6384417,40.15916,40.15916
2706,175.36109087726004,169.86653254494084,-0.06701472,0.0064736255,0.63070714,0.6275042,35.09206,35.09206
2707,172.72687275723504,169.4608058848436,-0.21876797,0.13053799,0.2269715,0.884192,23.272642,23.272642
2708,162.9542088862817,163.04752555188668,-0.008106017,0.23131768,0.6826733,1.2197133,12.9810505,12.9810505
2709,132.88786722059817,139.5614574425216,0.2427971,0.11297025,1.1279805,0.8997936,10.24337,10.24337
2711,85.98695831059284,104.73098163712147,-0.21594839,0.08862093,0.26176214,0.76073456,15.286178,15.286178
2712,55.058766932362516,86.30873011488725,-0.024492232,-0.14738287,0.6236194,0.6189831,14.922221,14.922221
2714,68.90877081441401,100.57740471106028,-0.023203427,0.043556545,0.9358576,0.4481644,112.64584,112.64584
2715,117.45639275738196,132.00290716323892,-0.0074598305,0.036105208,0.9182268,0.44731495,111.90305,111.90305
2716,165.9287890521328,156.89391301787697,-0.023009574,0.054252796,0.8903235,0.47742897,120.85238,120.85238
2723,188.51862855068367,166.81273223258466,0.00064531126,0.022236539,0.95415837,0.36680517,67.437325,67.437325
2724,182.1250400574971,164.38007642761005,-0.12401308,0.032036696,0.73438823,0.38803187,28.4822,28.4822
2725,162.82948486575611,155.27426096420248,-0.24530874,0.06126356,0.5525117,0.3013578,21.823832,21.823832
2726,151.72033163771212,147.53929171095604,-0.24696563,-0.0058100526,0.6419586,-0.082501486,24.240507,24.240507
2727,156.5455514720105,145.95236643935925,-0.29949522,0.017772188,0.59369606,0.015367148,24.07106,24.07106
2728,167.9169918570361,147.1940414938046,-0.17252345,0.032437634,0.74722415,0.14942051,29.371077,29.371077
2729,173.16520322658513,146.00721012604504,-0.21751013,0.00034097824,0.6770355,0.0845728,26.939522,26.939522
2730,168.6349978344557,142.1824371535721,-0.25759938,-0.10489666,0.63044435,-0.27211192,28.211767,28.211767
2731,159.21995008911387,139.2896082911887,-0.26852491,-0.08765008,0.6503865,-0.10584915,27.185514,27.185514
2732,150.9771690747257,139.99303112573065,-0.27398467,0.010937239,0.7064754,0.058488328,25.628403,25.628403
2733,146.15201004840446,143.79338809009857,-0.12528923,0.0003848013,0.76853144,-0.09012879,29.343725,29.343725
2734,143.3906248107874,147.3774149194918,-0.23350477,-0.1284475,0.7632228,-0.45285085,29.011625,29.011625
2735,140.21132121596742,146.9684585032754,-0.10838951,-0.07107296,0.8443332,-0.29295042,34.896454,34.896454
2736,135.43581014450075,142.3738067429071,-0.2079422,-0.053428344,0.7043202,-0.27294725,32.85925,32.85925
2737,129.73922019739985,137.95559321586893,-0.22740507,-0.052364826,0.72026855,-0.2737754,28.290264,28.290264
2738,123.87102427144848,137.1797144194426,-0.15982111,0.023968248,0.7650321,-0.28289834,32.2718,32.2718
2739,118.12655471216868,137.85289371154283,-0.07289991,0.023191644,0.83965176,-0.3256376,35.932922,35.932922
2740,113.2675848664356,135.09950536246248,-0.06639395,0.052645113,0.8333884,-0.23782407,31.592249,31.592249
2741,109.81165572669828,126.90823644715081,-0.08361291,-0.042100184,0.8862497,-0.36536777,32.623947,32.623947
2742,107.47402959365745,115.29057769587774,-0.14260466,-0.052039888,0.7765561,-0.4510949,29.458557,29.458557
2743,107.05177545469391,105.11764193205656,-0.1569302,-0.02936544,0.72567016,-0.40822423,28.333689,28.333689
2744,111.34949740615036,102.4761029989677,-0.11561988,0.030849988,0.8046296,-0.2838428,28.226545,28.226545
2745,121.58949490568527,109.91663203085815,-0.15243891,-0.024497056,0.7325972,-0.41754746,27.58373,27.58373
2746,133.7478220499928,122.34828176302902,-0.15454037,0.0013499382,0.73152876,-0.39850727,26.585419,26.585419
2747,141.5382847286193,131.03344663391437,-0.12959218,0.07266844,0.7727521,-0.29206425,24.383509,24.383509
2748,142.98117987831634,132.5603291426607,-0.1906302,-0.07922912,0.6184949,-0.6832288,23.788414,23.788414
2749,141.87765527163958,131.45390200147784,-0.0873146,0.10086726,0.8584734,-0.24470365,25.233433,25.233433
2750,142.77304237654693,132.99201082043493,-0.2071852,0.012564762,0.6492312,-0.41188374,24.140068,24.140068
2751,146.08536488580611,136.32299038484024,-0.13234067,0.08255959,0.8385298,-0.15165794,25.57708,25.57708
2752,148.64559098012748,137.05340495657956,-0.10875149,0.0878918,0.81543905,-0.23192316,26.316315,26.316315
2753,148.47352089062912,134.45722285516075,-0.14651003,0.01510165,0.74685276,-0.3340418,25.015617,25.015617
2754,147.88243997308254,133.01571198960303,-0.13384534,0.03732926,0.76280946,-0.35179543,24.979456,24.979456
2755,149.83883827173642,136.64242784106386,-0.11435477,0.04670163,0.7713588,-0.3589973,25.114372,25.114372
2756,152.73586687578117,143.4377863766315,-0.11141767,0.004153392,0.7919269,-0.49933562,26.980492,26.980492
2757,152.43727103423856,147.82572782442233,-0.11974159,-0.05173271,0.774074,-0.6537242,27.194792,27.194792
2758,147.94320887308612,146.86592474782069,-0.1201136,-0.032354143,0.72912705,-0.6178361,30.179764,30.179764
2759,142.17068139831068,142.50462338621622,-0.11267506,-0.035652667,0.7761873,-0.6298223,33.335712,33.335712
2760,138.13599605423573,138.20563794035775,-0.053115323,0.0015361588,0.87172246,-0.51895005,36.514004,36.514004
2761,136.63815636520144,135.5418008449089,-0.05483364,-0.006714777,0.87953144,-0.48041022,35.676983,35.676983
2762,137.47363535231378,133.72648988828564,-0.00421123,0.05597969,0.9328374,-0.336825,40.320713,40.320713
2763,138.88632457619562,130.059357640985,-0.04072363,-0.017403523,0.8946969,-0.53582776,43.71898,43.71898
2764,136.57944688418513,121.68262285141743,-0.0192767,0.0014463519,0.90017426,-0.4470559,45.82853,45.82853
2765,128.93395646958993,109.33851697535755,-0.024225127,-0.01241989,0.92559826,-0.43389344,48.35924,48.35924
2766,120.82072861769697,97.53119573779134,-0.015624455,-0.04825962,0.89940983,-0.4829429,48.497784,48.497784
2767,117.41113828368307,89.8558818249353,-0.04435357,-0.06488175,0.8825477,-0.49072123,50.109474,50.109474
2768,117.11393582624498,86.73727572036564,-0.033244327,-0.043534897,0.92202365,-0.44886085,52.787437,52.787437
2769,114.38795066608853,86.49440085952388,-0.0689944,-0.031922456,0.767828,-0.40544116,52.61392,52.61392
2770,107.35149245696941,86.8152076256161,-0.07712659,-0.088176906,0.8551911,-0.5237627,56.13694,56.13694
2771,99.50510467968054,87.75701760531709,-0.07694241,-0.063269906,0.8821931,-0.51674527,56.4974,56.4974
2772,95.96755259334853,92.15773716780355,-0.040672466,-0.021951288,0.92365426,-0.46117836,59.880455,59.880455
2773,99.550354016806,100.71847200141471,-0.027311185,0.05473481,0.9447909,-0.2817618,60.79562,60.79562
2774,108.79648413875364,110.41574459245307,-0.009174665,0.06810078,0.92477363,-0.25095263,64.41689,64.41689
2775,119.03913454736194,119.26549446463375,0.011852857,0.072483964,0.95279,-0.269334,63.811424,63.811424
2776,125.25765931508226,128.37968205899705,0.03410997,0.029944384,1.0103017,-0.35864687,65.59809,65.59809
2777,125.30193149317056,137.99901897004216,0.042454932,0.022840347,0.9951214,-0.327532,68.77841,68.77841
2778,122.54227299238171,144.2430399719445,-0.022295278,0.016813569,0.9491244,-0.37888044,69.24441,69.24441
2779,124.32251330907921,141.93321902177928,-0.00575815,0.022137623,0.9883053,-0.32529876,66.492455,66.492455
2780,134.90131398258112,131.49909202543222,-0.05473624,0.035346214,0.98359036,-0.32251614,63.34867,63.34867
2781,150.04296199822133,120.85982409829177,-0.0044207056,0.022481438,0.97983396,-0.33661756,65.73348,65.73348
2782,160.73786889034682,117.33504827477054,0.009124547,0.0076467367,0.9888647,-0.3322397,67.03163,67.03163
2783,161.81705374352978,120.19538073326244,0.026472855,0.036797192,0.991526,-0.35564846,65.18322,65.18322
2784,155.0474489625033,124.13498521846147,0.0009872332,0.072049096,0.96811175,-0.40436956,62.875473,62.875473
2785,145.2060611781321,126.46319698161236,0.0015878263,0.05724674,0.90490645,-0.49669504,63.194443,63.194443
2786,136.03865567965454,127.9492101875496,-0.0017619198,0.033117138,0.8958368,-0.5511187,63.18569,63.18569
2787,129.0629425376779,129.17111151558535,0.013637244,0.030154042,0.8786504,-0.58964294,60.63126,60.63126
2788,125.52764196590341,126.50158888143588,0.050051883,0.15895121,1.0665542,-0.24370933,54.362537,54.362537
2792,128.76054779198213,114.49451639005426,0.0257902,0.030626025,0.78295076,-0.5861588,139.2651,139.2651
2795,139.72925573206942,99.9918644696868,-0.016577432,0.12476912,0.98315215,0.12933168,224.64638,224.64638
2796,153.6533937802898,103.07399299280213,0.00090477493,0.118584655,1.0025443,0.15049946,268.35165,268.35165
2797,165.97176112207185,130.91014166199645,0.00033465438,0.1326636,0.96439916,0.158538,287.2527,287.2527
2798,175.18297849601288,165.87858135539764,-0.01692205,-0.061091695,0.96849084,-0.1698073,245.67642,245.67642
2799,180.08813362949968,186.6507218122762,-0.0070831757,0.022483446,0.97005874,0.007942568,251.1315,251.1315
2800,180.49000927130143,187.72860718656383,-0.008232206,0.058663476,0.9724362,0.058747113,226.96324,226.96324
2801,178.47399303654197,178.55137580585756,-0.009004192,0.056160145,0.96266264,0.07102439,245.85715,245.85715
2802,176.48504140701232,171.3171748884876,-0.010192362,0.05103966,0.9838546,0.03503721,244.59906,244.59906
2803,175.34797628774862,170.31845418258413,-0.017422972,0.0710522,0.9778927,0.06788377,249.42375,249.42375
2804,174.72895032672923,172.31091704331473,-0.013441117,0.074978456,0.99004215,0.11512517,244.6471,244.6471
2805,174.50416230105657,173.95673932893362,0.013391696,-0.0082806805,1.0229288,0.012384835,239.50644,239.50644
2806,173.33587412240593,173.84778772973962,0.026763795,-0.015631195,1.065672,-0.0032438592,226.1447,226.1447
2807,166.09831761871988,168.52248914920992,-0.010014024,0.050497074,1.0030155,0.12544732,206.4244,206.4244
2808,150.28469918412534,155.01153705844138,0.027017508,0.01576408,1.0545356,0.10769346,178.9385,178.9385
2809,134.92933763592137,139.4623083298457,0.043932043,0.0057087573,1.0743512,0.08484275,158.6618,158.6618
2810,131.22374771480403,133.5135691866068,0.010210853,-0.008839138,1.0231602,0.055769786,151.37367,151.37367
2811,138.24150046425584,140.48108730709362,-0.0056640473,-0.04847216,1.0585686,-0.006194056,126.444305,126.444305
2812,147.00849052168888,150.8686385409749,-0.05192466,-0.120974,1.0299989,-0.23772591,144.8726,144.8726
2813,151.56673719609705,152.22459651353867,-0.013659012,-0.14319035,1.0089527,-0.31849223,164.78897,164.78897
2814,152.72799565053774,144.3684816098778,-0.0050021205,-0.13199796,0.9928575,-0.28530905,164.60304,164.60304
2817,155.23307046815367,140.58091312316535,0.0015380352,0.019520648,0.9961601,0.09921975,329.77277,329.77277
2818,162.33769163595778,150.43383163852678,0.0054441183,0.009392219,0.9990704,0.05403306,328.48846,328.48846
2819,172.26835841574916,168.66289991010532,0.020924998,-0.026182365,1.0246005,-0.05260124,316.6478,316.6478
2820,179.8569150624436,182.97476926128317,0.016323552,-0.031907532,1.0199404,-0.05710109,326.19034,326.19034
2821,181.8849072560101,186.90665221259778,0.020076007,-0.10963485,1.0280473,-0.20458609,334.5197,334.5197
2822,179.6766238653518,183.19335620002076,0.015409916,-0.095846355,1.0259305,-0.18141533,355.62976,355.62976
2823,176.71669086738618,177.93874404724866,0.0067224056,-0.13176176,1.0176295,-0.23022376,357.2003,357.2003
2824,175.4881690077106,174.73471075850483,0.008080868,-0.121468574,1.0026318,-0.2360894,355.0384,355.0384
2825,176.37843356572947,173.9698184520204,0.006596295,-0.08410624,0.9949424,-0.1747051,360.0506,360.0506
2826,178.02509348007808,174.82646663676596,-0.0010429255,-0.091133416,0.96567297,-0.15743884,367.7587,367.7587
2827,178.5242532830064,176.40366940147462,-0.00035999782,-0.11185182,0.9846837,-0.19708367,348.58066,348.58066
2828,177.34009784070588,177.81866970556223,0.021114323,-0.046841156,1.0124303,-0.084777586,344.91245,344.91245
2829,175.99251733484698,178.49296333170193,0.0122040035,-0.082251325,1.0125974,-0.12269312,324.11038,324.11038
2830,176.1806744738179,178.57471952513035,-0.005236532,-0.046901688,0.99539924,-0.09674358,308.2685,308.2685
2831,177.73838221804633,178.58848490479738,0.0108851865,-0.102457665,0.9952783,-0.19229776,309.21332,309.21332
2832,179.07575260323327,178.7171408665613,-0.009147712,-0.11157206,0.9765007,-0.16731136,288.6384,288.6384
2833,179.11743692927104,178.5965890379567,-0.017444193,-0.12734003,0.97452813,-0.18008699,286.56534,286.56534
2834,178.22394091965853,177.75941182125382,0.00552074,-0.090471834,0.97755164,-0.13744105,272.2776,272.2776
2835,177.5126536218401,176.55268189297433,-0.009983971,-0.11118228,0.96674895,-0.1569652,258.65436,258.65436
2836,177.74765247044368,176.0261923057774,-0.0017550358,-0.12037408,0.98524696,-0.15291083,264.72372,264.72372
2837,178.62650024179783,176.56925141230187,0.0072485837,-0.02223905,0.9930847,0.05600698,258.83963,258.83963
2838,179.1164568555953,177.6336449945473,0.014029674,-0.064731,1.0097195,-0.03957305,241.81447,241.81447
2839,178.83752647704893,178.51703908725554,0.01146161,-0.07502459,1.0167505,-0.05433305,233.89262,233.89262
2840,178.5026197605712,178.725613937579,0.011221222,-0.09252472,1.0342705,-0.102003604,231.51672,231.51672
2841,178.65529654831772,178.2568587106715,0.01281123,-0.10007815,1.0466455,-0.110380925,227.70932,227.70932
2842,178.97626516560427,177.70303221819967,0.020849641,-0.09771002,1.0579405,-0.050322376,214.6718,214.6718
2843,179.00860694170714,177.50341606280725,0.040006112,-0.09053072,1.103091,-0.06039817,222.01807,222.01807
2844,178.70262476383408,177.3475634552266,0.02546312,-0.04585174,1.0526528,0.03525991,230.30878,230.30878
2845,178.29777767978484,176.9712539968063,0.01677349,-0.08394954,1.0370847,-0.028168455,231.20853,231.20853
2846,177.9316981463336,176.90981722530626,0.021183431,-0.0643219,1.0476387,0.02132009,214.60266,214.60266
2847,176.79377717671596,177.2591899588178,0.013461039,-0.03963417,1.0454485,0.041216344,198.07236,198.07236
2848,172.93999179551554,175.3531730914488,-0.010086662,-0.04687304,1.0804939,-0.020603737,197.74915,197.74915
2849,165.07895286070584,165.53744549459347,-0.037621375,-0.03591486,1.0594143,-0.0102068605,201.72015,201.72015
2850,154.12568064513516,144.59939317075623,-0.048492473,-0.026776072,1.0809258,-0.002117006,191.0911,191.0911
2851,142.621744238923,118.85705411126938,-0.019210953,-0.027388422,1.0666214,-0.0020618995,191.03278,191.03278
2852,133.3555908985662,101.32724791236646,-0.024984434,-0.034624625,1.0509989,-0.008003665,194.40327,194.40327
2853,127.52238436201313,99.07692639235692,-0.0023054776,-0.03928739,1.0841702,-0.0571635,190.34789,190.34789
2854,123.34366708238518,106.75180369966144,0.0348997,-0.049327705,1.0835509,-0.05937303,175.79326,175.79326
2855,118.83389652430773,115.0935110668832,-0.010872327,-0.036300637,1.0538615,-0.04127304,178.85593,178.85593
2856,115.31985631997769,121.20143250762484,-0.019119922,-0.043782763,1.0569141,-0.05001088,165.2808,165.2808
2857,114.44988850183469,125.6009998083826,-0.020784045,-0.011979744,1.0329407,0.048489805,150.17365,150.17365
2858,115.42729888415778,126.5369691973183,0.032915145,-0.020799408,0.9670857,-0.022760108,100.09611,100.09611
2859,118.09285586075717,125.12043893611498,-0.032796137,-0.062449418,0.7896908,-0.16125518,85.33273,85.33273
2860,122.91018812689359,128.02356468579376,0.057496667,-0.09658509,0.9714236,-0.36717966,92.428505,92.428505
2861,127.6338626066645,138.11069919084932,0.09567973,0.010464096,1.0190257,-0.26568884,93.83544,93.83544
2862,129.1061794176779,149.7244962999177,0.04701274,0.015193266,0.9810716,-0.3139116,101.246765,101.246765
2863,127.73248810536636,156.57227810609544,0.051326,0.08661641,0.99360037,-0.3359479,110.780365,110.780365
2864,126.85429314620683,158.33496629049716,-0.034867417,-0.017160319,0.73034686,-0.5024139,108.16644,108.16644
2865,128.17078971316508,158.21388448476802,-0.03524757,-0.050886586,0.7325356,-0.5880879,112.028435,112.028435
2866,130.39874024112765,157.45720414818823,-0.008639276,0.006256252,0.7707453,-0.48960605,112.38757,112.38757
2867,131.81168677961634,153.6577936498563,0.002430814,0.022743342,0.82834405,-0.38572475,114.59719,114.59719
2868,131.6082654569407,144.16547406023528,0.0011021642,0.03283495,0.88888466,-0.29199898,113.856255,113.856255
2869,129.28895929502076,130.25362187226403,-0.100331955,-0.006885505,0.7704547,-0.40045208,111.619225,111.619225
2870,124.88070901067928,116.40595277489189,-0.118515685,-0.01976806,0.7654486,-0.45992923,107.359245,107.359245
2871,120.09105980033497,105.5560071448227,-0.10766124,-0.03973896,0.7569312,-0.49308652,111.40743,111.40743
2872,117.72942340094308,98.0624424995788,-0.09026551,-0.08428634,0.7829016,-0.5091551,105.49931,105.49931
2873,119.34644833616314,95.53604271931948,-0.06465178,-0.055795167,0.9082558,-0.39768943,110.53243,110.53243
2874,124.258705887117,100.48329098566307,-0.035564557,-0.06863875,0.95143205,-0.40774012,113.53555,113.53555
2875,130.4830816295708,111.69037110607151,-0.06541957,-0.05952577,0.9522736,-0.42151374,107.36922,107.36922
2876,136.08243029829123,124.17022583437053,-0.053022597,-0.04350968,0.9783485,-0.35394698,112.42489,112.42489
2877,139.7336594577648,134.13440215548073,-0.011527151,-0.058675166,0.9558693,-0.3263087,113.067375,113.067375
2878,140.22519470883168,141.55277410606755,-0.035069525,-0.04756816,0.96718836,-0.34016433,109.850845,109.850845
2879,138.71614035163,146.0272253102593,-0.058951735,-0.037692666,0.9865961,-0.3022039,110.27004,110.27004
2880,140.75024558359698,143.95201407360696,-0.017952338,-0.022992665,1.0223702,-0.27332166,109.63818,109.63818
2881,149.8215757635187,134.16259681864338,-0.023487026,-0.024846971,1.0218256,-0.3422639,102.50735,102.50735
2882,160.78215479293016,122.66398579480818,0.023618532,-0.022979904,1.0221628,-0.3303339,102.64467,102.64467
2883,164.21330208999305,118.64448078050484,0.027874518,-0.014735315,1.011038,-0.32057253,99.882614,99.882614
2884,155.4056616206289,125.58195982450802,0.0009913009,-0.031026494,0.97911274,-0.41423833,99.744644,99.744644
2885,138.0153404160838,135.81808110233862,-0.005139093,-0.018057743,0.96300215,-0.42619348,99.83504,99.83504
2886,121.26713823925279,138.30366527427108,-0.013161854,-0.0423777,0.9213095,-0.4607564,96.38116,96.38116
2887,113.70548881756974,131.6773365694016,-0.032876566,-0.05320734,0.8850088,-0.4659316,97.98576,97.98576
2888,116.7073722319393,123.93827318381477,0.00032189445,-0.034647945,0.9708698,-0.42814362,97.839966,97.839966
2889,123.84773636300918,122.3174022210634,-0.0077433656,-0.033857305,0.92330843,-0.45484442,88.84874,88.84874
2890,128.29368203503907,128.05720538883884,-0.002896553,-0.05152782,0.9284365,-0.4879447,87.53165,87.53165
2891,128.66002962765745,137.28080665204448,-0.012172062,-0.047467604,0.88044095,-0.4650758,92.35457,92.35457
2892,126.67374248262585,144.62452967094694,0.01030746,-0.056973353,0.8466831,-0.52156883,89.93505,89.93505
2893,123.33911509281847,148.068823969471,0.0045868154,-0.075400405,0.8598468,-0.5614911,90.67153,90.67153
2894,119.26764835383534,149.9240161029903,-0.013170069,-0.08983618,0.84708077,-0.59398144,86.97812,86.97812
2895,116.42227191976413,152.73978983360726,-0.034687687,-0.08689569,0.8333671,-0.59024465,83.354,83.354
2896,117.70189753542988,156.340167055567,-0.019823031,-0.06460923,0.8650899,-0.55848837,84.413925,84.413925
2897,123.27103014552422,158.16233452141907,0.02643729,-0.038124952,0.8849777,-0.5394944,82.803,82.803
2898,127.67981893769472,154.5073232311628,0.06759883,0.026793573,0.9387445,-0.5246055,82.98216,82.98216
2899,124.32920580258107,143.90434065984957,0.08325555,0.01843974,0.90854925,-0.5899121,75.543655,75.543655
2900,113.95813741567838,129.99760909618846,0.09122679,0.03420613,0.9441037,-0.5654693,74.083755,74.083755
2901,104.76727892227423,117.86812317840314,0.05429067,0.0063923756,0.91912615,-0.5970731,72.66118,72.66118
2902,102.59735339323817,109.50919148807378,0.059205484,0.024105275,0.92361516,-0.6207446,66.01495,66.01495
2903,105.89859839416101,105.54034960232558,0.07314957,0.050085615,0.9878,-0.5306535,63.692207,63.692207
2904,110.25057439510563,106.393210850317,-0.00799721,0.045101713,0.8623473,-0.5167776,66.93313,66.93313
2905,112.11682094052881,110.09818362685118,-0.05144337,0.02517639,0.77185214,-0.60268396,53.278873,53.278873
2907,112.16522064959334,114.9229718452156,-0.03670181,0.039743688,-0.043071866,-0.9018103,107.65855,107.65855
2908,117.68163291252843,124.25526994906835,0.22644012,-8.3418185e-05,0.41044372,-0.96058726,104.62979,104.62979
2909,132.60770032616261,139.6845215097903,0.1726552,0.0017353758,0.43145084,-0.9552083,97.52959,97.52959
2910,147.34158050786846,149.7779847102274,0.2793101,-0.018934768,0.6111956,-0.9877204,84.2447,84.2447
2911,149.60934443220094,140.85463195715738,0.2029896,-0.11231235,0.55163306,-1.0545257,73.60857,73.60857
2912,140.33287292486506,118.59332572271548,0.30286998,-0.022820273,0.7757065,-0.9588187,74.13998,74.13998
2913,130.77416502120167,104.04293623687676,0.27477193,0.024351608,0.6475854,-0.89280325,90.055374,90.055374
2914,129.62533297970037,110.42216191549761,0.24808532,0.0030744316,0.60990375,-0.9470318,81.951126,81.951126
2916,136.41187074710794,131.91046555473744,0.12772821,-0.023616735,0.25040054,-1.0167934,130.49942,130.49942
2917,144.23614209313118,152.39343879892814,0.20321308,-0.028063249,0.29631406,-1.083405,102.005646,102.005646
2920,148.77331402987068,161.08467713508298,-0.23531234,0.090314776,-0.5951426,-0.8991249,68.26034,68.26034
2921,153.03295869872827,159.17237686738812,0.044115636,0.017817913,-0.041104894,-1.051905,86.40124,86.40124
2922,160.35571150533113,155.09362372165378,0.20388304,-0.051866747,0.124352515,-1.0768316,88.72717,88.72717
2923,167.62276659035504,156.21168937426748,0.25143978,-0.110552795,0.104316935,-1.0986348,74.7492,74.7492
2924,169.83324512083902,162.77283146507452,0.11904012,-0.08659425,-0.20686428,-1.0146934,83.17262,83.17262
2925,167.0117811899428,168.30188563664672,0.14624053,-0.10449101,-0.18342046,-1.0287114,82.277794,82.277794
2926,162.9877672947646,167.08672937412948,0.25015748,-0.19870104,0.055035852,-1.1627417,46.48293,46.48293
2927,160.47110354857116,161.48629253950844,-0.5236786,0.20786631,-1.237232,-0.79742765,35.606968,35.606968
2928,160.25717850951014,159.5834172851099,-0.07557075,0.07265781,-0.57357335,-0.8382073,55.295353,55.295353
2929,162.69470552278534,165.1168657961696,0.20544326,0.00906955,-0.056939043,-0.9982813,72.70745,72.70745
2930,167.3031925427069,172.85051895412116,0.12136558,-0.066290535,-0.18225636,-0.999555,70.71928,70.71928
2931,172.12203738826713,175.09811693958,0.10644765,-0.06717229,-0.17611256,-1.05048,84.404106,84.404106
2932,174.820211137843,170.3961567807397,-0.19669375,0.10666636,-0.64642906,-0.94506305,66.787056,66.787056
2933,174.9851540341687,164.7308722000847,-0.11935312,0.06975841,-0.63079995,-0.83835346,74.409294,74.409294
2934,174.39461219582688,164.8320220597559,-0.07854576,0.026809262,-0.5628506,-0.9079009,83.57334,83.57334
2935,174.07784833703366,170.62579512751677,-0.070164286,0.03946518,-0.56239337,-0.88245136,78.73367,78.73367
2936,173.07647747992465,175.81012044469503,0.23125318,-0.10276871,0.14520024,-1.0762765,69.24789,69.24789
2937,170.9170337690339,175.68573588910078,0.4355641,-0.1507899,0.3505094,-1.1752515,56.571194,56.571194
2938,169.17058089338542,171.95567559954412,-0.0953451,0.034415323,-0.45451316,-1.0394691,52.279762,52.279762
2939,169.58853916073627,169.74229474823466,-0.10178718,0.04015641,-0.4316939,-1.0452849,51.279587,51.279587
2940,171.6636803002976,171.62262211785085,-0.36997634,0.09939964,-1.0191305,-0.72823447,56.9115,56.9115
2941,172.84535517916527,175.19369243909432,0.19911356,-0.018975284,-0.049448848,-1.0743561,61.67595,61.67595
2942,171.54922203253213,176.17076298781342,-0.0281018,-0.05803162,-0.33936748,-1.2334158,43.972904,43.972904
2943,169.6789213835317,173.0320083829883,0.0013994251,-0.13241547,-0.38062057,-1.2127838,47.62698,47.62698
2944,170.18207904240631,167.63783092336894,0.20005073,-0.18484494,-0.21580297,-1.2559823,46.186405,46.186405
2945,172.2426968332972,162.61494268894742,0.041637056,-0.21567853,-0.4187503,-1.064972,29.13594,29.13594
2946,172.57673722823992,159.9411394451948,-0.06791688,-0.19167121,-0.52477384,-1.151194,32.929226,32.929226
2947,170.93385837862306,160.54502286406708,-0.19481926,-0.14128904,-0.58087605,-1.1185915,24.709276,24.709276
2948,170.12048513520784,163.77294302518197,-0.1504348,-0.20583563,-0.5564132,-1.1944642,28.143517,28.143517
2951,171.717326394679,167.94526215575647,0.0076726894,0.08187609,0.9882884,0.13482025,263.32172,263.32172
2952,174.79032915607138,171.81212695308326,0.025218472,0.043000348,1.0285934,0.07512223,245.14288,245.14288
2953,177.4150325461667,175.00991295360626,0.011657104,-0.0010903566,1.0172555,0.04016015,242.91325,242.91325
2954,178.0488229402375,177.3905994598039,0.010917066,-0.0050732805,1.0205338,0.023245132,236.61394,236.61394
2955,176.29564883906494,178.8027482025594,0.011667268,0.00015314197,0.99758667,0.0351082,227.17508,227.17508
2956,172.7752460663804,179.2260812246653,-0.006508837,0.008109031,0.9626343,0.061846804,232.70647,232.70647
2957,168.57491244655114,178.7180234705467,0.00088417926,-0.016503815,0.98680216,0.038726274,235.39331,235.39331
2958,165.06091533640432,177.5526448076781,0.009967528,0.045947675,0.9542809,0.11306666,226.66376,226.66376
2959,163.34802184441307,176.33170442142116,-0.007427382,-0.0046468973,0.9679919,0.063405275,223.28827,223.28827
2960,163.53439840915024,175.74655402359517,0.023732213,0.0017694306,0.97279805,0.017633306,217.12396,217.12396
2961,165.0113503126983,176.0936621221193,0.010031363,0.017814608,0.94773704,0.018676123,216.43546,216.43546
2962,167.348705002703,176.93006845636108,0.0033376187,0.026756722,0.96747965,0.06493385,207.92361,207.92361
2963,169.96285577561025,177.36746204745535,0.008942925,-0.0057034823,0.99856853,0.06499856,216.54251,216.54251
2964,171.49414604167671,176.84916391597227,0.014092576,-0.022269962,1.032186,0.03965681,213.87418,213.87418
2965,171.17651782937475,175.61029542920707,0.00463289,-0.032871805,1.0086358,0.016578449,210.23572,210.23572
2966,170.28445191749927,174.31621954164132,-0.0029408743,-0.03502776,0.992818,0.005401023,214.8878,214.8878
2967,170.65239554594007,173.48236313334198,0.0068779415,-0.076121606,0.9831339,-0.040936284,197.73145,197.73145
2968,172.5250884002661,173.40198471020315,0.00051681796,-0.053552564,0.9790969,-0.012416698,186.83101,186.83101
2969,174.89804804029805,174.0809941352976,0.0049742176,-0.06131599,0.9870425,-0.01069277,183.26924,183.26924
2970,176.86843799448278,175.10056573811366,0.003445783,-0.056645617,0.9699449,-0.005917508,170.18651,170.18651
2971,178.01040971406005,176.10364516080003,0.012291328,-0.0973777,1.0323579,-0.08425549,174.05803,174.05803
2972,178.29399723160958,177.16804395226407,0.007738717,-0.11239736,1.0333574,-0.14003643,169.52289,169.52289
2973,177.9001523307962,178.25260818546514,0.0007825654,-0.07704763,1.0034237,-0.11000528,169.71425,169.71425
2974,177.06135545755643,178.80256039184178,0.011968814,-0.10774409,1.023227,-0.14204733,154.01558,154.01558
2975,176.34152712828515,178.45375284093475,0.013943632,-0.10298474,1.0367647,-0.124368556,142.49791,142.49791
2976,176.3218152538222,177.69969530158357,0.08153708,-0.101975545,1.130268,-0.14007097,105.305504,105.305504
2977,176.4821965771796,177.3209577529616,0.011533108,-0.07797766,1.022373,-0.08952024,125.67843,125.67843
2978,175.77008711708626,177.56591933577712,-0.0021758785,-0.09431029,0.9693336,-0.13993707,120.39408,120.39408
2979,173.4826570376422,177.36404679209627,0.0009439201,-0.084851556,0.97311187,-0.093599975,106.69124,106.69124
2980,168.28343263437748,174.0715368555093,0.033179972,-0.03660827,1.0463295,-0.005745263,113.93239,113.93239
2981,158.65217488931214,166.8232545025801,-0.021994429,-0.0137669565,0.9919812,0.04449038,119.44831,119.44831
2982,144.8432871527511,159.0905906017727,0.0071347025,-0.019847449,0.99326605,0.056464724,113.72603,113.72603
2983,129.36757309043622,152.89707896140706,0.007603205,-0.024189582,1.0129647,0.07858691,108.339905,108.339905
2984,113.04317786578105,143.31197160345326,0.02984944,-0.03183479,1.0455384,0.1385881,88.67747,88.67747
2985,91.50172525316337,124.3073702859843,0.03845221,-0.02600248,1.0564983,0.17065121,84.82843,84.82843
2988,66.85572153122591,100.13853552262194,0.11687479,0.013846982,0.35231587,-0.9888833,171.76656,171.76656
2989,60.433784457142465,89.07087168031464,-0.08641865,0.0029832853,-0.21222927,-0.9870806,163.91783,163.91783
2990,91.95617830249472,107.44976192504116,0.11753905,-0.001024923,0.26102647,-0.98740226,161.35333,161.35333
2991,147.41849719238346,147.0084628178161,0.15502857,-0.0023238088,0.31501514,-0.9851107,158.14238,158.14238
2992,190.45767216016569,180.7599539381769,0.15587848,-0.0025465153,0.32431158,-0.98742795,153.81534,153.81534
2993,201.45479300462733,191.6897660249548,0.15576643,-0.0011160553,0.31815755,-0.98439074,152.553,152.553
2994,189.7049318337783,184.72507922246874,0.15958217,-0.00027291707,0.33218864,-0.9844329,151.51605,151.51605
2995,175.21702067354764,174.39720483084562,0.15897074,0.00184849,0.3294076,-0.9878786,149.59225,149.59225
2996,169.80979066374664,169.59251087272028,0.16860986,0.002195914,0.3146806,-0.9893202,149.0778,149.0778
2997,172.59763379552723,170.06668615628908,0.17097971,0.002472849,0.3190722,-0.99213153,148.82083,148.82083
2998,174.26214284216599,171.0796074432622,-0.04885905,0.028221607,-0.17299497,-0.9743299,89.31344,89.31344
3000,159.97628138652226,163.90799377682708,-0.01863636,-0.04785724,-1.0650141,-0.019278979,154.1979,154.1979
3001,120.05647552777585,136.7575622391973,-0.012416129,-0.035814296,-1.001011,0.014943527,152.68462,152.68462
3002,70.42287446683791,92.11696973833894,0.0025818741,-0.03602695,-0.9885973,0.05050044,132.26505,132.26505
3004,47.22970634575498,59.61399624327727,-0.006792878,0.0104999235,-1.0159165,0.028285291,289.6459,289.6459
3005,70.55033483254242,70.16722661419398,-0.008761698,0.037456576,-1.021288,0.10426566,281.86368,281.86368
3006,124.32058010689074,119.06918887243464,-0.013690115,0.03964005,-1.0346087,0.0964206,241.01773,241.01773
3007,172.89632806494745,170.0722243309568,-0.0065198843,0.058019385,-1.0373526,0.08541314,241.33653,241.33653
3008,192.36303000944125,193.2912826354052,-0.009288933,0.09611864,-1.0587064,0.15417118,232.38075,232.38075
3009,186.08158676261635,188.6012624680964,-0.0010990687,0.14038733,-1.0946053,0.23104694,225.24397,225.24397
3010,172.9730765718725,175.0208207654366,0.012660507,0.1037912,-1.0631839,0.061181508,205.8938,205.8938
3011,167.2292969984183,168.08563668201143,0.013984063,0.08380832,-1.0289986,-0.009590119,189.02525,189.02525
3012,169.02967953760907,167.81513297545257,0.011511287,0.06941141,-1.038893,-0.011178781,193.6576,193.6576
3014,169.8351819237474,163.7904766050836,0.0011690384,0.056813326,-1.0179937,0.057508606,239.43375,239.43375
3015,165.95686143918888,151.28957149141314,-0.017794492,0.020109043,-1.0166548,-0.014102442,224.97731,224.97731
3016,163.30063137027162,137.32727481438093,-0.0055762352,0.03572042,-1.0355464,0.01205511,211.9503,211.9503
3017,165.81373597893156,131.92363534702432,0.03403983,-0.026437629,-0.9884181,-0.16194011,165.07635,165.07635
3018,168.3715108328195,140.12809180440632,-0.01809272,-0.06416814,-1.0833653,-0.22400515,119.06814,119.06814
3019,166.18273541519468,157.6717203306382,0.012133832,0.0028961664,-1.0020281,-0.1005203,148.59605,148.59605
3020,161.06350788517236,173.5704932321306,0.014639051,-0.05936458,-1.0012075,-0.1292432,142.05978,142.05978
3021,155.34934430384627,180.0546193089684,0.005747194,-0.03273108,-0.98294806,-0.05181777,148.94008,148.94008
3022,149.40988848401787,176.76670078574588,0.0056358175,-0.039567742,-0.9852666,-0.025129803,143.43617,143.43617
3023,145.95638160832485,167.75949223905994,0.05862303,-0.013527844,-1.0478534,0.005680015,98.472664,98.472664
3024,148.82297056566043,158.72319332168485,0.035832874,-0.12641028,-1.0343666,-0.19068208,90.30707,90.30707
3025,157.21415494508992,154.9486853443696,0.007843201,-0.11279627,-1.0539628,-0.16974768,99.11831,99.11831
3026,165.42825627471677,158.5477625559913,-0.03962404,-0.0897482,-1.3563855,-0.06774789,74.85441,74.85441
3028,168.27209825312949,166.59486196059993,-0.020547677,-0.15236248,-1.004503,-0.20569988,200.93382,200.93382
3029,165.54698196507002,172.65242583433306,0.014695832,-0.0706138,-0.9874426,-0.091857016,205.9711,205.9711
3030,161.20907377668684,172.60573474654225,-0.0018147628,-0.0012856004,-1.0479919,0.008432813,195.1026,195.1026
3031,159.3373943038607,169.4868178865698,-0.00448296,-0.014959187,-1.0329014,-0.059001822,187.06905,187.06905
3032,161.22048715280624,169.23171322124338,0.020258203,0.03193067,-0.991979,0.026257418,180.03654,180.03654
3033,164.6285564339805,172.7560949084334,-0.007137307,0.08387236,-1.0746204,0.1431405,181.31886,181.31886
3034,166.65737259868283,176.3803301064653,0.01381303,0.057478655,-1.0236118,0.0772801,174.97473,174.97473
3035,167.33169533011318,176.8383201898082,0.00011654522,0.08358566,-1.043025,0.14332597,159.72961,159.72961
3036,167.92079144547822,171.99037550793466,0.0777453,0.1695828,-1.0439804,0.25459334,116.77379,116.77379
3037,167.06665725628372,162.18773955168552,0.0632778,0.2166645,-1.0563474,0.26590338,99.99194,99.99194
3038,161.4333794232425,153.07516006458195,0.058727153,0.17724894,-1.0273436,0.1531956,111.40989,111.40989
3039,148.95138604807076,150.32922907297822,0.09441488,0.16629714,-1.0022038,0.15461177,110.54931,110.54931
3040,130.80104476355146,151.64869626501078,0.117939524,0.17411017,-0.93069124,0.09583234,105.42812,105.42812
3041,111.76827968631996,148.2528091188939,0.07992528,0.17431283,-0.95845103,0.08885168,110.70063,110.70063
3042,97.85998450412316,136.02194289213668,0.119190775,0.21112216,-0.940268,0.065939724,102.188034,102.188034
3043,93.60583306143444,124.74610560284609,0.10731035,0.23387578,-0.97836936,0.072814606,101.76702,101.76702
3044,100.02258089798984,127.41026732466787,0.06017789,0.085224465,-0.9250571,-0.24503887,133.88142,133.88142
3045,112.10123557351449,140.7088794462439,0.08512053,0.14106804,-0.94341105,-0.20332457,126.011856,126.011856
3046,122.60880879633592,151.08279645400452,0.041794848,0.062031884,-0.97243774,-0.22156289,112.34044,112.34044
3047,129.06268311829606,155.0118991011571,0.08932966,0.07454766,-0.92750967,-0.24397117,104.1339,104.1339
3048,132.38793460388277,158.55065277456652,0.078300156,-0.010784303,-0.9489894,-0.33499599,104.171135,104.171135
3049,133.09498931752455,164.59726360544101,0.1308713,0.09821239,-0.80902743,-0.15924816,97.38851,97.38851
3050,131.8629952089781,170.13574052334818,0.14227565,0.2447735,-0.98018587,0.048584588,86.75897,86.75897
3051,130.38302884515358,170.78330659006372,0.12401886,0.21363182,-0.98101467,0.038536854,90.24644,90.24644
3052,131.87047482629472,166.29329797947497,0.080670096,0.13381816,-0.9680405,-0.02895902,101.47017,101.47017
3056,139.8984925974853,159.93081094776298,-0.24638568,0.1094556,-0.7025185,-0.74376434,76.10045,76.10045
3057,151.33226337716144,148.42509755035948,-0.20993154,0.112544045,-0.5620639,-0.8244738,85.086044,85.086044
3058,154.2010917734255,126.23647382432442,-0.17622387,0.009329861,-0.06079219,-1.0069551,107.15656,107.15656
3059,143.21794263272258,105.5167849985821,-0.166251,-0.04421579,0.07245907,-1.0341072,92.21851,92.21851
3060,130.04022422030644,108.54115142746713,-0.16115068,-0.05935421,0.15023032,-1.0206503,92.74578,92.74578
3061,128.47317620031882,136.69882465770945,-0.15983345,-0.066706054,0.18613131,-0.9888675,93.929794,93.929794
3062,140.644046338755,167.64407870104174,-0.1550211,-0.06300764,0.17604032,-0.9810845,95.74916,95.74916
3063,159.66190836666107,181.73908737477385,-0.15739448,-0.06240008,0.15291758,-0.97858214,94.08352,94.08352
3064,175.87444973277974,178.39131157704796,-0.17225738,-0.047575224,0.117403366,-0.99117124,91.362434,91.362434
3065,182.9468857444082,169.1415764266929,-0.16937838,-0.059963852,0.12264835,-0.98730296,92.11431,92.11431
3066,181.75396570402438,163.64145377645377,-0.18288767,-0.047146656,0.08458281,-0.9958718,91.152084,91.152084
3067,177.47811071584218,164.09995910329104,-0.19741018,-0.04521527,0.051545206,-1.0037079,89.62523,89.62523
3068,174.47091383279707,168.06473629621857,-0.20069833,-0.040674835,0.020623365,-1.0114309,88.74105,88.74105
3069,174.22470674697686,172.39877508860744,-0.20040146,-0.0370637,-0.037507717,-1.02575,87.3567,87.3567
3070,175.71812477140173,175.43146688089374,-0.20495558,-0.039354637,-0.057916973,-1.0289956,86.57286,86.57286
3071,176.6371809806709,177.1714702535102,-0.21678872,-0.026453504,-0.07121093,-1.0267874,85.30754,85.30754
3072,175.3023570257709,178.23570252566947,-0.2226804,-0.023218995,-0.076663785,-1.0304585,85.08753,85.08753
3073,172.13860279205633,178.85343471957748,-0.21938066,-0.0194089,-0.06443545,-1.0274493,85.00437,85.00437
3074,169.21082985263098,178.94470564475102,-0.21754666,-0.020956554,-0.06251516,-1.027276,84.79486,84.79486
3075,168.23400721635335,178.62107038664902,-0.21636167,-0.020568628,-0.08022596,-1.0296814,84.07954,84.07954
3076,169.14850244579463,178.06000346475145,-0.22015482,-0.023556191,-0.10542799,-1.0326866,82.94583,82.94583
3077,170.4453387200195,177.16692690111435,-0.21631515,-0.02755,-0.12190118,-1.0322318,82.613464,82.613464
3078,170.34372740882398,175.53484876615047,-0.21771963,-0.029655797,-0.15078552,-1.0344125,82.4503,82.4503
3079,167.89826057381737,172.7647403740089,-0.20657626,-0.03504325,-0.14809503,-1.0325954,82.507385,82.507385
3080,163.6376036757688,169.05074501162372,-0.20749687,-0.034692217,-0.14419904,-1.0295159,83.02995,83.02995
3081,159.22870083131403,165.63436591302184,-0.21245809,-0.03487317,-0.1267645,-1.0228266,83.65362,83.65362
3082,156.5108909811272,164.57387973565736,-0.2152838,-0.037751447,-0.11084844,-1.0148488,84.19942,84.19942
3083,156.75086238508646,167.2196443899159,-0.20695192,-0.037668128,-0.108554974,-1.0140448,84.726746,84.726746
3084,160.22465737209794,172.3831794842524,-0.20044056,-0.038810465,-0.08965096,-1.0096874,85.44898,85.44898
3085,165.9482648313096,176.60428266701203,-0.19470799,-0.042226538,-0.06672889,-0.9985392,86.09366,86.09366
3086,171.97896893712428,176.9804772284461,-0.18886513,-0.04165645,-0.0347401,-0.9903556,87.47995,87.47995
3087,176.2492981435391,173.45128240820122,-0.19635712,-0.046979886,-0.04771707,-0.9969417,86.18996,86.18996
3088,177.50568564123762,168.02483922869854,-0.20188089,-0.05280329,-0.05797436,-1.0024012,84.552124,84.552124
3089,176.3437737168237,163.0401601300105,-0.21683821,-0.061700094,-0.07064551,-1.0066429,81.46054,81.46054
3090,175.0407374190063,160.26151391568027,-0.22451091,-0.06305542,-0.11019571,-1.0192395,79.48892,79.48892
3091,175.2194904285079,159.88064578461257,-0.23542747,-0.06613854,-0.14812915,-1.0296988,76.890396,76.890396
3092,176.04768766071743,160.5137179956919,-0.22736399,-0.06164913,-0.15678549,-1.0223572,79.03694,79.03694
3093,175.96533750801996,161.24318278403598,-0.22093166,-0.06062368,-0.16625792,-1.0239302,79.546776,79.546776
3094,175.36148240218617,162.93595869355602,-0.2141124,-0.05735882,-0.16731432,-1.0235512,80.20712,80.20712
3095,175.56607166969496,166.651868474743,-0.21404532,-0.057059288,-0.15402281,-1.0216452,80.999886,80.999886
3096,176.1615313253199,171.64810866207426,-0.20987065,-0.05777445,-0.15926878,-1.0237229,81.60195,81.60195
3097,175.61056755464818,176.0144998128004,-0.20624004,-0.055426702,-0.15611157,-1.0205922,82.51138,82.51138
3098,173.77938093005767,178.48623667318904,-0.20788598,-0.051440943,-0.15904076,-1.019884,83.46203,83.46203
3099,172.06640345997974,178.99902547643092,-0.20194133,-0.048874866,-0.1932565,-1.0199909,83.567505,83.567505
3100,171.5965231909921,178.31611057494587,-0.2064688,-0.04442835,-0.20024602,-1.0161029,83.94947,83.94947
3101,172.32607602997643,177.39694443304253,-0.1918553,-0.0417327,-0.21861014,-1.0132641,84.299995,84.299995
3102,173.59611448125779,176.73727942818394,-0.1877455,-0.03197087,-0.22255881,-1.0036684,84.10863,84.10863
3103,174.85973997187517,176.46267376795308,-0.17096092,-0.021569388,-0.24527587,-1.0001062,83.50197,83.50197
3104,175.91982163167148,176.6881752580981,-0.1964325,-0.021435749,-0.27196112,-0.99437994,83.61396,83.61396
3105,176.80034098248584,177.1823552778654,-0.20652719,-0.016643526,-0.29002148,-0.9898447,83.94406,83.94406
3106,177.37432951628205,177.52627644455296,-0.20124573,-0.013088734,-0.3055866,-0.98375005,84.69039,84.69039
3107,177.353509346585,177.80040488451064,-0.20031384,-0.010667618,-0.29317895,-0.9779465,84.85037,84.85037
3108,176.7945272904952,178.23037123247005,-0.19256762,-0.009833386,-0.27102625,-0.99015844,86.087036,86.087036
3109,176.18680819481696,178.64905052904257,-0.18436171,-0.009648924,-0.2963775,-0.99494654,86.4234,86.4234
3110,175.9280759338609,178.76592010045098,-0.18216446,-0.010019439,-0.27499944,-0.992314,86.8825,86.8825
3111,176.03766457840183,178.4364595527486,-0.19610754,-0.0049990285,-0.29028866,-0.98369074,86.50973,86.50973
3112,176.30404221656755,177.66075598405988,-0.18590492,-0.0025662887,-0.2879966,-0.9755345,88.41492,88.41492
3114,175.55732612096216,175.5560407498765,-0.044482786,0.12696876,0.92293257,0.115895085,122.991585,122.991585
3115,168.14701821168504,167.10230252085296,-0.068741165,0.0003873805,0.91719455,-0.09892496,109.109375,109.109375
3116,144.4529339480161,144.6455150272997,-0.065833196,-0.0505202,0.89681363,-0.14369649,100.32161,100.32161
3118,107.23912632576395,109.5666086358107,-0.21414258,-0.006480708,-0.21045758,-1.0486915,101.648224,101.648224
3119,81.44934259274434,77.3380769788748,-0.25760606,0.008587832,-0.25504076,-1.0240476,109.82706,109.82706
3120,87.83465626478835,65.42359745841313,-0.24240425,-0.03168592,-0.21139881,-1.0442866,104.94237,104.94237
3121,118.71249076291977,80.90746228088132,-0.22014004,-0.030326834,-0.14959237,-1.0397474,108.61588,108.61588
3122,152.98813305560844,116.98539377817471,-0.19377916,-0.032995656,-0.14451514,-1.0353452,113.11396,113.11396
3123,176.33235480840946,155.82155725038905,-0.18882619,-0.05415991,-0.11129249,-1.0261501,111.94099,111.94099
3124,184.03528874009447,180.18800874204095,-0.1831765,-0.06691964,-0.09193825,-1.0375369,110.65007,110.65007
3125,180.2350280226913,185.82782059610324,-0.18945843,-0.06536786,-0.1083993,-1.0395793,109.76883,109.76883
3126,174.21205848789492,180.68195703057486,-0.17898875,-0.055154063,-0.09222258,-1.0329264,112.01643,112.01643
3127,171.93840011978713,174.2754669081554,-0.17090909,-0.051802207,-0.107459165,-1.039412,111.89695,111.89695
3128,172.3410335767772,170.9119467375559,-0.18632814,-0.04406536,-0.13123052,-1.0336952,112.67622,112.67622
3129,171.32313518473978,170.67531850802789,-0.18040046,-0.04267377,-0.14096488,-1.0286357,112.80852,112.80852
3130,167.19366385360067,172.257801740112,-0.18245348,-0.04997857,-0.15686062,-1.0162581,113.5356,113.5356
3131,162.48752342408412,174.07150410907911,-0.18566109,-0.048835397,-0.14266846,-1.0282363,114.54857,114.54857
3132,160.78829927141882,174.83574383523788,-0.18328851,-0.04562885,-0.14500716,-1.0284067,115.57846,115.57846
3133,161.9471561440706,173.81413891992196,-0.19137536,-0.039106686,-0.14706884,-1.0292866,116.12334,116.12334
3134,162.2410125538128,170.27663365935342,-0.19399428,-0.035281125,-0.1716397,-0.99660826,112.87684,112.87684
3135,159.43273446255884,164.49046363069758,-0.2013722,-0.019564098,-0.22640075,-1.0231916,107.411545,107.411545
3136,155.85443950707761,159.4093321641913,-0.2056932,0.008111792,-0.22161083,-1.0301118,100.742195,100.742195
3137,156.17939302396502,158.1370826626526,-0.19764504,-0.0028196797,-0.15709329,-1.0370619,105.200195,105.200195
3138,162.6700937421938,160.48330427044732,-0.19045128,-0.0072988425,-0.17006463,-1.0300722,103.282845,103.282845
3139,172.24461631850065,164.2225253256197,-0.18583521,-0.009230945,-0.15573865,-1.0313718,104.67812,104.67812
3140,178.82924172805278,167.24533793274566,-0.18919371,-0.009522183,-0.15801476,-1.0405686,105.22946,105.22946
3141,179.61419443611115,168.23994752076337,-0.18890615,-0.020950671,-0.14819205,-1.0418179,103.641365,103.641365
3142,177.41208734499804,167.69570947316393,-0.18422936,-0.021729192,-0.18711817,-1.0211327,100.1261,100.1261
3145,176.08599200218976,167.55725121525293,0.09004375,-0.0265739,-0.10087538,-1.0075351,124.508835,124.508835
3146,176.3776592295883,169.03870315821874,0.02836449,-0.012252448,-0.2200183,-0.97587013,114.11294,114.11294
3147,176.9679802911843,171.1077621866945,-0.098870985,0.02873481,-0.56335557,-0.9466989,111.58451,111.58451
3148,177.17147330508874,171.45343224468652,-0.051220357,0.014461326,-0.58172995,-0.92780185,113.99148,113.99148
3149,177.27955864117553,169.82312437948332,-0.11674239,0.020257792,-0.61907536,-0.9077826,117.043,117.043
3150,177.16044800648334,168.9774926361638,0.026145574,-0.022214506,-0.20820951,-0.98016834,120.655304,120.655304
3151,176.19862445695236,170.92950129200423,-0.13078009,0.026667586,-0.56204194,-0.85520566,123.96271,123.96271
3152,174.87237828988916,174.49128731969267,-0.13851337,0.053619295,-0.64643186,-0.81508696,118.86474,118.86474
3153,174.35311158920769,177.1131785667144,-0.11642347,0.047428533,-0.68919843,-0.8059737,119.88316,119.88316
3154,174.11392506222506,177.47324604052915,-0.10374376,0.03666143,-0.67009145,-0.80169183,118.83244,118.83244
3155,172.480335347002,175.70662946806033,0.051576663,-0.020859476,-0.28706375,-0.84170014,115.79561,115.79561
3156,169.04845975453566,172.01682784154144,-0.07589911,0.026176753,-0.5241992,-0.87846106,115.52185,115.52185
3157,164.55260145012684,167.37011682921803,-0.17653745,0.057349496,-0.54620945,-0.9112437,113.82491,113.82491
3158,160.52141016077317,165.04659820162348,-0.17857647,0.050367072,-0.4815888,-0.9487287,117.63735,117.63735
3159,159.52326534816058,167.92956596468554,-0.18760096,0.055202585,-0.47750574,-0.94239414,114.23765,114.23765
3160,162.66155556676298,173.90485902846694,-0.21886261,0.053687435,-0.5294444,-0.9354636,104.38488,104.38488
3161,167.16305852708632,176.37701181941586,-0.23635142,0.06497463,-0.56606966,-0.89136595,91.304794,91.304794
3162,168.85098188160052,170.15568760196612,-0.25738078,0.077586435,-0.66664237,-0.7801345,83.467186,83.467186
3163,166.9298835234826,156.86188774142408,-0.2354518,0.062269147,-0.6792086,-0.8385115,90.86198,90.86198
3164,164.34592374731056,144.93615395650139,-0.19740497,0.05468062,-0.60446256,-0.88685244,94.07155,94.07155
3165,163.02752741972012,142.76716899625464,-0.2694509,0.067604624,-0.64892393,-0.8774395,76.45168,76.45168
3166,161.61309338908663,148.8280638819678,-0.23773871,0.058324505,-0.5825211,-0.8855164,80.51529,80.51529
3167,159.03164927337488,151.1772398439647,-0.22067788,0.050026707,-0.48151112,-0.9109339,85.17484,85.17484
3168,157.52147282846704,141.40172604140542,-0.21564895,0.020825932,-0.4620764,-0.9675835,80.10121,80.10121
3169,160.21591582143577,124.89915261127635,-0.19866133,0.02310296,-0.43914118,-0.9598946,75.9011,75.9011
3170,166.7262062936503,113.9438841324961,-0.22265089,0.028743532,-0.5411857,-0.92749286,75.89492,75.89492
3171,172.86484790739166,114.83385928235114,-0.2306046,0.03566978,-0.5211389,-0.9353305,76.22255,76.22255
3172,174.9019601279391,123.49207915985106,-0.2077098,0.023832116,-0.48498476,-0.93128765,75.29861,75.29861
3173,172.65290059737552,132.12579107560236,-0.20188816,0.013666736,-0.41818962,-0.945811,74.23326,74.23326
3174,168.81909715591033,138.01128124086736,-0.17056076,0.01880913,-0.38753182,-0.95739317,70.698265,70.698265
3175,166.7626237047024,143.54838489192977,-0.18737079,0.007754738,-0.38939252,-0.94691926,70.596176,70.596176
3176,167.98281572011933,149.75752803915518,-0.18358314,0.0033284302,-0.4322198,-0.96282697,68.967415,68.967415
3177,170.78790147196264,154.39905466049905,-0.18734962,-0.0074203084,-0.3934998,-0.9837758,67.20168,67.20168
3178,172.41485026984697,156.1041048092749,-0.18200983,0.005367636,-0.40930203,-0.9949199,65.17264,65.17264
3179,172.3835239237117,155.68471486921328,-0.20147443,-0.009609899,-0.384794,-1.0135984,65.6246,65.6246
3180,172.21781253555824,153.91052150818027,-0.20835505,0.004008182,-0.36844146,-1.0233748,65.89001,65.89001
3181,172.67255473947333,151.69772119690185,-0.2290388,-0.014563905,-0.3974812,-1.0322577,64.71722,64.71722
3182,173.37482327688457,151.135194773501,-0.20354693,-0.008270932,-0.33684883,-1.0267864,66.400536,66.400536
3183,174.29867640918326,153.2334701703592,-0.2196655,-0.0013107841,-0.3805306,-1.0167955,65.70159,65.70159
3184,175.55039901085235,155.98113328161176,-0.20721065,-0.0034858682,-0.33647552,-1.0352268,67.02565,67.02565
3185,176.68837248707644,157.51453913433664,-0.21735676,-0.00022978063,-0.33311996,-1.0391088,66.00746,66.00746
3186,177.3914277431432,159.4745558646073,-0.20988531,0.005436941,-0.32610086,-1.0367305,65.47009,65.47009
3187,177.5895241934338,164.172917586668,-0.20709862,-0.00028177185,-0.33207,-1.0504817,65.85004,65.85004
3188,177.145852926837,170.51477966114456,-0.19356412,0.007715467,-0.30210853,-1.034609,66.71534,66.71534
3189,176.44087753393538,175.40890916133876,-0.17999606,0.00019544108,-0.31443503,-1.0250645,64.80109,64.80109
3190,176.21273620382166,177.30869758059728,-0.18414263,0.00042682004,-0.31630296,-1.0053314,66.63788,66.63788
3191,176.43107817440483,176.44808399580248,-0.1797729,0.013966644,-0.31691203,-0.9977553,66.12347,66.12347
3192,176.5359466379934,173.49028242441446,-0.19062296,-0.005787525,-0.3299354,-1.0224483,61.055984,61.055984
3193,176.528129049386,169.86513868325477,-0.19611283,0.010351909,-0.33829066,-0.9962128,62.636463,62.636463
3194,176.59400710922756,167.9545725672469,-0.18054172,0.0047200355,-0.3265252,-1.0077273,62.101513,62.101513
3195,176.22044460544654,169.12715376240052,-0.18236883,0.010801235,-0.31692207,-0.99608797,62.56236,62.56236
3196,174.9962234836752,172.3478780596571,-0.18527009,0.011511719,-0.3147305,-0.98613036,62.46819,62.46819
3197,173.4404244508192,175.40357255394431,-0.19262004,0.009224289,-0.32919946,-0.98386073,62.71391,62.71391
3198,172.28047950913907,176.5621439230094,-0.17363128,0.008566525,-0.306879,-0.9844743,61.120476,61.120476
3199,172.17268060617323,175.13657228628645,-0.16092618,0.012972584,-0.3499928,-0.9857414,59.44214,59.44214
3200,173.60914042364357,171.94533081979324,-0.15787253,0.011937413,-0.37479168,-0.9691925,60.327457,60.327457
3201,176.0261907559844,169.46897238198713,-0.17761518,0.022895819,-0.44934875,-0.95626193,59.37086,59.37086
3202,177.88171923494062,169.88024926403568,-0.17506753,0.039932504,-0.50873524,-0.93972135,58.991604,58.991604
3203,177.76193186338605,172.31812270257902,-0.17900372,0.049451027,-0.54548293,-0.92503273,58.904182,58.904182
3204,175.5130158994515,173.741472907936,-0.17881201,0.039334893,-0.53264004,-0.91654414,58.23687,58.23687
3205,172.59996101148909,172.7514623566712,-0.17910856,0.03934281,-0.5805379,-0.89114827,57.684498,57.684498
3206,170.63453108349557,170.97773514294138,-0.17425327,0.050292052,-0.55767214,-0.90795165,56.21644,56.21644
3207,169.99093667743776,170.79943970869465,-0.16427259,0.053326797,-0.56539434,-0.8933523,56.44632,56.44632
3208,170.58011404572002,172.92578421377323,-0.16337737,0.04833137,-0.52499795,-0.9112421,56.64503,56.64503
3209,172.39192326527242,176.03429273106502,-0.17932327,0.039920237,-0.526871,-0.9060271,56.46636,56.46636
3210,173.92499789129334,178.2072045198513,-0.19559877,0.037979502,-0.5385322,-0.901137,55.743923,55.743923
3211,171.65610423743428,178.78887859334998,-0.20039907,0.039930306,-0.54874027,-0.8945454,55.15362,55.15362
3212,163.3967954056464,178.64920178115597,-0.20179908,0.05449513,-0.57365656,-0.8837933,54.149742,54.149742
3213,152.62036644340048,178.67572567895047,-0.20459448,0.041108683,-0.5518823,-0.8895473,54.479076,54.479076
3214,147.84149384642117,178.90151929700525,-0.20745328,0.043968536,-0.5302384,-0.8969873,54.59684,54.59684
3215,154.70727845207907,179.0111947494046,-0.19715917,0.040577307,-0.5264453,-0.8971315,54.029778,54.029778
3216,168.70933180205768,178.68241611620752,-0.19946773,0.036863405,-0.5240198,-0.89702785,54.193913,54.193913
3217,179.37789580350562,177.62725512508163,-0.19423698,0.03710482,-0.52803004,-0.89398533,53.810062,53.810062
3218,181.11249927731322,175.96960418534493,-0.18215264,0.041657213,-0.52124465,-0.9042458,54.525066,54.525066
3219,176.72661057346696,174.3584325331645,-0.17513281,0.034260202,-0.51887196,-0.8989923,53.997803,53.997803
3220,171.81625040911226,173.21602182316371,-0.1660496,0.04330152,-0.51789546,-0.89882,53.35526,53.35526
3221,168.97494418209158,171.93310878510079,-0.17824464,0.044636685,-0.5048339,-0.90627897,52.931145,52.931145
3222,167.8989887517025,169.46867463450357,-0.18202622,0.043064732,-0.4863055,-0.9085162,52.40354,52.40354
3223,168.3369589751659,166.15333853846894,-0.18148468,0.040410854,-0.47640112,-0.909118,51.49515,51.49515
3224,170.4809942814799,164.1146316564569,-0.1880923,0.039261132,-0.50501084,-0.90479064,50.907543,50.907543
3225,173.51578153315464,165.01520618683395,-0.18732722,0.034901734,-0.47870535,-0.9090541,50.697758,50.697758
3226,175.7712638210111,168.00127479268343,-0.18222398,0.035439532,-0.45782626,-0.9177391,50.685337,50.685337
3227,176.206247883098,170.801487053185,-0.18545176,0.03587217,-0.44068956,-0.922856,50.709545,50.709545
3228,175.14518160495976,172.30622394514828,-0.19114743,0.031359076,-0.4344905,-0.93416435,49.90102,49.90102
3229,173.78772514699716,173.08736996830342,-0.19738959,0.027444951,-0.41850314,-0.94499344,49.72556,49.72556
3230,173.23370693754333,173.84223880455804,-0.1957256,0.026491057,-0.44052732,-0.94775534,49.346878,49.346878
3231,173.7079894044836,174.57162380404475,-0.19640656,0.01890087,-0.42950466,-0.9521496,48.380245,48.380245
3232,174.34836734680223,174.97202291095613,-0.18399012,0.013771434,-0.3879227,-0.9592413,48.038574,48.038574
3233,174.01923195553678,174.89243609948556,-0.1922214,0.015893376,-0.36928293,-0.9666069,48.554695,48.554695
3234,172.42755708613433,174.7833463371842,-0.20051016,0.015546101,-0.37713945,-0.9723127,47.70181,47.70181
3235,170.21405212170498,175.2971616821842,-0.18971433,0.00781408,-0.34103307,-0.97822803,47.61927,47.61927
3236,168.431874880792,176.233428135461,-0.1995459,0.007661817,-0.34477922,-0.9834861,47.94027,47.94027
3237,167.97118144790716,176.85173435158285,-0.20438468,0.013306665,-0.33177426,-0.9884381,48.014736,48.014736
3238,168.90681385607485,176.9564742324839,-0.20711403,0.014081589,-0.32076508,-0.99128383,47.931896,47.931896
3239,170.442325321753,176.91250189488426,-0.19717045,0.004722622,-0.2877027,-1.002953,47.082123,47.082123
3240,171.5720160647743,176.85899885035997,-0.20328945,-0.0041284403,-0.25666073,-1.0085682,46.11891,46.11891
3241,171.7831998590522,176.52895148316102,-0.20717378,-0.014436676,-0.23431529,-1.018168,45.146397,45.146397
3242,171.4485855004097,176.03958379181503,-0.21134758,-0.0069619436,-0.21471213,-1.031423,45.60578,45.60578
3243,171.40574715913206,176.07997554456875,-0.2023035,-0.013089347,-0.17426303,-1.0404621,44.48701,44.48701
3244,171.86917391507444,176.8142189632801,-0.20295024,-0.015292944,-0.15204853,-1.0351945,44.62012,44.62012
3245,172.25995853816275,177.39243205652312,-0.19974865,-0.018674325,-0.13476706,-1.0398635,42.96965,42.96965
3246,172.25295995607303,177.2184015401308,-0.18708625,-0.013915886,-0.13760819,-1.0386101,42.509167,42.509167
3247,172.24433335388142,176.88316320290429,-0.1933387,-0.018039066,-0.13692619,-1.0264686,43.117615,43.117615
3248,172.57888516252004,177.0838888450152,-0.18465884,-0.01673232,-0.15138441,-1.0258777,42.034733,42.034733
3249,173.11206228277265,177.6794831643411,-0.19663842,-0.023324637,-0.18871151,-1.0340742,42.086784,42.086784
3250,173.8966991705716,178.24871705198754,-0.16531356,-0.014713098,-0.18481909,-1.0357699,42.16803,42.16803
3251,175.37658957265936,178.40408593644585,-0.15136579,-0.011799278,-0.16469114,-1.0244539,41.974583,41.974583
3252,177.29540294574568,177.76177747405478,-0.159947,-0.0063696695,-0.16197564,-1.0225155,40.978085,40.978085
3253,178.3111867919318,176.48478815019052,-0.13960809,-0.00075000507,-0.1719532,-1.0251123,39.876034,39.876034
3254,177.63231586763328,175.29635404109007,-0.15318577,-0.003455512,-0.16462429,-1.0243022,40.254272,40.254272
3255,176.32521535345376,174.75444274392876,-0.17494325,-0.002328863,-0.18337552,-1.0243697,39.115643,39.115643
3256,175.97067227713544,174.88247116739268,-0.17933129,-0.0038232366,-0.18675412,-1.0176105,38.481857,38.481857
3257,176.87907073707063,175.31569729267412,-0.17977072,-0.008253221,-0.1888084,-1.0116712,38.008213,38.008213
3258,178.22682760626674,175.8010839411761,-0.17895828,-0.015966317,-0.15812382,-1.0248193,37.82606,37.82606
3259,178.8109758479977,176.339313331221,-0.19185697,-0.01886432,-0.15407972,-1.0159768,36.407253,36.407253
3260,177.70544432943865,176.45355694983584,-0.19275548,-0.019359047,-0.17864111,-0.990733,36.402203,36.402203
3261,175.28296333686708,174.8994097944499,-0.19479297,-0.020395465,-0.18523501,-1.0014158,36.347935,36.347935
3262,173.2187971105616,171.24141743827894,-0.19289388,-0.01884754,-0.17550918,-0.9991727,36.71655,36.71655
3263,172.89187412110152,167.45823566052468,-0.18924381,-0.020135986,-0.19104193,-1.0081697,35.77664,35.77664
3264,174.31511117467565,166.33300731550588,-0.17583147,-0.008733466,-0.2301738,-0.9929964,35.083035,35.083035
3265,176.32534008813073,168.55438855150553,-0.18454461,-0.011114564,-0.20775525,-1.0084281,35.321056,35.321056
3266,177.15698437357133,172.25224604243513,-0.18015042,-0.011336498,-0.18909453,-1.0241349,35.130283,35.130283
3267,175.59574185097748,174.3435396159449,-0.17324357,-0.012865598,-0.17705782,-1.0225773,34.660095,34.660095
3268,171.96513682248366,172.93386689867924,-0.18127917,-0.013188644,-0.19869274,-1.0185237,33.73245,33.73245
3269,168.0253372120141,169.52778967746073,-0.16775766,-0.011532486,-0.1850957,-1.0367208,32.217815,32.217815
3270,166.25474789675275,167.66552562121677,-0.18146743,-0.014572221,-0.17308134,-1.0312918,32.75166,32.75166
3271,167.73617411680897,168.7517076190625,-0.1804488,-0.016284887,-0.19828558,-1.0262438,34.020264,34.020264
3272,170.33271503848368,170.49012445816132,-0.1926986,-0.016652398,-0.21428776,-1.0342466,33.795414,33.795414
3273,171.53405651140415,170.45137630920007,-0.20529425,-0.004971222,-0.22012597,-1.0306649,33.143642,33.143642
3274,172.00478507376323,169.47339907054072,-0.18286279,-0.014886677,-0.25244743,-1.0425936,32.536457,32.536457
3275,173.38011658397858,169.669995012927,-0.19314377,-0.0292026,-0.15573165,-1.0262033,31.42456,31.42456
3276,174.75866485230173,171.01336751202933,-0.19537601,-0.034099054,-0.14694995,-1.0117968,31.033033,31.033033
3277,173.80133521693952,171.96271462577462,-0.2164285,-0.03761438,-0.1657184,-1.0305387,30.867764,30.867764
3278,170.46713444189373,172.01770748681992,-0.21131918,-0.037711564,-0.1580807,-1.0417691,31.511269,31.511269
3279,167.92116291171544,171.458535154035,-0.20799582,-0.029265944,-0.1621485,-1.0390953,30.573946,30.573946
3280,168.55645894997522,169.72824128069914,-0.22215827,-0.03077252,-0.1948687,-1.040208,30.40847,30.40847
3281,171.12175296000896,166.4899041068676,-0.22603807,-0.017455965,-0.21400061,-1.0274757,29.540361,29.540361
3282,173.42228941182898,163.21156152234641,-0.23400456,-0.034064066,-0.28734207,-1.0095035,29.02452,29.02452
3283,174.70190660667754,162.35250109393317,-0.19335677,-0.038316615,-0.17124914,-1.0486374,29.060366,29.060366
3285,173.86790842311967,164.86637882556934,-0.019648181,-0.013003338,-0.24021953,-0.96249014,134.92348,134.92348
3286,169.62011098947872,167.88290536741846,0.02351257,-0.050314385,0.17986825,-0.8588557,59.676044,59.676044
3287,164.3090210730127,167.73133659250175,-0.17404433,-0.0033247054,-0.17485103,-0.8173496,61.73817,61.73817
3288,162.80137927435342,166.0444717740086,-0.8972102,0.068774045,-1.0680373,-0.5776972,46.256462,46.256462
3289,165.74311682717942,167.50802915995502,-0.470176,-0.025644198,-0.3357416,-0.90970457,66.551704,66.551704
3290,169.01454227652735,171.5939165489896,-0.25516614,-0.089430474,-0.043363858,-0.9858797,98.34709,98.34709
3291,170.13427217841922,171.6384770452069,-0.20197414,-0.06140193,0.06568774,-0.97425854,111.20972,111.20972
3292,170.63067625483913,163.81559722901508,-0.16131157,-0.037062768,0.19573608,-0.93215734,130.64105,130.64105
3293,171.49619384829376,154.05518390214127,-0.16153277,-0.064325646,0.28299078,-0.8831545,127.35131,127.35131
3294,169.66275786405043,151.4565465679449,-0.12978467,-0.05124631,0.3185679,-0.84137756,138.60802,138.60802
3295,162.45780695327684,156.68074903508577,-0.10350006,-0.07236036,0.3821517,-0.8317717,145.77428,145.77428
3296,152.24036405968423,162.21362694256467,-0.10004763,-0.08849407,0.44767356,-0.79807454,151.00351,151.00351
3297,142.3791490333494,162.28352265064996,-0.08932499,-0.07339719,0.5118641,-0.7360939,159.13489,159.13489
3298,133.64877891313358,158.19523687965582,-0.08617208,-0.077654146,0.5216939,-0.709955,164.70595,164.70595
3299,126.47045798251818,154.87223285408228,-0.016011883,-0.0578438,0.7955377,-0.6110218,183.69383,183.69383
3300,121.67069845141825,154.85390875132973,-0.026884701,-0.05900822,0.7381101,-0.5914189,192.66528,192.66528
3301,118.98183914936902,156.5093979357228,-0.022219481,-0.06817405,0.7627629,-0.5715746,193.78429,193.78429
3302,117.15769693537358,156.81660818659816,-0.030610835,-0.07117864,0.7643049,-0.56425095,201.43445,201.43445
3303,115.08383353924262,153.50420735235525,-0.030660791,-0.057767786,0.7856291,-0.53564763,216.074,216.074
3304,112.59781418663826,145.25510548065574,-0.024149619,-0.03540047,0.8294693,-0.45816362,227.55984,227.55984
3305,110.4096261038823,132.3218428602955,-0.0044250777,-0.008333611,0.97094643,-0.34471872,242.70187,242.70187
3306,109.15713120687045,116.66941899281247,0.028002512,-0.017951522,1.0044084,-0.32510912,242.55592,242.55592
3307,108.87376027406437,101.63977470805989,-0.008293727,-0.03621325,0.93890494,-0.3715918,251.26498,251.26498
3308,108.05467245776289,91.90555022823027,-0.017042281,-0.024357658,0.94894856,-0.356937,250.03516,250.03516
3309,104.46188452504674,90.5838955702403,-0.035846427,-0.020021243,0.95737684,-0.39342695,251.19194,251.19194
3310,99.96053023221499,95.76201317338075,-0.063616134,-0.032303013,0.90161365,-0.46078822,247.98935,247.98935
3311,100.8768635776498,103.16893769213068,-0.0451531,-0.013957113,0.90250313,-0.40641043,253.38327,253.38327
3312,110.06136060323064,110.41502278413375,-0.040960535,-0.04125056,0.8856975,-0.48596823,248.32759,248.32759
3313,121.72970278831387,115.85089653403355,-0.03204702,-0.013194043,0.9879669,-0.40861493,242.97871,242.97871
3314,126.87709820733467,117.20865053922381,-0.03414575,-0.007422432,0.9501926,-0.35921085,247.56366,247.56366
3315,122.96925566993288,114.16418297719278,0.0034851504,-0.0045609903,0.98771095,-0.35057074,239.75186,239.75186
3316,116.14057492592717,110.0173644282972,-0.0017970758,-0.008529475,0.9717575,-0.3596499,234.55258,234.55258
3317,113.77167907062332,109.09310005967939,0.01269144,0.042041756,1.0011102,-0.31823176,224.45308,224.45308
3318,117.38862245845708,112.88547617416346,0.020035528,0.040930986,0.9947779,-0.3682144,217.47258,217.47258
3319,123.31487009599704,119.48619524079652,0.03872805,0.04839775,1.0009371,-0.3957877,203.18338,203.18338
3320,127.63242803759715,125.90829606493989,0.07196101,0.056336388,1.0397787,-0.41089207,177.07072,177.07072
3321,129.38292698107819,130.27210951054263,0.0900736,0.024362054,1.0281781,-0.49159434,168.77203,168.77203
3322,130.37310891654542,132.6091662237371,0.093094856,0.0035794398,1.0066967,-0.5308618,157.65904,157.65904
3323,133.31976127673792,134.0742228540224,0.10829455,0.025400778,1.0011979,-0.5068973,152.92923,152.92923
3324,140.190405066949,135.65757226837798,0.08614121,0.015410253,1.0258726,-0.5304638,153.15968,153.15968
3325,150.21056512944418,137.47712556565384,0.10116045,0.020259874,1.0499462,-0.58597136,134.00403,134.00403
3326,158.99924372443286,138.83208526788505,0.092837445,0.005907128,0.9873717,-0.6577977,122.02634,122.02634
3327,162.29903207998203,139.36463089422924,0.12607996,-0.0066266432,0.97602546,-0.7352367,110.664986,110.664986
3328,160.26709687929673,140.20615192737833,0.15099238,0.031048745,0.98864424,-0.7192776,102.6356,102.6356
3329,156.08927469722997,142.79526347821616,0.12063373,0.036801435,0.97492677,-0.7254252,98.14502,98.14502
3330,152.37682930683764,146.90168935742105,0.13968934,-0.011370758,0.9046953,-0.7574726,83.70975,83.70975
3331,150.78629649781507,151.43172505600435,0.13839146,0.015515995,0.8577212,-0.77567375,82.35579,82.35579
3332,152.46252438158137,155.50119744650377,0.11740096,0.025101531,0.7333618,-0.82438964,78.888596,78.888596
3333,156.44314962641266,157.3749402760419,0.11913389,0.021325625,0.770075,-0.876657,76.12213,76.12213
3334,159.41835020533432,155.1479317384605,0.12194059,0.017838351,0.7048703,-0.92603475,71.815315,71.815315
3336,157.45301322744925,148.05649877003063,-0.056803253,-0.033705603,0.5453672,-0.751022,232.6918,232.6918
3337,146.87519246154451,135.02435576441465,-0.031313013,-0.043608665,0.5707266,-0.84636295,258.38913,258.38913
3338,127.56889739698158,116.27167242077297,0.0129927145,-0.0019673135,0.51310027,-0.8681317,265.94305,265.94305
3339,106.32326639660747,97.4836904904323,0.0047755563,-0.017616624,0.41052243,-0.95203406,253.3271,253.3271
3340,91.85987729889818,86.15241293377997,-0.030001868,-0.031286146,0.21165332,-1.0414616,254.44786,254.44786
3341,86.87932280428397,83.79719380767376,-0.028051347,-0.04472362,0.19599208,-1.0578762,251.55722,251.55722
3342,87.2739951352453,85.68950894344128,-0.017134557,-0.05004006,0.17458993,-1.049283,244.0757,244.0757
3343,87.68036302478146,86.79451224742003,0.0030817327,-0.038119186,0.20676774,-1.019977,251.13333,251.13333
3344,86.22394102235326,85.71542986815787,-0.00070402963,-0.03695194,0.21986018,-1.0113769,253.84007,253.84007
3345,84.20399686885756,83.84150733205193,-0.009413344,-0.03741013,0.21394305,-1.0007643,252.67749,252.67749
3346,83.41427543175186,82.8179251326669,-0.0142832445,-0.04140958,0.26310435,-0.9846709,253.77678,253.77678
3347,84.70190649951678,83.21285927687376,-0.01769566,-0.045507986,0.2277172,-0.9744637,258.2179,258.2179
3348,87.70734913142415,84.35238726407312,-0.020336961,-0.05356193,0.23399968,-0.9818053,259.57922,259.57922
3349,91.49521711869014,85.69103065841705,-0.08483033,-0.08450867,0.035556957,-1.0269688,221.25249,221.25249
3350,95.20857985853836,88.901069974827,-0.102179095,-0.08685652,-0.0654894,-1.0440178,193.61063,193.61063
3352,99.03070052781106,96.65868679399057,-0.017453864,-0.028989637,-0.041406617,-1.0412376,85.33238,85.33238
3353,107.03288937016951,109.21972891841347,-0.20234229,-0.03995096,-0.45191774,-1.0861337,91.759834,91.759834
3354,124.20524311131612,123.91334415666499,-0.2670373,-0.080614746,-0.6535339,-1.0283599,76.6771,76.6771
3355,145.90792965724728,137.14388938294772,-0.20568582,-0.05253729,-0.5123238,-1.0232754,106.704346,106.704346
3356,158.1551037726713,146.31510649879286,-0.21308224,-0.013201322,-0.62702906,-0.9629786,106.78233,106.78233
3357,153.49286645477667,152.01134150984117,-0.12861452,-0.045128893,-0.44188324,-0.99889266,106.93519,106.93519
3358,140.7929972102624,157.51388330596686,-0.17676064,-0.039138824,-0.56056213,-0.97306037,98.8085,98.8085
3359,135.15106247207825,162.40955096596127,-0.13125652,-0.038435522,-0.447022,-1.0140803,105.79971,105.79971
3360,141.3407989021716,161.29115711677497,-0.059305225,-0.06590355,-0.43387064,-1.0059372,106.05699,106.05699
3361,151.36371848531846,153.21076682005682,-0.034253825,-0.040364638,-0.42659587,-0.9458973,111.58654,111.58654
3362,155.534610229011,144.62222282892898,-0.08964174,-0.028848322,-0.55340844,-0.94739246,113.219925,113.219925
3363,151.10041200301143,140.6067806950336,-0.10996346,-0.029065438,-0.55492115,-0.9353962,115.37812,115.37812
3364,142.05172212509834,140.45788457083438,-0.08815138,-0.030875843,-0.60081255,-0.94130003,117.211975,117.211975
3365,134.55118394557417,141.85769390501588,-0.07025252,-0.033036347,-0.6076301,-0.89702404,121.140656,121.140656
3366,131.87063067832503,144.15241548518307,-0.085161656,0.008576748,-0.67948115,-0.8034165,124.422295,124.422295
3367,132.6494782460285,147.05918744831905,-0.031373337,-0.011922092,-0.60647345,-0.8253642,130.40135,130.40135
3368,133.69801716414813,149.32161620927167,-0.033874165,-0.023780942,-0.5779777,-0.82322884,127.06256,127.06256
3369,133.68507445760812,150.31637839045428,-0.04753284,-0.015234788,-0.6127576,-0.794767,128.41399,128.41399
3370,134.08267992986848,150.68869581966578,-0.10809428,-0.0046348576,-0.7484827,-0.71201783,118.44608,118.44608
3371,136.49779238289204,150.10537377153577,-0.12320995,0.0018878746,-0.8339467,-0.6550083,113.83425,113.83425
3372,140.04290891415656,147.15598206292066,-0.13445175,-0.0018916279,-0.90117687,-0.6535438,114.624756,114.624756
3373,141.91893836752087,142.03385769984453,-0.13715957,-0.006398881,-0.98410666,-0.56312823,118.70076,118.70076
3374,139.66223233975086,136.77217651816127,-0.13311031,0.009977929,-1.008142,-0.51189816,117.911606,117.911606
3375,133.54379919097732,133.26487495791193,-0.15033829,0.04545387,-1.0837439,-0.44309044,110.95704,110.95704
3376,126.95506286587495,132.63793669506575,-0.17213756,0.03441265,-1.125925,-0.44362295,106.768715,106.768715
3377,122.97260973720451,134.84543356023022,-0.1844793,0.040049277,-1.2064415,-0.39332122,102.05628,102.05628
3378,122.18930917992627,138.2899440259383,-0.1789294,0.092176266,-1.2133619,-0.25314608,99.64833,99.64833
3379,125.09949239009612,141.22145716042579,-0.1260818,0.0962447,-1.1296654,-0.28519195,97.76087,97.76087
3380,132.46634143604868,142.8773100973494,-0.060363024,0.10551724,-0.9782735,-0.27700338,110.249084,110.249084
3381,141.89891823730545,143.40328723897903,-0.067402415,0.13409597,-1.0179994,-0.20948902,102.11703,102.11703
3382,148.29674235483606,143.51382979007948,-0.011808183,0.13777201,-0.8967683,-0.20332806,100.93801,100.93801
3383,148.57504840992829,143.65279118458147,-0.12708904,0.16671725,-1.0006665,-0.24490778,83.5471,83.5471
3384,143.52135391091846,140.0287096385012,-0.2151125,0.1690927,-1.1737175,-0.23800121,88.248695,88.248695
3385,136.14684746837187,123.92421224581392,-0.25745723,0.1577023,-1.1874516,-0.25390527,76.25162,76.25162
3387,130.57056131267424,99.26908823179159,-0.17913929,0.03583956,-1.0396132,-0.523351,126.20672,126.20672
3388,130.90126764304057,91.23785819415048,-0.0733764,0.032438524,-0.8806384,-0.5231083,125.9359,125.9359
3389,137.6832215154146,114.2942398800062,-0.042741477,0.07677195,-0.87306887,-0.42860624,128.06801,128.06801
3390,146.24380738198354,146.33722679999812,-0.12958366,0.17775418,-0.9861923,-0.20275854,124.996544,124.996544
3391,152.14685282040637,149.84312703619975,-0.06872379,0.16908717,-0.9078714,-0.24888147,137.68388,137.68388
3392,155.70276126549578,113.09677474229139,-0.0019553022,0.1355908,-0.8272285,-0.29473883,142.15404,142.15404
3393,158.20979759623066,69.91492859631983,-0.08077557,0.07044533,-0.9872019,-0.36198437,118.123634,118.123634
3394,159.3134872695996,67.59348142420802,-0.09069363,0.13077366,-1.0150275,-0.29326344,109.72765,109.72765
3395,159.52522859046977,112.59312322781807,-0.08998564,0.114541486,-1.0000114,-0.30804873,102.1878,102.1878
3396,159.3178470983348,166.69370398385186,-0.098791346,0.09578862,-1.0331008,-0.26166815,115.81076,115.81076
3397,157.84527237633003,192.82110293166727,-0.053648707,0.09672817,-0.95413566,-0.2685085,136.94617,136.94617
3398,157.07196969532933,186.95359246192893,0.039611336,0.05650052,-0.8346941,-0.31320468,152.00801,152.00801
3399,160.86146006703325,169.48527661568247,-0.030041076,0.073820144,-0.93006283,-0.38480833,134.27254,134.27254
3400,167.07382384907797,158.37433137435073,0.037146486,0.046432406,-0.783201,-0.4267524,119.79385,119.79385
3401,168.3059393089309,155.65849898882064,0.053565666,0.06595705,-0.7542892,-0.43095052,109.43975,109.43975
3403,162.69741393350145,155.04220484164347,-0.09291738,-0.11783793,0.9280438,-0.4343206,195.30092,195.30092
3404,157.25594467464282,151.6217974416931,-0.10685651,-0.14055341,0.92673725,-0.47428778,173.37384,173.37384
3405,157.1847509231828,144.5582834407896,-0.11443489,-0.18584399,0.93702555,-0.61472005,122.526985,122.526985
3406,158.8415538677847,138.33816247814934,-0.16457526,-0.20143145,0.74868256,-0.5917159,85.96644,85.96644
3407,158.20516180085698,139.40916688889766,-0.2269667,-0.34183967,0.62741625,-1.2150419,45.656693,45.656693
3408,158.1770272153126,148.3028704269751,-0.33931875,-0.6301656,0.2337836,-1.773992,44.473156,44.473156
3409,162.64349225088986,158.80068255559277,-0.5867178,-0.59326404,-0.15358143,-1.6678915,43.58342,43.58342
3410,169.8994841598496,165.00940457026823,-0.25354278,-0.19777137,0.440834,-0.9972067,82.77186,82.77186
3411,174.98950437151302,164.6495349699072,-0.29990897,-0.1784893,0.35574076,-0.9671399,110.74527,110.74527
3412,175.1233589281721,156.72930406283777,-0.27370498,-0.15775411,0.38136283,-0.79489875,120.61684,120.61684
3413,171.4263867117628,142.61155427778948,-0.2701957,-0.10788597,0.32792866,-0.82699734,131.39484,131.39484
3414,167.47839080426112,129.22605262622798,-0.2450887,-0.041885823,0.35444173,-0.7894751,134.98581,134.98581
3415,166.67520979552455,125.0859202477455,-0.25622472,-0.018520018,0.33260158,-0.8182248,130.95851,130.95851
3416,169.6780004072451,132.14856436528774,-0.26843172,-0.036956403,0.31066883,-0.85436416,127.50339,127.50339
3417,174.2433907550106,144.25697879828664,-0.17716642,-0.02627676,0.4400139,-0.773694,139.8349,139.8349
3418,177.41679860542217,152.844497381699,-0.16642605,-0.026826443,0.49687368,-0.8240045,159.61569,159.61569
3419,177.642254583134,153.05866997141067,-0.13784684,-0.031687442,0.528921,-0.8204077,159.17323,159.17323
3420,175.23488253822273,146.46366791303095,-0.13589057,-0.026331218,0.49219888,-0.7592256,155.47482,155.47482
3421,171.33126300133944,140.01122015170338,-0.17896168,-0.07478976,0.3843378,-0.80479,147.8322,147.8322
3422,167.33929862325627,141.0924377629975,-0.20781417,-0.09726824,0.30825585,-0.8207633,137.87248,137.87248
3423,165.3653137338209,150.892949094187,-0.12766787,-0.08131969,0.46771348,-0.7982647,140.61745,140.61745
3424,166.25357523271592,163.1405531491842,0.034110896,0.06531492,0.8285698,-0.37965167,156.45775,156.45775
3425,166.83553775390715,170.51059939272852,-0.12953259,-0.07520705,0.50352395,-0.66517305,141.47264,141.47264
3426,162.7956917199781,170.47540810343372,-0.15906669,-0.12998582,0.46477306,-0.78835106,143.59734,143.59734
3427,154.42329773162538,165.6109165440203,-0.0085898815,-0.06460796,0.75949746,-0.62073267,165.48643,165.48643
3428,146.19239430715783,160.7324770860491,-0.07435617,-0.17824103,0.6101606,-0.813922,176.0786,176.0786
3429,140.98814511171375,158.67982153874698,-0.032923736,-0.19716181,0.64180875,-0.874065,166.30008,166.30008
3430,138.44298194529685,158.5308355718673,0.047660757,-0.13885707,0.8058037,-0.7414917,153.91219,153.91219
3431,138.25735583661685,158.09416215871175,-0.12479249,-0.11776502,0.47784346,-0.69027436,170.66026,170.66026
3432,141.14747952243312,156.1181826469436,-0.11197672,-0.048997752,0.57211316,-0.56533796,170.59984,170.59984
3433,146.73536487319623,151.617470087939,-0.09739403,0.012788683,0.59331095,-0.43449873,175.01808,175.01808
3434,151.5433373415053,143.0097735009405,-0.1717046,-0.0107257,0.574136,-0.42047447,176.43272,176.43272
3435,149.59790178821348,130.3186171294175,-0.1628899,-0.03743045,0.6242909,-0.5223208,172.33215,172.33215
3436,139.56280397168578,116.95260715259025,-0.1689989,-0.045814626,0.6352708,-0.542169,171.3055,171.3055
3437,130.20478572140328,106.51705262246318,-0.18490894,-0.08260114,0.6970248,-0.5777221,175.85493,175.85493
3438,131.3297256666814,100.10716338505333,-0.24392915,-0.06309273,0.55326754,-0.6290214,164.78198,164.78198
3439,141.99218877556154,98.16716847908586,-0.21267869,-0.065344386,0.6775682,-0.5674183,176.37312,176.37312
3440,153.4979674877865,101.44561679144198,-0.2053401,-0.066305615,0.67234224,-0.479582,180.1526,180.1526
3441,159.8031878481951,108.7223073947028,-0.18720898,-0.086720824,0.7434819,-0.47972503,189.60027,189.60027
3442,161.53052719371146,116.1045336469883,-0.18833284,-0.084400795,0.7733834,-0.4492671,193.26881,193.26881
3443,162.59419243473266,120.030637358473,-0.17557362,-0.09023316,0.8184908,-0.4477601,190.22713,190.22713
3444,165.08447823167438,120.15829099971978,-0.16266061,-0.07304596,0.8463042,-0.41864762,197.99129,197.99129
3445,167.62183588199457,118.7576667772088,-0.1632703,-0.06727852,0.85906667,-0.39512902,196.44037,196.44037
3446,167.6907413577437,118.0973190915839,-0.15725118,-0.0601437,0.85703796,-0.3887377,198.09631,198.09631
3447,164.24924333756172,118.87651241626024,-0.13881512,-0.05077037,0.8627422,-0.36092326,200.98297,200.98297
3448,158.12383061329973,120.51048670266064,-0.070475005,0.0031165804,0.93686414,-0.23504078,211.48778,211.48778
3449,150.7596795176177,122.33554690528757,-0.05300055,0.013884422,0.94541794,-0.2485017,214.99467,214.99467
3450,143.04304972137788,124.03137102585163,-0.04210174,-0.0092677,0.95763344,-0.2787504,214.22598,214.22598
3451,135.59836023765754,125.1539952288154,-0.034475252,-0.007767281,0.96829116,-0.26460612,213.04169,213.04169
3452,130.11660046687916,126.10879870151945,-0.06804726,-0.010715257,0.9104126,-0.3582903,207.13861,207.13861
3453,129.3199108374695,128.96022955962002,-0.035849374,-0.017081672,0.9067847,-0.34333694,213.11261,213.11261
3454,133.9764460697529,134.39881788563855,-0.01395279,-0.060097385,0.8474724,-0.41597214,204.95401,204.95401
3455,139.9346221960116,140.1926993985397,-0.058868732,-0.06823953,0.82513106,-0.4779543,208.4592,208.4592
3456,141.63612434634751,144.15052978788475,-0.10503464,-0.06457212,0.80446476,-0.5389406,217.948,217.948
3457,139.51430776020982,144.70312003227676,-0.07048968,-0.057476968,0.81423557,-0.5690527,229.04523,229.04523
3458,139.94893911018892,141.8547973378909,-0.03728124,-0.049432807,0.8653635,-0.5574523,237.51675,237.51675
3459,147.1804846890793,140.19299092060712,-0.015016629,-0.07010918,0.8654442,-0.5091503,220.68633,220.68633
3460,158.44755726772155,144.8780864343446,-0.007160364,-0.09038143,0.9152823,-0.50749093,230.1488,230.1488
3461,168.03059312860137,155.42614019790182,-0.0010094139,-0.07455393,0.9387866,-0.43182543,217.49597,217.49597
3462,172.58321124328887,166.45009926379345,-0.010689119,-0.060656775,0.91390795,-0.40430748,223.4105,223.4105
3463,171.8975837238501,172.76308644807855,-0.013222565,-0.074925944,0.89266294,-0.4354229,206.52838,206.52838
3464,166.28890583126469,172.76893036723294,-0.03067079,-0.011216565,0.88809013,-0.31664115,201.99191,201.99191
3468,154.23341930353408,167.01899681177434,-0.017762056,-0.07776049,0.9471494,-0.4230287,244.44913,244.44913
3469,140.01465513983868,158.4852073454793,-0.017983824,-0.08135496,0.92188483,-0.39750642,216.45903,216.45903
3470,137.55147830159734,154.13619832268193,-0.07183117,-0.099511,0.8587146,-0.38300437,196.0579,196.0579
3471,152.44174224317536,158.37062747777114,-0.030612271,-0.024642514,0.8968144,-0.22104056,152.45096,152.45096
3472,172.11064455501702,166.71983732922803,-0.017367847,-0.0037909674,0.9080284,-0.15510568,157.6849,157.6849
3473,181.25996786205184,170.37474608195103,-0.041409045,0.012736014,0.89382803,-0.1405785,157.54538,157.54538
3474,176.01600440693196,164.83369875181214,-0.040652223,0.0038811446,0.88184845,-0.16996886,146.32323,146.32323
3475,163.8430243289306,153.89902911640183,-0.029782156,-0.041860744,0.89639026,-0.2656421,155.67552,155.67552
3478,155.73031381590368,146.34192493299025,-0.018933984,-0.12745944,0.90572244,-0.43120593,272.84357,272.84357
3486,157.8017083426161,148.33562846500593,0.017828897,-0.12677713,1.0323559,-0.0065236487,210.27107,210.27107
3488,167.77202614008695,158.20312750293434,-0.023590272,-0.13792394,0.8924407,-0.41043097,289.93304,289.93304
3489,177.77552585011662,168.7086914648799,-0.005983265,-0.1394558,0.9697764,-0.3925954,292.49265,292.49265
3490,181.55292954102873,174.6803380287492,-0.011572309,-0.12590632,0.9509648,-0.35895342,287.97888,287.97888
3491,179.38913041518106,176.40963651356782,0.006062965,-0.11665468,1.0051824,-0.32412222,300.70786,300.70786
3705,173.7633031412709,174.27968976922983,0.0061758854,-0.05327644,1.0429984,-0.28114003,69.59481,69.59481
3706,161.5770717284138,163.2803596176793,0.023874976,-0.06846099,1.0990275,-0.33079007,57.69905,57.69905
3707,139.62209091639383,141.2758550370235,0.034240976,-0.025555264,1.0588403,-0.25526237,69.80697,69.80697
3708,116.30209540637894,120.15528519320162,0.046134047,-0.05272978,1.0724757,-0.38369468,60.871044,60.871044
3709,104.94650898899171,115.27545943718556,0.03346861,-0.046839688,0.99671346,-0.41135532,60.39576,60.39576
3710,107.8374646969729,127.30445199977963,0.06993746,-0.004403561,1.0738463,-0.32490957,54.51299,54.51299
3711,116.55881378250162,144.06768661479572,0.058440287,-0.012181043,1.0431402,-0.3103033,56.109455,56.109455
3712,123.71175281840443,155.05192083546027,0.062976226,-0.027281646,1.0257915,-0.37096953,56.58835,56.58835
3713,127.65526054970523,158.79850764258995,-0.01315348,-0.026895909,0.99586,-0.39535752,65.807724,65.807724
3714,130.7268597602336,158.31401469501637,-0.060102534,-0.014560061,0.9547362,-0.33738285,68.56366,68.56366
3715,136.93309043541535,154.44403297307053,-0.036871746,-0.01317608,0.9796522,-0.2807993,69.98433,69.98433
3716,146.52418165286178,147.3661113764737,-0.082454145,-0.011593997,0.9315477,-0.22854656,68.27895,68.27895
3717,153.20733174709383,139.08565667125427,-0.05969888,-0.008836196,0.94663745,-0.18339776,69.916725,69.916725
3718,150.55242224098933,130.62598532285608,-0.046094492,-0.009669874,0.98873305,-0.14982063,69.91678,69.91678
3719,138.85344539556075,122.32712981457537,-0.023482114,0.002444441,1.0161222,-0.061794482,69.38875,69.38875
3720,124.20592914763674,116.5620649457393,-0.010872646,0.027676143,1.0303375,-0.03873391,70.22668,70.22668
3721,112.56640994366136,115.83350260810278,-0.02230181,0.024755564,1.0016298,-0.011186648,68.304565,68.304565
3722,105.53942119532817,119.41595793170936,-0.02159169,0.029683191,1.0097362,-0.0041924044,68.04647,68.04647
3723,101.10977080864228,123.24554262712657,0.0021279673,0.059344087,1.0698789,0.06909874,68.95243,68.95243
3724,97.0850714844448,123.23774939758005,0.016971389,0.0674672,1.0504612,0.003693414,67.98551,67.98551
3725,93.9436286184902,118.8102188406148,0.006448593,0.073007286,1.0447267,-0.033561714,69.16934,69.16934
3726,94.35993204550456,113.06267877366778,0.0021363155,0.08761209,1.0416993,-0.011083178,65.883095,65.883095
3727,99.57376445073989,110.17876122904912,-0.0077561806,0.049745213,1.0128801,-0.029075839,62.040997,62.040997
3728,107.94244582116357,112.6334272582982,-0.010315494,0.03636332,1.0106452,-0.12134362,60.777813,60.777813
3729,116.21702905839777,118.92081900113921,0.03076128,0.09239316,1.062191,-0.03980846,63.088203,63.088203
3730,120.0171108621962,123.6702403553498,-0.007073537,-0.027510157,0.9680594,-0.3524417,60.60772,60.60772
3731,116.68443906072017,123.06529660018236,0.01730001,-0.021234965,1.0186615,-0.3086029,60.167225,60.167225
3732,109.60713616221894,119.78390146898796,0.024884073,-0.001964479,0.97357196,-0.34280613,60.461025,60.461025
3733,105.54938605995626,119.3148115655743,0.042681687,-0.0034503853,0.98868746,-0.35392702,60.506504,60.506504
3734,107.55174674476466,124.1705842039819,0.023962138,-0.02844897,0.92111903,-0.39949146,56.562008,56.562008
3735,113.46567834432281,134.2884821259185,0.07751301,0.013505511,1.0059952,-0.29327738,56.0752,56.0752
3736,119.75140725608195,148.07511823294504,0.08187083,0.047202893,0.9960906,-0.21073878,54.427868,54.427868
3737,124.29433263285664,161.4441858617678,0.06866788,-0.009804933,1.0013907,-0.34128028,53.99205,53.99205
3738,126.78616474498085,169.70794667561205,0.08706657,0.0420223,1.007948,-0.31865335,54.67373,54.67373
3739,127.84478718161841,170.85438068959496,0.07198146,0.021327484,0.95816094,-0.3951947,53.93506,53.93506
3740,128.06307563235947,166.35244554520978,0.05707904,-0.00069748255,0.94820976,-0.44119492,53.292244,53.292244
3741,128.0403181011826,159.62249183611243,0.08236419,0.0016723786,0.98171014,-0.3921087,49.762318,49.762318
3742,128.8180686650379,154.60824379668813,0.02277164,-0.02181385,0.8900442,-0.4778369,49.323147,49.323147
3743,130.87278077150276,154.19324937036492,0.0049555725,-0.0013463009,0.913334,-0.4252774,49.438305,49.438305
3744,131.53887607256962,155.95501012839694,-0.06102373,0.001990245,0.8522898,-0.5596624,46.736748,46.736748
3745,126.14214727154754,152.96351477637901,-0.06936707,0.003869783,0.80716014,-0.65134275,42.025143,42.025143
3746,114.70702096508496,143.1679079732363,-4.89498e-05,0.026892157,0.8761669,-0.62804466,42.394356,42.394356
3747,104.26164306292036,131.63907576726703,0.06866851,0.076443635,0.9590862,-0.5553897,41.35406,41.35406
3748,101.43549106327237,122.99461778368169,0.058320593,0.07562637,0.90318424,-0.6383193,40.74411,40.74411
3749,106.00264342629113,119.05864712022819,0.08084744,0.09958619,0.887901,-0.52497816,35.05197,35.05197
3750,113.87137896154577,120.99719377140481,0.050669175,0.10458571,0.81673545,-0.5265574,33.9162,33.9162
3751,122.14443336976746,127.44878452780056,0.02296902,0.07829765,0.75988674,-0.63550013,32.35506,32.35506
3752,129.4942965180812,133.82146663816582,0.07924927,0.14318378,0.8641779,-0.54747677,25.675821,25.675821
3753,135.77258267991417,137.25457975374138,0.03532867,0.17414337,0.6984876,-0.49738955,22.448929,22.448929
3754,141.91661234224125,139.6363595575844,-0.019563662,0.17899583,0.5821732,-0.60040265,21.957312,21.957312
3755,148.3178470127894,143.95632570226064,-0.10829713,0.12160202,0.37127426,-0.81322145,21.943932,21.943932
3756,154.0903045818455,150.20617216232412,0.18601333,0.23713276,0.90102845,-0.77866226,13.010713,13.010713
3757,158.70315325738645,156.48910680630934,0.41293493,0.2766536,1.0528948,-0.5338759,15.71792,15.71792
3758,162.87716098669955,161.70950393007723,0.3292968,0.14634003,0.8642007,-0.686935,18.752228,18.752228
3760,166.53533688934874,165.00447469962103,-0.0063297576,0.025414376,-0.97238666,-0.12130452,287.10764,287.10764
3761,168.07789644715493,164.99049460670278,0.0002582089,0.019924251,-0.9632738,-0.11057181,293.10995,293.10995
3762,167.08517401545805,161.81545331582805,-0.0033026873,0.042115368,-0.9717489,-0.036852352,279.90494,279.90494
3763,165.11215760406662,158.01205082807158,0.0037741007,0.04708655,-0.9714272,-0.0030799955,277.25458,277.25458
3765,163.70450729554648,156.45410178100002,-0.01639735,0.02884424,-0.9828925,-0.07310466,318.34235,318.34235
3766,163.67456597713291,158.96385392595934,-0.016084472,0.04728957,-0.98169935,-0.019421503,326.21582,326.21582
3767,165.57262310006232,165.18059740543978,-0.001947742,0.03936691,-0.98424983,-0.013419708,321.4171,321.4171
3768,169.40609890610355,171.35732873646765,-0.003275489,0.079506055,-0.96521133,0.10175545,303.76996,303.76996
3769,173.9660492340592,173.41795762085053,-0.0018744764,0.06990986,-0.9657485,0.08716486,322.77893,322.77893
3820,177.26293206883642,171.80243996461752,-0.024619777,0.058964685,-1.0060656,0.14870988,294.88528,294.88528
3821,177.88014087516947,170.28114748942085,-0.009369597,0.06694126,-0.97818047,0.17351677,298.48584,298.48584
3822,175.60228522924987,170.60543297503986,0.0020824682,0.06726548,-0.9578203,0.17698531,291.68362,291.68362
3823,171.3826258375085,171.69425558251103,0.0035163409,0.06372229,-0.9559473,0.18123533,289.52438,289.52438
3834,167.54630697725378,172.75318560643612,-0.00022777513,0.053680986,-0.97354174,0.16791369,297.97412,297.97412
3835,166.57016336921595,173.2041357459995,0.0090157185,0.07106838,-0.95101964,0.20501,297.96863,297.96863
3836,167.90465990833917,171.2423966938289,0.011905522,0.0658507,-0.94638956,0.19455782,306.31076,306.31076
3837,167.6589108094609,165.88762750166694,0.014163028,0.07270511,-0.9564867,0.21233423,305.76126,305.76126
3838,162.89481917885334,158.6805142963659,0.013853405,0.068640634,-0.96950555,0.19470285,305.18008,305.18008
3839,154.49814287318216,151.74589389845187,0.005508971,0.06198893,-0.96941406,0.18120132,301.52124,301.52124
3840,145.6750641140679,146.2546616531622,0.00657561,0.072838284,-0.9655237,0.2042126,302.78055,302.78055
3841,138.09277321174025,142.28976871148058,0.0107240295,0.055971112,-0.96144646,0.18342589,309.43784,309.43784
3842,129.7253831230643,138.72094525908605,0.005518602,0.05673284,-0.969061,0.17801587,308.5268,308.5268
3843,120.95931982407765,136.21555593636236,0.0052373745,0.05227892,-0.9698226,0.16677201,310.8876,310.8876
3855,119.72722657255221,138.9646835082058,0.01765319,0.024914145,-0.90426296,0.22727342,304.564,304.564
3856,131.54791212268424,148.83524105763928,0.009083355,-0.013677127,-0.94973874,0.12837236,308.72516,308.72516
3857,150.2641633831659,161.77411893670273,0.0036872693,0.018948173,-0.97108287,0.11699909,311.95676,311.95676
3858,165.3988142409429,172.39927720163809,0.00079320226,0.037502002,-0.97695553,0.123470396,312.48495,312.48495
3859,172.31747964084857,177.94680018102116,-0.0003048638,0.044526562,-0.9744258,0.123835325,319.12625,319.12625
3860,172.83676841533998,178.28101398380755,-0.0004810609,0.059096906,-0.97665316,0.12330249,311.86157,311.86157
3861,171.08133492060517,175.537156409778,0.0045369756,0.058697075,-0.9538068,0.12854888,328.41046,328.41046
3864,170.40881279460712,172.854513766955,0.011498348,-0.036759883,-0.951367,0.01662671,297.89435,297.89435
3867,172.0302897168493,171.54891411156382,0.037639987,0.08797654,-0.88792163,0.24560428,347.16272,347.16272
3868,171.6011944821415,167.93841597514404,0.011783772,0.06684546,-0.9429664,0.16353473,373.23636,373.23636
3869,159.33487168431782,154.82081543391476,0.0022359071,0.036171544,-0.9635691,0.11813579,379.7112,379.7112
3870,137.3582562068564,135.53084536945474,0.005737463,0.037197076,-0.9751308,0.10224774,382.28732,382.28732
3871,127.56283944398899,128.75357413486174,0.007675986,0.0708255,-0.93234575,0.14201126,354.26855,354.26855
3872,143.2289985959179,143.50982760788148,0.009664587,0.07031376,-0.9471186,0.13811389,363.27734,363.27734
3873,169.61208942640275,164.00142690946916,0.012413343,0.07107424,-0.9457057,0.12948593,358.30917,358.30917
3874,183.18156237527836,170.32670545177047,0.011648237,0.06508737,-0.961467,0.12359966,353.22958,353.22958
3875,175.6791739368679,159.9889120123345,0.018600335,0.063855074,-0.96406347,0.13358337,364.22238,364.22238
3876,158.5309442764899,145.41462858466036,0.016356034,0.06837293,-0.9534635,0.1477372,361.80682,361.80682
3877,148.81076294284267,138.83586619807326,0.01876819,0.06681371,-0.9480838,0.15353546,366.74057,366.74057
3878,151.71856511742115,142.36089178570546,0.018626899,0.06440491,-0.93641186,0.15167122,344.8356,344.8356
3879,159.5181185319677,150.04181965165662,0.01559736,0.05837732,-0.95528376,0.14594364,357.19437,357.19437
3883,161.18176663702812,152.41905822641544,-0.019347286,0.024219865,-0.98654276,0.22464196,239.38918,239.38918
3884,148.62115598180478,140.41103409367446,-0.014010651,0.0140279485,-0.95772547,0.20342414,211.70505,211.70505
3885,126.28839691646033,119.42900084678163,-0.00085499254,0.025111094,-0.94248205,0.18724121,198.16968,198.16968
3886,111.74194775604649,108.39343083214234,0.0048792465,0.012393317,-0.9583432,0.14317866,201.20944,201.20944
3887,113.90717871806383,107.98532986044395,0.020611566,0.003986419,-0.92199755,0.15753649,187.02109,187.02109
3888,124.3647503031032,99.05447772450437,0.040673856,-0.035019834,-0.90336794,0.10267406,171.12233,171.12233
3889,132.65163037074956,81.80387788579273,0.031299174,-0.03140651,-0.9119148,0.11509245,170.5851,170.5851
3890,134.37530100273224,79.00023167989791,0.026549075,-0.005948733,-0.88430506,0.18908578,158.80728,158.80728
3891,129.39064946536269,97.58080114778947,0.0006760353,0.00029789325,-0.877247,0.29705185,150.59367,150.59367
3892,121.32328270529649,117.42824267110258,0.0010081714,0.033812057,-0.8694235,0.41801435,143.3598,143.3598
3897,117.06554068386973,122.28055204702603,0.059482213,0.004962864,-0.17089838,1.0007296,164.0972,164.0972
3898,123.63840732484172,120.77083086682936,0.021855554,0.025865903,-0.24055669,0.9975752,157.61221,157.61221
3899,141.27405834203682,128.15120037939514,0.045447715,0.043857716,-0.24240406,1.0142324,150.2467,150.2467
3900,160.11731400949358,143.6263886951485,0.064626195,0.059845883,-0.2323986,1.0374215,142.93816,142.93816
3901,169.12687942409678,155.5334673850037,0.04865043,0.033762675,-0.27321956,0.9983818,146.29741,146.29741
3902,166.95717292026046,157.40863660853938,0.02595333,0.053118717,-0.2930907,1.0216872,143.51651,143.51651
3903,160.74037565097944,152.3955210058251,0.054217897,0.038897604,-0.30911335,1.0083464,146.48555,146.48555
3911,157.1704705259482,148.06693173777106,0.0851121,0.062498208,-0.23237284,1.0527705,169.71385,169.71385
3912,157.8607399156331,150.72422624946373,0.08458923,0.060268123,-0.27405518,1.040171,162.45357,162.45357
3913,161.37975294217844,161.03345281722056,0.088329904,0.06933184,-0.24950491,1.0459003,156.19849,156.19849
3914,165.80111422493363,172.63861892490894,0.036281817,0.06942688,-0.35140875,1.0301753,145.93535,145.93535
3915,168.90564581895487,176.72636567586048,0.018067798,0.027616737,-0.39938712,0.951359,152.04234,152.04234
3916,168.9113431440541,168.89647438473662,0.050454814,0.01836356,-0.3670506,0.9533845,149.95917,149.95917
3936,166.35642358422808,153.3791444104986,-0.0047040167,0.009265184,0.30657843,0.9120759,71.78158,71.78158
3938,162.21976372276808,138.5455862725899,0.14755845,0.1378986,-0.20568502,1.0419239,61.500515,61.500515
3940,151.04338685477805,122.94582664722186,0.22538637,0.01952515,0.27138788,0.9982357,77.38042,77.38042
3941,122.78077325014128,97.39605115495613,0.24948102,0.006718711,0.31041822,1.0318604,69.00476,69.00476
3942,78.7442501191964,67.3694136284054,0.18866566,-0.0059552197,0.29115263,1.0138763,83.56537,83.56537
3943,37.974185691054075,49.98273703608109,0.2019915,0.0057058576,0.307104,0.98620796,87.06231,87.06231
3944,18.91485817328298,47.56618441176553,0.16825636,0.030060006,0.25292313,1.0220642,86.406555,86.406555
3945,20.36734111024174,47.68443363168034,0.17442426,0.03329127,0.27482086,1.0116756,88.61219,88.61219
3946,27.685786790108892,42.2616852115089,0.17252983,0.022085845,0.27669826,0.9897735,88.27996,88.27996
3947,30.81548538724388,33.42741212119532,0.20797896,0.014197241,0.33714542,0.98720175,88.090416,88.090416
3948,29.550687668772927,29.723856361631384,0.2049898,0.009126233,0.29144505,0.967737,90.871574,90.871574
3949,26.76176573102134,41.664031851140685,0.15698512,0.03067143,0.20389234,0.9764898,93.71554,93.71554
3950,22.51087520702637,72.6783799357404,0.17270781,0.02942799,0.20371309,0.9339084,93.29704,93.29704
3951,16.871798110907925,107.87596255734708,0.18731262,0.025259798,0.27962953,0.94988096,95.08005,95.08005
3952,15.782645962127914,121.64937008126266,0.19485587,0.028485622,0.28756893,0.9516485,99.4486,99.4486
3956,27.246649872336548,105.02926793729948,-0.1348065,0.04435279,-1.0574813,0.6054342,61.60654,61.60654
3957,53.753183182249856,75.83527184543016,-0.14589912,0.049080182,-1.0573747,0.62862056,55.669502,55.669502
3958,92.48991279437246,61.34816089578103,-0.07494809,0.0872319,-0.8528568,0.713079,54.65127,54.65127
3959,134.86814873525879,72.62488191617166,-0.094223216,0.11182469,-0.910351,0.79154116,44.751324,44.751324
3961,160.97328654475413,89.09754056660896,-0.062350634,-0.031711362,-1.0607569,0.114194945,83.91637,83.91637
3962,148.79352265951437,83.79899222881305,-0.11470272,-0.08644844,-1.1514945,0.16052918,75.42479,75.42479
3966,106.13557254886719,67.3168837417534,-0.17227748,0.08227389,-1.2233561,0.60348815,51.59367,51.59367
3970,75.73470514531512,73.91005086949752,-0.039956443,0.06702826,-1.0305344,0.11049245,93.3863,93.3863
3972,83.76852290156619,105.04824977978721,-0.026828667,0.122153305,-1.0106229,0.31912124,89.81918,89.81918
3973,110.67472094880392,129.03577853811473,-0.044941727,0.16905653,-1.0656142,0.37601256,52.513477,52.513477
3978,130.36970982375516,134.02079132649928,0.012311652,0.0713342,-0.98072237,0.15101293,257.50305,257.50305
3993,140.06836814930094,138.0555013196582,0.14048591,-0.4940892,-0.7311127,-0.97448295,28.47999,28.47999
3994,142.21023429718562,150.34067745252764,0.23123768,-1.3748461,1.4081918,-1.8113612,14.222939,14.222939
3997,133.66775430170958,158.6857460381718,0.045450363,-0.19202538,1.0922053,-0.54251164,83.25827,83.25827
3998,120.2881211322058,154.02147140459078,0.010622081,-0.15374082,1.0605468,-0.49462107,74.50346,74.50346
4001,116.35764014212165,144.3447282518167,0.022188948,0.026169151,1.0373023,0.005525382,95.650116,95.650116
4002,125.65808228600038,140.99056796987816,-0.026301669,0.012496642,0.9686461,-0.10123902,66.05534,66.05534
4003,138.61328074369143,143.95109263861684,0.031709626,-0.053724296,1.0219572,-0.24828972,65.807495,65.807495
4004,146.64208432830102,147.64145855965702,-0.03655125,-0.071847886,0.9465347,-0.31120008,82.75116,82.75116
4005,148.9170066731251,151.74247501124987,0.00014385606,-0.1155178,1.0529138,-0.46312928,87.82583,87.82583
4006,147.9076052717156,158.39873718117875,-0.008062122,-0.12096235,1.0519277,-0.43179408,92.03586,92.03586
4007,145.71407895329594,165.69536941291682,0.023259196,-0.10983449,1.0536394,-0.3904351,85.250114,85.250114
4008,143.78998965697608,169.323906731714,0.047842983,-0.119911745,1.0685343,-0.39241403,81.83738,81.83738
4009,142.31997229197185,167.46102291516755,0.04712296,-0.11395116,1.0605472,-0.38788664,85.12911,85.12911
4010,139.567873501141,162.04859107817282,0.0557071,-0.13969867,1.0424948,-0.41790622,87.74575,87.74575
4011,134.22552287502137,156.63728955325493,0.03662838,-0.10681245,1.0076271,-0.41452247,91.3035,91.3035
4012,128.42287970655997,153.9497568641951,-0.039790343,-0.045087483,0.9215957,-0.45439017,96.291756,96.291756
4013,125.68725761736324,154.33974072504373,-0.04760958,-0.060553525,0.9782151,-0.52043194,103.06328,103.06328
4014,127.07947340430815,156.08123638509778,-0.058473982,-0.063401036,0.9288037,-0.53098583,100.36557,100.36557
4015,131.7562938553279,157.27261297477006,-0.08568514,-0.039185334,0.82267475,-0.50310117,92.406296,92.406296
4016,138.84837296916427,156.413863165977,-0.138946,-0.056175426,0.6447084,-0.6489677,80.95748,80.95748
4017,146.20319113839312,152.73404572380602,-0.09598315,-0.06816459,0.6480966,-0.75815654,71.87579,71.87579
4018,150.73842136966863,148.32395403526345,0.06659794,-0.025948567,0.7120804,-0.74261945,73.35443,73.35443
4019,153.46980648025067,147.54082843027342,0.058787443,-0.005356784,0.7355608,-0.79049706,72.967125,72.967125
4020,158.84303668414265,152.0003232129029,0.12138413,0.0037903755,0.70546955,-0.7954986,72.888725,72.888725
4021,166.4751359060235,158.6850205905032,0.07039599,0.020689605,0.6431229,-0.81083363,74.54603,74.54603
4022,170.8347744015621,163.93618088215285,0.07392743,0.033268824,0.65278363,-0.78774595,76.366356,76.366356
4023,169.61492396485528,166.36098445912225,0.0455792,0.025747737,0.6651742,-0.77861196,76.19753,76.19753
4024,166.44297873672946,166.06420169914554,0.038408846,0.021929802,0.6865435,-0.7545496,76.31133,76.31133
4025,165.56429276246814,164.1213208935308,0.041503623,0.024829157,0.7166026,-0.71770746,76.48582,76.48582
4026,166.75796384567926,162.79719663368436,0.03964496,0.030433306,0.71974695,-0.6954205,76.38293,76.38293
4027,166.47539876271588,164.10548143000904,0.04082819,0.031557247,0.737859,-0.6780682,75.51922,75.51922
4028,162.98611738566888,167.42263469866472,0.038982287,0.032413464,0.7462888,-0.6767266,75.39701,75.39701
4029,158.06816952625817,169.64041260448778,0.06599676,0.030743284,0.7848284,-0.68726975,74.33522,74.33522
4030,153.9572235538765,168.61566138242273,0.07381688,0.02152802,0.77973336,-0.6953577,74.88905,74.88905
4031,151.20621937270047,165.65709705086948,0.06462214,0.017916182,0.76481843,-0.7023002,74.688614,74.688614
4032,149.233240629321,163.9170567880616,0.065762095,0.017720718,0.7648428,-0.69755274,74.93553,74.93553
4033,147.160275922579,165.10769511622263,0.06671018,0.016768793,0.75742805,-0.69564724,75.919075,75.919075
4034,144.65273840529787,168.1421977221994,0.042115923,0.013829373,0.72433233,-0.70982504,74.2275,74.2275
4035,142.6117822819267,170.63933589347738,0.030741958,0.0118637355,0.69311064,-0.7251881,74.47443,74.47443
4036,142.53821879005153,171.39149596126555,0.06288721,0.016980104,0.7314968,-0.709746,75.46314,75.46314
4037,145.58809108772252,171.00038456239847,0.0425177,0.011525491,0.6895934,-0.7416528,74.21082,74.21082
4038,152.37949485040033,170.5839106068668,0.042826574,0.006417511,0.68958217,-0.7560352,73.99341,73.99341
4039,162.09595942243453,170.3635152446452,0.018445488,-4.597006e-05,0.6211606,-0.8114118,74.35206,74.35206
4040,171.7766754884741,169.48818873798737,-0.013192953,0.00456536,0.566429,-0.83620465,75.455696,75.455696
4041,178.2240682697943,167.33995112755665,-0.012318673,0.005941212,0.52886415,-0.857168,74.15183,74.15183
4042,180.0166609844951,164.49674808729668,-0.048596907,0.0052147307,0.45759422,-0.8750144,73.216705,73.216705
4043,177.34855448435428,162.1303033581578,-0.050155737,0.007641069,0.41729522,-0.90110856,73.11212,73.11212
4044,172.06109320002935,160.9973609401316,-0.054268602,0.008500094,0.37496644,-0.91459256,72.875175,72.875175
4045,167.61504453476843,160.94443255781158,-0.06467092,0.004403936,0.37631592,-0.921834,74.9022,74.9022
4046,166.4920312194162,161.07643266435326,-0.078793675,6.543858e-05,0.34466782,-0.9258299,76.015785,76.015785
4047,168.0044570063694,160.47151015337175,-0.0847908,-0.003849596,0.33294833,-0.93504274,77.142265,77.142265
4048,169.84464368978323,158.67265410121425,-0.05507489,-0.016869321,0.3548765,-0.9771266,77.09119,77.09119
4049,170.14943355966182,155.90131490773132,0.056080967,0.012596079,0.48537293,-0.9478126,75.128105,75.128105
4050,168.03233803244686,153.4493239176409,0.0006448208,0.00961817,0.32396546,-0.9591734,74.966324,74.966324
4051,164.07644283290767,153.13269633034474,-0.0019972487,0.014881644,0.30693346,-0.9780515,75.57393,75.57393
4052,159.9289810609281,155.23801681141853,-0.056402307,0.008190305,0.13059783,-1.0209112,76.04518,76.04518
4053,157.2977404710006,157.70328583328816,-0.03338119,0.005365644,0.2770841,-1.0134227,79.3703,79.3703
4054,157.40046890823788,158.48687539605538,-0.012045527,0.0051734857,0.31648576,-0.9942352,81.5692,81.5692
4055,159.87803746054064,157.81138719355434,0.017873267,0.008931349,0.36891356,-0.9840432,80.85082,80.85082
4056,163.05850461578186,157.1590905180326,0.057916604,0.025977112,0.47114608,-0.95888454,80.72668,80.72668
4057,165.65177134580182,157.3806748989297,0.06509028,0.024612237,0.5005382,-0.9374041,79.15126,79.15126
4058,166.97789426296427,158.50302085038348,0.017445665,0.023899755,0.41354868,-0.9313382,79.470375,79.470375
4059,166.60496501036266,160.10771727326326,-0.06828256,0.010631429,0.32352975,-0.9397977,80.14452,80.14452
4060,165.01633258741273,161.59146708834066,-0.031555254,0.01390645,0.36389023,-0.92736804,81.33442,81.33442
4061,164.541703417123,163.10602198371862,-0.0066407504,0.016577797,0.38853934,-0.9262265,79.84224,79.84224
4062,167.21685836853558,165.03154203906408,-0.05001976,0.0026205936,0.32791895,-0.9497579,75.06555,75.06555
4063,170.95685436865256,165.700722395907,-0.07899779,-0.00066740706,0.3494908,-0.9462088,78.37365,78.37365
4064,171.73481301095006,162.7102054693715,-0.08465469,0.0020254743,0.33810857,-0.93904436,75.84667,75.84667
4065,169.23803230778705,156.920362829575,-0.038988523,0.0150259845,0.43885893,-0.90073323,73.98073,73.98073
4066,166.66553114344524,151.96234232242216,-0.07490747,0.024419462,0.39104113,-0.8713603,70.34069,70.34069
4067,165.94894828300656,149.75116302517822,-0.11243411,0.01854486,0.29387653,-0.8931852,69.94494,69.94494
4068,165.30454357545548,148.79606948221746,-0.09423505,0.009946081,0.30055687,-0.94191885,71.970085,71.970085
4069,161.72590085101888,147.18610602866642,-0.10842601,0.010675379,0.30819845,-0.94321126,71.392876,71.392876
4070,155.37824921535935,145.42557963356282,-0.11494367,0.024592666,0.2510384,-0.94706774,68.39341,68.39341
4071,149.9036574679152,145.89846703433025,-0.086593635,0.032595642,0.25955963,-0.93371695,68.95929,68.95929
4072,148.352652737914,150.56040646038974,-0.1024818,0.015099631,0.22990943,-0.9496792,69.80208,69.80208
4073,150.74188632581345,158.47773883075695,-0.09551879,-0.001994323,0.16083555,-1.0086132,68.43155,68.43155
4074,154.9865031023794,165.29821354541207,-0.07858107,-0.0074965353,0.12639593,-1.0328225,68.38283,68.38283
4075,158.37630075991262,166.60409112586652,-0.09615402,-0.01781986,0.07001799,-1.0644716,69.77141,69.77141
4078,159.24975430680618,161.0629916662624,-0.3627412,-0.0660373,-0.041383848,-1.019758,39.272427,39.272427
4079,158.7140873984895,150.14030064363646,-0.16577083,-0.026835462,0.18241821,-0.948348,62.85592,62.85592
4080,159.98962154919153,139.10971805629163,-0.14881125,-0.0459476,0.16432355,-0.9799637,73.01886,73.01886
4081,164.7866492735781,136.46063247335405,-0.14468618,-0.044061553,0.12138525,-1.0193151,71.107056,71.107056
4082,170.924536977686,145.58579082895886,-0.109418906,-0.028492631,0.17962918,-1.0183337,75.25439,75.25439
4083,174.82643174259454,160.34647776223326,-0.06866583,-0.023142701,0.10600372,-1.0308025,76.06614,76.06614
4084,174.92676203673065,171.79012343188015,-0.10136455,-0.031120505,0.12937519,-1.0100449,75.365036,75.365036
4085,172.38987998049276,175.25379526580966,-0.060058393,-0.021930935,0.010109222,-1.0617789,74.02667,74.02667
4087,168.65578490577832,171.44032244816455,-0.10893035,0.0026225194,-0.8450228,-0.6664839,66.73671,66.73671
4088,160.71704785893832,163.09597917622764,-0.07849,0.07309054,-0.7628086,-0.6259811,63.5733,63.5733
4089,144.69214699424063,152.43646429942035,-0.09509302,0.09793434,-0.79461145,-0.6151116,61.157097,61.157097
4094,127.13838638950459,143.59224658512238,-0.30795372,-0.056382548,-0.7259574,-1.2962726,44.733997,44.733997
4096,122.32221190573338,141.69262570637915,-0.11022037,0.035975922,-0.31474367,-0.9851854,112.96007,112.96007
4097,134.5228686978122,143.60164325774934,-0.16551593,0.04250456,-0.42454398,-1.0147933,109.02079,109.02079
4098,152.94078737896592,138.65112797380513,-0.17727447,0.037716374,-0.35214463,-1.0317434,104.868546,104.868546
4099,166.44030074317996,124.48046782499715,-0.17151715,0.024858914,-0.3470632,-1.0493824,107.65098,107.65098
4100,173.37000688149766,112.48328541809013,-0.1580824,0.0110292435,-0.1587417,-1.0537763,110.07281,110.07281
4101,176.33512536230512,115.98739279648663,-0.09677004,-0.014690323,0.049840335,-1.0321999,115.879074,115.879074
4102,176.99863459487185,137.58200519889056,0.023906335,-0.006302501,0.3871899,-0.9529788,120.18186,120.18186
4103,176.5244664114773,165.37695490301206,0.072872825,0.02259418,0.46433464,-0.91695076,128.04071,128.04071
4104,175.7476377816091,182.48015362434174,-0.05448543,-0.027073238,0.13914044,-1.0271612,127.3097,127.3097
4105,174.16843625176028,181.57877101824235,-0.1053606,0.030643463,0.119446,-0.99610364,117.8419,117.8419
4106,169.7379984393963,167.47909062193068,0.07262106,0.049636774,0.39139643,-0.92596877,109.917145,109.917145
4107,160.4801441744603,149.79388006604682,0.13894463,0.037729256,0.38144422,-0.91144705,108.52598,108.52598
4108,148.6811499564828,138.32035114016182,0.03333077,0.017875487,0.32276922,-0.9147805,91.87291,91.87291
4109,141.8333832613301,138.72956673862805,0.15455355,0.01206193,0.38087282,-0.9181967,89.863174,89.863174
4110,144.44871998747544,148.80292420846587,0.14290905,0.026506435,0.37214527,-0.91048986,85.3191,85.3191
4111,152.5184674259992,161.63246606363845,0.026110725,0.013753864,0.24522002,-0.9704376,80.608116,80.608116
4112,160.06342600310538,170.10153452065865,-0.11025109,0.015947208,0.0119948415,-0.98317534,78.20948,78.20948
4113,164.91007381954597,169.93842012734294,0.03538754,0.01580328,0.32005706,-0.96985257,77.12972,77.12972
4114,166.92535930578381,163.3084064017527,0.097849354,0.026943883,0.35973015,-0.9653972,78.04193,78.04193
4115,166.74172442519298,157.27586343759717,0.115009286,0.017195893,0.38254327,-0.95594954,78.08154,78.08154
4116,166.03631085080107,156.80075369791246,-0.0972671,0.017687567,0.08621029,-0.9882046,78.844185,78.844185
4117,166.31633771907556,160.5370166989025,-0.10540104,0.0146526545,-0.028964669,-1.0150976,77.04657,77.04657
4118,168.0720920993372,163.49418540896394,-0.1188431,0.024239046,-0.1166666,-1.0307393,76.10809,76.10809
4119,170.85929870126736,162.5765321801825,-0.12851825,0.020661274,-0.14524485,-1.0380609,75.807724,75.807724
4120,173.33541715375185,159.06563715681233,-0.13380466,0.017860748,-0.17838807,-1.051784,76.222404,76.222404
4121,174.24589216816966,156.29882601914633,-0.09973811,0.0068454593,-0.038488436,-1.0567056,77.512566,77.512566
4122,173.25229618436484,155.80053748618263,-0.042008933,0.0034224428,0.08319865,-1.065141,77.55919,77.55919
4123,170.86560347106322,156.65620371507066,-0.013494896,0.0020905547,0.13838115,-1.025299,80.11294,80.11294
4124,168.73315142362665,157.2765207965463,-0.09719219,0.0006428711,-0.014439991,-1.0322882,79.98823,79.98823
4125,167.9919346471578,155.93805749083444,-0.084760554,-0.0006199426,0.011130561,-1.036035,79.500725,79.500725
4126,167.55961520801128,152.45004487212475,-0.03891236,0.0007235439,0.0825464,-1.0313122,80.222404,80.222404
4127,166.6750954730868,149.80035071482598,-0.11886851,-0.00035207474,-0.028568905,-1.0521579,78.61809,78.61809
4128,166.29300744075442,150.6841902226055,-0.15569739,-0.009307064,-0.0908177,-1.0598748,76.47868,76.47868
4129,166.8451307538927,153.63149811447283,-0.15224566,-0.01372958,-0.07660811,-1.065109,75.65168,75.65168
4130,167.41790514690155,154.58856224246964,-0.12756771,-0.014406564,-0.044126857,-1.0620822,76.22953,76.22953
4131,166.31099382833685,151.47511517180246,-0.12390008,-0.019402497,-0.023251446,-1.0903641,74.28501,74.28501
4132,162.09164498195196,145.86733258690643,-0.11664541,-0.014456455,0.021577386,-1.0706693,74.37687,74.37687
4133,155.8414509476332,139.69556351120295,-0.099215224,0.0023497408,0.0765207,-1.0162684,75.63999,75.63999
4134,151.17457022864536,132.90913519645667,-0.114096604,-0.0011299818,0.06985231,-1.0015869,74.45869,74.45869
4135,150.62119615264515,125.68159193190986,-0.0914233,0.019751046,0.09378565,-0.9875412,72.65271,72.65271
4136,152.7840119248925,119.89811490093315,-0.08824697,0.015715273,0.046331916,-0.984387,71.69128,71.69128
4137,153.24086571785256,116.91599208829172,-0.098047145,0.02208097,0.04632467,-0.9909373,71.03317,71.03317
4138,148.5110538390345,115.79816474321558,-0.08452249,0.026352748,0.10319806,-0.9766776,68.56648,68.56648
4139,140.0363704038317,115.20202154147356,-0.04333967,0.02441962,0.20467281,-0.9564036,67.73208,67.73208
4140,133.91783779087984,116.2350597081357,-0.10954053,0.016497305,0.003120667,-0.9701479,66.77227,66.77227
4141,135.8337904631843,121.84159190711192,-0.04766261,0.024728121,0.12509449,-0.9464366,65.30122,65.30122
4142,145.48081127373922,132.40764363440417,0.022555714,0.023038685,0.20895447,-0.9449996,67.8631,67.8631
4143,156.96360551031745,143.6480239019853,0.027093178,0.0052437265,0.19141813,-0.9851324,69.02314,69.02314
4144,165.07178634783193,151.1008059979037,-0.06483593,0.0049691163,0.007651365,-1.0091609,66.45663,66.45663
4145,168.48335214848032,154.9737545676363,-0.0118481945,0.011283559,0.054258242,-0.979563,66.587395,66.587395
4146,167.67928529232958,158.0345529072456,-0.055058338,0.0026750586,-0.026161835,-1.0057205,66.55538,66.55538
4147,164.05287238152755,160.60700876118327,-0.004880522,0.0095406035,0.08552162,-1.0009379,67.28156,67.28156
4148,160.34514302294275,160.31386228591307,-0.06532847,0.0011436993,-0.02101277,-1.0201768,66.3078,66.3078
4149,158.76698565668443,156.2889090084491,0.011166796,0.012627548,0.10699319,-0.9887082,66.76987,66.76987
4150,159.53279572584458,152.18397813940453,0.052949756,0.00711572,0.22658496,-0.9740851,67.144745,67.144745
4151,161.98332658534608,153.53808488604105,0.018855097,0.022233225,0.1622037,-0.98215574,66.100845,66.100845
4152,165.2614323668984,161.15173003301038,0.027178193,0.019187748,0.17599028,-0.9840363,65.14892,65.14892
4153,167.9188821975944,168.94533811443446,0.00222646,0.017758042,0.13130844,-0.9867368,64.86044,64.86044
4154,168.5159834808833,170.8589011836802,0.0016955164,0.009385292,0.13049294,-0.9843269,65.156334,65.156334
4155,167.01683149956452,167.83736724464737,-0.0005534808,0.013308233,0.111288786,-0.9949941,65.50341,65.50341
4156,164.95737993783007,165.08198558793177,-0.0007224168,0.017672284,0.16137752,-0.98583543,65.73124,65.73124
4157,163.90004676724033,164.8838587906984,-0.009974658,0.011351422,0.17006515,-0.99355346,64.2375,64.2375
4158,164.20032183274708,165.32828256854737,0.038826816,0.011606672,0.3096099,-0.9696853,64.76262,64.76262
4159,165.2306322161579,164.29262932186577,0.04483606,0.014202569,0.2666415,-0.96926683,63.531693,63.531693
4160,166.09657639544062,162.06893419110554,-0.027430404,0.018051744,0.123195015,-1.0061619,61.59053,61.59053
4161,166.09408857264282,160.37653241509076,-0.006230553,0.016351428,0.18554366,-1.0010433,60.637894,60.637894
4162,164.8522074507515,159.96323610012706,-0.09222496,0.013768567,-0.010261168,-1.0313724,58.339638,58.339638
4163,162.35944703783858,159.54521784606138,-0.1006472,0.002643885,0.0020956723,-1.0354705,57.78277,57.78277
4164,159.04865360494514,157.56749761280193,-0.07227155,-0.013714928,0.020103976,-1.0375463,57.495285,57.495285
4165,155.77899361922903,154.10286347738707,-0.11878564,-0.008921916,-0.031008093,-1.057154,56.60616,56.60616
4166,153.6162619764236,150.34698921094022,-0.09235746,-0.014081267,-0.015516156,-1.0558072,56.786198,56.786198
4167,153.55175247200305,148.62458356276014,-0.07364108,-0.012813833,-0.015605007,-1.0440172,56.329887,56.329887
4168,155.9258559691488,151.92472452837148,-0.055179615,-0.011737803,0.003972409,-1.0281774,55.9585,55.9585
4169,159.8250979440509,159.86826062701047,-0.017182685,-0.0011376917,0.06110334,-1.0102583,55.15039,55.15039
4170,163.7635496334086,167.44811323346903,-0.06870314,-0.0015197217,-0.058316622,-1.0201844,55.202755,55.202755
4171,166.78318409284904,170.16792999425311,-0.10040172,-0.0025761132,-0.107624784,-1.0156646,53.995735,53.995735
4172,168.24281678234587,167.99112847675323,-0.07487835,-5.145695e-05,-0.069083504,-1.0251893,53.969376,53.969376
4173,167.62400647437926,164.11941020394832,-0.061794836,0.0010588255,-0.08249949,-1.0195099,53.551468,53.551468
4174,165.19630065121623,161.72949625526695,-0.07495675,0.003565136,-0.10957608,-1.0223111,54.587143,54.587143
4175,162.17932646796388,161.30494964597023,-0.11994694,0.0027230447,-0.14283404,-1.0163333,53.245182,53.245182
4176,159.99419137305745,161.0220858262346,-0.103752024,0.0018520493,-0.10186096,-1.0193919,52.415676,52.415676
4177,159.2389714757322,160.21349054358163,-0.1339849,0.0013603412,-0.1309411,-1.0163544,50.812485,50.812485
4178,159.4545947889918,160.14407851049512,-0.1433119,0.0001662177,-0.16062583,-1.0086577,49.204815,49.204815
4179,160.13268913662588,160.33626675616992,-0.15082936,7.040802e-05,-0.17070234,-1.0114942,47.67828,47.67828
4180,161.36342494430508,158.28431884714746,-0.15896371,0.0027382488,-0.19089505,-0.9899109,45.7945,45.7945
4181,163.25046004947305,154.1568961193627,-0.18645252,-0.004705197,-0.23009141,-1.0020019,43.741108,43.741108
4182,165.40326651389256,151.44620955849115,-0.19144662,-0.0016141732,-0.2590948,-0.9865634,41.91463,41.91463
4183,167.22637464104983,152.67270042846533,-0.1881481,-0.0005508946,-0.27967864,-0.980736,41.658092,41.658092
4184,168.63277803696067,158.01475355697306,-0.19620723,-0.009727958,-0.27881238,-0.98959434,40.515648,40.515648
4185,170.2849855058846,166.37980113542508,-0.20406261,-0.012917083,-0.31453604,-0.9864371,40.024384,40.024384
4186,172.69357336853355,174.8694598431548,-0.20582373,-0.010828898,-0.34667253,-0.9948867,39.648705,39.648705
4187,175.3487477513516,179.8734593605374,-0.23332122,0.009767516,-0.38838574,-0.9827628,36.649155,36.649155
4188,177.11270789237258,180.08695534904615,-0.23429446,0.015746444,-0.40595284,-0.965963,35.95298,35.95298
4189,177.33306961719734,176.88448316447557,-0.2229237,0.013863587,-0.39867377,-0.9776168,36.85376,36.85376
4190,176.592466045648,172.64480696899136,-0.22943096,0.012738734,-0.40808862,-0.98754454,36.96252,36.96252
4191,176.23482246334405,169.7314524049922,-0.21958025,0.0017833164,-0.38650092,-0.983285,37.896347,37.896347
4192,177.0304207165239,169.69813367502798,-0.2187537,0.0051087695,-0.39844167,-0.98035526,37.47816,37.47816
4193,178.55447998835638,172.23258533948737,-0.19796158,0.0034043915,-0.3451828,-0.98007095,39.79648,39.79648
4194,179.81213276921696,175.32491526190427,-0.18239905,0.0065569114,-0.34422693,-0.97231925,39.80557,39.80557
4195,180.20228136636862,177.03667043466007,-0.17774136,0.008530842,-0.331362,-0.9681529,40.54717,40.54717
4196,179.8843064046311,177.02770085254258,-0.17728437,0.0043233302,-0.33097738,-0.9738101,40.034054,40.034054
4197,179.38205582986603,176.40245627818717,-0.18284069,0.007609991,-0.34134158,-0.9774189,40.10199,40.10199
4198,179.00523035500694,176.3119766757122,-0.17236345,0.0044416445,-0.30437532,-0.98734343,40.863983,40.863983
4199,178.6485751527157,177.04749277008412,-0.18570006,0.004097697,-0.32025498,-0.98913497,39.91113,39.91113
4200,178.0784889086915,178.227308865116,-0.18401355,0.0010763707,-0.32389668,-0.9926819,39.267925,39.267925
4201,177.35816492166737,179.25142659502313,-0.1926932,0.0019371205,-0.33800972,-0.99266213,38.99926,38.99926
4202,176.85504835807492,179.583767024032,-0.20096628,-0.0010548385,-0.3290235,-0.99915695,38.27577,38.27577
4203,176.76639024487477,178.91006819371998,-0.20198645,-0.0023407585,-0.3151835,-1.0013691,37.899937,37.899937
4204,176.6164295822889,177.42819133195184,-0.2015985,-0.0013329545,-0.3299132,-0.99861586,37.20387,37.20387
4205,175.6215618712319,175.84343179018194,-0.1994695,0.0019884,-0.3340972,-1.0050299,37.134018,37.134018
4206,173.97577049965153,174.7429543072667,-0.19192666,-0.0013911442,-0.30213702,-1.0108519,36.92003,36.92003
4207,173.0381410958858,174.30159392674972,-0.19722012,-0.0070485473,-0.32582548,-1.0077145,35.513763,35.513763
4208,173.78576828002815,174.36192899464925,-0.19704954,-0.011230901,-0.31395045,-1.010208,35.569283,35.569283
4209,175.69615743798173,174.35376106689674,-0.18624179,-0.008690304,-0.29906535,-1.0357441,34.0914,34.0914
4210,177.1881654774728,173.56367800094804,-0.19757336,-0.009123387,-0.34299934,-1.0364207,32.954777,32.954777
4211,176.9596292538756,171.92884862262102,-0.2035748,-0.005677707,-0.3703914,-1.0163926,33.238895,33.238895
4212,175.19707739520805,170.57176256379185,-0.20252386,0.0002315383,-0.36946532,-0.99980074,32.35778,32.35778
4213,173.52926225651194,170.99127611726195,-0.20562953,0.004772859,-0.42248392,-0.9892869,31.896381,31.896381
4214,173.56739207395117,173.30951002520618,-0.2008878,0.007660494,-0.4128875,-0.98765165,31.176914,31.176914
4215,175.25924308237174,175.93165008897063,-0.19728963,0.00528083,-0.41851693,-0.9874229,31.402739,31.402739
4216,176.63266898297147,177.23343273347618,-0.1973943,0.0077518234,-0.43986556,-0.9845747,31.156038,31.156038
4217,175.6599089223527,177.03847886616336,-0.18943295,0.012327727,-0.48850864,-0.973235,30.382101,30.382101
4218,172.4703381819637,176.34187533607823,-0.19262147,0.01611459,-0.55171055,-0.9350968,28.993855,28.993855
4219,169.16585322930405,176.00770197624604,-0.19578949,0.019560276,-0.53109396,-0.9300308,28.763504,28.763504
4220,167.94090332097588,176.12477289611155,-0.19960001,0.01873206,-0.5489536,-0.93593955,28.476141,28.476141
4221,169.71565727657745,176.51405888669245,-0.19895497,0.028656663,-0.53978276,-0.9325831,27.856123,27.856123
4222,173.53290570326965,177.02124592290843,-0.20305456,0.030630922,-0.568978,-0.9183757,27.560638,27.560638
4223,176.82430823610707,177.03822793353103,-0.21673329,0.036327507,-0.63514495,-0.8637449,27.179142,27.179142
4224,177.0249401535207,175.724317245447,-0.21175905,0.051289313,-0.61138755,-0.8893743,26.76497,26.76497
4225,174.26657303598557,172.96912599710922,-0.2037518,0.057337333,-0.59716994,-0.8917319,25.401184,25.401184
4226,171.8000914167929,169.34594522302075,-0.20785704,0.048787683,-0.59959346,-0.8898438,26.712437,26.712437
4227,171.9250327706554,165.76204855243296,-0.17380853,0.048102695,-0.56567293,-0.86525595,27.78403,27.78403
4232,173.23104647934085,163.9188855847144,0.03700805,0.039789744,0.70247996,-0.533843,115.5342,115.5342
4233,172.94098850832117,165.51635284063792,0.020097775,0.053966854,0.66763973,-0.5625877,117.3918,117.3918
4234,169.98942139709976,169.54493727578702,-0.060409807,0.04704455,0.49198782,-0.6475978,97.866714,97.866714
4235,165.87573006787812,172.07584806505704,-0.16405486,-0.059648514,0.3418457,-0.8600765,109.628624,109.628624
4236,163.19021133730888,170.61049934055106,-0.15496764,-0.10329679,0.3492304,-0.88993734,120.23089,120.23089
4237,162.50579563421746,166.49032830058587,-0.14857145,-0.13985805,0.38654935,-0.887621,128.42873,128.42873
4238,161.06851094138435,162.12534722274557,-0.10305691,-0.09403537,0.53464854,-0.82588965,146.03659,146.03659
4239,155.5009040440564,158.85957081614458,0.026797839,-0.049238104,0.8451715,-0.7011656,159.13695,159.13695
4240,145.6975015988351,157.2915445376582,0.025295028,-0.06732663,0.8066308,-0.72813505,164.56792,164.56792
4241,135.54449122118294,157.22648828029907,-0.013972218,-0.100341424,0.7804056,-0.7143405,173.06421,173.06421
4242,129.2285964350078,157.7867816660285,-0.021344759,-0.10529217,0.7530262,-0.69071805,181.23601,181.23601
4243,127.17099062401564,158.10589416835322,-0.04187461,-0.094619,0.70864415,-0.6748793,187.5535,187.5535
4244,126.7533876344165,157.09967966704582,-0.05662908,-0.091594726,0.6759204,-0.6719827,191.62311,191.62311
4245,126.64006948795694,153.07009038277485,-0.087727025,-0.075466625,0.6260191,-0.66876227,195.77657,195.77657
4246,127.41438618517228,145.45954341499612,-0.10258056,-0.059493445,0.6786743,-0.6208172,192.07315,192.07315
4247,127.19151415018126,136.46646703197396,-0.08314228,-0.046515137,0.76610994,-0.5395396,202.06494,202.06494
4248,122.74105343308267,128.13651251641394,-0.09570607,-0.043279305,0.8339438,-0.51654524,213.74565,213.74565
4249,116.53390103417664,119.61044223680678,-0.12818205,-0.045422737,0.8160716,-0.5093265,213.89438,213.89438
4250,115.03130330852308,110.02808498588907,-0.13882016,-0.040701024,0.8312171,-0.38235644,220.17917,220.17917
4251,120.17645393781328,101.35773400417254,-0.12465199,-0.07551868,0.8346395,-0.5257943,231.1565,231.1565
4252,128.08365503879935,96.60249621555214,-0.071616285,-0.07269242,0.95503896,-0.48898065,258.4038,258.4038
4253,134.0672322774634,96.71667546636517,-0.06533876,-0.048447978,0.9667918,-0.45602667,288.31717,288.31717
4254,135.76144293299905,99.33994160957518,-0.07630557,-0.01370381,0.9435727,-0.3917765,315.29477,315.29477
4255,131.68107282245916,100.41074374943958,-0.04522554,-0.026716018,0.95365596,-0.42143252,335.55035,335.55035
4256,120.22209913084272,97.87432409062812,-0.032334924,-0.0519029,0.956599,-0.47826293,334.73148,334.73148
4257,104.26817493166135,93.97486302954195,-0.06691341,-0.063156,0.93073106,-0.48914742,329.4353,329.4353
4258,93.46827725743935,93.1971910508082,-0.050148536,-0.05100359,0.961404,-0.4650384,337.49228,337.49228
4259,95.10420704659877,97.40508951586868,-0.033944722,-0.059297312,0.9437598,-0.5043016,321.44547,321.44547
4260,105.00463160983243,103.75519587866557,-0.032142624,-0.07024902,0.92866266,-0.51335526,308.79483,308.79483
4261,113.17736240749424,108.19848923705574,-0.029574139,-0.104015455,0.97560817,-0.55719256,282.39822,282.39822
4262,115.01426524509455,109.81561468391423,0.0025107858,-0.10692059,1.0094744,-0.5775342,260.88617,260.88617
4263,113.0771861837337,110.67126680376674,0.08432525,-0.084784694,1.0890131,-0.562832,263.6957,263.6957
4264,112.01504589726439,113.12433700552197,0.113021344,-0.12767765,1.0472479,-0.6842929,218.79077,218.79077
4265,113.83397420285023,118.43599236245169,0.16214442,-0.14861058,1.1088256,-0.7052171,207.65466,207.65466
4266,116.39231624668098,126.05794927155829,0.12606947,-0.14475945,1.0374374,-0.76572686,188.16258,188.16258
4267,117.11829085416895,133.56486681902786,0.07063144,-0.08198374,1.0287081,-0.5866902,193.94492,193.94492
4268,116.90545741938509,138.47656466671458,-0.069186606,-0.020261852,0.79986376,-0.54329985,176.97975,176.97975
4269,118.43700430480635,139.6058103131481,0.006726137,-0.03960049,0.83298063,-0.66181463,174.75336,174.75336
4270,122.71120907710133,137.29735078456002,-0.046100173,0.0038546952,0.7416849,-0.6794594,151.642,151.642
4271,128.79726922741898,134.9270027658531,-0.04892738,0.023244357,0.70434386,-0.64143145,141.88408,141.88408
4272,136.05371700396793,137.9823424584002,-0.09465642,0.07671672,0.69711727,-0.54161155,129.07753,129.07753
4273,144.08097235892595,147.76581806111824,0.038384482,-0.04721866,0.81635356,-0.7756375,133.97545,133.97545
4274,150.58756803985648,158.60953928399644,0.087604046,-0.034814678,0.82761246,-0.78394306,127.454475,127.454475
4275,153.1905519150307,164.13456173176493,0.20953073,0.028014647,1.0060027,-0.81931937,106.182686,106.182686
4276,153.57561348726503,163.585442882881,0.30459297,0.004511771,1.0048447,-0.8184285,95.11525,95.11525
4277,156.63142941221085,161.1870447789869,0.21421766,0.027176065,0.9383035,-0.8391236,92.50366,92.50366
4278,164.7100188727747,161.6589209339428,0.23323254,0.059426405,0.9135745,-0.82360613,83.91686,83.91686
4279,174.4702874550038,166.31495049996047,0.3071052,0.1130798,0.9344143,-0.7067368,67.47182,67.47182
4280,180.46669594518963,172.22031344564627,0.35959372,0.100780375,0.894101,-0.7556156,65.41875,65.41875
4281,180.21292628607895,175.31385872508525,0.38751826,0.09315905,0.86873746,-0.75973743,43.251804,43.251804
4282,175.00741267545087,174.5327713091695,0.7515723,0.0259864,1.3129404,-0.7964406,20.532639,20.532639
4284,168.62501772028494,172.3486387809236,-0.36031318,0.10334724,-0.5747594,0.8806,14.353832,14.353832
4286,165.55381826424488,171.44279967442927,0.01469626,-0.13353516,0.22710797,-1.3050985,11.06388,11.06388
4288,167.6617947450413,172.26164919507846,-1.7270176,0.29724348,-2.663223,-1.131619,12.2495985,12.2495985
4289,172.56147663257218,173.47277138162687,0.19703078,0.125048,-0.09575022,-1.3070359,18.298393,18.298393
4290,176.07184331846088,173.09771003606676,0.77816534,-0.08238679,0.8328849,-1.387975,22.533659,22.533659
4291,175.77309415884446,170.62728763045644,-0.07498807,-0.08743887,-0.416564,-1.6625999,13.789629,13.789629
4293,173.03894113025763,168.36912111941393,0.7902314,-0.34683198,1.2418258,-1.386967,15.048407,15.048407
4294,171.3974641359755,168.79482182033342,1.1278071,-0.5982634,1.9576117,-1.7365146,11.027605,11.027605
4295,172.20184773607266,171.60745320974718,0.12271467,-0.048866153,-0.06994515,-1.0782132,44.697063,44.697063
4296,173.86399016124457,173.75123577340392,0.17013949,-0.07350213,0.0435447,-1.0636357,54.457558,54.457558
4298,173.48280152051007,171.6689063379747,-0.13470149,0.0046101226,-1.0585936,-0.45617235,219.38972,219.38972
4299,166.58904424392995,165.2204395588176,-0.14313553,0.029139347,-1.0665618,-0.44499967,222.12561,222.12561
4300,152.00278386931296,159.3746972396306,-0.12655878,0.0075765867,-1.0437255,-0.4791121,225.6982,225.6982
4301,137.88950864823306,159.1233549231958,-0.11622127,-0.0020710698,-1.027065,-0.5042677,223.03163,223.03163
4302,133.42480629392682,162.40010519338875,-0.11674166,-0.037595272,-1.0209942,-0.5616202,223.71468,223.71468
4303,136.91604966421502,162.1659127441787,-0.12037987,-0.03626147,-0.99761736,-0.57636964,218.10432,218.10432
4304,139.55478380134724,155.82457381430982,-0.17032002,-0.006712522,-1.0670075,-0.5672432,212.76082,212.76082
4305,136.80634735545988,147.59428414879466,-0.10302477,-0.011330269,-0.9480136,-0.6039334,236.54736,236.54736
4306,131.54948985356955,141.92474222851735,-0.1456816,0.017210431,-1.0303912,-0.50054777,212.42079,212.42079
4307,128.5413347236768,139.664152637104,-0.2837119,-0.002694864,-1.249951,-0.5895599,175.66328,175.66328
4308,129.5136924575945,140.5062807727958,-0.22374502,0.002681186,-1.1984317,-0.5195027,182.28464,182.28464
4309,133.24637795910732,144.2746947896477,-0.13643835,0.0071238987,-1.0632887,-0.43982303,193.80908,193.80908
4310,138.00761040843207,149.08622732794487,-0.17633864,0.099126905,-1.1516186,-0.32702205,162.59761,162.59761
4311,142.849823303592,152.00755798958954,-0.11176938,0.09872927,-1.0405343,-0.28181502,171.21994,171.21994
4312,146.63027984055867,151.8302372186736,-0.07206158,0.08409844,-0.9726418,-0.26995572,203.13943,203.13943
4313,147.8511289301086,149.38429203481763,-0.10226031,0.09371315,-1.0501546,-0.26177087,184.74808,184.74808
4314,146.62923422527882,146.32430666898148,-0.12919837,0.095175885,-1.0987387,-0.2961403,179.91945,179.91945
4315,145.000117553734,144.78964426469858,-0.08081129,0.08720331,-0.9796718,-0.32367486,199.29951,199.29951
4316,144.87229321544555,146.4535651738517,-0.05654998,0.091917805,-0.9431845,-0.29046723,209.10619,209.10619
4318,146.29007672826128,151.12183075802577,-0.40157366,-0.015269161,-0.9813053,-0.8913299,115.44153,115.44153
4319,146.82137590952598,157.94192128087815,-0.44856447,-0.019620316,-0.99217594,-0.8791026,112.26773,112.26773
4320,143.62096905712423,165.82627305332286,-0.47138697,-0.06682085,-1.0630913,-0.867224,105.022606,105.022606
4321,138.06456635401574,170.9966711075893,-0.4336961,-0.036695454,-1.0264549,-0.81564695,111.78302,111.78302
4322,136.32212496633417,169.434323244019,-0.4129919,-0.039953474,-1.046052,-0.8477523,117.00698,117.00698
4323,142.38312378589364,162.51318634200592,-0.41454157,-0.06117418,-1.0642848,-0.84169936,113.79081,113.79081
4324,152.4596981188931,155.36048007390272,-0.37442586,-0.042137787,-1.0315545,-0.84361446,116.30894,116.30894
4325,159.08418974541368,150.88247150235387,-0.21582761,0.12178631,-0.7253152,-0.7417755,152.14021,152.14021
4326,158.4618229253897,147.57679518207115,-0.24817656,0.11203498,-0.8110929,-0.773221,142.08688,142.08688
4327,151.35156300038767,141.08223682784777,0.016403902,-0.016869994,-0.22851738,-1.0572666,157.7309,157.7309
4328,140.2872760228465,127.07252505402344,-0.13660324,-0.056441594,-0.5342707,-1.0164585,102.83063,102.83063
4329,130.25900429523418,107.2997316153988,-0.047568914,-0.028214205,-0.50306416,-0.8414053,136.55148,136.55148
4330,127.60234688644226,95.20256434875616,-0.08516632,-0.042606365,-0.52447635,-0.81632304,136.77927,136.77927
4331,132.2820993527769,105.27128756306217,-0.18190497,-0.037567943,-0.7187609,-0.83863807,114.00243,114.00243
4332,136.6031697778577,133.16170258973182,-0.18321636,-0.12599765,-0.7224397,-0.97026026,106.50083,106.50083
4333,135.34284772635493,158.2581023784441,-0.25565398,-0.05665327,-1.0101829,-0.9542632,99.635086,99.635086
4334,131.08413411187556,166.81442526029554,-0.28015393,-0.031634245,-1.1060491,-0.8324877,118.98039,118.98039
4336,128.33274455492273,161.7441576060433,-0.26369172,-0.057372425,-0.31855464,-1.087138,148.2032,148.2032
4337,127.92304223799972,151.06991569164495,-0.3347238,-0.062476527,-0.5128702,-1.1232842,114.09608,114.09608
4338,129.0617543363309,140.4880908172312,-0.39196467,-0.0052752127,-0.72825956,-0.9549027,97.79694,97.79694
4339,132.7972698552119,137.15516793749424,-0.5771953,-0.051173773,-1.1024684,-0.98059195,72.05422,72.05422
4340,139.89071481884335,145.4576220345394,-0.5023079,-0.06401489,-0.9764591,-1.0716223,78.14115,78.14115
4341,147.6551398769571,158.59821189847335,-0.46232563,-0.07062071,-0.8605605,-1.0719997,88.89463,88.89463
4342,152.41306868601032,165.23196517217522,-0.48215765,-0.041513894,-0.904893,-1.0237702,83.15131,83.15131
4343,154.64231923537216,162.70544716836807,-0.5930754,-0.11866513,-1.1762463,-0.96273917,66.57822,66.57822
4344,158.87511179723066,157.32456705093816,-0.6261989,-0.09463426,-1.3752311,-0.9985724,59.473225,59.473225
4345,166.9378489590793,154.7750553040768,-0.61469394,-0.10664625,-1.2968212,-0.9747672,60.31161,60.31161
4346,174.1827011486691,155.35863842198017,-0.6070032,-0.10039521,-1.2564191,-0.8541468,60.416744,60.416744
4347,175.02832514121914,156.88114541172837,-0.7238543,-0.051590797,-1.4378093,-0.7779519,52.432755,52.432755
4348,169.53351640186443,158.24466352823504,-0.7509492,-0.13754617,-1.4384451,-0.8448699,51.305347,51.305347
4349,162.32701413827962,159.56272362434197,-0.7209551,-0.123428755,-1.2917638,-0.83304524,52.561825,52.561825
4350,157.5524742497799,160.80715635918236,-0.69425726,-0.14989391,-1.2015713,-0.8945216,54.375008,54.375008
4351,156.40069974438606,161.46488002795112,-0.84428567,-0.22787164,-1.4937232,-1.0805721,44.53148,44.53148
4352,157.3740753483743,160.94103452206485,-0.7400086,-0.053927932,-1.3886088,-1.105575,47.785355,47.785355
4353,158.24605023120284,159.46728011624825,-0.68309236,-0.06337848,-1.3481463,-1.1259296,46.859905,46.859905
4354,159.197225649583,158.572985848845,-0.69900775,-0.0061312276,-1.428079,-1.0311581,42.128723,42.128723
4355,162.8467080135194,158.50365657517975,-0.7940509,0.15813121,-1.6350114,-0.84125143,39.347168,39.347168
4356,169.7873689230348,156.165130076955,-0.65691656,0.09322581,-1.3426424,-0.8249018,43.63035,43.63035
4357,176.662981270609,150.22318829575514,-0.5741017,-0.0077147316,-1.2213628,-0.91678804,47.01809,47.01809
4358,180.03794053016532,145.98518172510876,-0.51414,-0.030350875,-1.0655589,-0.9407847,51.82409,51.82409
4359,179.69097389817387,149.99923551383787,-0.44162738,-0.052199867,-0.94435215,-1.0060116,59.88593,59.88593
4360,177.5947161278083,161.61349213806852,-0.4035559,-0.027435321,-0.86008334,-1.0788103,65.62843,65.62843
4361,175.36086014708783,173.1139136646219,-0.5082283,-0.03374089,-1.0815053,-1.1171999,57.169655,57.169655
4362,173.0556465778971,178.08330079840795,-0.56016964,-0.022398205,-1.1032408,-1.1137432,55.34343,55.34343
4363,170.2214875845569,177.2017113783686,-0.6390362,-0.042035654,-1.271627,-1.0897225,48.568913,48.568913
4364,167.31847145877634,174.95248798093493,-0.6961995,-0.040023237,-1.2731239,-1.0148671,44.359756,44.359756
4365,165.52684091452963,174.1004031216026,-0.81063545,-0.025928956,-1.3963184,-0.9275547,38.636364,38.636364
4366,165.74678887129986,174.8965870445767,-0.83473366,-0.02295027,-1.3950893,-0.86574227,38.40117,38.40117
4367,167.8823784829934,176.64943963760265,-0.8378317,-0.018184377,-1.28956,-0.84206706,37.698093,37.698093
4368,170.86232833120872,178.46218188476416,-0.81570977,-0.060648266,-1.2312363,-0.98593265,34.87859,34.87859
4369,173.70725809449644,179.4885631097021,-0.830534,-0.09570463,-1.1040351,-1.0088754,35.450016,35.450016
4370,175.94853569410725,179.18399949928363,-0.7996362,-0.13753432,-1.0940903,-1.1063882,34.59253,34.59253
4371,177.05223402615658,177.4428330274307,-0.7110254,-0.17271367,-0.79396176,-1.0676044,40.898445,40.898445
4372,176.8085564697631,174.62469455268854,-0.67169267,-0.19158846,-0.681292,-1.088278,42.1109,42.1109
4373,175.82855743875726,171.52586552537394,-0.47759628,-0.15970263,-0.3181859,-1.006141,54.609894,54.609894
4374,174.79289551435596,169.28332659786736,-0.42420825,-0.18635662,-0.27242494,-1.007559,55.61846,55.61846
4375,173.9522954016902,168.72647882309,-0.5635177,-0.18763912,-0.5320358,-1.0889095,47.9353,47.9353
4376,173.40644431305597,169.29433758542874,-0.52468663,-0.2401756,-0.47593558,-1.133938,45.73845,45.73845
4377,173.1461990000442,169.47770787438202,-0.5780605,-0.26552606,-0.5453294,-1.189639,41.151127,41.151127
4378,172.9043405393533,168.99354816851104,-0.6358779,-0.27432334,-0.70809513,-1.1947734,37.01802,37.01802
4379,172.38563797775583,169.14807233101376,-0.85168254,-0.36390138,-0.93341994,-1.3181539,28.896658,28.896658
4380,171.53006806307963,170.65294978567997,-0.61777455,-0.33491248,-0.72805965,-1.3229669,31.059067,31.059067
4381,170.30334352723648,172.80688961602777,-0.43732706,-0.28244254,-0.37954414,-1.2438357,38.278664,38.278664
4382,169.0701884923008,174.9306168802654,-0.43062663,-0.23094887,-0.3299285,-1.1936711,45.176544,45.176544
4383,169.10262321095158,176.96235439243966,-0.30101407,-0.19080332,-0.12512667,-1.1621896,50.99178,50.99178
4384,170.88263797427777,178.48171889924996,-0.2611222,-0.19624674,-0.041150182,-1.1619749,56.87591,56.87591
4385,172.9038535221352,178.46926941083615,-0.28318664,-0.18893982,-0.057888936,-1.2328402,60.11794,60.11794
4386,173.97621865199937,176.83960497035648,-0.28082502,-0.19352803,-0.026591614,-1.2560561,59.93431,59.93431
4387,174.80359441890934,175.1143432574916,-0.22604242,-0.1737255,-0.009511106,-1.2011749,62.76072,62.76072
4388,176.29230410303464,173.97006060524677,-0.011557798,-0.062204454,0.74481887,-0.89381886,69.45392,69.45392
4389,177.8284366264363,171.2659999548385,-0.21378681,-0.097266726,0.1547139,-0.9940707,64.949066,64.949066
4390,177.8719170826741,165.24306667713887,-0.20774192,-0.04930182,0.12870683,-0.9548956,69.79168,69.79168
4391,176.0823915402248,158.91251745230116,-0.18815304,-0.05097052,0.116420776,-0.9338289,78.21748,78.21748
4392,173.77958374306095,156.70067649026353,-0.23347692,-0.04100821,-0.11718095,-0.9946461,70.89823,70.89823
4393,172.09800282253704,157.22853448961794,-0.30067983,-0.07670422,-0.13586606,-0.98930764,59.08547,59.08547
4394,171.57949252441443,155.49777604163495,-0.31680435,-0.07594613,0.00912788,-1.063216,59.31079,59.31079
4395,172.85166244069515,150.41292204459958,-0.34868357,-0.052665584,-0.027798127,-0.9705615,54.335926,54.335926
4396,175.45353357174827,144.52418706571498,-0.28257903,-0.046526857,0.10584911,-0.8179523,61.93001,61.93001
4397,177.29991856015155,139.64751986529936,-0.28366217,-0.023218948,0.2266856,-0.7075869,68.6992,68.6992
4398,176.88937921443377,136.27972101585152,-0.3116364,-0.010879308,0.2010307,-0.6741934,66.83999,66.83999
4399,175.0690131796638,134.8342261054319,-0.25488952,0.0053415005,0.2938248,-0.6641916,69.30229,69.30229
4400,173.79217985696357,135.65031532952554,-0.2658782,-0.007878645,0.31094834,-0.7189438,66.66991,66.66991
4401,173.72492654286967,138.2727868022989,-0.2626111,-0.027468981,0.35690382,-0.71271336,67.07006,67.07006
4402,173.87929131323585,141.2010638039211,-0.20285676,-0.014717649,0.44241342,-0.6361011,69.94453,69.94453
4403,173.2196248881451,142.61480287677233,-0.23865882,-0.055928256,0.44562945,-0.78767854,73.82232,73.82232
4404,171.65700104155763,141.94000370550833,-0.21346225,-0.08395207,0.47133175,-0.8434875,75.78533,75.78533
4405,169.44873180895055,140.63078898120034,-0.24482572,-0.08409547,0.42763796,-0.8628716,73.0186,73.0186
4406,166.5369092303038,140.79503984636233,-0.23997335,-0.09529427,0.4670094,-0.86037576,77.107155,77.107155
4407,162.9540352064385,143.03537612656547,-0.14562446,-0.08402168,0.58822745,-0.772546,87.47895,87.47895
4408,158.61247044833468,145.8343699700048,-0.16169785,-0.09415442,0.54116845,-0.7350928,89.96218,89.96218
4409,152.9374894700049,147.23228019983154,-0.12257929,-0.09761911,0.5480347,-0.6878999,96.83026,96.83026
4410,146.76183666310905,146.80302026159413,-0.10141532,-0.08867334,0.6885498,-0.6894333,106.22726,106.22726
4411,142.0498306926622,145.78336739648935,-0.1011252,-0.08658141,0.6355624,-0.692521,108.88831,108.88831
4412,138.42415920170032,145.93510575021904,-0.043366328,-0.084137395,0.76578236,-0.7842501,121.98776,121.98776
4413,134.09098153417034,148.154934286135,-0.018563477,-0.07361254,0.7436574,-0.6864181,131.4213,131.4213
4414,129.5213401665623,151.5067303333412,-0.0047093397,-0.06675502,0.78587407,-0.640609,141.32074,141.32074
4415,126.83701225108634,153.7640919564712,-0.0064315847,-0.060256947,0.7845226,-0.6417263,144.74959,144.74959
4416,126.78197041401445,152.9013265010773,-0.014031787,-0.04831484,0.82166666,-0.5978858,148.33177,148.33177
4417,128.174267176971,147.78397520723658,-0.026450489,-0.043438196,0.83996624,-0.5319091,161.68594,161.68594
4418,129.69817971285633,138.01418891022507,-0.029653972,-0.056015152,0.8821295,-0.4877425,169.85466,169.85466
4419,130.53800337775957,124.50076317891364,-0.025529083,-0.052526787,0.8907966,-0.4204662,181.46956,181.46956
4420,129.64922520186806,111.34664769235648,-0.08160955,-0.056270335,0.83913684,-0.45680138,178.65503,178.65503
4424,128.03507177346123,106.74030394652735,0.019803293,0.1541364,-0.9903589,0.44913065,189.62442,189.62442
4425,131.82861411624057,118.62257346493266,0.013151668,0.17817724,-1.0356323,0.46179166,164.28673,164.28673
4426,146.3215342496788,145.41706583960544,0.00536135,0.06599877,-1.0389974,0.20534591,162.94333,162.94333
4427,166.36473283708284,173.24031480561587,0.034904305,0.10503843,-1.0271872,0.37114704,122.91122,122.91122
4428,180.4217198114819,187.69264030312175,0.033492655,0.10743511,-0.9941356,0.37290773,132.26212,132.26212
4429,183.42305468834098,186.69108326820842,0.021300869,0.098760806,-1.0015746,0.36394385,144.28925,144.28925
4430,179.7352055220598,178.95609750812747,0.012842478,0.11774326,-0.9881706,0.4063609,146.80067,146.80067
4431,175.95232430414563,173.628201223852,0.0089311,0.1322373,-0.99586064,0.4128622,134.11046,134.11046
4432,175.1538290849972,173.61983669192912,0.015303333,0.12905827,-0.95652086,0.4079157,141.28555,141.28555
4433,176.55546392355825,176.34032838877752,-0.0012719913,0.09660051,-1.0046813,0.32883197,146.92683,146.92683
4434,177.9068960745935,178.27312480663568,0.015146371,0.028859312,-0.9724296,0.1881232,143.85585,143.85585
4435,177.62403351944926,178.21219967206116,0.015926557,-0.027393363,-0.95642006,0.1062174,136.37198,136.37198
4436,175.36966176592765,177.0771240346883,-0.0029176685,-0.07868021,-0.99385154,0.012529474,138.33836,138.33836
4437,172.27732325072319,176.23668500237758,-0.007170968,-0.03903189,-0.9890943,0.0952715,140.69385,140.69385
4438,170.74893686025862,176.01854626902016,-0.022214482,-0.0095877815,-1.0234014,0.15020517,128.2194,128.2194
4439,172.3522103944592,175.46599037415513,-0.008670607,-0.011821724,-1.0142845,0.13995898,133.33876,133.33876
4440,175.79338087601954,173.77583475746616,-0.055525534,-0.03761495,-1.0531908,0.11235902,121.234825,121.234825
4441,178.19106002472736,171.38108439962335,-0.04929427,-0.004372155,-1.0489447,0.1597967,121.68209,121.68209
4442,178.02565521181498,169.36054440007143,-0.056006845,-0.078249745,-1.0737175,0.018869506,120.05674,120.05674
4541,174.85292512693886,166.13982467935796,-0.02478064,-0.07022353,0.8587774,-0.5576364,128.52026,128.52026
4548,165.74803863526867,156.1794499977673,-0.073436156,-0.008340535,0.24536954,-0.8734726,55.689182,55.689182
4549,148.33663704499185,139.90897424962668,-0.2551341,-0.04700404,0.033037886,-0.9772597,44.6265,44.6265
4550,131.53739908045284,129.83468692867993,-0.5089648,-0.071275584,-0.42383054,-1.0774769,21.952353,21.952353
4551,131.01843924993804,136.18696552826418,-0.60857797,-0.12852126,-0.51852965,-1.1532857,20.694736,20.694736
4552,148.36864983905042,154.46841573141907,-0.72815585,-0.24209681,-0.6326763,-1.3863566,18.519032,18.519032
4553,168.63695114987252,172.18716947516495,-0.4133356,-0.08624131,-0.2248199,-1.1259593,25.130793,25.130793
4554,178.29958277377656,180.72910767656606,-0.44645372,-0.05988429,-0.2552022,-1.07721,24.593224,24.593224
4555,175.61011011744233,179.87014015404145,-0.46257123,-0.06518278,-0.3240298,-1.1456542,24.57946,24.57946
4556,168.33041106159962,175.08376516179828,-0.61335254,-0.04001994,-0.6484534,-1.3748021,19.523806,19.523806
4557,165.72788081701918,171.89336141298142,-0.5297333,-0.057289936,-0.58614737,-1.4220293,20.190685,20.190685
4558,170.0049793284689,171.64459923201363,-0.58488023,-0.03553035,-0.9639225,-1.6048745,18.063427,18.063427
4559,176.20809579451824,172.27566883875318,-0.6995208,-0.036024455,-0.84387517,-1.5281761,18.082098,18.082098
4560,179.36094363347772,172.22970378411063,-0.6669598,-0.034915086,-1.1649704,-1.5744954,17.18385,17.18385
4561,178.67674298780278,172.0429313160278,-0.6491948,-0.037862092,-1.005572,-1.4650807,16.8587,16.8587
4562,176.34207299380782,172.9499836457804,-0.62770325,0.0015222369,-1.212699,-1.2171443,18.704645,18.704645
4563,174.37124246233458,175.04919339515692,-0.5508072,0.0316221,-1.1123794,-1.0023947,20.83058,20.83058
4564,173.3054355228836,177.0587423494539,-0.5120815,0.06250497,-1.2039212,-0.9513629,21.23757,21.23757
4565,173.24328860123038,177.86749309328712,-0.5333277,0.078609094,-1.168333,-0.82283217,21.218716,21.218716
4566,174.10302227250685,177.5370021479957,-0.48319125,0.08957813,-1.317125,-0.74321586,23.309233,23.309233
4567,175.21184333994364,176.86404551552232,-0.45533022,0.12519428,-1.3189502,-0.61505556,25.085888,25.085888
4568,175.82545324739962,176.4934606345278,-0.45250595,0.14241993,-1.2412395,-0.49750218,26.036379,26.036379
4569,175.54260934313186,176.2687786793492,-0.4674684,0.190103,-1.2387418,-0.41038385,24.624617,24.624617
4570,174.24804531204808,175.92823500718956,-0.42130658,0.18605544,-1.270612,-0.45711997,27.50668,27.50668
4571,172.32485695122722,176.04112184501207,-0.49235076,0.25709572,-1.426775,-0.37382483,22.300638,22.300638
4572,170.82781658648514,176.95974708721872,-0.50089025,0.22208261,-1.3723366,-0.37250558,22.925978,22.925978
4573,170.49026293637317,177.76946127956893,-0.5644301,0.28079465,-1.5058354,-0.2887898,19.680517,19.680517
4574,170.607181149617,177.42459167938776,-0.49994075,0.26722327,-1.3506931,-0.30560198,21.279133,21.279133
4575,170.21680274058292,176.19340068613099,-0.43130347,0.25910178,-1.2285844,-0.1946078,25.181717,25.181717
4576,169.65868234002966,175.29366524706577,-0.42448217,0.2548322,-1.1116831,-0.22235273,26.546879,26.546879
4577,169.65662985025438,175.37758295356403,-0.38359958,0.28138113,-0.96894425,-0.2068754,25.837183,25.837183
4578,170.318532594565,176.05445219637858,-0.38129273,0.27536106,-0.99748665,-0.20842473,25.910582,25.910582
4579,171.84313709048064,176.70750764794656,-0.50950336,0.3149553,-1.2907835,-0.068910755,20.932943,20.932943
4580,174.4466424127136,176.84751493583988,-0.47962517,0.26177797,-1.2993686,-0.1348387,23.351467,23.351467
4581,177.31342268003024,176.1502436529822,-0.5518534,0.2065308,-1.3312624,-0.3211234,20.149828,20.149828
4582,179.06516197918344,175.09356396813922,-0.5571591,0.14833942,-1.2283595,-0.5904058,19.648365,19.648365
4583,179.2483476298772,174.73784439980383,-0.7193409,0.16578434,-1.5842103,-0.4978544,16.190662,16.190662
4584,178.6128003491849,175.34751037302874,-0.70319664,0.121854946,-1.5382024,-0.8547218,16.276466,16.276466
4585,178.18254610618735,176.09774045661456,-0.5922303,0.103489235,-1.415135,-0.68203944,18.60601,18.60601
4586,178.36915199187342,176.15921439913996,-0.49366802,-0.0471773,-1.1846883,-1.1393533,21.559528,21.559528
4587,178.58061652294606,175.478830578046,-0.45944756,0.020696666,-0.9776328,-0.9708157,24.001444,24.001444
4588,177.90137134546814,174.8164715974743,-0.4702767,0.07948032,-0.90098655,-0.81248,24.611897,24.611897
4589,176.64523615860193,175.1528874139687,-0.5072748,0.07960197,-0.94836736,-0.7145391,24.382788,24.382788
4590,176.23165413722484,176.16518226674597,-0.55289227,0.038360916,-0.9893137,-0.7731078,22.2166,22.2166
4591,176.73786499704505,175.4932090818997,-0.4912965,-0.011480494,-0.7778261,-0.8188759,23.64213,23.64213
4592,175.80847712459808,171.26882388619035,-0.439838,0.03507864,-0.6451767,-0.7127258,25.332397,25.332397
4593,171.44979763574145,164.74457886485743,-0.4280755,-0.028892461,-0.5566871,-0.88008606,26.292103,26.292103
4594,165.43983615500824,158.59107475727888,-0.42102042,-0.049609262,-0.53356683,-0.8688204,26.12149,26.12149
4595,162.21766483562436,153.97086307049108,-0.41771576,-0.06539789,-0.4024332,-0.8623473,26.906034,26.906034
4596,163.764845822616,150.183119402022,-0.4474217,-0.08738238,-0.40200257,-0.8761308,26.165543,26.165543
4597,167.35993730697788,146.01195538272754,-0.36476427,-0.07332561,-0.1975482,-0.9382913,28.760782,28.760782
4598,169.73216440690197,141.32410014687076,-0.36697397,-0.09315565,-0.13882183,-0.89354414,29.876583,29.876583
4599,171.11342201344095,137.34375525535177,-0.3565067,-0.15062855,-0.09047446,-1.0354036,27.90735,27.90735
4600,173.47779255855303,135.57063876946387,-0.38311177,-0.12581226,-0.19480547,-1.0180138,26.511322,26.511322
4601,176.86571774891812,136.9670564692862,-0.40419152,-0.08997938,-0.21884829,-0.96791065,26.2357,26.2357
4602,178.99877141769198,141.2667832918825,-0.35499147,-0.0735092,0.092660725,-0.873906,28.611734,28.611734
4603,177.83679593114547,146.4705179327502,-0.32028648,-0.06460617,0.2483285,-0.8568547,31.163927,31.163927
4604,173.6926508798999,150.12344643622663,-0.2578776,-0.114983775,0.3048765,-0.8988899,29.558588,29.558588
4605,168.52243853437943,151.41281717723072,-0.30481336,-0.18907195,0.18942817,-1.0091379,24.374346,24.374346
4606,163.45800308615787,151.2530447090518,-0.2924788,-0.14195679,0.39310974,-0.66880655,23.515575,23.515575
4608,158.80512905933318,149.80969395629424,-0.16530128,0.01306662,0.21479732,-0.88861316,52.213272,52.213272
4609,156.98651547824977,145.50601619600408,0.006389598,0.018251419,0.7280751,-0.7976722,32.401295,32.401295
4610,161.18666360603171,139.47325713626654,-0.35679016,-0.044409223,0.28918645,-0.8200482,25.156654,25.156654
4611,169.5325554124991,137.10781127849245,-0.4122189,-0.13063645,0.08049758,-1.1295911,36.259766,36.259766
4612,175.78785621165906,140.18748263307936,-0.33795118,-0.0132194925,0.35585022,-0.9574388,44.411476,44.411476
4613,176.2514955068194,143.34410951320342,-0.3421091,-0.07712047,0.2443709,-0.9504613,39.726032,39.726032
4614,172.08060848340148,142.18425278321735,-0.22064833,-0.0529271,0.50169224,-0.82162887,50.583076,50.583076
4615,166.10404120931545,139.09083317968938,-0.2827811,-0.028992819,0.2924844,-0.9350222,42.477306,42.477306
4616,160.1751601122791,139.1953077536467,-0.35908043,-0.07445691,0.29101232,-0.95508873,34.488018,34.488018
4617,155.16880730538614,144.63545147929344,-0.3505658,-0.10721773,0.4126524,-0.9347707,36.8954,36.8954
4618,151.54578691135828,153.03531050661005,-0.2957167,-0.13275424,0.38230413,-0.82069296,37.930473,37.930473
4619,149.8138723418396,159.69543490100827,-0.327516,-0.15103433,0.30799913,-0.84733856,33.427742,33.427742
4620,151.0070522430721,161.9538929080205,-0.3091833,-0.072854705,0.41757777,-0.7941884,33.86667,33.86667
4621,154.45800536181468,160.3155216297049,-0.2549423,-0.111435995,0.5411457,-0.8063759,36.352386,36.352386
4622,156.88546737957915,154.87371899018524,-0.30391303,-0.09826437,0.539517,-0.8036986,33.62654,33.62654
4623,157.62029223207284,146.31287352541204,-0.26144904,-0.043622445,0.6088946,-0.576241,34.61613,34.61613
4624,159.6970580270307,140.570440228807,-0.273275,-0.02775016,0.5494098,-0.5364019,32.37594,32.37594
4625,163.80395218049898,144.30928201097697,-0.22001901,-0.10462284,0.636441,-0.75542754,28.491245,28.491245
4626,167.90023113395446,155.5892521842683,-0.285761,-0.16585992,0.5709469,-0.8849778,28.864939,28.864939
4627,171.35568692128575,165.28900510723068,-0.299518,-0.17633885,0.55735564,-0.8637302,29.126184,29.126184
4628,174.0325055287413,167.54729463263286,-0.38726905,-0.20569277,0.4220978,-0.93133944,24.192373,24.192373
4629,174.46530001908732,164.85247508964537,-0.506052,-0.25037882,0.12912579,-1.2003539,17.742037,17.742037
4630,172.32371097423635,162.83414127824855,-0.57720685,-0.2443472,0.2902416,-1.1231569,12.965904,12.965904
4631,170.08804053886382,163.5663275783823,-0.25516996,0.36865625,0.9011253,1.0146474,10.249229,10.249229
4657,168.57519273286337,163.71233500422548,-0.068152435,0.04952391,0.6628486,-0.5674487,96.714355,96.714355
4658,162.32149432165338,156.58217833225453,-0.118198015,0.043129776,0.5374086,-0.5857297,88.94508,88.94508
4659,147.06802963880114,140.42591500436703,-0.11042859,0.09311705,0.4722916,-0.54144263,81.15075,81.15075
4660,129.38393163278766,124.11919745857409,-0.115946464,0.0952158,0.4481749,-0.5830271,80.5524,80.5524
4661,119.5320333762069,117.25798905596241,-0.10986526,0.11945961,0.42053774,-0.5374957,76.51645,76.51645
4662,120.54265590135208,119.98535636147952,-0.09434582,0.094122335,0.42210177,-0.619396,82.34094,82.34094
4663,128.58628899026135,126.39074585238416,-0.105189495,0.11052514,0.41184396,-0.5798169,73.086365,73.086365
4664,136.62065835729547,130.646959095773,-0.099318065,0.10609413,0.37938872,-0.6277662,71.78327,71.78327
4665,137.58292004860667,129.51762377592615,-0.098710574,0.1263679,0.35208142,-0.6262966,68.44629,68.44629
4666,128.8814295098499,123.53060359949775,-0.05188614,0.098112814,0.32414588,-0.77148366,71.78377,71.78377
4667,115.35961409243828,116.81977054935419,-0.07675419,0.07747898,0.2251962,-0.81666076,66.51328,66.51328
4668,106.06436670224011,114.15526181868243,-0.10149732,0.10136569,0.14660327,-0.7794282,68.31869,68.31869
4669,105.14825193192206,116.41910015944438,-0.063416645,0.03443697,0.23254198,-0.9170584,76.52043,76.52043
4670,108.64328067188555,120.431412435982,-0.023800714,-0.00081891904,0.20105653,-0.9519071,68.94151,68.94151
4671,112.77288563445906,123.96780259189904,-0.14395873,0.033916477,0.0028704316,-0.8471355,67.60634,67.60634
4672,119.22530457393799,126.60514800122527,-0.20086692,-0.0056923963,-0.45231676,-1.0369077,54.082905,54.082905
4673,129.3400693309235,126.73858277390269,-0.15487224,0.032986213,-0.19698855,-0.94154745,58.76997,58.76997
4683,141.51436245218412,126.78016078144748,0.00095900294,-7.740524e-05,0.9782307,0.07446031,155.92876,155.92876
4684,154.8830432273456,135.60126635042863,0.001196687,-0.047837947,0.95115644,-0.06143027,151.88824,151.88824
4689,167.79491902231038,155.1594433327945,0.15594636,0.040714182,0.059726395,1.0768481,131.77052,131.77052
4690,173.9807923605803,171.46752353928449,0.1089685,0.036993653,-0.022390695,1.0175802,135.75063,135.75063
4694,164.91962328785078,166.35617310034073,0.062318206,0.022651171,-0.064610556,0.9990064,48.857933,48.857933
4695,137.56299001218312,137.9583833935582,0.18793017,-0.0030927535,0.21863885,0.9325,35.976707,35.976707
4698,98.51713873653114,101.53786542870223,-0.019089574,0.02912358,0.16969481,-1.0004954,54.520412,54.520412
4699,63.01087830966108,70.96818980499157,0.07287381,0.08768923,0.40595683,-0.8579353,49.708347,49.708347
4700,50.471430114112636,54.55735749727042,-0.26261395,-0.061110705,0.013921628,-0.9808882,39.124573,39.124573
4701,70.02292914843362,59.30663061544287,-0.07154126,-0.026767945,0.456347,-0.86861646,44.73899,44.73899
4702,107.91534540444569,83.55547232314946,-0.075900875,-0.047489885,0.3591863,-1.0173677,49.74589,49.74589
4703,139.5930007241257,114.20363981637934,-0.20525248,-0.11763016,0.30918702,-1.0308614,61.48701,61.48701
4704,154.9366772362128,135.2961251839032,-0.2037185,-0.082044184,0.40578175,-0.98292893,62.242416,62.242416
4705,161.9353238115792,138.81718450120962,-0.17911555,-0.14119864,0.4928166,-0.9633378,64.39314,64.39314
4706,167.0496346292948,130.9961354821053,-0.021243116,-0.06132206,0.68396103,-0.7596805,64.577446,64.577446
4707,165.9115835804012,125.01749356665474,-0.07379844,-0.085197926,0.66773003,-0.744789,66.50988,66.50988
4708,155.00761437968916,127.71255063049236,-0.14180985,-0.08900825,0.61465883,-0.7072109,62.88164,62.88164
4709,140.67377094194757,136.15615851302616,-0.15783133,-0.10134509,0.5674187,-0.7452266,58.35087,58.35087
4710,132.00285632072558,142.98732658079487,-0.20797843,-0.11906743,0.57165235,-0.8212119,60.123516,60.123516
4711,130.31867235439583,143.17507897712193,-0.1821042,-0.09723307,0.60450834,-0.8132665,57.01645,57.01645
4712,129.12594856276007,135.92264946020106,0.045842636,0.06909225,0.94561267,-0.52479535,53.54382,53.54382
4713,123.66220778845366,122.32851053564237,0.11726166,0.07961124,1.0110617,-0.49531806,58.197544,58.197544
4714,117.52583185706295,107.82566326038676,0.04082543,-0.04917877,0.8269926,-0.7663978,52.651894,52.651894
4715,117.65386561989808,103.07238592587746,0.1347799,0.016443864,0.9592489,-0.63680136,51.867695,51.867695
4716,125.62083671369427,113.35895585547635,0.16937098,0.020333465,0.9634822,-0.6378749,49.387127,49.387127
4717,137.10308069231354,131.97374722777099,0.11477944,0.022672,0.86248827,-0.6913807,40.50525,40.50525
4718,147.53181317473843,148.06282126097992,0.13514541,0.061996307,0.84991926,-0.69611436,45.499496,45.499496
4719,154.91082013168923,155.15491891797006,0.04231122,0.04225764,0.68067825,-0.8344977,39.86861,39.86861
4720,159.30772805145608,153.58538388132604,-0.11584774,0.027590863,0.24137078,-1.0536898,35.301506,35.301506
4721,162.05731240902236,149.1806179725146,-0.03676663,0.047640797,0.20561151,-1.0292913,36.58461,36.58461
4722,163.67730485600322,147.38624313887397,0.038310435,-0.0015396287,0.32537726,-1.0513707,33.85493,33.85493
4723,163.02239622969057,148.70006871933813,-0.045761164,-0.017752469,0.02634456,-1.1287881,35.97995,35.97995
4724,160.11979753619102,151.25598579266145,0.15249369,0.03170563,0.24538556,-0.9576003,35.825317,35.825317
4725,158.21670881932891,154.74568641384803,-0.066777945,0.030997304,-0.31650102,-1.052569,31.695753,31.695753
4726,161.25611384651623,159.90952171686058,-0.07375151,0.0037351463,-0.21855514,-1.0874932,22.068207,22.068207
4727,168.9920669914389,166.36887749037479,-0.28311715,0.069021635,-0.75275236,-0.98455185,19.151073,19.151073
4728,176.0891459694941,172.4314898054382,-0.033566542,-0.06550468,-0.21956545,-1.1192217,14.917604,14.917604
4735,177.198301965553,175.95244255507401,-0.26794627,0.18026112,-1.0161815,-0.5757062,11.986701,11.986701
4736,172.00110727049534,175.41035418007408,-0.44400978,0.26888782,-1.2107959,-0.3044104,12.214735,12.214735
4738,165.4795029763685,171.89245767158175,-0.36207944,0.27313387,-1.1525674,-0.26092398,10.797481,10.797481
4792,163.51105842918514,169.030995869165,-0.03437236,0.16541405,0.9558179,0.36605808,229.44945,229.44945
4793,166.33974887522075,168.8640165345181,-0.035215445,0.16745567,0.93682873,0.38736576,235.70035,235.70035
4794,167.38355139187416,169.68891061881706,-0.04090749,0.16214515,0.9374806,0.4049702,237.8816,237.8816
4795,161.29132673553372,169.67850317857065,-0.06243878,0.15967132,0.9251415,0.40287742,248.3155,248.3155
4796,150.09499006911517,169.46981847301223,-0.059332065,0.1502696,0.95141715,0.36411044,256.1083,256.1083
4797,140.59694744892195,169.62161924428008,-0.06763382,0.120698825,0.94163483,0.2758994,275.30057,275.30057
4798,140.2774659921943,168.70532026242458,-0.041204646,0.12174696,0.94390064,0.2683147,283.83185,283.83185
4799,151.84936382519462,166.2307929610953,-0.038034383,0.1508725,0.94295824,0.3082729,276.9438,276.9438
4800,168.3239248091935,165.2334574748237,-0.021782542,0.15644151,0.96408534,0.30384725,281.3454,281.3454
4810,179.25692692656506,168.59988452763832,-0.00017479373,0.033871967,-0.98776054,0.13324574,319.50327,319.50327
4811,181.25506526703825,174.59201026318217,0.0038562457,0.04009078,-0.97670346,0.13328522,321.20554,321.20554
4812,177.8622117826515,178.55782157278622,0.008659307,0.04575253,-0.97055984,0.14196056,320.93246,320.93246
4814,172.34895202419997,177.2407057377711,0.043319434,0.10552387,-0.8856792,0.27263203,344.66998,344.66998
4817,165.49788264016527,171.60679975449827,0.014941715,0.07113781,-0.9454125,0.22610098,349.91107,349.91107
4819,159.73415004541476,166.61553880447167,-0.011950268,-0.031255938,-0.9754717,0.13511488,280.59708,280.59708
4823,159.53905205273023,166.39876355159973,0.005224743,0.032237984,-0.9711214,0.09147781,315.97324,315.97324
4843,165.49450798646654,170.0777208021143,0.018019391,0.045143675,-0.94435346,0.16423412,351.34677,351.34677
4844,172.2791911417395,173.48699176624882,0.019393152,0.05110164,-0.95443517,0.16641393,357.5972,357.5972
4848,174.4880818782446,173.49721952549154,0.009329697,0.045867357,-0.97699684,0.12463854,357.94717,357.94717
4850,172.0459741957459,170.28332989317536,0.0034326192,0.059805073,-0.9915664,0.14319673,345.41232,345.41232
4851,168.3557227824699,166.083915436556,0.029133243,0.06540131,-0.9522622,0.1406362,346.4077,346.4077
4852,165.14837017903218,162.08904982459575,0.03734766,0.073934965,-0.9216151,0.15006588,364.99512,364.99512
4853,162.5287562289635,158.28643526072017,0.022543091,0.046954177,-0.9419256,0.114926815,383.0717,383.0717
4854,161.95575039958348,156.00998631392147,0.013066092,0.023353452,-0.95597106,0.05812771,397.08542,397.08542
4855,164.84955079446638,157.31153627770107,0.00043912447,0.010500578,-0.9632429,0.00741361,414.75464,414.75464
4856,169.57451923912498,161.77895476680897,0.01803417,0.04242213,-0.9512403,0.0067445906,410.28613,410.28613
4857,172.38625972476353,166.1070327083013,0.020775603,0.043939035,-0.94652915,0.009818537,427.58328,427.58328
4858,171.9391546989569,167.79026221446554,0.014062814,0.04574724,-0.9619952,0.007884206,441.23145,441.23145
4859,171.33738527627406,167.9851366184102,0.022018353,0.052147288,-0.9689011,0.012851168,423.7687,423.7687
4860,173.41161701651822,168.52585396001112,0.010265721,0.032599837,-0.95476377,0.017448802,446.5212,446.5212
4861,176.54636311654733,168.46216646947767,-0.0025318884,0.02745117,-0.95288926,0.014334598,450.88937,450.88937
4862,177.67524806095764,166.23998003953605,0.009485598,0.055056464,-0.9594431,0.04499109,430.0439,430.0439
4863,176.36906640469942,162.7789354450304,0.013583655,0.07537976,-0.94249076,0.1020219,428.73975,428.73975
4864,174.33165113074375,160.35651359336427,0.009730678,0.070363894,-0.95935214,0.080623366,437.34006,437.34006
4865,172.9403436113729,159.84781825926518,0.0050666896,0.024423601,-0.95697725,0.028308833,454.8223,454.8223
4866,172.35429435689525,160.1749846860206,0.0077855536,0.03626721,-0.9670426,0.01387686,443.46707,443.46707
4867,172.18671866000764,160.06401166085135,0.008147214,0.039263736,-0.96968746,0.021602582,438.67447,438.67447
4868,172.16403232756988,159.364613289524,0.006302287,0.056211043,-0.9590423,0.084984146,433.50226,433.50226
4871,172.2732538568991,159.11661328614292,0.08186372,0.06126943,-0.22850244,1.0170782,154.29576,154.29576
4872,169.79801492385783,158.29891300730094,0.12066031,0.041323524,-0.1888373,0.99679005,158.91862,158.91862
4874,157.18419104167592,149.46339760912753,0.07324678,-0.020148916,-0.078286976,0.9789635,185.06007,185.06007
4875,133.08648636634294,128.4968161727589,0.09828594,0.0006554433,-0.09420785,0.9966161,183.81972,183.81972
4876,110.4423767551373,106.3217928122838,0.12365189,0.03662534,-0.07792674,1.0544468,172.24336,172.24336
4877,101.84306011012252,96.1449576935918,0.103645824,0.03686136,-0.1194285,1.0616103,174.3809,174.3809
4881,106.65138605445674,97.82864903182109,0.017816102,0.012526196,-0.22519495,0.98539346,154.90973,154.90973
4882,116.04689700019637,102.7793274160908,0.046186615,0.010377343,-0.20600072,1.0036347,157.11461,157.11461
4883,122.19708648779772,105.96665784130111,0.03444047,0.003405335,-0.20311528,1.0107383,157.34947,157.34947
4884,123.66147417572172,109.8413609542421,0.04152277,0.0054026837,-0.18132578,1.0236231,159.45987,159.45987
4885,124.51778956754274,117.77719447209257,0.051940314,0.008681297,-0.11442715,1.0519696,162.23926,162.23926
4887,127.8900254225425,127.73930073896193,-0.088109285,-0.11007328,0.649694,-0.83083427,79.281235,79.281235
4888,132.3798960373389,135.58441248733817,-0.16037901,-0.18038473,0.5230714,-1.0823811,46.15075,46.15075
4889,136.54686578559077,141.6285318919049,-0.2664773,-0.21889083,0.5218948,-1.0765663,49.41406,49.41406
4891,141.73501151379483,148.75769019002865,-0.24869165,-0.082269505,-0.1933726,-1.0551442,89.78016,89.78016
4892,146.0814477727444,154.75144644751452,-0.23943023,-0.07260735,-0.23518503,-1.0073496,89.11155,89.11155
4893,141.93376347961757,153.7518505837126,-0.18908998,-7.671018e-05,-0.18361008,-0.99801344,100.25305,100.25305
4894,124.60479580632871,144.44455982805985,-0.17642005,-0.033339765,-0.1862625,-0.98331684,106.239265,106.239265
4895,99.99796746954769,129.53893179964277,-0.1915951,-0.034303453,-0.20208836,-0.97777337,95.04334,95.04334
4896,81.37920751799587,112.32366446297966,-0.17770472,-0.034318324,-0.18845114,-1.0024358,94.4117,94.4117
4897,79.58582463012095,98.61980650622661,-0.1904511,-0.02486624,-0.19068374,-1.0433139,91.3064,91.3064
4898,94.95118632195746,95.67983872843455,-0.36123952,-0.075478986,-0.5014636,-1.0661917,54.87173,54.87173
4899,118.95671288756071,107.9762482301179,-0.41926843,-0.098553516,-0.82584476,-0.95634806,48.493195,48.493195
4900,140.7216433520184,132.41153655430756,-0.3569213,-0.07149987,-0.6381659,-1.0106415,59.444935,59.444935
4901,150.92847599731383,156.3048673076266,-0.4276622,-0.049122777,-0.7527009,-0.9556263,49.93865,49.93865
4902,148.4844380776523,167.95138391762097,-0.46361384,-0.03900622,-0.9662494,-0.8723205,47.232113,47.232113
4903,143.61676322484533,168.41968336965624,-0.64484245,-0.037639786,-1.2027382,-0.87160546,36.551575,36.551575
4904,147.21476010848562,167.03558995402926,-0.5555505,-0.027601136,-1.0832806,-0.895904,42.85553,42.85553
4905,159.09450367245145,169.03662857845828,-0.4833802,-0.036678653,-1.0120955,-0.9574096,47.868095,47.868095
4906,170.50811612303468,171.86014416407428,-0.48869136,-0.03325535,-1.0576569,-0.9725988,44.035515,44.035515
4907,175.27967335268735,171.5975224337195,-0.3821266,-0.04656131,-0.81182545,-0.94820946,51.862694,51.862694
4908,174.43356814701755,165.76252459113596,-0.4796021,-0.012634233,-0.94782156,-0.8129604,57.39634,57.39634
4909,171.54693823276983,148.853262350506,-0.47048613,0.08076458,-1.0123767,-0.7146518,57.043022,57.043022
4910,168.80277757563428,120.40685646973803,-0.48767442,0.15881526,-1.2132182,-0.61507845,54.215378,54.215378
4911,167.68008348809005,97.17410316892192,-0.35722053,0.02500966,-0.9663553,-0.89210916,56.6822,56.6822
4912,168.5144761761872,99.56367036097032,-0.3507592,0.028517019,-1.0092291,-0.89829713,55.10647,55.10647
4913,169.27350513438327,127.61864071496694,-0.2816395,-0.038309783,-0.8406619,-1.0496366,57.226955,57.226955
4914,168.10008610604942,158.9620392237398,-0.27149552,-0.018153733,-0.8182121,-1.0510496,73.95335,73.95335
4915,166.1741266499953,171.440292295063,-0.34899879,-0.018792216,-0.9221448,-0.97360176,69.816765,69.816765
4916,166.372738560256,165.3778907127366,-0.40661284,0.028667042,-1.0460254,-0.90699816,57.73389,57.73389
4917,169.5963033738231,158.07910974693576,-0.48981866,0.03977679,-1.1653559,-0.85069025,51.06621,51.06621
4918,173.50995411607227,161.2424795813203,-0.47549465,0.025661863,-1.0985826,-0.8912118,51.907036,51.907036
4919,175.45512699376144,171.89705556868446,-0.5382591,0.023516594,-1.1302954,-0.8461886,46.66284,46.66284
4920,175.33982295891082,181.00427863972106,-0.49482235,0.01887078,-0.8346426,-0.8792505,53.85394,53.85394
4921,174.88111703219363,183.7354092904303,-0.54057527,-0.005029988,-0.86367726,-0.9115611,54.28866,54.28866
4922,175.18404809986822,181.50722863954547,-0.50391257,-0.018343497,-0.7868407,-0.96443325,58.737637,58.737637
4923,175.71844729282464,177.8907474954007,-0.5169683,-0.02083518,-0.74045163,-0.97582334,58.737957,58.737957
4924,175.38737305528502,174.84356954341084,-0.47973385,-0.0757201,-0.6122055,-1.0166368,61.60617,61.60617
4925,174.30743540997565,172.39168523510628,-0.3756758,-0.09427035,-0.3415167,-1.0788826,73.21019,73.21019
4926,173.8883322508853,170.51121033574486,-0.402324,-0.11632739,-0.3692208,-1.0676578,70.17259,70.17259
4927,174.93912903503744,169.884978722826,-0.44341838,-0.123534195,-0.41543692,-1.0634549,67.04573,67.04573
4928,176.41852374305208,170.37622602060205,-0.49108884,-0.1525583,-0.6371286,-1.132436,57.29431,57.29431
4929,176.36129416916185,170.49114857112997,-0.49603933,-0.13846269,-0.64621925,-1.089489,55.637623,55.637623
4930,173.90341317481924,169.22550827580818,-0.6073709,-0.15289037,-0.8564949,-1.0191001,47.116997,47.116997
4931,170.37658326198041,167.1781816101029,-0.5562698,-0.13762547,-0.76542443,-0.99130714,53.162605,53.162605
4932,167.88849867694083,165.57111090459526,-0.5266597,-0.09529912,-0.6787213,-0.9893829,54.06689,54.06689
4933,167.0326868271361,165.3918017949726,-0.4443852,-0.11917134,-0.496562,-1.0241063,63.37608,63.37608
4934,167.31550059545646,167.41728718755118,-0.4181012,-0.116847955,-0.42750672,-1.0158697,67.560074,67.560074
4935,168.89561169697228,170.91365679995732,-0.4942449,-0.12242152,-0.5621117,-1.0233366,63.54094,63.54094
4936,171.9020282176989,173.07853772297875,-0.41595837,-0.11616185,-0.48557985,-0.98253316,68.88624,68.88624
4937,174.7495427502626,172.7016475428978,-0.3830356,-0.10530725,-0.51617056,-1.0264945,77.36499,77.36499
4938,174.65533602215615,171.96839937481133,-0.3215755,-0.09659039,-0.5168608,-0.99299014,85.063416,85.063416
4939,170.41795360584433,172.48613428421527,-0.32124278,-0.08934309,-0.5301357,-1.0390651,85.119026,85.119026
4940,164.44286556556108,173.12520956199114,-0.3311729,-0.04029352,-0.5975204,-1.0407116,87.9343,87.9343
4941,160.99640519755874,172.7290302137219,-0.3273535,-0.030417684,-0.50247073,-1.036289,92.88003,92.88003
4942,162.55162817639834,171.98372634254127,-0.33896545,-0.039039947,-0.49021852,-0.99975055,90.38265,90.38265
4943,168.2065727425629,171.9588992767729,-0.35690552,-0.041887295,-0.4975528,-1.0244825,88.58101,88.58101
4944,174.641904148378,172.48549813013528,-0.429628,-0.08097775,-0.65182155,-0.99398535,76.745285,76.745285
4945,178.45577286587553,172.72546262992395,-0.54611677,-0.035266865,-0.7927359,-0.96290016,65.718575,65.718575
4946,178.62518388126225,172.5278840798773,-0.5032074,-0.040856946,-0.736132,-0.996579,68.37389,68.37389
4947,176.88866538703007,172.76940405950725,-0.5252606,-0.0488116,-0.75412637,-1.0152546,71.678635,71.678635
4948,175.17915597870856,174.21502253715462,-0.6289955,-0.11305862,-0.91429466,-1.1550461,61.6705,61.6705
4949,173.34862097642053,176.23728975356892,-0.6036039,-0.13189773,-0.87487864,-1.1716202,63.684963,63.684963
4950,170.49184608064607,177.52023998481508,-0.5668373,-0.109778315,-0.82681257,-1.0368558,63.90331,63.90331
4951,167.52042631361866,177.6041443242493,-0.44993255,-0.031131614,-0.45847312,-0.9947671,76.53898,76.53898
4952,166.81881931437624,177.0377594504856,-0.4223538,-0.08106683,-0.31097516,-1.0610173,81.527695,81.527695
4953,169.3168016859442,176.04780372186642,-0.3271251,-0.06744615,-0.10424774,-1.0580399,106.08462,106.08462
4954,173.15757610943635,173.8144188199918,-0.29123005,-0.09256782,-0.033870555,-1.0387136,114.95577,114.95577
4955,175.73943423415713,170.39175959832667,-0.28596342,-0.091216296,0.012735311,-1.022944,120.89794,120.89794
4956,175.77973062268887,167.30926219399214,-0.26240343,-0.075173125,0.09062693,-0.9906998,133.14236,133.14236
4957,173.2533861501059,164.84032329560992,-0.27724448,-0.061108902,-0.019857584,-0.99689263,129.24983,129.24983
4958,169.17011467633787,162.3485662960895,-0.3313614,-0.0546104,-0.13457018,-1.0313582,113.07794,113.07794
4959,165.7201859024494,161.30328913191568,-0.35578245,-0.10479167,-0.25732455,-1.0283468,105.085495,105.085495
4960,165.0172679790675,163.888179622583,-0.34129405,-0.11965745,-0.1774967,-1.0185673,102.52171,102.52171
4961,167.2531514568845,169.2452073719181,-0.35877067,-0.13208252,-0.29036415,-1.0449693,96.187225,96.187225
4962,170.6110078661923,173.97778415802551,-0.3946777,-0.17851557,-0.35220414,-1.027367,82.48037,82.48037
4963,172.9034378459817,175.54547962709515,-0.37738892,-0.1733986,-0.30245757,-1.0527843,83.57097,83.57097
4964,173.35721018547022,173.58875637112413,-0.35445946,-0.18742186,-0.28673995,-1.0431396,87.29387,87.29387
4965,172.30414849426703,169.33355369915054,-0.29499006,-0.1753129,-0.17646968,-1.0699598,107.71599,107.71599
4966,169.52956890899208,165.07691839364944,-0.26283127,-0.13299516,-0.18405306,-1.0627701,111.404465,111.404465
4967,165.4137461859883,163.56145289157163,-0.2454066,-0.11845677,-0.24488649,-1.1370653,109.72329,109.72329
4968,163.00520419960228,166.05273503342534,-0.32827327,-0.13904472,-0.33563203,-1.1470876,99.447624,99.447624
4969,165.5176508835641,170.95771715227005,-0.33460146,-0.14682524,-0.42519093,-1.1443566,94.87423,94.87423
4970,171.82597598181755,175.27826724657493,-0.3321125,-0.08007128,-0.36273718,-1.1105298,101.44999,101.44999
4971,177.18901471632813,176.31759813568678,-0.3447239,-0.070216306,-0.31975985,-1.0609707,103.25628,103.25628
4972,178.5320722809485,172.10239196165617,-0.30168915,-0.055107985,-0.30211812,-0.98863834,113.12019,113.12019
4973,176.833297065881,162.32897513351477,-0.2718757,-0.008582444,-0.267437,-0.94293374,120.63456,120.63456
4974,174.1902119344069,151.16920687140347,-0.225902,-0.045687653,-0.13522886,-1.0109826,139.95056,139.95056
4975,170.9023448157695,147.26327534833402,-0.22254679,-0.04619658,-0.17524168,-1.0059936,146.43246,146.43246
4976,166.46085915916703,154.2305284806085,-0.25245157,-0.0589288,-0.17092828,-1.0562917,143.41638,143.41638
4977,160.51194401970997,163.13360836952606,-0.32168278,-0.06346003,-0.30508414,-1.1913548,119.53209,119.53209
4978,153.4449812120345,163.2360177058246,-0.5065137,-0.09669688,-0.45108518,-1.2357656,83.476,83.476
4979,149.39910338934763,155.00575129761907,-0.513801,-0.10760856,-0.52485716,-1.3196789,81.846115,81.846115
4980,153.5717007974381,143.91707738114513,-0.4708968,-0.080276825,-0.36502504,-1.262579,91.2739,91.2739
4981,164.4087324974433,132.00071806002902,-0.35468614,-0.07834983,-0.12615937,-1.1561121,107.68385,107.68385
4982,174.67742794500995,121.34407710346079,-0.3495434,-0.051849563,-0.08517095,-1.0596452,117.92833,117.92833
4983,179.1568092190968,114.46201294713346,-0.3277499,-0.065480694,-0.03167908,-1.113036,126.3241,126.3241
4984,177.9147184250544,110.75737565691898,-0.40953612,-0.098475024,-0.12590216,-1.1413223,108.59514,108.59514
4985,174.75048489909338,109.93036069153212,-0.42355394,0.039145444,-0.13335086,-0.97093505,97.5,97.5
4986,173.53887507513383,115.36552458285603,-0.35648817,0.034182478,0.0071262335,-0.90249777,110.65793,110.65793
4987,174.51952857363545,128.97692488984802,-0.33643147,0.04987179,0.036495764,-0.8875985,112.120384,112.120384
4988,173.65074808571657,144.83120391069784,-0.33401603,0.025883067,-0.024251686,-0.9214291,111.88413,111.88413
4989,166.5045975997091,153.10786638382558,-0.3580894,0.020040289,-0.060957763,-0.90152913,107.0978,107.0978
4990,153.6302264537198,150.74412984134028,-0.33629328,0.0016897124,-0.11468018,-0.8917237,109.17761,109.17761
4991,140.3651686465194,144.02110103096834,-0.30301932,0.00089510344,0.01175853,-0.8939308,110.39609,110.39609
4992,130.9361411953523,140.83320942268517,-0.29376927,-0.00026039436,0.021098051,-0.90027964,109.93129,109.93129
4993,126.84225415978344,143.7384821823643,-0.36127606,0.019752981,-0.11101157,-0.93737936,101.27371,101.27371
4994,129.8664443358513,149.4418767022771,-0.33648548,-0.001959465,-0.09655821,-0.9553496,110.033455,110.033455
4995,139.39342976966614,151.78451466618515,-0.3162773,0.04270845,-0.108627416,-0.8932762,119.198654,119.198654
4996,149.82606428773545,146.60437483593722,-0.30237824,0.020775435,-0.13642634,-0.995336,131.4821,131.4821
4997,156.81988772071858,136.41206883519504,-0.30970046,0.005383935,-0.23226006,-1.0406239,121.72603,121.72603
4998,160.3873043694879,128.9379961624623,-0.39328673,-0.006807793,-0.55190414,-1.0786471,102.47548,102.47548
4999,161.0412999909274,129.85608584848424,-0.3631702,-0.04601124,-0.6768251,-1.0660685,113.219086,113.219086
5000,158.34733592168627,138.4935796421272,-0.3075146,-0.018312925,-0.55673254,-1.0159047,126.91018,126.91018
5001,150.1790364398832,150.433400529891,-0.33610055,-0.009149376,-0.6087218,-1.0212655,119.83719,119.83719
5002,133.00520044254282,161.42638343609826,-0.3648235,-0.00082099065,-0.7504572,-0.9694279,110.54849,110.54849
5003,109.71458037113268,168.81975800356136,-0.38843146,-0.0026739752,-0.82620174,-0.9681196,108.34183,108.34183
5004,95.09792245832213,172.27503506120934,-0.43884212,0.0027758393,-0.9272517,-0.9919539,94.5484,94.5484
5005,103.6534507472897,173.4380831888557,-0.4630124,0.0028730433,-1.0124435,-0.98678297,88.832115,88.832115
5006,132.1326023064531,173.85392056124084,-0.5638052,0.034443162,-1.2494996,-0.990565,75.1165,75.1165
5007,161.4463011495877,173.97908536046015,-0.5484684,0.060913634,-1.2899718,-0.95345855,77.37856,77.37856
5008,175.28536841852656,173.9561749719929,-0.5846033,0.104863584,-1.4484322,-0.8637175,75.39208,75.39208
5009,172.7627595217391,174.02469900500364,-0.7387674,0.14265633,-1.6316634,-0.73337334,67.17848,67.17848
5010,163.78139840477655,174.44997548254548,-0.66477984,0.14394398,-1.5654899,-0.7278612,73.635345,73.635345
5011,157.09133540581476,175.52126023023837,-0.66244143,0.1485482,-1.5821805,-0.7843984,77.713425,77.713425
5012,154.9553576420002,177.21796437300156,-0.55461276,0.12524319,-1.4745045,-0.76471454,91.375206,91.375206
5013,154.94875876187226,178.8983673486323,-0.5671083,0.13427255,-1.3305473,-0.801067,92.66876,92.66876
5014,153.61128032522433,179.70939473490856,-0.47330183,0.12299975,-1.2413164,-0.720956,105.60344,105.60344
5015,150.1402300070377,179.37538688281933,-0.40837443,0.09412642,-1.1766034,-0.6635494,120.493095,120.493095
5016,147.25807580485588,178.4569614733862,-0.38946337,0.13717654,-1.2057507,-0.55768776,124.757256,124.757256
5017,147.50226561070244,177.73930038454517,-0.31272277,0.17054969,-1.0689704,-0.5684341,131.67137,131.67137
5018,149.9997204537795,177.516668977038,-0.41292801,0.1690593,-1.1566387,-0.5554701,107.7445,107.7445
5019,152.51803279151088,177.49956123291187,-0.41701704,0.14551458,-1.252562,-0.616948,111.45267,111.45267
5020,154.58299800059663,176.92709370815336,-0.30339444,0.12848714,-1.0067711,-0.6667337,126.71525,126.71525
5021,156.57268468660223,175.25473297469352,-0.48249832,0.2002044,-1.1981958,-0.5268949,90.445435,90.445435
5022,158.5824710604054,173.49645994717224,-0.52449876,0.11023336,-1.3181986,-0.59666795,84.383255,84.383255
5023,160.98325854815263,173.09519469767724,-0.48236552,0.15641432,-1.340478,-0.5213984,90.34659,90.34659
5024,163.1800821623133,172.90039201702163,-0.53364974,0.1191305,-1.351806,-0.5594128,84.22719,84.22719
5025,163.1522713219008,170.22780898433507,-0.41628614,0.09758672,-1.2250128,-0.52881104,94.22365,94.22365
5026,160.51020897063623,165.1201856924787,-0.3774898,0.100804776,-1.2684551,-0.53692394,100.73563,100.73563
5027,158.10896180492688,161.1573115669161,-0.4084257,0.1597801,-1.2872083,-0.49949324,100.725136,100.725136
5028,158.64575689957505,161.36932056729333,-0.30978966,0.05192606,-1.0800513,-0.6678959,123.57648,123.57648
5029,160.98322078449283,164.11603507922553,-0.37619448,0.07843593,-1.116451,-0.44838926,117.74506,117.74506
5030,162.6796739488299,165.4753152826112,-0.40747613,0.15940495,-1.2288532,-0.30317724,119.89819,119.89819
5031,164.35089720375507,164.57550276574403,-0.44240755,0.17833634,-1.2310777,-0.32328758,119.899895,119.899895
5032,167.65680530131195,161.84565582258438,-0.43557358,0.19356157,-1.3005661,-0.2919849,121.47336,121.47336
5033,171.65592034500662,155.46552759942887,-0.3721436,-0.06517788,-0.82990164,-0.92007554,95.45692,95.45692
5034,173.74325983599692,146.27576647579286,0.07947854,-0.11306404,-0.38917857,-1.199909,120.56738,120.56738
5035,171.554162272155,140.81215446581598,-0.3259759,0.045113653,-1.3963481,-0.49716803,119.96205,119.96205
5036,164.61449785893842,142.39153453512387,-0.025560673,-0.0872673,-0.6611366,-1.1235693,136.31781,136.31781
5037,156.8553970665804,147.56026897174772,-0.15502997,-0.12218344,-0.69211644,-1.10326,168.95517,168.95517
5038,154.60073740875953,154.37312829619967,-0.06581409,-0.15614589,-0.8385906,-1.0874919,174.38963,174.38963
5039,157.56460822577486,162.66983450354255,0.019707508,-0.14628828,-0.76784915,-1.036773,197.71573,197.71573
5040,154.77243082781442,169.13049170136168,0.03697015,-0.18944101,-0.7021967,-1.1046185,179.13258,179.13258
5041,138.5974221374419,171.38353771479117,-0.0011892297,-0.18514211,-0.7993787,-1.1260701,169.26414,169.26414
5042,121.23507882517059,169.69553825548402,-0.36875355,0.2025119,-1.146041,-0.11656283,118.239395,118.239395
5043,121.23428942574773,160.59069375841773,-0.34137574,0.1617456,-1.1842753,-0.31198192,111.81134,111.81134
5044,136.426324616361,140.9940294457211,-0.77571136,0.49587494,-1.8187492,0.3461769,71.174355,71.174355
5045,150.6378447406984,120.16557502156729,-0.88794506,0.30554953,-1.8832973,0.32251376,61.13503,61.13503
5046,158.35224282815443,113.64529446358878,-1.2222757,0.9341422,-2.3002453,1.336229,48.440296,48.440296
5047,163.30637007182906,126.21378095478984,-0.3434128,0.4594277,-0.6149508,0.055435136,54.40742,54.40742
5048,165.08832315030077,149.1031771195906,-0.028810272,0.09282854,-0.5815545,-0.5738176,81.105446,81.105446
5049,161.69157926694996,169.3225921779687,-0.08601419,0.17086515,-0.66340256,-0.34114096,108.53525,108.53525
5050,157.5907658170195,178.81953341170345,-0.27423996,0.09602274,-0.92241544,-0.5762974,111.49912,111.49912
5051,159.85847135316752,178.0373969893132,-0.18431564,0.08064949,-0.9007063,-0.4928202,171.42702,171.42702
5052,168.31299832917193,171.51775348750482,-0.13723995,0.0777034,-0.8166704,-0.56870705,170.71973,170.71973
5053,175.60158849934498,163.04319172403308,-0.21377456,0.13161176,-0.8963094,-0.5157444,134.63194,134.63194
5054,176.26283998230417,156.50125322380163,-0.02873436,0.047496848,-0.6024476,-0.6783133,187.50859,187.50859
5055,171.3656856089473,155.74159977382288,-0.010981289,0.021392329,-0.41135138,-0.7288293,180.93855,180.93855
5056,165.59109559035986,161.10299590051181,-0.08670177,0.17730382,-0.53063256,-0.506017,115.0901,115.0901
5057,163.1886277621221,169.07235770897518,-0.10392419,0.13315529,-0.6461181,-0.62192744,131.2802,131.2802
5058,165.36815483608632,175.64457899752787,-0.1470279,0.074065834,-0.67347175,-0.73930335,153.78024,153.78024
5059,169.23338005723667,178.81075179182602,-0.49961486,0.19041388,-1.0459832,-0.5493792,79.200165,79.200165
5060,170.46046244339385,178.94117071524542,-0.79051894,0.18757044,-1.4036806,-0.3662508,66.218124,66.218124
5061,167.71830865518768,177.82058689323532,-0.88225615,0.22784272,-1.5242192,-0.5333314,59.733856,59.733856
5062,162.78821336449917,177.0164144235058,-1.1767337,0.22725603,-1.9770352,-0.60663575,50.85913,50.85913
5063,156.74979298821802,177.05729697390035,-0.81781244,0.20482433,-1.5699061,-0.6045716,66.34312,66.34312
5064,149.58888476540238,177.5746414544529,-1.1361479,0.15190382,-2.2829204,-0.5701928,53.67784,53.67784
5065,143.87276961972972,177.81672337018324,-1.0614147,0.20412862,-2.329884,-0.42471215,60.62937,60.62937
5066,143.55046958096457,177.63587110392845,-0.9273704,0.22712629,-2.1540053,-0.40941775,67.13278,67.13278
5067,148.43563022069858,177.71329056082115,-1.0236667,0.2918601,-2.1225839,-0.30349723,64.7609,64.7609
5068,154.2514418296393,178.3824716553775,-1.0949196,0.29082832,-2.1511934,-0.38089195,63.67332,63.67332
5069,157.44137896171867,178.96624304617447,-1.2027086,0.30302656,-2.4688594,-0.37802994,59.609104,59.609104
5070,157.93160586454022,178.5610948453964,-0.9209809,0.29974547,-2.11509,-0.40221626,72.27283,72.27283
5071,158.23811247978333,176.9496564649768,-0.88627666,0.3343045,-1.9592772,-0.32930547,75.71644,75.71644
5072,160.23413401391986,174.68537252196904,-0.875023,0.30055195,-1.9712095,-0.4341171,80.63655,80.63655
5073,163.121247489864,172.57898628746764,-0.8649039,0.28314477,-2.049319,-0.41441274,78.51348,78.51348
5074,165.27248276625153,171.22504034807972,-0.95060176,0.25838876,-2.2082856,-0.35361728,74.46365,74.46365
5075,166.528026574281,170.9406425559984,-0.769811,0.25384223,-1.9012761,-0.39660522,91.82592,91.82592
5076,167.05679828474922,171.82816455457765,-0.75913143,0.30116335,-1.9630802,-0.28742766,93.71881,93.71881
5077,166.1634851698476,173.65137221870089,-0.6607176,0.30998492,-1.7776773,-0.2169912,99.670235,99.670235
5078,163.97818597637368,175.75271552856975,-0.5912327,0.2487455,-1.7493259,-0.33844334,101.35074,101.35074
5079,162.05431524491,177.41007843138925,-0.53058887,0.24080275,-1.399423,-0.22312312,113.302315,113.302315
5080,161.57899629949466,178.249687366019,-0.55369234,0.13733725,-1.3067071,-0.56019056,105.25375,105.25375
5081,162.33652000631255,178.09651431109015,-0.45761907,0.09904957,-1.0317895,-0.66397256,102.17441,102.17441
5082,163.15817184696797,176.94180759114553,-0.37629554,0.14158507,-1.0177613,-0.47180605,115.15393,115.15393
5083,163.1053373951641,175.33470763192108,-0.38485307,0.096973605,-1.0301164,-0.6162634,111.45976,111.45976
5084,162.46911697524038,173.9822730639098,-0.3904498,0.18360296,-1.1107026,-0.41242692,106.00067,106.00067
5085,162.39904259327432,172.82852860744558,-0.38406366,0.15386558,-1.0907606,-0.45808977,107.931046,107.931046
5086,163.52150797061427,171.2203405150447,-0.3493458,0.15252122,-1.100317,-0.41622582,127.81284,127.81284
5087,165.22063558618234,168.92095413176952,-0.38912633,0.1600588,-1.3004634,-0.36235365,126.349754,126.349754
5088,166.4332390912123,167.06707299342327,-0.47461146,0.16053572,-1.3366101,-0.2917961,117.86574,117.86574
5089,166.96084159942612,167.89283731450303,-0.50776285,0.200736,-1.3804958,-0.22141631,109.36286,109.36286
5090,167.80820204701536,171.6417760608152,-0.6195806,0.24641983,-1.5369129,-0.18812619,92.2166,92.2166
5091,170.14633082914784,174.49628106545606,-0.40604717,0.04702179,-1.0347062,-0.48099646,108.165184,108.165184
5092,173.78571128947715,172.96728313604498,-0.40855026,0.14729582,-1.1951743,-0.40230536,115.55365,115.55365
5093,176.93984991068132,168.96273732121858,-0.399338,0.16642663,-1.1913986,-0.33520216,119.93176,119.93176
5094,177.56698129939818,167.17941394142449,-0.4266865,0.11785571,-1.2971468,-0.43178642,107.90218,107.90218
5095,174.7301166022611,169.3111264612382,-0.40930736,0.050638746,-1.2923858,-0.76837814,80.96579,80.96579
5096,169.4103068485874,172.89861235946853,-0.45834944,0.08085024,-1.48273,-0.49889237,84.43436,84.43436
5097,164.68962438209417,174.5375136856748,-0.6114661,0.057586182,-1.6029471,-0.66713214,65.63914,65.63914
5098,163.8902426344375,172.99908174426457,-0.64039844,-0.3269273,-1.506422,-2.0503259,47.272625,47.272625
5100,167.23301499542242,169.5440933526982,-0.49203885,-0.10048352,-0.5366839,-1.0021195,114.56598,114.56598
5101,171.62456831025935,166.5542703794837,-0.39271444,-0.09748222,-0.5455832,-1.0536805,121.279564,121.279564
5102,174.33591959679387,166.18928200613956,-0.4193458,-0.10127536,-0.57308024,-1.0307173,115.64426,115.64426
5103,175.2810147246373,168.6249375707377,-0.4276158,-0.11188079,-0.5644982,-1.042422,124.7355,124.7355
5104,175.81227917980263,170.9895032639092,-0.45279646,-0.13013063,-0.63701874,-0.98956573,117.13059,117.13059
5105,176.72928404706957,170.08834372973263,-0.36353895,-0.11637201,-0.5144187,-1.0853764,142.47453,142.47453
5106,177.49174044843735,166.76798011521416,-0.433799,-0.11330103,-0.63477105,-1.0160339,128.74072,128.74072
5107,176.6571889912337,165.1005977579337,-0.42096812,-0.12322134,-0.5470483,-0.99886453,129.88206,129.88206
5108,173.12478551858635,167.2443713480804,-0.41830617,-0.06293977,-0.5908309,-1.0432245,125.36448,125.36448
5109,167.1007688392888,171.73491761977627,-0.36500594,-0.053902607,-0.55432075,-1.0276829,136.86217,136.86217
5110,159.9203216557513,175.95199672453546,-0.4124157,-0.041925408,-0.5835842,-0.9749987,134.55919,134.55919
5111,153.99548984156752,178.2610269649808,-0.45305124,-0.008768433,-0.7151144,-0.9882075,113.89233,113.89233
5112,152.41749016228,178.55429754580388,-0.4188726,-0.031194968,-0.7027683,-0.9817323,120.21463,120.21463
5113,156.08534336372617,177.64381183068812,-0.4082884,-0.015789803,-0.7281267,-0.97867197,122.153015,122.153015
5114,162.33625217483737,176.5285537416487,-0.36842528,0.061547894,-0.7659182,-0.9058389,124.46342,124.46342
5115,168.23117494501312,176.0724307446247,-0.42368415,0.06735875,-0.8328596,-0.8334748,118.9007,118.9007
5116,172.69826348508897,176.33446579182922,-0.428733,0.079667754,-0.8525491,-0.78786874,116.7971,116.7971
5117,175.1685560064694,176.24487041942106,-0.40379706,0.088567846,-1.0366995,-0.7695222,127.63908,127.63908
5118,174.99745218212135,174.71887494423686,-0.4079123,0.120591015,-1.0373244,-0.69202703,123.88656,123.88656
5119,172.8431086616111,172.00673258119545,-0.3473328,0.13163118,-0.9929485,-0.6732978,130.86807,130.86807
5120,170.83757072255312,169.3053579917458,-0.3404159,0.16039433,-1.0170907,-0.5591596,135.67998,135.67998
5121,169.72602929352337,167.23482352031726,-0.32277554,0.15752448,-0.98690474,-0.5408828,134.66855,134.66855
5122,167.6075578666839,165.61007135962777,-0.32552388,0.1262115,-0.9575116,-0.5022591,138.0137,138.0137
5123,163.49298499334174,164.38204235337594,-0.33936152,0.14258885,-1.0379355,-0.4515756,129.13133,129.13133
5124,159.60673932836647,163.77716927275796,-0.36481375,0.13613196,-1.077717,-0.44517273,125.72936,125.72936
5125,158.17604276122694,163.7336961594244,-0.35888085,0.15185688,-1.1210856,-0.29092714,129.62057,129.62057
5126,157.8918718630922,163.94559523714133,-0.2997529,0.15239418,-1.0690403,-0.18759191,143.57448,143.57448
5127,155.20997083567082,164.57175557712787,-0.18526387,0.016022025,-0.93135387,-0.58071685,144.104,144.104
5128,148.31765817484458,166.47308657987176,-0.2406367,0.06855205,-1.007391,-0.5401486,158.22903,158.22903
5129,138.8686548945448,169.95715389740982,-0.20313194,0.097168714,-0.9526665,-0.37665445,188.88988,188.88988
5130,130.4684832741629,173.66105349741167,-0.11173975,-0.014655493,-0.8114646,-0.6521381,208.37047,208.37047
5131,126.3715483922667,175.77046357712322,-0.14621675,0.021275245,-0.8693541,-0.5832396,219.87608,219.87608
5132,127.63272922794717,175.2087027400245,-0.10278946,0.0068132854,-0.79280716,-0.6916531,236.51588,236.51588
5133,133.11158618832314,171.410901992777,-0.027442636,-0.016991291,-0.7458839,-0.7556598,224.28265,224.28265
5134,142.19088681852205,165.10226967055112,0.007335872,-0.012491838,-0.6210887,-0.7958213,205.66652,205.66652
5135,154.2665772947048,158.17240391292842,-0.011498631,-0.0013840852,-0.6183996,-0.76078033,225.64862,225.64862
5136,164.4948821695821,150.97974356698853,-0.01363396,0.011821445,-0.5817992,-0.7969654,235.95569,235.95569
5138,166.2831835751199,143.62713109586687,-0.3690933,0.14121014,-1.1101769,-0.7282814,172.21355,172.21355
5139,159.3990439329586,141.35671872037938,-0.3745246,0.14065748,-1.1410757,-0.6493518,180.27477,180.27477
5140,150.95337321603512,150.70703224361765,-0.47930893,0.17924815,-1.3527333,-0.6657404,147.51285,147.51285
5141,148.120611547076,168.3048618571545,-0.52373534,0.20037566,-1.3228937,-0.5288331,127.835144,127.835144
5142,152.35845234471338,182.37486577558204,-0.53286934,0.228824,-1.2212723,-0.4245505,132.45174,132.45174
5143,159.9207185082861,185.76545102742904,-0.5726854,0.2667684,-1.3091016,-0.2894731,122.679634,122.679634
5144,166.05622905478631,181.2478358098765,-0.5668153,0.2819532,-1.3624215,-0.11984232,121.232704,121.232704
5145,168.4156374725104,175.61116053230214,-0.40094522,0.19390619,-1.2483505,-0.30072528,147.32155,147.32155
5146,166.89518405945708,172.34636796025643,-0.3642043,0.17362563,-1.2462476,-0.32858253,148.0928,148.0928
5147,162.2569349257096,170.1189609428152,-0.29472739,0.12733619,-1.1422092,-0.4051499,159.691,159.691
5148,157.0548207021769,166.9955014427577,-0.29429567,0.10636254,-1.1689287,-0.4055766,171.25932,171.25932
5149,155.7260680386186,164.12672388668256,-0.27983373,0.18533608,-1.1627759,-0.14706358,160.12665,160.12665
5150,160.59516549811357,164.44629339729022,-0.23462263,0.13436785,-1.0844998,-0.26591635,156.64804,156.64804
5151,169.03968568471075,168.67443448581272,-0.12983793,0.06892906,-0.81184703,-0.44380167,114.35061,114.35061
5152,176.1356826196962,173.81951365779543,-0.24009511,0.17980497,-1.2165463,-0.11169669,133.59473,133.59473
5153,178.92724949389276,175.57522448753105,-0.11342533,0.16700721,-0.97595537,-0.1855409,122.41973,122.41973
5154,178.15882594014096,172.13697224890555,-0.3125222,0.37939218,-1.3732532,0.23939711,106.34791,106.34791
5155,176.7440215106136,167.12330243923773,-0.5455399,0.5612596,-1.7352402,0.47452173,80.45377,80.45377
5156,176.52095445570853,166.35907763114608,-0.57587916,0.62767506,-1.8179791,0.5786241,82.69392,82.69392
5157,176.96783786520766,169.40626328246555,-0.6503983,0.52043325,-1.9930673,0.35432762,80.52326,80.52326
5158,176.74949878969838,169.3932889978203,-0.56180656,0.50116974,-1.6674547,0.40915042,89.86599,89.86599
5159,175.6361568817544,163.395420061556,-0.5491223,0.5576762,-1.6829605,0.2855589,69.00594,69.00594
5160,174.81279404175268,157.32138051036105,-1.8355142,1.5872899,-3.1309092,1.5056267,21.45488,21.45488
5161,175.11946982996272,158.38888856149612,-1.2002505,1.0248369,-1.5741593,0.75291216,34.672176,34.672176
5162,175.7229272835665,166.38076065166575,-1.1930006,0.8852736,-1.5996429,0.7932697,34.282402,34.282402
5163,175.3709824396915,174.02341206522053,-1.4678334,0.85092133,-2.059414,0.77700794,36.399754,36.399754
5164,174.2967537026777,175.03285142695105,-1.1879152,0.74329895,-2.2278254,0.61118555,41.633213,41.633213
5165,173.751423528876,170.23819783289227,-1.1984988,0.5253892,-1.8195347,0.14659658,51.867355,51.867355
5166,173.56757273199884,165.01916181523384,-0.9449554,0.2767821,-0.99704045,-0.10846291,54.106052,54.106052
5167,171.91846051384164,162.88385022322882,-1.1014823,0.40026063,-1.5890261,0.05609506,52.997543,52.997543
5168,168.7112835991733,163.4076332346441,-0.89566016,0.34982955,-1.2831436,-0.10910218,65.48477,65.48477
5169,166.84239625305943,164.87101033719307,-0.394112,0.19226319,-0.54691845,-0.55076593,90.32742,90.32742
5170,168.0188379824335,165.92248821610005,-0.4454843,0.06439442,-0.49631518,-0.77180654,107.9378,107.9378
5171,170.38515515121037,165.296327772491,-0.5397056,-0.00023598784,-0.5083599,-0.8316506,108.756805,108.756805
5172,171.89463955902306,162.99221797098716,-0.41820166,-0.05703157,-0.22759908,-0.93309534,134.99283,134.99283
5173,172.56891616252761,160.63870388821746,-0.42557505,-0.1048217,-0.24409992,-1.0439217,146.3114,146.3114
5174,172.59174573887117,159.42374576945406,-0.34512892,-0.09902573,-0.2079146,-0.95631164,171.9268,171.9268
5175,170.91876680594186,159.23898957128839,-0.3069216,-0.08958928,-0.13306658,-1.058178,198.2439,198.2439
5176,166.60603353284773,159.45720114225057,-0.29033306,-0.11546838,-0.074023105,-1.0515193,208.43266,208.43266
5177,160.84485775289465,159.57608311018825,-0.32818913,-0.12086286,-0.14240403,-1.1108552,204.32912,204.32912
5178,157.1151254081793,159.53712270590708,-0.35864854,-0.12939528,-0.15795955,-1.0067894,186.80458,186.80458
5179,158.1672688670276,159.6718481498892,-0.38012785,-0.0879455,-0.10995776,-1.0067339,190.4318,190.4318
5180,163.20951787570004,160.45150782703158,-0.36950737,-0.056222294,-0.037390582,-0.9777895,181.19928,181.19928
5181,168.9942488842115,162.04543119286444,-0.3401056,-0.053720523,-0.025523324,-0.9919918,190.7722,190.7722
5182,171.68773527291526,163.61413353967797,-0.27511775,-0.05075135,-0.05486142,-0.9985721,213.07016,213.07016
5183,168.730117263343,163.6877013356007,-0.30130592,-0.03900629,-0.14659463,-1.0260152,215.92165,215.92165
5184,163.20746563841723,161.76133724168878,-0.30943137,-0.025483077,-0.22212099,-0.9720241,197.39064,197.39064
5185,162.64052815973696,158.45463325854095,-0.44749057,0.0034090155,-0.4080253,-1.006253,156.08743,156.08743
5186,169.42120979420548,154.32061575398455,-0.6310478,-0.008809769,-0.67231196,-1.2305614,104.98877,104.98877
5187,177.92331940016507,150.43315620589286,-0.53847367,0.033407167,-0.510813,-1.0401688,126.41889,126.41889
5188,182.10282865382572,149.37157982110773,-0.62458324,0.02874693,-0.6535398,-1.065324,107.89089,107.89089
5189,181.1288431493716,152.95439675201456,-0.865205,0.08643557,-1.4104128,-0.941971,79.557724,79.557724
5190,178.13549226904237,159.10202243214627,-1.029405,0.05041272,-2.1622567,-1.2125064,68.011,68.011
5191,176.34720160584385,162.65427980560753,-1.0947897,0.0632087,-2.466066,-1.2296047,67.79716,67.79716
5192,176.38416913250128,160.15996871559742,-1.1014086,0.113677554,-2.3343472,-1.0379345,72.91356,72.91356
5193,176.38213253008948,153.7828707964146,-1.0725232,0.11570257,-2.0779874,-0.9712108,80.1004,80.1004
5194,174.97870453678757,149.6535039402803,-1.1868548,0.12693202,-2.5740209,-1.0527319,69.66398,69.66398
5195,173.4313997566112,152.11077176979532,-0.9875135,0.1383053,-1.9245257,-1.0309151,87.21647,87.21647
5196,173.6608844074554,159.79588418738518,-0.98132527,0.09446344,-1.9033988,-1.014865,86.59815,86.59815
5197,175.60900100831034,167.5522675983423,-0.9415413,0.09031036,-1.8435016,-0.9895551,89.79249,89.79249
5198,177.31568486719598,171.8059355859217,-0.9865303,0.22338621,-1.8540236,-0.922885,85.78155,85.78155
5199,177.05807883600883,172.9163365740692,-0.989033,0.20154013,-1.842758,-0.958883,90.10932,90.10932
5200,175.50156473194724,172.92408479188,-1.0333434,0.27132908,-2.069149,-0.9318392,81.75697,81.75697
5201,174.97234545712828,173.2716571085269,-0.963176,0.20645216,-1.8838547,-0.9863478,91.08748,91.08748
5202,176.37037586369985,174.2293498264375,-1.0793929,0.2199138,-1.936343,-0.8674652,82.47264,82.47264
5203,178.20255294526936,174.4366239910094,-1.2981071,0.11162284,-2.2049828,-1.0420829,73.22693,73.22693
5204,178.78176924833875,171.7751896354855,-1.0737499,0.07973462,-1.8134445,-0.9985297,83.89991,83.89991
5205,178.0207800944787,165.27576957843746,-0.9606512,0.09285251,-1.7152201,-1.0388937,87.24538,87.24538
5206,176.79287887863998,155.60074403844885,-0.7232099,-0.020555515,-1.2459784,-1.0251083,108.44715,108.44715
5207,175.66274900668483,146.11581064106952,-0.5677392,-0.04714384,-0.89994806,-1.0035949,131.94962,131.94962
5208,174.64005205056438,141.99354058314606,-0.5043951,-0.07858691,-0.76346874,-1.0546874,149.73772,149.73772
5209,173.48279557835662,144.005431512528,-0.44617328,-0.12379621,-0.590314,-1.0432459,161.00266,161.00266
5210,172.084486774779,147.07346745101327,-0.42848137,-0.15958956,-0.41539252,-1.0933402,165.97983,165.97983
5211,170.77569122637505,147.2639262592759,-0.3913568,-0.16515405,-0.31515035,-1.1624275,164.85149,164.85149
5212,170.1230468924915,145.96649314691737,-0.33129233,-0.2129886,-0.20115547,-1.2203889,141.60742,141.60742
5213,170.44604307811582,147.31212751432747,-0.3727027,-0.26345903,-0.13135941,-1.1348639,155.14085,155.14085
5214,171.26159438136455,153.09248471291698,-0.311088,-0.19733843,0.085806824,-0.9257966,194.06142,194.06142
5215,170.6990599263153,159.4556446462922,-0.22923604,-0.13106406,0.23744746,-0.94920766,245.95671,245.95671
5216,166.9676059524646,159.93296464374785,-0.1995917,-0.09006083,0.33751878,-0.904525,271.5416,271.5416
5217,161.45698211907845,152.05008320693508,-0.1809268,-0.09370414,0.38909814,-0.86809933,273.6156,273.6156
5218,158.07474376020696,139.65700155130216,-0.21593377,-0.09781743,0.413281,-0.8083578,261.16333,261.16333
5219,158.98746072342618,129.1723026215961,-0.17066519,-0.053423937,0.6202827,-0.6812023,264.62366,264.62366
5220,162.7689578105553,124.0560496363918,-0.17604262,-0.0416327,0.6497407,-0.60002255,259.0095,259.0095
5221,166.45923703213415,123.22095023028331,-0.1347277,-0.050198004,0.7356995,-0.5189841,271.71573,271.71573
5222,168.41144531966114,123.9743540799351,-0.16165777,-0.04609255,0.7452502,-0.44709122,259.44,259.44
5223,168.72362088184744,124.87064149149096,-0.16719939,-0.07500461,0.763472,-0.4345887,268.6639,268.6639
5224,167.3741327965305,126.15527951586901,-0.17087045,-0.07369389,0.7827633,-0.4120117,263.51816,263.51816
5225,163.4977115525459,128.51928971413494,-0.14830099,-0.07273271,0.78505397,-0.3918325,257.74918,257.74918
5226,156.9997743628079,131.57882261726715,-0.15577789,-0.07834094,0.79642177,-0.3794547,249.6615,249.6615
5227,149.6682170570644,133.79715803145677,-0.15888415,-0.098688655,0.82985,-0.3856255,245.76524,245.76524
5228,143.81093252000144,133.86675137054797,-0.105546474,-0.08073064,0.84307486,-0.3565242,258.27957,258.27957
5229,140.2507929543221,131.54238967401534,-0.077878825,-0.048605025,0.8874763,-0.29071674,273.96112,273.96112
5230,137.99574955154836,127.7795582242135,-0.051751334,-0.040552683,0.97045517,-0.23745205,280.37515,280.37515
5231,135.09530566914253,124.90360467006504,-0.058935482,-0.030942483,0.95302683,-0.2171287,281.61795,281.61795
5232,130.47843676061584,124.99928250532764,-0.06819288,-0.009883076,0.9202213,-0.20288767,272.93307,272.93307
5233,126.10183252823893,127.2231302116376,-0.057735864,-0.017250413,0.92517585,-0.22271645,273.52295,273.52295
5234,124.93048446562648,128.26745421718314,-0.06264403,-0.033330463,0.8961053,-0.26739785,273.47235,273.47235
5235,126.18309356297304,126.81026803480684,-0.10691416,-0.058120113,0.8860848,-0.31447235,261.33487,261.33487
5236,125.92508558014451,126.51858155730096,-0.036173586,-0.07799527,0.9098908,-0.34633508,266.67838,266.67838
5237,122.330138100149,132.15387409109857,-0.036451135,-0.08844529,0.87969726,-0.40005037,258.8915,258.8915
5238,117.68352869011726,143.70312818561828,-0.04155161,-0.08047174,0.8497492,-0.41436562,262.6628,262.6628
5239,115.2222105994368,156.40805910274642,-0.045970265,-0.08020949,0.8096437,-0.43515387,260.57825,260.57825
5240,115.78808328238493,164.61562532248936,-0.060219616,-0.075608395,0.81950605,-0.4297866,250.3552,250.3552
5241,117.70241605454817,164.824620618984,-0.037737347,-0.05956082,0.85048175,-0.4173218,249.89944,249.89944
5242,119.10653379168922,156.74104713928375,-0.05910513,-0.060488835,0.8710042,-0.4431597,249.48613,249.48613
5243,120.08313182873458,142.68942074109768,-0.004972465,-0.013308543,0.9524726,-0.36872584,253.91296,253.91296
5244,121.24459501846424,126.67839914581897,0.0146877775,-0.005145179,0.9810137,-0.37235418,243.07635,243.07635
5245,121.39229883283221,112.8046346717341,0.059978124,0.022471907,1.0981486,-0.31707525,223.63806,223.63806
5246,119.31224446032353,103.94777237058253,0.06547483,0.0057391846,1.1307921,-0.29112172,224.21378,224.21378
5247,116.19917546016052,101.70992469195801,-0.01118829,-0.068273604,0.9706762,-0.41465348,209.43332,209.43332
5248,114.03192198946749,105.26159443010877,0.009211949,-0.006474541,1.0803704,-0.27915648,207.51538,207.51538
5249,113.33992660548479,111.45645638703931,0.058368217,0.03017483,1.1526768,-0.25604054,195.57048,195.57048
5250,114.38751907248334,118.04198204681694,0.011230402,-0.029942779,1.0398916,-0.39947036,192.8055,192.8055
5251,117.97524946525019,124.48633939206663,0.03828858,-0.029128592,1.0840505,-0.36348185,178.88795,178.88795
5252,122.9831856056095,130.00880795419678,0.033810206,-0.030690394,1.0688041,-0.39649096,170.34138,170.34138
5253,126.19675717663304,132.93834298466473,-0.029118357,-0.0048617646,0.9443109,-0.40015814,169.4429,169.4429
5254,126.31213619481974,132.12952352696863,-0.019044075,-0.029461095,0.9046734,-0.47437048,159.41061,159.41061
5255,125.83625792960993,129.02965021191827,0.07657837,-0.008211548,1.0829484,-0.4574668,152.72264,152.72264
5256,127.72946651278906,127.16762835590174,0.10724765,0.013292186,1.093463,-0.4751668,139.08125,139.08125
5257,131.71314937169473,128.89570058606049,0.11048562,0.019041227,1.1389782,-0.43643343,138.8877,138.8877
5258,135.1094750481314,133.67634400608918,0.12923488,0.0376983,1.1615415,-0.40963516,136.43674,136.43674
5259,136.20951422100367,139.5094815744405,0.11531095,0.0394208,1.1215274,-0.4153681,136.114,136.114
5260,136.19924755131413,144.53944679346804,0.1293278,0.020311791,1.0984454,-0.41805476,130.287,130.287
5261,138.30739701984763,147.2849761920388,0.14904782,0.012281635,1.1884278,-0.40676528,120.92099,120.92099
5262,144.3877457809504,147.39393625745035,0.15366493,0.01819164,1.280116,-0.4162093,113.996956,113.996956
5263,151.65808219114655,146.2718027282344,0.16247675,0.019755077,1.1068609,-0.47959268,99.39223,99.39223
5264,154.64423819001476,145.91932279683633,0.095274016,-0.006667667,0.9967502,-0.5846453,91.52069,91.52069
5265,151.11011992183924,147.54829450723076,-0.02097996,-0.04649316,0.87514675,-0.5854081,90.70633,90.70633
5266,144.70276418340637,151.18424412392108,-0.11736093,0.013302084,0.5676227,-0.55524385,60.02991,60.02991
5267,142.40523591764136,156.14732033804205,-0.2004985,0.15148386,0.51262397,-0.56051975,39.769344,39.769344
5268,148.0224118769321,161.5445984901869,-0.18755414,0.052462284,0.5424286,-0.6645999,56.88494,56.88494
5269,156.32897386173354,165.6731271105696,-0.048945453,-0.041259818,0.70104605,-0.86735773,63.198143,63.198143
5270,157.90470048994467,166.22863552946924,-0.044467013,-0.09107554,0.55399966,-0.98824716,47.767643,47.767643
5272,151.3342651325311,163.19279445307,0.19255935,-0.052022688,0.18826978,-1.1242301,110.82787,110.82787
5273,145.2566639811466,159.911176529952,-0.018403163,-0.010113126,-0.28981543,-0.9789896,49.24757,49.24757
5274,147.3088584831079,159.33860372846723,-0.47216845,0.043213524,-1.1901683,-0.950847,32.260826,32.260826
5275,156.1408727173897,161.3631737091507,-0.42381755,0.0046444214,-0.9929622,-1.0238706,31.42158,31.42158
5276,165.39200521121646,164.27924149983662,0.2404559,-0.069635265,0.6228118,-1.073619,33.14652,33.14652
5277,171.27278803129477,166.8801946509025,-0.4791774,0.014022918,-0.98222876,-0.9670695,23.847506,23.847506
5278,173.5337679427338,169.05461848996208,0.54923314,-0.2111479,0.66950715,-1.1847019,27.305807,27.305807
5279,171.99909652170447,170.42543761395,0.32189083,-0.20307952,-0.12998542,-1.0343834,20.330273,20.330273
5280,167.2912601150263,169.58646040709334,0.17759965,-0.06876143,-0.08574747,-1.0648279,24.495216,24.495216
5281,162.98519165906728,166.79828130109294,0.57412773,-0.18388523,0.6370385,-1.3973106,33.23082,33.23082
5283,157.84631532473253,161.277929862179,-0.014492506,0.02802286,-0.966277,0.23253141,168.77156,168.77156
5284,140.66282995627327,143.66004927529215,-0.08404824,0.043663513,-1.179678,0.2492891,116.25172,116.25172
5285,109.61808514789566,106.68669877843811,-0.05369978,-0.11172891,-1.0922232,-0.02435748,135.99643,135.99643
5286,82.18828061413393,62.54786015104409,0.047841586,0.15268454,-0.84682226,0.5693616,130.00925,130.00925
5287,68.85277776109926,33.58549945523865,0.020284448,0.02520062,-0.89698493,0.26005194,139.84457,139.84457
5288,64.41340129535202,32.92904679259466,-0.13338774,0.04451233,-1.2880678,0.3614618,74.42855,74.42855
5289,67.67978303645151,59.44793164161049,-0.12708345,0.11719025,-1.3718512,0.45673034,110.99375,110.99375
5290,78.68314458968774,97.25444674365099,-0.116759144,0.028975213,-1.4439317,0.36204913,105.38835,105.38835
5291,92.55303438300825,123.27340625875544,-0.16159652,0.1117916,-1.5273775,0.3777383,105.95418,105.95418
5292,112.32076217647868,128.49311882553275,-0.17066963,0.0085099535,-1.4776342,0.14452566,115.44027,115.44027
5293,139.59093511813353,120.57156784414661,-0.12718557,0.31736633,-1.3404436,0.49629477,115.40888,115.40888
5294,158.70467173546396,105.93303351651194,-0.1698422,0.24791437,-1.4168042,0.3488644,139.97511,139.97511
5295,157.86264428946347,92.3141255050085,-0.17731234,0.22118026,-1.3840044,0.2323962,135.35161,135.35161
5296,149.08942229741837,96.29653188491693,-0.18690881,0.15160318,-1.2756833,0.14265117,167.17163,167.17163
5297,149.52983772865042,124.07231041256296,-0.04981244,0.01576663,-1.0607572,-0.31431434,199.00089,199.00089
5298,157.93147726942325,158.84690225273377,-0.13699123,0.033170223,-1.1551005,-0.26536196,184.84677,184.84677
5299,160.94404936137764,177.7831883233388,-0.16454673,0.11542125,-1.1848094,-0.41410032,140.88144,140.88144
5300,154.79410669786674,172.4203249453582,-0.19162941,0.14277473,-1.2384866,-0.35850418,141.92032,141.92032
5301,149.23822599991425,154.5712979592269,-0.22030622,0.15927531,-1.2384034,-0.3991453,102.48713,102.48713
5302,151.2271021894771,140.98594979095174,-0.23307396,0.05394093,-1.2992516,-0.71056336,134.14151,134.14151
5303,155.56324155486163,130.6688764161183,-0.20828672,-0.037895143,-1.3385278,-0.69752616,155.85529,155.85529
5305,154.3128276135901,116.40939516857206,-0.36937168,-0.023576003,-0.78481185,-1.0419252,140.2092,140.2092
5306,148.33868068089268,110.36571672345653,-0.38263452,-0.027764937,-0.7883511,-1.041353,136.03407,136.03407
5307,144.567243842146,127.46185140555033,-0.4145087,-0.015300557,-0.7625614,-0.9647069,131.6257,131.6257
5308,146.29956082829978,158.6972141995256,-0.41632015,0.011361937,-0.7748967,-0.9365083,135.21602,135.21602
5309,151.44033116133122,182.23306482337986,-0.42054984,0.008861006,-0.79731286,-0.9248664,135.32974,135.32974
5310,156.89777013761116,187.10961463916635,-0.45284674,0.008396673,-0.8844063,-0.9014436,123.107254,123.107254
5311,161.56138978308792,178.48645359515652,-0.52383167,-0.01015097,-1.0388284,-0.8739359,107.30038,107.30038
5312,166.06082633884705,167.6975233894289,-0.5353702,-0.02459594,-1.061119,-0.88036937,105.32411,105.32411
5313,170.44171932924107,162.06573123724948,-0.70469934,-0.08866049,-1.3937929,-0.8773341,87.7329,87.7329
5314,172.97058586252638,162.06514180354387,-0.6783499,-0.06219322,-1.3193086,-0.8528593,91.92534,91.92534
5315,171.7888341198665,164.1790627364187,-0.64958835,-0.059411664,-1.1462455,-0.8731773,94.87614,94.87614
5316,167.00819724428953,165.36876572969504,-0.69187874,-0.08308142,-1.172365,-0.87041783,89.10004,89.10004
5317,161.08660445310198,165.10422088196478,-0.6828747,-0.072975986,-1.2138546,-0.867915,90.45041,90.45041
5318,157.26463437057407,164.10744807771601,-0.7536501,-0.08634977,-1.3346876,-0.8522375,82.239,82.239
5319,156.7909029011748,163.04755576370516,-0.7185858,-0.076105975,-1.2719033,-0.8575792,85.968605,85.968605
5320,157.74887082243447,162.6750546375945,-0.7165083,-0.14734119,-1.2838029,-1.0281656,82.281845,82.281845
5321,157.47349872895936,163.68863230116068,-0.6114277,-0.08977544,-1.1192788,-1.0690829,92.301155,92.301155
5322,155.94767252688158,165.55276602626753,-0.5121297,-0.043460734,-1.0270395,-1.0067098,99.71763,99.71763
5323,155.8396668642729,166.72791689662418,-0.44368994,0.00033990355,-1.0267171,-0.99022317,112.76752,112.76752
5324,159.11091651264073,167.31655834533623,-0.42029294,0.006460821,-0.85955304,-0.888956,118.44606,118.44606
5325,164.8362023189455,169.13782880898657,-0.49345186,0.035887096,-1.0181042,-0.8471036,104.23162,104.23162
5326,170.63956106336767,172.5741071836499,-0.4984864,0.017227827,-0.88441694,-0.9112549,99.540955,99.540955
5327,174.96102290837842,175.95948848937837,-0.56831914,-0.0013994421,-1.0935811,-0.9997801,87.57675,87.57675
5328,177.42422029149813,177.28060255792502,-0.59053344,0.0382257,-1.122692,-0.9801154,93.5693,93.5693
5329,178.0494641893161,175.33836432797193,-0.5370278,0.021770755,-0.9735867,-1.0565064,97.814064,97.814064
5330,177.12807846496366,171.09525304737656,-0.4727716,-0.07879509,-0.79519314,-1.1265479,112.896904,112.896904
5331,175.42064351382666,168.06155012195927,-0.47928387,-0.10451665,-0.66200876,-1.1335337,113.319855,113.319855
5332,173.60939650564364,168.9677343209494,-0.48319474,-0.105715916,-0.6211225,-1.0696405,111.404144,111.404144
5333,171.84050122788256,172.22193297673704,-0.49893227,-0.11788666,-0.6614906,-1.0692929,108.550285,108.550285
5334,170.1664319207049,174.08263854165347,-0.66253275,-0.14972097,-0.78434163,-1.1104647,88.55666,88.55666
5335,169.1928541264302,173.34561309714283,-0.6506023,-0.1473735,-0.8052949,-1.0772284,89.67155,89.67155
5336,169.80728343800706,171.85099228162966,-0.5477927,-0.1697087,-0.55914986,-1.0361857,98.82513,98.82513
5337,171.99513278074602,171.50838768857898,-0.53267723,-0.16514477,-0.4540456,-1.0473212,108.26738,108.26738
5338,174.5298193029768,172.68932480285633,-0.46022448,-0.17559971,-0.28931648,-1.1002011,114.038956,114.038956
5339,176.16438773409277,174.8086147847245,-0.35007602,-0.13325526,-0.108830966,-1.054278,144.60936,144.60936
5340,176.61499821563444,176.57941248353484,-0.31639475,-0.13058515,-0.060746625,-1.0402296,147.89716,147.89716
5341,176.37690861773487,176.7477056703869,-0.31569222,-0.14256057,0.009247324,-1.0191181,159.58215,159.58215
5342,176.14678046195507,175.80934733875856,-0.2987375,-0.10813553,0.061412208,-1.0189,162.79631,162.79631
5343,176.16435945507675,175.41037061078555,-0.24394412,-0.119605064,0.1768084,-0.9602858,186.70277,186.70277
5344,175.67592238887633,176.00658363765905,-0.28405032,-0.18427153,0.03540212,-1.0264871,157.46472,157.46472
5345,173.912806542855,176.3416050517575,-0.29988688,-0.23570167,-0.03727095,-1.0498703,135.32527,135.32527
5346,171.555165054461,174.8897990386543,-0.33586267,-0.25842458,-0.1264313,-1.078494,114.88279,114.88279
5347,170.1069755789209,171.6805185629236,-0.07045624,-0.08704832,0.49950284,-0.9161952,117.38503,117.38503
5348,170.48508980073828,168.6053907598181,-0.20707302,-0.15347233,0.21062122,-0.94068426,141.81042,141.81042
5349,172.5880450923571,167.1456674730866,0.038862944,0.06511651,0.7380788,-0.78499514,168.2156,168.2156
5350,175.29209957201348,166.65158338841024,-0.10458059,-0.06285826,0.36303195,-0.79090095,180.0883,180.0883
5351,176.87294382598475,166.6946643155365,-0.13381167,-0.15626751,0.31168866,-0.9265155,183.74542,183.74542
5352,175.85095356193025,168.86395746316725,-0.10538275,-0.10171491,0.41418234,-0.9163878,216.49483,216.49483
5353,172.1469390095885,173.3757074908179,-0.103136934,-0.10114532,0.4230335,-0.9469405,217.46417,217.46417
5354,167.80041848767684,177.16774551473696,-0.07643606,-0.07893684,0.4883912,-0.9215089,213.94708,213.94708
5355,165.45387345798102,177.5412120768666,-0.1047603,-0.09431218,0.43595067,-0.93476504,206.83263,206.83263
5356,165.71576470127937,175.0806387847161,-0.088858515,-0.082975484,0.48743045,-0.91798055,198.51114,198.51114
5357,167.07786467621634,172.64643019757852,0.04730133,-0.062477227,0.84257054,-0.83227557,189.40495,189.40495
5358,168.2631141234115,172.69727185125743,-0.014886928,0.007837556,0.69335496,-0.678903,179.19093,179.19093
5359,168.87228167127213,173.37381225161064,-0.12090429,-0.0082871,0.4957377,-0.7092465,185.12129,185.12129
5360,168.43487240892884,166.08504622519723,-0.09245259,-0.012406423,0.6268415,-0.70838076,222.27925,222.27925
5361,166.88868798099378,144.72399814686366,-0.10326753,-0.007159942,0.6174066,-0.61432916,214.92903,214.92903
5362,165.24343943363044,119.8386013651409,-0.1672058,0.020152323,0.632555,-0.6528548,204.25189,204.25189
5363,164.6407911683469,109.71413171943065,-0.3177718,-0.018707836,0.23087756,-0.79535574,167.62956,167.62956
5364,165.0804312427875,116.3560148804234,-0.248233,-0.019142626,0.39072993,-0.69470763,182.57658,182.57658
5368,166.04845849859282,127.08001378989114,-0.0018168875,0.026382769,0.933219,-0.031141462,374.43036,374.43036
5369,168.1742634333458,136.4879809797856,-0.0026614773,0.020927366,0.9363598,-0.021905413,360.73312,360.73312
5370,172.28138783702192,149.18084401596295,-0.008133122,0.019001693,0.9318035,-0.0017483064,362.60327,362.60327
5371,176.9523657425981,164.2869687912664,-0.0005441052,-0.030403743,0.9766488,-0.045519676,335.4041,335.4041
5372,179.07596192312778,173.130377175338,-0.0039270823,-0.06350541,0.94849735,-0.10201678,316.48404,316.48404
5373,177.02998986653017,171.94556367289945,-0.0038986895,-0.051878523,0.95122635,-0.06830014,312.7929,312.7929
5374,172.26997754222506,166.7916701416257,-0.00885106,-0.04210426,0.93935406,-0.07279177,290.71323,290.71323
5375,167.90786129711012,164.86059800198538,-0.001496245,-0.033456832,0.9851086,-0.04134437,273.47104,273.47104
5376,166.48622275131788,166.45233578227328,0.0043415884,-0.005912903,0.96480656,-0.008759349,240.38211,240.38211
5377,168.38666831150852,167.24680748112544,-0.00036418092,0.018192003,0.9573828,0.033579215,214.85768,214.85768
5378,171.8103069636594,165.31173755396824,0.008939112,-0.022608917,1.0172534,-0.08392296,211.17259,211.17259
5379,174.7251702766401,163.5002450647652,0.016799703,0.031394783,1.0185635,0.010050867,186.76361,186.76361
5380,176.19910011080313,165.48177495035137,0.0058543524,0.053013217,1.0062252,0.057433296,172.8148,172.8148
5381,176.1187342830505,170.78079670909366,-0.0040052156,0.07882979,0.9866983,0.09047695,216.24025,216.24025
5382,174.02028735020195,173.9832420744028,-0.052195966,0.0005459761,0.9380784,-0.010514959,206.31009,206.31009
5383,168.31146507718964,169.40356355627992,-0.026663471,-0.002214778,0.9815043,0.035281587,199.82405,199.82405
5384,159.9665471422799,158.71619867132398,-0.04072575,0.004540322,0.9182277,0.057215083,177.12384,177.12384
5385,154.71194318060205,150.41825543190956,-0.017138336,-0.0065843146,0.9770029,0.046561625,205.27467,205.27467
5387,155.7231496028209,148.79821459153268,-0.061284915,0.10429345,-1.1827521,-0.11714106,75.92332,75.92332
5388,158.48081540266534,149.25620134231286,-0.074695066,0.13428813,-1.1494503,-0.114939176,75.11987,75.11987
5389,156.85621115664827,144.91578390765522,-0.07055876,0.22198494,-1.1206615,0.051077787,61.738636,61.738636
5390,150.96293000463555,135.1468185252638,-0.107301705,0.25012848,-1.0932281,0.08201712,58.80328,58.80328
5391,146.68215545179908,127.95968246349418,-0.11878868,0.26704738,-1.0886726,0.07266238,54.41073,54.41073
5392,147.722649669661,131.11475844377728,0.02064813,0.22169726,-0.88333696,-0.051672924,68.46016,68.46016
5393,151.1158476264534,142.52778951331877,-0.067460634,0.19812937,-1.17521,-0.21785976,54.533035,54.533035
5394,152.00143666432965,153.7707099507213,-0.2108979,0.14171915,-1.341853,-0.3432456,50.084057,50.084057
5395,148.90066737830097,159.67284273696043,-0.23134105,0.03560176,-1.3498654,-0.5597488,47.033318,47.033318
5396,142.96676571433198,160.9471414615296,-0.3363759,-0.02468264,-1.3473743,-0.6454583,44.242046,44.242046
5397,136.4645383257322,160.62778631854783,-0.4083373,-0.066776216,-1.4255797,-0.74951977,45.6967,45.6967
5398,132.5107250414021,161.1825181655681,-0.43002665,-0.028461132,-1.3563938,-0.79522496,51.256985,51.256985
5399,133.27500571907626,163.24478363849056,-0.3583161,0.0033956557,-1.2771859,-0.72817683,63.162334,63.162334
5400,138.31079614954945,165.1439805131997,-0.39184085,0.007329527,-1.3622382,-0.77078784,58.84902,58.84902
5401,144.11724087437554,164.6338150404648,-0.41638154,-0.050862778,-1.3462509,-0.76908696,58.837627,58.837627
5402,146.04424841196519,161.97038484318,-0.4124291,-0.12787178,-1.3628612,-0.89306754,52.205647,52.205647
5403,142.57600076008328,160.35865524005652,-0.36535576,-0.22210477,-1.3283485,-1.135489,47.414722,47.414722
5404,136.25932570346572,162.44230862693993,-0.6220324,0.20670824,-1.6687531,-0.08024506,32.201923,32.201923
5405,132.19555557210057,165.76991664483702,-0.49352738,0.48472098,-1.3041301,0.2537932,33.181,33.181
5406,136.49150928494862,162.94311058024047,-0.5047835,0.7473261,-1.5551763,0.59105384,29.903366,29.903366
5407,150.22774140418974,150.47778701645058,-0.39076918,0.50119334,-1.1683449,0.03543989,43.03474,43.03474
5408,166.27531036214893,134.58070972934664,-0.49118224,0.551596,-1.3872248,0.1186291,43.727703,43.727703
5409,176.67248070490552,121.97564325860778,-0.49046063,0.5203958,-1.5391432,0.091454044,52.078804,52.078804
5410,179.50547445214588,112.22990317468854,-0.48139882,0.47354016,-1.5401329,-0.06064184,54.894245,54.894245
5411,177.87403374951097,103.49834831881745,-0.4303648,0.45478442,-1.3843476,-0.075866945,53.10039,53.10039
5412,175.78543190884022,96.3370898153927,-0.42649853,0.44761914,-1.3520143,-0.05520804,60.99587,60.99587
5413,175.30345870300002,94.40887876929797,-0.5099069,0.39357603,-1.325403,-0.08943974,56.81663,56.81663
5414,176.19264388026863,106.09528947508099,-0.72634727,0.23057127,-1.7085432,-0.3430061,46.98956,46.98956
5415,176.81794770001713,133.61098125116678,-0.57342917,0.06688153,-1.4109557,-0.8129819,59.809067,59.809067
5416,175.2292197761927,163.36290798430616,-0.54699844,0.10028993,-1.3452653,-0.6662492,62.35066,62.35066
5417,170.57802126368478,179.61536862645372,-0.5599068,0.10735904,-1.2729973,-0.6519396,63.015556,63.015556
5418,164.60164095799348,180.99572670444527,-0.4955834,0.047059193,-1.1256915,-0.6807023,67.303246,67.303246
5419,161.21427554497868,176.99436272822206,-0.49950102,0.027359314,-0.94557935,-0.75419235,74.50893,74.50893
5420,163.17277819220368,175.31395345991223,-0.44404846,-0.022308605,-0.75829285,-0.7995186,88.00446,88.00446
5421,169.48741531739591,176.93633443014022,-0.51140743,0.06826573,-0.71271926,-0.7610947,80.17903,80.17903
5422,176.30251895657128,179.15940457615284,-0.45764756,0.0142447315,-0.5622303,-0.7427048,83.34487,83.34487
5423,179.904222362889,179.65886662763862,-0.38319588,0.002399599,-0.39416003,-0.7666178,93.0433,93.0433
5424,179.53043061019832,178.2662369519129,-0.3597101,0.0043366184,-0.3048881,-0.79265934,99.1891,99.1891
5425,177.36401082294086,176.36476810617583,-0.32519105,-0.0389759,-0.14897627,-0.9283339,112.26686,112.26686
5426,175.7946746454244,175.11334490852985,-0.2789341,-0.11056475,0.055035744,-1.0186123,133.75984,133.75984
5427,175.48635440838066,174.50382359405938,-0.2859313,-0.10335392,0.045811802,-1.0362344,144.4695,144.4695
5428,175.87339920571836,174.34279517664825,-0.30579242,-0.22122638,0.054148037,-1.1321081,122.75556,122.75556
5429,176.26256515569116,175.0334787484906,-0.30833176,-0.18184505,0.07113126,-1.0561979,126.73774,126.73774
5430,176.21421237996591,176.45904782548428,-0.31165102,-0.20941246,0.025493126,-1.1062349,106.32558,106.32558
5431,175.4824546675932,177.6328732023841,-0.25101846,-0.15445456,0.19946258,-1.049017,113.71132,113.71132
5432,173.75957296785083,177.96589557153834,-0.26126125,-0.17015909,0.11142943,-1.0383582,122.305916,122.305916
5433,170.84412841058915,177.44550283366908,-0.22290756,-0.15040019,0.17636424,-1.0580072,141.55898,141.55898
5434,167.46533654028676,176.34238354550553,-0.19055474,-0.16688922,0.1417189,-1.0973355,142.24377,142.24377
5435,165.16964682437109,175.57372983386855,-0.18628043,-0.15934208,0.25148565,-1.0574728,152.39783,152.39783
5436,164.77021041500154,175.7819954445414,-0.14366622,-0.14932898,0.33902735,-1.0399107,169.3119,169.3119
5437,165.0507076238227,175.8768800569863,-0.16505542,-0.14067374,0.24463566,-1.0226327,178.6757,178.6757
5438,163.4927366114493,173.96485854446422,-0.15764639,-0.13600305,0.1765621,-1.0423646,169.6948,169.6948
5439,159.1381347855056,169.7079322434878,-0.13733245,-0.123405635,0.27458936,-0.99654704,174.45885,174.45885
5440,153.99195665566864,164.96131769848785,-0.12757008,-0.11341383,0.30613905,-1.0366831,184.78374,184.78374
5441,150.972363662701,162.2663061445041,-0.13554445,-0.12065689,0.33743212,-1.0660713,187.46283,187.46283
5442,151.71313701859773,162.85039531808837,-0.14006566,-0.12055522,0.424664,-1.0763311,191.89043,191.89043
5443,155.60332308922847,165.54704554917,-0.14277528,-0.114655726,0.4215134,-1.0778196,194.3464,194.3464
5444,159.5028351300862,167.56470928485572,-0.12472969,-0.09688707,0.5092621,-1.0323484,202.68488,202.68488
5445,159.9550689366871,166.3466062220524,-0.11973717,-0.09642514,0.46746373,-1.0118079,203.54538,203.54538
5446,156.47691759879459,160.5521474525437,-0.10735622,-0.043398116,0.4419024,-0.70379114,194.93562,194.93562
5447,151.03267064657692,150.22810890222803,-0.1403508,-0.015804341,0.39533702,-0.64914,181.36752,181.36752
5448,144.7313152098005,137.54884828450642,-0.109048314,0.027249798,0.5222935,-0.64107215,198.81593,198.81593
5449,137.42328237839615,126.55952602761114,-0.1425319,0.033830054,0.5006206,-0.5342548,188.40312,188.40312
5450,130.45340743495913,119.85345355714077,-0.1277362,0.008488173,0.51627123,-0.5631781,182.9867,182.9867
5451,127.10742715777981,116.25263605069549,-0.18286219,-0.030028164,0.45291594,-0.64053094,174.79724,174.79724
5452,129.56946385346762,113.18809479814313,-0.16276364,-0.071911275,0.58734155,-0.65288126,174.78441,174.78441
5453,136.6851249640568,109.9215156069736,-0.15062007,-0.10247322,0.7059255,-0.65525097,175.29262,175.29262
5454,144.49867429320742,108.21420588353924,-0.15844612,-0.08278515,0.76282376,-0.5749648,178.32024,178.32024
5455,148.99705718183614,110.66428837563296,-0.152223,-0.075587325,0.77713794,-0.50059605,181.70412,181.70412
5456,149.18578015242622,117.87696838972231,-0.12902582,-0.068973154,0.87036914,-0.467882,187.20042,187.20042
5457,147.52893085257568,127.55097670956785,-0.09049579,-0.06508794,0.9749932,-0.35283703,214.03024,214.03024
5458,147.47677234142893,136.02451311178797,-0.07498138,-0.05656857,0.9924043,-0.3155942,231.12753,231.12753
5459,150.85856877352737,139.37622254698746,-0.052595664,-0.057149358,1.0092974,-0.34644693,247.75586,247.75586
5460,157.22332314766405,135.8456750604052,-0.047714155,-0.059013236,1.021125,-0.3733905,258.58054,258.58054
5477,164.61581736814696,130.7058595991783,0.045774262,-0.11283012,1.0612051,-0.10880945,294.3922,294.3922
5506,170.43537903206467,134.13482286427282,-0.12234497,-0.015119083,-0.33477193,0.9813154,140.98079,140.98079
5507,171.1538915115221,149.34618090290567,-0.15294074,0.007530821,-0.32757035,1.004342,138.15094,138.15094
5519,163.60370777867635,167.86871587015239,-0.106949866,4.616591e-05,-0.3092219,0.9732402,140.14078,140.14078
5530,150.68923978152947,179.71762549112563,-0.36934584,0.027820978,-0.6825101,-0.96991664,135.03389,135.03389
5531,140.50031458122373,182.5301871957268,-0.38806322,0.0237216,-0.63970745,-1.0289607,144.6837,144.6837
5532,136.56925654439422,179.63611742933887,-0.41672912,0.0226738,-0.7167502,-1.052619,141.07875,141.07875
5533,137.24095848538894,174.7473684280265,-0.4304051,0.018824277,-0.7666176,-1.1083249,137.11632,137.11632
5534,142.04301160508422,170.5851768463563,-0.5017557,0.028027881,-0.96111894,-1.195044,123.06384,123.06384
5535,151.49904202655227,169.50161684724418,-0.56666625,0.029218912,-1.1564298,-1.1956713,113.4728,113.4728
5536,163.93953959382515,172.02824140049697,-0.56671154,0.053137306,-1.3764986,-1.0831838,107.367134,107.367134
5537,174.8722283901693,175.68445635255847,-0.57441545,0.092167795,-1.5262258,-1.0179406,101.721954,101.721954
5538,179.83553541203565,177.5080330233704,-0.6121472,0.13572411,-1.6195291,-0.9701241,99.74665,99.74665
5539,178.1807037841796,176.89850203736228,-0.57469076,0.12193402,-1.5065627,-0.88166773,107.52906,107.52906
5540,173.20155405274335,175.07469313811313,-0.5832692,0.12685484,-1.4707271,-0.8287687,112.79021,112.79021
5541,168.89702144519617,173.15023506063537,-0.5481677,0.115128145,-1.4406224,-0.80343944,115.24979,115.24979
5542,166.7866821316836,171.48471117233794,-0.6491171,0.13698737,-1.5784706,-0.6866728,105.07747,105.07747
5543,165.5791280042579,170.1376698273288,-0.5357643,0.09269918,-1.4068817,-0.83683276,124.33308,124.33308
5544,163.66888606637445,169.32381006422392,-0.5943343,0.11422465,-1.4671592,-0.64563024,127.86564,127.86564
5545,161.11222206170285,169.30859885282385,-0.57929,0.16832766,-1.5114099,-0.47432753,125.05111,125.05111
5546,159.01702455822743,170.12962051836732,-0.4220953,0.1485924,-1.1653106,-0.51063114,170.57036,170.57036
5547,158.05845625604616,171.66076067134324,-0.46186757,0.19239609,-1.2596068,-0.479534,149.45082,149.45082
5548,158.0763125308296,173.61973909074484,-0.5521437,0.18778652,-1.3780295,-0.43831962,126.39247,126.39247
5549,158.69926680556625,175.55646627074753,-0.6705075,0.1856087,-1.6465181,-0.37899575,109.78085,109.78085
5550,160.0149595135771,177.15059669550712,-0.45103914,0.15995201,-1.1637567,-0.6965427,154.29662,154.29662
5551,162.34506208380955,178.25028579500818,-0.55770314,0.19274108,-1.4079789,-0.6266585,132.11548,132.11548
5552,165.38684301778713,178.7410753651148,-0.64257634,0.21523592,-1.5025758,-0.6402392,113.31262,113.31262
5553,168.150818851353,178.60658534967266,-0.6146391,0.18553746,-1.4000769,-0.5922191,123.95843,123.95843
5554,169.8659376532528,177.6621808096657,-0.73326683,0.3079244,-1.680634,-0.255274,102.8913,102.8913
5555,170.53133416134634,175.44929037104768,-0.59708387,0.21911754,-1.5295299,-0.26868168,121.80456,121.80456
5556,170.63141403674604,172.09838725397557,-0.57298046,0.208733,-1.5129987,-0.3046828,125.38124,125.38124
5557,170.70072345661143,168.6268532768433,-0.583471,0.20041959,-1.5525726,-0.36764604,117.52702,117.52702
5558,171.2761881532807,165.98846235794346,-0.54932594,0.11627735,-1.3547297,-0.5439662,118.37484,118.37484
5559,172.87858442968854,165.09026066463232,-0.46708584,0.11472094,-1.2444762,-0.6066722,132.79959,132.79959
5560,175.3511214070534,167.03597121181897,-0.39104697,0.093098536,-1.1513501,-0.6114547,152.22447,152.22447
5561,177.23554696489842,171.5372672073233,-0.443602,0.13281374,-1.2828604,-0.46209544,136.65498,136.65498
5562,176.55203153277498,176.34846092587276,-0.4715627,0.1827481,-1.2590145,-0.34251788,127.85521,127.85521
5563,172.87871843665178,179.36496644466862,-0.5676619,0.18399423,-1.528021,-0.39004132,109.25403,109.25403
5564,168.755905919287,180.02487182446458,-0.59531766,0.21485649,-1.5514933,-0.4075443,105.72086,105.72086
5565,167.7543245249962,178.6425762334454,-0.716667,0.27770776,-1.73501,-0.21083575,80.97482,80.97482
5566,170.46383833753316,175.91384318922033,-0.7983798,0.17405389,-1.7308187,-0.5331556,79.99179,79.99179
5567,173.9650505397277,173.06942805131303,-1.1553785,0.21474129,-1.9906065,-0.37906554,55.07229,55.07229
5568,175.62484752752172,171.31209080773175,-0.8339829,0.21463905,-1.4803576,-0.372085,81.883415,81.883415
5569,175.6427817283452,171.2359492782144,-0.688934,0.16669428,-1.3934909,-0.45386374,98.09129,98.09129
5570,175.58626393695997,172.86987808083867,-0.72527903,0.119537085,-1.2847497,-0.6167673,93.35737,93.35737
5571,176.0779663401403,175.24497863658289,-0.6719823,0.1053215,-1.0944477,-0.6777876,107.176834,107.176834
5572,176.61361204242894,176.28479239139665,-0.7698851,0.13557853,-1.2601639,-0.58466834,91.76982,91.76982
5573,176.592284436228,174.23986822699527,-0.7725692,0.14142591,-1.0251964,-0.7305393,100.10133,100.10133
5574,176.09803361806212,169.2473091065723,-0.7189738,-0.04595891,-0.80951023,-0.9895367,108.9097,108.9097
5575,175.8707630596066,163.56864329850117,-0.614885,-0.058385715,-0.58379996,-1.1311404,133.40334,133.40334
5576,176.322351283226,159.86311180276346,-0.704562,-0.11484308,-0.5941564,-1.114014,133.98303,133.98303
5577,177.1736280302439,158.63068101187437,-0.46897283,-0.10332723,-0.23848358,-1.275078,173.45543,173.45543
5578,178.07268553164852,158.19507165182335,-0.41885546,-0.11704625,-0.14327997,-1.1944197,198.28378,198.28378
5579,178.60642659699113,157.21378348842578,-0.43773785,-0.13498199,-0.12415632,-1.2203006,188.04704,188.04704
5580,178.00482337265169,155.88982313459292,-0.30674595,-0.123524144,0.07073924,-1.0855544,213.32164,213.32164
5581,175.49942370595818,154.62853144241132,-0.20916301,-0.08943168,0.27899936,-0.9426155,256.11285,256.11285
5582,170.57298385337688,153.51950767002683,-0.15516444,-0.089219116,0.3847952,-0.90157616,285.3131,285.3131
5583,162.89502191195845,153.1613772135025,-0.2043314,-0.09366553,0.3610561,-0.91735923,273.7336,273.7336
5584,153.4264353121661,152.74982556681408,-0.21140178,-0.098042235,0.31120035,-0.9059646,266.7849,266.7849
5585,145.18115403797634,148.69753815824603,-0.21149507,-0.090751454,0.36061957,-0.8859981,268.84866,268.84866
5586,139.92837479572074,138.66637598843732,-0.18826857,-0.091210045,0.39132956,-0.8601365,294.44345,294.44345
5587,135.01835474689042,124.92880857760909,-0.18373758,-0.060506526,0.432545,-0.78121084,286.62952,286.62952
5588,126.76642697304734,112.20914292021202,-0.064536,0.018070398,0.60065806,-0.577405,252.7347,252.7347
5594,116.34406974243038,105.69816791977874,-0.28574896,0.041644122,-0.6957606,-0.8537823,190.57968,190.57968
5595,110.58386438589092,111.83097307702087,-0.31973237,0.046361882,-0.7181257,-0.82606554,193.38512,193.38512
5596,114.47433166101487,133.3852518886643,-0.35298616,0.049786765,-0.8005704,-0.79712874,198.85342,198.85342
5597,123.31060810660426,161.56603129806237,-0.35788804,0.075676166,-0.8349421,-0.80478287,197.22177,197.22177
5598,128.28274016852882,181.25025956174423,-0.40151387,0.076467566,-0.90994495,-0.8026998,186.51715,186.51715
5599,127.92125829539809,184.93567400819802,-0.46459112,0.09435508,-1.0219557,-0.7588958,175.43542,175.43542
5600,127.7339734487546,177.28341681535832,-0.58510476,0.14331013,-1.2867023,-0.68001944,152.6363,152.6363
5601,132.17394050877587,168.77197567197015,-0.55779594,0.12516068,-1.2416208,-0.7059513,153.62381,153.62381
5602,140.81052380137226,166.3105379748216,-0.5506258,0.15494648,-1.284377,-0.6665633,150.23222,150.23222
5603,149.36608643731387,167.4578399897394,-0.44706076,0.12331146,-1.0981611,-0.78503656,182.81572,182.81572
5604,153.52602977302763,164.19636774703204,-0.44708863,0.13066526,-1.229143,-0.7660607,186.23895,186.23895
5605,153.56590967957197,152.39371107625544,-0.3937502,0.12042039,-1.1047535,-0.78183967,206.68408,206.68408
5606,153.94600426484894,136.34545602597257,-0.4363763,0.10748407,-1.1281301,-0.7573018,203.65254,203.65254
5607,157.04650575622856,126.053698852505,-0.4772897,0.14624354,-1.2733132,-0.66711545,178.22676,178.22676
5608,160.21414417065648,129.7652926672267,-0.3668129,0.11733767,-1.1568854,-0.6604217,207.339,207.339
5609,160.15942962501137,145.9656053096315,-0.39905545,0.10369563,-1.253228,-0.61690205,219.34853,219.34853
5610,156.72345013318005,164.1747657673088,-0.37798008,0.078970075,-1.3023137,-0.5956498,220.5008,220.5008
5611,150.12943859152222,174.99621458010233,-0.3461439,0.053998064,-1.3086354,-0.5703014,225.30806,225.30806
5612,138.7513534044393,176.81344425913093,-0.34472406,0.10267706,-1.4205165,-0.4656426,230.00592,230.00592
5613,123.50109236393408,173.96078124519667,-0.34110153,0.058795754,-1.3448627,-0.49512565,239.04774,239.04774
5614,107.04098080070663,170.38527277791843,-0.32622793,0.08183586,-1.2912652,-0.49155217,259.30142,259.30142
5615,86.60145262995266,164.998689811244,-0.33484095,0.13250366,-1.302836,-0.4555776,257.41107,257.41107
5616,62.733639604055796,157.3708282157578,-0.36449394,0.13578324,-1.466196,-0.42917445,226.46614,226.46614
5617,51.4086912803903,149.67254741343172,-0.3394769,0.09773753,-1.4159752,-0.51188576,245.61246,245.61246
5618,63.015314476092705,134.55044487766204,-0.33711874,0.14872351,-1.399876,-0.24311127,242.19615,242.19615
5619,78.90950126585702,102.90904835071758,-0.13422193,0.11777339,-0.9958549,-0.28145579,253.9289,253.9289
5620,74.18866067092736,66.59384417892747,-0.03822185,0.104924574,-0.8405147,-0.3396225,248.47067,248.47067
5621,52.25875066404506,50.80992155236406,0.002894324,0.07335927,-0.8064565,-0.41148287,242.02559,242.02559
5622,40.98812463655583,70.51962276103069,0.20328632,-0.029656053,-0.34325454,-0.72599626,198.96487,198.96487
5623,58.64761579566577,115.06795622876571,-0.17954972,0.18299237,-1.1062518,0.040746186,232.55298,232.55298
5624,92.39268224506205,146.4968991211053,-0.045635983,0.015352114,-0.9206259,-0.3985805,249.88367,249.88367
5625,119.06425255685292,133.66493459775083,-0.05907561,0.0561859,-0.91779214,-0.34293723,250.48074,250.48074
5626,133.0676926539208,91.4880953300748,-0.08157556,-0.028923446,-1.0214003,-0.4440522,243.43416,243.43416
5627,140.77051107973483,65.25946077512532,-0.021605695,-0.044711154,-0.974994,-0.5097347,302.3749,302.3749
5628,147.43960440625526,80.78612031796884,-0.028987158,-0.045708172,-0.94211704,-0.54471004,295.2652,295.2652
5629,156.1062259277768,123.57470772883543,-0.07622813,-0.032518763,-1.009776,-0.6359129,292.00952,292.00952
5630,164.7554703483183,162.08609421169996,-0.05256425,-0.057069037,-0.99040586,-0.560375,337.09793,337.09793
5631,161.73302648013893,178.1313329001694,-0.04465772,-0.011270017,-0.9778107,-0.43920955,345.82022,345.82022
5632,134.65281290714992,173.18187691120346,-0.032126673,-0.10541909,-0.9926054,-0.4666154,337.82745,337.82745
5633,92.79811024440629,155.6891181371982,-0.037342817,0.002790738,-0.9962078,-0.24352188,342.71255,342.71255
5634,63.560088222240424,129.62335613054861,0.016834358,0.063920826,-0.96856755,-0.11388518,306.3549,306.3549
5635,59.564638002236606,100.26397531754031,0.015762405,0.049279638,-0.9534726,-0.052938137,326.647,326.647
5636,70.6358911007816,82.05133296389025,0.020927932,0.10006611,-0.9657567,0.098144956,293.96887,293.96887
5637,82.13476947944353,83.60981323903857,0.03892631,0.11018544,-0.936031,0.16597942,287.37537,287.37537
5638,88.6525633317575,96.40605075016069,-0.0121726245,-0.12413842,-0.9384371,-0.16460094,288.13715,288.13715
5641,98.55945439683923,109.84194788098009,-0.26399207,-0.13801837,-0.0046212976,-1.1359397,225.72705,225.72705
5643,119.2382437851923,123.24810920442091,-0.17078762,0.040968183,-0.59533745,-0.76406664,44.150772,44.150772
5651,136.47775898122237,138.4974843257283,-0.5690187,0.093573354,-1.0366328,-0.81108296,19.56225,19.56225
5652,130.57495652360242,151.39380925306955,-0.6893444,-0.09196181,-1.0664189,-1.2662143,11.119317,11.119317
5653,110.6605865123418,156.82754221526795,-0.4396879,-0.07385605,-0.9777357,-1.2529674,19.133389,19.133389
5654,106.16640075594009,155.83347979865508,-0.28099146,0.078652315,-0.6426319,-0.8600923,36.14781,36.14781
5655,126.97052470758466,150.1849762651513,-0.33170727,0.07403298,-0.68427056,-1.0048066,26.07802,26.07802
5656,153.30902429890202,139.76839343959284,-0.19372436,0.03237012,-0.44239077,-0.9539191,34.061337,34.061337
5657,162.68751408296765,129.44811016233845,-0.24032584,0.016394638,-0.517161,-1.0178907,38.21157,38.21157
5658,152.69811894322842,126.72780784198888,-0.13701995,0.013227197,-0.37516293,-1.0288966,44.542496,44.542496
5659,136.4309275007697,131.38165194336864,-0.12205156,0.038735643,-0.40452573,-0.96366304,45.452984,45.452984
5660,124.83240280915487,134.73727982783228,-0.15330793,0.04212641,-0.46698102,-0.96870524,42.879658,42.879658
5661,118.77565784380826,128.15363164633962,-0.13174783,0.050031543,-0.3774813,-0.95847154,44.891113,44.891113
5662,113.78780516127675,110.78152419154416,-0.10888108,0.050581116,-0.2918843,-0.9780787,43.015682,43.015682
5663,106.98776614288586,91.48961821302547,0.0010077531,0.033138063,-0.0028923822,-1.0051653,41.97195,41.97195
5664,99.4587222376084,81.51491984576437,-0.04933778,0.003368705,-0.04616515,-1.0716323,44.824635,44.824635
5665,94.067417513747,84.4638879631113,-0.05180651,-0.043021254,-0.046294782,-1.1078492,42.622635,42.622635
5666,93.69869681397219,94.88317220863733,-0.089520596,-0.0072980598,-0.10406109,-1.0954105,39.49941,39.49941
5667,101.41688533348515,103.23681456492315,-0.25052363,-0.018458094,-0.2710081,-1.0808258,38.734543,38.734543
5668,117.49014681967193,103.07999152646029,-0.25658223,-0.07463882,-0.19631109,-1.0533777,43.372932,43.372932
5669,135.88693892478182,98.51392442650965,0.084912136,0.022805162,0.36780053,-0.97666013,44.553608,44.553608
5670,146.94720722129838,102.29359557191253,0.19533287,0.059064377,0.6014783,-0.8626112,52.452656,52.452656
5671,143.65536451201217,121.52957444389516,0.1956196,0.023237739,0.61650664,-0.8972364,58.958237,58.958237
5672,127.77053983202595,146.86280684188233,0.20782019,-0.010573342,0.6852571,-0.9160957,56.187122,56.187122
5673,110.62746401937707,160.7174048206334,0.12694405,-0.019618127,0.6557267,-0.87898606,61.35054,61.35054
5674,103.51051624004094,155.06436841953953,0.057391316,-0.025637584,0.66451746,-0.8094149,66.94145,66.94145
5675,108.11150264376222,137.44228525874794,0.07418031,-0.019112907,0.7937045,-0.6929862,70.404884,70.404884
5676,118.28007838184978,122.06842283007784,0.08989821,0.04476418,0.8666945,-0.60703105,69.31193,69.31193
5677,127.01468485769396,117.6567065234813,0.09458705,0.08555386,0.96830183,-0.49214777,69.49668,69.49668
5678,130.07428660623242,121.15787138368283,0.07325352,0.065178275,0.97588646,-0.45197058,68.67854,68.67854
5679,126.6671782291703,122.3328250275713,0.06503293,0.06860019,0.9944743,-0.44364604,65.03429,65.03429
5680,120.29359051593775,116.76912118961643,0.069195606,0.06393352,1.0407509,-0.41734448,63.35975,63.35975
5681,117.35881881691185,111.43924902981568,-0.07213244,-0.001446955,0.70997095,-0.5715018,61.796326,61.796326
5682,121.54765167339876,114.87012140635672,0.041268863,0.027808242,0.9961233,-0.5301572,57.25069,57.25069
5683,130.53868825221812,127.15449519191547,0.04743242,-0.022771638,0.9113986,-0.63438684,55.990433,55.990433
5684,139.35447139323534,140.98253560965992,0.03369354,0.057459313,0.8845618,-0.57976335,55.24831,55.24831
5685,144.78767804250995,148.91289721755126,0.050946444,0.08577762,0.8893515,-0.5588734,50.952038,50.952038
5686,146.67000060134365,149.51312422641638,0.051922306,0.04282633,0.83892083,-0.6817528,49.245613,49.245613
5687,146.97242455213743,146.97538170758432,0.08499825,0.037761863,0.84210443,-0.70795125,47.94159,47.94159
5688,147.78398342289148,145.62325640553777,0.0772722,0.045906484,0.8296836,-0.80027246,48.0574,48.0574
5689,150.0441504362432,146.14610514713482,0.15388714,0.0385913,0.76070505,-0.8593736,41.74971,41.74971
5690,153.7920292567199,146.40280883800867,0.22662519,0.06587548,0.8098476,-0.8484211,41.240475,41.240475
5691,157.90664704364002,144.75564212934864,0.17186268,0.0476749,0.73217195,-0.8658701,41.17305,41.17305
5692,159.80441091701854,142.59703738139288,0.1586512,0.04595419,0.72638243,-0.86005723,39.2057,39.2057
5693,157.62133799942475,143.72760852943802,0.19914757,0.03982356,0.69533473,-0.8948185,38.942837,38.942837
5694,153.13930105562963,150.46150536067168,0.17567812,0.061811328,0.6383927,-0.89809954,37.76278,37.76278
5695,150.52877419655988,159.85139228417535,0.11353538,0.022035582,0.5131769,-0.9659163,38.78476,38.78476
5696,151.5894420319383,165.18210394396,0.1780658,0.022731664,0.61780304,-0.91352266,36.532494,36.532494
5697,154.46393365616453,162.80799325878493,0.16667688,-0.002486269,0.5834258,-0.96121913,34.969902,34.969902
5698,157.07774312213851,156.58349667974397,0.20218071,-0.027639857,0.6600705,-0.97666544,33.804688,33.804688
5699,159.1905768481431,153.65436811670776,0.2921915,0.030305011,0.96778417,-0.8910672,23.101913,23.101913
5700,161.15761102896533,157.32727320755413,0.03167488,0.031133668,0.27680913,-1.0211009,28.306545,28.306545
5701,162.44917717102135,164.45479314271972,-0.19854932,0.0190169,-0.19081743,-1.1025695,32.096825,32.096825
5702,162.33094484630993,168.13928567596327,-0.004182851,0.06243488,-0.18580936,-1.0293665,24.87895,24.87895
5703,161.98357497879715,163.25063680741854,0.2478706,0.041927263,0.39660242,-1.0464493,29.666506,29.666506
5704,164.19222913365186,149.27471403467698,0.24036817,-0.0028436782,0.3777354,-1.0451579,31.75518,31.75518
5705,169.48787610526236,132.51620286195995,0.25204453,0.027466519,0.26453155,-0.9837615,33.560257,33.560257
5706,173.98700019281745,125.82994994339623,-0.022791233,0.07360863,-0.3847529,-0.91637707,32.371788,32.371788
5707,174.02907115646127,136.53842185185098,0.09864473,0.0014572961,-0.121850014,-1.0278451,32.856796,32.856796
5708,171.4347344115509,156.87232916381606,-0.13110377,0.06841021,-0.7000096,-0.81277645,33.012505,33.012505
5709,170.3462618316509,172.9301986249049,-0.08665949,0.03938945,-0.5636446,-0.84966105,36.068424,36.068424
5710,171.55631740897883,178.02099587479017,-0.15640277,0.12120031,-0.85661125,-0.6896622,29.509819,29.509819
5711,173.00371780289933,174.70360608289116,-0.20644256,0.080194876,-0.80180705,-0.7145256,21.109848,21.109848
5712,173.28224517123894,169.12625318601545,-0.5758986,0.26466584,-1.4418569,-0.47904083,14.316748,14.316748
5713,172.79102828426497,166.32375736292673,-0.67379797,0.27118057,-1.5137668,-0.41367835,12.964711,12.964711
5714,172.11232063090662,168.18470997737768,-0.8563291,0.37129864,-1.837916,-0.05527554,10.707411,10.707411
5716,170.66860313219053,173.07628834888257,-0.76389104,0.3058378,-1.85613,0.22725245,12.427939,12.427939
5717,167.92138771566303,177.68041036011093,-0.7185041,0.32312435,-1.8129929,0.14399828,12.208661,12.208661
5718,164.89936176636238,179.59345066281873,-0.30376318,0.090909615,-1.126629,-0.2532907,17.948078,17.948078
5719,163.68668765988429,178.5300075978449,0.058053058,-0.105305605,-0.7060428,-0.70857346,25.30013,25.30013
5720,165.6587803087154,176.22184686230295,0.13924354,-0.15802298,-0.57080585,-0.88906026,31.61702,31.61702
5721,170.04858191166335,174.58711604953672,0.10453955,-0.08821054,-0.62448007,-0.83408743,33.160202,33.160202
5722,174.38381224792164,173.57190541850957,0.11685481,-0.07944758,-0.66573447,-0.78284454,33.355633,33.355633
5723,176.62846199187388,172.14203653234642,0.10725548,-0.10133593,-0.71508133,-0.78469294,34.097702,34.097702
5724,176.57364200560386,170.62257962439185,0.024978163,-0.017565401,-0.85408324,-0.5608709,31.543667,31.543667
5725,175.23468112040283,169.8370848733523,0.04380854,-0.0039292523,-0.78447706,-0.61022145,30.841824,30.841824
5726,173.683309656625,168.1617777381451,0.059781004,-0.049865197,-0.77460843,-0.64385736,29.647192,29.647192
5727,172.2846302395886,162.69656334873363,0.02151267,-0.012014094,-0.86139137,-0.5069586,28.703674,28.703674
5728,169.9920881520671,154.86221552221375,-0.16537797,0.22024424,-1.1455479,0.04410554,20.563911,20.563911
5729,165.75900560440647,151.04061020691455,-0.18657027,0.19010277,-1.09323,-0.20089008,22.988665,22.988665
5730,161.7497290642175,155.14405110739617,-0.10696828,0.09211386,-0.9191955,-0.50417364,19.317934,19.317934
5731,162.16892261144594,163.6209090063329,0.01547976,-0.022234615,-0.8109885,-0.61505955,22.399618,22.399618
5732,167.96375596560037,169.6664361857237,-0.04149672,0.1043258,-0.96927243,-0.29533046,20.693289,20.693289
5733,175.3617804212533,169.76149811517593,-0.03837474,0.13063553,-0.90711594,-0.33457112,22.08255,22.08255
5734,179.8746989923666,165.37952968431424,-0.033154417,0.1534829,-0.855987,-0.32436025,24.048145,24.048145
5735,180.2624142133655,160.5743259888225,-0.08281786,0.19322576,-0.91117555,-0.23905076,25.562172,25.562172
5736,178.52205230373866,158.53383997708303,-0.07144863,0.1743866,-0.8668785,-0.27423233,26.439108,26.439108
5737,176.97082000905354,159.37884483334471,-0.08760488,0.18183583,-0.9188739,-0.24624014,24.543684,24.543684
5738,176.05685096058016,157.4387761464308,-0.04941885,0.20052244,-0.8966784,-0.34138113,24.879011,24.879011
5771,174.2360639072416,143.44465853170624,0.032162532,-0.18727748,1.042747,-0.22775209,674.4423,674.4423
5772,170.02156305144945,121.60267519403243,0.02128955,-0.15358193,1.0209342,-0.18262863,702.09973,702.09973
5773,164.35375297170035,114.10886604112474,0.037265103,-0.19617899,1.0410393,-0.28396797,586.8711,586.8711
5774,159.0961996754401,132.49403142541445,0.024742223,-0.18165684,1.0163039,-0.2969666,623.2945,623.2945
5775,154.761835637125,161.58402490123305,0.014177465,-0.18846916,1.0142931,-0.3116963,587.31226,587.31226
5776,151.96299917939703,180.05025283759164,0.015462886,-0.18444277,1.005121,-0.29912043,611.47314,611.47314
5777,151.85858408358723,181.13625765306588,0.016115734,-0.17633873,0.9752404,-0.28775194,610.6495,610.6495
5778,152.54234493400784,171.68472633072398,0.033779036,-0.12783822,0.98697156,-0.28589734,625.53784,625.53784
5779,147.65291014035904,159.67212198344512,0.034572028,-0.12711436,0.99646425,-0.3020573,606.54126,606.54126
5780,132.977641328008,146.7157597037496,0.044302,-0.09043012,0.98958665,-0.27205858,632.1055,632.1055
5781,113.35935383547474,131.49521908706905,0.05408685,-0.0900435,0.99338114,-0.2895496,543.345,543.345
5782,99.08761915159018,115.85468186484556,0.037890594,-0.009974889,0.99229956,-0.17720242,499.3496,499.3496
5783,97.36513714753089,105.30595770291077,-0.02107524,0.15875769,0.8744219,0.08777622,330.17978,330.17978
5787,105.03209959256073,102.24154414431472,0.17583168,0.10073621,-0.18424302,1.0962975,122.754715,122.754715
5788,106.55689068775324,97.35339601261198,0.20938802,0.12305258,-0.05364469,1.0754108,115.69156,115.69156
5789,92.755214826295,78.12136056668908,0.2606512,0.11914423,0.15797985,1.0680083,107.2652,107.2652
5790,78.37243324064806,52.51211904126412,0.32280996,0.108117044,0.27244675,1.068469,93.14777,93.14777
5791,80.69238095209501,46.96675922921952,0.51278853,0.12472866,0.6254451,1.1033462,62.192623,62.192623
5792,95.42832518116631,73.97158462594743,0.22074562,0.053355187,0.082930796,1.0074522,98.80785,98.80785
5796,107.6275794436247,117.51008902543909,0.220526,0.1637684,-0.109634265,1.0708827,105.71593,105.71593
5797,107.59619529307456,152.93595916468115,0.20073383,0.16111556,-0.12713575,1.0482424,103.246666,103.246666
5800,96.89131000149277,169.1808837692997,0.0021448035,0.12893713,-1.0449249,-0.18324688,133.63513,133.63513
5804,90.67739167310543,169.5350692653551,0.011720334,0.07226478,-1.0110736,0.1424306,226.26108,226.26108
5805,101.23313945986659,160.1475418963677,0.0118128015,0.09747388,-1.0108881,0.1688753,198.83131,198.83131
5806,119.84725810912526,144.31043214843928,-0.008287278,0.1152522,-1.0332149,0.16486076,194.59596,194.59596
5807,132.34046446978954,125.16717122992652,-0.0022181622,0.19541602,-1.0019233,0.27536324,137.91066,137.91066
5808,139.95784615231338,109.20743114832821,0.021726768,0.10509896,-0.9530288,0.10077238,133.9883,133.9883
5809,150.6328124761511,105.14927998508728,-0.005482689,0.06557798,-0.98402333,0.11230472,176.8706,176.8706
5812,159.68441433628746,116.83492366338174,-0.0823115,0.0272334,-0.20430319,1.0415685,115.518654,115.518654
5822,150.26495219908725,137.74781847573024,0.025138771,-0.02133354,0.5813794,0.83203864,159.61206,159.61206
5828,120.58646281463277,154.80709698129604,0.018268624,0.05189242,-0.8853447,0.24678859,106.517204,106.517204
5829,95.0927767047413,156.0911914863236,-0.03409275,0.061512418,-1.0485753,0.20434512,90.376305,90.376305
5830,93.26640509071775,139.73636255691252,-0.0075966115,0.058928512,-1.0168073,0.15679713,91.93102,91.93102
5831,110.64491317051547,118.78869697244234,-0.0011129151,0.068063594,-0.97362524,0.100118175,95.31644,95.31644
5832,134.10015128583885,109.02572819830684,-0.030292038,0.06457775,-1.0423506,0.0012320204,101.31074,101.31074
5833,154.19239121455868,112.38923654281494,-0.007121858,0.03364499,-1.0357608,-0.11945059,96.4481,96.4481
5834,166.17633228960148,119.20198903499376,-0.019167662,0.07126062,-1.0826563,-0.15378475,91.38877,91.38877
5835,168.82831420281127,121.62238577299735,-0.019855104,0.0843016,-1.0876013,-0.14662445,89.786224,89.786224
5836,163.73272417754416,119.7132422370763,-0.044168174,0.07742267,-1.0846685,-0.16700521,89.62879,89.62879
5837,155.65201404340968,118.43912378710043,-0.07202814,0.08001319,-1.0174919,-0.22117046,89.667984,89.667984
5838,148.09494279071163,121.0015725860605,-0.09255246,0.12442109,-1.0480729,-0.20040472,88.76142,88.76142
5839,138.49778108820837,125.0572388901734,-0.100329146,0.13282862,-1.054027,-0.12310774,80.07944,80.07944
5840,126.09137206430819,128.51504402978537,-0.07846955,0.06611908,-1.0184665,-0.21390201,84.674995,84.674995
5841,119.4680477138776,133.74905221573925,-0.07729707,0.078009404,-1.0256883,-0.21913329,82.7267,82.7267
5842,126.60282041961398,141.02481234625378,-0.09143489,0.1025588,-1.0645097,-0.13934909,79.47697,79.47697
5843,144.35981782188844,146.9029733348446,-0.050053347,0.07912999,-0.9908776,-0.23092583,82.96324,82.96324
5844,162.68660172820617,150.05151792588586,-0.073741555,0.02660091,-0.98087007,-0.34478673,82.87992,82.87992
5846,173.4253370330352,152.06680248096004,-0.015714148,-0.020504944,0.95507723,-0.10854108,230.58284,230.58284
5848,175.12270960389102,155.7225570444027,-0.0009823072,-0.051096518,0.98373646,-0.14135495,236.17317,236.17317
5849,172.68472218097665,162.92229012257687,0.0017531291,-0.09725521,0.9929649,-0.16958451,261.25162,261.25162
5850,171.83614515507506,171.67415237331815,-0.0048178174,-0.09451274,0.991976,-0.14962511,211.35078,211.35078
5851,173.83919446637623,177.48337714111912,-0.0040323073,-0.07357677,0.9991557,-0.09840348,216.2708,216.2708
5852,176.52529174183067,178.24048706742948,-0.021529881,-0.080766246,0.9794918,-0.10660762,202.27327,202.27327
5853,178.35603504584884,175.82434781257035,0.0025531924,-0.12178694,1.0142642,-0.19327886,216.2485,216.2485
5854,179.3076289606405,173.7198691457442,-0.0005236962,-0.11776802,0.98030776,-0.14613305,153.95842,153.95842
5855,179.50817654474562,174.20618569056745,0.005488801,-0.11038047,1.0286056,-0.14013368,163.52989,163.52989
5856,178.91341450500676,176.91226414073995,0.012596661,-0.10944272,1.0290807,-0.14690846,150.49638,150.49638
5857,177.78952258022852,179.54752007321738,0.01297287,-0.09012528,1.0028415,-0.13843812,148.48445,148.48445
5858,176.70222843374384,180.31178967513998,0.014680147,-0.0782925,1.0161849,-0.14664164,150.26222,150.26222
5859,175.95628127281438,179.34741771521038,-0.0041613,-0.057933755,0.9944402,-0.14352885,145.79324,145.79324
5860,175.449877334856,177.85165652376048,0.0046605496,-0.031367462,0.969121,-0.10963319,125.91927,125.91927
5861,174.23107486523307,176.0514677482774,-0.0051464057,-0.007095661,0.94025743,-0.071510375,118.265564,118.265564
5862,169.92199738632002,172.80699108688495,-0.0026618927,-0.011714055,0.9545165,-0.072041005,127.16553,127.16553
5868,161.56195697248683,167.42229055654934,-0.026500106,-0.049012747,0.9521295,-0.009587323,139.43965,139.43965
5869,149.88413640443562,156.86398232099086,-0.0022413298,-0.06566931,0.98723227,-0.059281252,136.5396,136.5396
5870,130.01108120592284,132.5062039293331,0.014820798,-0.082724325,1.0007532,-0.1337818,135.52719,135.52719
5871,94.33406456071015,91.94656469734149,-0.006874044,-0.082424216,0.9930818,-0.12382925,128.60342,128.60342
5872,49.089381372628985,48.68430952752426,0.024060022,-0.11492896,1.0496393,-0.13520665,126.25146,126.25146
5873,14.933506448674558,19.96499478935562,-0.01570783,-0.13612269,1.0146297,-0.17387792,114.309074,114.309074
5874,6.1264081680536115,13.265647617057438,0.017617779,-0.112135895,1.0531336,-0.13688253,122.41742,122.41742
5875,19.081554240437928,21.615135863886675,-0.03210194,-0.13263676,0.9871098,-0.17207275,114.29853,114.29853
5876,41.51295957956309,29.446658368256923,-0.025049621,-0.103332914,1.0003657,-0.14847004,116.04652,116.04652
5878,62.21978299288159,30.96741392732719,-0.041187763,-0.020653592,0.8370655,-0.5008515,95.44652,95.44652
5879,69.90151448317604,32.36448303693413,-0.098634236,-0.020896504,0.785165,-0.4490507,94.36621,94.36621
5880,56.64140523552992,36.04852565851839,-0.17841658,-0.018618703,0.7200596,-0.44092652,76.1501,76.1501
5884,31.7585168412624,39.0172375116167,-0.02520591,-0.0942528,0.958226,-0.25754258,98.59589,98.59589
5886,17.418097808843484,39.158244678671934,-0.066169605,-0.085156545,0.8651334,-0.19474243,87.41906,87.41906
5890,24.61121954790275,38.20068002223681,-0.15017258,-0.072288916,0.73770183,-0.35644805,78.105736,78.105736
5894,50.26120883398359,49.267298451322404,-0.026859332,-0.069841124,0.8709357,-0.37033126,164.89276,164.89276
5896,90.45129187310239,87.27892817626517,-0.05084944,-0.087253064,0.7906016,-0.44923025,117.17499,117.17499
5899,135.63155534165634,141.0798553897539,-0.0376572,-0.041644417,0.8123346,-0.30760413,158.55733,158.55733
5900,166.46618571831087,177.82569883680836,-0.014126125,-0.062272955,0.874712,-0.38794985,162.92389,162.92389
5902,170.22411067089863,179.22742308953235,-0.027021894,-0.040920682,0.8822984,-0.31633422,154.81447,154.81447
5906,151.8557778970413,155.80333078945,0.021261463,-0.113644466,0.92181224,-0.49899966,179.93654,179.93654
5907,124.25198614934945,128.34598664422163,0.009300293,-0.12361399,0.9012536,-0.54163617,175.94305,175.94305
5908,96.22582768467089,108.74571431387183,0.007744925,-0.12530491,0.9023229,-0.5536459,173.05151,173.05151
5909,73.14167461975836,98.63438670483451,0.007119133,-0.11968523,0.8975085,-0.5569976,172.48817,172.48817
5910,60.100004467203696,96.30089109641665,-0.0054995697,-0.13220195,0.8748567,-0.57556343,165.90099,165.90099
5912,58.79177146362731,98.87704720951426,0.05346123,-0.059395798,0.9976667,-0.36621594,183.90556,183.90556
5913,65.40160588444995,100.2518984193251,0.042778913,-0.090149835,0.9853725,-0.46232134,182.16133,182.16133
5914,73.06174971437419,93.49273786905428,0.029415045,-0.10061907,0.9770328,-0.4580476,182.81781,182.81781
5915,76.17360682709706,79.73516644507394,0.0069083297,-0.13525967,0.94707984,-0.4985642,172.67584,172.67584
5916,77.16437360127367,71.1424315566847,-0.006805726,-0.16273355,0.9124312,-0.5142753,179.45381,179.45381
5921,87.07063970310206,78.35168592877446,-0.1355934,0.0001498429,0.50782204,-0.7424627,54.98923,54.98923
5922,109.50848057198924,95.77806266927564,-0.091574356,0.018042643,0.6029377,-0.6404752,57.643387,57.643387
5923,130.36444947288808,108.62684795043103,-0.04283597,0.030123057,0.71653885,-0.64975667,68.06188,68.06188
5924,135.71638556518116,113.73831687438377,0.023048565,0.049066175,0.794443,-0.6819723,71.76513,71.76513
5925,129.25636309477332,120.26805087091557,0.05844964,0.049959302,0.7153424,-0.748645,76.484985,76.484985
5926,123.59088700078678,132.47744455784223,0.1301749,0.05243405,0.7107601,-0.7994971,78.907135,78.907135
5927,126.86576813164707,145.9111273709255,-0.13657328,-0.02500281,0.2296117,-0.9886597,68.44202,68.44202
5928,140.1996427315451,156.90344615855918,-0.17914134,-0.020821096,-0.00062637794,-1.0354596,66.45505,66.45505
5929,157.73935533794804,165.38951385492936,0.16033545,0.0075585986,0.36969522,-0.9674919,63.416466,63.416466
5930,170.5721656959059,171.16601298243725,0.20863707,-0.0030492689,0.4193034,-0.9522104,62.230755,62.230755
5931,175.43436725659365,172.7588738739802,0.19055861,-0.012281524,0.45665896,-0.9490171,62.13582,62.13582
5932,175.81427900884984,169.1145886980013,0.19337112,0.0034465564,0.4794494,-0.94162977,60.70654,60.70654
5933,174.6399042860224,161.39299050026654,0.19775513,0.017871005,0.5454291,-0.91937757,59.36846,59.36846
5934,171.57772926102024,152.61094905901132,0.22330528,0.025678234,0.5517341,-0.9106551,59.72967,59.72967
5935,166.97616607144792,145.36892063097133,0.19307968,0.03311156,0.54017377,-0.92274034,58.592644,58.592644
5936,163.5167549983238,141.1218010943115,-0.04785103,0.017511224,0.2543408,-0.9193505,58.13968,58.13968
5937,163.66312274695338,141.223404514346,0.16197759,0.031471048,0.58568597,-0.8939564,58.59432,58.59432
5938,167.37812868156732,146.07625956692158,0.222353,0.028860753,0.61232525,-0.89437294,59.282497,59.282497
5939,172.28196547425048,153.3624757275154,0.21943566,0.028379591,0.6018761,-0.89058274,59.870373,59.870373
5940,176.0103010306043,160.00999673939046,0.191563,0.02299369,0.5784709,-0.8856549,60.133472,60.133472
5941,177.96143528222044,165.13679879739584,0.2054869,0.018548893,0.59040195,-0.87969434,59.536686,59.536686
5942,178.71755417879217,169.42007983849965,0.15989825,0.012215108,0.5686935,-0.8815186,58.606224,58.606224
5943,178.81683532648668,173.3357855015546,0.16853933,0.012439617,0.5992571,-0.8707581,58.58623,58.58623
5944,178.1197370613413,176.5637474271577,0.20757657,0.021277398,0.64810216,-0.8571441,59.186672,59.186672
5945,175.8268887248315,178.13978101589092,0.16464336,0.021377683,0.6719217,-0.83704704,58.249496,58.249496
5946,171.7184378140152,177.4775198814848,0.18900813,0.01703942,0.7191884,-0.8139235,58.37939,58.37939
5947,167.5894943414051,175.5835619290599,0.24364169,0.024922397,0.72410625,-0.816985,57.850475,57.850475
5948,165.85094068057867,174.2114465641922,0.10448969,0.022554416,0.6163065,-0.83987385,56.116993,56.116993
5949,166.8926927202366,173.56353567673622,0.1796477,0.040007662,0.64377975,-0.8464864,53.455795,53.455795
5950,168.8061601473673,172.4778900845814,0.1759997,0.0480138,0.64851695,-0.85833305,53.16414,53.16414
5951,168.8207473173058,170.14401295192113,0.16119319,0.04335172,0.50443786,-0.902773,56.809013,56.809013
5952,165.55520219206124,166.46363991401262,0.16075654,0.016905801,0.4635318,-0.9223881,59.950977,59.950977
5953,160.49500957131045,162.33333151716346,0.14012174,0.010842934,0.45492515,-0.92764384,62.684834,62.684834
5954,156.283012994484,159.55466070902145,0.13498609,0.007536483,0.42616656,-0.9350195,64.16541,64.16541
5955,154.03774783228837,159.3232787521854,0.14008577,-0.002612866,0.477748,-0.9223121,63.81806,63.81806
5956,152.6571196982456,160.82508372684816,0.14799343,0.015247138,0.48554653,-0.8974393,63.802715,63.802715
5957,150.16186719736527,161.81191969880868,0.1585117,0.021209802,0.5193431,-0.8828237,62.250107,62.250107
5958,146.6305720348363,161.28372248940207,0.14662343,0.029911742,0.52932507,-0.8773387,61.798832,61.798832
5959,144.57409117650516,160.52764494471623,0.116336524,0.03379968,0.5510592,-0.8654766,63.768795,63.768795
5960,144.69886769715967,160.29908506424104,0.12227898,0.032758795,0.5646843,-0.8584769,63.271343,63.271343
5961,144.6900757923999,159.38006730212268,0.11199542,0.030915283,0.54021597,-0.8544694,63.474796,63.474796
5962,143.15082657484493,156.9582756393396,0.13432793,0.031403746,0.5643947,-0.85710096,64.061775,64.061775
5963,141.067311407972,153.6964493456061,0.123252496,0.016862625,0.6014159,-0.8401639,64.12399,64.12399
5964,139.9984025752219,150.87632831424742,0.12940757,0.015236991,0.58975464,-0.8414243,63.686977,63.686977
5965,140.9045649561052,149.83888574003828,0.12684684,0.013184754,0.6157745,-0.8343319,63.00371,63.00371
5966,143.0881176277163,150.50897775914086,0.107494466,0.010013961,0.62029564,-0.8170453,62.754185,62.754185
5967,144.0886231001392,151.03853214476575,0.12909336,0.0166896,0.6639555,-0.7898149,62.42265,62.42265
5968,142.23762020781092,150.26398483549787,0.11302048,0.019067608,0.6695044,-0.7666304,62.12955,62.12955
5969,138.80856754130406,149.02599688236464,0.14294025,0.024863802,0.72696835,-0.73364997,59.915035,59.915035
5970,136.9469396349317,148.8621155212104,0.15837887,0.030011013,0.7294928,-0.7359675,58.32718,58.32718
5971,138.3670929153209,149.7881861216297,0.134876,0.031984825,0.72866267,-0.728053,58.01091,58.01091
5972,141.491253443026,149.37870486560752,0.10865111,0.03674658,0.74483997,-0.71083057,58.667305,58.667305
5973,143.48557899210545,146.00455657854118,0.12507243,0.04218746,0.74683094,-0.6967439,59.296207,59.296207
5974,143.09873109661763,141.88641159356948,0.12760536,0.04949168,0.76438653,-0.69276285,58.651077,58.651077
5975,140.86518501980015,140.0895815700457,0.14234842,0.048142172,0.78000945,-0.6793181,59.137657,59.137657
5976,137.8041698472064,141.04456847953475,0.13676246,0.053053867,0.7680471,-0.6855244,58.0551,58.0551
5977,134.95966591880196,143.41467557349827,0.12935442,0.05162855,0.7844607,-0.6774715,57.035133,57.035133
5978,133.29860544765955,144.781591619731,0.12692408,0.05554693,0.78647137,-0.68094164,55.790646,55.790646
5979,132.830368635623,142.19449652782794,0.11761314,0.054318823,0.80249417,-0.69600177,55.55084,55.55084
5980,132.8364800767172,136.0654619837027,0.12332096,0.051010963,0.8079889,-0.68030137,56.624863,56.624863
5981,133.5843710953975,131.9070959841135,0.14488994,0.043491684,0.83201545,-0.691695,54.34992,54.34992
5982,135.99484726733536,134.8578768816277,0.113339216,0.049719352,0.7569232,-0.71604013,56.115143,56.115143
5983,139.10453877028695,143.69843142354463,0.11896793,0.055058014,0.7481563,-0.71179736,55.685226,55.685226
5984,140.31948064884583,152.37728318450232,0.11673004,0.03510343,0.7543949,-0.73536366,54.15515,54.15515
5985,138.94020064225478,156.44582987445,0.13291246,0.030327057,0.76461476,-0.73909783,54.638103,54.638103
5986,137.24864811827024,156.4584222886758,0.13284391,0.023256466,0.763562,-0.74964935,54.216957,54.216957
5987,137.81923641746423,155.73721215536196,0.117070325,0.04242291,0.7564026,-0.72729355,56.304737,56.304737
5988,140.99786981801418,156.27260809781018,0.12143791,0.049420193,0.7561241,-0.727896,55.24018,55.24018
5989,145.02249003880695,157.69486335975773,0.12517537,0.036050294,0.74278873,-0.7374829,55.521225,55.521225
5990,148.13984467768702,159.35495191557555,0.1209175,0.04313172,0.7305133,-0.7305347,55.583927,55.583927
5991,149.9852880841064,161.17899534553942,0.13065563,0.055742387,0.7501975,-0.7062134,55.476765,55.476765
5992,151.0074368749808,162.61821946413792,0.14026691,0.05855889,0.7588657,-0.7019589,54.401115,54.401115
5993,151.5914855411606,162.77392507602565,0.14695217,0.05489552,0.79001915,-0.68760794,55.685505,55.685505
5994,151.83837069786813,161.7727638539019,0.14486858,0.056819487,0.78953856,-0.7001957,54.9128,54.9128
5995,151.71632483548134,161.03957157840273,0.11483892,0.042204525,0.7638796,-0.7306574,55.29091,55.29091
5996,151.46680437759596,161.87007344997264,0.16327597,0.05296641,0.8058311,-0.6952552,55.007385,55.007385
5997,151.6610792492195,163.64427025445406,0.16955577,0.047541898,0.7988161,-0.71121025,55.285065,55.285065
5998,152.45136040378847,164.35297250904972,0.1639563,0.039118413,0.7737975,-0.7288999,55.589184,55.589184
5999,153.239093907326,163.74926306301694,0.1485832,0.037467696,0.758737,-0.7453447,56.88413,56.88413
6000,153.59985609932465,163.99954475594618,0.13793951,0.04083133,0.735924,-0.7653178,56.010597,56.010597
6001,153.83728088300106,166.22032490793595,0.14673713,0.036524132,0.75485075,-0.7510587,55.642323,55.642323
6002,154.30227129488966,168.79338313310566,0.1395595,0.03220068,0.74108183,-0.7596481,56.026062,56.026062
6003,154.82273127083272,169.70193689592034,0.14163335,0.01547367,0.74344337,-0.76579744,56.533863,56.533863
6004,154.9746412862087,168.64143950937836,0.15044624,0.032307748,0.7760233,-0.74436724,55.447437,55.447437
6005,154.77197926209516,166.75574322832102,0.15456355,0.02444182,0.79100126,-0.75106186,55.229706,55.229706
6006,154.78272979748607,165.6700435647095,0.16020644,0.020617515,0.7812656,-0.7502439,56.126846,56.126846
6007,155.35997786268726,166.22447949136293,0.16359833,0.02311594,0.7991122,-0.74120975,56.756557,56.756557
6008,156.19260476799207,167.55670525454443,0.16335104,0.013204607,0.8461609,-0.7390009,55.078876,55.078876
6009,156.71871107886665,168.38098582091555,0.17565109,0.012874793,0.8274628,-0.75107694,55.205112,55.205112
6010,156.8619597470351,168.22801551349585,0.15959673,0.02112472,0.7986878,-0.7672101,55.302197,55.302197
6011,157.24765697642982,167.1958407076918,0.16179672,0.018866573,0.77074,-0.75963026,56.66916,56.66916
6012,158.1507802790959,166.01535702613734,0.15475813,0.022127485,0.7541941,-0.75701684,57.732086,57.732086
6013,158.26455717010327,165.0670940118334,0.13833891,0.022515025,0.7513942,-0.7568292,58.39064,58.39064
6014,155.94124309484903,163.3805517550305,0.13257559,0.028461795,0.73680526,-0.7663958,59.10129,59.10129
6015,152.25051476144455,160.64109142579898,0.13405164,0.032763615,0.7333482,-0.7635156,60.05413,60.05413
6016,150.54486468782156,158.24247440924512,0.13511482,0.03813261,0.7244381,-0.76253766,61.018974,61.018974
6017,152.10591525362213,157.18140111062343,0.12707755,0.033664566,0.74387044,-0.75338924,61.222687,61.222687
6018,154.55988769785256,157.1067679943517,0.13544388,0.037078895,0.75678396,-0.7420254,61.44438,61.44438
6019,155.17690042836557,157.3666142863533,0.12921482,0.031937502,0.7802565,-0.73046064,60.91762,60.91762
6020,154.0191210176422,157.86521430375203,0.121537976,0.036688298,0.79005164,-0.7024169,60.146294,60.146294
6021,153.222559584943,159.23005472124515,0.09564905,0.04466454,0.7819673,-0.68361956,61.78874,61.78874
6022,154.1998596935639,161.86791258135267,0.12384703,0.044575173,0.8149874,-0.6650019,61.183483,61.183483
6023,156.48038177255785,164.80000760637992,0.124392755,0.044686466,0.8177164,-0.64116716,60.83852,60.83852
6024,158.79241021943324,166.5462943097142,0.096205905,0.054205637,0.8406812,-0.6110774,61.58336,61.58336
6025,159.14192080140072,165.7061162723732,0.035800304,0.053290512,0.7999041,-0.59053046,60.81982,60.81982
6026,152.90307200559025,159.19145908514398,0.051323526,0.06474361,0.83268946,-0.5605664,62.15359,62.15359
6027,136.7826744813933,145.57846196788995,0.03364229,0.05698697,0.8034286,-0.5813886,60.969322,60.969322
6028,118.83353783276341,132.55985204866536,0.027783683,0.046703577,0.7975857,-0.60072154,63.680798,63.680798
6029,114.54928069680122,131.6030094899722,0.037471447,0.056219816,0.81064343,-0.6278561,65.15052,65.15052
6030,127.16892116422903,142.8163053210765,0.06624022,0.030333221,0.7848243,-0.6706563,60.741943,60.741943
6031,142.2521490699857,153.96905713378132,-0.027635785,0.0105781015,0.6707107,-0.74392396,63.968594,63.968594
6032,145.37385593657274,154.79910744425516,0.010529219,0.023948684,0.6776282,-0.753599,65.19015,65.19015
6033,136.8572354537855,146.84678602445726,-0.046000622,0.02545936,0.57647175,-0.76795673,62.870667,62.870667
6034,127.98651877723356,139.93958888023823,-0.12741986,-0.034817673,0.4568496,-0.8273938,58.599945,58.599945
6035,128.78658184495902,141.6008294547079,-0.07581613,0.011443562,0.53213775,-0.7576804,61.685524,61.685524
6036,140.49172066327154,150.86258975045834,-0.0929932,-0.008170948,0.51153475,-0.8007794,63.422134,63.422134
6037,155.96511570399332,161.22127773145982,-0.07157811,-0.0067658243,0.5077496,-0.8273614,63.995663,63.995663
6038,165.61319701342418,167.15192785941466,-0.0717984,-0.0011096734,0.48691148,-0.83557147,62.81321,62.81321
6039,164.94011178792144,167.5781136107599,-0.074338764,0.0075273034,0.45917916,-0.8276906,60.298878,60.298878
6040,157.73183234861594,164.7483015522706,-0.05851274,0.019288206,0.4738409,-0.8263463,57.72773,57.72773
6041,151.6907812689279,161.6111712741442,-0.044450063,0.02944129,0.47965515,-0.7945826,55.02356,55.02356
6042,151.50818908299286,160.50247029126777,-0.04467148,0.0047262996,0.48361278,-0.85553145,57.396015,57.396015
6043,155.65335235842034,161.7149012636492,-0.095079444,-0.012356253,0.3713465,-0.93157774,58.727104,58.727104
6044,158.8665017441099,161.90966441255864,-0.09830708,-0.018576803,0.28140798,-0.9957004,58.400787,58.400787
6045,157.53122946918575,157.00347115419612,-0.10304192,-0.052018274,0.2613144,-1.039867,56.516888,56.516888
6046,149.83031389003182,146.73142942068455,-0.12423445,-0.08281805,0.21930012,-1.0634325,51.755447,51.755447
6047,133.21930036819822,132.52820884116412,-0.14733537,-0.0700938,0.14878994,-1.0880216,52.199253,52.199253
6048,110.48879863322574,114.29776832154965,-0.1507963,-0.06647108,0.13010523,-1.0996288,51.82854,51.82854
6049,93.149422095016,94.23109758442378,-0.14156409,-0.043203987,0.104543395,-1.0886511,50.954002,50.954002
6050,90.76405589060533,79.87368386743529,-0.13435178,-0.025461212,0.104230724,-1.0820067,47.172943,47.172943
6051,100.8418673879268,78.21663170917655,-0.10927735,-0.01758669,0.113600165,-1.0349218,48.3445,48.3445
6052,110.35589310115189,87.93747534354847,-0.13429452,-0.007572286,0.0072770435,-1.0386468,47.23759,47.23759
6053,108.62066009990137,100.45219442543764,-0.15883258,-0.0058859694,-0.0033470416,-1.019687,45.807713,45.807713
6054,99.2792696138771,106.90111436895901,-0.109392665,0.02416973,0.043153558,-0.9965708,45.712482,45.712482
6055,95.25271675077721,104.78225378010231,-0.15405737,0.016031938,-0.05512406,-1.0393075,46.63885,46.63885
6056,104.21349420724918,101.16548577170991,-0.102689,0.020288834,0.023218926,-1.0011744,47.8788,47.8788
6057,122.29280125378487,106.51544055388894,-0.122747816,0.01010974,-0.0722046,-1.0192635,50.076073,50.076073
6058,141.3755148917367,124.6488942999874,-0.10316824,-0.010139051,-0.09744775,-1.0234766,56.89021,56.89021
6059,158.0061927010172,149.84788514191294,-0.10801128,0.0019429404,-0.12919359,-1.0234442,58.775234,58.775234
6060,171.24214591666745,170.86310997469675,-0.11236841,0.0118654175,-0.17600946,-1.028392,59.988785,59.988785
6061,178.22608111324354,178.61393526084998,-0.10092759,0.013744667,-0.17062923,-1.0116212,61.172073,61.172073
6062,176.4707452524415,172.34466896790937,-0.11430261,0.023232793,-0.19259094,-1.0119456,63.007347,63.007347
6063,168.61465030897733,159.55101090947974,-0.113312505,0.025136104,-0.22452807,-1.0098654,64.15148,64.15148
6064,162.58704442677515,150.34256797754222,-0.12578274,0.021293733,-0.25873336,-0.9914339,64.714874,64.714874
6065,163.50030085684938,149.28569785881172,-0.12591055,0.018598756,-0.2766518,-0.9923877,64.125656,64.125656
6066,167.70428285922458,152.60110406448922,-0.13178542,0.01756205,-0.27865586,-0.9943086,63.83094,63.83094
6067,169.22029639867162,154.82175144374736,-0.12707803,0.01614176,-0.27037218,-0.99676865,63.586483,63.586483
6068,168.12895280107378,155.56186180439715,-0.12457026,0.0133259725,-0.29924348,-0.9929429,64.22079,64.22079
6069,168.6124365118756,157.61298211813747,-0.13875628,0.013998991,-0.33815098,-0.99434173,64.36839,64.36839
6070,172.30953652375004,161.7771337192257,-0.1389559,0.013731704,-0.34461057,-0.98724777,63.907833,63.907833
6071,176.75410135022545,166.47852143323794,-0.14000541,0.0152233485,-0.33643702,-0.9839519,63.5055,63.5055
6072,178.58398823492197,170.43141877793934,-0.14868134,0.016044118,-0.33238113,-0.98581266,62.6553,62.6553
6073,177.02661356898713,173.5648648042914,-0.14892352,0.016917666,-0.32643154,-0.9869101,62.490295,62.490295
6074,174.58241299046614,176.05795088566742,-0.14449741,0.012997631,-0.33542868,-0.97854525,61.576916,61.576916
6075,174.19950744749784,177.79703172276345,-0.1388433,0.013819843,-0.32560828,-0.9748409,61.2368,61.2368
6076,176.22427456612823,178.68637668057733,-0.14306952,0.016992452,-0.34757158,-0.9741103,60.351074,60.351074
6077,178.67545915807838,178.6746949171302,-0.1475985,0.016986474,-0.3419388,-0.97604614,60.280685,60.280685
6078,179.67624045704463,177.4637125235786,-0.15015519,0.016422555,-0.33683997,-0.9770046,59.966446,59.966446
6079,178.99380440885756,175.0072135863101,-0.1517373,0.014124867,-0.32728508,-0.9826267,59.931686,59.931686
6080,177.77294354071452,172.2943340492466,-0.1642757,0.010589221,-0.32631946,-0.9850126,60.160656,60.160656
6081,177.2268629204602,170.4600065690122,-0.16871107,0.009134992,-0.33647075,-0.988808,60.176643,60.176643
6082,177.63322067902584,169.6516456211698,-0.17594875,0.0028173958,-0.3082256,-0.9945276,60.495823,60.495823
6083,178.38383001344172,169.83902594128702,-0.17727315,-0.005704473,-0.28548795,-1.0004708,60.9659,60.9659
6084,178.57800765068993,171.01957221863142,-0.17870499,-0.0094890855,-0.29005712,-1.0033126,60.72265,60.72265
6085,177.60090804550492,172.2579441808257,-0.18084937,-0.014115708,-0.28876406,-1.0074215,60.48728,60.48728
6086,175.61883154782151,172.6123517159899,-0.17771065,-0.017573463,-0.29031867,-1.0110409,60.385807,60.385807
6087,173.63895762231053,172.45366282215815,-0.17588311,-0.015105643,-0.29671004,-1.0162138,60.32546,60.32546
6088,172.78141068552932,172.54226092871744,-0.17637904,-0.013260309,-0.27937615,-1.0183988,60.018806,60.018806
6089,173.29514047760824,173.17109598123642,-0.17374967,-0.0074469363,-0.29808852,-1.0210345,60.142315,60.142315
6090,174.25560490897738,174.55568566567715,-0.17277922,-0.0015809922,-0.26300815,-1.0184573,60.552887,60.552887
6091,174.36699111486567,176.53970373321346,-0.17466381,-0.0016271899,-0.26708698,-1.0204426,60.54041,60.54041
6092,173.22977426399376,178.27014348125925,-0.17402036,-0.0011214281,-0.26997492,-1.0242609,60.875793,60.875793
6093,171.41179155358566,178.8954849791988,-0.1656797,0.0015542933,-0.2573079,-1.0237983,60.53278,60.53278
6094,169.31825161580488,178.23451532767672,-0.17429087,0.0016326031,-0.2708138,-1.0324287,59.70413,59.70413
6095,167.16113791565908,176.7993864217885,-0.16450852,-0.0027653973,-0.24816577,-1.0329701,59.42624,59.42624
6096,166.01885245270287,175.41799058802573,-0.1612689,-0.002925158,-0.25098678,-1.024639,59.258286,59.258286
6097,167.4161369036418,174.82159896394538,-0.16351973,-0.00020965129,-0.25673327,-1.0241859,58.953224,58.953224
6098,171.29748178310484,175.1779406257619,-0.16086347,-0.0034546775,-0.2532989,-1.028758,58.143402,58.143402
6099,175.1958576604336,175.9299121786044,-0.16379613,-0.0018011512,-0.2614557,-1.0231551,57.590527,57.590527
6100,176.29731267025088,176.43566868525036,-0.16778868,-0.0037099258,-0.25949964,-1.0231516,57.22777,57.22777
6101,174.29148980123992,176.680070775091,-0.1717062,-0.0059348824,-0.2510006,-1.0232358,57.287796,57.287796
6102,171.55974512175052,177.08758324826564,-0.17428002,-0.0023213923,-0.26489112,-1.0174509,56.831192,56.831192
6103,170.69259397646684,177.78266511586577,-0.17479594,-0.0019611698,-0.26751068,-1.0140151,56.595013,56.595013
6104,172.15558454495337,178.43900671564714,-0.17207193,-0.0005311732,-0.28497767,-1.0101304,56.304096,56.304096
6105,174.18683945174615,178.81465511134294,-0.1669319,-0.00032779708,-0.2870002,-1.011666,56.13869,56.13869
6106,174.7565321794794,179.0236484124048,-0.16536966,0.0010153013,-0.2912692,-1.0113531,55.90724,55.90724
6107,173.3903138881518,179.1525413321536,-0.16915904,0.00297322,-0.30899975,-1.0136951,55.600903,55.600903
6108,171.1856367921335,178.88045272258157,-0.17421187,0.0055232546,-0.32202363,-1.0096366,54.954525,54.954525
6109,169.59036503167496,177.88078270071085,-0.17637835,0.0039404603,-0.32492197,-1.0043014,54.59995,54.59995
6110,169.36767971366064,176.51301515910365,-0.17822582,0.0024000884,-0.314937,-1.0073426,54.306572,54.306572
6111,170.44180917227376,175.60254597707373,-0.17655554,0.0038889816,-0.32388026,-1.013322,53.604156,53.604156
6112,172.17969936998398,175.58170639342518,-0.17329213,0.006599136,-0.3509284,-1.0072284,52.968803,52.968803
6113,173.60293418384876,176.15612723494007,-0.1799981,0.0038910198,-0.36059004,-1.0024981,52.21138,52.21138
6114,173.9192919622672,176.64577315150947,-0.17859074,0.0067338296,-0.37333566,-1.0010185,52.253723,52.253723
6115,173.24365207240055,176.6461080037682,-0.17390345,0.006469084,-0.37945816,-0.99983746,52.316517,52.316517
6116,172.48702353077553,176.47749989794696,-0.17559338,0.0016850309,-0.38833264,-0.99281836,51.94232,51.94232
6117,172.4844234880272,176.76077550567524,-0.17142531,0.0064493897,-0.3826045,-0.9950588,52.173435,52.173435
6118,173.26529477480645,177.60469332318505,-0.17448024,0.0005786828,-0.37964424,-0.99428034,51.734287,51.734287
6119,173.94275059525805,178.45854957670716,-0.17904262,0.0010792741,-0.3774669,-0.9839113,51.1796,51.1796
6120,173.54272651460784,178.70492787680388,-0.17421325,0.007828718,-0.3705609,-0.97952217,51.56483,51.56483
6121,172.08481523378686,178.32866865792093,-0.17751084,0.005390671,-0.34561938,-0.9709555,50.101475,50.101475
6122,170.49006364835395,177.9274189222895,-0.17613812,0.009935082,-0.33927456,-0.9762617,49.469707,49.469707
6123,169.60020186514356,178.00121770031896,-0.17753819,0.0070961895,-0.34844506,-0.9720203,49.168285,49.168285
6124,169.61405941820001,178.42995695248712,-0.17384963,0.0068637296,-0.3388156,-0.9727327,49.041687,49.041687
6125,170.1414663154091,178.76771972451624,-0.17217313,0.008078799,-0.35426754,-0.9721332,48.94493,48.94493
6126,170.5965143430592,178.8552842173597,-0.17626756,0.01059854,-0.36687672,-0.9728004,48.58434,48.58434
6127,170.8021422320015,178.92458589944482,-0.17582981,0.013321881,-0.39426178,-0.96817714,48.140865,48.140865
6128,170.98575880134507,179.1753866177536,-0.18445426,0.009165848,-0.40353823,-0.97058564,47.11891,47.11891
6129,171.05113218707487,179.50840686939543,-0.18558605,0.011191181,-0.4087222,-0.9646988,46.698692,46.698692
6130,170.74673325623473,179.6582309800858,-0.18023062,0.0036538248,-0.44866982,-0.95900744,46.06254,46.06254
6131,170.37986339270344,179.4662535940518,-0.17858756,0.005993963,-0.42097652,-0.9687637,45.4788,45.4788
6132,170.43822550839417,179.06274047504544,-0.18703675,0.0041185427,-0.4103917,-0.97031295,45.57027,45.57027
6133,171.13871543776003,178.6806061146911,-0.18500835,0.0063571082,-0.40970704,-0.9660351,45.410748,45.410748
6134,172.4802213214968,178.28631318729688,-0.18299964,0.0065814904,-0.40377745,-0.9666998,45.13075,45.13075
6135,173.93053296206628,177.71707608463106,-0.19368258,0.0009493644,-0.38336498,-0.9650797,44.85873,44.85873
6136,174.63908918843296,177.04524264439777,-0.1853061,-0.0033546982,-0.3499833,-0.97014844,44.493263,44.493263
6137,174.63626076163126,176.42456924478984,-0.18538335,-0.0016552085,-0.36036673,-0.97306097,43.816246,43.816246
6138,174.91493076020765,175.95828419824255,-0.18320608,-0.0021627338,-0.3354975,-0.9743659,43.975838,43.975838
6139,175.95578047956914,175.87990989833617,-0.18940273,-0.005079942,-0.3450885,-0.9788279,43.73135,43.73135
6140,177.2452270639313,176.32342947204708,-0.18816921,-0.005925275,-0.31958875,-0.984769,43.330376,43.330376
6141,178.13727403144776,176.98124667520258,-0.18736976,-0.005064319,-0.34068978,-0.99075454,42.579704,42.579704
6142,178.35507151237903,177.464901462878,-0.18508004,-0.004844627,-0.323486,-0.99193305,42.29325,42.29325
6143,178.10159812302186,177.80043733455506,-0.17783682,-0.0038324534,-0.31406456,-0.99440455,42.219482,42.219482
6144,177.9015274217426,178.1482735929492,-0.17766096,-0.0055750636,-0.2963986,-0.9948362,42.332733,42.332733
6145,177.9536935895563,178.36551148963395,-0.17254518,-0.0069410587,-0.280994,-0.9956604,42.357567,42.357567
6146,178.07109124907737,178.23001263293722,-0.17565946,-0.008317253,-0.27768365,-0.9976311,42.31126,42.31126
6147,178.26437702909914,177.84040317572175,-0.17305861,-0.0083491085,-0.27818203,-1.001279,41.996304,41.996304
6148,178.6206285252044,177.5932074108182,-0.17452206,-0.0074925134,-0.27093515,-1.0049473,41.494465,41.494465
6149,178.84883431917632,177.80181135699152,-0.17825721,-0.009941285,-0.24098152,-1.015767,41.155033,41.155033
6150,178.5334076098299,178.38889795784186,-0.17120475,-0.012309639,-0.2513654,-1.0201805,40.826824,40.826824
6151,177.81017088255362,179.01242327725754,-0.17067291,-0.010895746,-0.25365365,-1.0206369,40.13368,40.13368
6152,177.44591814554036,179.3861715918404,-0.17518471,-0.011047742,-0.23021193,-1.0253525,40.041443,40.041443
6153,177.9464085724597,179.4086621569264,-0.17542991,-0.010109436,-0.2349846,-1.0245606,39.631294,39.631294
6154,178.81332529095448,179.20970226690125,-0.1746405,-0.006782294,-0.22523113,-1.0289412,39.639187,39.639187
6155,178.91833658137824,179.091212456709,-0.17248325,-0.0079219015,-0.23834309,-1.0346171,38.56735,38.56735
6156,177.70057917012056,179.19631797723497,-0.17117453,-0.008117047,-0.248694,-1.0373405,38.416508,38.416508
6157,176.00165852044984,179.39504299048207,-0.17050578,-0.0012304225,-0.27951783,-1.034714,37.873447,37.873447
6158,175.27547729496973,179.55852035392164,-0.1704432,-0.0026690015,-0.26047185,-1.0367188,37.64671,37.64671
6159,176.0160229026634,179.65662130056407,-0.16988762,-0.0057425066,-0.24902081,-1.0356733,37.195,37.195
6160,177.41398435991977,179.6818606494526,-0.17474942,-0.006174247,-0.2586067,-1.0362347,36.578606,36.578606
6161,178.33750037691163,179.6462839959409,-0.16991052,-0.009316043,-0.23592143,-1.0209465,35.671925,35.671925
6162,178.27179027221166,179.52623217157316,-0.17197001,-0.004658569,-0.21218064,-1.0283453,35.433537,35.433537
6163,177.37434193923616,179.1773329542148,-0.17285872,-0.0059491657,-0.21420586,-1.0361565,35.705444,35.705444
6164,176.00553429071616,178.3321363127077,-0.15915559,-0.012000848,-0.21979016,-1.0169861,34.617203,34.617203
6165,174.45317552322578,176.82848726879104,-0.16088147,-0.014459301,-0.2120003,-1.0184505,34.27695,34.27695
6166,173.05705331392767,174.84234638325427,-0.1624887,-0.030661765,-0.18907349,-1.0149571,32.64725,32.64725
6167,172.3092379166214,172.84449870445425,-0.16221723,-0.012231606,-0.16077827,-1.0236888,32.6605,32.6605
6168,172.37608347472795,171.17667291704774,-0.16915943,-0.01581067,-0.19310024,-1.0192511,33.12204,33.12204
6169,172.47579169380714,169.21688960366893,-0.15615655,0.007156642,-0.2001843,-1.0203707,31.474293,31.474293
6170,171.7087240519719,166.44204681263142,-0.1393171,-0.011061177,-0.23605411,-1.0254527,33.109154,33.109154
6171,171.06431657393392,164.67532001933853,-0.15178879,0.0014175648,-0.36964718,-1.0104749,29.999508,29.999508
6174,172.60650834568952,164.78325231272845,-0.23328024,-0.12978871,0.26653546,-0.9473666,95.56971,95.56971
6175,175.77995530576842,161.09251147729134,-0.21295789,-0.06440248,0.30775636,-0.8436542,100.48331,100.48331
6176,176.87333843747726,146.2814985514466,-0.2164216,0.051275745,0.3886223,-0.5732922,106.3877,106.3877
6177,172.82717198742617,122.56198113799168,-0.2034814,-0.009177027,0.48851,-0.6875378,122.85475,122.85475
6178,164.57048940476028,102.04076061389576,-0.26625037,-0.008289161,0.38001922,-0.7490608,119.074776,119.074776
6179,156.453746743939,95.3962279185157,-0.2959336,-0.0039687743,0.41982624,-0.65916127,123.39983,123.39983
6180,152.28551355461963,102.62049194920417,-0.28153527,-0.024540748,0.42183822,-0.64979076,123.529,123.529
6181,152.31425894678313,114.65676096965915,-0.24992523,-0.008845365,0.5404522,-0.6494824,132.5985,132.5985
6182,154.403051180503,122.50427417120227,-0.20742153,0.00822158,0.67635304,-0.5998335,152.5697,152.5697
6183,157.07664581417717,123.19003199105727,-0.13219544,0.011146643,0.8200252,-0.51254445,172.67473,172.67473
6184,160.52189633355795,118.6185883701139,-0.12177906,-0.012262819,0.8247383,-0.49805126,180.81116,180.81116
6185,164.943837858368,112.56264374687285,-0.14223701,-0.019730458,0.7964715,-0.48074192,187.87286,187.87286
6186,168.9233791692336,108.84650063591039,-0.1499358,-0.025791572,0.8054735,-0.43016064,194.42973,194.42973
6187,170.3869440106914,109.62811687515857,-0.16932674,-0.018080242,0.7142829,-0.40093315,193.56966,193.56966
6188,168.99286175038367,114.55620401142134,-0.19085105,-0.054973133,0.8007891,-0.4145881,182.14409,182.14409
6189,166.14569674706257,121.4901901952293,-0.19334061,-0.059826978,0.7229165,-0.4010684,175.24239,175.24239
6190,162.85237375191,127.77090952848297,-0.1950287,-0.06988609,0.73687816,-0.43092427,174.29967,174.29967
6191,158.8841404083107,131.89612947380306,-0.06687931,-0.046180103,0.8982508,-0.33484942,214.96407,214.96407
6192,153.25115737368037,133.97111309443005,-0.0713174,-0.056564473,0.88594645,-0.34051242,211.69626,211.69626
6193,145.2416754536084,133.70897619037316,-0.048623994,-0.075680986,0.9187597,-0.34479195,221.46649,221.46649
6194,136.83729342554278,130.1626880755804,-0.04131234,-0.068914,0.91971785,-0.3351524,230.5376,230.5376
6195,132.85983154898858,125.22733676690797,-0.02782774,-0.05143087,0.9068845,-0.2796966,259.39087,259.39087
6196,134.87981904069983,123.88817122146385,-0.014264677,-0.07251172,0.8458466,-0.35346887,265.2597,265.2597
6197,137.02220607391507,128.62444363105115,-0.0054135798,-0.088234566,0.8692083,-0.45991585,247.4179,247.4179
6198,132.68511367677493,137.18817558551493,0.0077114413,-0.10205023,0.80724496,-0.5350802,256.94876,256.94876
6199,122.55513251100027,146.4451130178659,0.064642824,-0.058172714,0.9489716,-0.51546055,273.3045,273.3045
6200,110.1569795787167,154.86007670475098,-0.08199133,-0.064142585,0.8599804,-0.5657255,211.09901,211.09901
6201,94.67185143219099,162.11485373160656,-0.07392172,-0.044577464,0.9127725,-0.5199124,222.62122,222.62122
6202,80.49532029329715,168.4436219460913,-0.043416306,-0.06469577,0.8632899,-0.5130917,177.89705,177.89705
6203,84.7960949271113,173.3560035423471,-0.017728696,-0.032300476,0.9445762,-0.37320164,177.60023,177.60023
6204,115.63813515155005,175.25842426469285,-0.025568614,-0.0967493,0.9447918,-0.41225573,193.78818,193.78818
6205,153.6225088645884,173.78472287749443,-0.04525137,-0.06794136,0.9816815,-0.382489,148.53552,148.53552
6206,171.7928451662601,170.67446925076078,-0.12977201,-0.25768825,0.8819906,-0.6421324,114.19329,114.19329
6207,162.67658246699384,166.24339113379588,-0.022368655,-0.14675337,0.9133345,-0.57270825,97.32378,97.32378
6209,138.9787258050671,157.82037762416417,-0.060318504,0.025477048,-0.9625664,-0.4028981,187.32753,187.32753
6210,118.74869384953872,144.32711558002757,-0.05503096,0.014163891,-0.93860936,-0.4064932,188.82304,188.82304
6211,112.51101028432171,129.94493463602106,-0.040880915,0.0118930265,-0.921814,-0.38137105,200.96959,200.96959
6212,118.3028673226847,121.01307968596441,-0.042503633,0.028133461,-0.9309846,-0.33626154,205.97102,205.97102
6213,127.01549540834658,120.10706374411878,-0.04938619,0.016980749,-0.9632416,-0.3032871,208.37842,208.37842
6214,131.6975085005635,124.19385778870281,-0.09699703,0.022525007,-1.0758805,-0.2936629,202.1584,202.1584
6215,131.38010794317964,128.4220025296942,-0.118283905,0.01626978,-1.1192226,-0.3021874,196.04291,196.04291
6216,128.7924097595614,130.3956071561511,-0.14657228,0.0037283704,-1.1722367,-0.34171957,187.97386,187.97386
6217,126.34673990327084,130.5536350399305,-0.15288667,0.0075405915,-1.1564959,-0.33455768,190.03189,190.03189
6218,124.00788498347067,130.57248346035632,-0.20604204,0.019218545,-1.2130749,-0.34252185,184.8597,184.8597
6219,121.09195274833436,132.35271382310518,-0.2101322,0.019036975,-1.2581036,-0.35032,177.64406,177.64406
6220,119.16970926026438,136.73706128858575,-0.19737901,0.0626897,-1.2251518,-0.31210375,177.83281,177.83281
6221,120.99530093387374,141.93177328841875,-0.17915219,0.06229613,-1.2171782,-0.303977,181.34937,181.34937
6222,127.1815806280249,144.67237952380577,-0.15870748,0.06332423,-1.164987,-0.2862478,193.40501,193.40501
6223,135.56819131783172,144.3701943908609,-0.10345841,0.06748021,-1.07007,-0.2773931,208.61649,208.61649
6224,143.04316338623002,144.22013217534075,-0.09231041,0.045368306,-1.0675328,-0.29848734,210.0047,210.0047
6225,147.3855011083509,147.2874771994378,-0.10312539,0.041289214,-1.0644492,-0.29636607,195.96516,195.96516
6226,148.18696807427796,153.06909149324522,-0.10435701,0.022571001,-1.1117454,-0.31454888,194.04776,194.04776
6227,146.61849399565622,157.84931109415146,-0.060663044,-0.021080937,-1.0500878,-0.40067357,194.41931,194.41931
6228,144.36321182600926,157.89751596588636,-0.083505735,-0.061738983,-1.0009174,-0.49258143,200.59088,200.59088
6229,138.7483624966277,149.51524799782808,-0.08187355,-0.021282518,-1.0803502,-0.42447072,203.05554,203.05554
6230,119.41339681156703,128.85254503110423,0.07457931,-0.113389775,-0.8535001,-0.62252676,206.48537,206.48537
6231,83.44099444448717,102.86425355188138,-0.029158022,-0.010590135,-0.93939245,-0.41775316,198.3819,198.3819
6232,50.760137847680255,90.68661999362298,-0.08264752,0.02822821,-0.9935043,-0.33985415,226.52441,226.52441
6233,46.576122548825374,101.549386465157,-0.09630736,0.024878055,-1.0041717,-0.4053079,226.51628,226.51628
6234,73.77055850912453,125.54096828295465,-0.1337109,0.010569088,-1.0581278,-0.43616217,209.7521,209.7521
6235,111.88899643640481,147.61355925135416,-0.14772366,0.019218212,-1.10157,-0.4196282,208.11844,208.11844
6236,137.50458967719143,158.3243499462034,-0.17379084,0.015737968,-1.1207198,-0.44952124,190.89136,190.89136
6237,142.2262689533498,156.22288116932256,-0.14792496,0.013468976,-1.0959009,-0.41572127,182.2312,182.2312
6238,133.64301509330653,147.12496503612658,-0.186128,0.008715224,-1.1637914,-0.37097767,184.01118,184.01118
6239,123.68806030708231,139.15274591359838,-0.21603586,0.040079672,-1.1892931,-0.39318782,163.89627,163.89627
6240,118.48489516846729,136.61322734508278,-0.21582839,0.033558115,-1.2047386,-0.379332,157.97826,157.97826
6241,115.4194549644027,138.74257812161565,-0.21782224,0.006406502,-1.2474949,-0.38490838,155.86754,155.86754
6242,106.7952559507898,142.66061120397296,-0.22484036,-0.0016426527,-1.2467552,-0.42754555,147.8827,147.8827
6243,91.38406247972735,145.98004205473293,-0.19625424,-0.017461605,-1.1803297,-0.5155167,154.7078,154.7078
6244,80.98070930059137,147.68655316751062,-0.16969077,-0.028313046,-1.1462195,-0.53235334,157.54257,157.54257
6245,86.31315348011051,147.62616019725147,-0.18107434,-0.01891212,-1.1379023,-0.53213567,158.4348,158.4348
6246,102.78898309579544,146.4012799625559,-0.1951795,0.043813992,-1.1701866,-0.45363352,159.36163,159.36163
6247,118.22564137132521,146.07993041795868,-0.18839876,0.05474433,-1.1816398,-0.41880593,166.10808,166.10808
6248,127.24406941577992,148.29430791251593,-0.3048552,0.13041006,-1.358492,-0.24668111,140.13602,140.13602
6249,133.643084033991,151.78366148884191,-0.23940262,0.09761876,-1.3303143,-0.2710247,151.61946,151.61946
6250,142.17024223589226,154.68639297654673,-0.23538855,0.09427286,-1.3251029,-0.2623931,150.81966,150.81966
6251,151.67750774111636,156.40949985081625,-0.22564784,0.09422871,-1.330147,-0.24408138,149.87825,149.87825
6252,157.80986189085084,155.8169434809451,-0.23402236,0.10939042,-1.287139,-0.286943,152.46846,152.46846
6253,159.2009704227201,151.63298759608753,-0.1710319,0.115427494,-1.2137471,-0.25911087,164.06615,164.06615
6254,157.84716713850807,143.30905149876722,-0.13668637,0.07196852,-1.1493721,-0.24399298,179.75508,179.75508
6255,155.45947531771645,132.08454861420876,-0.12872837,0.06341321,-1.1083472,-0.25576794,191.71152,191.71152
6256,152.44703912556304,124.97286208383039,-0.13540758,0.062912144,-1.1070559,-0.29012132,188.50063,188.50063
6257,148.3779887011071,130.54993369932117,-0.14765215,0.0014157814,-1.168076,-0.45231214,191.62653,191.62653
6258,138.66734927688407,146.64921964506473,-0.09338612,-0.07944998,-1.0675248,-0.56828856,194.80821,194.80821
6259,116.38265885656695,158.3450015722801,-0.12170535,-0.03588317,-1.1238904,-0.50241786,184.57082,184.57082
6260,85.93910785648302,150.61154773460876,-0.107941754,0.02114535,-1.1497025,-0.39023784,185.5848,185.5848
6261,64.54979978650574,126.57934852523577,-0.14671291,0.031676628,-1.1703112,-0.42162767,169.9956,169.9956
6262,62.09761068392862,107.44730023090668,-0.15621713,0.029446186,-1.2526864,-0.44488358,159.9235,159.9235
6263,69.92255252245069,103.86008382262912,-0.25216883,0.032376174,-1.3231715,-0.48136318,130.50116,130.50116
6264,76.13896370505114,105.88265471450579,-0.2927389,0.06974232,-1.3289565,-0.5688796,101.62181,101.62181
6265,83.17851385321613,107.68435666886161,-0.36356688,0.0739832,-1.2885128,-0.51009464,118.56874,118.56874
6266,98.56166395200077,115.47097643343098,-0.2321948,0.033630397,-1.1230799,-0.5142082,141.24672,141.24672
6267,119.0360842615272,130.04666878142362,-0.2681758,0.07788139,-1.2443336,-0.5084196,139.21732,139.21732
6268,135.63200428226065,140.39537974636153,-0.19228879,0.129075,-1.1293379,-0.32942292,152.32,152.32
6269,143.93644832753967,138.04524349364794,-0.11486766,0.08641442,-1.0104219,-0.3236151,157.29187,157.29187
6270,145.06267055438306,130.23486037671438,-0.17072907,0.08794355,-1.1023589,-0.35879207,160.1959,160.1959
6271,143.69079008545953,131.16633249182257,-0.13412052,0.09213303,-1.0465199,-0.36904302,166.08397,166.08397
6273,144.7824977040139,143.81037361747798,-0.33266348,-0.05855105,-0.49513155,-1.0133481,138.85692,138.85692
6274,148.0515277143171,157.70397820614397,-0.29387623,-0.043085586,-0.46972805,-1.0358081,150.7846,150.7846
6275,148.13676572389335,162.51119498046117,-0.37107307,-0.059609704,-0.6878429,-1.001619,122.29004,122.29004
6276,142.93597956087342,158.46782137172525,-0.5340732,-0.064004615,-1.0045232,-0.9829594,92.332855,92.332855
6277,138.50552779366973,153.6321335384757,-0.6387153,-0.058145113,-1.322795,-0.9233765,81.029274,81.029274
6278,142.38312672558655,154.55203540024138,-0.7740742,-0.10426501,-1.7095088,-0.90311223,65.503685,65.503685
6279,154.09520808576767,160.8524777840011,-0.8112674,-0.10595492,-1.824387,-0.9329682,64.92151,64.92151
6280,165.84739896661944,166.9761528561656,-0.81568134,-0.042347748,-1.8839962,-0.9895886,65.3255,65.3255
6281,170.9037646918581,168.52567593121958,-0.8860563,-0.01712738,-1.9032155,-0.8612036,58.877823,58.877823
6282,168.4636890077263,166.00865556850667,-0.7113685,0.14058767,-1.6106737,-0.858783,72.78494,72.78494
6283,162.51069866636055,157.63663138468445,-0.5874415,0.12302868,-1.4282746,-0.56870455,78.60116,78.60116
6284,158.34657790156197,136.4504368177932,-0.60643494,0.15698774,-1.5523152,-0.4765035,77.97034,77.97034
6285,158.6768872630324,110.13005686202777,-0.5193018,0.08020183,-1.4387845,-0.48319107,89.127945,89.127945
6286,161.0913097439953,105.0912723241768,-0.47691587,-0.026381971,-1.1695765,-0.80009204,89.411674,89.411674
6287,160.61046282845933,131.10326927028186,-0.5142568,0.005800881,-1.2653071,-0.75178486,83.915855,83.915855
6288,156.28292146609317,165.5272445958585,-0.5477118,0.033942904,-1.3612618,-0.7921716,78.30407,78.30407
6289,152.77864921893462,182.51091669374017,-0.5886319,-0.006356737,-1.4850641,-0.797283,72.2092,72.2092
6290,154.05667000714377,178.39731840716937,-0.61090857,-0.027634969,-1.4931693,-0.9866769,70.81058,70.81058
6291,158.83497123304684,167.2678479423557,-0.6055459,0.010379489,-1.4366018,-0.9035064,72.26378,72.26378
6292,163.0745655128012,162.68752662695138,-0.70767266,0.024669258,-1.5895755,-0.85516864,61.671608,61.671608
6293,164.21216066849863,166.41263726292885,-0.71610135,0.01415757,-1.5298077,-0.8214313,67.51664,67.51664
6294,162.57034491919168,171.61514994242555,-0.75107944,0.01628393,-1.5651678,-0.7799261,63.2506,63.2506
6295,160.07359179563738,172.87694947963956,-0.8126697,0.026121978,-1.6246538,-0.76730984,57.87328,57.87328
6296,158.66088917183737,171.13471106480665,-0.9017345,0.06055508,-1.6947228,-0.5859936,52.06275,52.06275
6297,159.8288469970781,170.3638634308369,-0.8689243,0.07285868,-1.6161823,-0.5843394,52.13151,52.13151
6298,164.18390200239983,172.0038411807868,-1.0410252,0.07794692,-1.8821186,-0.5873408,41.82091,41.82091
6299,170.3775778321844,173.81940061743768,-1.0054417,0.016796552,-1.7754582,-0.65894604,43.29662,43.29662
6300,175.41994884783813,173.2873932780247,-0.9570514,-0.020207748,-1.5376321,-0.79776204,46.58716,46.58716
6301,177.43169529302665,170.34663843246375,-0.8570902,-0.030534718,-1.3357364,-0.81333935,49.275326,49.275326
6302,177.41872416338308,167.01762661519757,-0.8401111,-0.058202013,-1.3205647,-0.86128074,50.32526,50.32526
6303,177.37912136261477,165.48373017966097,-0.8145896,-0.067225344,-1.3203311,-0.92396945,51.00779,51.00779
6304,177.65584842975792,166.3037494500538,-0.76714545,-0.12855515,-1.0388875,-0.9160804,57.55105,57.55105
6305,176.90749578315396,168.01712464874444,-0.8204453,-0.15146534,-1.1697227,-0.96131456,55.428677,55.428677
6306,174.17890001760904,168.66552020857338,-0.80519694,-0.18983074,-1.1819904,-0.96372336,52.607773,52.607773
6307,170.341787726357,167.6460586747089,-0.78899986,-0.21053804,-1.2576045,-0.9408211,51.709396,51.709396
6308,167.42482708049525,165.8677268021391,-0.71260357,-0.19863313,-1.0796576,-0.98358744,54.787045,54.787045
6309,167.04711674200493,164.71213137304295,-0.7544853,-0.14486057,-1.0999963,-1.0583838,55.630844,55.630844
6310,169.35325128366378,165.32018455219236,-0.7466107,-0.06261695,-1.201728,-1.2572447,54.199604,54.199604
6311,172.6176278331443,167.7087327943578,-0.7638998,-0.071388945,-1.2149857,-1.2683965,55.02522,55.02522
6312,174.1779295947809,170.14956126878275,-0.57891846,-0.07133169,-1.049542,-1.301669,58.701843,58.701843
6313,172.92558044777212,171.3159827771741,-0.5466869,-0.08228964,-1.0477351,-1.2421187,64.567635,64.567635
6314,170.49984547233984,172.43456617081236,-0.5245728,-0.08125123,-0.8436237,-1.2474427,67.49354,67.49354
6315,169.14680622162987,174.8572185651088,-0.46762908,-0.090846315,-0.72690326,-1.2549529,74.02467,74.02467
6316,169.3846517282268,177.4955519796846,-0.44170868,-0.09340297,-0.66834444,-1.2726644,78.68793,78.68793
6317,170.6358178193975,178.72609284176337,-0.42301044,-0.100642,-0.55244064,-1.2390401,82.05332,82.05332
6318,172.74647498037277,178.64661356397838,-0.42074028,-0.135042,-0.5542626,-1.2283539,83.37747,83.37747
6319,175.4580298652025,177.082259032866,-0.46787748,-0.11178196,-0.58945036,-1.2392412,80.27964,80.27964
6320,177.50097378987724,170.11724117023505,-0.4600924,-0.12474996,-0.57218146,-1.2128727,77.749275,77.749275
6321,177.61117281076775,154.23715210261312,-0.5682637,-0.21887597,-0.73327357,-1.1921427,60.602448,60.602448
6322,175.80165984550916,135.6250031952751,-0.6363122,-0.254075,-0.8223611,-1.0808383,51.94661,51.94661
6323,173.25369720917277,127.42604592922851,-0.7261269,-0.28047892,-0.9098932,-1.1577783,51.111538,51.111538
6324,171.52827539728443,135.40587875434824,-0.60180193,-0.2551408,-0.618771,-1.1194649,54.603672,54.603672
6325,171.56616651221032,151.85231701802016,-0.49744794,-0.21998475,-0.30081305,-1.167146,68.16629,68.16629
6326,173.04051187774283,163.97794539573164,-0.42691004,-0.13704477,-0.2583103,-1.0955205,77.74029,77.74029
6327,174.9019832319765,165.6227477927745,-0.4394259,-0.14470941,-0.27357763,-1.0550588,77.09353,77.09353
6328,176.39821105027596,160.72684919726836,-0.3884369,-0.12125391,-0.13558833,-0.99362034,83.87294,83.87294
6329,177.31424555134325,156.8535700423464,-0.33910698,-0.08665802,-0.046133414,-0.84802157,93.607216,93.607216
6330,177.61733156142478,157.55833626105232,-0.3852043,-0.12792723,-0.019005543,-0.93793285,85.87069,85.87069
6331,177.4085302825491,161.36068984760374,-0.3469747,-0.15650421,0.06432562,-0.8636802,97.29854,97.29854
6332,177.0873367979813,164.98718124383242,-0.2776851,-0.14424881,0.19280106,-0.8622687,114.31968,114.31968
6333,177.12057945670298,166.12470983824895,-0.26694492,-0.15580091,0.25968823,-0.96914464,106.52375,106.52375
6334,177.57650254680783,165.1585498422881,-0.32569715,-0.22045617,0.10040624,-1.0658568,89.32949,89.32949
6335,178.06673287452418,164.81842796108165,-0.33427605,-0.22099113,0.18151504,-1.0982878,82.37853,82.37853
6336,178.1241039736998,167.09081892123243,-0.29727226,-0.21561801,0.27397963,-1.0481602,82.171906,82.171906
6337,177.48969499520163,171.37715676637433,-0.3461113,-0.2656953,0.10358053,-1.1699228,62.709503,62.709503
6338,176.40987875503413,175.16398719555414,-0.19432954,-0.013501461,0.4303267,-0.5913779,79.5202,79.5202
6339,175.45398037981377,175.15869637914625,0.003971224,0.0645588,0.7132304,-0.58362365,105.75653,105.75653
6340,174.4991473481497,170.3907044481151,-0.0024255745,-0.026041368,0.7340666,-0.71462,104.578156,104.578156
6341,172.703850226284,164.2258123306673,-0.08071528,-0.097007744,0.62654597,-0.83544177,107.14747,107.14747
6342,169.6202475073138,160.7938605121051,-0.12025607,-0.15966137,0.55216444,-0.89092284,101.22341,101.22341
6343,165.3941410993079,161.72166845068767,0.08144227,0.04088365,0.8657871,-0.51721627,106.84752,106.84752
6344,160.22534654090168,166.35377847915572,-0.0999578,-0.11019256,0.6751897,-0.6125351,93.707756,93.707756
6345,154.24022438282265,171.73708362488645,-0.14705972,-0.09216609,0.51296324,-0.77514195,94.464806,94.464806
6346,147.82010468334371,173.64041522149063,-0.15913953,-0.10408952,0.50658804,-0.8169584,97.84639,97.84639
6347,142.78921912589874,169.52896946676665,-0.15386891,-0.09797388,0.52713954,-0.7821426,103.742256,103.742256
6348,142.8138876914249,159.87904322720325,-0.20037514,-0.08921805,0.4244859,-0.7464654,95.8383,95.8383
6349,148.8679069076612,146.97575476641146,-0.16925919,-0.031216858,0.561812,-0.5213576,112.75728,112.75728
6350,154.50406045954415,132.84900341918512,-0.14419337,-0.008395207,0.6329653,-0.53580886,114.71709,114.71709
6351,152.14245973060628,118.50467726937566,-0.11941942,-0.013231755,0.6399568,-0.5897773,117.27067,117.27067
6352,143.7742489826332,105.57785416825894,-0.14767903,-0.029112484,0.6114015,-0.5750659,117.17603,117.17603
6353,138.74093246636485,97.1672858878272,-0.15843685,-6.221336e-05,0.6901821,-0.4803205,118.708496,118.708496
6354,142.2021109084897,95.888203488985,-0.22196478,-0.030744,0.6202717,-0.50211143,115.6698,115.6698
6355,150.88414255718425,101.73528226715017,-0.20855474,-0.035701673,0.7025838,-0.46920064,131.66905,131.66905
6356,158.58751623890157,111.46209897376674,-0.20428996,-0.036609992,0.7618611,-0.43896592,146.98872,146.98872
6357,162.3712318962392,119.96798230841524,-0.13213573,-0.040861703,0.8485122,-0.35701638,161.02318,161.02318
6358,163.74016567510407,123.63255497882777,-0.14563824,-0.039331358,0.8641673,-0.34778705,166.0462,166.0462
6359,165.3603878099309,122.93545875322184,-0.13160719,-0.044027682,0.9458822,-0.33559793,179.31252,179.31252
6360,167.43704568986675,121.32704317546344,-0.11083563,-0.05016298,0.93170303,-0.35341892,201.09135,201.09135
6361,167.665101813585,121.28554252183295,-0.0872714,-0.04458499,0.95073843,-0.3107977,235.06516,235.06516
6362,164.00080461260004,122.29772100450695,-0.10628073,-0.045708653,0.9335541,-0.35005987,233.93338,233.93338
6363,156.69175579597186,123.08203151789608,-0.0736791,-0.04678809,0.94246846,-0.3443131,246.063,246.063
6364,148.1690307921972,124.3773236851653,-0.055300575,-0.042384427,0.9823913,-0.3502791,222.70537,222.70537
6365,141.2597862913872,127.39283423104253,-0.037926365,-0.015694713,1.0084383,-0.23755985,241.64064,241.64064
6366,135.83203007733795,129.79387724981552,-0.04242377,-0.015493601,0.9867933,-0.19848643,248.65947,248.65947
6367,128.29261633659243,127.85955917574947,-0.016557727,-0.03620005,0.9726636,-0.16147445,225.50351,225.50351
6368,116.60421456575868,123.41197587560973,-0.04483175,-0.047673732,0.97994065,-0.22559406,239.75003,239.75003
6369,103.022831795731,122.32217694616932,-0.024772787,-0.024894597,0.9515723,-0.38277942,229.49297,229.49297
6370,93.49441257471356,126.78422505384597,-0.017149689,-0.06700784,0.93256676,-0.5108397,203.48744,203.48744
6371,95.35103502000808,134.86419426575102,0.012575173,-0.09671975,0.91235924,-0.6688099,196.66882,196.66882
6372,109.17107714902532,144.52016125827012,0.07566524,-0.10008738,0.98122644,-0.63616365,198.90791,198.90791
6415,126.76829677702585,153.4397402534381,-0.06544236,0.085155606,-1.0180907,-0.1298412,128.03351,128.03351
6430,141.744312724429,157.37291305076502,-0.04699036,0.01295738,-0.10059001,1.0167792,232.44211,232.44211
6431,153.85279256724164,153.47383972489726,0.0048369863,0.0007630455,-0.00047545618,0.98314387,221.40923,221.40923
6501,162.29925977860486,146.76805242725376,0.10335422,-0.044744413,0.5714825,0.75683826,186.74725,186.74725
6518,162.70664306986342,146.90173735958413,-0.011079318,0.011908113,0.08699837,1.0025666,146.74336,146.74336
6519,152.6281147114206,154.5768671713229,-0.041717123,0.013417897,0.017150056,1.0336223,139.82744,139.82744
6520,137.93276709867263,159.51237298660442,-0.06949596,0.006268686,-0.048858892,0.98324615,125.18237,125.18237
6521,130.47225677228747,155.50202732742179,-0.055837307,0.002834931,-0.09184261,0.9893174,119.554306,119.554306
6522,137.2379946837249,147.6439584477277,-0.06450268,0.0035803595,-0.110733055,0.9975551,124.59809,124.59809
6524,149.54956172070652,142.1175503898707,-0.11485131,-0.098001935,-0.07003337,-1.0587536,142.48251,142.48251
6525,146.10438856201736,140.52592508433247,-0.13010918,-0.064676985,-0.059378862,-1.0610788,129.00836,129.00836
6526,120.80350291021139,144.8729802442312,-0.08771759,0.0023223532,-0.05918984,-0.9886476,119.87037,119.87037
6527,99.98678372283223,156.31637746675952,-0.10006592,0.019472513,-0.10490457,-1.0179985,119.07999,119.07999
6528,110.04845611265887,170.08899946086706,-0.046863317,0.021575483,-0.032884505,-1.0109805,98.93839,98.93839
6529,141.64516447102483,178.69518164782068,-0.05515257,-0.013961732,-0.058612783,-1.0231813,104.009186,104.009186
6530,165.1183162551531,179.21459231602608,-0.05157438,-0.012785974,-0.041784815,-1.0199498,101.65864,101.65864
6531,167.66694238863525,173.60405715104125,-0.06513801,0.002032929,-0.051232975,-1.0339813,95.594055,95.594055
6532,160.7140712265545,163.01660770679263,-0.11280549,-0.02059688,-0.14808537,-1.0708354,95.86341,95.86341
6533,158.50547914965563,150.4097728608619,-0.039981578,-0.04628693,-0.038620535,-0.99177694,95.60831,95.60831
6534,163.71847748345547,145.3371436682737,-0.02947989,-0.003024784,-0.075216986,-0.95715326,98.65196,98.65196
6535,171.6704970665326,153.65113527918413,-0.03632005,0.0017209407,-0.111296326,-0.99486214,113.49171,113.49171
6536,177.67142515165654,168.24188086995034,-0.055409566,-0.015344575,-0.12051601,-1.0057614,108.79236,108.79236
6537,175.5324642054041,177.6962903621523,-0.09908358,-0.03961364,-0.19617034,-1.0273771,100.8613,100.8613
6538,153.7631002326782,175.49282523313045,-0.09411737,0.016373793,-0.19209845,-0.9722255,107.99267,107.99267
6539,113.24452750790678,160.56498959741157,-0.039261665,0.01061795,-0.065971345,-0.9876658,105.176636,105.176636
6540,84.92187122536383,142.22389558530708,-0.023415899,0.005518118,-0.0366789,-0.9713725,103.97213,103.97213
6541,98.66723153033526,138.39716305262655,-0.028491514,0.015855089,-0.04097399,-0.9727427,97.929016,97.929016
6542,143.55713475003122,154.95023406676145,-0.05560942,0.0046239267,-0.0672788,-0.99243486,95.81774,95.81774
6543,183.28289684425832,177.36254772609757,-0.0240712,0.0099354945,-0.0084051415,-0.9679275,96.97564,96.97564
6544,196.45434333386052,189.10533740597344,-0.015822943,0.012667319,-0.02820475,-0.97924024,96.67953,96.67953
6545,188.77556043675352,187.01574103877272,-0.03581594,0.005645276,-0.054594427,-0.9814289,96.397316,96.397316
6546,177.3735423622064,178.33504156499762,-0.050908025,0.0004867887,-0.072437055,-0.9996482,99.99316,99.99316
6547,173.10999700860697,170.97100582521574,-0.050805822,0.007966701,-0.07249365,-0.9742092,99.88016,99.88016
6548,175.85059566320518,168.18101659716407,-0.0860002,-0.0038721785,-0.1376384,-1.0032667,93.25086,93.25086
6549,180.112742651541,168.92723028638196,-0.06384534,0.0012399089,-0.11234455,-0.98118603,98.00801,98.00801
6550,181.79797120925193,170.8574526697248,-0.059073113,-0.0034020422,-0.11784368,-0.99698997,102.28016,102.28016
6551,180.61387543201687,172.73762326157612,-0.07250086,-0.0065419697,-0.14418417,-0.995156,98.39655,98.39655
6552,178.25515841959736,174.24943721759246,-0.11052103,-0.011647604,-0.22991158,-1.0173388,91.291214,91.291214
6553,175.67814244831172,174.82781929471457,-0.058733877,-0.0052094376,-0.12126865,-0.9951662,95.710175,95.710175
6554,173.03022442380023,174.24444712978692,-0.053164795,-0.005517852,-0.12757595,-1.0213463,108.93265,108.93265
6555,171.39763690741972,173.69248819139688,-0.080725685,-0.008586108,-0.19085062,-1.0003628,97.54768,97.54768
6556,172.1499554840186,174.56158306303743,-0.076901115,-0.007298381,-0.19376019,-1.0162147,100.56309,100.56309
6557,174.41547978587144,176.20849740788745,-0.07880896,0.0036098703,-0.18311764,-0.9853366,94.08375,94.08375
6558,175.46220279736272,176.5112312413957,-0.051202092,-9.303531e-05,-0.16959949,-0.9679935,98.078415,98.078415
6559,174.0338949997513,174.99419546790972,-0.0647093,-0.0031966849,-0.17723773,-1.0118899,98.09166,98.09166
6560,171.8252943689418,173.7655463125509,-0.04203034,-0.003407435,-0.1333566,-0.9844877,95.87583,95.87583
6561,170.2349684385505,174.44159828940738,-0.104068436,-0.013607636,-0.25667846,-1.0085185,96.852394,96.852394
6562,167.46534495541553,176.10604988949285,-0.060956314,-0.00707395,-0.16082036,-1.0051804,90.46623,90.46623
6563,162.9926639114932,177.11159789740708,-0.08205413,-0.003883751,-0.19525911,-1.0013885,87.95975,87.95975
6564,161.5864583215328,176.95498472307744,-0.07114228,-0.005096642,-0.19503213,-1.0048933,85.92467,85.92467
6565,166.88520704348855,176.35730915536004,-0.12013017,-0.00047707575,-0.35121807,-0.9906721,79.64015,79.64015
6566,175.07352304385265,176.1893290829083,-0.1086673,0.01421548,-0.31670567,-0.99708205,88.14055,88.14055
6567,178.5391237119488,173.92644261796622,-0.16076931,0.035870567,-0.35592848,-1.0224117,87.081345,87.081345
6568,172.80256074244633,162.6362453088251,-0.14849268,0.028137436,-0.3503121,-1.0129327,85.37349,85.37349
6569,159.90562413464104,139.80350307894315,-0.13227232,0.021781465,-0.30397433,-1.07473,83.62067,83.62067
6570,146.40046354296257,114.07961012282999,-0.13674755,0.03459826,-0.3526483,-1.0436687,77.71259,77.71259
6571,136.85789357831428,96.86075069518768,-0.11377613,0.015105501,-0.3286942,-1.039853,80.726974,80.726974
6572,129.79042765894744,90.93780357059005,-0.080833994,0.022611134,-0.26126975,-1.0395932,83.91981,83.91981
6573,124.53902360425228,93.30421778172058,-0.10332123,0.000413297,-0.313342,-0.9968943,86.465866,86.465866
6574,128.08500574115186,105.92786784424727,-0.11622591,0.016119557,-0.30412683,-0.99995494,80.90599,80.90599
6575,141.14832889256283,128.52118670231073,-0.11417467,0.030113226,-0.3396847,-0.96076703,72.90802,72.90802
6576,144.8995432192611,144.04532185234302,-0.14103302,0.0059269792,-0.37920702,-0.96655315,79.95767,79.95767
6577,124.22666550496295,138.2102506661455,-0.13440466,0.02156245,-0.3742648,-0.9413219,75.56347,75.56347
6578,95.52579583946913,124.05357888768074,-0.22363435,0.021491561,-0.50239307,-0.9688177,75.60894,75.60894
6579,87.69108068638965,123.36481256211448,-0.18699692,0.020143539,-0.44750386,-0.96775866,74.69282,74.69282
6580,103.93431167912803,138.11356720941455,-0.14724523,0.017754797,-0.39920148,-0.9513497,70.60805,70.60805
6581,121.18886556952037,151.6575804187019,-0.11729287,0.02232962,-0.34783736,-0.96428406,78.81063,78.81063
6582,125.41021029520613,151.9953780370211,-0.08908455,0.026202977,-0.29545772,-0.94611305,82.48593,82.48593
6588,128.65734728771938,146.66439206242526,0.020388385,0.03779979,-0.87682414,0.4025911,74.089195,74.089195
6589,141.3104418047132,146.4663917945324,0.00037071217,0.02377061,-0.9229468,0.328856,69.97327,69.97327
6609,150.85861684670394,146.7118720542292,-0.0034618238,0.07796391,-1.0268539,0.19720325,136.51625,136.51625
6610,145.18452259083665,140.31445930273998,-1.8051749e-05,0.08313918,-1.0366203,0.12449435,131.86374,131.86374
6611,135.15848327240224,134.48436862248053,-0.011517258,0.07256665,-1.0473825,0.0014599733,131.81326,131.81326
6622,138.41150941420182,139.94157146375784,-0.002364952,-0.051261034,1.0136304,-0.13223197,235.26756,235.26756
6623,155.08796771849703,153.98811819627898,-0.010620265,-0.06599315,1.0218127,-0.13071409,194.2042,194.2042
6624,170.95535475139985,162.01622025374175,-0.043677833,-0.07835767,1.0099669,-0.14524102,176.85982,176.85982
6625,176.51553593251867,153.95754224353587,-0.04595239,-0.06542103,1.0187644,-0.120598584,178.90672,178.90672
6626,174.75758823920398,138.32325056061396,-0.0034543823,-0.0020803064,0.97836185,-0.058584824,175.50525,175.50525
6627,173.17395304728024,134.77292897524478,0.004156596,0.015752444,0.95551354,-0.06527791,168.8358,168.8358
6641,171.75639506469722,147.7686586081446,-0.0400476,0.0169872,-0.36936465,-0.9465552,76.31909,76.31909
6642,160.2044348247491,156.633414512744,-0.07318585,-0.07713652,-0.16231968,-1.0681995,60.06703,60.06703
6643,134.9323979532124,144.7618664659821,-0.021564042,-0.20939428,-0.12005081,-1.1806867,62.274757,62.274757
6644,113.27577869442945,124.94181352647018,0.011826415,0.07576556,-0.12941362,-0.89994526,68.6144,68.6144
6645,114.24217731735988,118.85715304894549,-0.00520571,-0.048693124,-0.16364798,-1.0236946,68.964424,68.964424
6646,134.80768058159614,130.15524732247874,-0.019133199,-0.028924866,-0.21498558,-0.90785956,64.135216,64.135216
6647,157.1167939084766,148.79899484826834,-0.06006872,0.008266841,-0.27799842,-0.93069214,73.38092,73.38092
6648,167.86040471756127,164.9513972207835,-0.16395465,0.019964868,-0.5010951,-0.98112327,65.07403,65.07403
6649,166.44265924973723,173.6630510596526,-0.18507251,-0.038100976,-0.55896306,-1.0069586,52.536945,52.536945
6650,160.53920959944986,174.7974589610515,-0.13457814,0.013432986,-0.35020998,-1.0053933,65.88332,65.88332
6651,156.4896900873034,171.71930270342654,-0.13877767,-0.0024085836,-0.25694633,-1.0565499,68.85064,68.85064
6652,155.0636702838017,167.98734983741116,-0.07294507,0.0064767357,-0.023784166,-1.0631781,61.932903,61.932903
6653,153.96312050728625,164.02417765360795,-0.21976441,-0.006998229,-0.27010733,-1.0654165,57.28291,57.28291
6654,150.9140563863383,157.895286559814,-0.20889877,0.006195081,-0.22529109,-1.0576419,57.58609,57.58609
6655,145.37604987076062,149.85468681630024,-0.20177604,-0.022704761,-0.17841506,-1.0749754,55.713142,55.713142
6657,139.9017096921735,144.90806855508748,-0.28268915,-0.11689927,-0.13578458,-1.036909,74.21378,74.21378
6658,139.32361849562764,148.02326517416645,-0.4859166,-0.20528662,-0.54091877,-1.216418,53.641148,53.641148
6659,145.66461033611924,156.66684792081995,-0.64616764,-0.24546929,-1.0081736,-1.2942237,40.532413,40.532413
6660,154.71973441533962,163.32660558751493,-0.5929443,-0.2080724,-0.9005954,-1.2687594,41.208157,41.208157
6661,160.6618077923839,165.87561076402005,-0.6765795,-0.19548987,-1.0654708,-1.3223225,34.924065,34.924065
6662,161.9404390157688,168.52956464717224,-0.65933186,-0.17739856,-1.1556567,-1.2160851,36.76142,36.76142
6663,160.67574788056072,173.3391325314905,-0.60677713,-0.10493968,-1.0493044,-1.077198,44.914837,44.914837
6664,158.76640992715159,177.81157800922142,-0.5622545,-0.07169139,-1.1129426,-1.0339485,49.90926,49.90926
6665,155.97419180020094,179.26334956351963,-0.38191125,-0.07398053,-0.86215746,-0.9501539,59.626827,59.626827
6666,151.22062476728127,176.31911845927218,-0.25742212,-0.08219639,-0.5439995,-1.034166,61.545372,61.545372
6667,145.22317732812567,167.83954622613268,-0.35143963,-0.08256147,-0.7213836,-1.0345495,62.90775,62.90775
6668,140.52612022449415,154.73585601522194,-0.35144407,-0.09488625,-0.78825784,-1.0401055,72.02131,72.02131
6669,138.39213358424675,143.44206535773313,-0.3548368,-0.064976,-0.86317563,-1.0053982,80.12837,80.12837
6670,137.7328252477367,142.02341808045202,-0.3433687,-0.06986544,-0.9541935,-1.0503007,79.11456,79.11456
6671,137.13738752565308,150.18531455261828,-0.38510928,-0.07181124,-1.0021623,-1.0673394,75.6488,75.6488
6672,136.22561064169838,159.11162994402963,-0.41427013,-0.046629775,-1.1241759,-1.0313224,71.5586,71.5586
6673,135.98168554662251,162.57986435535588,-0.61495227,-0.0013730185,-1.5019169,-0.8765437,56.8335,56.8335
6674,138.06600464916056,163.17314084935478,-0.45690268,0.028258694,-1.2637889,-0.85151064,62.97538,62.97538
6675,143.13184301368662,166.04684209419307,-0.49434352,0.09636163,-1.1715355,-0.69291997,66.377144,66.377144
6676,149.56763302244516,171.14763175835787,-0.45139962,0.06917575,-1.034941,-0.7654074,72.94978,72.94978
6677,154.09328548996328,175.14975074516764,-0.38476267,0.052845635,-0.84731644,-0.85479283,81.902435,81.902435
6678,155.12856643613247,176.17198842291623,-0.31962463,0.0038806929,-0.8173911,-0.9130157,92.865395,92.865395
6679,153.91972016118908,173.15847426765697,-0.3147408,-0.001215874,-0.78405625,-0.93875873,97.15936,97.15936
6680,151.23441543603852,165.7701977016137,-0.37594676,-0.050978325,-0.7763914,-1.0357901,85.74835,85.74835
6681,147.3045326772132,156.74389618208176,-0.42293236,-0.05688279,-0.86429834,-1.0187348,80.191086,80.191086
6682,144.69296233293827,150.43133020460724,-0.46150666,-0.051149074,-0.9143793,-0.9664141,75.18021,75.18021
6683,146.07855340629442,148.82685525296552,-0.48273942,-0.04486372,-0.8874727,-0.9420644,77.040634,77.040634
6684,150.19941830044576,150.7991733817502,-0.5550535,-0.072130986,-1.0701975,-0.87065375,66.05677,66.05677
6685,153.33240858737548,154.05887685613862,-0.5154592,-0.09463399,-1.0110993,-0.9069969,69.38998,69.38998
6686,153.79410437360647,156.99321578106213,-0.5974991,-0.08069421,-1.1307708,-0.94112027,70.614876,70.614876
6687,153.720531601507,159.3351910978076,-0.5693101,-0.06448108,-0.97803277,-0.94426024,70.36768,70.36768
6688,156.372566050149,161.26228991268454,-0.5408538,-0.10707166,-0.992404,-1.0943564,68.20418,68.20418
6689,161.61094241022806,162.29998614384286,-0.5233426,-0.06898298,-1.0065421,-0.98026454,69.423386,69.423386
6690,165.73375219288562,161.15547588675938,-0.6376959,0.11538803,-1.291843,-0.84206057,62.87829,62.87829
6691,166.69856035852476,155.43875633713932,-0.58238834,0.13935535,-1.2316751,-0.62685156,63.008114,63.008114
6692,166.8270515215716,144.56574538415455,-0.54612094,0.13796015,-1.3253149,-0.46621028,67.5162,67.5162
6693,169.0439513412982,135.07309561057806,-0.5781276,0.08245839,-1.242679,-0.55158347,65.19438,65.19438
6694,173.20216372747277,137.18089316045786,-0.5352687,0.015561706,-1.2203698,-0.7294002,69.90034,69.90034
6695,177.18690331257528,152.72495482813127,-0.53221184,0.046385217,-1.064405,-0.8417082,68.519325,68.519325
6696,179.3056918411187,171.09154189219453,-0.454497,0.09249008,-1.0173633,-0.845421,75.26013,75.26013
6697,179.01321635539864,180.66082861953353,-0.52683336,0.10050497,-1.1945179,-0.8264982,72.00395,72.00395
6698,176.98732375219635,180.13400531148253,-0.5112538,0.08605243,-1.039184,-0.93452704,90.126625,90.126625
6699,174.73576202144451,175.7880826832964,-0.43432823,0.024231859,-0.92794865,-0.9769467,96.52034,96.52034
6700,172.96555744910282,173.17170898402932,-0.4929207,-0.023345174,-1.004463,-0.97517645,86.605484,86.605484
6701,171.0516608081254,173.5598673385501,-0.49642926,-0.027593689,-0.9959947,-1.0080073,85.68996,85.68996
6702,169.0463273709793,174.74412256947505,-0.5206848,-0.058119293,-1.0364301,-1.0477529,81.86288,81.86288
6703,168.29323278187698,174.42989902800397,-0.58545905,-0.06178552,-1.116846,-0.9931784,74.305984,74.305984
6704,169.4003616674384,173.06885165890358,-0.66491413,-0.03936332,-1.1547743,-0.95360553,69.29991,69.29991
6705,171.4727522467742,172.67420716832572,-0.6103384,-0.06987668,-0.9450534,-1.0318049,74.452805,74.452805
6706,173.286245269349,173.90865977590514,-0.60295576,-0.07585827,-0.75877017,-1.0093815,79.77475,79.77475
6707,174.31366603433577,175.6832918848006,-0.54372925,-0.08442652,-0.50150573,-0.9703166,89.728195,89.728195
6708,175.04143918218668,176.86898828994092,-0.47149915,-0.083599545,-0.47142905,-1.0078404,95.77242,95.77242
6709,176.1855311038636,177.0549067637604,-0.4859392,-0.089150116,-0.5315508,-1.0375085,94.34352,94.34352
6710,177.6008052755605,176.16396639880983,-0.50059694,-0.11924079,-0.4142864,-1.0470884,95.70105,95.70105
6711,178.58952679222668,174.36713840132975,-0.4950093,-0.15456365,-0.31545803,-1.0770751,100.12278,100.12278
6712,178.67323221941348,172.07833811534806,-0.4741509,-0.15022828,-0.24909681,-1.0486937,104.09065,104.09065
6713,177.78384308605786,169.92404434889986,-0.50173646,-0.24055494,-0.37466267,-1.0682025,89.79253,89.79253
6714,176.55196247466503,168.84495535483416,-0.5845925,-0.2841441,-0.61633354,-1.0958607,80.41031,80.41031
6715,175.96547941571365,169.51473252624766,-0.47608307,-0.2451159,-0.41924664,-1.1120635,90.49537,90.49537
6716,176.1211923320592,171.42013818229734,-0.5331368,-0.26683244,-0.4814887,-1.1807911,85.633255,85.633255
6717,176.151574450726,173.1095065102703,-0.56405044,-0.23531038,-0.5378112,-1.2104691,81.50895,81.50895
6718,175.25656164165417,173.464317625626,-0.5339621,-0.25296932,-0.4903761,-1.2391143,82.9841,82.9841
6719,173.3894206168754,172.33315872448074,-0.62531656,-0.31622255,-0.70506513,-1.373197,65.65434,65.65434
6720,171.7114915444566,170.25364297737306,-0.4109002,-0.25940588,-0.27029496,-1.2811089,94.78893,94.78893
6721,171.7354456094043,168.22872158205865,-0.35295203,-0.26149756,-0.046550736,-1.2089652,108.19113,108.19113
6722,173.4378918173605,167.18105286434513,-0.28031597,-0.22007316,0.048139516,-1.2537578,130.49915,130.49915
6723,175.39141280963466,167.4179965791843,-0.26499733,-0.23242238,-0.012613377,-1.2220002,137.86092,137.86092
6724,176.28313238429757,169.18319543445787,-0.25160682,-0.19456922,0.05989682,-1.1680403,148.521,148.521
6725,175.15275278609926,172.44550022467732,-0.24275744,-0.197486,0.041697778,-1.1769507,143.34512,143.34512
6726,172.09148192018958,175.58853994191554,-0.24496774,-0.15343173,0.099800065,-1.1040763,142.1843,142.1843
6727,169.50346807348257,175.71884679985078,-0.25746375,-0.1502353,0.02879139,-1.1426425,145.59966,145.59966
6728,169.70521023351134,170.19183676590956,-0.23131727,-0.13589858,0.04315236,-1.0341831,155.84967,155.84967
6729,171.79516670945318,157.65697880277006,-0.239701,-0.12488778,0.083636574,-1.0012822,147.02383,147.02383
6730,173.531869659165,139.78906175944192,-0.25060087,-0.14614967,0.061761484,-1.0217916,146.29803,146.29803
6731,174.48520976852555,123.21277520691598,-0.30782878,-0.14178571,-0.054478828,-1.0544877,141.84033,141.84033
6732,175.47600206246307,116.11044350591409,-0.28775233,-0.12603658,0.12235884,-1.0635685,152.98839,152.98839
6733,176.48129641576534,120.2562813854859,-0.3425969,-0.072832525,0.06460252,-0.9633291,143.02078,143.02078
6734,176.62243625893856,129.4067160352228,-0.26861972,-0.04346055,0.28751758,-0.8111627,168.98,168.98
6735,175.41547924338488,136.199394954233,-0.2848927,-0.036026604,0.28118384,-0.8063212,168.0048,168.0048
6736,173.2865338909653,138.0146216464052,-0.20720172,-0.027236853,0.45675907,-0.7385293,184.65044,184.65044
6737,171.80593334568647,136.89537420448715,-0.17546391,-0.02762917,0.56106764,-0.71008104,196.98512,196.98512
6738,172.80587708041799,136.02797714494767,-0.18411706,-0.00924256,0.60460246,-0.68899417,197.78763,197.78763
6739,175.9246730582926,136.71862899152646,-0.16401242,0.015939064,0.64823633,-0.524688,196.78291,196.78291
6740,178.18794163615712,137.6405145161899,-0.16582765,0.006414829,0.65669996,-0.50068444,207.72012,207.72012
6741,176.94382015803254,136.6514551870158,-0.21565662,0.0045740167,0.6085479,-0.5141095,197.86981,197.86981
6742,172.3962015163576,134.17500858849687,-0.26812163,-0.03654144,0.5343869,-0.589716,173.17084,173.17084
6743,167.04008298477368,133.6318347668576,-0.2130243,-0.061927114,0.59841233,-0.55437994,180.70175,180.70175
6744,162.96629722200674,137.12313371222297,-0.26310724,-0.08305524,0.56313187,-0.6059131,169.93195,169.93195
6745,159.90821457212738,142.17488698609307,-0.2523584,-0.1146553,0.53804314,-0.60246253,170.4354,170.4354
6746,156.20985064572082,144.2634298213314,-0.18905585,-0.08888733,0.62783295,-0.5722972,191.67223,191.67223
6747,150.64613060146453,141.58690102641125,-0.1494072,-0.08610289,0.6091188,-0.4982441,201.10197,201.10197
6748,142.87561325043393,136.5464400209363,-0.03313995,-0.074215524,0.87106836,-0.47925478,226.15086,226.15086
6749,134.57145252387335,133.5460523224992,0.020365763,-0.08531448,0.9213085,-0.5086733,192.66487,192.66487
6750,129.51906204601545,135.5237336465048,0.0354641,-0.07623154,0.9406388,-0.47574055,197.62364,197.62364
6751,129.393151167777,141.93597094270098,0.025149839,-0.072213076,0.9442718,-0.47212452,225.32431,225.32431
6752,131.130723458949,149.99865763714345,0.0013166018,-0.0649067,0.88930005,-0.47173056,234.85013,234.85013
6753,130.84123879673993,156.98260085365797,-0.001576007,-0.060851995,0.87860477,-0.56896365,247.81868,247.81868
6754,127.99155082377982,160.82645777574115,-0.012369345,-0.05288336,0.8103976,-0.5915247,251.37257,251.37257
6755,124.52115318583026,159.98130818532863,-0.0006154883,-0.049826283,0.8239748,-0.5804616,260.21008,260.21008
6756,122.06824530525503,153.65260326984315,-0.022599611,-0.058604054,0.80448145,-0.5630597,266.6958,266.6958
6757,120.93336504966149,142.5331306852345,-0.03687322,-0.059636243,0.805383,-0.5746377,257.34326,257.34326
6758,120.81178786762736,129.23655786985088,-0.01993827,-0.030334419,0.8999902,-0.46609658,263.71375,263.71375
6759,120.99532475009678,116.64769480547409,-0.032685544,-0.03337289,0.91490334,-0.42860323,252.9859,252.9859
6760,119.99704386536617,107.0522644954588,-0.06574772,-0.031878468,0.9012093,-0.35611764,235.18333,235.18333
6761,118.56491805470515,103.11073623017228,-0.06530272,0.012420909,0.95021826,-0.30293185,243.93604,243.93604
6762,120.95547350536081,104.59931262548542,-0.0564629,0.009130607,0.9853901,-0.34699917,239.37827,239.37827
6763,128.5761413426332,106.20801966214604,-0.082312815,-0.041176636,0.907874,-0.44147325,242.88211,242.88211
6764,136.7794246321368,104.63277243486166,-0.046427436,-0.04846797,0.98344266,-0.4128443,275.1243,275.1243
6765,140.40094338211844,104.1510716317479,-0.01786555,-0.036728468,0.99106133,-0.35194227,273.2405,273.2405
6766,138.24158075184204,111.66629504158678,0.016877979,-0.03720646,0.98587424,-0.34008193,275.73257,275.73257
6767,132.59111904492667,129.19255961493207,-0.008465276,-0.036628265,0.9939124,-0.34893537,267.7384,267.7384
6768,128.76017691530137,150.7335549849459,-0.08238997,-0.03416734,0.9691343,-0.31888655,259.75546,259.75546
6769,132.9701252450256,163.84329337250333,-0.09402843,-0.031240687,0.98430413,-0.2742811,242.15323,242.15323
6770,144.4808046464931,159.04336171316538,-0.050641924,-0.012943255,1.0330154,-0.24128607,230.95337,230.95337
6771,152.50497426166334,140.83298318194,0.043121688,0.04806845,1.1605401,-0.15934937,213.50995,213.50995
6772,147.67463375737276,123.6082509715722,0.04064465,0.04149146,1.1876476,-0.15432875,215.4727,215.4727
6773,134.02255474600872,117.32436322478551,0.025789717,0.030482458,1.2092922,-0.101194054,204.63449,204.63449
6774,124.11418431392124,121.64373295070543,0.10415101,-0.04319386,1.1908696,-0.22208114,199.08344,199.08344
6775,125.20476105657133,130.4822775999301,0.11792806,-0.06688204,1.1190633,-0.32667843,202.54193,202.54193
6776,134.35557682600793,138.30546156813813,0.09833274,-0.05780837,1.1866193,-0.30958804,181.38226,181.38226
6777,143.80123951332874,142.56990609921462,0.08485569,-0.038377933,1.0845687,-0.25331923,155.8842,155.8842
6778,147.43089181753388,143.11968992542057,0.006225464,-0.029096588,0.788716,-0.33447394,119.53175,119.53175
6779,144.25974517870688,142.72458663784812,0.070111066,-0.034707647,1.0453817,-0.43034878,130.7078,130.7078
6780,138.39929484878985,146.38309433914563,0.05961516,-0.029926524,1.0724851,-0.51594955,145.9905,145.9905
6781,134.7884199695421,155.55330105294797,0.07280158,-0.030445866,1.0255641,-0.5650432,134.12016,134.12016
6782,134.6643967541702,164.72420822515332,0.044653293,-0.04495117,0.97931355,-0.52937937,136.36148,136.36148
6783,136.14490916681424,166.95821543077201,-0.01352423,-0.029344473,0.8260702,-0.51511234,97.90552,97.90552
6784,137.17054942843077,161.56533558765534,-0.002278228,-0.083006084,0.7488316,-0.64043576,97.946526,97.946526
6785,136.59425268381833,154.50854061139853,0.06462519,-0.036955733,1.0007544,-0.56126404,118.92494,118.92494
6786,134.99599429089528,151.25828024980953,-0.0013454101,0.12735629,0.9057738,-0.24295017,98.352325,98.352325
6787,135.24702979049485,152.2680771320594,0.13119864,0.029939307,1.1951598,-0.52928346,94.219345,94.219345
6788,139.87174182349096,156.0667025063534,0.10441552,0.012443457,1.0449708,-0.5487517,105.22206,105.22206
6789,148.40233468458175,161.8285814311667,0.087211154,0.000678111,0.946428,-0.6630147,86.31731,86.31731
6790,158.904666885511,168.53100835832083,0.050515305,-0.04006835,0.74896044,-0.7563536,70.35403,70.35403
6791,169.24542945020718,174.64234473036973,0.100434825,-0.06696508,0.81725013,-0.74327564,64.40562,64.40562
6792,176.00107532463997,178.25875539779852,0.0059396927,-0.052291628,0.6665152,-0.84789336,47.833897,47.833897
6794,175.46577874467226,177.7657282704133,0.049801663,0.18744192,-0.8569645,0.61955184,58.281727,58.281727
6796,167.69562091366225,173.8095101366442,0.01314824,0.037767936,-0.9759932,0.093552284,201.91183,201.91183
6797,159.22722151896602,169.72015798750115,0.0020582858,0.03394726,-0.98100054,0.106341705,190.01895,190.01895
6798,158.1080000383312,168.6755539633089,0.01177018,0.033371776,-0.9606425,0.12004955,176.5481,176.5481
6799,164.62494352166195,170.90844335450126,-0.09306077,0.015871326,-1.1113025,0.11308651,149.57556,149.57556
6800,170.18965026062165,172.44878464661988,-0.112404786,0.01290569,-1.1781987,0.12371558,130.9762,130.9762
6801,164.49646599664916,165.52624887317472,-0.17452465,0.056698974,-1.31839,0.22622706,89.2701,89.2701
6802,145.0151354772186,146.24863380003907,-0.111205965,0.1166045,-1.1385769,0.31051186,48.202564,48.202564
6803,124.00042050470076,125.1462310720403,-0.97048014,1.0371377,-1.6722479,1.2154839,10.728697,10.728697
6804,119.39799338290322,119.95300143222788,-0.15980683,0.35378453,-0.9097583,0.45196432,29.37812,29.37812
6806,134.54661142703628,134.01959483750755,-0.54251117,0.4633072,-1.7181463,0.3368339,23.087015,23.087015
6807,155.3004837337464,152.82818396939004,-0.13207726,0.36384434,-1.0733762,0.21996488,26.441877,26.441877
6809,167.56445166532723,162.3402725671365,0.019912602,-0.23142968,-0.70683014,-0.9924378,74.440285,74.440285
6810,169.91223354023302,161.70131349396272,-0.10378253,0.049033318,-0.81911767,-0.33210286,54.87502,54.87502
6811,169.2070240731196,159.51525485945524,0.003549614,0.09327006,-0.6724232,-0.39781415,64.859055,64.859055
6812,170.0799208794814,162.72757219771384,0.019508492,-0.015061948,-0.6023145,-0.62041205,80.65648,80.65648
6813,172.08970283777927,170.21958823343752,0.026131663,-0.032545067,-0.60296226,-0.725401,94.992035,94.992035
6814,173.82693497552054,176.5949289045419,0.058402885,-0.1501468,-0.56520087,-0.95092666,96.05874,96.05874
6815,174.96309083377085,178.59239898509253,0.08332057,-0.09032283,-0.4711985,-0.83210295,109.80612,109.80612
6816,175.03154034910517,175.1703939766074,-0.023786414,0.042937063,-0.6162725,-0.74724776,119.4432,119.4432
6817,173.00611725925,164.53140591907197,0.002553421,-0.03770361,-0.4780261,-0.96513426,111.86738,111.86738
6818,168.86785372061246,148.6726502785358,0.018965865,-0.052892365,-0.44884676,-1.00415,79.58506,79.58506
6819,164.37537312125428,138.9679410625312,-0.19493935,0.09356433,-0.71321744,-0.7542065,77.588234,77.588234
6820,160.40061178865597,145.61469969489275,-0.37566903,0.15700206,-0.9113175,-0.5334307,87.58527,87.58527
6821,154.54611971508496,163.8421641397867,-0.33304477,0.09887905,-1.021282,-0.60985655,93.22426,93.22426
6822,144.07171043882258,179.31462959470784,-0.1189289,0.083879486,-0.78093785,-0.7351417,108.101944,108.101944
6823,132.06108555335285,181.86625161716526,0.15452659,-0.04361616,-0.46102783,-0.8195566,142.37822,142.37822
6824,128.74875195841136,170.58025506816352,0.08533363,-0.08293604,-0.4808792,-0.92048484,162.84743,162.84743
6825,140.24667188810608,153.85665851929363,-0.15711644,0.045991987,-0.8547469,-0.64466035,163.38773,163.38773
6826,155.77559979978236,145.42354142926538,-0.13236515,0.0370781,-0.82984376,-0.6400578,167.78943,167.78943
6827,158.6724930060798,152.24961758351802,-0.09038299,0.015070952,-0.7899518,-0.6686034,171.47893,171.47893
6828,150.29677429049454,167.4777704343035,-0.07747861,-0.02866051,-0.7383859,-0.77194095,155.77637,155.77637
6829,146.82945373908623,179.05231523068676,-0.09193744,-0.0023484875,-0.7968235,-0.7177018,160.41792,160.41792
6830,154.31182958992477,181.44246708632537,-0.18157728,0.063044325,-0.9718024,-0.57101226,139.93993,139.93993
6831,163.0722686685385,177.52840299458825,-0.15028259,0.08081066,-0.9466811,-0.50589275,159.30681,159.30681
6832,164.30238286947773,172.66512836904633,-0.19127764,0.089807265,-1.0163348,-0.44664985,128.24944,128.24944
6833,160.0226589541165,169.75579566706358,-0.14735948,0.043252986,-1.000776,-0.6245325,118.45154,118.45154
6834,157.47228336468447,169.36348217999492,-0.20169021,0.08690589,-1.1177701,-0.47007206,108.350075,108.350075
6835,160.15086045732818,171.190184395075,-0.21189426,0.106824875,-1.1475545,-0.42163268,106.4944,106.4944
6836,165.30127812466228,173.73324327850125,-0.12893331,0.03156274,-0.9728253,-0.64839506,90.60787,90.60787
6838,168.4743320121598,173.92538501707736,-0.0039876206,-0.042662423,0.960266,-0.05780685,266.08228,266.08228
6839,168.92410601764456,170.26707775835268,0.017254204,-0.08145066,1.0551107,-0.11893792,246.64223,246.64223
6840,169.05025719872228,166.05500878011003,0.0215606,-0.09329698,1.0495396,-0.10774005,245.3058,245.3058
6841,170.68606946779747,166.01697419012902,0.0049760076,-0.075003214,1.0014415,-0.10290085,233.15001,233.15001
6842,173.8002565235196,170.60693316451787,0.014622056,-0.10474894,1.0269433,-0.16726314,207.26495,207.26495
6843,176.78006425567992,176.19715319075172,-0.008081332,-0.10258231,0.9921721,-0.18257974,206.39777,206.39777
6844,177.73854265671181,179.395734413062,-0.03526637,-0.053226043,0.91206396,-0.041992195,153.01378,153.01378
6845,176.26821937894516,178.8657623994718,-0.0009938156,-0.05441789,1.0486113,-0.069087945,197.63338,197.63338
6846,173.11103396057547,174.23913868633682,-0.0005768486,-0.037943043,0.9945276,-0.084862486,180.08511,180.08511
6847,169.47126881992384,166.6933805965182,-0.0009263965,-0.0446331,0.9964645,-0.089508645,183.0271,183.0271
6848,166.86535969870306,159.92747860699356,0.005660352,-0.047428787,1.0704978,-0.10948291,184.34491,184.34491
6849,165.37365462837727,157.26224823975562,0.017117215,-0.053185232,1.0394866,-0.11860131,175.091,175.091
6850,163.556921296307,158.6217340386048,0.026791804,-0.057523843,1.0680256,-0.14045359,175.4113,175.4113
6851,161.30511736784587,161.744051845044,0.030537969,-0.049854793,1.0556809,-0.117881976,186.07567,186.07567
6852,159.91288839948191,164.6357302905698,0.028342312,-0.052783564,1.0545716,-0.12062068,182.71152,182.71152
6853,159.3794420170948,166.27981423234965,0.022578357,-0.055087365,1.0282942,-0.12452339,177.62036,177.62036
6854,158.55401463519974,166.60222425976315,0.0069750114,-0.051869165,1.00155,-0.12513337,173.36581,173.36581
6855,157.71992648515635,166.94506632698437,0.005253467,-0.04600098,1.0057747,-0.11955758,174.01549,174.01549
6856,158.8010048811718,169.3951252492114,-2.914884e-05,-0.011376401,0.96866715,-0.041453026,171.70093,171.70093
6857,162.97396728449175,173.98188454445435,0.006291856,-0.024320126,0.9696655,-0.07426075,162.33084,162.33084
6858,169.2326474472317,177.55351262171484,0.003152978,-0.009796726,0.9648502,-0.056530718,162.80028,162.80028
6859,175.14217968839702,176.98034309438785,-0.0037625693,-0.00060064666,0.9523942,-0.054304205,164.61751,164.61751
6860,178.40196855616068,172.8396175353572,0.008594956,0.008048044,0.98148584,-0.05993209,173.31374,173.31374
6861,177.90793222807608,168.61834770582615,0.010567585,0.008382845,0.9619562,-0.070623055,171.56126,171.56126
6862,174.33041327066258,166.81759551739265,0.008709185,0.008934216,0.9673866,-0.06779805,167.6206,167.6206
6863,170.01071049811608,166.99930445057484,0.007464592,0.01625757,0.9571105,-0.06265383,166.67229,166.67229
6864,167.06561223240473,166.72260731867306,-0.001776415,0.020720782,0.9404688,-0.050870214,170.35,170.35
6865,165.79222422965995,164.33484027834598,-0.011673635,-0.061364748,0.8129154,-0.10798625,113.22757,113.22757
6866,166.19062242140546,161.87690660811478,-0.021929724,-0.14777152,1.0360824,-0.22359072,78.54235,78.54235
6867,169.1127653220748,163.49244138543864,-0.012886251,-0.12691665,0.9425508,-0.20194201,96.765785,96.765785
6868,174.19421163658868,170.08041764608737,-0.008036335,-0.12214983,0.9797274,-0.2061881,109.533646,109.533646
6869,178.90193324788245,177.69939310914404,-0.007814197,-0.11939664,1.0511074,-0.19065583,112.7099,112.7099
6871,178.74938027868603,177.2441947749423,-0.07751896,-0.129635,-1.1382195,-0.18213487,107.657,107.657
6874,166.7214838100692,155.89581667835972,-0.20672314,0.098888725,-1.4165257,0.10433679,62.96133,62.96133
6877,142.26649240772545,117.57789611489059,-0.059338633,0.012185246,-1.1551664,-0.0094565125,129.46355,129.46355
6880,122.9257425601758,95.03755496721121,-0.025549607,0.037835985,-1.0900162,0.010477165,141.08296,141.08296
6882,127.4941806771614,112.2296966616332,0.028862948,-0.01240651,0.085556366,-0.99746716,131.23544,131.23544
6883,147.9725991961741,150.86712874755096,0.12834316,-0.016669396,0.23921269,-0.99387145,115.12885,115.12885
6884,160.91447136755949,177.20961255249532,0.16126388,-0.021140616,0.29839733,-0.99421424,112.63603,112.63603
6885,159.47529943293517,180.9497748444966,0.17784487,-0.017794054,0.31870708,-0.9927646,110.99419,110.99419
6886,154.52420448890732,174.46284967593638,0.18855202,-0.015317626,0.33071455,-0.99272454,110.224976,110.224976
6887,154.7301029904975,170.64453466900844,0.17429334,-0.014481068,0.3305786,-0.99241924,109.04804,109.04804
6888,159.34503711780116,171.8110536474793,0.19099686,-0.016078634,0.32852638,-0.99253285,109.57652,109.57652
6889,164.0421363399986,173.64060226963446,0.18972579,-0.0127067,0.3361579,-0.9922345,109.096855,109.096855
6890,166.5423787064269,172.9817991709898,0.18316874,-0.008587917,0.33695742,-0.99195844,109.410194,109.410194
6891,167.3953587842517,170.80703598119442,0.18863414,-0.008153478,0.33785632,-0.99023724,109.311134,109.311134
6892,168.06356735201112,169.7247234890032,0.19412445,-0.006900609,0.33616084,-0.9884896,109.03543,109.03543
6893,169.36375214166162,170.85111476048095,0.18832742,-0.007375997,0.34984556,-0.9886476,109.716034,109.716034
6894,171.04406392829569,173.11778159953013,0.1905786,-0.0066442313,0.34102306,-0.99101394,110.142395,110.142395
6895,172.31091028120807,174.74204491255188,0.1856225,-0.005026062,0.36107013,-0.9893565,109.90685,109.90685
6896,172.7362406046379,174.97575856365276,0.18999465,-0.005149098,0.3369126,-0.98996097,110.089966,110.089966
6897,172.57865339128503,174.36446976708467,0.18423916,-0.003121355,0.3356628,-0.9895821,110.56842,110.56842
6898,172.40328601589817,173.80674912615203,0.17646909,-0.0025975867,0.3297267,-0.9913242,111.234184,111.234184
6899,172.56780498343576,173.75174787646915,0.17108865,-0.000120853765,0.32294413,-0.98909146,112.117355,112.117355
6900,172.98536318867454,174.0314505781272,0.16948584,0.0013912434,0.3249595,-0.9893292,111.95863,111.95863
6901,173.3350793007599,174.23464422294262,0.16688727,0.0021838213,0.32837844,-0.9887896,111.57156,111.57156
6902,173.62269189183505,174.15224736017484,0.16235982,0.004888262,0.33121943,-0.9876323,111.50056,111.50056
6903,174.14760976408888,173.853144737302,0.16325171,0.0070476015,0.33182904,-0.9881116,111.03085,111.03085
6904,174.64843713707984,173.4929493197193,0.15820917,0.0073801023,0.33675802,-0.9857158,110.39932,110.39932
6905,174.42322139246926,173.0886582716043,0.16378325,0.006209713,0.33450168,-0.985511,110.37947,110.37947
6906,173.47678119981714,172.48556789717452,0.16823001,0.0061482172,0.32341176,-0.98623836,110.406395,110.406395
6907,172.62783461230174,171.6362904595561,0.12396389,0.0064051985,0.3445954,-0.98126996,111.07006,111.07006
6908,172.69633579413178,170.83035686056323,0.14005691,0.005517061,0.33560762,-0.98226047,111.23277,111.23277
6909,174.0436181413057,170.48707129465527,0.15576914,0.006111233,0.3329692,-0.98345774,110.42538,110.42538
6910,176.3067800754404,170.72138048881652,0.17230153,0.0051729386,0.31607416,-0.9835944,110.697586,110.697586
6911,178.38534823463422,171.22503114967333,0.14766224,0.0034382127,0.31186256,-0.98003376,110.66598,110.66598
6912,179.23820275712146,171.64716806917386,0.13857932,0.0040873983,0.31926233,-0.9805268,110.48571,110.48571
6913,178.64488106477907,172.0482977329477,0.12332219,0.0015396841,0.316686,-0.9844785,110.10384,110.10384
6914,177.0578340841347,172.7523849569616,0.12018884,0.0024677063,0.3146074,-0.98347956,110.50954,110.50954
6915,175.3265464979476,173.56908628948852,0.14419386,0.0029133023,0.293864,-0.9840016,110.80723,110.80723
6916,174.56471775107298,173.67105418668177,0.13706581,-3.630591e-05,0.30256385,-0.9802602,110.95494,110.95494
6917,175.34726327536592,172.67448265230772,0.17503914,0.0014628582,0.30241808,-0.9804372,110.42051,110.42051
6918,176.76957435283327,171.3315395848773,0.18023181,0.0020296809,0.29627708,-0.9811062,111.0383,111.0383
6919,176.85832842560126,170.82960167102897,0.18593296,0.0010441632,0.30361181,-0.9791774,110.76968,110.76968
6920,174.2785811437223,171.5410788360691,0.19280358,-0.00061530713,0.27639014,-0.9762357,110.89958,110.89958
6921,169.92709418256857,172.64567812241177,0.16146052,-0.0012417582,0.29344693,-0.97338724,110.78907,110.78907
6922,166.73758423699482,173.1046345706674,0.18465228,-0.00040991086,0.29257506,-0.9731486,110.55721,110.55721
6923,166.9070243015562,172.6740686870845,0.17491882,-0.00023481375,0.29875556,-0.9747097,110.34032,110.34032
6924,169.50815540426822,171.86038870681554,0.13891198,0.00033096652,0.29603443,-0.97618383,108.80479,108.80479
6925,171.63728568498578,171.26891846139625,0.12504584,0.0010160677,0.28902465,-0.97659224,108.005806,108.005806
6926,171.22792087028756,171.19620178000224,0.1511164,0.0012346301,0.3055295,-0.9764877,107.844604,107.844604
6927,168.60696842295826,171.66346733191514,0.16625878,0.00063972804,0.30703717,-0.9764875,107.763306,107.763306
6928,166.1720037585093,172.4345959199302,0.18774545,-4.1070398e-05,0.31024832,-0.98035294,108.48608,108.48608
6929,166.70816178927282,173.01633540744936,0.18982898,0.0011861032,0.30548394,-0.983086,109.37515,109.37515
6930,170.98700797551524,173.0354732162884,0.18167683,0.002578811,0.30681846,-0.9862794,110.30446,110.30446
6931,176.68961271356252,172.72789714439577,0.17589894,0.0032927822,0.32104242,-0.9876363,110.938225,110.938225
6932,180.58735925385642,172.70588007922143,0.17462535,0.002716711,0.31818742,-0.9921366,111.15331,111.15331
6933,181.3957080092219,173.15062812314406,0.1794763,-0.0027651335,0.32375434,-0.9921151,109.68139,109.68139
6934,180.13382202762588,173.82033651560525,0.16807157,-0.0024907654,0.32493553,-0.9915042,109.11889,109.11889
6935,178.53696845427004,174.68017898732856,0.17060535,-0.0024780552,0.31898946,-0.99123245,108.927345,108.927345
6936,177.36777554239853,175.6877928910142,0.1811291,-0.002291479,0.31854668,-0.9908458,108.9134,108.9134
6937,176.25598444166425,176.32285222291713,0.18706721,-0.002074739,0.31897804,-0.99061155,108.921005,108.921005
6938,174.90868466215252,176.11817090625308,0.18245149,-0.004820145,0.32584548,-0.9879146,108.517746,108.517746
6939,173.50329575644,175.41664888340682,0.17935716,-0.010405058,0.32748896,-0.987068,107.78613,107.78613
6940,171.80430617560566,175.17960294742406,0.17332724,-0.013430564,0.31434658,-0.98322576,106.875206,106.875206
6941,169.09807609093647,176.09444626483858,0.18270953,-0.018332792,0.3000615,-0.9763053,105.51182,105.51182
6942,165.68675450834476,177.82671591066946,0.18591763,-0.022706307,0.31580308,-0.9689518,103.19199,103.19199
6943,163.51964799969107,179.1345182956105,0.18779404,-0.020678353,0.31746656,-0.96300226,103.08915,103.08915
6944,164.21058070703788,179.00563413548835,0.1958309,-0.019368323,0.33906078,-0.9550037,102.564964,102.564964
6945,167.04943658172422,177.59424293572496,0.19465812,-0.012038299,0.35547832,-0.9381316,102.1013,102.1013
6946,169.95257232041322,175.7000634522144,0.17708673,-0.010298555,0.36776343,-0.92745405,100.84067,100.84067
6947,171.7248429327674,173.7136801852661,0.18458106,-0.0033056336,0.38976952,-0.9138196,98.50534,98.50534
6948,172.63630978195997,171.70167369876899,0.18979105,0.0027469564,0.3984512,-0.9120956,97.853325,97.853325
6949,173.1720280685091,170.22457791839187,0.1074725,0.005368723,0.2629638,-0.9296342,98.36728,98.36728
6950,172.93943487054594,170.07308184021107,0.1587121,0.01226277,0.38841197,-0.9240896,98.24142,98.24142
6951,171.33845427017351,170.98270486814008,0.12955478,0.011946986,0.3524194,-0.92924523,98.80994,98.80994
6952,168.99579431930576,171.5356279881157,0.18573914,0.012049826,0.40362665,-0.92961365,99.04047,99.04047
6953,167.40019105755988,170.8655474664623,0.18530343,0.011471213,0.42008555,-0.93216103,99.76889,99.76889
6954,166.94852281713847,169.87171836864496,0.18282083,0.01097796,0.43875727,-0.9327853,100.13182,100.13182
6955,166.34512684902785,170.1828140512799,0.17865984,0.010717747,0.43942732,-0.9320874,100.30207,100.30207
6956,164.16390447123476,172.37649418369472,0.17328568,0.0077025862,0.4508961,-0.93198526,100.301765,100.301765
6957,160.40385467295744,175.61202164988725,0.18016146,0.0043421527,0.44395044,-0.9330762,100.7143,100.7143
6958,156.57401952914427,178.3953155102389,0.17480569,0.0008149116,0.42992887,-0.93601084,100.55041,100.55041
6959,154.47503985194916,179.53087337761025,0.17693548,0.0034871772,0.43339762,-0.9363532,100.94705,100.94705
6960,154.47116439711667,178.86696303006835,0.1726616,0.0055409586,0.45873874,-0.925702,100.08475,100.08475
6961,155.0633162188444,177.122057753827,0.17760661,0.005830175,0.46701252,-0.9242857,99.527245,99.527245
6962,154.45577509637604,175.09697811254915,0.16569667,0.02260318,0.46328455,-0.92371154,101.24065,101.24065
6963,152.21681287122473,173.4214612593392,0.16645068,0.018234247,0.45897853,-0.91802144,100.95401,100.95401
6964,149.46558516939635,172.5328032048414,0.15638922,0.022731308,0.46000776,-0.9126911,101.73865,101.73865
6965,147.75689123360652,172.2959655736099,0.15741932,0.020193601,0.45889935,-0.91016716,101.94741,101.94741
6966,147.88227266302093,172.04041053104743,0.15926746,0.01668304,0.4659257,-0.9067808,102.02867,102.02867
6967,149.55075102550953,171.35819320708333,0.15413475,0.023725238,0.45007485,-0.9085841,103.3291,103.3291
6968,151.72188150008643,170.5832883277214,0.15724736,0.021869628,0.45954007,-0.9099833,103.8927,103.8927
6969,153.3432087188505,170.22502919806266,0.16271943,0.020994918,0.47284222,-0.91021407,104.774765,104.774765
6970,153.9664923053778,169.74564369513152,0.1564432,0.019971453,0.4918958,-0.9062906,104.94563,104.94563
6971,153.54378567480555,167.50824694437927,0.16612093,0.021054273,0.5158214,-0.8977779,103.23139,103.23139
6972,152.14434383885668,163.24770637169237,0.16683859,0.023081884,0.5049275,-0.8900171,101.96111,101.96111
6973,149.98360672329238,159.28454326260956,0.14780305,0.02443779,0.5462251,-0.8694716,102.2169,102.2169
6974,147.41123762500132,157.4732271946387,0.14524774,0.02407638,0.5593631,-0.8566607,103.13526,103.13526
6975,145.36075710404316,156.9614945327853,0.15997583,0.0251399,0.5747715,-0.8702714,99.0405,99.0405
6976,145.44097513450654,156.26144782036337,0.18038759,0.022926368,0.5900183,-0.89295065,95.07472,95.07472
6977,148.30453915466364,155.19787899314906,0.19213699,0.010285732,0.60770005,-0.8917842,91.93489,91.93489
6978,152.35177156564194,154.01059456369381,0.15671194,0.011269923,0.5908619,-0.9295844,84.11752,84.11752
6979,155.07316386942895,152.567737243699,0.116361335,0.016230687,0.47639012,-0.8963731,76.168495,76.168495
6980,155.18647453754878,150.89299082522248,0.09230876,0.039492358,0.45232514,-0.88007903,78.93682,78.93682
6981,153.17293170161042,149.4043001215787,0.06036114,0.05060521,0.4296458,-0.8694347,79.923096,79.923096
6982,150.3590087053889,148.35135748565344,-0.024235154,0.03547132,0.18194024,-0.9160814,80.3614,80.3614
6983,147.68172470713674,146.85026398431035,-0.13136595,0.012677622,-0.020251056,-0.9392677,80.85305,80.85305
6984,145.59175754834502,143.84943221423194,-0.17647564,0.011065592,-0.23427819,-0.95209897,80.67903,80.67903
6985,144.43712875203187,141.14590027627995,-0.1690649,-0.0042085126,-0.18556255,-0.98882896,82.194534,82.194534
6986,144.34011982841113,142.3265053292097,-0.22247075,0.008708315,-0.42810068,-0.99022806,79.182335,79.182335
6987,146.48142050116707,147.19282503419896,-0.23511223,0.008901416,-0.51634336,-0.94102055,79.710205,79.710205
6988,152.7267983491975,150.82985495637834,-0.23007642,0.007038307,-0.525828,-0.918869,82.97228,82.97228
6989,161.9425804654183,149.7994922180023,-0.22814709,0.023619326,-0.5700337,-0.88268536,83.69962,83.69962
6990,170.23121764152438,146.52719267192592,-0.2273651,0.048793048,-0.6162291,-0.87620026,84.067894,84.067894
6991,174.23746222917984,146.0674068279534,-0.25201675,0.0439663,-0.6212306,-0.86826986,80.78919,80.78919
6992,172.40291593524412,150.20439555971095,-0.24691921,0.052196007,-0.5937506,-0.8711636,82.76158,82.76158
6993,166.59479247525414,155.9760886821579,-0.23812465,0.046240397,-0.643196,-0.86066717,82.8594,82.8594
6994,162.29572060654914,159.6144491567809,-0.24472882,0.04850862,-0.6781887,-0.85626394,81.69393,81.69393
6995,163.61268154286248,160.49422718453116,-0.22310185,0.05025525,-0.6957442,-0.847913,85.21925,85.21925
6996,168.79246523686555,160.0983461190183,-0.2474314,0.04722787,-0.69978404,-0.8627905,81.90685,81.90685
6997,172.17682648793303,159.16392873819424,-0.25470865,0.0431155,-0.6173586,-0.88644683,82.60566,82.60566
6998,169.9819491352732,157.4098888334294,-0.25731856,0.036927987,-0.5884616,-0.8935658,83.35976,83.35976
6999,163.77308832118462,154.26070808426292,-0.2607979,0.0417857,-0.5382434,-0.8999624,82.49724,82.49724
7000,157.9585041837248,149.21389717963316,-0.24092133,0.04678892,-0.56591207,-0.8927499,81.933014,81.933014
7001,154.6818092910341,142.947897063081,-0.24098338,0.05333251,-0.5460095,-0.900822,81.01684,81.01684
7002,152.83753719212982,137.87368055688106,-0.25232148,0.05292946,-0.5427321,-0.9123927,81.558815,81.558815
7003,151.63665160789483,136.1154554411761,-0.22456187,0.046003774,-0.52845323,-0.91394585,82.34758,82.34758
7004,152.6296346552219,137.50223604359067,-0.25025803,0.04379979,-0.53073865,-0.9122672,82.6459,82.6459
7005,156.3916673153922,140.2299937455582,-0.24177387,0.038180906,-0.5297017,-0.9178618,80.78893,80.78893
7006,160.29752513826753,142.4558904287262,-0.21537964,0.035130005,-0.5000838,-0.92065585,80.70608,80.70608
7007,162.48665495016343,143.4355746601802,-0.2119877,0.031352274,-0.49419653,-0.9248891,81.20104,81.20104
7008,163.98148896288433,144.4299258046811,-0.19949836,0.02896245,-0.47737363,-0.93509614,81.08075,81.08075
7009,165.85950330704762,147.8790567927569,-0.20141304,0.02217494,-0.47049418,-0.9438233,81.199684,81.199684
7010,168.45051822431427,154.39812387845643,-0.2144254,0.02250337,-0.5399268,-0.9239137,81.39514,81.39514
7011,172.03697162358552,162.05115991154076,-0.21133043,0.031494983,-0.55495036,-0.9132301,82.460976,82.460976
7012,175.95072498176674,169.01788473018945,-0.2212742,0.03265942,-0.568199,-0.90701103,82.20737,82.20737
7013,178.56218509928718,174.6274702578315,-0.2227175,0.039687987,-0.5709782,-0.9020937,82.89222,82.89222
7014,178.85221855593187,178.33287524581456,-0.21863349,0.03572315,-0.58205384,-0.90395856,84.30634,84.30634
7015,177.4445592320319,179.77519888882443,-0.21710262,0.03531568,-0.6253215,-0.89463776,85.12179,85.12179
7016,175.7512681753917,179.5540196288008,-0.20022066,0.03685546,-0.6009928,-0.8982715,86.62562,86.62562
7017,174.34357673342453,178.90241339067367,-0.20478304,0.039776232,-0.6097824,-0.8972828,87.8833,87.8833
7018,173.08143499325476,178.41660890956211,-0.20815627,0.03762485,-0.59627855,-0.89688855,87.99236,87.99236
7019,172.1859349725473,177.49147491423977,-0.20889488,0.037475895,-0.59883124,-0.8921299,87.87875,87.87875
7020,171.85561221071958,175.35972448951523,-0.20591667,0.034867357,-0.60230845,-0.8889759,87.55717,87.55717
7021,171.68048674341748,172.69131615059354,-0.2022068,0.03799044,-0.6017746,-0.8839302,88.22362,88.22362
7022,171.44053514965918,171.43748617677127,-0.19814755,0.037383422,-0.6039455,-0.87972325,87.97041,87.97041
7023,171.71781257933338,172.7233443146123,-0.1977655,0.03945011,-0.6085576,-0.87306476,88.240814,88.240814
7024,173.1434660957934,175.5953583061851,-0.19287984,0.038800105,-0.5977478,-0.87208396,89.31873,89.31873
7025,175.500343088722,177.98253917132303,-0.19609511,0.03739158,-0.5988077,-0.8762745,90.02101,90.02101
7026,177.85885102475544,178.5411900357122,-0.20062281,0.03399735,-0.6008552,-0.8793277,89.901924,89.901924
7027,179.3095735122692,177.42528792845434,-0.1996615,0.032573856,-0.59575415,-0.8824899,89.78713,89.78713
7028,179.49227597626685,175.45065380030113,-0.1961965,0.033299875,-0.5861778,-0.8805116,90.28838,90.28838
7029,178.65339355630317,173.12663893939626,-0.19449754,0.03349842,-0.57689613,-0.8843711,90.24609,90.24609
7030,177.33800138966734,170.63915200914877,-0.19699554,0.03304563,-0.5681225,-0.88950276,89.887764,89.887764
7031,176.2106854123548,168.64868655555165,-0.19481358,0.028291276,-0.54893494,-0.8963791,88.9317,88.9317
7032,175.90343777081793,168.5457928051546,-0.19370145,0.022776822,-0.52213913,-0.90810394,88.17435,88.17435
7033,176.4993943514675,171.01189060288823,-0.19618793,0.017881587,-0.5021114,-0.9187271,88.22176,88.22176
7034,177.33437182377074,174.8365599028526,-0.19451301,0.011657565,-0.48266283,-0.9286288,88.07443,88.07443
7035,177.67909932009886,178.00236324324766,-0.19230182,0.008893825,-0.46384424,-0.9423648,88.26733,88.26733
7036,177.4644211088856,179.5040831190642,-0.19561492,0.0052875443,-0.45262688,-0.9515237,88.20155,88.20155
7037,177.14091238548352,179.69893950169063,-0.19583003,0.0020586245,-0.42850792,-0.9627321,88.14503,88.14503
7038,177.13846121913804,179.3547653072998,-0.19473568,-0.0005950848,-0.40956476,-0.975104,87.74477,87.74477
7039,177.61173490181463,178.8733904717716,-0.19500257,0.00022388475,-0.39536026,-0.98129195,87.51058,87.51058
7040,178.35393606528515,178.33614509512776,-0.19146496,-0.0031703496,-0.3814313,-0.9835547,86.89331,86.89331
7041,178.88582662922025,177.84616234122393,-0.1937839,-0.0028475584,-0.37549987,-0.9843865,86.50846,86.50846
7042,178.84395461474884,177.57010869273736,-0.1971102,-0.0014637349,-0.36989245,-0.9859759,86.79487,86.79487
7043,178.2160727906839,177.56094576460924,-0.20130089,-0.0021800306,-0.36808944,-0.9855611,86.62391,86.62391
7044,177.31053259667732,177.6330686246822,-0.20011748,-0.006511613,-0.35859147,-0.9905832,85.938896,85.938896
7045,176.75959518187457,177.4375464843702,-0.20067064,-0.0059651835,-0.36374497,-0.9960875,85.80982,85.80982
7046,177.07191571451824,176.8454634454804,-0.2001261,-0.0040004617,-0.36581358,-0.9999379,85.614815,85.614815
7047,177.96021824920618,176.21109737137326,-0.20368649,-0.010072271,-0.369688,-0.9979666,84.14226,84.14226
7048,178.6372476882638,175.98069022834156,-0.19651863,-0.005821778,-0.32827875,-0.99705404,85.31828,85.31828
7049,178.6565964561311,176.07412325825078,-0.19533226,-0.003278645,-0.3330978,-0.994574,85.559,85.559
7050,178.2059002040923,175.89885131844392,-0.19522819,-0.0027111347,-0.34766233,-0.9944707,85.26712,85.26712
7051,177.90158082855703,175.04410910220923,-0.19592947,0.00034363667,-0.36022252,-0.9929398,85.25538,85.25538
7052,178.2119313014103,173.77363115002422,-0.19610691,0.004067763,-0.36963388,-0.9906296,85.55623,85.55623
7053,178.81511567055392,172.67137018257287,-0.1946044,0.006189829,-0.38085997,-0.9889688,85.56004,85.56004
7054,178.85077457061408,172.0777127653193,-0.19382846,0.009430527,-0.3780181,-0.9873735,84.54159,84.54159
7055,177.96628080016103,172.03114676607726,-0.20002922,0.010592796,-0.3839855,-0.9868786,84.11582,84.11582
7056,176.84608093900857,172.4425675317738,-0.20144662,0.01219105,-0.39435598,-0.9838327,83.732124,83.732124
7057,176.5634935915702,173.21201303162297,-0.20190696,0.014871266,-0.40298796,-0.98210436,83.35289,83.35289
7058,177.41557833571656,174.1649758228309,-0.20981777,0.018861698,-0.43471643,-0.97585374,82.91264,82.91264
7059,178.60467659857684,175.02729471594375,-0.21338339,0.020838501,-0.4602927,-0.96517164,82.09438,82.09438
7060,179.22207615088547,175.63596991781358,-0.2128123,0.021298151,-0.5040149,-0.94813347,81.521965,81.521965
7061,179.2055115199317,175.96717912957317,-0.21462767,0.020316483,-0.520955,-0.93865186,80.54009,80.54009
7062,179.06218195270907,176.0832630963261,-0.21543138,0.02869242,-0.540583,-0.92278177,80.321785,80.321785
7063,178.97067216498675,175.50849086000545,-0.20779079,0.03094617,-0.5385688,-0.92008084,79.59713,79.59713
7064,178.4446295529425,172.06169597439094,-0.21233277,0.033042163,-0.5583101,-0.91663826,80.02305,80.02305
7065,176.7507184418544,164.1402825829,-0.2120559,0.038184557,-0.5737125,-0.90674275,79.83654,79.83654
7066,173.6785581925639,155.69479700386935,-0.21238591,0.04255333,-0.5876099,-0.90484905,78.95007,78.95007
7067,169.98073305054533,153.9029948642328,-0.21991388,0.042208016,-0.57579726,-0.90537894,78.9402,78.9402
7068,166.9189847438272,160.19203080777032,-0.21512549,0.04225099,-0.58180785,-0.90546703,79.271614,79.271614
7069,165.58489812003484,168.98382813652015,-0.21837886,0.048632666,-0.58690566,-0.90326804,78.097626,78.097626
7070,166.438378348968,175.0919817613028,-0.21578085,0.04653911,-0.5990268,-0.89989185,77.9164,77.9164
7071,168.81419054841675,177.2997718114489,-0.21362838,0.04314791,-0.5922159,-0.90661204,78.23205,78.23205
7072,171.30596786582342,176.204584306666,-0.20977192,0.040857878,-0.59079826,-0.9080037,77.912,77.912
7073,173.08162567414743,172.94264615251194,-0.20920408,0.04079134,-0.5842897,-0.90837866,77.32088,77.32088
7074,174.44089279199616,169.60035532376799,-0.20257714,0.04219585,-0.5776542,-0.90745807,77.055786,77.055786
7075,176.00138915911708,168.2134853795773,-0.20558047,0.047090437,-0.59176904,-0.89796895,75.56935,75.56935
7076,177.55280531064253,168.9639758890158,-0.20623675,0.047734726,-0.62239426,-0.8862709,75.067856,75.067856
7077,178.24987236517018,170.33742439567354,-0.20379978,0.04444116,-0.6246206,-0.8819027,73.71066,73.71066
7078,178.03863923718635,170.99290013647442,-0.19826762,0.04060999,-0.62178606,-0.87354165,73.136246,73.136246
7079,177.87784110873872,171.02922708721994,-0.19233376,0.04226953,-0.6204707,-0.8588101,72.91739,72.91739
7080,178.33875240478687,171.52690496071872,-0.19295053,0.038760234,-0.6089364,-0.8595295,74.04798,74.04798
7081,178.8874077710339,173.10612482911822,-0.19301137,0.03410258,-0.596084,-0.8653917,74.431305,74.431305
7082,178.75091018469632,175.27418592836082,-0.19238427,0.037342608,-0.58026683,-0.86993647,74.1679,74.1679
7083,177.95637320169465,177.24201445248698,-0.19406608,0.03655863,-0.5661615,-0.8781657,73.82425,73.82425
7084,177.16602809001924,178.68563923289815,-0.19165975,0.030768586,-0.54147875,-0.8880374,74.23045,74.23045
7085,176.80651961877595,179.512748374527,-0.19026515,0.028791342,-0.5045503,-0.9056218,73.707275,73.707275
7086,176.89278005811258,179.61227228158435,-0.18691285,0.026766088,-0.48181036,-0.92003334,73.417076,73.417076
7087,177.433231940187,179.06859970252924,-0.18906473,0.021785088,-0.48007494,-0.9310553,72.28511,72.28511
7088,178.37400906111773,178.31389272509756,-0.18648607,0.021002294,-0.4691431,-0.93661916,72.00199,72.00199
7089,179.28130842148997,177.85813346120597,-0.1830355,0.017664647,-0.45567834,-0.9429924,71.294914,71.294914
7090,179.62347570987038,177.89598934772118,-0.1834565,0.01809721,-0.44253948,-0.94538057,71.221466,71.221466
7091,179.31688949462227,178.32484421066655,-0.18588258,0.015287159,-0.40823883,-0.952689,71.08783,71.08783
7092,178.69166775234729,178.91965424983007,-0.18578708,0.015796874,-0.40031436,-0.957957,70.7124,70.7124
7093,178.16023543653785,179.3058132810846,-0.18481304,0.016822483,-0.3808663,-0.9683571,70.21091,70.21091
7094,178.06688384980984,179.17727002780396,-0.19986333,0.01392425,-0.38247955,-0.9819119,68.90878,68.90878
7095,178.4472767777827,178.70088212605665,-0.20974712,0.008969131,-0.36780939,-0.99152154,67.51265,67.51265
7096,178.7989231925874,178.30712730460075,-0.22417383,0.0003776758,-0.34461147,-0.99993885,66.33978,66.33978
7097,178.3581392134494,178.10266548167547,-0.23022446,-0.003324788,-0.33681464,-1.0070089,65.07772,65.07772
7098,176.79072668039973,177.79074218910895,-0.22551495,-0.005849578,-0.3140742,-1.0227103,64.28457,64.28457
7099,174.75314681625892,177.09297051255984,-0.22259827,-0.006874792,-0.2942165,-1.0360645,62.5596,62.5596
7100,173.50319718498227,176.1511444267804,-0.23003542,-0.00842008,-0.2827109,-1.0404053,61.516617,61.516617
7101,173.70976830325884,175.41183395840224,-0.2359617,-0.008580443,-0.3018421,-1.0241246,60.413143,60.413143
7102,174.9028515467834,175.21385341858135,-0.22455914,-0.015232705,-0.28091037,-1.0183845,60.974236,60.974236
7103,175.80631884799064,175.73003220847284,-0.21932055,0.0033316447,-0.27844602,-1.0133419,61.893536,61.893536
7104,175.2340910340095,176.85061053027732,-0.22433351,0.001192902,-0.2967049,-1.0112902,61.091335,61.091335
7105,173.3735089001549,178.0346925435022,-0.22232978,-0.0010496457,-0.31040597,-1.0127273,60.99761,60.99761
7106,171.93388916690145,178.73003944378237,-0.21593426,0.01725454,-0.3125947,-1.0030184,60.974876,60.974876
7107,172.48271373634074,178.7016578394906,-0.19545946,0.004267911,-0.3100432,-1.0014743,60.578796,60.578796
7108,174.56699352341042,177.99923191796992,-0.1888328,0.016813984,-0.31325588,-1.0122914,59.808266,59.808266
7109,176.0107809086316,176.99479229347145,-0.19988641,0.019639326,-0.36574385,-1.0142664,58.097267,58.097267
7110,175.6089649214076,176.17557900600062,-0.2104614,0.0060095633,-0.352732,-1.0206597,59.262234,59.262234
7111,174.3830398117271,175.77693311166468,-0.21780899,-0.004643952,-0.32794866,-1.0310512,59.866066,59.866066
7112,173.87201535494293,175.55956050640123,-0.21806015,-0.003125226,-0.3583148,-1.0261842,59.507416,59.507416
7113,174.73304899192735,174.42497148631432,-0.23098546,-0.007830885,-0.318589,-1.0015193,59.500603,59.500603
7114,176.68567022762446,171.2768312948906,-0.23511583,-0.008139886,-0.33196864,-0.9989538,59.941265,59.941265
7115,178.57223436891255,167.39003800365657,-0.20483586,-0.006436376,-0.42984936,-1.0014311,59.348385,59.348385
7116,178.71281300903254,165.94457963180346,-0.21084754,-0.0038081135,-0.42876568,-0.98990047,59.061935,59.061935
7117,176.31810796499317,167.73166743656907,-0.21114574,-0.004183524,-0.457222,-0.9718671,56.679867,56.679867
7118,172.9942016405996,169.63654934600183,-0.22976735,0.01761735,-0.4409773,-0.9726561,55.416267,55.416267
7119,171.45509383961667,169.21058033284098,-0.24296215,0.014865925,-0.48122504,-0.9691896,54.589504,54.589504
7120,172.45215524496422,168.0018569962557,-0.19353014,0.014561498,-0.5130568,-0.9330992,53.184406,53.184406
7121,174.4784450509578,168.52365342245832,-0.20868266,0.016121868,-0.52365535,-0.92555743,52.869553,52.869553
7122,176.07594800194664,170.80463975545752,-0.21102114,0.026420753,-0.50895387,-0.90891737,53.269096,53.269096
7123,176.99562688342627,172.96456066767254,-0.19576542,0.026049608,-0.4939476,-0.9114722,52.755787,52.755787
7124,177.4065149003455,173.46392898491413,-0.19056754,0.04371419,-0.5030135,-0.9091514,51.533527,51.533527
7125,177.37581899400425,172.3152614019353,-0.1828375,0.04564779,-0.47306648,-0.9166013,49.79988,49.79988
7126,177.33587904594702,170.41568892900045,-0.20252676,0.033254806,-0.44522488,-0.93155456,49.92046,49.92046
7127,177.8035483578126,168.7340017851181,-0.19194502,0.035607163,-0.4387816,-0.9276137,50.45015,50.45015
7128,178.4056872641911,168.44196781507304,-0.19076073,0.035126545,-0.45330572,-0.9319102,50.345493,50.345493
7129,178.09122612060887,169.81702552337543,-0.19291379,0.03732836,-0.4605062,-0.92750096,50.160416,50.160416
7130,176.42824079391136,170.88969351820268,-0.18400986,0.04029688,-0.44740298,-0.93588245,50.925137,50.925137
7131,174.37760520784568,169.85074326861317,-0.18366887,0.03740476,-0.43065122,-0.94243765,51.11207,51.11207
7132,173.6343949932413,168.02222669397992,-0.17604889,0.030650133,-0.43014944,-0.9497093,49.87337,49.87337
7133,174.8026537755332,168.07230989471796,-0.18165146,0.029805265,-0.42969295,-0.9633547,48.57069,48.57069
7134,176.60637330397557,170.80919669070508,-0.18697748,0.028659405,-0.44014132,-0.9630702,47.540688,47.540688
7135,177.6055026043721,174.8699577430367,-0.19335344,0.026020192,-0.45495042,-0.96528274,46.76943,46.76943
7136,177.61634533492227,178.21197279687973,-0.20140913,0.023283303,-0.46017396,-0.95693684,45.997936,45.997936
7137,176.9828922300553,179.5380591888403,-0.19898158,0.021135388,-0.45708486,-0.9610082,45.73582,45.73582
7138,175.98800675615186,178.99613600208528,-0.20628001,0.021813098,-0.46004018,-0.9546718,45.610374,45.610374
7139,175.05113807127145,177.7658296533228,-0.20520972,0.014496698,-0.46645615,-0.95622575,45.696274,45.696274
7140,174.42928773840885,176.77274224385485,-0.21840093,0.0083664665,-0.48319593,-0.9625578,43.216843,43.216843
7141,174.01227089908156,176.1118037635902,-0.219197,0.0148561625,-0.46272007,-0.98097795,43.037613,43.037613
7142,173.7556067849983,175.77815114071072,-0.21368496,0.0023905123,-0.4529947,-0.9837541,43.443123,43.443123
7143,173.78262280754535,175.89551011490119,-0.20959109,0.0084017245,-0.4408807,-0.9865797,43.478622,43.478622
7144,173.97229795603303,176.13529100940661,-0.20538786,0.0048728697,-0.418424,-0.9925522,43.300674,43.300674
7145,173.98079521700075,176.13219732420376,-0.21302818,0.0053134295,-0.4531931,-0.99536353,41.146294,41.146294
7146,173.7308796207189,176.12087956702035,-0.19639066,-0.0044944626,-0.45669562,-1.008047,40.893013,40.893013
7147,173.47376666770145,176.20768584919006,-0.21530694,-0.006427764,-0.37844822,-1.0087954,40.878345,40.878345
7148,173.50323732199485,176.15049852728515,-0.19522054,-0.0014477631,-0.30555284,-0.9989867,41.388863,41.388863
7149,173.927852097353,176.18901234244495,-0.19504647,-0.0039486946,-0.27646804,-1.0036018,40.570885,40.570885
7150,174.4067644340974,176.71512409144344,-0.19360691,-0.005793512,-0.2479849,-1.0155638,39.99646,39.99646
7151,174.58310670370273,177.51177966864532,-0.1883703,-0.024758453,-0.29103103,-1.0111965,38.26769,38.26769
7152,174.94121893872736,178.0765019624496,-0.17507562,-0.0207079,-0.24820259,-1.0159123,38.433796,38.433796
7153,176.1792663036075,178.23154153127993,-0.1721168,-0.01617936,-0.24639586,-1.0067903,39.149113,39.149113
7154,177.96203373481742,178.22301706461025,-0.17422184,-0.020682283,-0.26169616,-1.0241542,37.790108,37.790108
7155,179.35345589914164,178.26320561047416,-0.17359197,-0.018701172,-0.27142212,-1.0103226,38.00669,38.00669
7156,179.86447000778927,178.2127477696155,-0.17521316,-0.017356653,-0.2779239,-1.0268497,37.326187,37.326187
7157,179.4136424996383,177.8754450685285,-0.17578834,-0.02165355,-0.31917605,-1.0365516,37.718616,37.718616
7158,178.12562498371656,177.26992862571706,-0.1768119,-0.012552615,-0.41096044,-1.0242417,36.92344,36.92344
7160,176.52989133661268,176.3086291396993,-0.08064625,-0.012757816,0.39458063,-0.86912274,93.45814,93.45814
7161,175.06629643680955,174.78476967252587,-0.10153242,-0.06768179,0.34793743,-0.9202256,117.557655,117.557655
7162,173.4729592223757,173.40500378988156,-0.03684555,-0.03728613,0.48679286,-0.88533974,133.61604,133.61604
7163,171.67189943444967,173.585110285429,0.065429434,0.00552804,0.76720965,-0.76964486,139.49214,139.49214
7164,169.8946780168169,175.53571417039717,-0.07837297,-0.05303442,0.43807217,-0.92079836,140.81166,140.81166
7165,166.30320039010053,177.71137673064436,-0.1063472,-0.16604231,0.44417372,-0.95972776,122.40238,122.40238
7166,158.38566180685865,177.34239668330625,-0.12104538,-0.1288075,0.44653726,-0.874026,120.51941,120.51941
7167,148.8727073775861,170.95811910760182,-0.1417375,-0.10536272,0.4121775,-0.80945945,123.0392,123.0392
7168,143.61620775538069,157.51194192051184,-0.2153631,-0.13268064,0.38472152,-0.7861711,107.001,107.001
7169,142.03209597977514,141.72881553671525,-0.20331812,-0.11473202,0.40457776,-0.7477502,113.94695,113.94695
7170,137.7174359918317,129.1260577950108,-0.18178968,-0.060017906,0.46503183,-0.7201771,109.873215,109.873215
7171,128.93820308588982,118.08294332649957,-0.13816908,-0.048573803,0.6341845,-0.6042343,128.96672,128.96672
7172,121.83896765782653,104.53865260094291,-0.17513673,-0.073879436,0.62751627,-0.6486297,123.573586,123.573586
7173,122.91094193791152,91.85399948133124,-0.21404436,-0.091738485,0.5804292,-0.6529396,123.66011,123.66011
7174,131.34360281807233,87.10930809474365,-0.16066158,-0.062369023,0.679003,-0.5860861,133.14279,133.14279
7175,140.09715805661637,92.1758634281455,-0.064089455,-0.02628213,0.76973873,-0.5060282,146.60371,146.60371
7176,142.89220808534998,104.45879812415873,-0.08453283,-0.009868173,0.8406716,-0.4636399,163.66882,163.66882
7177,139.4045553669087,118.40566667083921,-0.111888126,-0.043916542,0.8379928,-0.46203077,164.63348,164.63348
7178,136.55285904845744,125.33719856062174,-0.11205197,-0.01828712,0.8697619,-0.39650825,176.22046,176.22046
7179,142.58267379404955,121.28299748644169,-0.10155987,-0.033497274,0.89220345,-0.4049265,181.66817,181.66817
7180,156.75305574698814,112.07996407858656,-0.07603387,-0.046809513,0.9317559,-0.38971213,184.76985,184.76985
7181,168.97200205561248,106.14063570137333,-0.09054059,-0.04959519,0.92383784,-0.35923415,187.84468,187.84468
7182,170.8561714151746,106.73999127739428,-0.10338205,-0.04929842,0.9306497,-0.34437978,184.05412,184.05412
7183,163.32215605612421,111.79215696242237,-0.08834306,-0.05163982,0.96233433,-0.33943155,188.73746,188.73746
7184,153.2703573870687,117.2534534896033,-0.056542974,-0.031479407,0.9761927,-0.259971,195.68166,195.68166
7185,145.87069488966173,120.39405201442231,-0.056757625,-0.0067809694,0.95561993,-0.19692613,195.05505,195.05505
7186,141.05857910195922,121.75059231156295,-0.031833287,-0.010412428,0.9797583,-0.18956146,197.90182,197.90182
7187,136.04261280924862,123.52213926458268,-0.043055907,-0.036388334,0.96593505,-0.24518353,191.20024,191.20024
7188,130.4973321416206,126.14383082762573,-0.024397539,-0.048628498,0.9703117,-0.2678599,195.29092,195.29092
7189,128.46253703864107,129.20289527429412,-0.03153317,-0.05905704,0.937293,-0.3588931,201.79352,201.79352
7190,132.1670360984231,133.6537356472761,-0.028885111,-0.06363113,0.90857536,-0.39383858,202.551,202.551
7191,136.3094261187323,139.06416632222752,-0.02491283,-0.09976575,0.8969686,-0.44337744,198.414,198.414
7192,133.94218507432967,142.12284069627717,0.007686714,-0.09360193,0.90557647,-0.43736944,215.1595,215.1595
7193,125.09237771056584,141.5013404141942,0.0061203805,-0.093745455,0.8477688,-0.5083224,216.97047,216.97047
7194,116.31384470007029,141.27749955142255,-0.043208748,-0.08068492,0.8362348,-0.5278589,209.14575,209.14575
7195,114.70514068554303,146.53243632324373,-0.05006395,-0.083309345,0.82016337,-0.5505724,212.3712,212.3712
7196,121.49210223850159,156.00991265625436,0.014621145,-0.06475136,0.9212092,-0.5152939,213.05112,213.05112
7197,129.3368374025556,161.06050413399376,-0.040744167,-0.064361535,0.8811811,-0.51628804,211.79909,211.79909
7198,129.0325776334478,153.5634391066652,-0.044537645,-0.03141667,0.900334,-0.4981278,208.36235,208.36235
7199,119.51867073750115,135.09937064028594,0.044740006,-0.021213993,0.9954192,-0.4639388,204.98888,204.98888
7200,108.33430838792566,115.86023350984613,0.012172203,0.016216904,1.0236797,-0.31314725,197.06226,197.06226
7201,102.57171601739265,104.05458814618379,0.05141242,0.03566532,1.0546894,-0.30469474,183.10042,183.10042
7202,103.02094998687005,100.9334812352663,0.09380876,0.036081266,1.086898,-0.34977266,176.02899,176.02899
7203,107.51840941829046,105.45659341580674,0.07727855,0.049235906,1.0953367,-0.36815906,166.9842,166.9842
7204,114.92254806615841,116.09817455578003,0.09729697,0.050718118,1.1440704,-0.34160993,156.41922,156.41922
7205,124.48498495208598,128.72575448473793,0.12752184,0.034853444,1.1417778,-0.3933492,152.85564,152.85564
7206,134.56445501127072,138.89241653557048,0.08380618,-0.0093359975,1.1062897,-0.44433367,151.88841,151.88841
7207,142.05826830508693,144.38159746846006,0.09927307,-0.060422897,1.1049118,-0.5401396,140.64888,140.64888
7208,143.87029093208355,144.47357940369147,0.07363713,-0.04965154,1.0856465,-0.55913204,136.0464,136.0464
7209,141.0653142823566,140.75675661735752,0.09341314,-0.04777925,1.0823883,-0.54207,130.67004,130.67004
7210,139.32216984738753,137.63860208794532,0.0990279,-0.022624254,1.0945394,-0.4600661,128.25359,128.25359
7211,142.90626082471888,138.87108440333338,0.11221181,8.1933285e-05,1.1176883,-0.46010497,124.40452,124.40452
7212,149.7177523661592,143.3918511380437,0.07984548,0.054777604,1.0383737,-0.36160192,110.897644,110.897644
7213,153.6739067840674,146.002505984574,0.099746,0.047553413,1.1441517,-0.43494764,104.65976,104.65976
7214,151.632216188995,143.81727871005947,0.15111698,0.037959404,1.181005,-0.46647882,96.553955,96.553955
7215,147.295530207411,140.61587402478628,0.23852158,0.03913169,1.301956,-0.4131498,90.71588,90.71588
7216,147.2846894696714,142.48035180421024,0.2772056,-0.04113774,1.3063484,-0.53300685,89.2729,89.2729
7217,153.30369393863617,150.55785806699336,0.26745203,-0.05205881,1.2790561,-0.58439726,90.10336,90.10336
7218,160.56558565924968,160.2541546967366,0.29094884,0.035544638,1.3437648,-0.43618858,78.1488,78.1488
7219,164.3818909963455,166.7160412795152,0.0096352175,0.12738793,0.9453953,-0.15025498,45.98913,45.98913
7220,164.82545129965402,168.79030052394768,0.15088663,0.10840367,0.89259326,-0.3407506,56.845795,56.845795
7221,164.43886281518326,167.69321240227498,0.08320457,0.2672669,0.8156424,-0.12171582,41.555176,41.555176
7222,164.4758082469357,164.617795659701,0.03360404,0.23411699,0.73775756,-0.32398343,45.91435,45.91435
7223,164.2591974774908,160.757660805021,0.11451262,0.1998168,0.91368353,-0.3195271,51.32784,51.32784
7224,163.16344385468824,157.60247775016845,0.09409995,0.22949171,0.93068886,-0.2951487,45.711533,45.711533
7225,161.2760614633274,155.25999280017842,0.28411126,0.12807603,1.3701285,-0.2340936,75.60197,75.60197
7228,154.84561165343527,150.78442670773282,-0.13895005,-0.02330268,-1.2597703,-0.24099086,233.20999,233.20999
7229,134.39450412201745,139.4423377450423,-0.11805494,-0.010643781,-1.2284857,-0.22863692,243.01884,243.01884
7230,100.50085695430073,121.6266766190653,-0.04884008,-0.0381889,-1.0830525,-0.26281935,248.27672,248.27672
7231,78.10945340425933,107.87657587503281,0.011647816,-0.21771474,-0.9142259,-0.6978483,229.57715,229.57715
7234,91.21564381946655,106.62929836448771,-0.052459605,-0.08239988,-0.85700077,0.48785853,265.09888,265.09888
7235,128.57249236870155,112.42891672253715,-0.15227671,-0.095416054,-1.1455383,0.5209947,118.879234,118.879234
7238,158.65173958451177,115.62439047991603,0.008300828,-0.2281271,1.077321,-0.42951941,177.02841,177.02841
7241,166.39274196415855,112.43705133246492,0.12767904,-0.113027066,1.2384721,0.2707207,227.13681,227.13681
7242,157.97769513652574,106.87526282142338,0.09242144,-0.10177059,1.1624227,0.2787375,226.85942,226.85942
7243,144.21223622593635,108.17306650602882,0.034127142,-0.08154917,1.0549273,0.34508646,253.00322,253.00322
7244,130.45053960662975,117.54273683572872,-0.026837239,-0.032544482,0.8985942,0.43209136,287.73624,287.73624
7246,116.97779682766016,124.11015125751632,-0.032194357,0.23739128,-0.9253337,0.5557572,165.57834,165.57834
7247,106.49145615855073,122.696437611188,-0.042399827,0.23852272,-0.9828776,0.49657804,166.10268,166.10268
7248,105.07308039412554,123.63594100018656,-0.16868614,0.1647869,-1.3159184,0.2992318,140.31424,140.31424
7249,113.72969787330184,137.09665905758837,-0.035986487,0.14584982,-1.0821218,0.23972817,176.59352,176.59352
7250,128.86284178134855,158.42792629914732,-0.11411176,0.03980795,-1.2597632,-0.09911519,164.58646,164.58646
7251,146.73285662668522,173.89942894267173,-0.07786859,0.20835899,-1.3708166,0.20549837,129.09558,129.09558
7252,160.0473303592767,174.2514095824406,-0.057732802,0.32764983,-1.2133085,0.4347394,124.984375,124.984375
7253,158.88170983095955,162.12919809097724,-0.07883136,0.25121972,-1.1232044,0.18695445,152.46526,152.46526
7254,140.42173584783137,147.58839449846488,-0.104557365,0.19574736,-1.1043601,-0.05111941,166.4254,166.4254
7255,111.57283673609086,137.23147005153666,-0.11408053,0.20949912,-1.1110021,-0.03899546,164.9675,164.9675
7256,80.98957115614317,130.20013444584072,-0.08335618,0.121958084,-1.0402818,-0.11106512,177.90631,177.90631
7258,58.91940973169276,123.21354511476787,0.13134578,0.19587241,-0.42492467,-0.183722,136.76683,136.76683
7259,59.22841997584084,115.5240275655006,-0.068175495,0.035088476,-0.8702421,-0.579629,152.05006,152.05006
7260,81.25031549895267,103.28559705535332,-0.014256296,-0.064948626,-0.71427953,-0.59296167,198.38583,198.38583
7261,98.66598277681565,79.06381624109628,0.06620148,0.035581138,-0.6744057,-0.40099213,203.10608,203.10608
7262,89.73719589222844,52.5726684743309,0.04258246,0.07018855,-0.8163886,-0.2436089,183.34143,183.34143
7263,65.98574193712334,49.25690632195612,-0.09342949,0.09829056,-0.9292377,-0.28648293,183.30376,183.30376
7267,51.378744632849916,71.80047998338195,-0.28308913,0.03745145,-0.61106557,-0.9320667,190.05237,190.05237
7268,54.38815372527519,94.00899572237428,-0.31696805,0.047716003,-0.62062347,-0.93705225,210.32542,210.32542
7269,73.58945455946538,100.62294890892558,-0.2997758,-0.006893685,-0.55894876,-0.9741059,240.76077,240.76077
7270,102.39066162231605,104.7068192089813,-0.3089241,-0.018987183,-0.50202894,-1.0119109,275.17792,275.17792
7271,126.2850176130431,122.88844628317715,-0.3776988,-0.05442216,-0.49564946,-1.0453458,274.4275,274.4275
7272,137.6636212530587,152.29784733930492,-0.39816156,-0.12357616,-0.46908942,-1.0721217,270.95602,270.95602
7273,144.0262249153518,176.63210961097508,-0.4057668,-0.15167673,-0.41211754,-1.0784533,273.7905,273.7905
7274,153.03074470737437,184.81493973739177,-0.45936114,-0.20525734,-0.44594595,-1.100777,239.42395,239.42395
7275,162.48043801309677,178.93683679261017,-0.42296177,-0.14418954,-0.4759075,-1.1216183,245.90445,245.90445
7276,167.70526385109036,169.08965222497534,-0.36350033,-0.13142768,-0.3975783,-1.1058396,262.16046,262.16046
7277,169.18361370167855,163.68521870324403,-0.32489893,-0.14691058,-0.3920965,-1.1484263,270.18036,270.18036
7278,169.82603007709957,164.6365454678347,-0.40119293,-0.20892362,-0.4330263,-1.1335515,215.8399,215.8399
7279,169.81216879076146,167.4921242137182,-0.4737943,-0.07380116,-0.41386583,-1.072008,216.46794,216.46794
7280,167.7487262811516,163.42237314570949,-0.4259158,-0.073951565,-0.328075,-1.0940948,231.25232,231.25232
7281,165.0908674845832,149.7263967879183,-0.4035242,-0.075661026,-0.36424306,-1.1078619,234.67723,234.67723
7282,165.6756235698942,137.82597200858882,-0.4000695,-0.07303231,-0.41629344,-0.9884491,240.39844,240.39844
7283,170.33347198471077,139.1028960515742,-0.3830346,-0.04837764,-0.3627124,-0.8347409,240.41745,240.41745
7284,174.8149413265438,149.36963457319925,-0.3021879,-0.039115664,-0.14615469,-1.0379586,314.66238,314.66238
7285,174.9114674347167,157.35272396146607,-0.30374107,-0.060835015,-0.19901256,-1.0051521,313.17493,313.17493
7286,171.72065267994375,160.29383945234062,-0.24849305,-0.07388562,-0.087164834,-1.0087546,344.66916,344.66916
7287,169.53511445002266,162.8544314855091,-0.2224014,-0.07918139,-0.028947754,-1.044226,388.3107,388.3107
7288,170.46367750580924,163.97946494301695,-0.19523412,-0.08094626,-0.045047767,-0.9762577,402.88043,402.88043
7289,173.45946419134717,154.03601498474765,-0.22768028,-0.093988925,-0.08263173,-0.9709468,354.85995,354.85995
7290,176.6311553227853,130.0724666530088,-0.29028228,-0.1222927,-0.08235945,-1.0092609,309.05,309.05
7291,178.59441580764877,106.95308125763518,-0.30795667,-0.15999706,-0.13030697,-1.0208236,277.14474,277.14474
7292,178.78777271836552,103.42652637826419,-0.2675571,-0.14903794,-0.039285086,-1.0517132,267.9777,267.9777
7293,177.5791043645893,120.53312747180127,-0.27297333,-0.12416459,0.08901996,-1.0964072,265.86917,265.86917
7294,175.8503448617906,141.7249228551303,-0.26864478,-0.061178617,0.10656663,-0.9819834,313.42032,313.42032
7295,174.44106933922984,151.0349106268056,-0.2792784,-0.04846383,0.020062288,-0.97452307,305.66425,305.66425
7296,174.14472668756838,146.58462931303796,-0.26637924,-0.054893684,0.08526461,-0.95780736,313.9397,313.9397
7297,175.3130525682567,138.63639370011046,-0.23934102,-0.07638288,0.23327485,-0.9735269,338.56134,338.56134
7298,176.92856673965542,137.29985541621053,-0.23594394,-0.08581274,0.25842518,-0.95983255,341.71304,341.71304
7299,177.3019556812004,143.566269124106,-0.18625283,-0.122996725,0.4242008,-1.0177526,342.20197,342.20197
7300,176.00853581984464,150.71081047917951,-0.1550148,-0.12230114,0.50955045,-1.0196092,324.14606,324.14606
7301,174.37095115790567,151.83281335589402,-0.20404935,-0.13215806,0.48970556,-0.9703145,335.58884,335.58884
7302,173.9817402571876,146.83003408386534,-0.17987095,-0.10402944,0.48328245,-0.8699547,299.1742,299.1742
7303,175.03815860023016,142.05970907550793,-0.24705052,-0.1131095,0.43006223,-0.89701307,302.30695,302.30695
7304,176.46021451643568,143.39739283942413,-0.28296125,-0.16167873,0.34843558,-0.94268274,269.3269,269.3269
7305,177.4116937600677,151.49316772490474,-0.2616902,-0.15856513,0.33665243,-0.91307664,282.32523,282.32523
7306,177.90653199358883,162.52636154268896,-0.22809209,-0.15440272,0.31454167,-0.8371747,279.33905,279.33905
7307,177.8630100303159,171.3797175025661,-0.2378663,-0.13408442,0.31508076,-0.83798575,262.04355,262.04355
7308,176.65748180400408,174.17215297033,-0.22114646,-0.11601718,0.32079923,-0.71085536,263.77145,263.77145
7309,173.9999630054692,169.99871371535474,-0.1318714,-0.1510961,0.51946634,-0.84844834,301.30878,301.30878
7310,168.92269499926144,162.0179169959425,-0.110382535,-0.16412956,0.5398413,-0.80940247,333.27896,333.27896
7311,158.2363685295945,155.50407060042832,-0.11031572,-0.16585444,0.5513958,-0.774641,335.73517,335.73517
7312,141.382820727691,153.77924882428223,-0.10892234,-0.18544728,0.56138027,-0.75569737,326.94574,326.94574
7313,125.7601800294949,155.78750102634748,-0.02369308,-0.16228178,0.8810321,-0.6482683,363.832,363.832
7314,120.52038377017334,157.2829402661694,-0.027507227,-0.13302031,0.8784755,-0.5904336,390.6544,390.6544
7315,126.39573994064064,155.31232190694968,0.013532961,-0.10462225,0.9166447,-0.60666716,369.4525,369.4525
7316,136.007645738729,151.2592969109602,0.016759697,-0.038065646,0.90700257,-0.49889323,382.68387,382.68387
7317,141.62541815927287,147.8925514589115,-0.057862237,-0.04565214,0.8090177,-0.46692994,398.90723,398.90723
7318,139.78429810391043,143.88601069162686,-0.094135985,-0.049571387,0.719914,-0.49407634,387.99826,387.99826
7319,131.52488131007172,134.67765107452374,-0.1844386,-0.04110567,0.6356047,-0.52428705,359.69916,359.69916
7320,121.10492944421729,120.11966046110102,-0.1696001,-0.038573485,0.64718086,-0.51442695,365.2799,365.2799
7321,113.9123370420996,106.3050354712414,-0.15732776,-0.04193426,0.7268341,-0.47550386,360.19965,360.19965
7322,114.47716150031593,98.44009664141976,-0.14890122,-0.044104457,0.8450042,-0.42982078,370.3373,370.3373
7323,123.63146303703866,97.20763731864042,-0.16232154,-0.026792571,0.9081589,-0.34936154,369.51657,369.51657
7324,136.48945331629835,101.18809539606288,-0.12377666,0.002634579,0.9657736,-0.26508322,400.35962,400.35962
7325,146.3572094789742,108.15558975992569,-0.09897938,0.042365994,1.044962,-0.16532256,416.72354,416.72354
7326,151.15270863803613,115.1774320144139,-0.08759121,0.043535788,0.996737,-0.24057253,442.4622,442.4622
7327,154.04718463395025,119.83390197310037,-0.1323544,-0.0347444,0.9266323,-0.3801911,436.90823,436.90823
7328,158.64912492748124,121.41390442020528,-0.112599865,-0.019730734,0.96893746,-0.2536811,443.52936,443.52936
7329,165.44648521295875,120.99732173589872,-0.10637767,-0.041214965,0.952959,-0.24120812,452.31955,452.31955
7330,171.99035006535527,120.2952259817363,-0.09408003,-0.022058003,0.97681403,-0.14434975,469.0863,469.0863
7331,174.56542132819126,120.5045231716266,-0.1273465,-0.021269172,0.9378054,-0.1525369,457.08417,457.08417
7332,170.88241696712865,121.55392198685666,-0.09435107,-0.0042536333,0.95651335,-0.118010856,472.44623,472.44623
7333,162.64805514218597,120.89562666637201,-0.09490441,0.013833004,0.97708243,-0.10111156,470.93863,470.93863
7334,153.90973064726487,115.73455100448739,-0.062064365,-0.003844532,0.98016477,-0.08597949,478.45798,478.45798
7335,147.48748604237497,108.57801130904333,-0.047882285,0.023774251,0.99798244,-0.05040495,504.32672,504.32672
7336,144.7414217311019,106.44107984289712,-0.038228683,0.012160271,1.0048997,-0.025976595,508.18665,508.18665
7337,145.24698021411695,110.57360970100066,-0.044819664,0.01424873,0.97516316,0.022826781,490.171,490.171
7338,142.38573637834932,108.93784571120815,-0.050466746,0.028475963,0.96827465,-0.011139149,480.19272,480.19272
7339,122.73349586505044,87.99288550371136,-0.06619288,-0.0107793175,0.9446299,-0.124729075,498.9119,498.9119
7340,83.27694091022444,54.252943215698345,-0.056686565,-0.031064652,0.95125514,-0.2270769,526.3877,526.3877
7341,48.20829963487199,32.91220050537051,-0.05847219,-0.04073087,0.94760054,-0.27145597,537.22076,537.22076
7342,46.23769091338088,40.58752515639093,-0.06462462,-0.040773578,0.9217466,-0.28828326,552.765,552.765
7343,76.04317181269259,69.77562450696149,0.0027115734,-0.12269193,0.95949525,-0.40770638,446.67117,446.67117
7382,115.46275453492514,105.0206734010387,-0.0068351044,-0.06505292,0.92864376,-0.19811232,328.23642,328.23642
7383,149.2723957369275,139.07248821365454,0.002074654,-0.07255596,1.0415784,-0.18819131,392.16113,392.16113
7384,172.2513284445275,167.10187290096346,0.0007276854,-0.03875048,1.0002531,-0.10592804,396.06128,396.06128
7386,182.71685106783315,182.82043968083755,0.01532002,-0.002543774,1.0047541,-0.040103264,355.30225,355.30225
7387,183.06581732504978,185.37814358191258,0.013136962,-0.085216895,1.0004116,-0.23202823,385.075,385.075
7396,179.0568613975041,180.6614372094887,-0.0016238408,-0.0030145936,0.96790266,-0.096032806,292.42615,292.42615
7397,175.21683946415487,174.80907422486612,-0.0008286924,-0.007958479,0.97155863,-0.08777111,268.75748,268.75748
7398,171.99408218631044,169.533615799554,-0.001993846,-0.0019139071,0.97880846,-0.07141394,234.21066,234.21066
7399,168.68264374807907,164.8518888328886,-0.003289034,0.018057326,0.96720856,-0.03128191,208.87949,208.87949
7400,167.01633764701901,162.92078052514796,-0.0046079843,0.018522494,0.9693313,-0.026704973,191.0799,191.0799
7401,168.78135167598248,165.34254947558927,-0.008521498,0.036256436,0.9670332,0.033683464,197.26933,197.26933
7402,172.47418860041512,169.99605564967607,-0.007914353,0.031912405,0.94291157,0.021213211,207.4054,207.4054
7403,175.00700450347247,173.35431779287492,-0.015574811,0.009837512,0.94669497,-0.027649809,193.44167,193.44167
7404,175.2897886106847,174.0271822995851,0.01830617,-0.035666306,1.0107564,-0.11851384,170.4941,170.4941
7405,174.79894987233897,173.26425073566116,0.0052466677,-0.023855552,0.9651818,-0.09668426,180.9882,180.9882
7406,175.05511091776995,172.76047918635288,-0.010946268,-0.021286385,0.9532484,-0.06755087,181.51186,181.51186
7407,175.71936300994082,172.7974095822749,-0.016482914,-0.028914345,0.9481204,-0.06579876,179.69603,179.69603
7408,175.53884518541926,172.7903091391377,-0.016020406,-0.030284612,0.9518067,-0.061794747,187.61548,187.61548
7409,174.32380961583817,172.5404877256049,-0.012650101,-0.027156474,0.96370244,-0.04466708,182.57326,182.57326
7410,173.30945557835392,172.23983374039253,-0.011841566,-0.008372534,0.9597848,-0.032498516,179.8598,179.8598
7411,173.53614473545608,172.02121260450497,-0.012560068,-0.01234483,0.9470289,-0.040619433,178.96909,178.96909
7412,174.60070079720774,172.02148828862838,-0.02227885,-0.014264388,0.9318887,-0.046341196,173.44687,173.44687
7413,175.57064437543013,172.4513716520246,-0.0031679922,-0.03626172,0.9865488,-0.07239476,175.72696,175.72696
7414,176.2494237900773,173.3772248293779,-0.010698844,-0.009381962,0.9503584,-0.033109773,174.40256,174.40256
7415,176.75124239017185,174.5034344468782,-0.018187,-0.007984997,0.9285032,-0.042548716,172.70529,172.70529
7416,176.68916665986427,175.17890140785843,-0.008966184,-0.018922033,0.96665716,-0.057357233,167.3565,167.3565
7417,175.66492290271074,174.8233431776675,-0.010788515,0.0101915095,0.94564193,0.0003472645,166.55443,166.55443
7418,173.90345270848366,173.50858582459043,-0.0139402365,-0.0023161394,0.9589418,-0.037483294,157.16068,157.16068
7419,172.0753566266555,172.2141774586645,-0.001300369,-0.0072545893,0.9916287,-0.06722311,154.65674,154.65674
7420,171.090725374072,172.2714216958785,0.0045529604,-0.009348875,1.0027457,-0.07204975,157.70346,157.70346
7421,171.5589782453455,174.03375691308167,-0.0071380897,-0.0073931455,0.96757686,-0.07638379,149.5334,149.5334
7422,172.83661624197956,176.26032630029334,0.004220565,-0.01832566,0.9968844,-0.090636104,146.05986,146.05986
7423,173.30956774376185,177.31595376973024,0.009012119,-0.034660038,1.0144054,-0.13538079,154.00134,154.00134
7424,172.27476697805048,177.00809376370256,0.0051871655,-0.03606331,1.0065084,-0.13500592,150.27089,150.27089
7425,171.1384057556194,176.5566543553823,0.010605601,-0.018140612,1.0203409,-0.09220773,148.26013,148.26013
7426,171.8176820204506,176.59262772882056,0.0030005442,-0.0035092798,0.9979106,-0.0697724,147.0884,147.0884
7427,174.2073703019194,176.5801756930923,0.0025943993,-0.01856536,0.997921,-0.09477574,150.94113,150.94113
7428,176.35940358224826,176.3264985534402,-0.009833273,-0.0051463842,0.95663404,-0.054170232,149.89914,149.89914
7429,176.7643152995444,176.2227889131434,-0.008135514,0.005069045,0.949653,-0.048774432,145.25974,145.25974
7430,175.49560062029323,176.07900514359375,-0.0058713653,0.0075491015,0.9532599,-0.037136953,139.36066,139.36066
7431,173.5928140360368,175.24513383579054,-0.012365383,-0.02127412,0.9628457,-0.10022942,136.9238,136.9238
7432,172.00731758252132,173.5904212005861,-0.008046765,-0.014677135,0.9646347,-0.07745103,133.80037,133.80037
7434,167.83550646741926,171.01801496651117,-0.20710415,-0.08809419,-0.5735553,0.81694835,87.81224,87.81224
7435,153.74605353561336,167.10185168433122,-0.20655622,-0.070463434,-0.60061187,0.880823,96.721634,96.721634
7436,133.4865618704898,163.6642011483891,-0.13492246,-0.08264907,-0.5181479,0.869464,93.24158,93.24158
7437,127.67746215672224,164.48675805025528,-0.180003,-0.081875704,-0.5409384,0.88009626,82.75178,82.75178
7438,146.40646046252326,169.153429929131,-0.1939221,-0.06986235,-0.58057994,0.84364504,73.517105,73.517105
7439,173.53775333514014,172.147497350873,-0.30394256,-0.11145628,-0.843413,0.7446422,56.974434,56.974434
7440,188.48660056520697,170.09500511690973,-0.19201848,-0.1088829,-0.76175785,0.7906997,54.32814,54.32814
7441,186.90255230955987,165.5493726320228,-0.31020012,-0.13255346,-1.0199257,0.74017674,46.993313,46.993313
7442,177.70689417477988,162.53513451210662,-0.34885508,-0.07545842,-1.2474474,0.726155,35.037712,35.037712
7443,170.06584755223517,161.62799963692737,-0.3469125,-0.11416097,-1.2164545,0.68843937,33.16593,33.16593
7444,165.5442311080518,161.83659784060475,-0.22852585,-0.06989396,-1.1509385,0.60924584,40.767406,40.767406
7445,160.6085990085562,163.831344437887,-0.12836121,-0.025931582,-0.8930794,0.7720436,58.436478,58.436478
7446,154.91101766468682,167.44382109563145,-0.12921718,-0.03406912,-0.8216887,0.80758214,55.64608,55.64608
7447,153.17397860337712,169.49591645609885,-0.059649646,-0.020356972,-0.7514249,0.7568278,61.41002,61.41002
7449,157.43280208879895,168.0645613971823,-0.0070305886,-0.0038974,0.08869059,0.97440434,153.90337,153.90337
7456,163.50573513977645,165.73814820220446,0.16587761,-0.028546844,0.37847874,0.9441679,113.6224,113.6224
7457,166.70072342088415,165.26402572232084,0.1910258,-0.016329596,0.29475388,0.9057555,100.269455,100.269455
7458,165.56365654887176,165.36178278675632,0.119206086,-0.0018439696,0.08106654,0.957949,132.61464,132.61464
7461,162.14049867560388,163.8888862631022,-0.6050938,0.06639042,-1.1839085,-0.9470898,88.585,88.585
7462,161.21863888732528,162.27737202876892,-0.6578465,0.09507951,-1.2859691,-0.7876919,83.21218,83.21218
7463,165.26024675456307,163.90986659906014,-0.6531514,0.082292035,-1.2462678,-0.76549184,88.97087,88.97087
7464,171.35823409566723,169.24956321918268,-0.6984522,0.052523427,-1.2830338,-0.8928215,91.82623,91.82623
7465,175.15695189499405,175.01936074093499,-0.62219745,0.10213489,-1.3160123,-0.89994836,97.57209,97.57209
7466,174.8783917665728,178.0870524480508,-0.55976593,0.11859696,-1.3338622,-0.8019376,103.37747,103.37747
7467,171.64057624110418,178.0980339644762,-0.5799289,0.1388216,-1.3752759,-0.73248804,106.013176,106.013176
7468,167.8221235344177,176.6900571130982,-0.5443425,0.11546227,-1.3237641,-0.7598645,112.87449,112.87449
7469,164.9478958846203,175.88425090398422,-0.6436391,0.1554665,-1.5082241,-0.66139364,100.05308,100.05308
7470,162.71263370941605,176.57113722076505,-0.65830696,0.1894641,-1.6437073,-0.52199256,95.13318,95.13318
7471,160.28653831110447,177.9753980616056,-0.6049456,0.19920598,-1.5278267,-0.52321404,110.07737,110.07737
7472,158.0628208041318,178.93463961502115,-0.64036906,0.22795041,-1.5267904,-0.41899493,103.61914,103.61914
7473,157.37479139125506,179.0539025926109,-0.6416926,0.19897126,-1.5603427,-0.4339974,99.88604,99.88604
7474,158.86277485687137,178.58421846745415,-0.5437534,0.23680305,-1.4954765,-0.37931907,102.262856,102.262856
7475,161.77137421275347,177.9968052390782,-0.62337106,0.24306181,-1.620033,-0.3808039,92.85255,92.85255
7476,164.7671520976358,177.5503515355598,-0.52690345,0.22130914,-1.4127891,-0.53779656,105.8759,105.8759
7477,166.99769323770727,176.95321891867772,-0.5241633,0.25229543,-1.397633,-0.37269023,105.92682,105.92682
7478,168.37527105550458,176.00702455032584,-0.5860087,0.26210582,-1.5409943,-0.32976606,94.46768,94.46768
7479,169.27566049102555,175.39887092757306,-0.6446388,0.24679598,-1.6522661,-0.34996668,87.919136,87.919136
7480,170.17853893378708,175.42830439459163,-0.55946004,0.1987691,-1.7608134,-0.33462128,102.78193,102.78193
7481,171.43343504825572,174.6056139366585,-0.5407729,0.1777878,-1.5207053,-0.5716986,108.8198,108.8198
7482,172.87092875260356,171.56400507344296,-0.47203052,0.09903028,-1.2757263,-0.65080434,127.38765,127.38765
7483,173.39793974964388,165.64015481571198,-0.45340848,0.07543929,-1.1680506,-0.67773575,138.063,138.063
7484,171.70557311780223,154.01492627402124,-0.4303808,0.12634163,-1.1623641,-0.61258227,143.53078,143.53078
7485,168.41221682157115,136.27973810343687,-0.41981286,0.05842314,-1.2177529,-0.7292954,139.31189,139.31189
7486,166.70129854526164,121.74715749763676,-0.5513636,0.2084584,-1.4345449,-0.3614675,112.89117,112.89117
7487,168.81595968623049,121.20327835186785,-0.71830696,0.101941735,-1.5939405,-0.7175995,92.18403,92.18403
7488,173.2075752642111,134.896872724957,-0.8821048,0.13951395,-1.5130583,-0.5698083,84.94282,84.94282
7489,176.83064064719983,154.569519685073,-0.80623144,0.14357834,-1.4574093,-0.6158626,83.48454,83.48454
7490,178.10539361007588,170.41375863882044,-0.6578877,-0.03950649,-1.2470952,-0.78682995,94.69941,94.69941
7491,177.23211296799627,176.22756825849805,-0.5665804,-0.039536227,-1.0953306,-0.88661146,109.159,109.159
7492,175.39926629266304,172.84040997057588,-0.6149919,-0.059703264,-0.9377526,-0.9127691,101.19832,101.19832
7493,173.61220887954408,166.12846374174163,-0.63833284,-0.030259758,-0.90621275,-0.97406745,97.11243,97.11243
7494,172.01087878431366,161.78578423341023,-0.6296229,-0.07391826,-0.7974324,-1.0624456,101.54394,101.54394
7495,170.36050866890457,161.38321191497084,-0.61757916,-0.08481799,-0.67569244,-1.120543,106.167496,106.167496
7496,168.74136521107917,162.05321574223535,-0.43281323,-0.05770987,-0.15542212,-1.1508342,144.01305,144.01305
7497,167.70242555654852,160.23305767714277,-0.41261625,-0.12410147,-0.15103427,-1.218456,144.10889,144.10889
7498,168.0068389362987,155.10610665995617,-0.38990322,-0.17222427,-0.06943729,-1.2627296,148.423,148.423
7499,170.11447450634662,148.2738098607224,-0.3814882,-0.12842627,0.012641761,-1.2561898,153.45016,153.45016
7500,173.66544748951674,142.27128535346694,-0.40716627,-0.13696562,-0.02191533,-1.2125174,155.787,155.787
7501,177.4277964973276,139.9853546875957,-0.44594708,-0.13603497,-0.09317587,-1.1746955,153.76457,153.76457
7502,179.85768337294422,143.0094897290085,-0.4212397,-0.108343564,0.05281053,-1.1072601,158.0634,158.0634
7503,179.82421001768287,149.31393279542849,-0.3606386,-0.11179035,0.14997584,-1.0880293,171.82333,171.82333
7504,176.75252477011026,154.1336483839472,-0.31190476,-0.12192422,0.21050254,-1.1128672,170.15614,170.15614
7505,170.48452320281592,154.23329918249925,-0.24061029,-0.117085986,0.30895296,-1.1183182,190.159,190.159
7506,162.05557848607899,150.5586973434653,-0.35696635,-0.19214502,0.15504959,-1.2942331,148.32428,148.32428
7507,154.50083446652334,146.57720838146565,-0.37167278,-0.15544617,0.13282594,-1.2508233,145.18843,145.18843
7508,151.42230695048895,145.70350841425733,-0.41024086,-0.14857045,0.04209845,-1.2091365,141.12833,141.12833
7509,153.53365186394822,150.03488072761021,-0.52060735,-0.2348571,-0.12483159,-1.4448936,106.61728,106.61728
7510,156.51774727737006,158.02284241832058,-0.43400735,-0.13107477,-0.046782102,-1.2794571,132.7031,132.7031
7511,154.41734146110116,163.79223637080884,-0.37186834,-0.13229394,-0.13779926,-1.2096484,139.2114,139.2114
7512,146.8941112615461,163.14684024843203,-0.24217813,-0.06285303,-0.008036705,-1.1658338,184.6387,184.6387
7513,140.96814362724993,158.76198056346416,-0.19513254,-0.038104463,0.008340331,-1.0888523,213.52675,213.52675
7514,139.34842503079875,155.98183998196419,-0.23744954,-0.14214425,-0.13848868,-1.1973548,163.70923,163.70923
7515,131.96691480290536,156.94140825067444,-0.21838643,0.05657931,-0.20655617,-0.9883829,132.32428,132.32428
7516,117.00091440554458,160.88683541334274,0.06802544,0.18216069,0.48691902,-0.8992667,82.3164,82.3164
7517,115.28699534504563,166.32142099235153,0.09504685,0.1821502,0.16582869,-0.80031717,73.18682,73.18682
7518,138.82315310936943,171.57019970551212,-0.26435465,0.033732556,-0.6192895,-1.0029655,144.76172,144.76172
7589,168.73013242302187,175.2959438155529,-0.08086004,-0.05270905,-0.54352677,0.84997606,173.10773,173.10773
7590,181.10142684850297,176.83784482271034,-0.1124668,-0.046321712,-0.55508465,0.8593812,175.3431,175.3431
7591,174.63585175644954,176.14020869332356,-0.09687428,-0.031873792,-0.55606633,0.82718086,177.0187,177.0187
7592,165.55336027637628,173.9197115218456,-0.07060898,-0.036757458,-0.5570203,0.82076406,186.78531,186.78531
7593,165.82280737060702,171.4410715102371,-0.039760515,-0.040955853,-0.5206026,0.7955677,196.31697,196.31697
7594,173.34890309446627,169.94084705847993,-0.052517753,-0.04976455,-0.524651,0.8163781,207.72714,207.72714
7595,179.16787256003315,169.9471015339768,-0.06177135,-0.044107597,-0.6034077,0.7538286,202.84433,202.84433
7596,177.7798432210999,170.6491867271183,-0.050156742,-0.04201239,-0.56684804,0.76497245,199.30563,199.30563
7597,171.65263785899322,171.2984865054506,-0.014274575,-0.007182889,-0.5913653,0.7858891,199.09384,199.09384
7598,167.61997147896062,172.81128967232007,0.022909664,0.012298751,-0.5755633,0.79444534,195.12888,195.12888
7599,169.35655367163744,175.7634475655463,0.06561677,0.03909838,-0.5723686,0.8092279,198.6847,198.6847
7601,174.51389208434975,177.72814339716678,0.09584742,0.23982403,-0.79654634,0.6440284,50.942963,50.942963
7602,177.38829455136707,171.0034331046086,0.00032920687,0.30422986,-0.81179565,0.74937093,34.299114,34.299114
7603,173.67093171421607,144.64267026612208,-0.025626358,0.31045222,-1.2233891,0.7354848,24.967712,24.967712
7604,164.36401407653426,102.43397662512434,-0.037219543,0.0437691,-1.0842925,0.39590564,34.07483,34.07483
7605,153.90910621359689,74.52788692800293,-0.37008736,0.012104352,-1.9100724,-0.077064425,20.696589,20.696589
7606,145.78920605493843,88.15572297986688,-0.57699883,-0.4677857,-1.6042762,-0.59429353,18.529655,18.529655
7607,140.2324387793643,132.25299476370716,-0.4025505,-0.267238,-1.4000893,-0.18496554,21.372059,21.372059
7611,133.48814461660322,168.85174767346763,-0.08416312,-0.29076836,-1.1631544,-0.27230212,15.071846,15.071846
7612,123.72244420457339,172.5067060892957,-0.19295911,-0.35300747,-1.3251888,-0.61293286,17.407879,17.407879
7614,117.79358349549321,150.93932659527897,-0.35168418,-0.012027761,-1.5058057,-0.19291775,11.34156,11.34156
7616,124.42804969310357,130.2196489140657,0.060255513,1.0128459,-0.80781937,1.271193,11.296295,11.296295
7617,140.94201473871559,123.9090802481241,0.06571019,0.4588198,-0.8260043,0.73544335,18.975554,18.975554
7618,153.72358589177207,124.18745161076389,0.034235828,0.8727264,-0.8241377,1.3036952,15.617206,15.617206
7619,152.90652675173087,118.94431620844067,0.036794182,0.44944125,-0.86819273,0.73419106,23.27665,23.27665
7620,141.23650415007054,105.9363666587707,0.01533979,0.28927028,-0.94636345,0.5421724,22.24193,22.24193
7621,128.97940055889322,94.36417943005259,-0.08236775,0.36168292,-0.98018557,0.65501475,22.092411,22.092411
7622,125.7738804837728,97.36964746630285,-0.25170285,0.5204711,-1.1902455,0.9859988,17.135239,17.135239
7623,136.0560192288761,117.58803079538674,-0.26331753,0.6171028,-1.221602,1.0904881,15.293239,15.293239
7624,155.4484138221079,140.4194356841985,-0.24284226,0.7291006,-1.1351844,0.7952137,12.9242325,12.9242325
7625,168.61877965092236,149.2927211193372,0.03491476,-0.15904364,-0.9921087,-0.40123296,26.602875,26.602875
7626,157.33866633912425,142.4781245253966,-0.039876357,-0.016429596,-1.0121859,-0.26478824,24.067314,24.067314
7627,120.02903014501882,123.81963821159678,0.0011109496,-0.014903073,-0.9718096,-0.045055695,32.853897,32.853897
7628,77.58497754533373,92.76339746377903,-0.05910072,0.03853938,-1.0742105,-0.1571251,38.91331,38.91331
7629,51.41741428902748,57.337999950522104,0.03586692,-0.034085535,-0.94605386,-0.29672128,24.754799,24.754799
7630,44.20916444612313,38.87099611963275,-0.11240522,-0.006511385,-1.0969155,-0.45074138,20.753162,20.753162
7631,45.81675752811995,52.064031108867326,-0.048252244,-0.095438465,-1.0468212,-0.6813118,25.822046,25.822046
7633,49.096225376164966,87.02313190490928,0.00882583,0.12009656,-0.89943683,0.22639976,303.2453,303.2453
7634,57.105496107344244,118.84856251759068,0.0031472654,0.13617878,-0.90421385,0.30159998,315.17627,315.17627
7635,74.91865294732723,133.68398990497116,0.01448569,0.143427,-0.8835985,0.32295814,290.21603,290.21603
7636,98.71838301787874,136.88472096110587,0.01735594,0.13904738,-0.9177068,0.33072117,277.65536,277.65536
7637,120.90300792899946,140.7265366720154,-0.017847834,0.125087,-0.9212668,0.3332955,277.4718,277.4718
7638,136.51915222772323,150.95447783897237,-0.017215857,0.13526854,-0.9304754,0.3717451,260.6566,260.6566
7639,138.78209461518472,161.73328488956338,-0.017770618,0.08697597,-0.9610467,0.32782638,261.0407,261.0407
7640,125.14780899203106,162.86766593049373,0.034909405,0.047034744,-0.8950414,0.3055537,231.20848,231.20848
7683,110.47532035243123,150.85945489667046,0.019892355,0.1580216,1.0101017,0.1862222,346.68097,346.68097
7684,116.17663964431918,135.15686436443556,0.017208256,0.16688144,0.9876857,0.23628297,351.6049,351.6049
7685,144.06500012084578,131.93043769808176,0.011313012,0.18260106,0.96324307,0.27536377,347.0039,347.0039
7686,174.36493773323485,145.36874726331686,-0.022212107,0.20924921,0.94999707,0.29842365,329.8787,329.8787
7735,186.68823097369423,159.43112903872597,0.027443334,0.05509353,-0.7552707,0.65685236,176.14421,176.14421
7736,174.50828938378595,147.8218253796672,0.04459864,0.06636117,-0.6873001,0.7086807,164.13074,164.13074
7738,145.73941514281066,101.05176830574408,0.14899224,0.05848294,-0.05209759,1.0440112,137.25227,137.25227
7739,112.58216312860773,51.04785878428764,0.09511362,0.04974255,-0.043566987,1.0702941,130.89493,130.89493
7740,84.91168981214237,41.64604824696251,0.18107015,0.010637215,0.25846577,1.05085,121.0465,121.0465
7741,74.31657396609266,75.82145398291166,0.18295634,-0.020065382,0.41517663,1.0097733,133.4687,133.4687
7742,87.89396277480824,121.65587072824785,0.14850944,-0.034346998,0.43270132,0.9822429,135.59341,135.59341
7744,118.39685569832098,153.55016782313578,-0.16006288,-0.013039855,-0.42784712,-1.0511246,122.015495,122.015495
7745,148.89645702079432,163.70619184034393,-0.18185934,-6.1516424e-05,-0.45515892,-0.9999462,109.13942,109.13942
7746,160.48854524099417,152.45274070487005,-0.18967955,0.012019433,-0.45062345,-0.97418684,109.57394,109.57394
7747,145.07222904742625,129.61282368980838,-0.15650709,0.020598592,-0.40283072,-0.9725197,104.10761,104.10761
7748,119.75449013665956,115.39264291257291,-0.17594011,0.029793201,-0.41532335,-0.96947384,103.87973,103.87973
7749,112.70163104964428,121.79643667734904,-0.15570539,0.023105843,-0.33853287,-0.99557954,101.2584,101.2584
7750,131.34661535930408,139.2441191222268,-0.17452882,0.016461382,-0.30556467,-1.003666,96.88055,96.88055
7751,157.693045193454,151.4890425277544,-0.17209762,0.0013556862,-0.2366852,-1.0083029,99.09253,99.09253
7753,170.25236530296763,150.55808486130698,-0.14924255,0.055884276,-0.6802664,-0.88961315,149.07472,149.07472
7754,159.29103064024284,133.37079852892347,-0.15826997,0.023076426,-0.6138457,-0.900881,137.88464,137.88464
7755,131.4569538795922,106.13794837787417,-0.11035879,0.09613269,-0.43276322,-0.84821093,111.879845,111.879845
7767,109.13693716455316,88.96415295385269,0.18094067,0.13283412,-0.59141475,0.704312,46.950077,46.950077
7768,110.77120846093466,95.66433762293147,0.1347769,0.18593305,-0.6654199,0.7329603,49.60137,49.60137
7769,129.1525424645526,119.30138191778354,0.15571171,0.21202318,-0.7673814,0.7430577,52.15546,52.15546
7770,144.40623833724976,145.2541246430374,0.10785815,0.21564308,-0.85279745,0.60682297,65.83772,65.83772
7771,151.01105440129206,164.29276996744244,0.030227892,0.08986701,-1.0494592,0.016934669,87.29262,87.29262
7772,156.4575547333106,170.09058472187223,0.025410496,0.048070442,-1.0424656,-0.063086286,90.313934,90.313934
7773,164.24235242115108,158.3397503929156,0.019885309,0.028991874,-1.0182483,-0.1685446,90.11945,90.11945
7774,171.45989422495532,134.70609860764938,-0.0037669337,0.03569046,-1.0606822,-0.199979,88.92138,88.92138
7775,175.69772046235596,113.83632382873964,-0.016353317,0.019390557,-1.0796748,-0.20979203,89.68668,89.68668
7776,176.8396252580162,106.10813655962308,-0.020751415,0.031000758,-1.086793,-0.17838554,91.77297,91.77297
7777,175.17618802034073,110.06844329457428,-0.031176029,0.0066178017,-1.0851771,-0.2185535,90.42107,90.42107
7778,170.6844152067119,117.36388194963972,-0.055714946,0.045136034,-1.1045117,-0.13296826,87.73121,87.73121
7779,162.78471173434647,121.78539811932481,-0.084500685,0.0460956,-1.0806974,-0.12993133,84.90391,84.90391
7780,150.33848879634894,124.0919453944554,-0.0901149,0.041037895,-1.0852087,-0.15755968,80.721054,80.721054
7781,135.1303085991825,128.6051254042686,-0.064423524,0.020889066,-1.0396221,-0.15254296,81.978935,81.978935
7782,124.2886745989153,136.18202941417914,-0.0355761,0.027243672,-1.0046791,-0.085949264,87.38008,87.38008
7783,123.89382569953565,143.14172077254293,-0.07423447,0.019652892,-1.0504283,-0.12267497,84.52979,84.52979
7784,131.6077170167897,146.53342803161726,-0.0829486,0.0107951565,-1.0464993,-0.12893407,84.45289,84.45289
7785,139.78556824715915,148.40960068294606,-0.07129202,0.005484747,-1.0361619,-0.13572532,81.914406,81.914406
7787,144.70572097507184,153.18672391814846,0.16236933,0.030450081,0.25531876,-0.97199315,90.2446,90.2446
7788,149.8725574646365,161.45376648827607,0.19762678,0.026540644,0.26259542,-0.9706207,79.22994,79.22994
7789,159.3791827950731,169.74789290808795,0.18551582,0.01052827,0.25552452,-0.978097,76.73258,76.73258
7790,171.09366276505295,175.38714283932066,0.1910467,0.00572276,0.23727734,-0.984988,77.55832,77.55832
7791,179.24763477506139,178.2177740804709,0.19080442,0.009502675,0.22585389,-0.9892051,77.70478,77.70478
7792,180.96040226891586,179.0208282129309,0.19426028,0.007707361,0.23446846,-0.99232596,78.27608,78.27608
7793,178.0143784542802,178.7166779882954,0.19458255,0.008910191,0.2517942,-0.9944793,77.13829,77.13829
7794,174.35591884421572,178.2683677330033,0.19236577,0.0062974724,0.27970675,-0.99561876,77.21623,77.21623
7795,172.96501049946983,177.88156429547092,0.18933263,0.0017594259,0.26577327,-0.9964276,76.94327,76.94327
7796,173.99407915040086,176.84965383119706,0.18700406,-0.0018400417,0.28099093,-0.99926585,76.54099,76.54099
7797,175.49293981831565,174.73164688920906,0.19463356,-0.0008652391,0.2788112,-0.9997423,76.219955,76.219955
7798,175.89920215876694,172.13856837616393,0.20817104,-0.0005818877,0.28792527,-1.0013916,76.30866,76.30866
7799,175.33265276700772,170.30185967509937,0.18581322,0.002920267,0.287018,-0.99995047,75.79581,75.79581
7800,174.87035569842874,170.08501612060445,0.20575039,0.0034063838,0.30764216,-0.99963903,76.15096,76.15096
7801,175.17369726139054,171.31364790854718,0.1887448,0.003933876,0.31576145,-0.99623,76.62993,76.62993
7802,175.91519573829993,173.05641596650653,0.17230687,0.0038404963,0.32973513,-0.9928632,77.02309,77.02309
7803,176.62535334584834,174.50179971522672,0.16840154,0.005060296,0.3301698,-0.99119693,77.23631,77.23631
7804,177.41050410630945,175.470541863496,0.17136112,0.0069344365,0.32667953,-0.9909564,77.15611,77.15611
7805,178.29488481654715,176.01430445517832,0.17866823,0.009205206,0.32882982,-0.9908025,76.89064,76.89064
7806,178.6935711175181,175.9917123593319,0.1848197,0.008938076,0.33710852,-0.9886529,77.11274,77.11274
7807,178.17550864080442,175.66449713600835,0.18493998,0.009820771,0.33441994,-0.987501,77.11143,77.11143
7808,177.09662661912347,175.80263187005568,0.18537307,0.008062621,0.33869767,-0.98937243,76.74228,76.74228
7809,176.04569871887134,176.49287258296502,0.18532677,0.00032561552,0.3148714,-0.99177414,76.38403,76.38403
7810,175.36023919882842,177.08816572736032,0.20231454,-0.0028547153,0.3285996,-0.99313164,75.66548,75.66548
7811,175.21818869056318,177.2495228024425,0.1896626,-0.00930003,0.3223699,-0.99530065,74.50203,74.50203
7812,175.41762654100273,176.89090232213582,0.19954652,-0.007931824,0.31981257,-0.9971868,74.31034,74.31034
7813,175.40247641164325,175.93783464850543,0.19726367,-0.012875766,0.30846798,-1.002818,73.85407,73.85407
7814,174.99611217758718,174.5120553150124,0.19199006,-0.012158796,0.30185446,-1.003712,74.323685,74.323685
7815,174.6184075926092,172.71663572538637,0.19297865,-0.017006475,0.29680356,-1.0072721,74.01822,74.01822
7816,174.80539238008114,170.76321190234728,0.21450743,-0.013515356,0.32754737,-1.0075947,73.807014,73.807014
7817,175.84441723253502,169.61366962630544,0.20156188,-0.0077096755,0.320192,-1.0071905,73.22152,73.22152
7818,177.42830445038658,170.43194757817312,0.1936237,-0.0066299182,0.32167092,-1.0036615,73.813866,73.813866
7819,178.54955867127234,172.88266592872358,0.18297964,-0.0096696755,0.3186245,-1.0060533,73.40244,73.40244
7820,178.16515584709168,175.10950537755562,0.21150064,-0.005379254,0.35149598,-1.0093323,72.02126,72.02126
7821,176.1492657086108,175.8902876717029,0.22537138,-0.0011794792,0.3708141,-1.0032307,72.550064,72.550064
7822,173.7185586602037,175.86224535651118,0.21202628,0.007095398,0.39911696,-0.9960597,72.01659,72.01659
7823,172.7239207024814,176.14219132476717,0.19443125,0.01340552,0.32796326,-0.9914349,72.09655,72.09655
7824,174.04902995090717,176.5726075916633,0.1949231,0.01850311,0.32309744,-0.9908116,71.524475,71.524475
7825,176.66497083573273,176.2137761075196,0.23364446,0.016110491,0.37479872,-0.9914284,71.37978,71.37978
7826,178.4204357771158,175.06917957246395,0.21851158,0.014578335,0.3588214,-0.9932062,71.51098,71.51098
7827,177.9358410500386,174.38694903011108,0.18597595,0.011279308,0.36001456,-0.9941656,70.86573,70.86573
7828,175.79447299868676,175.08237580001466,0.20875253,0.010405175,0.39276895,-0.99164045,71.28469,71.28469
7829,173.53585075627677,176.48864413770468,0.1805901,0.016363189,0.36009046,-0.9914458,70.572136,70.572136
7830,172.0339365400117,177.2642294794022,0.17727788,0.017641028,0.34571803,-0.9866147,70.9129,70.9129
7831,171.60606975002452,177.03565008393767,0.20576645,0.0130670555,0.363616,-0.9831199,71.733635,71.733635
7832,172.43584220645883,176.23974313005894,0.20506431,0.005891959,0.3586832,-0.983598,72.31142,72.31142
7833,174.05544627113008,175.0590392499912,0.17704934,0.0017599531,0.31735057,-0.9854251,72.49852,72.49852
7834,175.3792244073327,173.68011145358355,0.21087778,-0.006681399,0.33837777,-0.9868724,73.066986,73.066986
7835,175.47395316082728,172.22077126088297,0.2272239,-0.01377483,0.3522476,-0.9907761,73.54661,73.54661
7836,174.27832949652742,170.00313143525,0.23042077,-0.0145369,0.31426316,-0.9981281,73.02898,73.02898
7837,173.07905300108496,166.88079795207017,0.22940363,-0.01705512,0.34850875,-1.0072863,72.61898,72.61898
7838,173.15887083888748,164.5944736678072,0.20635833,-0.019435037,0.41567218,-1.0088426,72.56842,72.56842
7839,173.67870172261067,165.03258118199918,0.22384712,-0.012562857,0.39014554,-1.0295346,74.30652,74.30652
7840,173.28972578054373,167.90043419601136,0.19329165,-0.026325941,0.19830652,-1.1020811,71.58884,71.58884
7841,172.5069605294144,171.47777672339694,0.12605965,-0.029140595,0.27024007,-1.1450889,65.10144,65.10144
7842,171.71831929410888,174.6082313241854,0.15651253,-0.026893921,0.24464023,-1.0901035,63.753036,63.753036
7844,168.85046608189202,175.77633831932332,-0.028496223,-0.14133474,0.9190329,-0.4306266,189.28922,189.28922
7845,159.30214754870775,171.735327352972,-0.0037285094,-0.118049145,0.98971117,-0.3294831,135.41553,135.41553
7846,136.83674135663952,159.74113024289684,-0.005811429,-0.0932064,0.9830667,-0.30901837,122.46302,122.46302
7852,99.4113751460312,140.68129551240537,-0.013840563,-0.10218507,0.8643656,-0.42403197,98.08445,98.08445
7853,59.43516635160223,120.73357642267669,-0.013651489,-0.16267784,0.84041035,-0.427205,98.53755,98.53755
7854,40.084158400643354,109.89910698511801,-0.049343303,-0.17318349,0.7708303,-0.44416556,86.91238,86.91238
7856,51.73343472479205,112.83655654161096,-0.107473604,-0.053931214,0.8212827,-0.32180896,114.12005,114.12005
7859,79.00532633356727,118.61747723265441,0.007171569,-0.033984292,1.0198783,-0.22193576,191.53783,191.53783
7860,94.74942004903177,108.34464855651534,-0.0022023367,-0.09953141,0.9781294,-0.37779742,185.93199,185.93199
7861,84.01842639020121,79.11018946226667,-0.0060408534,-0.1230646,0.97816277,-0.4062149,183.30693,183.30693
7865,60.40337868052671,52.39208585319098,-0.0075154314,-0.17248882,1.0865517,-0.11598151,105.61765,105.61765
7867,55.34660018314709,53.55598450502408,-0.006807943,0.12845683,0.9771113,0.013294226,140.32018,140.32018
7868,79.08604762618658,84.5119908418147,-0.009163501,0.031115603,0.9908479,-0.1278604,136.91696,136.91696
7869,105.82115853015823,116.45742078008801,-0.0076959874,-0.14022665,1.0018233,-0.31584316,134.09753,134.09753
7870,111.62759315910488,117.06265671601606,-0.025908202,-0.1659782,1.0444841,-0.31762013,130.47023,130.47023
7871,98.07104022987758,86.25661351283297,-0.02954379,-0.09570261,1.036747,-0.1212622,126.7443,126.7443
7872,75.95396524666089,55.6936511540494,-0.027220506,-0.14080948,1.030053,-0.1426657,126.000946,126.000946
7873,61.76667995585737,54.778525450092815,-0.019453548,-0.17244785,1.0671637,-0.12971778,120.722466,120.722466
7874,71.0193981009036,85.17779988028855,-0.012071454,-0.16602875,1.0266839,-0.07349244,124.684814,124.684814
7875,92.199547777296,126.82365921258128,-0.004864098,-0.17896648,1.0791365,-0.072329536,127.394516,127.394516
7876,97.01834137400338,158.89100058481887,-0.009914952,-0.17006236,1.0696836,-0.057061557,129.86731,129.86731
7877,78.34058242650701,172.08412556215737,0.0012085997,-0.16906284,1.1081594,-0.038424682,134.73593,134.73593
7878,54.4063544260033,170.3906101505116,0.0059516067,-0.15654476,1.0990096,-0.022528445,133.05661,133.05661
7879,44.45227735557722,165.5850209894465,0.00037085742,-0.14931513,1.0951813,-0.004524694,130.8399,130.8399
7880,53.94058510498889,165.8722390224866,0.006825665,-0.14561915,1.1032364,0.006632191,130.91995,130.91995
7881,76.58152859816137,169.7751475547743,0.012954586,-0.1429291,1.1051518,0.021411914,134.12851,134.12851
7882,101.85620469052232,169.67671272762345,-0.024541376,-0.063857354,0.94678605,0.270211,135.37157,135.37157
7883,120.5120976200071,157.45215696190476,0.003153646,-0.08374773,1.0213274,0.19855331,134.73175,134.73175
7884,125.64406864798848,130.0732471554061,-0.029514257,-0.020819245,0.94743264,0.27119696,132.50122,132.50122
7885,112.52894068392389,93.41398568023398,-0.0010293627,-0.06981854,0.9820586,0.17350137,138.7779,138.7779
7886,84.59362038313955,61.2500610786951,-0.0063178334,-0.07354316,0.9938606,0.15477219,135.71938,135.71938
7887,59.80452376823717,49.306676352908596,-0.0041655675,-0.079082735,1.0174812,0.08280764,134.55942,134.55942
7888,60.185286272000425,63.63835215821892,0.004520601,-0.10236585,1.0184139,0.014374977,131.20139,131.20139
7889,88.7089104235241,93.18336923340358,-0.0043249303,-0.056644756,1.0068139,0.14037293,135.7331,135.7331
7890,123.57335539904005,118.2322708537713,-0.0024869374,-0.070901096,1.0321047,0.10404815,131.84122,131.84122
7891,140.59493788818315,126.78974735037717,-0.014696874,-0.04150921,1.0090559,0.15400276,127.87924,127.87924
7892,135.316069434163,121.32982644450323,-0.008822999,-0.0529288,1.0131828,0.115259394,132.81703,132.81703
7893,119.36198185593486,109.77156226776653,-0.00814978,-0.07541093,1.0200851,0.066090465,129.42798,129.42798
7894,102.28505458570457,94.45523888535243,-0.0109409215,-0.05347157,1.0045602,0.07790438,132.28842,132.28842
7895,84.17835666903129,74.49961074221225,-0.02696635,-0.03693757,0.9970268,0.08187834,139.14255,139.14255
7896,63.48597280352113,53.54280969424101,-0.015935106,-0.0428532,1.0020375,0.06308784,138.42267,138.42267
7897,43.69626510135047,40.04551617829154,-0.008466838,-0.116586335,1.0171964,-0.06392271,139.57906,139.57906
7898,29.052058068438235,40.73243779529086,-0.02704962,-0.10095511,0.9311265,-0.027637497,129.10414,129.10414
7899,19.70693340921543,54.147706520737884,-0.062404983,-0.103598185,0.95893943,-0.019607672,126.970375,126.970375
7900,14.155797412782109,76.8150078369047,-0.03951254,-0.092064306,0.9855884,-0.026641356,136.02426,136.02426
7901,15.639424455606193,110.44226675773821,-0.05770671,-0.026358865,0.99374634,0.04054311,131.82748,131.82748
7902,33.20834056343616,148.83751946834045,-0.079727046,-0.02170247,0.94033283,-0.01733611,116.56669,116.56669
7903,63.07574372933653,171.15333739793547,-0.08157807,-0.038538035,0.90051854,-0.07203173,102.97476,102.97476
7904,82.40758042319123,164.2288126902991,0.011883601,-0.051166914,1.0169624,-0.19133234,80.87019,80.87019
7905,85.66872603188045,141.37999810404096,-0.021993972,-0.06727317,0.9843129,-0.34666094,75.93606,75.93606
7906,95.56653285922485,127.88226128460354,-0.031081311,-0.06678312,0.94637626,-0.37852558,73.2607,73.2607
7907,122.02612858634973,133.50608778813677,-0.036367577,-0.021515755,0.908686,-0.37489522,80.20104,80.20104
7908,147.60531153235345,147.8474348178091,-0.053830978,-0.03692838,0.8698601,-0.44942456,79.52851,79.52851
7909,155.4665931082094,156.5749924557053,-0.049702093,-0.08245476,0.8291698,-0.5406819,78.972115,78.972115
7910,146.97001945191866,154.13416111432912,-0.068340786,-0.04921082,0.8018597,-0.539637,79.66809,79.66809
7911,134.27784018938493,144.99051470973328,-0.094308645,-0.034321386,0.7590718,-0.56412184,78.3573,78.3573
7912,127.37029461278618,138.19875617209917,-0.115080595,-0.036351018,0.7278856,-0.5514099,77.383194,77.383194
7913,128.29097068299814,139.20556346358399,-0.108435474,-0.021810351,0.7127589,-0.55460125,77.64577,77.64577
7914,133.03828236651444,144.74076701033317,-0.14189976,-0.005620192,0.67511415,-0.5725155,75.0153,75.0153
7915,136.7119438855736,147.30958428543542,-0.13252366,0.014893109,0.6747749,-0.60095394,73.3355,73.3355
7916,137.24069053918555,144.4317377738701,-0.105199575,0.008244199,0.6938727,-0.6194533,71.20226,71.20226
7917,135.42412163228863,140.18567506849692,-0.07299424,0.011201838,0.7323028,-0.55856043,76.75819,76.75819
7918,132.78563552341305,138.76475545085773,-0.06454177,0.0055991323,0.73647743,-0.59353036,80.54074,80.54074
7919,130.98553563634349,140.6408582808158,-0.102225155,-0.009627139,0.65224445,-0.630946,77.37855,77.37855
7920,132.9157745027483,143.97144688868747,-0.122807086,-0.031637724,0.60122585,-0.7256872,82.53361,82.53361
7921,141.2486087706724,146.41389521966806,-0.11426198,-0.041806977,0.66168153,-0.6846872,87.41535,87.41535
7922,154.48287131840652,147.6530018510598,0.08302334,0.048373014,0.88457793,-0.6826361,85.92841,85.92841
7923,166.21895483631718,151.5882605980644,-0.0051561915,0.048171528,0.7503015,-0.7094568,93.99965,93.99965
7924,170.92881977804242,161.56355077870143,-0.022560876,0.0331047,0.63732207,-0.7667957,91.082504,91.082504
7925,169.4194603699026,174.00973299687,0.027337177,0.04392706,0.70890766,-0.72856075,92.67183,92.67183
7926,166.3103580459429,181.30641310969457,0.060659677,0.038813505,0.7531732,-0.7192418,93.01321,93.01321
7927,165.05890698419753,179.5755808327585,0.113622256,0.03834522,0.7925296,-0.72387254,93.92309,93.92309
7928,167.0195949566561,172.70839412022048,0.12682426,0.03378178,0.79414165,-0.7278651,93.2598,93.2598
7929,171.36386284091205,168.79686922449008,0.13038214,0.033274483,0.7946987,-0.72845066,95.34656,95.34656
7930,174.4362644681202,171.444644523527,0.1393913,0.03435149,0.7667205,-0.75310516,94.027374,94.027374
7931,172.2257447892917,177.0159250118692,0.17319667,0.034439337,0.7398087,-0.7796875,93.384346,93.384346
7932,165.03915834787566,180.57045192663114,0.18787836,0.03312216,0.7475549,-0.7796188,94.00773,94.00773
7933,157.8172738123565,180.81993368779712,0.20821525,0.037060585,0.7827798,-0.76768875,93.12573,93.12573
7934,155.08370916336756,179.52647155952616,0.22298601,0.04896321,0.7891308,-0.76496106,92.66115,92.66115
7935,157.15791717461184,178.61326935104654,0.22791485,0.051772367,0.79418826,-0.76302177,91.46897,91.46897
7936,161.28841903460943,178.3789103884101,0.22326443,0.05514394,0.7917467,-0.7696638,89.65738,89.65738
7937,164.92951867809003,177.8628290785302,0.21046188,0.045487605,0.81224686,-0.7692879,88.79077,88.79077
7938,167.1996067836543,176.47853435290605,0.19685826,0.044116747,0.7914153,-0.77579796,89.80798,89.80798
7939,168.05819673526662,175.01106243974027,0.17676912,0.04405724,0.73502666,-0.79448026,90.90458,90.90458
7940,167.81082142106274,174.7996086082681,0.18080004,0.049006596,0.71533996,-0.810196,94.38065,94.38065
7941,167.44071063836245,176.08031085711164,0.1975341,0.053521965,0.67392135,-0.82765806,96.05044,96.05044
7942,168.06019606695773,177.64494334893354,0.20837946,0.045097467,0.64499164,-0.84074384,98.22137,98.22137
7943,169.77380276360412,178.3016908871513,0.18727288,0.044817537,0.6263838,-0.8423374,99.2475,99.2475
7944,171.61326561211894,178.0843312417023,0.18795475,0.04228317,0.6177616,-0.84681404,97.97299,97.97299
7945,172.7030661107885,177.73698194808372,0.17733538,0.040879488,0.58474004,-0.8513859,97.92398,97.92398
7946,173.06531264979662,177.71227123061513,0.18196712,0.039448038,0.59256274,-0.84214574,98.495834,98.495834
7947,173.2675257973571,178.01297349080443,0.19569851,0.03858712,0.56269336,-0.8547386,100.281334,100.281334
7948,173.75758503482106,178.42818057292047,0.19829047,0.039893836,0.5698047,-0.8554198,100.53386,100.53386
7949,174.4776056113871,178.65525035383848,0.19609492,0.030627742,0.58275443,-0.8740429,101.06716,101.06716
7950,174.87949040582836,178.47341760700522,0.1920268,0.032931168,0.5901004,-0.8729373,102.94336,102.94336
7951,174.3837183273507,177.91619127523236,0.20296589,0.030013852,0.5703607,-0.8797901,101.98945,101.98945
7952,173.12893517373132,177.2358470291543,0.19202122,0.029724428,0.53906935,-0.8947977,102.48148,102.48148
7953,172.23083382480797,176.74010565309916,0.19636057,0.020958943,0.49206483,-0.8980011,102.22302,102.22302
7954,172.62579833559832,176.6584359741305,0.19494708,0.018342547,0.44756016,-0.9298565,96.89566,96.89566
7955,173.83206506604174,176.97793474933076,0.17378362,0.0113695245,0.36797294,-0.97595835,91.81424,91.81424
7956,174.4214426437059,177.39378244892325,0.056451943,0.008318352,0.1510093,-1.0040468,85.56521,85.56521
7957,173.35473528844298,177.3426570999961,-0.2126791,0.017761977,-0.45744398,-0.928986,83.41746,83.41746
7958,171.26744377981197,176.10785443712626,-0.2786827,0.023959363,-0.6913985,-0.8983423,85.97117,85.97117
7959,170.37403761088737,173.69197737320442,-0.2817289,0.048840538,-0.81916267,-0.8391816,86.24183,86.24183
7960,171.66632179352732,170.51061785775266,-0.23448233,0.09657621,-0.862112,-0.80677253,83.86628,83.86628
7961,173.27560162660942,165.53976017619476,-0.23491128,0.08231172,-0.8105738,-0.8330766,88.05867,88.05867
7964,171.807311392887,157.99959011466646,-0.06935034,-0.031091047,0.0026344873,-0.9515662,137.06044,137.06044
7965,164.29045460468362,150.11286785114058,-0.28026506,-0.058151472,-0.4875709,-1.0746572,158.47643,158.47643
7966,150.95194272531393,145.21754865067007,-0.25751764,-0.11123189,-0.38133162,-1.1334666,165.078,165.078
7967,136.4656700362274,146.0152629225143,-0.2939611,-0.086549,-0.42845917,-1.1265216,175.13802,175.13802
7968,127.36063011243304,153.92857815645226,-0.3385794,-0.15425302,-0.42263374,-1.0884145,183.64714,183.64714
7969,126.62169669769254,166.02661681971378,-0.34001654,-0.09090945,-0.47122255,-0.9921324,197.44667,197.44667
7970,130.0878560784687,175.30295795648902,-0.30761948,-0.06812945,-0.39011624,-0.95043755,209.48674,209.48674
7971,129.40108808584793,176.3102127067894,-0.33683878,-0.01160646,-0.40432525,-0.89023465,199.52646,199.52646
7972,119.34222898239557,169.31274806783824,-0.38289416,-0.0036401735,-0.47072434,-0.8847923,193.0564,193.0564
7973,105.23287328529133,158.0281671733446,-0.332139,0.031164715,-0.36034757,-0.83534896,205.99382,205.99382
7974,99.63879626560606,145.31690297112107,-0.23791485,0.007387348,-0.20022196,-0.84438074,221.97838,221.97838
7975,108.57795275100369,135.35335432605666,-0.15833375,0.008596654,-0.01155615,-0.87410843,266.37305,266.37305
7977,125.33583256244323,131.90970988158395,-0.09692902,-0.07377505,0.8131479,-0.20082486,266.98633,266.98633
7978,133.136779596973,126.88724683287214,-0.081332125,-0.11437599,0.8993671,-0.29653683,300.19537,300.19537
7979,116.54342263154052,105.59484083324308,-0.063088596,-0.07118419,0.9406885,-0.2174258,354.9541,354.9541
7980,80.3430932820855,71.35876312814158,-0.07304752,0.024186587,0.922617,-0.08355056,360.01187,360.01187
7981,47.28748575548725,47.730812218521976,-0.036982466,-0.020229517,1.0022839,-0.15862276,364.09714,364.09714
7984,33.38565886060156,50.382305616367134,-0.11484383,-0.104643516,0.37153882,-0.9738914,216.1595,216.1595
7986,40.05714177677973,72.90946591145804,-0.2793413,0.042461686,-0.4692312,-0.90135175,238.39565,238.39565
7987,67.33107641126443,101.92268633564491,-0.2792069,0.001187618,-0.49064842,-0.96136487,252.13367,252.13367
7988,113.49818150244433,129.79170509990698,-0.32257125,0.002133639,-0.58667684,-0.9636217,252.70656,252.70656
7989,162.16454111382126,151.45270370307838,-0.403091,-0.00284973,-0.8013324,-0.9355452,242.17189,242.17189
7990,190.3669443226265,162.08809567023778,-0.3433921,-0.029203225,-0.7654356,-1.0125543,263.55707,263.55707
7991,190.77191287551182,160.89639328498953,-0.32825848,-0.018651186,-0.7563021,-1.015449,278.29935,278.29935
7992,175.62084020584018,151.58904885810634,-0.3766695,-0.032934457,-0.78451425,-1.0602317,278.46277,278.46277
7993,162.48859505233528,137.51727334588264,-0.43059072,-0.02233036,-0.8610761,-1.108761,246.90004,246.90004
7994,160.71395910664404,119.66663794423786,-0.424734,-0.043955404,-0.89717484,-1.0927058,249.9551,249.9551
7995,165.2326569537011,103.62678452624598,-0.8934628,0.001247133,-2.0848677,-1.1412332,121.47001,121.47001
7996,159.31212450535415,100.62916621134362,-1.1341097,0.10075825,-2.5286446,-0.7853416,105.84356,105.84356
7997,130.7190812005245,114.73275528788487,-0.96838254,0.20691031,-2.2825186,-0.68181,118.30584,118.30584
7998,88.07561991346785,135.17236092333562,-0.7777986,0.17663091,-1.974754,-0.5926662,144.4345,144.4345
7999,58.721054090925826,144.5910530904169,-0.63892204,0.21869175,-1.6796303,-0.5944223,180.00385,180.00385
8000,66.4467087253385,138.25954553600158,-0.5050818,0.15479532,-1.4930253,-0.6550203,200.61932,200.61932
8001,104.13442484609622,130.61963932681348,-0.4449819,0.09704233,-1.3008043,-0.8104457,225.4825,225.4825
8002,138.14870552429542,134.59601262659487,-0.430729,0.15331054,-1.1818044,-0.67161846,230.69664,230.69664
8003,146.65308105594602,146.8255428684575,-0.38716158,0.110198885,-1.2118832,-0.77681494,246.26993,246.26993
8004,138.6110619237643,157.30769561896616,-0.22311722,0.056731988,-0.95098263,-0.8063386,290.34955,290.34955
8005,133.53069052170326,160.15390684713952,-0.38747707,0.03995269,-1.2088475,-0.84180427,207.1221,207.1221
8006,135.64255659763813,156.45745737086722,-0.37452188,0.045601986,-1.2267592,-0.84142625,234.99118,234.99118
8008,132.05198821995563,151.67647290292,-0.05265623,0.12771215,-0.7804018,-0.64654833,183.90099,183.90099
8012,116.15365419934253,148.10479548605858,-0.053680655,0.10909531,-0.8712999,-0.5938624,224.00584,224.00584
8015,102.87978491408182,143.87614144478408,-0.034252986,0.11888735,-0.8648684,-0.44353443,247.59937,247.59937
8019,107.93836167244109,137.9755154690475,-0.41124472,0.007740744,-0.8080953,-0.88854814,235.2072,235.2072
8020,127.43954754531244,133.5253864302117,-0.4142452,0.010737279,-0.79156005,-0.86919725,226.66606,226.66606
8021,147.3444091105311,137.69843201464474,-0.44487056,-0.008226208,-0.8046957,-0.8237626,198.48166,198.48166
8022,155.7761864491777,152.70562643637538,-0.50158167,0.0067722267,-0.9379155,-0.8573218,185.81212,185.81212
8023,150.34210643957297,169.26993749766194,-0.51531863,0.034644563,-1.0138066,-0.84984934,176.67209,176.67209
8029,142.943866271727,175.7136592159237,-0.4517304,-0.1482963,0.24736427,-0.6477862,155.60094,155.60094
8030,146.4492893373147,168.6980315881358,-0.44118416,-0.09605533,0.3336313,-0.6233791,157.68277,157.68277
8031,158.73474154902843,153.11021965831893,-0.34573525,-0.061586138,0.38315,-0.6657231,185.0951,185.0951
8032,168.64802082876963,135.7907896953273,-0.32462728,-0.12246267,0.33603102,-0.83809245,215.29799,215.29799
8033,169.7283726200232,120.44432160070306,-0.31197643,-0.096728876,0.3006594,-0.7595036,240.59097,240.59097
8034,163.20548741811874,107.94784010139433,-0.31221178,-0.100832894,0.25720516,-0.8222432,245.18745,245.18745
8035,153.80280511933944,100.76639210873061,-0.35408503,-0.06376426,0.17508513,-0.7570127,235.04959,235.04959
8036,144.83143070275347,103.12111078762578,-0.29590854,-0.020107733,0.21162054,-0.6956149,255.2914,255.2914
8037,136.64809442066627,114.9433708950994,-0.2817304,0.0023143038,0.2547902,-0.74650985,236.23624,236.23624
8038,130.32556390570824,129.84680120233423,-0.3297126,-0.022277256,0.31377771,-0.80234855,197.80374,197.80374
8039,130.42023363295547,141.44974462323296,-0.32027656,-0.069145225,0.17539093,-0.81263775,183.40587,183.40587
8042,140.54517816602274,149.3335824248165,-0.35092402,-0.005768812,0.10485873,-0.58318835,33.385807,33.385807
8043,155.7140827555595,156.43627982137778,-0.41464955,-0.121198826,-0.07171078,-0.9874497,48.9059,48.9059
8045,165.09460079559148,162.73095782326808,0.35358438,0.4347842,0.8351988,1.6541762,18.055017,18.055017
8046,165.27136638586822,165.90592750549857,0.92333776,0.8560797,1.8084605,2.7920442,20.146463,20.146463
8047,163.01806358516944,166.11601044722275,0.7981443,0.99994177,1.3638077,3.04463,22.78624,22.78624
8048,163.9701330227404,165.83859018663554,2.1578524,2.533004,2.9838655,5.4494305,14.984336,14.984336
8057,166.020632091505,166.3865161684311,-0.0047221505,0.05757328,-1.0414133,-0.17306225,360.87405,360.87405
8058,164.3556485674717,166.40102264739002,0.00028505028,0.055361565,-1.0039177,-0.1379343,389.05725,389.05725
8059,159.24332720009627,164.69125945186633,0.0032134627,0.064062394,-1.0221411,-0.08129303,387.41202,387.41202
8060,156.5515382563204,163.60965372940598,0.0073742806,0.034040548,-0.99872017,-0.06841932,379.95297,379.95297
8061,160.6196820711436,166.6127266748962,0.008748462,0.022113105,-0.99544525,-0.08459874,366.28925,366.28925
8062,169.03307060671526,173.00797703034024,-0.02478741,-0.00094785,-1.0082042,-0.12088882,353.06827,353.06827
8063,175.27204349931253,177.85245369023465,0.00490331,-0.017060822,-0.9831544,-0.12573797,342.2383,342.2383
8064,175.4297836316817,177.44292426983134,0.0070117414,-0.027080799,-0.9911363,-0.1292481,328.65494,328.65494
8065,171.56655592064718,173.17150869892643,0.020243812,-0.018731995,-0.981408,-0.13487467,318.53506,318.53506
8066,168.59830561546372,169.21034536976936,0.012465364,-0.019143764,-0.98970217,-0.14269978,310.36682,310.36682
8067,169.1219608849039,167.99138993911345,0.014486055,-0.018626083,-0.97191465,-0.15073451,302.0188,302.0188
8068,171.89230251570507,168.87330081156884,0.013656829,-0.02731022,-0.9736526,-0.1691724,301.91263,301.91263
8069,174.22000309065294,170.11209276575522,0.017868422,-0.0318058,-0.96122575,-0.1836819,289.63004,289.63004
8070,174.73697472851933,171.01116512426088,0.020797653,-0.031366795,-0.9526318,-0.2041502,278.8066,278.8066
8071,173.95453384380022,172.11255449235793,0.017675862,-0.03888403,-0.9469515,-0.2406994,282.9027,282.9027
8072,173.04144102756817,173.79220508042758,0.022300463,-0.039548583,-0.9460635,-0.23922576,276.32477,276.32477
8073,172.36174061659233,175.39138433701535,0.02227549,-0.039875694,-0.9512292,-0.24265547,283.59692,283.59692
8074,170.9494008084823,175.8975650388011,0.025336388,-0.01893399,-0.9330961,-0.26545018,272.54852,272.54852
8075,167.56838956596226,174.89086531230896,-0.018753948,0.0724496,-0.98412377,-0.19410866,260.46274,260.46274
8076,162.22301549220205,172.927293128639,-0.01678475,0.052019425,-0.9650407,-0.3092245,262.02054,262.02054
8078,155.19441656581827,171.0549716532353,-0.093017705,0.075464755,-0.961627,-0.43976036,217.97018,217.97018
8079,145.7720696802439,170.01711856354314,-0.013408144,0.08029005,-0.94068456,-0.37815505,227.31801,227.31801
8080,137.91516764697582,169.94767135396012,0.012386375,0.07138619,-0.8440797,-0.384914,216.27255,216.27255
8081,141.14441101333952,169.9008062743206,-0.019681226,0.10316614,-0.8751423,-0.33242825,217.98862,217.98862
8082,155.50327467643854,166.6380788546335,0.017495872,0.06356516,-0.8187309,-0.37317097,205.95677,205.95677
8083,166.5002984695853,153.66241190407308,0.024642693,0.04793107,-0.79213554,-0.3983185,196.20015,196.20015
8084,162.02421438592236,127.40343997502468,-0.022021884,0.057769567,-0.8873651,-0.39920607,205.43973,205.43973
8085,146.63634960239995,99.16784826045725,0.01136145,0.047680516,-0.83005005,-0.4253062,183.06061,183.06061
8086,136.85412104930492,91.47723940211635,-0.0070268163,0.09385454,-0.8909441,-0.40224284,171.05405,171.05405
8087,142.17254629014735,114.7806069981772,-0.011067999,0.10901156,-0.8746739,-0.36749363,158.0363,158.0363
8089,155.96654899283476,154.2296865438911,-0.1255149,0.13639688,-0.94225633,-0.34221026,168.12729,168.12729
8090,167.75590321374247,184.3649923295065,-0.12260519,0.13291848,-0.9508081,-0.3874612,169.48885,169.48885
8091,173.7278728035275,192.57924743175485,-0.053275112,0.083895594,-0.89508367,-0.5420692,156.06178,156.06178
8092,174.29739127444648,184.86215885463434,-0.07769483,0.09783349,-0.9104078,-0.61410093,150.1871,150.1871
8093,171.42144233847952,173.45601599075007,-0.09946153,0.080458045,-0.8929473,-0.73319054,142.12639,142.12639
8094,168.35764348736896,165.9280408459904,-0.11365727,0.044587757,-0.7176582,-0.86457634,144.9805,144.9805
8095,167.11942272629298,164.20231560149824,-0.14086723,0.04029185,-0.53560567,-0.9507232,152.44531,152.44531
8096,166.55570292114223,166.84397025649935,0.06972764,0.005515871,0.08573084,-1.0014127,158.4727,158.4727
8097,164.69758093750903,171.26266369665305,-0.028148826,0.0041056387,-0.18960904,-1.0270406,162.75491,162.75491
8098,162.27112842072447,175.57084903645355,-0.09554424,0.001093162,-0.20768796,-1.0430498,161.9174,161.9174
8099,161.79485287685424,178.52929089938831,-0.103652544,0.0053472305,-0.12043568,-1.0494678,157.31256,157.31256
8100,163.2102071930813,179.34837228694252,-0.10529268,0.008356523,-0.040423285,-1.0346733,159.91512,159.91512
8101,163.07075491840956,177.77074647924042,-0.07311036,0.0027334571,0.05185777,-1.0237577,162.5434,162.5434
8102,158.69714031129524,173.2070200459885,-0.09194169,-0.011822575,0.06763662,-1.0340796,154.64035,154.64035
8103,151.25086589559783,165.6607055512506,-0.13046926,-0.048505954,0.17106594,-1.0618253,153.2348,153.2348
8104,144.23087818884375,158.27088252293663,-0.1602905,-0.037911106,0.15227212,-1.0375042,149.55109,149.55109
8105,140.29393147073407,155.97635981064144,-0.12195297,-0.016010776,0.2909855,-0.9678662,135.23149,135.23149
8106,139.90611417799445,160.57827280020112,-0.08217462,-0.0038836338,0.4475656,-0.9053534,147.87177,147.87177
8107,142.669073521292,168.57942056231144,-0.052887917,-0.017915057,0.5312442,-0.86978364,153.21939,153.21939
8108,149.56973129538488,173.36055177184048,-0.08291651,0.043547433,0.5940351,-0.70263165,120.5554,120.5554
8109,161.13310616022676,169.90357552891376,-0.055186756,0.07890858,0.7751815,-0.561232,145.37706,145.37706
8110,173.33133609018654,160.610303852702,-0.064416185,0.084447615,0.7654908,-0.49974874,131.23904,131.23904
8111,180.33428166505115,154.1926058285093,-0.15316352,0.09905105,0.8785428,-0.21878348,55.200954,55.200954
8112,180.89070699747288,155.50324081823163,-0.1126658,0.3165924,1.5023035,0.46377525,18.421743,18.421743
8113,178.28425763890223,161.3137859091322,-0.02773339,0.18787447,1.1111525,0.026829759,37.82485,37.82485
8115,175.80325051286403,166.85783788587798,-0.17619807,-0.16685954,0.92584956,-0.041089788,23.51923,23.51923
8118,174.33017673567346,170.12288118193243,0.090785235,-0.2909992,1.0691112,-0.11503183,34.34055,34.34055
8120,172.14250687955368,169.56278402211024,0.027386962,0.16048618,-0.9988164,0.52751976,150.26477,150.26477
8121,166.1477285662335,164.0729695859972,-0.022905054,0.15409186,-1.012687,0.53749853,133.37103,133.37103
8122,156.7615227554277,157.91141346541608,-0.025669182,-0.036767773,-0.89078856,0.30992374,63.531372,63.531372
8123,150.6883441214006,158.69718963519483,0.0008087278,0.024844117,-0.8309152,0.32375464,45.28235,45.28235
8124,153.80641176633895,167.33910643033767,0.055030454,0.074395806,-0.8070355,0.26902172,46.290066,46.290066
8125,163.60797305858037,176.798674409805,0.068894915,0.05652938,-0.83761036,0.24655154,65.316864,65.316864
8126,172.43068053144245,180.89572974380994,0.08908476,0.06678784,-0.8049084,0.2539491,77.09011,77.09011
8127,175.475331246555,179.3324854922364,0.058394764,0.027286982,-0.8623983,0.21662451,87.31632,87.31632
8128,173.91232746889702,175.66638340918814,0.07433542,0.0043421728,-0.8648478,0.1613691,88.87838,88.87838
8129,171.80059544416306,173.2452594979041,0.055648047,0.038555313,-0.83185303,0.2135687,99.140366,99.140366
8130,171.37101514066057,172.95802134742203,0.07802878,0.061050452,-0.7836267,0.22661057,94.45383,94.45383
8131,172.067151602587,173.87102123739785,0.042816784,0.033667922,-0.81881577,0.14380212,97.64505,97.64505
8132,173.03909918435573,174.6543493768611,-0.06316869,-0.09073414,-1.0137867,-0.06076152,83.55912,83.55912
8133,174.17062886949765,174.28858137734602,-0.3593765,-0.44139364,-1.9525329,-0.81157094,25.480194,25.480194
8134,175.2601420043903,172.99766804221403,0.088494375,-0.12042823,-0.8454838,-0.26212358,78.620346,78.620346
8135,175.64640904315095,172.26650981826265,-0.21443823,-0.6583397,-1.6430306,-1.7141589,25.602303,25.602303
8136,174.5581937581584,172.871316066885,-0.20111091,0.25874093,-1.0749056,-0.19470945,23.526546,23.526546
8137,172.48170454440958,173.67677083561762,-0.42037448,0.25297427,-0.40984407,-0.5847075,15.869668,15.869668
8138,171.28581786450184,172.94621504057702,-0.35155818,0.97580373,0.08651181,1.016626,13.467526,13.467526
8140,171.59845357605215,170.32258801299548,0.043718155,0.04288086,0.46833545,-0.6273449,75.81132,75.81132
8141,172.46164501969304,167.1454982442364,0.047931127,0.02968844,0.6101689,-0.7992167,99.70284,99.70284
8142,173.48599471763262,164.95901995287053,-0.13187239,-0.03348279,0.30131137,-0.9551543,99.49287,99.49287
8143,173.7089559928408,163.52834309231238,-0.17405008,-0.06941916,0.31182092,-0.967261,117.50025,117.50025
8144,170.60151179560012,160.32764455352137,-0.17896242,-0.11337897,0.32367727,-0.95222837,135.91939,135.91939
8145,162.5210769588896,153.5224017142419,-0.20172161,-0.11660005,0.3775444,-0.8840913,139.04388,139.04388
8146,148.78230014090974,145.18348837469588,-0.15510316,-0.08482445,0.43810776,-0.801415,151.70528,151.70528
8147,130.4235028507529,137.4083283442698,-0.16530591,-0.064140566,0.4712956,-0.7791184,156.25586,156.25586
8148,114.81051560514668,127.01705973532874,-0.1481115,-0.059310183,0.5193715,-0.753479,161.29501,161.29501
8149,111.81819311218347,111.5825710315783,-0.15958795,-0.045756485,0.5445983,-0.7625125,165.54857,165.54857
8150,122.43279754192422,96.96028960388843,-0.19003804,-0.036928542,0.52997154,-0.693049,169.03258,169.03258
8151,137.5898559630358,91.35419296962884,-0.16793647,-0.016492363,0.6587737,-0.56607604,176.65277,176.65277
8152,148.08603503212618,96.00365169050397,-0.13334014,-0.0027076236,0.70187557,-0.552826,185.46402,185.46402
8153,151.54022237241847,104.98980472089455,-0.13293162,-0.049604163,0.7795887,-0.59193224,195.19029,195.19029
8154,151.20452158679237,111.31072235502471,-0.13318601,-0.037948217,0.8615267,-0.49742505,212.36005,212.36005
8155,151.59233081785635,112.6421966864804,-0.12052026,-0.043139394,0.87666595,-0.38745925,230.03955,230.03955
8156,155.31676997689135,111.84290440596278,-0.10205117,-0.035824396,0.94770604,-0.3555899,248.87346,248.87346
8157,161.68842140049483,112.2854690907419,-0.091487125,-0.03934872,0.9568661,-0.27205902,268.54712,268.54712
8158,167.24709760202887,114.33176890014448,-0.08025182,-0.035777237,0.96169055,-0.23301467,275.96317,275.96317
8159,168.53278053613982,116.48432413456305,-0.073310174,-0.030850781,0.9732521,-0.23738582,277.85626,277.85626
8160,164.83113774690625,117.93303200175782,-0.058268048,-0.030725246,0.9816068,-0.21936657,278.3598,278.3598
8161,157.69227215818373,119.01481942593688,-0.070225865,-0.024207361,0.98541343,-0.15735771,276.91324,276.91324
8162,148.6940580475026,120.27818151683624,-0.055844326,-0.017967852,1.0112171,-0.15103497,279.62845,279.62845
8163,139.17877713158586,121.96964998505932,-0.051527526,-0.047933668,1.0284431,-0.25542974,279.28864,279.28864
8164,131.34382672639313,124.1269390535595,-0.017888067,-0.051931962,1.0716325,-0.2750569,265.8643,265.8643
8165,127.78078971191104,126.55796185943208,0.07059799,-0.02642081,1.117174,-0.36122164,231.57535,231.57535
8166,128.73959106876848,128.59490955649852,0.06994782,-0.064611964,1.1584297,-0.43699923,205.42744,205.42744
8167,131.2137070299906,130.14324820811834,0.041554537,-0.054118752,1.0227153,-0.40115318,210.69005,210.69005
8168,132.66194792339513,133.07841809801118,0.091733426,-0.034451585,1.1158696,-0.3562576,229.68004,229.68004
8169,132.6288615828822,139.20584892960483,0.08580278,-0.07714995,1.0755424,-0.44885093,225.1285,225.1285
8170,130.20247567454697,147.62233369427332,0.082088724,-0.102907784,1.0652508,-0.5627454,219.15895,219.15895
8171,125.05248975666781,156.36265827261315,0.09683904,-0.10503062,1.0562809,-0.57383746,212.4642,212.4642
8172,120.41811354530242,163.83505173394954,0.041816484,0.038103513,1.0012753,-0.34214365,177.18907,177.18907
8173,120.59011739208886,167.70312249161748,-0.1181162,-0.1594551,0.83537453,-0.80549103,176.70691,176.70691
8174,125.05113566391766,166.0849506943713,-0.13191119,-0.083533965,0.76896393,-0.6429302,151.0795,151.0795
8175,127.04884582367751,159.48550754557766,-0.1850407,-0.08709923,0.7003682,-0.6370707,148.0473,148.0473
8176,119.2597097629079,150.71201414931926,-0.19383079,-0.13332048,0.7155654,-0.6967267,149.72147,149.72147
8177,100.5828829708656,144.75818521392515,-0.1644151,-0.18386288,0.6494913,-0.81340504,157.03526,157.03526
8178,79.52183451108583,146.06788202054733,-0.0589361,-0.011678093,0.7372171,-0.56580883,177.46727,177.46727
8179,71.68550917254213,152.26447144981265,-0.18234262,-0.08700917,0.58861536,-0.8256328,191.10619,191.10619
8180,84.7766323725656,155.1139541707962,-0.14403218,-0.0909987,0.6183114,-0.79293513,197.13765,197.13765
8181,105.98956244540433,151.77756216488447,-0.17402346,-0.13901111,0.5127073,-0.9454192,195.57306,195.57306
8182,116.89182642323205,148.15484229977397,-0.21322176,-0.10735866,0.40898135,-0.9032772,183.64899,183.64899
8183,115.26524084100987,149.08650505872788,-0.25742248,-0.1852242,0.21720004,-1.0478297,153.29488,153.29488
8184,111.67255336397011,153.92296639171232,-0.13284728,-0.14508553,0.17382973,-1.043185,149.62993,149.62993
8185,113.25084873656562,161.09220411898934,-0.18622632,-0.114382714,0.12908538,-1.0415606,151.91673,151.91673
8186,117.98373457547873,169.13037294805895,-0.26546904,-0.12944707,-0.04426494,-1.1066767,143.72961,143.72961
8187,121.33827895417038,173.59787339322435,-0.28931418,-0.092089385,-0.21475333,-1.1191914,133.52267,133.52267
8188,123.03090071708687,168.82214719256223,-0.25579098,-0.07069965,-0.17160428,-1.0217083,127.47778,127.47778
8189,124.2114363959103,154.98332880891195,-0.2889959,-0.09683616,-0.76194376,-1.1097485,113.00492,113.00492
8190,124.09073820839463,140.30885118719175,-0.3996384,-0.088251665,-1.0926584,-1.04905,103.91688,103.91688
8191,123.3012054625819,133.9084560968256,-0.38656077,-0.050575748,-1.0058875,-1.0207162,116.47435,116.47435
8192,124.92369262833883,138.2310578145818,-0.4238318,-0.03562153,-1.0601506,-0.943395,121.8149,121.8149
8193,130.3161906544626,148.31034176658952,-0.3563285,0.009597096,-0.8366428,-0.8372381,105.73089,105.73089
8194,137.66800179086025,153.8752198502627,-0.20354779,0.1625762,-0.72163934,-0.81654114,138.61533,138.61533
8195,145.59913455891677,142.62675433978043,-0.42735663,0.21347484,-1.0858921,-0.5670118,102.438354,102.438354
8197,154.07380526057466,114.93713240495904,-0.17647277,0.032137793,-0.68167317,-0.8522031,162.3848,162.3848
8198,160.5739492150823,95.17975463856094,0.06706351,0.0342291,-0.16704847,-0.9224362,188.3108,188.3108
8199,160.7023020884535,105.17253876430333,-0.1381394,0.027380522,-0.5131235,-0.90418196,192.93362,192.93362
8200,153.63317027606902,133.02332715034453,-0.06451706,-0.024869133,-0.38421556,-0.9325327,180.60115,180.60115
8201,143.3174375145131,152.55116825344922,-0.10920096,-0.021248074,-0.5437634,-0.8856083,185.2233,185.2233
8202,134.795444130788,157.1116812832404,-0.14605214,-0.02733546,-0.684934,-0.9245171,181.78056,181.78056
8203,131.1761274584085,157.05011857033375,-0.037575796,-0.13364059,-0.4840073,-1.1200731,169.58237,169.58237
8204,133.15577661170903,160.23599265335517,0.07519284,-0.014066668,-0.3785209,-0.9106314,197.95131,197.95131
8205,139.06611139319102,164.48827090115927,-0.043825064,-0.050871577,-0.5624467,-0.8892707,168.97348,168.97348
8206,144.63161735491914,163.37946807586152,-0.08438389,-0.0024295177,-0.66564584,-0.74806964,204.70934,204.70934
8207,145.15303108175567,155.0165082598764,-0.019205254,-0.038637828,-0.61162364,-0.7974536,211.3082,211.3082
8208,140.03841316200086,143.9577105742031,-0.15681094,0.023206884,-0.81401646,-0.75057286,189.82089,189.82089
8209,133.70488328360307,137.47971089724055,-0.14966775,-0.011718554,-0.76873493,-0.7522342,174.21645,174.21645
8210,130.2647069825618,139.9542437702882,-0.18066697,0.0033785435,-1.0144219,-0.7054778,163.87236,163.87236
8211,129.36055235482738,148.22405445861787,-0.114393994,-0.034713984,-0.9500202,-0.7033772,182.03304,182.03304
8212,129.36131004627472,154.52004371087412,-0.117532864,0.022362765,-1.0918765,-0.551023,167.26642,167.26642
8213,131.73969630407487,155.94147402056504,-0.10150041,0.036977958,-0.9843089,-0.46361992,195.36703,195.36703
8214,138.29655136032562,156.26569338598475,-0.1492863,0.022628227,-1.0590453,-0.34819853,188.69649,188.69649
8215,145.79437105760638,157.33589198106841,-0.16332375,0.06974501,-1.1072744,-0.26364747,200.12212,200.12212
8216,148.36073481448784,156.76471501109992,-0.145796,0.07568842,-1.0474318,-0.25684792,209.40237,209.40237
8217,145.19946043833025,153.58991071402917,-0.09991482,0.08046754,-0.98927826,-0.26289743,190.68855,190.68855
8218,142.45418418776094,148.44053851665646,-0.12796795,0.20330787,-1.1335756,-0.025362521,116.698875,116.698875
8220,145.29109963722706,139.1364548441949,-0.12860471,-0.004816507,0.10782187,-0.94712085,50.700985,50.700985
8222,149.91187428871163,124.63427247593258,-0.26529106,0.021079086,-0.7537146,-0.96296257,149.86258,149.86258
8223,150.3385407147309,114.78702571430321,-0.29369313,0.01415596,-0.777888,-0.96265924,150.90895,150.90895
8224,147.94172803755825,123.08808652365967,-0.332786,0.0060055894,-0.76002973,-0.90436023,151.4194,151.4194
8225,144.79767293175257,147.1014959933955,-0.46382967,0.004042265,-0.9952597,-0.8573664,124.402695,124.402695
8226,139.52523416794392,169.74013120005324,-0.5813367,0.003587383,-1.1278621,-0.77457196,107.80819,107.80819
8227,134.7831646728992,178.57783172499092,-0.635185,-0.0008537313,-1.25583,-0.7432135,95.54937,95.54937
8228,136.48006984336462,174.6979857201687,-0.70771194,0.008880811,-1.3901141,-0.7192412,77.99828,77.99828
8229,145.5386872984834,167.0347888808637,-0.6353008,-0.038635924,-1.3418124,-0.78902406,84.699165,84.699165
8230,156.46494237453302,163.53795509564597,-0.52380264,-0.035389613,-1.2401662,-0.8019633,91.28986,91.28986
8231,162.73347382402196,165.99364914271914,-0.44803184,0.06629241,-1.1211829,-0.677553,104.7752,104.7752
8232,161.89686335024217,170.74059589527005,-0.22783948,-0.012614524,-0.7101944,-0.84765756,145.82945,145.82945
8233,155.87868914732434,173.30271031326643,-0.15876591,0.018645328,-0.62661165,-0.87188804,165.29778,165.29778
8234,147.90358280082833,171.61545058410678,-0.18619451,0.078432135,-0.68882143,-0.8496138,161.12904,161.12904
8235,141.7211158363361,165.10050370271026,-0.31343946,0.1236075,-0.8837439,-0.81944275,151.79796,151.79796
8236,140.8866936002958,155.4173954996031,-0.31644174,-0.14425027,-0.8948014,-1.1325768,100.36953,100.36953
8237,144.08158708580774,149.3877558190662,-0.19934708,-0.13329989,-0.7289403,-1.1019864,120.40099,120.40099
8238,145.79818187100693,153.5732180972591,-0.2864304,-0.13148893,-0.92074686,-0.9849552,110.64772,110.64772
8239,143.96134653806723,165.23709882074638,-0.27656606,-0.04000421,-0.88229614,-0.83535355,130.54123,130.54123
8240,141.42792077254285,174.99241885570385,-0.29354942,-0.04314265,-0.9206558,-0.9525823,129.69669,129.69669
8241,141.2199001073448,177.3332426297279,-0.39586824,-0.0026411193,-1.1630927,-0.89154094,136.68161,136.68161
8242,144.64166346792808,174.75616267559909,-0.4359598,-0.012322706,-1.2803627,-0.9041574,123.717636,123.717636
8243,150.96646619992197,172.2913198053879,-0.38698637,-0.034949463,-1.1676447,-0.98504734,132.52255,132.52255
8244,155.97456458133087,171.28913366243182,-0.3651562,-0.0015394152,-1.0715327,-0.9863128,151.615,151.615
8245,154.89215784822858,170.0195866310231,-0.47678173,0.09919965,-1.3237027,-0.85340774,116.86274,116.86274
8246,148.660702644688,167.53903373029806,-0.5519282,0.04674752,-1.381161,-0.8613736,98.21502,98.21502
8247,142.84731733655218,165.2854867959197,-0.58254886,0.019608082,-1.3906106,-0.8210835,96.24327,96.24327
8248,141.03382327035604,165.89573538944344,-0.52421856,0.045519978,-1.2079958,-0.846498,103.73769,103.73769
8249,143.7207642857374,169.82732567065935,-0.49733132,0.06411373,-1.2231307,-0.78608,104.92943,104.92943
8250,150.04673466244918,173.64947251161718,-0.5635482,0.059987586,-1.1580262,-0.8172642,94.34936,94.34936
8251,157.07959863410719,173.4804842518244,-0.52775586,0.046276465,-1.1226033,-0.8417496,95.28503,95.28503
8252,161.5653788426705,168.95984014260566,-0.4949408,-0.008940053,-0.91051936,-0.8713907,103.20615,103.20615
8253,163.40648926026842,162.904541828179,-0.4954036,-0.010453553,-0.95283777,-0.8738594,104.0106,104.0106
8254,164.79035988927208,158.59191132727662,-0.5750612,-0.035523504,-0.9370623,-0.8564474,88.23195,88.23195
8255,166.74842990089806,157.47457157074783,-0.6356242,-0.044340666,-1.2060715,-0.84560525,81.501495,81.501495
8256,167.97557508894627,158.2997010769508,-0.67831045,-0.08210748,-1.2244629,-0.84331983,80.53565,80.53565
8257,166.23101681600446,158.91883573818163,-0.82161844,-0.059563033,-1.5480931,-0.7283757,67.32585,67.32585
8258,160.36138950150047,158.93426955110618,-0.8649343,-0.057645313,-1.6400216,-0.68564874,63.648483,63.648483
8259,151.79706855717566,159.1441250409153,-1.0890331,-0.074082755,-1.9580479,-0.67671216,53.33251,53.33251
8260,144.55465609990267,159.64250238466227,-1.1257179,0.0033732015,-2.2443752,-0.50843126,49.3427,49.3427
8261,143.0759111163517,160.2607716053377,-1.172363,0.011477513,-2.1211977,-0.5200607,48.407963,48.407963
8262,148.8228271103882,161.22755282125772,-1.2847798,-0.044627793,-2.2880127,-0.70533526,45.80735,45.80735
8263,158.48501346381474,162.3531130070263,-1.0072047,-0.03293816,-1.9717891,-0.79061455,52.55265,52.55265
8264,166.74562142071306,162.99873218840384,-0.8290624,-0.07184068,-1.7561328,-0.9470215,61.085556,61.085556
8265,170.93538898962382,162.4980295193739,-0.95084083,0.017799033,-2.0317132,-0.94234186,50.43561,50.43561
8266,172.0458716543737,160.08273435138656,-0.9658316,0.0782907,-2.0868738,-0.74035287,46.396515,46.396515
8267,172.36466780782314,157.02504208821892,-1.5711023,0.30099577,-3.140315,0.20857063,27.878353,27.878353
8268,173.1437657006848,157.45655262207447,-0.92056924,0.30263194,-2.0133004,-0.13437071,46.36367,46.36367
8269,173.81785203272636,162.7456660312809,-0.84487444,0.3930963,-1.7892555,0.27074796,51.402924,51.402924
8270,173.08593921152453,168.1796352387338,-0.7172335,0.3794738,-1.6051798,0.09125752,60.713104,60.713104
8271,171.01535243468993,168.585657260776,-0.5436981,0.23935656,-1.3026768,-0.44286108,74.26884,74.26884
8272,169.4576982983376,164.8940270989695,-0.6222824,0.17146282,-1.4059362,-0.76669765,62.946945,62.946945
8273,169.78340679949457,163.13193415830435,-0.61753607,0.25318828,-1.4452515,-0.59054464,61.533978,61.533978
8274,171.5265929843328,166.70820497396596,-0.7919829,0.23604801,-1.8410155,-0.5130261,56.865955,56.865955
8275,173.51913796754405,172.4278104104301,-0.639113,0.098850004,-1.4083848,-0.97046155,72.64449,72.64449
8276,174.62113652822603,175.61926914407698,-0.6080455,0.102694,-1.216591,-0.8912614,81.06769,81.06769
8277,173.74586693846226,175.30869795443087,-0.7665448,-0.016811848,-1.3281912,-0.7955602,66.21278,66.21278
8278,171.2244516054649,173.197525305858,-0.7636118,-9.076376e-05,-1.3183805,-0.71796566,68.42298,68.42298
8279,169.43057451629286,171.29720275384204,-0.76765203,0.0056591965,-1.2098843,-0.7886055,71.48652,71.48652
8280,169.72577729908258,171.3549697247613,-0.67986864,0.0040617096,-1.139025,-0.85834163,77.73072,77.73072
8281,170.60632198603375,173.9369177754825,-0.7065396,-0.048225142,-1.0720291,-0.9587527,77.3771,77.3771
8282,170.91138022031882,177.46356709094542,-0.64066726,-0.10497287,-0.8729447,-0.98409784,82.78884,82.78884
8283,171.71820950612664,179.36447326794928,-0.49584883,-0.12284408,-0.53950495,-1.0061085,97.84678,97.84678
8284,174.0250139840413,178.38008269441994,-0.43328813,-0.16682537,-0.2667931,-1.0286623,112.9811,112.9811
8285,177.16059260844938,175.55811303730763,-0.3923264,-0.15745607,-0.117320865,-1.032893,121.61576,121.61576
8286,179.64473600967852,173.08984178491878,-0.33293357,-0.13929677,0.0062411805,-1.0149571,138.30063,138.30063
8287,180.58518388263025,172.25066350754176,-0.34991,-0.113116205,0.007722798,-0.9813378,139.6029,139.6029
8288,180.17738315847575,172.62212614197134,-0.32817772,-0.128252,0.08324153,-0.99391735,142.91379,142.91379
8289,179.00510299206053,172.97844451065052,-0.2931841,-0.1263404,0.14787173,-1.0088605,154.27222,154.27222
8290,177.2814551797996,172.46641038389106,-0.29721755,-0.12229273,0.14761679,-1.0188557,151.2065,151.2065
8291,175.30962518299685,171.3581439054947,-0.35510477,-0.23379235,-0.038166855,-1.1589344,122.84798,122.84798
8292,174.09409289407193,171.1116381268436,-0.36511397,-0.2543045,-0.031688944,-1.2124121,107.29757,107.29757
8293,174.24766476714882,173.0417303326346,-0.38066918,-0.3022506,-0.08291347,-1.154857,96.55238,96.55238
8294,174.85372184037973,176.54022484145526,-0.41069996,-0.34910685,-0.18882822,-1.2602029,80.512024,80.512024
8295,174.66401757746655,179.44910712964108,-0.5933886,-0.391952,-0.5315876,-1.3634897,58.370537,58.370537
8296,173.85354284881657,180.31297471674958,-0.5426628,-0.2548712,-0.30451304,-1.2040583,58.872654,58.872654
8297,173.7026402360435,179.17564483020186,-0.2414345,-0.09347092,0.19312358,-1.0683324,71.66157,71.66157
8298,174.82993551974448,176.6348640224718,-0.23795174,-0.15423457,0.22376011,-1.0460575,101.93297,101.93297
8299,176.4495570560699,173.9360473939721,-0.15025191,-0.100454584,0.30506918,-0.95419323,118.10326,118.10326
8300,177.3823162769693,172.92433464087134,-0.12804098,-0.14035358,0.28312922,-1.0219449,135.82553,135.82553
8301,177.17134558326345,174.21723830730596,-0.12689392,-0.12202283,0.31272605,-1.0650867,143.4318,143.4318
8302,176.32386137738897,176.56272391628792,-0.15921138,-0.12416317,0.2766601,-1.1019106,136.96085,136.96085
8303,175.74842452722595,178.1690201923878,-0.16663332,-0.10413914,0.24822575,-1.1413594,138.00014,138.00014
8304,175.75850274535046,178.0435042683223,-0.19554378,-0.15502551,0.24497029,-1.1361444,122.02582,122.02582
8305,175.5876435059779,175.63189544754522,-0.14235751,-0.08115574,0.4556158,-1.013552,123.74369,123.74369
8307,173.84015028577068,169.53243538127342,-0.03649435,0.057447676,0.742807,-0.5257994,146.34315,146.34315
8308,169.57212759868474,159.98898739894213,0.04264832,0.09982468,0.9428584,-0.3803961,128.13022,128.13022
8309,163.7318599877086,151.62626822187448,-0.111884415,0.07363758,0.51274955,-0.5313476,109.64019,109.64019
8310,159.58424339955286,147.67482469279798,-0.25275227,0.020003943,0.3659472,-0.6196272,116.23838,116.23838
8311,159.40292152992498,144.0274414110063,-0.33459863,-0.023629885,0.31959477,-0.67832303,116.766785,116.766785
8312,160.77132493791714,135.67913245142228,-0.3387882,-0.033532456,0.35384756,-0.6243743,114.346535,114.346535
8313,159.74521553604202,125.12476384700517,-0.3438599,-0.025803817,0.37295052,-0.6719531,117.80644,117.80644
8314,156.6804545283244,118.99270169287902,-0.30355036,-0.007911297,0.4629819,-0.5933997,122.21232,122.21232
8315,155.3511357090748,120.2899886907582,-0.28223783,-0.0053934073,0.50920016,-0.5457218,126.310486,126.310486
8316,157.78790435449204,126.61161451488738,-0.27535242,0.0032077366,0.5702077,-0.5361234,126.84672,126.84672
8317,162.62796947960135,133.09984590816794,-0.23628704,-0.009449177,0.63234746,-0.51862013,134.57324,134.57324
8318,167.55698796120942,136.2554090165867,-0.24178131,-0.0069347946,0.655782,-0.49369574,140.34981,140.34981
8319,171.51771864789723,136.10302040477896,-0.2146384,-0.026975539,0.67961717,-0.45531976,155.37465,155.37465
8320,174.37841526790706,135.02985238346378,-0.18647788,-0.033821955,0.79548997,-0.42694545,164.89368,164.89368
8321,175.6016239403749,134.9205370631804,-0.1683915,-0.044989396,0.8388008,-0.40575624,173.5686,173.5686
8322,174.42996288615797,135.96371855749234,-0.15932722,-0.057630382,0.8768772,-0.4044712,179.93178,179.93178
8323,171.15311781948978,137.58336951304378,-0.16055726,-0.06701228,0.87669903,-0.3946664,182.50493,182.50493
8324,167.35989847908172,139.52929738680245,-0.12615314,-0.087868065,0.9292551,-0.44234285,185.23262,185.23262
8325,164.86047246263482,141.75584344282703,-0.16319758,-0.08771099,0.86553097,-0.3611051,175.5101,175.5101
8326,164.26683591866313,143.60392239508258,-0.09057459,-0.06021991,0.8834554,-0.32344106,206.50427,206.50427
8327,164.28853348873866,143.94306413225775,-0.07421209,-0.040962905,0.9007207,-0.24376868,215.0629,215.0629
8328,162.1454225586421,142.32118238735518,-0.08309188,-0.03578392,0.8872583,-0.25851357,219.4748,219.4748
8329,155.43372234382983,139.27617159006746,-0.065819055,-0.059020463,0.8704013,-0.35404137,226.3795,226.3795
8330,145.08203963305883,135.7419473216824,-0.043789446,-0.069471955,0.87358844,-0.3237965,226.8323,226.8323
8331,135.10577522337363,133.46905500409108,-0.056326333,-0.06668067,0.86391443,-0.28431338,286.41797,286.41797
8332,128.1406287392353,134.98379272661916,-0.02117874,-0.068231784,0.88610435,-0.31526712,307.35538,307.35538
8333,123.44496800732725,140.41005250273406,-0.041511815,-0.071192704,0.8533562,-0.38384902,314.5489,314.5489
8334,119.3535021259567,145.90482816585512,-0.018297134,-0.07288527,0.8417306,-0.45723516,332.47687,332.47687
8335,116.0124400415662,148.70424265354333,-0.016031563,-0.06916069,0.82409334,-0.49034956,346.6596,346.6596
8336,115.29888761264132,150.58154798826163,0.0021452713,-0.065257214,0.93112564,-0.5113063,344.4565,344.4565
8337,117.39308363012277,152.53824239173,0.012495832,-0.06302484,0.9415802,-0.48050988,348.35837,348.35837
8338,120.61643000155829,152.16491825946542,0.010657438,-0.06345706,0.931006,-0.39247042,328.7871,328.7871
8339,127.29394863328803,150.64576467179077,-0.002593434,-0.07753651,0.89799464,-0.3599528,328.75336,328.75336
8340,142.3825013430794,154.14016752745147,-0.0029933902,-0.067543484,0.94441724,-0.29068616,377.88745,377.88745
8341,163.1604537758496,164.2221056166337,-0.011122653,-0.025240129,0.98637706,-0.17506497,340.14594,340.14594
8342,179.25858071633746,174.8447617929163,-0.030178918,-0.006995823,1.001248,-0.14197746,348.64905,348.64905
8343,184.31717570934728,180.35581549763822,-0.024491446,-0.004461431,0.9885502,-0.13002558,339.86774,339.86774
8344,181.31335268280904,180.60868015834757,-0.00087012246,-0.03857097,0.97980785,-0.12946963,383.4152,383.4152
8345,177.15206541862713,178.62194150649293,-0.002882014,-0.005768401,0.9648702,-0.10539509,362.88422,362.88422
8346,175.78209195984473,177.0744269246197,0.0030848596,0.007478741,0.98588187,-0.08007311,352.49655,352.49655
8347,176.73880398411973,176.9903284327759,0.0018519536,-0.053333737,0.99383616,-0.19484901,372.35016,372.35016
8348,178.05214072010645,177.91220103561122,0.0024102733,-0.05548853,0.9844114,-0.21612176,346.97464,346.97464
8349,178.6132816583928,178.70417852309814,0.0030194335,-0.061698902,1.0017047,-0.22157477,355.68747,355.68747
8350,178.34289686653588,178.5463637021966,0.02039767,-0.05665216,1.0552626,-0.2248386,344.6696,344.6696
8351,177.76645777329122,177.59553781506713,0.019838268,-0.02899043,1.0107614,-0.19662984,339.60538,339.60538
8352,177.62970020961174,176.88234800905846,0.012108537,-0.018324504,0.9880818,-0.1789241,344.0611,344.0611
8353,178.21926109187746,177.22777222386406,0.014487955,0.009736635,0.9959548,-0.08917585,361.915,361.915
8354,179.02709169449676,178.2857226206065,0.013198739,0.013826147,1.0055047,-0.052877065,369.8159,369.8159
8355,179.19798606507194,179.1052808016554,0.0052570435,-0.053719714,0.9981242,-0.1889179,379.84985,379.84985
8356,178.24866992956828,179.1221982330271,0.016203383,-0.035492845,1.0273746,-0.18266582,392.15942,392.15942
8357,176.54901706131164,178.2809581284408,-0.0002746299,-0.07706236,0.9474966,-0.22422053,442.71228,442.71228
8358,175.03980856812737,176.82471349763796,0.0052452656,-0.035159025,1.0012093,-0.16600104,396.0859,396.0859
8359,174.2167747408356,175.10918569709173,0.010996191,-0.055643987,1.0121651,-0.20159821,381.01352,381.01352
8360,173.7918106199698,173.6859701679201,0.018265383,-0.021104911,1.0147003,-0.15472159,379.66312,379.66312
8361,173.6403869700643,173.47687845953288,0.010970611,-0.055339433,0.99185234,-0.21383812,375.90442,375.90442
8362,174.1025973972439,174.92501617026278,0.012155754,-0.06526388,1.0003269,-0.21397984,352.8924,352.8924
8363,175.05354212925036,177.0867630108688,0.011097683,-0.07386845,1.0248208,-0.24021757,345.31113,345.31113
8364,175.92138269700183,178.56470093297472,0.022142608,-0.020643186,1.0180125,-0.15126158,367.04437,367.04437
8365,176.66620168001052,178.98658466447958,0.0043802974,-0.054439347,1.000901,-0.20721488,406.74802,406.74802
8366,177.60964692365022,178.79894945148132,0.0059266314,-0.061259065,1.0082357,-0.23648334,369.48804,369.48804
8367,178.46612058954702,178.2532645921669,0.0044421395,-0.06712036,0.99781644,-0.2716429,395.47946,395.47946
8368,178.46705772808917,177.54541848685676,0.008951443,-0.07995243,1.0015242,-0.2636703,387.5687,387.5687
8369,177.3291040691567,177.21638353267343,0.015080725,-0.08562498,1.0283811,-0.28385347,361.62402,361.62402
8370,175.73361063555336,177.56548471736656,0.010224893,-0.06612784,0.9886067,-0.23027277,350.2589,350.2589
8371,174.9430855608282,178.29069237768636,0.00650288,-0.07832507,0.99103945,-0.2796548,355.05792,355.05792
8372,175.53467735597087,178.76902216501423,0.002095481,-0.0774177,1.0065922,-0.2539383,386.86536,386.86536
8373,176.65330897786916,178.44560105262863,0.0055614235,-0.06483907,1.0023131,-0.23980081,383.4134,383.4134
8374,177.3023631365794,177.57908161864384,0.006394273,-0.0635942,0.99443257,-0.2342448,368.54343,368.54343
8375,177.47792588654684,177.2408698661241,0.008556309,-0.07241896,1.0040989,-0.25458103,365.47012,365.47012
8376,177.3663767129268,177.9028309645357,0.013468944,-0.0558987,1.006344,-0.22757874,382.7662,382.7662
8377,176.77917472668736,178.86388181908296,0.008119086,-0.06182205,1.0089109,-0.2377208,372.76984,372.76984
8378,175.8191781936019,179.26803014213428,0.008138739,-0.096060865,0.9900901,-0.2848898,367.3251,367.3251
8379,175.14883019169218,178.84466852203224,0.006562838,-0.08478041,0.99641585,-0.2805803,379.16574,379.16574
8380,175.22901885249524,178.01516019317194,0.005754143,-0.10683521,0.99888515,-0.29062733,378.0076,378.0076
8381,175.72446203206297,177.65130737479532,0.00640368,-0.09551051,0.99935895,-0.2737368,387.37912,387.37912
8382,176.0836153364765,178.12240994905974,0.0012472409,-0.09303139,0.99092954,-0.25948715,368.4402,368.4402
8383,176.38620591515007,178.80995572020478,0.008514623,-0.07732926,0.98691857,-0.24901626,356.8367,356.8367
8384,177.03515326161792,178.97402835274852,0.0057508363,-0.09373707,0.9758299,-0.26788574,362.1777,362.1777
8385,177.90891169450362,178.44940829949306,0.006956669,-0.09981385,0.9859807,-0.27870214,349.93576,349.93576
8386,178.45030677784246,177.56902652401303,0.007588277,-0.07669074,0.96865696,-0.26611015,333.68634,333.68634
8388,178.28142634885535,176.96217217843545,-0.27902785,0.13174057,-1.3404185,0.04535687,46.565395,46.565395
8390,177.0447486401018,176.60047060306908,-0.7612634,0.65472215,-0.016832186,0.85123265,11.37507,11.37507
8392,174.23028814161594,175.357451384747,0.09859275,-0.020733578,-0.002927153,0.9279944,96.62526,96.62526
8393,170.41982687305364,173.12372073959676,0.00058730826,-0.051195245,-0.17277576,0.8983057,79.18974,79.18974
8394,167.69549142067518,171.61665332567725,-0.20039344,0.018129565,-0.49639726,0.96298206,43.717102,43.717102
8396,167.2325437407146,170.88585021924516,-0.21593606,0.08725679,-0.98264885,0.93692625,51.374313,51.374313
8398,167.250412733273,167.65800871115408,0.036260113,-0.0059235133,-0.7946052,0.5402241,53.64714,53.64714
8399,164.0981630380393,160.01209632097664,0.008098244,-0.055631287,-0.9261529,0.52853763,53.24023,53.24023
8400,154.7812617347829,149.65173716670228,-0.012195727,-0.031032568,-0.9034575,0.5638643,55.726604,55.726604
8401,139.38429140517692,136.64154881884104,-0.03809288,0.013156191,-0.8744652,0.7792347,36.78015,36.78015
8403,125.33683976675715,122.17225345628725,-0.46854013,0.197181,-0.9611964,-0.48985448,31.990364,31.990364
8404,126.02091138339358,117.90070278557477,-0.53254735,0.2560484,-1.1431842,-0.47973517,27.224874,27.224874
8405,145.58176046713945,134.89269323236394,-0.72287357,0.26093146,-1.6110706,-0.45308435,20.25835,20.25835
8406,170.4056541342962,164.6476262263063,-0.7898988,0.21059446,-1.7429358,-0.6273937,19.570456,19.570456
8407,183.4753737304811,186.92011697045933,-0.8282792,0.16384912,-1.8562729,-0.7660963,19.401163,19.401163
8408,180.5217992987422,191.60790495534314,-1.1963594,0.15454644,-2.855415,-0.6874515,13.817248,13.817248
8409,169.25023453896404,184.08938651798255,-0.9998979,0.119223155,-2.4960988,-0.7034645,18.288305,18.288305
8410,159.32054852973403,175.056601474075,-0.7268797,0.11493718,-1.9068662,-0.6519165,22.651905,22.651905
8411,155.4730305476024,171.253239992159,-0.67166716,0.1661247,-1.6050447,-0.6057544,24.308846,24.308846
8412,156.77448469139517,173.20466923800973,-0.71744794,0.13955094,-1.6367536,-0.63768184,22.677546,22.677546
8413,159.7506607757467,177.3529681733939,-0.76637816,0.14302698,-1.7882415,-0.6151586,22.041058,22.041058
8414,162.24770746141033,179.95515960247394,-0.74273235,0.20261174,-1.7136419,-0.51744163,23.396559,23.396559
8415,164.61548734533946,180.02693863872292,-0.65099007,0.157901,-1.4350781,-0.67215145,26.506445,26.506445
8416,167.71600867620833,178.9620350497423,-0.6879361,0.14453787,-1.5029153,-0.67819476,24.501413,24.501413
8417,171.23537674889127,178.14102539861244,-0.82748306,0.13236909,-1.7089652,-0.7580546,20.08544,20.08544
8418,174.40907442956546,177.15702082280367,-1.2054889,0.3314485,-2.3465946,-0.33459207,15.464643,15.464643
8419,176.85448268348262,173.7283433461082,-0.6754704,0.4553729,-1.5666469,-0.07145693,24.705095,24.705095
8421,177.90421072751238,166.8434068758736,-0.15058385,-0.07372286,0.13408156,-1.2208302,42.186058,42.186058
8422,176.72273498192376,160.60548167075868,-0.27433616,-0.13833627,-0.22732282,-1.285453,41.040344,41.040344
8423,174.22343046685515,160.4236983905318,-0.3683808,-0.14073691,-0.47193968,-1.2754635,39.85717,39.85717
8424,173.0973824819244,165.4875917816338,-0.40013105,-0.13769181,-0.5389974,-1.1624017,39.987053,39.987053
8425,174.58219782725612,170.34809885200116,-0.45232594,-0.15536502,-0.57309616,-1.0654126,37.153206,37.153206
8426,176.89954467996142,171.3992968844125,-0.5488226,-0.15337482,-0.6485665,-1.0117636,34.455307,34.455307
8427,177.55008706836557,168.57452043703586,-0.54233706,-0.11360782,-0.60935605,-0.98146874,34.94049,34.94049
8428,176.00378551386706,163.94952685582984,-0.46644107,-0.08773825,-0.46039706,-0.9819923,40.817986,40.817986
8429,174.0245868434551,159.58504084057589,-0.4612645,-0.09074826,-0.29456574,-1.0571178,41.24206,41.24206
8430,173.55102854160623,155.80304266433487,-0.5195402,-0.08397139,-0.2588039,-1.1439942,36.640114,36.640114
8431,174.5864723652602,151.68318198522167,-0.45259473,-0.06570746,-0.14614697,-1.0753611,39.267532,39.267532
8432,175.69152993494282,146.18022451991635,-0.35090277,-0.0061969915,0.07108439,-0.9169943,48.891228,48.891228
8433,176.06016443382254,138.63547570003013,-0.3402201,-0.038563505,0.18440913,-0.8998631,54.412266,54.412266
8434,176.21978422887528,129.74048633478216,-0.27094325,-0.01834454,0.30417594,-0.82806075,60.798794,60.798794
8435,176.73853371214452,122.26285360821187,-0.27869266,-0.014109878,0.288235,-0.8253674,56.0568,56.0568
8436,176.39350055282387,119.98401701467752,-0.32848388,-0.00069620984,0.21144275,-0.7645234,47.033752,47.033752
8437,171.5309565535996,124.8545736406854,-0.31465626,-0.014729726,0.21153617,-0.7544209,50.801422,50.801422
8438,159.43238760871904,133.6893181341983,-0.27202693,-0.017446391,0.28863943,-0.7573743,50.430016,50.430016
8439,143.2765700635518,139.23859560736105,-0.2346593,-0.018461782,0.3517579,-0.71584755,52.441856,52.441856
8440,131.03390992319714,137.27390444128213,-0.2535711,0.009102385,0.30969435,-0.7222376,53.23084,53.23084
8441,129.31535413845023,130.53634924980426,-0.32044497,-0.026231932,0.19679695,-0.84838367,45.664803,45.664803
8442,138.73566599973213,124.1704854163105,-0.25196946,-0.07423278,0.26258767,-0.9378771,54.515602,54.515602
8450,153.32686680251584,121.8197390709443,-0.33612344,0.024724113,-0.97605354,-0.9236723,48.143593,48.143593
8451,164.53294610005054,127.92341473233195,-0.5449318,0.17445052,-1.4666685,-0.65002567,34.24064,34.24064
8452,167.4821841072685,145.378869919988,-0.58351475,0.1274308,-1.5840815,-0.6021829,32.758472,32.758472
8453,164.07580487248316,167.78719430026175,-0.7560251,0.20676261,-1.636411,-0.59167486,23.893179,23.893179
8454,159.75150688848416,183.1003426386165,-0.7299571,0.14088619,-1.521377,-0.7515172,26.62351,26.62351
8455,158.15150426725722,186.11799572499638,-0.5437091,0.12650046,-1.2785524,-0.70568305,32.32463,32.32463
8456,159.46552824957814,181.66542085437268,-0.60033894,0.18242064,-1.4683635,-0.74354774,30.13638,30.13638
8457,161.96713763494546,177.34678148592894,-0.52766246,0.17641065,-1.3561617,-0.6684773,34.961277,34.961277
8458,164.0488663266072,176.71467227461062,-0.5496852,0.105551474,-1.4699103,-0.7898055,35.13419,35.13419
8459,165.54108818621822,178.47428518183625,-0.5908528,0.14950366,-1.4740816,-0.8091591,32.90449,32.90449
8460,167.49098531863254,179.82936564687833,-0.715266,0.22219783,-1.6339535,-0.59028655,26.513882,26.513882
8461,170.72912493430286,179.54348451895578,-0.62079877,0.18339227,-1.5629181,-0.5396543,32.99582,32.99582
8462,174.82466742202612,176.6039103304177,-0.66942763,0.16187972,-1.5326027,-0.46510625,30.165476,30.165476
8463,178.29732616690328,166.34549944218088,-0.52801734,0.14787485,-1.3970004,-0.45608646,34.881603,34.881603
8464,179.7362022056021,145.63685107142203,-0.438682,0.0055147014,-1.198951,-0.8616819,29.561874,29.561874
8465,179.0623793788311,123.9958202856524,-0.59093106,0.05051579,-1.4889321,-0.8269066,28.112705,28.112705
8467,177.63315877104395,117.64182298423209,-0.15834843,-0.038103677,-0.07530742,-0.9817244,90.271255,90.271255
8468,176.7232105081589,130.83024576406936,-0.6407129,-0.115108095,-0.7058222,-0.9940516,33.333935,33.333935
8469,176.55596263049043,152.69508434116636,-0.6995854,-0.11718186,-0.8869721,-1.0554237,27.995098,27.995098
8470,176.92938354225927,169.6715404677105,-0.63992465,-0.1515336,-0.8178023,-1.060842,29.13551,29.13551
8471,177.32136073085272,175.3830365080549,-0.5608961,-0.08099811,-0.6569228,-1.0570661,32.668888,32.668888
8472,176.5549309843077,172.28795855931048,-0.59960425,-0.13883965,-0.636972,-1.0838921,32.709766,32.709766
8473,173.9823485536926,166.7209737494881,-0.7728498,-0.18672304,-0.7928395,-1.3259789,27.296705,27.296705
8474,170.87896964017432,162.55223433577842,-0.6636109,-0.15819354,-0.55342644,-1.0415037,30.220001,30.220001
8475,169.50479951722232,159.5346851004269,-0.62921476,-0.14330012,-0.33576727,-0.9428554,33.5248,33.5248
8476,170.7487754150794,155.61512987397512,-0.51746243,-0.024964912,-0.06604818,-0.89207745,40.812897,40.812897
8477,173.44651980510255,149.67575895839033,-0.49675214,0.00047485883,-0.08525914,-0.89746267,41.64478,41.64478
8478,175.88000134018546,143.05200052881133,-0.46156105,0.023834756,0.09020909,-0.8612892,40.809597,40.809597
8479,177.16460682733867,138.8583508063523,-0.3698896,-0.052396737,0.23137185,-0.7855763,44.13268,44.13268
8480,177.17769921283374,139.5585951985663,-0.35106105,-0.08368324,0.25267214,-0.78682643,47.043316,47.043316
8481,175.2367704133647,144.21607687155986,-0.3294345,-0.044800308,0.26847738,-0.7010729,47.778072,47.778072
8482,169.00461207051356,147.67717836722463,-0.30409187,-0.02453024,0.39510918,-0.6672727,48.914734,48.914734
8483,157.8836654641345,144.95042247930044,-0.29326484,-0.032761805,0.41473305,-0.7119428,47.730927,47.730927
8484,148.33434888337288,137.80326971287488,-0.11187719,-0.0112052085,0.66221005,-0.6470657,61.76937,61.76937
8485,148.89162119260305,134.26115966192387,-0.15893634,-0.027533567,0.5237237,-0.6690546,57.498177,57.498177
8486,159.0573317503769,139.91912014157907,-0.17708486,-0.014418156,0.50829583,-0.66711086,55.992737,55.992737
8488,169.82760659782772,151.9101086253323,-0.08543741,0.04882982,-0.80778486,-0.6863771,189.44405,189.44405
8489,170.02078605628174,158.69768598059096,-0.06627841,0.0023166956,-0.79079175,-0.7236275,174.76474,174.76474
8490,147.99749477535644,142.85643802266503,-0.063247986,0.010583543,-0.69537216,-0.8055656,153.75076,153.75076
8491,105.02448164378009,101.1480592624745,-0.0353094,0.020680277,-0.61251676,-0.84348077,129.41022,129.41022
8492,67.36139427631325,63.60073339353654,0.032822084,0.029130496,-0.4507089,-0.82448924,74.81446,74.81446
8493,61.315615043948625,63.8084253080159,-1.1306963,0.49377626,-2.202487,0.1669139,16.916191,16.916191
8494,86.976722124567,99.84659809875453,-1.4803534,0.53286934,-1.9356424,1.5374624,14.803224,14.803224
8495,128.227323854512,145.514729080692,-1.2265549,0.29934618,-1.5326692,1.0845027,18.446472,18.446472
8498,166.18550187668026,178.26397687586288,-1.3320072,0.3637138,-3.4066017,-0.22713731,11.6637,11.6637
8499,185.25666416509577,189.69414921524154,-1.0101713,0.24435794,-2.0200636,-0.262857,14.231832,14.231832
8500,183.41587275191543,185.62600039193032,-0.78744555,0.12576486,-1.7028345,-0.49401596,17.790556,17.790556
8501,172.4865078907265,178.00550464141648,-0.9045183,0.123060726,-1.5116138,-0.23681171,16.232796,16.232796
8502,165.61968958744305,174.54407530653972,-1.0603997,0.29468128,-1.99491,-0.06712578,13.984504,13.984504
8503,167.3437086134703,175.5807222702543,-1.4579937,0.68145436,-2.8374898,0.34450355,10.008511,10.008511
8506,169.40732102844638,175.5621766997597,-1.2865853,0.25594062,-3.4596894,-0.6811781,10.522541,10.522541
8507,156.07497508795927,164.08661871438017,-0.7221312,0.014355393,-2.281832,-0.7229609,19.78752,19.78752
8513,128.59325538832465,135.99728445872174,-0.014893302,0.00025874475,-0.9664193,-0.16926646,159.69716,159.69716
8524,112.49365184617018,105.21226963535317,-0.22635937,-0.034435585,-0.27320904,-1.030008,65.28267,65.28267
8525,120.91972969629317,93.57413661514659,-0.45697284,-0.08938311,-0.45163667,-1.1067474,35.080338,35.080338
8526,137.0548392276933,107.60252549483626,-0.536435,-0.15053739,-0.26422802,-0.87938637,28.073658,28.073658
8527,144.96004085451654,136.10987177036864,-0.3489098,-0.055774502,0.1696436,-0.80483943,32.989372,32.989372
8528,146.98424467550961,160.15656891019964,-0.24398972,-0.035952974,0.20447476,-0.8943213,43.87462,43.87462
8529,144.76435008776517,163.11607650928616,-0.14433554,-0.033451263,0.41105467,-0.8007924,56.036186,56.036186
8530,131.1206040038458,141.82121761217988,-0.14520785,-0.022043157,0.44829863,-0.76951075,57.73143,57.73143
8531,110.58000044613361,109.80950995091412,-0.24281298,-0.015883047,0.2650254,-0.85481656,51.99098,51.99098
8532,103.78278979335754,86.5876638339931,-0.2569449,-0.01196729,0.19412166,-0.9253621,48.573975,48.573975
8533,120.78587559036308,83.7174672671935,-0.3104831,-0.006015995,0.07390631,-0.9712268,38.87748,38.87748
8599,147.55776105398922,99.5851306039244,-0.17808929,0.037001498,-0.14930496,-0.94971514,46.56464,46.56464
8602,163.08853007504646,122.62471279869355,-0.153262,0.0030077458,-0.5097039,-0.9526216,44.501797,44.501797
8603,161.43992768023259,139.60707312156313,-0.23372254,0.11779442,-0.59366816,-0.797753,34.208252,34.208252
8604,154.6586057138765,144.64851774481204,-0.28680402,0.052790612,-0.52855486,-0.7771439,29.731026,29.731026
8605,152.46798241782275,141.36046474165178,-0.053959567,0.014800571,-0.05135792,-0.99766195,49.547913,49.547913
8606,147.4248178119981,135.05180942014732,-0.10424844,0.2088885,0.19528711,-0.51949537,19.636929,19.636929
8630,132.03116174664405,128.15788089106726,-0.11871793,0.02332991,-0.4043284,-0.9637268,193.7684,193.7684
8631,117.76414218496899,125.71958727338247,-0.11400484,0.023170792,-0.37877804,-0.97793746,194.13495,194.13495
8632,119.6790690545826,132.8256940778239,-0.09475858,-0.013757557,-0.3285889,-1.0078044,200.37816,200.37816
8633,134.82450085317953,145.93098142646733,-0.06957862,-0.017172575,-0.24027342,-1.0164431,206.67627,206.67627
8634,150.60733134827973,156.94566175588528,-0.078622885,-0.004742267,-0.22767638,-1.0200666,207.86436,207.86436
8635,161.98523701559682,161.83276633614926,-0.03782354,0.0036649562,-0.19361162,-1.0060014,209.10411,209.10411
8636,170.29655205508732,161.4234194651443,-0.06674035,0.0048734834,-0.1945551,-0.9906509,208.72379,208.72379
8637,175.76052541644773,158.96108266333192,-0.08285725,0.005619251,-0.22875945,-1.0012338,214.80286,214.80286
8638,177.65517794485956,157.87996093031654,-0.10846468,0.008954421,-0.22130093,-0.9901837,214.06288,214.06288
8639,176.77792720618055,159.57485012105724,-0.10553439,0.0009383412,-0.19955574,-0.9773177,221.02563,221.02563
8640,175.17264046682118,162.98111045798805,-0.10009846,0.011653248,-0.20298187,-1.0173318,224.07014,224.07014
8641,174.3025878959662,166.15221640597954,-0.09355613,-0.0089144735,-0.16499572,-1.015627,233.68637,233.68637
8642,173.82006068733696,167.77987430008812,-0.031408798,-0.0026132455,-0.07044673,-1.0221261,239.96031,239.96031
8643,172.11080626426505,167.73563855378916,-0.048022974,-0.001940721,-0.08361585,-1.023453,236.59634,236.59634
8644,168.2722359740433,166.69456333390002,-0.07271343,0.0035759811,-0.094339564,-1.0242288,235.89803,235.89803
8645,163.75437112566436,165.41278454111452,-0.06536284,-0.0038467478,-0.036799863,-1.0072111,241.26889,241.26889
8646,161.1668310900528,164.50759610788225,-0.06855015,-0.005645127,-0.04148157,-1.0227361,244.70816,244.70816
8647,161.03955231816542,164.49489874865628,-0.08101873,-0.008000498,-0.031372216,-1.0022343,247.32959,247.32959
8648,161.25399430598787,165.45521443157085,-0.08444786,-0.010647417,-0.03322501,-1.0092379,239.80884,239.80884
8649,160.16150360382204,167.13280416459943,-0.09594568,-0.0037066585,-0.05011639,-1.0101929,249.3171,249.3171
8650,158.32687792842572,169.62101457583842,-0.08951562,0.008892761,-0.028659802,-1.00406,255.9661,255.9661
8651,156.9813756099337,172.88912906396448,-0.089631975,0.0029409577,-0.013014335,-1.0023073,260.5394,260.5394
8652,156.73489961982835,175.5901192874898,-0.10540667,0.008714901,-0.043151308,-0.9957463,269.98645,269.98645
8653,157.63033748872323,175.87485448367238,-0.101843946,-0.004396707,-0.03970915,-0.99632955,265.6185,265.6185
8654,159.6094653696196,173.8474664064714,-0.08693618,0.006678363,-0.03322691,-0.9962219,270.19247,270.19247
8655,163.28638534495542,172.08405154926692,-0.089805104,0.007704051,-0.023440534,-0.987563,274.33948,274.33948
8656,169.1253182485423,172.75899305496768,-0.0888852,-0.0041807867,-0.04909482,-0.9944146,273.30722,273.30722
8657,175.55824714927536,175.0170293450488,-0.09579179,-0.007458599,-0.069620885,-0.99516225,278.72775,278.72775
8658,179.62248988395945,176.21004564606264,-0.09050745,-0.007837161,-0.052894205,-0.9933038,280.53632,280.53632
8659,179.30205589771145,174.72692999148276,-0.088061504,-0.0027377135,-0.042509083,-0.9901388,283.783,283.783
8660,175.2754378503635,171.61634670555813,-0.084588245,-0.0069156946,-0.04612122,-0.9817216,282.075,282.075
8661,170.77820380107747,170.14493557740914,-0.09237658,-0.0046493374,-0.0486636,-0.97888666,288.8884,288.8884
8662,168.17100967858025,172.3221611100219,-0.06515893,-0.012961944,0.007918423,-0.98349625,302.89334,302.89334
8663,166.5352774586208,175.26220621729422,-0.052175343,-0.00628108,0.020892102,-0.9817973,306.77524,306.77524
8664,163.89967366740092,173.31035429644675,-0.10128281,-0.000954291,-0.009006828,-0.9881744,302.39645,302.39645
8665,159.531548073634,166.40629749890155,-0.12121834,0.0013542302,-0.009045811,-0.9927215,300.39154,300.39154
8666,153.99559906037607,161.52758993093101,-0.13870549,-0.013080481,-0.031080037,-1.0145291,297.06882,297.06882
8667,148.5271987986983,161.8158253999198,-0.14344312,-0.002038452,-0.0075920457,-1.0146314,281.1845,281.1845
8668,144.15299489139676,162.18132845297671,-0.13505249,-0.0041879225,-0.04373517,-1.0073688,283.74295,283.74295
8669,141.8126028743946,157.66982018146658,-0.12111837,-0.003311316,-0.026691215,-1.0007197,286.49316,286.49316
8670,143.05493949552962,150.2228683308836,-0.13888611,0.012650241,-0.018386267,-0.9889914,300.20523,300.20523
8671,149.07955990164172,147.2735936398105,-0.13766299,0.0008986082,-0.06425059,-0.9890843,303.54288,303.54288
8672,158.76400645220227,153.82075622534424,-0.13069972,0.0014287848,-0.06499018,-1.0035964,318.67798,318.67798
8673,167.34720847866058,164.13930160634555,-0.11431426,-0.013360466,-0.036020152,-1.0180705,322.8309,322.8309
8674,168.0450207791057,164.13382471957513,-0.13121954,-0.012229529,-0.08423267,-1.019739,319.5161,319.5161
8675,159.09857003045565,147.98200037045615,-0.12751462,-0.012941164,-0.13897528,-1.0226679,315.62808,315.62808
8676,147.92110197968242,129.2691120118524,-0.12522604,-0.010907568,-0.16166048,-1.0208966,311.54456,311.54456
8677,143.29788320227868,126.46541600682636,-0.14790018,-0.0060755764,-0.10316084,-1.0274843,318.08606,318.08606
8678,146.5613386224696,142.16329235188522,-0.13439411,-0.006190153,-0.08379553,-1.0308565,320.31326,320.31326
8679,153.19059051691713,163.48210121134596,-0.15022077,-0.0093844,-0.109182656,-1.0292425,320.92822,320.92822
8680,158.81947726133836,176.81335013519532,-0.14315988,-0.0025082692,-0.10412002,-1.0226605,318.2345,318.2345
8681,161.82356970548418,177.96584446902875,-0.14718036,-0.0044134357,-0.08696125,-1.0205396,320.42715,320.42715
8682,162.41344965156821,171.47578759875591,-0.14342195,-0.0067741917,-0.058510736,-1.0218022,318.9884,318.9884
8683,161.35081271247682,163.91793916438263,-0.15026139,-0.004626738,-0.10308833,-1.0330548,319.09726,319.09726
8684,159.82497784314467,159.0841003211826,-0.16343649,-0.0043574255,-0.13689332,-1.0379285,317.71042,317.71042
8685,159.18661389442204,157.62123238029318,-0.16134588,-0.013469703,-0.1325123,-1.0495149,307.7563,307.7563
8686,159.93884126707488,158.4538812934807,-0.16089071,-0.019852053,-0.12828088,-1.0528077,311.10873,311.10873
8687,161.4402563667989,160.00206783877985,-0.16376455,-0.023147402,-0.14311092,-1.0476689,313.18372,313.18372
8688,162.74594400932716,161.09519979213508,-0.167964,-0.030338686,-0.14632684,-1.0537678,306.2794,306.2794
8689,163.4475689033777,161.45117187239518,-0.16849767,-0.028165612,-0.13947736,-1.0519266,312.06458,312.06458
8690,163.75308436691742,161.35464037853887,-0.17027287,-0.0325758,-0.14168616,-1.0436255,316.9197,316.9197
8691,164.0307789965765,160.94352380624161,-0.17740752,-0.03904742,-0.15045746,-1.047392,316.89734,316.89734
8692,164.42669348705698,160.02283853276015,-0.17929418,-0.043160487,-0.12101226,-1.0464945,321.70792,321.70792
8693,164.894465232353,158.58315494836575,-0.1791616,-0.03584252,-0.101370074,-1.0430987,325.50192,325.50192
8694,165.49875387474657,157.27134203770325,-0.18230417,-0.038263384,-0.08226544,-1.0487391,328.43292,328.43292
8695,166.47226247439198,156.99166079398512,-0.17940913,-0.03675945,-0.08473157,-1.0575503,334.40494,334.40494
8696,167.8100245290301,157.91384349337366,-0.18194547,-0.037180077,-0.08912237,-1.0373908,334.2579,334.2579
8697,169.04314162768245,159.05545699190384,-0.1752602,-0.03676068,-0.078484036,-1.0539397,344.21964,344.21964
8698,169.70843181616894,159.07214697927344,-0.17118575,-0.038026385,-0.062971994,-1.039452,351.97183,351.97183
8699,169.94100123062023,157.67600212968156,-0.17184387,-0.037603132,-0.060765974,-1.0533283,350.6324,350.6324
8700,170.30543924519668,156.17790891764005,-0.17167947,-0.041586842,-0.057665017,-1.0521864,353.29254,353.29254
8701,171.02815292164252,156.41722035088884,-0.17826985,-0.048178498,-0.054308552,-1.0513856,342.9287,342.9287
8702,171.73675483910284,159.3414430614396,-0.18153,-0.053926636,-0.045838118,-1.0501536,337.95078,337.95078
8703,172.04421977761973,164.56130319500988,-0.1844319,-0.054748714,-0.04285425,-1.0487219,337.09143,337.09143
8704,172.11446959150553,170.68008739385772,-0.18401283,-0.05195459,-0.038530294,-1.0463266,341.5329,341.5329
8705,172.4662241869088,175.87041846599197,-0.18515618,-0.053384423,-0.02710845,-1.037623,344.5205,344.5205
8706,173.21271689656285,178.63680111725833,-0.18142891,-0.058346353,-0.014920449,-1.035135,354.48004,354.48004
8707,173.74175170233278,178.63121669908688,-0.18243277,-0.05613408,-0.014942419,-1.0223523,353.677,353.677
8708,173.38304091316706,176.9163491250536,-0.1806133,-0.051591415,0.00495625,-1.0342594,357.68295,357.68295
8709,172.2604038058516,175.04677540071938,-0.18134737,-0.050968308,0.021338914,-1.0284202,361.85336,361.85336
8710,171.28343117345898,173.72118096978758,-0.18051767,-0.05209359,0.02173482,-1.0299581,360.7352,360.7352
8711,171.23411215828065,172.7822146664116,-0.17760646,-0.05220449,0.02720236,-1.0277003,361.0679,361.0679
8712,172.02061517176242,172.27271332724547,-0.17640522,-0.05756137,0.032970056,-1.0242922,367.51175,367.51175
8713,172.98913192101816,172.71514392611667,-0.17337991,-0.054152355,0.038701836,-1.0208532,372.47974,372.47974
8714,173.5966235649081,174.36224325788322,-0.1721716,-0.059087,0.0401135,-1.0229923,374.32388,374.32388
8715,173.6017705183712,176.4291780731256,-0.17277059,-0.058364112,0.04838672,-1.0267705,376.60828,376.60828
8716,173.10991676041812,177.67140587105837,-0.17179556,-0.059710473,0.06659759,-1.0226067,378.39044,378.39044
8717,172.5427771622048,177.83695113614482,-0.17225765,-0.06473034,0.07634044,-1.0215167,385.70096,385.70096
8718,172.23780267102222,177.58405425200604,-0.1751208,-0.07110979,0.07366576,-1.0274401,387.32504,387.32504
8719,172.14385256628253,177.3459425823333,-0.17996562,-0.06866309,0.07656891,-1.0245371,388.99405,388.99405
8720,172.02131178210016,177.13208734403153,-0.17867921,-0.06398587,0.09234815,-1.0183095,393.9077,393.9077
8721,171.75048965313877,176.94921297152058,-0.17640568,-0.062237203,0.11144994,-1.0145744,397.54855,397.54855
8722,171.43893668112133,177.0162270035319,-0.17385858,-0.06572005,0.12833972,-1.0159429,401.2464,401.2464
8723,171.34706529961483,177.46378101701964,-0.17383628,-0.06931702,0.12536821,-1.0226895,402.09387,402.09387
8724,171.6177737713781,177.8714774618665,-0.17419375,-0.06810174,0.121195905,-1.0277692,406.23996,406.23996
8725,172.16004602394466,177.60610826733256,-0.1775247,-0.071584456,0.124212265,-1.0226127,409.82584,409.82584
8726,172.8869457027079,176.57205924455633,-0.18289691,-0.06815804,0.12049966,-1.0208336,407.15274,407.15274
8727,173.71386281321364,175.18976405120748,-0.18439871,-0.072471775,0.11904389,-1.0249816,408.09006,408.09006
8728,174.28446078321574,173.89918002994375,-0.19204073,-0.068715185,0.11733392,-1.0277978,402.61154,402.61154
8729,174.1958341348045,173.02321855805423,-0.19239184,-0.06500607,0.1046238,-1.0323213,396.37225,396.37225
8730,173.48522231776164,172.85478592809775,-0.1885942,-0.062542334,0.09223923,-1.0368814,389.60526,389.60526
8731,172.48421605110912,173.4677482478596,-0.19033688,-0.063944586,0.073415235,-1.0447279,383.97943,383.97943
8732,171.3605820740711,174.4181104552224,-0.18989953,-0.06236947,0.058115225,-1.0541668,383.99435,383.99435
8733,170.09376627123402,175.10597328160284,-0.18847872,-0.06003678,0.05850412,-1.048488,378.79715,378.79715
8734,168.73835192724792,175.46306673219576,-0.19181384,-0.06307174,0.050216455,-1.0405414,370.96484,370.96484
8735,167.86148598264987,175.82610907501763,-0.19009393,-0.065115735,0.032612547,-1.0342993,372.26852,372.26852
8736,168.56253440401926,176.30894081158394,-0.19285877,-0.06118373,0.011547326,-1.0318861,369.4407,369.4407
8737,171.1308710844946,176.72156311412994,-0.19000915,-0.061924033,-0.0072675114,-1.0364131,368.81384,368.81384
8738,174.0972132499063,176.8788910226855,-0.19138777,-0.0623331,-0.030431956,-1.0446689,367.99246,367.99246
8739,175.62987187136432,176.61645042953288,-0.19742809,-0.059483133,-0.040137768,-1.0450363,366.37122,366.37122
8740,175.23741669179395,175.92466284424168,-0.21143559,-0.058022235,-0.09448126,-1.0548685,358.81967,358.81967
8741,173.82021309841372,175.36446313709297,-0.2156652,-0.058528513,-0.14324641,-1.0574703,351.25046,351.25046
8742,172.9465812726524,175.69489789131913,-0.21042518,-0.05820541,-0.18043962,-1.0587766,346.9117,346.9117
8743,173.78969850492913,176.84310644696473,-0.20685525,-0.047457512,-0.19881926,-1.0599729,359.26974,359.26974
8744,176.0955210372427,177.62127671808304,-0.20620719,-0.046967536,-0.21348073,-1.0512593,370.06113,370.06113
8745,178.44560608265306,176.79958852025226,-0.20242795,-0.039872527,-0.22467703,-1.0486826,375.29266,375.29266
8746,179.49538281315242,174.55297491844962,-0.20275775,-0.03185221,-0.22341874,-1.0439831,375.30084,375.30084
8747,178.98532602671025,172.40964666716778,-0.20903446,-0.0394343,-0.2248591,-1.0407945,364.3137,364.3137
8748,177.8190845206874,171.7093131298052,-0.21372801,-0.032367907,-0.24488665,-1.0418413,355.47876,355.47876
8749,177.0280684320051,172.5126604543826,-0.21559782,-0.029865472,-0.26852712,-1.0367926,349.0547,349.0547
8750,176.85092918031927,173.87148447906918,-0.21533489,-0.032756858,-0.27797514,-1.034433,339.6664,339.6664
8751,176.8245741897752,174.87953633637127,-0.22048396,-0.034171477,-0.27478924,-1.0391173,333.03177,333.03177
8752,176.1672219335222,175.48812680318534,-0.23181841,-0.03371818,-0.28151217,-1.0487392,320.57315,320.57315
8753,174.1149070065413,176.28247248994813,-0.2527529,-0.040369317,-0.31762162,-1.046625,303.2351,303.2351
8754,170.18264552395667,177.34314686221396,-0.25014165,-0.04230464,-0.30164647,-1.0517585,295.65622,295.65622
8755,164.48592087498662,177.78187283929367,-0.2508024,-0.0472733,-0.30570602,-1.0563366,289.74118,289.74118
8756,158.94587861374728,177.10317745613145,-0.2565094,-0.04710425,-0.30750805,-1.0556667,285.44513,285.44513
8757,157.4076348751181,176.2984150635482,-0.26183113,-0.054430116,-0.31682825,-1.0551442,278.05643,278.05643
8758,162.2669444636383,176.49833641802377,-0.27240613,-0.057153367,-0.33261123,-1.050265,263.54315,263.54315
8759,171.04578304765346,177.34901773916854,-0.25694713,-0.060219157,-0.28274724,-1.0556772,270.6048,270.6048
8760,177.68522335789072,177.77051223031455,-0.26252162,-0.06210355,-0.2681033,-1.058451,265.53198,265.53198
8761,178.2018009049347,177.54700219514288,-0.2565826,-0.059890468,-0.24126764,-1.0525818,272.65656,272.65656
8762,174.7789254638992,177.25628440092174,-0.2667154,-0.06132791,-0.2465323,-1.0735071,267.85724,267.85724
8763,172.59899514768128,177.21032710924206,-0.26060736,-0.060746085,-0.21227713,-1.0698918,270.77744,270.77744
8764,173.61915340720742,177.25165754052927,-0.27249244,-0.06840648,-0.17739892,-1.0657284,269.9408,269.9408
8765,175.4981927214262,177.22775699450094,-0.2702009,-0.077413045,-0.15200765,-1.0618222,276.3047,276.3047
8766,174.97853405156167,177.01861528484505,-0.26003754,-0.076617934,-0.10932703,-1.0673136,287.9237,287.9237
8767,171.60219118509704,176.3047973840262,-0.25359982,-0.09033665,-0.09295852,-1.0610248,296.64767,296.64767
8768,168.8930398449379,174.72910809458057,-0.25104052,-0.09500204,-0.04648312,-1.0598619,310.0635,310.0635
8769,170.21048872791837,171.99904686470992,-0.262274,-0.08193248,-0.03533073,-1.0504996,315.69708,315.69708
8770,174.12677121392727,167.86820328416016,-0.2539077,-0.07705367,-0.02266772,-1.0347328,327.75702,327.75702
8771,176.00963691514482,163.13643005928293,-0.24031997,-0.06027104,0.043083545,-1.0127058,353.2636,353.2636
8772,172.33994203404657,159.8017647063871,-0.21660231,-0.05411606,0.08101523,-1.0014497,376.14246,376.14246
8773,163.82219157383454,158.74105707443604,-0.2126009,-0.062232386,0.11885915,-0.99686974,407.8067,407.8067
8774,156.7583516985768,159.1337415619707,-0.22803429,-0.05848749,0.15177034,-0.9913446,397.67953,397.67953
8775,158.013421881818,159.92394204992223,-0.20594709,-0.08258336,0.28352493,-0.9728464,421.97095,421.97095
8776,166.74459632637686,159.6154661471813,-0.21638238,-0.064573176,0.3297073,-0.91331226,432.78577,432.78577
8777,174.6094648007333,156.4804701394425,-0.19151914,-0.07446854,0.43186077,-0.84636575,478.8276,478.8276
8778,174.45918395428822,150.27179515791624,-0.19262227,-0.06823343,0.4803571,-0.8179837,478.31516,478.31516
8779,167.23376793378876,142.45189025769474,-0.17654622,-0.071313985,0.53649616,-0.81148064,500.99268,500.99268
8780,158.7193776280833,134.7124437307997,-0.16520816,-0.069225,0.57858944,-0.73827213,550.48553,550.48553
8781,150.73219883339533,128.64482530863643,-0.15041792,-0.059830584,0.69433933,-0.67496413,598.2652,598.2652
8783,141.74286542022068,127.45470315467244,0.0030903951,-0.07819123,-0.94362885,-0.54912937,14.417465,14.417465
8786,134.80716707947187,131.7924309797996,-0.32692108,-0.023554556,-0.56458074,0.97803086,24.627003,24.627003
8787,134.92521089727086,133.39685742884996,0.12403285,0.13752444,0.40842974,1.2174717,19.561508,19.561508
8789,139.20914793628882,128.26655540099736,-0.15109366,0.029597102,-0.4916979,-0.91799223,35.071842,35.071842
8790,142.04783843527002,129.4380134936135,-0.12909244,0.033665624,-0.45883533,-0.8889118,36.576904,36.576904
8791,146.99977411636132,146.99110575255963,-0.1446594,0.045628604,-0.5213719,-0.88332087,38.59458,38.59458
8792,158.98362846523105,170.25421764733707,-0.219593,0.17840713,-0.67834324,-0.7364115,24.726974,24.726974
8793,171.90753608746408,182.11348979622812,-0.4029619,0.21276744,-0.86075324,-0.758838,21.379774,21.379774
8794,176.09884563069173,177.19120863253326,-0.60528797,0.1852051,-1.1351451,-0.79179585,18.669586,18.669586
8795,170.52723124533654,163.03530077311896,-0.70109177,0.188112,-1.2886211,-0.79401106,15.880296,15.880296
8796,162.49952015847094,151.92655400702233,-1.10429,0.30855054,-1.6840111,-0.7074451,11.673114,11.673114
8797,159.97969020096693,151.9573240134299,-1.1130778,0.34405705,-1.6682371,-0.8312946,10.35288,10.35288
8798,164.55708582072882,161.11381178903753,-1.210345,0.44374752,-1.1530855,-0.47068942,11.047391,11.047391
8800,170.5416435290686,169.87447283081514,-1.0109848,0.27186695,-1.2828192,-1.1375086,10.324817,10.324817
8801,172.1043102651824,171.14410704295923,-0.96744823,0.24800992,-1.173641,-1.3450365,10.411861,10.411861
8802,169.55659121119177,165.75786190102139,-1.0261203,-0.026606116,-1.2835633,-1.7049825,10.02834,10.02834
8803,166.97235141517763,158.47636998956034,-0.94645536,0.049489904,-1.0333277,-1.3739399,10.45024,10.45024
8804,166.5712032116305,152.1772972802142,-0.683442,0.0008277253,-0.5336698,-1.3230892,13.899693,13.899693
8805,167.33540211087595,146.896319009965,-0.7909999,0.009341619,-0.74077445,-1.413825,10.689101,10.689101
8806,167.38467731233862,142.32955883918248,-0.74068534,-0.13012594,-0.82294476,-1.5809488,12.357741,12.357741
8807,166.4555881341281,140.11223119073412,-0.7273784,-0.29053724,-0.7803992,-1.8467098,10.199232,10.199232
8808,166.42895075586367,142.66705751618912,-0.49003148,-0.18798573,-0.11308334,-1.4143252,11.061351,11.061351
8809,168.76966106654243,149.9018833899867,-0.7413752,-0.40744844,-0.7424287,-1.7207443,11.992566,11.992566
8810,171.57304828154577,159.53918645448127,-0.35487753,-0.15788397,-0.28352135,-1.3315262,22.92704,22.92704
8811,171.75857591334682,168.81186632305852,-0.34257573,-0.12816666,-0.32498518,-1.2188032,23.30297,23.30297
8812,169.23104171286369,173.80770812255,-0.17030184,-0.031555433,-0.039534975,-1.0442017,35.2502,35.2502
8813,166.56091390764735,172.51520763688694,-0.17651805,-0.052222386,-0.06090389,-1.1040584,36.836224,36.836224
8814,166.16804933634924,169.03884876940177,0.036430597,0.0041844375,0.3108272,-0.9835471,41.680145,41.680145
8815,167.8832282109121,169.07887380923754,-0.0127687,-0.0012601981,0.19819504,-0.95795995,43.56547,43.56547
8816,169.5688981814935,172.3548951167603,-0.018295404,0.023957053,0.15613471,-0.94223624,35.9097,35.9097
8817,170.97131368791807,173.4099617690568,-0.25103334,-0.035236888,-0.26864785,-1.0100465,31.053772,31.053772
8818,173.5463678995616,169.8089128652062,-0.38043267,-0.02325367,-0.49702504,-0.93018293,25.335436,25.335436
8819,175.98392549293442,165.7900682608834,-0.42886865,-0.015117241,-0.6008869,-0.87127787,16.258825,16.258825
8820,174.1778492637332,164.89023048437625,-0.87501186,-0.00763587,-1.3548515,-0.881824,11.929874,11.929874
8821,167.21140370473572,164.38019715311754,-0.88599485,-0.06842486,-1.292209,-1.0471035,12.44656,12.44656
8823,160.13061323911285,161.476266464244,-0.6869942,-0.0681582,-0.80244666,-1.0877956,13.453879,13.453879
8824,158.34491328162363,158.89578554213523,-0.7690918,-0.008350003,-0.8926546,-0.9974418,12.733318,12.733318
8825,161.88174578354028,160.0947030386026,-0.56554437,-0.022536632,-0.4869221,-1.0138197,18.00725,18.00725
8890,165.3007041404722,163.64073921356476,-0.19490615,-0.010412645,-1.1762453,-0.37062305,204.21362,204.21362
8891,160.63769864523414,164.29398777798164,-0.14822848,-0.013518583,-1.1401641,-0.40023673,219.55093,219.55093
8892,144.26097359195768,156.7655839199314,-0.14787956,-0.014155555,-1.1248807,-0.40448722,215.55281,215.55281
8893,123.41234888714024,140.33575665572963,-0.16491522,-0.009238045,-1.1765845,-0.4039789,186.90356,186.90356
8894,110.32911539981097,121.90932426103592,-0.17621839,-0.011063545,-1.1256199,-0.3841656,206.11798,206.11798
8895,108.72702731297086,110.88478686589275,-0.17947122,-0.015686847,-1.1691251,-0.4342958,199.98187,199.98187
8896,111.8187077397388,111.49874813180111,-0.23444784,-0.011629961,-1.2223275,-0.3748427,193.41333,193.41333
8897,113.03222384258433,121.6619010236327,-0.25444284,-0.008350915,-1.2474331,-0.3969134,191.02275,191.02275
8898,111.44969235573039,133.6971484225803,-0.1824717,-0.029433005,-1.152491,-0.43362585,217.96844,217.96844
8899,106.46645639802925,136.83274121763515,-0.21414298,-0.025751332,-1.1812149,-0.47223946,197.38815,197.38815
8900,96.41974783549632,127.21976480134829,-0.14951076,-0.024070721,-1.0958219,-0.47520337,224.6569,224.6569
8901,84.80060973150326,113.63546319019464,-0.22088887,-0.020526314,-1.1134827,-0.46720916,209.4747,209.4747
8902,78.79385604644509,107.29951808247678,-0.18531406,-0.014834992,-1.1524122,-0.4515817,211.31712,211.31712
8903,80.1796788195365,110.45281604050251,-0.18127084,-0.016589744,-1.1773353,-0.4393231,204.02759,204.02759
8904,84.76187752538804,118.46499080667473,-0.20536658,-0.01634725,-1.2048714,-0.42502108,193.4636,193.4636
8905,89.6372081340544,127.37965154674484,-0.2675501,0.023311032,-1.2628314,-0.34457892,176.46783,176.46783
8906,95.14481282505552,136.0483508371346,-0.27963287,0.039141316,-1.3261155,-0.3335719,173.63248,173.63248
8907,101.72202445041373,144.89973378602647,-0.2575316,0.032333557,-1.3224833,-0.28874907,176.41806,176.41806
8908,109.03519057976771,154.15231957086,-0.25358507,0.021093167,-1.3522868,-0.2708816,175.10901,175.10901
8909,115.1413462755,161.77236451838456,-0.2880785,0.019512137,-1.4113683,-0.23499905,170.89848,170.89848
8910,114.7389908246683,164.03007520546808,-0.28937614,0.01718909,-1.3789347,-0.23975751,176.84444,176.84444
8911,104.18619089863688,158.422025248225,-0.2635054,0.015498573,-1.3518058,-0.24106431,179.07,179.07
8912,88.93296838321483,147.74389975332795,-0.32127795,0.020013826,-1.4161307,-0.24916986,167.95946,167.95946
8913,79.28951980989665,140.40130902193192,-0.32857484,-0.008029621,-1.4226255,-0.25079048,164.12619,164.12619
8914,79.55087785402509,142.01843767145814,-0.33082378,0.012678912,-1.4203496,-0.22609101,163.40822,163.40822
8915,85.75207631071979,149.69648957703345,-0.29665145,0.04128995,-1.4050658,-0.23180322,165.8136,165.8136
8916,91.82520006403347,157.27215388081618,-0.29435772,0.0134441,-1.404482,-0.22660016,169.56152,169.56152
8917,95.35397723714894,161.14807697104337,-0.28673333,0.011776873,-1.4131917,-0.22551745,169.83214,169.83214
8918,98.61931131043278,160.65301192002661,-0.2899633,-0.0028120296,-1.3753643,-0.25241813,171.19833,171.19833
8919,104.9681040057185,157.27032335432494,-0.29290837,0.0027408379,-1.3530633,-0.2538329,168.77519,168.77519
8920,113.78267903618651,153.81707912325157,-0.2984775,0.0075428532,-1.3932728,-0.25985026,163.49454,163.49454
8921,120.30495768524007,152.2958173987761,-0.3036221,0.012678722,-1.4108503,-0.22862132,172.16249,172.16249
8922,120.81584250398458,152.23491174597845,-0.30937466,0.007780893,-1.4117031,-0.27057996,173.75374,173.75374
8923,114.5597237143114,151.22128798078202,-0.3247083,-0.0098123085,-1.4568006,-0.32603934,171.3403,171.3403
8924,101.96124259328883,146.846862671166,-0.36627594,-0.05721549,-1.4443496,-0.39368933,161.89459,161.89459
8925,86.74341875042063,139.26561232868417,-0.2909678,-0.038700074,-1.3448157,-0.40414998,170.42734,170.42734
8926,76.91401905324348,131.62803770175643,-0.24631366,-0.02898437,-1.3195763,-0.41321954,180.8731,180.8731
8927,76.92281070369727,126.68590547832017,-0.24353126,-0.023803968,-1.2917281,-0.39441904,188.53258,188.53258
8928,82.70820190716594,126.06839570423966,-0.34883648,-0.008333066,-1.3855453,-0.4445815,151.64915,151.64915
8929,89.06926539010725,132.54411595576428,-0.30030665,0.050887737,-1.4138007,-0.33722046,157.76233,157.76233
8930,95.33570449239758,146.5293303139465,-0.3533637,0.029038351,-1.4595251,-0.3347665,147.82423,147.82423
8931,101.6519217688801,162.27851682917438,-0.4061467,-0.006405166,-1.5209352,-0.34355366,148.59126,148.59126
8932,106.53090671665835,172.42900422765146,-0.41188508,0.0012955519,-1.4878868,-0.35797313,146.49265,146.49265
8933,108.91073577180035,174.07168699281388,-0.33582914,-0.01971494,-1.3750916,-0.45612013,149.52498,149.52498
8934,108.18097269259124,169.53488472575495,-0.28964794,0.01973579,-1.2344431,-0.45520672,193.30066,193.30066
8936,102.61121860294463,163.20976651018464,-0.37678975,-0.034535974,-1.4555641,-0.45912364,129.80496,129.80496
8937,93.01546860949746,157.57684986172617,-0.1758296,-0.06080985,-1.3018941,-0.56315583,146.13896,146.13896
8938,85.08799399956193,148.666508089363,-0.21794704,0.016006654,-1.3057282,-0.35472307,150.55879,150.55879
8939,80.74692234460345,128.38018092740512,-0.258883,0.03262923,-1.4009225,-0.30815372,149.60513,149.60513
8940,75.78697250828242,103.25710251128572,-0.25633082,0.08611298,-1.4438319,-0.19865015,149.7365,149.7365
8941,72.22070287914282,97.9691466990577,-0.19715118,0.13850151,-1.3265045,-0.18365327,170.36864,170.36864
8942,78.7479997571788,119.03285171971879,-0.21141785,0.12230748,-1.365394,-0.2081445,168.0011,168.0011
8943,94.47879373739833,139.33918361527134,-0.32039365,0.127777,-1.4064666,-0.29604742,163.47421,163.47421
8944,106.63152732388801,139.13911986090045,-0.27842814,0.13476522,-1.386264,-0.2651723,169.95522,169.95522
8945,109.36793046096783,131.7695007072678,-0.2798423,0.10497635,-1.3914007,-0.31085178,175.42142,175.42142
8946,109.51234908405843,136.57559634376952,-0.35389778,0.07117387,-1.4566417,-0.35738036,163.91983,163.91983
8947,108.84505540881112,153.0564327243105,-0.33130223,0.10162494,-1.4356998,-0.400299,170.9754,170.9754
8948,100.59071284863798,166.87835522505284,-0.4029633,0.09673469,-1.5152487,-0.4113368,154.8677,154.8677
8950,88.22384094360248,168.94636684379046,-0.3828881,0.08804211,-1.1173756,-0.69556797,113.38513,113.38513
8951,89.3746649708471,164.26474395468225,-0.45005536,0.086028896,-1.412108,-0.7199593,105.47802,105.47802
8952,113.98574738640566,161.41212890365838,-0.48650125,0.100296356,-1.5404415,-0.7193572,109.716965,109.716965
8953,149.4858124864668,160.31786886459085,-0.47861782,0.108349115,-1.5059115,-0.7278802,117.00256,117.00256
8954,174.2335872162971,155.2906104151917,-0.52276194,0.13205735,-1.6097568,-0.6896933,112.03406,112.03406
8955,178.06858235952558,143.3577083801167,-0.57097304,0.13862921,-1.7076975,-0.6941232,105.52675,105.52675
8956,166.92128330779104,126.38256568332245,-0.63710463,0.09900372,-1.9261113,-0.69948727,97.33077,97.33077
8957,154.58179669736407,110.77095234336709,-0.5346295,0.11734847,-1.7903401,-0.65567696,107.87214,107.87214
8958,150.7688191409469,105.52853271310255,-0.55949134,0.102582216,-1.7530434,-0.70391786,108.54717,108.54717
8959,153.72462929004703,114.4378828328379,-0.56190324,0.105331466,-1.752932,-0.7226934,108.457726,108.457726
8960,154.42419965281482,131.61032745565944,-0.5723782,0.09468522,-1.7114547,-0.7327897,109.542656,109.542656
8961,147.0240909351994,147.78398037913487,-0.56981206,0.08424071,-1.6949168,-0.7449713,109.85945,109.85945
8962,133.88625064637324,157.0860575261765,-0.6309929,0.06876977,-1.7933208,-0.7512946,98.829895,98.829895
8963,122.05677634075262,157.67494787133006,-0.6323427,0.061956078,-1.792434,-0.7415062,96.763,96.763
8964,116.15923340570902,151.10460605387908,-0.6519242,0.044514943,-1.7845863,-0.7575588,96.389465,96.389465
8965,114.979859133804,142.1485483271971,-0.69575006,0.0545187,-1.72323,-0.79849887,92.73378,92.73378
8966,114.58233928784723,135.82936874876137,-0.81379426,0.056248542,-1.8192176,-0.8111906,84.673416,84.673416
8967,113.00058136269305,132.52699078901446,-0.836955,0.06441702,-1.8952599,-0.83545876,80.64366,80.64366
8968,112.25012279643519,127.83127214605425,-0.8165303,0.06800486,-1.8923552,-0.8323868,81.73818,81.73818
8969,116.5413636567983,119.25728645545914,-0.76238525,0.06807996,-1.8381888,-0.8134505,86.27227,86.27227
8970,127.382911095456,110.75764204711061,-0.8074,0.07495972,-1.9112972,-0.79774654,82.41243,82.41243
8971,141.43279452503666,108.47025679903784,-0.80216825,0.0873138,-1.7851635,-0.79500866,80.513824,80.513824
8972,153.48266195845818,114.39631093665835,-0.9193052,0.076814994,-1.96195,-0.7716632,71.25417,71.25417
8973,158.73608467332687,124.79010956080931,-0.9781383,0.05633869,-2.1255965,-0.8015347,67.47824,67.47824
8974,153.8401673621109,132.37565651725237,-1.029788,0.037908938,-2.1680892,-0.83120203,63.926094,63.926094
8975,141.3227585454877,132.1763820260662,-1.0178385,0.02102497,-2.179241,-0.8233755,63.642124,63.642124
8976,131.68629615044185,126.82986914631931,-1.0887707,0.0007948274,-2.3079002,-0.85805947,60.664455,60.664455
8977,133.8240674459058,121.48544706051774,-1.1111517,-0.04548933,-2.2746074,-0.9256005,59.38168,59.38168
8978,141.32076671819712,114.25051566119983,-1.0955048,-0.044175096,-2.1633182,-0.98657453,62.75796,62.75796
8979,136.8369885245898,99.92951732477822,-0.92485464,-0.023986917,-1.8480449,-1.0496701,74.07348,74.07348
8980,116.2469313594342,82.6468622080592,-0.91928065,-0.008062501,-1.83421,-1.0440246,73.82508,73.82508
8981,95.84622409100294,73.80096503672581,-0.9380737,0.00048684233,-1.901304,-1.0499525,71.71133,71.71133
8982,87.7247398589724,76.78079824716984,-0.99995285,-0.031315684,-2.0392065,-1.0327482,67.93533,67.93533
8983,84.66500525595183,84.30055602630594,-1.0301292,-0.059846036,-2.0230486,-1.0418432,66.074295,66.074295
8984,75.34783524200859,88.34858921430343,-1.0522213,-0.116432615,-2.0269163,-1.0565495,64.366714,64.366714
8985,58.847170736442216,84.9327544841163,-0.9614076,-0.08363174,-1.8301655,-1.0363071,69.75291,69.75291
8986,41.75097893063708,73.78946451254895,-1.0750159,-0.1270039,-2.100218,-1.0386133,60.85643,60.85643
8987,32.86665260007354,59.95200103115718,-1.0978969,-0.14240536,-2.111113,-1.0590433,60.119938,60.119938
8988,39.62277995237273,54.10349813452067,-1.1640766,-0.22700591,-2.245323,-1.0999707,56.543835,56.543835
8989,55.693924067679355,61.94635168362307,-1.0402056,-0.17206417,-2.0547512,-1.1666064,64.08217,64.08217
8990,60.81463576360281,74.13100364135407,-1.2491748,-0.25906366,-2.3803,-1.1856303,55.015564,55.015564
8991,48.749167002065704,76.51809601688473,-1.1781135,-0.23034148,-2.3173957,-1.2444327,57.31131,57.31131
8992,34.58729224918614,63.56041879510215,-1.0270605,-0.22720224,-1.8875152,-1.2076732,67.89396,67.89396
8993,28.035419300703246,39.41285867380993,-0.9457392,-0.20935796,-1.7941293,-1.2756968,70.162544,70.162544
8994,24.319618419116832,15.507784020065987,-1.0216197,-0.24788894,-1.912485,-1.3103919,66.130936,66.130936
8995,18.358215399502853,2.605671240718826,-1.0015025,-0.2251619,-1.8502396,-1.266333,67.53658,67.53658
8996,12.55603713011182,1.3751554853467018,-0.89416766,-0.23498203,-1.6779081,-1.2595415,73.4148,73.4148
8997,11.323782859128803,4.64077184732289,-0.9392208,-0.24225624,-1.7300936,-1.2406253,70.84003,70.84003
8998,17.008401602904,9.957286241241428,-0.7887061,-0.16784771,-1.4209945,-1.1698467,84.696205,84.696205
8999,36.1855743957649,28.78008806640788,-0.7280584,-0.08933535,-1.3181754,-1.1610514,91.79253,91.79253
9000,75.1176100310344,71.4803989865398,-0.83932173,-0.14725699,-1.5441148,-1.2487354,80.046555,80.046555
9001,121.07981913884039,120.94613661885236,-0.7965873,-0.12107189,-1.470473,-1.2281318,84.23446,84.23446
9002,143.26973487740779,142.3773512670775,-0.8410171,-0.14434813,-1.5642452,-1.2519113,79.97591,79.97591
9003,124.17817373370877,124.7987387318937,-0.8376385,-0.16687909,-1.5419416,-1.2403467,81.152916,81.152916
9004,84.00872915015458,96.2215579630838,-0.86398315,-0.17821789,-1.6100717,-1.1981096,79.356575,79.356575
9005,54.78550747322399,91.43086283976595,-0.8212938,-0.17159973,-1.5685484,-1.2071345,82.04724,82.04724
9006,40.91026224547293,114.62926925902151,-0.8112113,-0.14311232,-1.546871,-1.2055688,83.72655,83.72655
9007,29.25318696708432,141.90152578902214,-0.80619913,-0.13180064,-1.5341129,-1.2024449,85.85586,85.85586
9008,16.536423360129316,150.16477692444408,-0.7870092,-0.13354169,-1.523239,-1.2367779,87.84354,87.84354
9009,10.953164030849214,133.03613796046258,-0.8017779,-0.13399136,-1.4444627,-1.2107555,89.59901,89.59901
9010,21.8119424101738,99.82391346935027,-0.88351667,-0.15258446,-1.5991558,-1.241685,81.29343,81.29343
9011,45.65565720467302,67.96660449807162,-0.91896844,-0.15908349,-1.6652123,-1.2475296,78.032974,78.032974
9012,61.28486283123078,51.442466930313586,-0.9335466,-0.17665239,-1.6696525,-1.236388,77.37315,77.37315
9013,51.77461111412039,54.4565311718423,-0.97979504,-0.23646969,-1.7554162,-1.2594199,73.102646,73.102646
9014,27.519898300657804,72.30120287815139,-0.93876076,-0.20737557,-1.6688148,-1.2561538,76.71233,76.71233
9015,14.266110180058831,94.23571795322616,-0.96988416,-0.1650428,-1.8048377,-1.300427,69.95515,69.95515
9016,22.36475375069526,106.46982079760764,-1.3231775,-0.3504331,-2.4675112,-1.567503,51.33,51.33
9017,39.407350565740195,96.3414740148279,-1.2162085,-0.28997707,-2.1472273,-1.5031646,57.663418,57.663418
9018,51.311398359746065,66.16723874679306,-0.94429535,-0.1424354,-1.6850643,-1.397268,73.65764,73.65764
9019,57.86580488294138,42.72465208218629,-1.0064452,-0.22389168,-1.8151078,-1.4278253,69.33595,69.33595
9020,64.52572535853372,52.72246922996836,-0.9064901,-0.15465455,-1.6628182,-1.3670449,77.072525,77.072525
9021,71.09986489592843,90.65537098623135,-1.0047047,-0.12828498,-1.8412864,-1.3253049,69.54731,69.54731
9022,75.0550082330152,127.26688662804123,-1.031936,-0.21609412,-1.8861499,-1.4012951,68.24402,68.24402
9023,76.8670240740324,141.79349313046134,-1.2025601,-0.3239187,-2.2050226,-1.4140893,60.25993,60.25993
9024,76.38623224819413,136.014848321502,-1.275285,-0.34215072,-2.3533077,-1.441452,57.038986,57.038986
9025,69.68622851145176,120.73799053684776,-1.2666248,-0.34119326,-2.3319073,-1.4399438,57.453068,57.453068
9026,54.1075037556741,100.20446785502786,-1.2869751,-0.3428099,-2.3512383,-1.419333,56.851147,56.851147
9027,34.443105431296,83.2387617515995,-1.2661161,-0.30862305,-2.2901626,-1.3358543,58.20947,58.20947
9028,20.63719661892967,90.0499541564987,-1.1226614,-0.21348971,-2.028229,-1.2587166,65.65841,65.65841
9029,19.63520011790563,122.11545731409981,-1.0874296,-0.20560312,-1.9125636,-1.2676859,68.29184,68.29184
9030,30.961553741477026,149.70793405168683,-1.0036105,-0.19288407,-1.7740306,-1.203797,73.322914,73.322914
9031,48.04816862245582,150.30785255738195,-1.0802517,-0.1791933,-1.8802062,-1.1669912,70.72202,70.72202
9032,59.584279215011186,134.43415292559692,-1.063897,-0.19041404,-1.9338875,-1.1934879,69.72656,69.72656
9033,54.16012337355615,123.5986805187925,-0.984337,-0.12706836,-1.8245959,-1.149634,74.133194,74.133194
9034,32.94981174558898,125.22501916043447,-0.98646665,-0.13760482,-1.8634607,-1.1801254,73.24095,73.24095
9035,12.679573474857726,132.28911230439044,-0.9200026,-0.11357916,-1.7498108,-1.1623707,78.30377,78.30377
9036,8.530336009834949,132.3223451212112,-0.92048526,-0.17022854,-1.7309424,-1.1482884,80.43601,80.43601
9037,19.72270459006035,116.0817390559362,-0.89556885,-0.13882364,-1.7363158,-1.1332637,80.81824,80.81824
9038,34.60670377624083,86.18064137217696,-0.96767807,-0.11142259,-1.9111737,-1.1418424,74.77427,74.77427
9039,43.80031158107232,57.400572336816765,-0.9624083,-0.11798198,-1.9361374,-1.1457049,74.364075,74.364075
9040,46.38824687777818,43.148408621046016,-0.95734835,-0.11668297,-1.9201554,-1.1696178,74.86869,74.86869
9041,47.3862160715628,46.76666039154027,-0.86220324,-0.06344103,-1.7686598,-1.1407186,82.22102,82.22102
9042,52.065372160116674,68.50259392844342,-0.9633762,-0.090174556,-1.9616479,-1.1254823,75.214226,75.214226
9043,62.19954187821221,105.18699247932945,-0.9829015,-0.05924394,-1.9783372,-1.074344,75.58934,75.58934
9044,77.07420712994539,140.43773160525862,-0.97100705,-0.06125269,-1.9609958,-1.0786515,76.354866,76.354866
9045,95.61893051733556,153.53007870631242,-0.962381,-0.06634119,-1.8669089,-1.0927501,78.242096,78.242096
9046,113.19623066475151,140.35122177953943,-1.2675872,-0.071517766,-2.5680783,-1.1259109,60.37139,60.37139
9047,120.6845195616137,115.26378301311772,-0.9822426,-0.02947848,-2.039722,-1.0907524,78.56715,78.56715
9048,114.30526962190494,95.46362590721257,-0.96927434,-0.033353124,-1.9832168,-1.099553,78.80941,78.80941
9049,102.486795588591,89.5002868334239,-1.0272887,0.016165433,-2.059115,-1.0840096,75.90206,75.90206
9050,97.1785417147523,95.61932772790989,-0.97142816,0.012685676,-2.0066655,-1.1011039,78.67992,78.67992
9051,98.89789008076183,103.60006748372534,-1.0860256,-0.018718686,-2.3164444,-1.0812241,69.64757,69.64757
9052,94.37759676424243,99.98141400945161,-1.0278472,0.0056211124,-2.213049,-1.0666627,73.271126,73.271126
9053,77.0449489303596,82.88877710764108,-1.0538653,0.007688066,-2.231702,-1.0980586,71.99038,71.99038
9054,61.01096418479226,69.28832228829073,-1.2115861,-0.056981172,-2.5526454,-1.1382282,63.648567,63.648567
9055,59.39067320258105,73.6649033676913,-1.0404723,-0.037643008,-2.223297,-1.1359351,73.610886,73.610886
9056,68.88146141999295,91.47108075003125,-0.91322327,-0.012340313,-1.9868528,-1.1003956,82.167854,82.167854
9057,84.94988439518852,112.33172299590022,-0.936303,-0.022944536,-2.0727053,-1.0947869,80.01101,80.01101
9058,105.99774928162766,130.90807626712478,-1.058157,-0.010959763,-2.289771,-1.0680134,70.83238,70.83238
9059,124.85915681406647,143.9708706656444,-0.8643386,0.0043093106,-1.9016623,-1.0128999,86.85092,86.85092
9060,133.87082561613875,149.4853728292807,-0.874059,0.0015562759,-1.838111,-1.048757,88.751976,88.751976
9061,132.6640005581966,147.40947863728783,-0.9348033,-0.014111719,-1.9356842,-1.0766408,87.26834,87.26834
9062,125.21819432470667,139.72344129535006,-1.1020525,-0.038711913,-2.0360868,-1.0900356,76.39975,76.39975
9063,114.31946044122218,131.26646132340417,-1.1062565,-0.07247959,-2.065367,-1.1075954,76.47206,76.47206
9064,100.81612714857543,127.49304296144149,-1.0440713,-0.07863149,-1.9873543,-1.1359838,79.86349,79.86349
9065,85.11080667573428,128.85169566674296,-1.16095,-0.13744754,-2.1408823,-1.1595738,73.46531,73.46531
9066,69.08392641972205,128.1288569429182,-1.4105016,-0.24607654,-2.5937223,-1.2085862,61.988586,61.988586
9067,57.27379486162566,116.54262511313757,-1.1924098,-0.17735241,-2.2039337,-1.2225916,70.432785,70.432785
9068,54.300986852761646,97.78383872592686,-1.0792602,-0.11577969,-2.0012932,-1.2198826,77.70458,77.70458
9069,57.80576639623403,86.73785714841094,-1.1403657,-0.12831941,-2.0744834,-1.2223814,74.64593,74.64593
9070,57.401564803185074,88.22897879564772,-1.1301916,-0.11973118,-2.0251064,-1.240736,76.50016,76.50016
9071,47.42625041177104,98.14125662254256,-1.130642,-0.114036456,-2.0225675,-1.2264687,76.53797,76.53797
9072,35.13594680041629,116.99560799699444,-1.1569852,-0.1283727,-2.0536568,-1.2274355,75.11108,75.11108
9073,31.550900709691803,135.51438930968544,-1.200328,-0.1425977,-2.1086524,-1.207758,72.94739,72.94739
9074,39.827737291862036,134.29242778982078,-1.1870601,-0.1394224,-1.9761156,-1.1918973,75.3674,75.3674
9075,54.23346166448314,116.74772343246758,-1.2517372,-0.08240037,-2.081451,-1.2062901,71.315636,71.315636
9076,66.25342352127389,109.84279315094183,-1.0567011,-0.13335094,-1.7770684,-1.1862653,83.75168,83.75168
9077,69.69982136896508,122.91591561907869,-1.2164547,-0.22003484,-2.1911385,-1.2702004,71.699684,71.699684
9078,63.26255034140722,132.90435219110367,-0.8221779,-0.06424339,-1.5357213,-1.1810856,103.75713,103.75713
9079,51.20836755992584,123.14112986679397,-0.9698052,-0.14976035,-1.7983164,-1.2435652,88.06367,88.06367
9080,40.67465425778694,112.10951273808328,-0.94824797,-0.13458544,-1.7536252,-1.1886606,90.12072,90.12072
9081,37.07276711552388,123.30655808541437,-0.95395106,-0.143526,-1.7557577,-1.184403,90.3803,90.3803
9082,40.87086243301165,151.37805291781564,-0.9181654,-0.111831345,-1.6950271,-1.148688,93.7956,93.7956
9083,47.99892983684318,174.40138621630027,-0.9555027,-0.10861561,-1.7475303,-1.1493303,90.89166,90.89166
9084,53.861197516389545,179.6681764303505,-0.9021893,-0.05627194,-1.719468,-1.1150264,94.45969,94.45969
9085,56.159928259008765,169.63576896585545,-0.8824834,-0.055147983,-1.6152273,-1.1491963,97.590096,97.590096
9086,54.672311174711965,152.85048261971457,-0.9409351,-0.021481408,-1.7011328,-1.1508448,92.87078,92.87078
9087,51.05165938145211,134.93950901718136,-0.9137809,-0.0126510365,-1.705759,-1.1236002,93.18075,93.18075
9088,47.80996652067853,120.37370961070494,-1.043939,-0.03126163,-1.8435932,-1.1022995,84.64428,84.64428
9089,45.94613493791273,116.8367140611827,-1.0056565,-0.06916478,-1.7874033,-1.1076407,87.545334,87.545334
9090,44.945971657193425,127.73149637495457,-0.97379106,-0.10599512,-1.7363291,-1.1347888,90.2406,90.2406
9091,44.84554332717204,144.3683354806953,-0.9032766,-0.10591885,-1.6055696,-1.1401103,97.805405,97.805405
9092,46.42119150261026,154.14871028569706,-0.8697236,-0.08457332,-1.5238917,-1.1273363,101.38424,101.38424
9093,49.676052108852076,153.70491808573394,-0.9993452,-0.094520204,-1.7492583,-1.1987768,88.78104,88.78104
9094,53.12637024918011,148.27522761480333,-1.0109602,-0.047599964,-1.6885566,-1.1695328,89.702515,89.702515
9095,54.32809916034398,138.71135698485878,-0.9941259,-0.046686947,-1.6703362,-1.1585296,90.84884,90.84884
9096,52.03450408347745,118.79124715082152,-1.0159036,-0.047873065,-1.6977547,-1.161444,90.47975,90.47975
9097,48.48454476333603,94.08349766092131,-1.0359116,-0.02536147,-1.7728882,-1.1143157,86.6957,86.6957
9098,47.38481900267796,87.37134211139079,-0.8791679,-0.039588362,-1.6861122,-1.1431457,94.900566,94.900566
9099,49.51799542573972,110.64010124937005,-0.95325613,-0.03808151,-1.7071298,-1.1270692,88.02145,88.02145
9100,53.504920615514976,147.88824782743106,-0.90842754,-0.073515356,-1.7846653,-1.1767851,92.89022,92.89022
9101,59.173720189087284,170.951403039633,-0.879163,-0.15787365,-1.7017496,-1.1902432,101.68515,101.68515
9102,67.15639175780797,163.21254185578442,-0.73235625,-0.08286806,-1.3948404,-1.1554683,120.91534,120.91534
9103,80.28518564735967,134.3254475626505,-0.72816324,-0.09552315,-1.3562065,-1.1349732,120.89444,120.89444
9104,102.5250385830264,111.2414514150203,-0.5703871,-0.040242184,-1.0650142,-1.106399,153.53513,153.53513
9105,126.79531767889658,108.3343461021774,-0.661363,-0.047150094,-1.2028638,-1.107712,140.58252,140.58252
9106,135.65083624991254,116.59933941286681,-0.6809092,-0.018338135,-1.2365597,-1.070354,136.23474,136.23474
9107,123.94774273750313,122.27654381883363,-0.6766123,-0.0040439544,-1.2291228,-1.0979588,135.89682,135.89682
9108,104.30953655541933,119.86509410307481,-0.6927739,-0.024863038,-1.2547116,-1.1124249,133.09734,133.09734
9109,90.4414213529795,111.06045605427302,-0.7039496,0.009040574,-1.2562526,-1.0607275,132.30421,132.30421
9110,92.9419834583598,104.06070604654282,-0.61555666,-0.013972561,-1.0953451,-1.0795001,151.15773,151.15773
9111,118.01863514311155,104.89910009670325,-0.66421616,-0.022318553,-1.1818043,-1.1054094,146.11922,146.11922
9112,154.88772414429494,106.06636109853945,-0.59854037,-0.041773926,-1.0502764,-1.0990139,162.68132,162.68132
9113,180.83579755125527,100.42620382058989,-0.6052036,-0.043332458,-1.0497794,-1.1208696,159.95432,159.95432
9114,183.5587713325532,99.1620292071629,-0.53510934,-0.06497688,-0.9048952,-1.1351157,182.15614,182.15614
9115,167.15281151739177,115.43712864984484,-0.51403296,-0.072478704,-0.78493947,-1.1251279,192.26671,192.26671
9116,143.36213612344451,142.955150280912,-0.50130665,-0.08248743,-0.777774,-1.1456975,197.5051,197.5051
9117,124.43434184017786,164.6686456510832,-0.45570472,-0.04783262,-0.67360216,-1.1337183,221.56859,221.56859
9118,115.98424630586504,170.79207614822135,-0.4710609,-0.051947467,-0.68971634,-1.1747203,214.9353,214.9353
9119,115.89614804513681,163.15140366804636,-0.4328801,-0.027195215,-0.5747528,-1.1362568,229.46748,229.46748
9120,122.06087746242304,149.9727803765426,-0.43013665,-0.051479936,-0.53174317,-1.1673096,237.0901,237.0901
9121,134.11277578455238,139.5746595535642,-0.42182386,-0.04065859,-0.5328304,-1.1398119,239.92332,239.92332
9122,149.12340653598264,135.90883253702077,-0.43273813,-0.043689266,-0.54575443,-1.1466676,237.64575,237.64575
9123,162.25721928408504,137.2125674490654,-0.40857008,-0.026744967,-0.5115089,-1.1240948,246.4162,246.4162
9124,170.5219134115522,139.31925374452982,-0.45302922,-0.046239678,-0.6356457,-1.1990227,230.30637,230.30637
9125,174.39794790133655,140.58056154729408,-0.45038867,-0.03941631,-0.564285,-1.1826681,234.1077,234.1077
9126,176.3462048781425,142.56054016090206,-0.44548815,-0.055503547,-0.54753226,-1.1801431,239.74178,239.74178
9127,177.92185482392333,147.050952516476,-0.42409363,-0.054477654,-0.607137,-1.1784685,256.12454,256.12454
9128,178.8831359986577,154.0316357213178,-0.42076486,-0.057870384,-0.5469866,-1.1660565,264.50607,264.50607
9129,178.60564952064576,161.8918899884159,-0.37320557,-0.05092796,-0.42474094,-1.1291202,290.90356,290.90356
9130,177.58324020665177,168.9884507720777,-0.35553512,-0.058718644,-0.41614738,-1.1350176,309.20343,309.20343
9131,176.91789403088546,174.5430702720382,-0.35795876,-0.059068892,-0.3972076,-1.1390703,311.14874,311.14874
9132,176.31807167500716,177.7775344944468,-0.36688417,-0.059188753,-0.44166452,-1.1403502,302.82697,302.82697
9133,174.467239961183,177.74195147005324,-0.36026305,-0.056441765,-0.46087453,-1.1434335,298.2562,298.2562
9134,171.65159312626196,174.67284492304677,-0.3336992,-0.061431438,-0.5172647,-1.1559297,313.12994,313.12994
9135,169.7431033894493,170.565164953464,-0.3372668,-0.055208467,-0.48870555,-1.1225206,293.32623,293.32623
9136,169.18410566831093,167.73107730990637,-0.302105,-0.07101389,-0.4396989,-1.1200676,316.23605,316.23605
9137,167.64971648516564,167.11832123391974,-0.28410545,-0.06600283,-0.43961224,-1.1305673,354.02847,354.02847
9138,163.02467943931936,168.6717920189254,-0.25597632,-0.06165268,-0.33306065,-1.126018,367.2434,367.2434
9139,157.7771097410711,171.89658433288,-0.26646066,-0.07056535,-0.3922814,-1.1400594,348.4319,348.4319
9140,157.52353338922876,175.2248162610411,-0.26497865,-0.06367173,-0.36158836,-1.1540471,353.90897,353.90897
9141,163.63736337868278,176.61701656199563,-0.2619924,-0.07817528,-0.40914473,-1.2130694,346.75964,346.75964
9142,171.0733108598971,175.39861951805318,-0.28323275,-0.066841364,-0.43792498,-1.2057885,336.83157,336.83157
9143,174.78196871944186,172.9472821269354,-0.2438862,-0.019876376,-0.37609595,-1.1243997,385.23645,385.23645
9144,174.10441624582322,171.45731846586526,-0.25194556,-0.027586417,-0.3776943,-1.0916948,368.9113,368.9113
9145,170.75865442987384,171.83948832012553,-0.21997,-0.0329688,-0.34594488,-1.0759223,363.48062,363.48062
9146,167.19959726017507,173.20373496450603,-0.21365029,-0.03644539,-0.34212923,-1.0953188,358.5503,358.5503
9147,165.859785764979,174.41522780303808,-0.22205146,-0.033936802,-0.3768173,-1.0900389,359.1576,359.1576
9148,166.48833460703602,175.02406191616794,-0.22292453,-0.03879912,-0.3982543,-1.0932328,354.14566,354.14566
9149,167.31673410041273,175.0935153418654,-0.22526951,-0.022057787,-0.40387213,-1.0523936,355.5447,355.5447
9150,165.30923710920817,171.20667396797208,-0.22387302,-0.01558192,-0.45839882,-1.0433736,344.8414,344.8414
9151,150.6117896796194,152.30461971371238,-0.2140833,0.016920563,-0.4724042,-1.0154403,334.4269,334.4269
9152,116.60815747433767,114.19343183226398,-0.2660349,-0.00438546,-0.558207,-1.0485137,278.46368,278.46368
9153,78.93398397981073,75.62499809580022,-0.2864132,-0.06326874,-0.6265635,-1.1425731,258.41528,258.41528
9154,63.0751030841085,59.65106845884953,-0.256624,-0.07352551,-0.5783258,-1.1327186,276.47385,276.47385
9155,76.16981190706464,67.93883789024375,-0.28392532,-0.05683694,-0.6466718,-1.1056223,270.12195,270.12195
9156,105.7081247467253,86.2972551653846,-0.2722764,-0.044119395,-0.6452396,-1.0722578,292.28937,292.28937
9157,134.81722659356836,102.87829332902518,-0.26339749,-0.027091313,-0.61967045,-1.0284379,305.87292,305.87292
9158,152.03687771110012,113.80792111945777,-0.32615393,0.002381146,-0.6445493,-0.99549675,294.28882,294.28882
9159,154.11490034344226,120.6078722432136,-0.3437632,-0.002644963,-0.68386084,-0.9707278,285.08084,285.08084
9160,142.83106845368357,129.1325389617647,-0.41190502,-0.016613288,-0.8776044,-0.9861888,251.87357,251.87357
9161,123.37913694353482,142.75615528656778,-0.43496194,-0.052026257,-0.8775471,-1.1648781,246.29686,246.29686
9162,101.22156345063199,150.26626367907247,-0.4973496,-0.051709156,-0.9389764,-1.1792616,224.70062,224.70062
9163,79.10592189489711,132.56400337988046,-0.55666775,-0.023414513,-1.0392377,-1.149803,201.04875,201.04875
9164,66.97933517543395,86.86079715471266,-0.49880335,-0.035528254,-1.0406765,-1.1248738,206.67763,206.67763
9165,76.16575005060113,33.80556549561598,-0.5434535,-0.07136067,-1.2157974,-1.1169386,180.36078,180.36078
9166,93.81775815624023,-1.045667220987585,-0.5628138,-0.070142746,-1.26193,-1.1099613,177.35092,177.35092
9167,92.1335966368053,-7.945115346701835,-0.59503835,-0.07924968,-1.3160573,-1.0499741,168.68877,168.68877
9168,65.02456624296701,3.941720791109429,-0.60526156,-0.033660557,-1.3247713,-1.0154927,164.9989,164.9989
9169,37.28467121905658,22.01850466766397,-0.60695523,-0.040835977,-1.3716946,-0.99802,168.63297,168.63297
9170,38.95587054816466,43.17593272842917,-0.7840908,-0.05157707,-1.6342249,-1.0243165,137.0174,137.0174
9171,70.15300412954144,65.42264721666088,-0.9477419,-0.039180066,-1.9982947,-1.0377573,112.9351,112.9351
9172,96.56939741512275,78.19344674691985,-0.9152465,-0.06708486,-1.9343187,-1.0670277,117.05564,117.05564
9173,89.69904725023888,73.90937575028083,-0.9328132,-0.03152781,-1.9350967,-1.1018746,115.680595,115.680595
9177,61.14639001925257,61.79588550625986,-0.41130012,0.09007665,-0.87246615,-0.8812702,130.2859,130.2859
9178,51.43856777264014,63.308115856091185,-0.38410783,0.064137086,-0.91707313,-0.8807111,140.14458,140.14458
9179,86.03750376144974,91.10662945013485,-0.41071552,0.06261289,-0.9955823,-0.862515,146.58777,146.58777
9180,145.33014588781126,132.05295715992466,-0.4283219,0.05791169,-1.0235552,-0.880209,149.07805,149.07805
9181,188.44738846742365,159.76862529602,-0.45013094,0.06291139,-1.0963558,-0.8735401,153.13266,153.13266
9182,196.71833436396955,161.57049797182637,-0.50949216,0.05765779,-1.0990744,-0.9009407,152.25182,152.25182
9183,181.7868932579924,145.84474153406217,-0.53330904,0.06900053,-1.1170617,-0.840583,156.24792,156.24792
9184,164.9371450402723,129.59957529547668,-0.55317307,0.057732902,-1.1681067,-0.83022654,161.4998,161.4998
9185,158.0016911589176,123.31109936730581,-0.6013833,0.061258536,-1.1254982,-0.81373197,162.55806,162.55806
9186,159.12842311773213,124.89805778105969,-0.7954633,0.06417352,-1.526755,-0.8079061,133.39877,133.39877
9187,162.0515039270877,126.23159084125979,-0.95323086,-0.009663633,-1.6422378,-0.945404,113.87682,113.87682
9188,164.64408767292764,123.09951028910073,-0.9106885,-0.055213302,-1.4818525,-0.9743407,124.09702,124.09702
9189,164.80342243987627,116.9564655863292,-0.9042029,-0.07248006,-1.464016,-1.0449989,127.76699,127.76699
9191,155.44454092368179,111.29358949422779,-0.52814084,-0.05773021,-0.8106556,-1.183036,156.7085,156.7085
9192,135.865481817167,111.19505445995624,-0.67178214,-0.109746434,-0.98638225,-1.3068913,136.35669,136.35669
9193,120.3264998821861,120.70343861386095,-0.62519825,-0.14228934,-0.8740972,-1.3917509,151.79375,151.79375
9194,121.82465348143707,136.71771232140085,-0.5788055,-0.12646462,-0.7299834,-1.275376,165.75127,165.75127
9195,136.06003284280712,151.54158111516017,-0.51566136,-0.14176257,-0.68388605,-1.2170159,184.2672,184.2672
9196,147.9610006757437,160.48154501883704,-0.55829513,-0.16059406,-0.68858206,-1.2332315,178.96619,178.96619
9197,145.97158926173046,162.47923006763708,-0.5889811,-0.11394004,-0.74842125,-1.1175982,171.18497,171.18497
9198,129.08428054610107,158.9364637604827,-0.5629427,-0.08887882,-0.6839318,-1.0819659,176.69048,176.69048
9199,106.07907104037935,155.4630744047716,-0.59553415,-0.12039754,-0.6843181,-1.149222,167.05066,167.05066
9200,87.89287441923246,157.94716101933903,-0.55604285,-0.111312896,-0.6163805,-1.0868319,171.8711,171.8711
9201,77.12271797362945,162.55656956392536,-0.56829596,-0.10653714,-0.6674017,-1.0422785,169.87238,169.87238
9202,67.69065262115252,156.06218918605876,-0.6114342,-0.114239104,-0.7301859,-1.035459,159.79005,159.79005
9203,58.169108045492585,134.8497949116376,-0.67886084,-0.12032781,-0.86691314,-1.1979977,137.37497,137.37497
9204,58.1667606134691,116.38755524041109,-0.6393215,-0.09589661,-0.74088484,-1.151528,148.59436,148.59436
9205,73.02883871603294,117.49296876710542,-0.6011387,-0.14601636,-0.7461608,-1.1524532,148.49443,148.49443
9206,90.53806579081918,130.57899211435435,-0.5364591,-0.14115827,-0.57017416,-1.1192775,159.81712,159.81712
9207,95.17268963227747,136.4575148078868,-0.4626948,-0.11919365,-0.4236208,-1.1309923,177.00421,177.00421
9208,88.63674924917024,130.934144356128,-0.4732467,-0.115533695,-0.31286994,-1.1111363,180.00331,180.00331
9209,86.31315893091195,126.71438987453315,-0.39290917,-0.06441951,-0.1810933,-1.0599116,205.38837,205.38837
9210,98.75305363397179,134.59965694033437,-0.4255115,-0.053235337,-0.2808531,-1.1420674,197.15257,197.15257
9211,122.07348813397374,151.00734823989757,-0.49033457,-0.06875601,-0.35801354,-1.1264836,181.49515,181.49515
9212,143.77226448344038,164.1779788756699,-0.5841641,-0.071503125,-0.41475144,-1.1639286,146.9227,146.9227
9213,154.60727332604887,168.1429499053269,-0.7299868,-0.1915184,-0.5468733,-1.0828296,123.938225,123.938225
9214,154.94451068665504,166.57198619244392,-0.95863706,-0.19047762,-0.9978429,-1.2414247,96.564316,96.564316
9215,152.4955503406002,164.75150744920015,-1.0118449,-0.16400497,-1.1361697,-1.1956002,95.28862,95.28862
9216,153.97484347864608,163.53440815551642,-1.7453386,-0.32099622,-2.677973,-1.6421983,52.580696,52.580696
9217,159.11447162208205,161.3802976754322,-1.4014932,-0.30945075,-1.929162,-1.4805104,65.904396,65.904396
9218,164.0798090718602,158.0443786978689,-1.4655138,-0.3221142,-1.9590023,-1.5174547,62.255104,62.255104
9219,164.94171739979217,155.6313481516475,-1.6342885,-0.3929824,-2.3777335,-1.7744079,53.115932,53.115932
9220,155.72406514085395,156.60117547473916,-1.2725549,-0.3045558,-1.6587479,-1.4186659,68.348755,68.348755
9221,133.3310245864178,160.11234774514253,-1.248585,-0.28438288,-1.6025314,-1.3396074,70.21,70.21
9222,107.54934303324703,162.67501957987352,-0.9967448,-0.1677325,-1.1214863,-1.0464957,86.927315,86.927315
9223,95.58679006252102,163.696487265571,-0.97957623,-0.17983411,-1.0550779,-1.0726162,89.0576,89.0576
9224,104.81715829521582,166.15944786751797,-1.0443547,-0.18054564,-1.2140343,-1.1230125,77.341576,77.341576
9225,127.25524259594711,170.73375136136625,-1.0954771,-0.20902947,-1.2783823,-1.0942297,80.9615,80.9615
9226,147.10385971864608,174.2706578917242,-1.2186685,-0.29000953,-1.5467395,-1.1897361,71.82487,71.82487
9227,149.31769606782746,174.0661355003072,-1.697248,-0.58077526,-2.5666356,-1.4221216,51.74169,51.74169
9228,128.69758892981037,169.38546178584227,-1.3937601,-0.47828734,-1.7519705,-1.2014216,58.6912,58.6912
9229,98.82109688601298,161.42798418287902,-1.3012382,-0.406618,-1.5621368,-1.1017942,61.604202,61.604202
9230,85.25347157168723,154.76705016919033,-1.2783734,-0.34927025,-1.4122492,-1.0480443,65.19496,65.19496
9231,100.16730131525514,154.81232221171993,-0.91477025,-0.3098933,-0.95345336,-0.87148595,79.511284,79.511284
9232,129.55112451417796,162.10436176800962,-0.75143623,-0.23906797,-0.5587227,-0.7409751,95.30853,95.30853
9234,150.93879884195502,170.28912552849405,0.29890183,-0.87017214,1.4656626,-1.1421475,48.44475,48.44475
9235,154.95832563167852,167.75560597409913,0.20255643,-0.6822773,1.2243853,-0.8656841,60.328724,60.328724
9236,147.07104573228443,146.14063723107554,0.12523124,-0.6163094,1.169658,-0.79733765,75.75488,75.75488
9237,138.30837290637575,114.35795381210018,0.04894197,-0.5566985,0.9342326,-0.70605165,96.55488,96.55488
9238,136.98853032263273,93.36001733818955,-0.104933426,-0.14345568,0.7058782,0.09100281,116.9146,116.9146
9239,144.26980501955558,92.61052396479018,-0.29760724,0.050213736,0.24813415,0.48295346,113.146706,113.146706
9240,153.875137710047,106.09630232051376,-0.31960496,-0.050159644,0.1663462,0.20868185,90.46068,90.46068
9241,156.34413641771343,126.09938676023687,-0.30184174,0.041643664,0.31572554,0.3075977,106.32945,106.32945
9242,149.18691134115224,147.02304690236411,-0.28534314,0.23285884,0.40224952,0.8766517,183.58002,183.58002
9243,140.74365471577704,162.33409624152821,-0.26693144,0.2034936,0.36130923,0.7974784,183.09099,183.09099
9244,139.17017323783693,166.32741288990854,-0.2781354,0.19787993,0.36567894,0.79017824,182.52567,182.52567
9245,144.99432762112602,159.05431863918855,-0.14736684,-0.05280587,0.49190181,0.29784912,208.08768,208.08768
9246,154.33984637974694,147.069446241812,-0.013704704,-0.21288085,0.93730164,-0.079736434,234.97595,234.97595
9247,161.98607749903778,139.2640283075644,-0.09120935,-0.19673268,0.833124,-0.024353595,246.28372,246.28372
9248,165.77970164410414,142.5093181387067,-0.15391548,-0.094037175,0.6889123,0.30974668,243.88963,243.88963
9249,168.91401571032458,156.23587413562763,-0.107839294,-0.17312264,0.627297,0.1679175,222.68695,222.68695
9250,173.31971834421236,171.0657133491208,-0.17516714,-0.08215797,0.5021381,0.36893547,220.8103,220.8103
9251,174.88097459385455,178.28502453734893,-0.23804805,0.10800162,0.3962366,0.8145221,223.85664,223.85664
9252,168.88999726902915,176.4190260910382,-0.2455959,0.1667525,0.27544415,0.9036535,258.0006,258.0006
9253,156.72172361395053,164.56966027688907,-0.24702841,0.17831774,0.32985184,0.80714697,270.11548,270.11548
9254,141.58623851733248,139.3150883678954,-0.22115634,0.20237143,0.38035098,0.8753937,292.14014,292.14014
9256,122.4865324211129,103.86642466828843,-0.32122815,0.32068875,-0.107540995,1.5112425,144.4438,144.4438
9257,99.37256102045411,74.3187766463574,-0.39742848,0.3316833,-0.33419523,1.5538802,128.61032,128.61032
9258,78.85983071524237,71.81588502740328,-0.37501568,0.2612832,-0.1818096,1.3068819,132.61588,132.61588
9259,73.73873683536853,102.90285799567022,-0.35613292,0.2362218,-0.08529036,1.2399477,132.51494,132.51494
9260,93.83717409633324,148.57845271839463,-0.35245147,0.23541479,-0.071940936,1.1829855,146.92448,146.92448
9262,127.710525376191,177.5542532423091,-0.32943076,0.11085347,-0.18338925,1.0833026,254.60141,254.60141
9263,145.35213362471362,169.6611916669337,-0.3487057,0.15768366,-0.104479164,1.14252,247.865,247.865
9264,133.28935735944395,135.59003057134578,-0.33273616,0.099112004,-0.05411288,0.98390293,262.91205,262.91205
9265,111.23839152123593,110.61124176970918,-0.3011518,0.09956519,0.0040969104,0.9916863,265.2264,265.2264
9266,101.80869263298109,113.81735367486083,-0.30154282,0.09142448,-0.016737815,1.0047157,267.74374,267.74374
9267,104.80955085174058,130.2094390342382,-0.2720036,0.07136343,0.11432301,0.9806593,274.89175,274.89175
9268,111.42080488600955,141.15580483235664,-0.2558361,0.07903257,0.12748742,0.9519745,271.13965,271.13965
9269,116.11094846547914,145.943100439535,-0.2744798,0.11131996,0.11118218,0.99105805,254.94826,254.94826
9270,108.87703137142752,147.97143419256693,-0.2875164,0.11400316,0.11139401,0.9757194,242.55984,242.55984
9271,84.5092328901733,141.22868661646228,-0.29508018,0.07498581,0.110863596,0.8958368,243.3102,243.3102
9272,59.0378041372062,120.35091997975024,-0.2897144,0.024717847,0.18306486,0.85063595,232.71927,232.71927
9273,57.81475543543121,95.66386580541607,-0.28985995,0.19365817,0.20743604,1.0995139,232.88223,232.88223
9274,89.84973032973201,86.05230003813979,-0.2865897,0.17943858,0.20712739,1.0467901,231.0189,231.0189
9275,138.35845661112833,98.5792853829422,-0.26889652,0.18544126,0.3082501,0.98420334,245.4351,245.4351
9276,175.28447493995225,124.83730509049107,-0.26125863,0.17198217,0.3378633,0.9406025,256.69382,256.69382
9277,182.60819684507834,151.00435458553048,-0.24527067,0.15520339,0.3887323,0.8608893,278.77042,278.77042
9278,156.0454177989735,163.63053655156654,-0.24771889,0.14491688,0.38718492,0.83888704,273.3903,273.3903
9279,102.97934312534838,155.34956176473563,-0.23647368,0.19285996,0.4041061,0.8384175,264.13898,264.13898
9280,48.32652550992375,131.98664459094095,-0.26532334,0.1582914,0.38302746,0.7932695,249.37878,249.37878
9281,22.126178506749334,109.77403287682766,-0.27650616,0.21338373,0.37027377,0.8581009,244.6259,244.6259
9282,34.082774676448054,102.54039423887758,-0.24755561,0.17612217,0.4587442,0.76934564,239.61063,239.61063
9283,73.13946762974892,112.77400061131964,-0.18021542,0.11482751,0.6235006,0.63033533,266.66797,266.66797
9284,121.1133669050252,133.15192621573885,-0.14348207,0.10948985,0.6657821,0.62932426,270.60202,270.60202
9285,158.70486595233578,152.67046505573597,-0.16114894,0.17457439,0.5511209,0.7064644,259.5782,259.5782
9286,175.24022070432994,164.30328032443538,-0.1647924,0.23950867,0.5953793,0.8190311,238.26549,238.26549
9287,174.4440846911066,168.13639805779803,-0.19456458,0.20101573,0.5606284,0.7820812,243.16083,243.16083
9288,160.81312055365967,163.27402555680058,-0.22492643,0.22013742,0.47933382,0.80283356,242.28572,242.28572
9289,129.7088929313148,143.66602576832233,-0.24712282,0.2085606,0.3919816,0.8008602,243.76094,243.76094
9290,81.83665734680135,110.77917438530051,-0.2501342,0.124463215,0.38159487,0.5065181,213.66191,213.66191
9291,37.90558787913228,81.48185771968022,-0.2551451,0.13587196,0.37789926,0.5151906,216.38531,216.38531
9292,25.751189418421372,74.08609687340027,-0.12950195,0.035100706,0.6751158,0.3314318,223.52763,223.52763
9293,53.89627289994794,93.10575188446566,-0.060517944,0.009032897,0.91788465,0.2803122,248.59964,248.59964
9294,99.73329128661308,127.92851502710343,-0.12036007,0.05800062,0.7352749,0.33820146,248.98131,248.98131
9295,124.42262459267555,158.35164434901637,-0.13877584,0.06839059,0.70911,0.41358835,238.64503,238.64503
9296,107.28571013316052,167.33528188102642,-0.14322586,0.045317397,0.605825,0.2787178,275.7575,275.7575
9297,65.13408525386106,156.60716752246293,-0.16864981,0.09401975,0.5923836,0.32538885,256.05914,256.05914
9298,32.03021712388006,145.16361881963658,-0.17101248,0.07387503,0.5956009,0.20096692,245.21994,245.21994
9299,28.194989154273237,148.21129408388217,-0.1738471,0.07193466,0.5731802,0.15140384,250.50706,250.50706
9300,53.11810284540661,162.64743136644574,-0.17939553,0.24253201,0.6315878,0.45339102,258.49884,258.49884
9301,93.22043458683909,175.36780344296457,-0.1726805,0.22508547,0.6535336,0.4451917,251.448,251.448
9302,129.84093029912606,177.5898618152361,-0.22951405,0.24686901,0.4967102,0.51527315,242.42133,242.42133
9303,151.65312463246823,167.42262733283818,-0.23303479,0.22863124,0.48999983,0.45834267,249.23901,249.23901
9304,160.29408787616507,147.4829687907647,-0.25435546,0.21664076,0.4753607,0.38856956,251.17581,251.17581
9305,161.1989988686515,125.35338590391535,-0.31568024,0.22731304,0.34037587,0.4308359,223.72961,223.72961
9306,156.26659639333354,110.45862958496242,-0.32003996,0.23309898,0.40178356,0.42041856,242.64853,242.64853
9307,145.97951738487208,107.12711292897845,-0.3231337,0.24305753,0.41052303,0.45293608,244.07266,244.07266
9308,133.102604839371,113.10406791385296,-0.35028645,0.24836668,0.406312,0.5070456,230.24055,230.24055
9309,123.53542308159444,123.77771960779681,-0.34702393,0.27253547,0.39740178,0.52665293,230.12624,230.12624
9310,122.19130909416201,134.73600772043227,-0.27116194,0.33617052,0.6030946,0.559564,248.77702,248.77702
9311,124.09891460371779,142.51592941225874,-0.15829468,0.25370452,0.73563206,0.41343132,237.10893,237.10893
9312,114.85643691041504,145.56818225586792,-0.1061025,0.13082884,0.8709476,0.12814774,281.60303,281.60303
9313,88.99142686494433,143.6115100400032,-0.10672271,0.2148577,0.8180969,0.2268671,250.49055,250.49055
9314,58.793748876154005,139.1391003611369,-0.062319018,0.25067228,0.8757863,0.26286122,236.67068,236.67068
9316,42.357794073591315,137.09336343762098,-0.3232651,-0.16894919,-0.053410333,-1.1012368,166.00522,166.00522
9317,55.04275721394383,137.31726480082185,-0.3148272,-0.054887485,0.016354987,-0.93678594,203.58253,203.58253
9318,97.92885418038314,135.14961681194777,-0.35582635,0.0077830222,-0.027933186,-0.7482723,220.79402,220.79402
9319,146.18691007564613,131.2499631961193,-0.50550914,-0.058167864,-0.43378183,-0.8342969,199.02473,199.02473
9320,169.9540448040562,132.85388194430865,-0.56438994,-0.087267876,-0.60478693,-0.8689947,186.45795,186.45795
9321,163.6194042893746,144.77781770854878,-0.5591561,-0.039607562,-0.5884219,-0.8310918,183.51585,183.51585
9322,141.44862618672335,160.77727400114816,-0.49672046,-0.00084330427,-0.43915552,-0.7514216,192.88257,192.88257
9323,119.08082220140787,168.0300735245763,-0.44098794,0.068025924,-0.30534133,-0.5778788,193.69753,193.69753
9324,109.805181257919,162.44408509977976,-0.46276215,0.0951045,-0.3089037,-0.63251,188.84514,188.84514
9325,121.40535335237759,153.22073812738347,-0.49953803,0.084005155,-0.33919215,-0.63880587,184.80746,184.80746
9326,142.1857705989989,150.81405251014323,-0.57446647,-0.052112486,-0.5085085,-0.83876455,166.3518,166.3518
9327,142.3788317426306,155.14690681431733,-0.61937684,-0.053936925,-0.58806753,-0.8228901,167.13202,167.13202
9328,104.17939100412451,156.37499365297506,-0.70493615,-0.0803098,-0.71253735,-0.81845284,150.3478,150.3478
9329,45.19123414751015,147.1710145646075,-0.48302096,-0.0074501927,-0.36473876,-0.57626176,164.43839,164.43839
9330,2.4988588981116546,132.40199189280997,-0.35575077,0.014263659,-0.10616355,-0.51307833,192.39114,192.39114
9331,-1.6781270361991598,121.44955190228828,-0.36732605,0.013881574,-0.040834397,-0.50176615,207.2102,207.2102
9332,25.61562438382411,115.63847878473258,-0.40255934,-0.015727358,-0.081117935,-0.58383995,200.92981,200.92981
9333,61.780786899111206,111.39686289194121,-0.33210513,-0.17377579,0.09009405,-0.94108397,217.35844,217.35844
9334,93.9729803863593,110.86776896981007,-0.3350899,-0.24338464,0.14497672,-1.1433499,221.92494,221.92494
9335,125.50269415042536,120.07029343056254,-0.33793157,-0.31742224,0.22736849,-1.2477041,215.87213,215.87213
9336,157.37847376249005,137.2995941662981,-0.23498632,-0.3108298,0.4922106,-1.1946515,264.74515,264.74515
9337,179.91837710052414,151.0960803256209,-0.22198892,-0.29379198,0.49645078,-1.1781212,278.41257,278.41257
9338,185.17987233026327,150.9147814726095,-0.297576,-0.2764128,0.23030213,-1.2601732,258.0857,258.0857
9339,175.65774777219906,136.69632047628627,-0.34994477,-0.2423542,0.08674253,-1.1309754,241.11139,241.11139
9340,160.70088153352592,119.32193624617501,-0.36397696,-0.2255871,0.09044164,-0.9305935,242.49294,242.49294
9341,149.46172839552898,111.7441639106726,-0.37150025,-0.20415184,0.046815265,-0.9108522,231.68979,231.68979
9342,145.99859791594616,117.4527088008779,-0.3681266,-0.18068628,0.088541746,-0.8337272,236.54828,236.54828
9343,148.25205727050812,128.6555622875322,-0.36568907,-0.21556371,0.06773433,-0.8697282,231.6214,231.6214
9344,150.94354604801558,135.97605855730785,-0.28065842,-0.14466314,0.20736244,-0.7590537,271.48727,271.48727
9345,150.1828868810034,136.15024276607286,-0.26297385,-0.09779055,0.22404844,-0.6818013,283.7788,283.7788
9346,145.17551102868939,130.24461840251521,-0.26481903,-0.0066139996,0.25073868,-0.47343707,290.51685,290.51685
9347,136.29368670169842,120.8936234897404,-0.25022244,-0.007429495,0.3900288,-0.47139472,305.3033,305.3033
9348,125.62614909738971,113.27830942893146,-0.27626854,-0.04059446,0.25708583,-0.62569165,285.8286,285.8286
9349,119.29255558218208,112.65990169418795,-0.27139995,-0.05076234,0.22476014,-0.69824773,292.35104,292.35104
9350,123.4353942696369,118.63388778237108,-0.2813061,-0.057118986,0.19540516,-0.73663086,288.7649,288.7649
9351,137.26027233513574,125.17322783014423,-0.2852269,-0.058072764,0.18604788,-0.7387136,286.56833,286.56833
9352,153.24086947291292,126.72522234103185,-0.35383567,-0.05095906,0.021771293,-0.71215075,255.62596,255.62596
9353,163.80518424581388,123.74489240438368,-0.41854575,-0.031476215,-0.110773005,-0.68635434,241.3234,241.3234
9354,166.83814289858375,122.0418594047566,-0.41831803,-0.0356618,-0.1305116,-0.72648513,235.7796,235.7796
9355,165.06254396546734,125.18470432904236,-0.41528204,-0.055108212,-0.13618878,-0.7674555,236.32591,236.32591
9356,160.48261061225816,130.50475865354122,-0.35596576,0.004977496,-0.024059271,-0.6048301,259.03943,259.03943
9357,151.68032494702217,134.33678387894045,-0.35658634,-0.11279453,-0.016661143,-0.78268045,246.5783,246.5783
9358,138.53905429596196,134.71144732972246,-0.40896392,-0.13862117,-0.09613059,-0.8672279,221.47314,221.47314
9359,127.07090459460134,129.85790624951323,-0.44183153,-0.16865855,-0.18246914,-0.94242126,204.4127,204.4127
9360,122.27481363714097,121.18833760622246,-0.4646433,-0.22731033,-0.16188727,-1.0349371,191.7107,191.7107
9361,115.32788493673549,114.24178166073342,-0.4627136,-0.20562045,-0.15367945,-1.0170648,195.35689,195.35689
9362,92.03509414801891,113.17115995882918,-0.3637293,-0.06366732,0.049926035,-0.64487773,226.87492,226.87492
9363,56.77210305947807,116.68696355232417,-0.39497313,-0.10968194,0.01311588,-0.7786547,216.49623,216.49623
9364,34.27294097821142,120.75918633809185,-0.41028836,-0.09741349,0.008096952,-0.7287753,207.22075,207.22075
9365,45.536811958906505,124.86316241756228,-0.39406133,-0.09898631,0.04217954,-0.72644407,218.58725,218.58725
9366,86.48210387034864,132.1380257638663,-0.3653976,-0.13587643,0.18429172,-0.75954753,236.26006,236.26006
9367,132.691053205819,142.3979242817767,-0.31159067,-0.03456836,0.33044896,-0.49071458,256.61057,256.61057
9369,162.30048359804368,149.88449589468468,-0.2634828,-0.10616739,0.16082816,0.66395116,182.79752,182.79752
9370,169.7195284862126,150.81647571501532,-0.3686865,-0.011709536,-0.17960207,0.9212431,174.84059,174.84059
9371,163.12227560701675,146.6928672094485,-0.35807794,0.037524913,-0.10068729,0.86030835,193.60347,193.60347
9372,153.98340446620514,138.29937374343453,-0.35277456,0.018405503,-0.09252959,0.8149482,196.63527,196.63527
9373,148.06769964590018,126.09666626556744,-0.349097,0.027184064,-0.0498883,0.8066137,207.1461,207.1461
9374,144.1158136772836,114.74948681892187,-0.3477664,0.025717039,-0.040754877,0.7923569,213.87904,213.87904
9375,138.00072656878794,109.04326900358653,-0.2708073,0.030324118,0.13371569,0.68880564,239.91489,239.91489
9376,129.39051001259685,109.09677183674724,-0.31508148,0.042541668,0.061244745,0.77938235,231.26884,231.26884
9377,124.73812857299785,112.54391730506237,-0.31678662,0.052056495,0.058767702,0.7877692,229.55911,229.55911
9378,129.0305730424344,116.96419856620112,-0.29914007,0.048277117,0.090518415,0.7436233,248.46571,248.46571
9379,136.77263470927002,119.73563332816379,-0.29685766,0.05828274,0.1049135,0.72747034,261.68903,261.68903
9380,137.30313424104492,119.14256843773002,-0.29489386,0.06293427,0.07961335,0.7321561,272.57288,272.57288
9381,127.49799878279714,115.68735447797168,-0.33118963,0.08033975,0.13730054,0.7843944,275.99387,275.99387
9382,112.72551110508552,111.05538060029204,-0.33344114,0.09545083,0.13059507,0.80023974,268.14886,268.14886
9383,95.05285849652715,106.52040966936761,-0.2833923,0.0886894,0.22719692,0.74259555,288.0302,288.0302
9384,75.23104039776284,103.61250999512934,-0.22551484,0.120493114,0.3410553,0.78900635,281.09183,281.09183
9385,65.91922027756227,105.0346944357502,-0.22491656,0.10416323,0.36810786,0.7288153,294.45328,294.45328
9386,79.4492771817887,111.21776856376518,-0.24155891,0.08745016,0.35200474,0.69653213,305.8278,305.8278
9387,106.26788739629691,117.2542504575823,-0.25981614,0.06566703,0.3130921,0.6762255,302.8845,302.8845
9388,123.57302599904975,116.96668403649537,-0.26719275,0.047314115,0.2861167,0.6522821,301.15475,301.15475
9389,116.78754668043312,107.5554317647752,-0.33102465,0.038880214,0.2190501,0.6708613,294.5354,294.5354
9390,86.15245594293751,90.11210164479412,-0.34934852,0.018610515,0.236639,0.6416315,301.20065,301.20065
9391,44.81420229676037,71.22727646539589,-0.3496478,0.019104864,0.21785426,0.6391217,304.27383,304.27383
9392,12.441889911612916,61.00117967718868,-0.32085338,0.022160832,0.19413596,0.6520017,298.18246,298.18246
9393,0.9746243227639813,63.07976904091922,-0.30933407,0.028692756,0.19297549,0.6601003,297.49814,297.49814
9394,6.151856741368365,70.32810784560075,-0.29727808,0.030087685,0.18073697,0.6659416,290.60873,290.60873
9395,15.603659577168928,73.18528477874152,-0.27426797,0.028624078,0.24943869,0.64443296,288.5622,288.5622
9396,22.629544671933225,69.41188848935344,-0.27798352,0.038653504,0.2577692,0.62208575,278.34955,278.34955
9397,29.576811085002696,64.63553823802158,-0.27659738,0.040955644,0.26312834,0.64332604,280.06134,280.06134
9398,38.64278056849848,64.88643144022002,-0.25538138,0.102783225,0.32318082,0.75534636,300.25943,300.25943
9399,44.20668602455207,70.51139357716247,-0.25739208,0.13918157,0.34270996,0.79669935,296.04788,296.04788
9400,38.65411194145133,77.27091383137592,-0.28658184,0.1333092,0.32460645,0.76136285,305.48712,305.48712
9401,24.266720291845758,82.30412271441897,-0.25623578,0.13940501,0.39096642,0.7355577,316.79874,316.79874
9402,13.13514384875231,87.97823803392676,-0.27495727,0.17828695,0.34329697,0.78070986,291.41867,291.41867
9403,12.936733617475666,98.41287881001108,-0.2802082,0.1640625,0.3642135,0.74598247,289.18732,289.18732
9404,18.83146588685852,112.73519002226416,-0.28857067,0.17299582,0.37494105,0.73465955,294.17874,294.17874
9405,25.57798050819794,125.06849693512817,-0.18990758,0.10079376,0.53202885,0.5934316,316.18774,316.18774
9406,41.185522911727986,132.91821510155023,-0.24249537,0.1578113,0.44203404,0.6841924,301.76205,301.76205
9407,72.28453999323779,139.2787185542289,-0.24455015,0.17114645,0.4734655,0.6867685,316.57523,316.57523
9408,100.3614606021565,142.99239943644488,-0.22909619,0.17928204,0.5057509,0.6790581,330.81152,330.81152
9409,97.44797395385925,136.33887178526336,-0.23242776,0.17747249,0.496218,0.64172065,324.33658,324.33658
9410,62.71410066077661,116.71412686583125,-0.24199797,0.18195766,0.5580314,0.66036874,336.28687,336.28687
9411,23.06130878107873,93.14786647181968,-0.26666614,0.15897995,0.4692933,0.42550752,324.84186,324.84186
9412,2.3768294052274563,76.1750213443692,-0.25830767,0.13798943,0.46513087,0.3462304,321.56137,321.56137
9413,3.048758188131153,66.94444785800147,-0.24883845,0.0801402,0.47021955,0.20893097,319.79172,319.79172
9414,13.311847336191335,61.24174155393717,-0.25328633,0.13455853,0.46020475,0.483207,312.5412,312.5412
9415,21.9136835875248,57.630738232093194,-0.24189997,0.10873729,0.49207893,0.38402072,339.33255,339.33255
9416,25.429447789684424,57.23599031114989,-0.26079845,0.060448766,0.4602802,0.25635242,332.52118,332.52118
9417,27.08769706266338,60.07801622644543,-0.29107502,0.11941687,0.4499961,0.3296208,312.17474,312.17474
9418,29.82335431597561,64.2672452854915,-0.3065109,0.12880856,0.454015,0.35738713,308.4826,308.4826
9419,32.20930337826562,67.39535916519382,-0.2713606,0.08870209,0.46675292,0.30488282,316.19113,316.19113
9420,33.019891249953396,68.18813507898024,-0.25504822,0.06328115,0.49322838,0.22741117,330.9014,330.9014
9421,35.416755081634285,67.71634019928969,-0.2658395,0.043917585,0.49623215,0.15732573,338.67828,338.67828
9422,42.20514865416429,67.9943714898536,-0.26598322,0.016089922,0.49668634,0.047342863,340.175,340.175
9423,50.24443437896187,68.7596875451288,-0.24964975,0.0051207272,0.5150333,0.010874755,343.7746,343.7746
9424,53.79995270455921,67.9060903465269,-0.2552776,-0.014581223,0.50995356,-0.078740396,340.45804,340.45804
9425,51.13898275571668,64.51388958498536,-0.2635862,-0.027937232,0.49979258,-0.10234448,338.45535,338.45535
9426,45.69174148348103,59.644909968306656,-0.2670928,-0.032115787,0.49255678,-0.14155594,338.12057,338.12057
9427,42.33228421675986,55.43432051324409,-0.25772643,-0.036911093,0.47739288,-0.12690045,349.30887,349.30887
9428,42.19231947352346,52.87724803854119,-0.2564456,-0.028445393,0.52912176,-0.07085392,352.423,352.423
9429,41.57441976830013,50.51354895083642,-0.24348764,-0.022389937,0.544764,-0.037321072,342.9114,342.9114
9430,38.524604005594156,48.00759771844446,-0.22455081,-0.003989905,0.592452,0.0045500346,340.57358,340.57358
9431,38.027189818973234,48.6447338744631,-0.20402701,-0.02766202,0.62703073,-0.06559299,339.08887,339.08887
9432,46.10922455256899,54.37284092349793,-0.24044773,-0.023768123,0.5657967,-0.07803324,332.21207,332.21207
9433,61.135259419782734,62.36156411483559,-0.22127135,-0.022944236,0.60301346,-0.06253257,338.14655,338.14655
9434,76.4660542296789,70.07601229126921,-0.2100228,-0.010061381,0.60118216,-0.04889764,344.9196,344.9196
9435,89.27135642901507,78.91208963824928,-0.18888584,-0.004224373,0.66610724,-0.03344769,353.07397,353.07397
9436,101.46873679959762,89.91751607294141,-0.19624433,-0.016943717,0.65540534,-0.04766577,347.7142,347.7142
9437,113.94940077265085,99.47427330671974,-0.2003382,-0.022345716,0.6254826,-0.12976758,333.85257,333.85257
9438,124.05292470639941,101.89616460489722,-0.21300659,-0.033105694,0.6171908,-0.1267116,339.1146,339.1146
9439,128.52021959388432,95.17791058855656,-0.2006703,-0.034147374,0.63844603,-0.12240921,345.85107,345.85107
9440,126.87671935413391,82.93486494844502,-0.20116116,-0.04386023,0.64048976,-0.15563384,345.5621,345.5621
9441,121.30560856426213,71.42848289682561,-0.2140286,-0.03834761,0.6486706,-0.16453446,352.22504,352.22504
9442,113.94221072683224,64.27104270968745,-0.19838805,-0.040936556,0.67065483,-0.18789564,354.5861,354.5861
9443,108.36656664928762,60.26824294484579,-0.17942643,-0.035211656,0.6813215,-0.17268634,370.06348,370.06348
9444,110.5640623197507,57.97001616228774,-0.20967877,-0.025245236,0.6844772,-0.17365117,359.22522,359.22522
9445,121.16674360251487,60.03767105191701,-0.17808622,-0.02932023,0.6948017,-0.17742588,377.9383,377.9383
9446,133.26149299588712,68.77117365612384,-0.15891889,-0.030528639,0.7207458,-0.16776448,381.0799,381.0799
9447,139.83387946164416,78.80118641344542,-0.16843091,-0.02888568,0.71462005,-0.15283288,372.66068,372.66068
9448,138.41255139358586,81.7888314993934,-0.1973188,-0.025797753,0.70394164,-0.1416157,350.35574,350.35574
9449,133.0369378700301,78.66046149510623,-0.20506519,-0.036758382,0.7146894,-0.122060806,354.91614,354.91614
9450,130.95014917514965,78.59368549563271,-0.20323633,-0.03480726,0.69881403,-0.1267013,351.00082,351.00082
9451,133.85837338594587,86.37723477471023,-0.23039009,-0.024264783,0.7364468,-0.1313979,347.16272,347.16272
9452,137.68029097632993,97.65683461466692,-0.20117024,-0.022051118,0.739635,-0.124114096,352.47192,352.47192
9453,138.96526375219293,104.22039656964216,-0.17717636,-0.022140937,0.76525956,-0.12031647,369.67023,369.67023
9454,135.92458034964815,100.9051131848446,-0.16613725,-0.024386402,0.8075101,-0.11531898,381.04547,381.04547
9455,128.58777480004687,90.50417713066588,-0.19738191,-0.01581995,0.7847726,-0.12828276,380.2749,380.2749
9456,120.92494633183031,81.8580238465077,-0.20504688,-0.008588424,0.76976746,-0.14819023,384.78036,384.78036
9457,118.36726764052692,81.59182585277253,-0.21303165,0.0027612692,0.76353765,-0.17443752,385.9694,385.9694
9458,123.12257469737902,89.36372017689126,-0.19661747,-0.009095653,0.7941502,-0.19045903,412.39896,412.39896
9459,132.5283914620867,100.23102731048259,-0.16757892,-0.026510132,0.7755873,-0.18049636,405.6147,405.6147
9460,141.31647457703636,109.51773508197275,-0.16431493,-0.022970749,0.79557216,-0.1670506,420.2786,420.2786
9461,146.2522297433896,116.1118430932055,-0.20357402,-0.008969449,0.78919363,-0.1470829,418.34445,418.34445
9462,147.60571776835565,121.55316275503982,-0.16890633,0.0092937425,0.83572924,-0.10283825,442.82907,442.82907
9463,147.12028750825363,126.83953105507683,-0.18539944,0.010369693,0.7973353,-0.09351166,427.42648,427.42648
9464,146.37787360001465,130.74488227909058,-0.14406484,-0.0059792255,0.82003754,-0.12201004,443.05728,443.05728
9465,146.28191678305308,130.6795416323137,-0.13645463,-0.0097858785,0.8202885,-0.11558548,456.1446,456.1446
9466,147.97700612754142,125.82657301442669,-0.13957028,-0.00032348032,0.815602,-0.10548319,458.7821,458.7821
9467,152.7618610564737,119.57484256447523,-0.11860012,0.005652053,0.8341624,-0.12125842,484.07056,484.07056
9468,159.87467431771793,117.26064555637004,-0.10580111,0.036366668,0.8564597,-0.08400229,499.64883,499.64883
9469,165.9565547624289,120.59597937075311,-0.09168043,0.025296219,0.91021496,-0.09378153,527.8231,527.8231
9470,166.4655781873482,125.52166086832892,-0.107076384,0.01253547,0.89652544,-0.14609534,508.9659,508.9659
9471,157.53853706929794,125.78866381920416,-0.10945758,0.016419826,0.85886794,-0.19925664,526.34644,526.34644
9472,139.7856209265419,118.29943469592357,-0.11397542,0.022106599,0.85456777,-0.19885908,524.16034,524.16034
9473,119.75909776270763,105.81844507930995,-0.118344896,0.024423257,0.8561317,-0.23792858,535.8607,535.8607
9474,103.28297540263162,94.05633529169229,-0.09501958,0.019961987,0.8917756,-0.25856492,553.8114,553.8114
9475,89.71120947303253,86.48635165913765,-0.06859552,-0.010683948,0.9404844,-0.2972057,585.30396,585.30396
9476,76.12008373942543,82.2620043222816,-0.07638227,0.005178923,0.92375684,-0.32236874,589.21783,589.21783
9477,63.365831021830175,77.22067415774596,-0.06431363,-0.007233044,0.9514034,-0.36433473,618.0099,618.0099
9478,55.874498514324806,67.95336261624786,-0.05327425,-0.009224474,0.93720496,-0.40578952,629.2306,629.2306
9479,56.02844290030733,55.87616219303116,-0.04693544,-0.01567967,0.91450113,-0.45571536,639.9951,639.9951
9480,59.24325536849661,44.67170913451842,-0.023358002,-0.008921353,0.9151314,-0.47583845,666.6806,666.6806
9481,57.996200290971,35.44125033958392,-0.017979065,-0.010655209,0.8918913,-0.5272078,685.82574,685.82574
9482,50.634477825597095,27.86719794595231,-0.013556486,-0.016020378,0.88207376,-0.55631274,690.2182,690.2182
9483,42.04091413063901,22.760540059709665,-0.013009179,-0.038703837,0.84930384,-0.59282535,700.1915,700.1915
9484,36.858811027862586,20.585402180564053,-0.0073874868,-0.037112527,0.85766757,-0.6309863,697.5329,697.5329
9485,35.29228326510698,20.11309858252448,-0.011972673,-0.021108104,0.8543674,-0.62909734,701.2098,701.2098
9486,35.13319985310522,20.482118355845234,-0.014019096,-0.018609235,0.8122417,-0.6376906,701.697,701.697
9487,36.247319542428606,23.943679176199776,-0.008338772,-0.015422636,0.8039609,-0.6493204,715.50104,715.50104
9488,39.85118781688129,32.6343529197793,-0.011059893,-0.02138845,0.79749095,-0.6539643,709.13495,709.13495
9489,43.67792150007155,42.683354782692035,-0.029814124,-0.0025001576,0.76225483,-0.6622102,702.1286,702.1286
9490,45.81104349417463,50.47120896722658,-0.027547864,0.0016130944,0.71948665,-0.6764481,702.14703,702.14703
9491,53.10913429112961,62.447658176390206,-0.013851804,0.016231537,0.73725086,-0.6902998,719.7443,719.7443
9492,74.79235204480145,86.60596809246042,-0.017288193,-0.002616585,0.71012837,-0.7124863,724.3272,724.3272
9493,107.93937902841141,118.32474337383118,-0.019674815,-0.0050876695,0.6662937,-0.7365818,730.53796,730.53796
9494,136.81772586689496,142.9774237423373,-0.014311816,-0.0142022455,0.6549166,-0.7633389,684.0444,684.0444
9495,146.61106989428995,149.6324986429671,-0.014413759,-0.00272778,0.65782636,-0.7694669,695.4944,695.4944
9496,138.9287868102937,142.12996322373252,-0.0045536617,0.0109068295,0.64092124,-0.78634006,679.8808,679.8808
9497,131.69499957074186,136.54308326591,-0.023803199,-0.0087773455,0.5914402,-0.82329386,697.10986,697.10986
9498,138.39513485464582,143.80916784314456,-0.051395472,-0.026317451,0.51640373,-0.86387444,661.08264,661.08264
9499,152.5428348741794,159.09184998112775,-0.05861827,-0.020246604,0.46685475,-0.8986044,659.5495,659.5495
9500,156.9574352872098,170.43333049117211,-0.068259574,-0.02949424,0.38141763,-0.93139064,606.9155,606.9155
9501,146.10608904558003,171.81279044491154,-0.018689578,-0.022232186,0.41226724,-0.930845,630.3875,630.3875
9502,134.645146221639,167.3489253031111,-0.026882283,-0.021141088,0.3602933,-0.9551517,594.25665,594.25665
9503,139.2481357329851,165.29830558704967,-0.047358662,-0.02619588,0.29499856,-0.9848788,564.98553,564.98553
9504,156.06826184750307,167.08497246432276,-0.021865701,-0.014424248,0.3098573,-0.96336836,534.954,534.954
9505,160.54918828930076,163.18305214726095,-0.04846699,-0.075751275,0.26088187,-0.9801658,448.8623,448.8623
9506,134.67052466667917,142.37919923123934,-0.14684722,-0.09475907,0.096298136,-1.0587018,363.53827,363.53827
9507,96.75933830275797,106.98753733994455,-0.15942709,-0.08651003,0.0019449883,-1.0749643,361.6002,361.6002
9508,86.12878827648575,78.2286846682344,-0.17877741,-0.057807602,-0.054360684,-1.0729806,361.95212,361.95212
9509,114.91083370291008,78.35827635419305,-0.19731255,-0.05128873,-0.093809664,-1.0635977,337.15588,337.15588
9510,157.4412750558036,105.21705016275004,-0.27549705,-0.031907298,-0.18804286,-1.0989953,255.77638,255.77638
9511,184.07406545672745,135.4734802561797,-0.25897542,-0.065576345,-0.17315538,-1.1507232,242.47423,242.47423
9512,186.90172923011738,151.4172246018525,-0.2566951,-0.033282302,-0.21882726,-1.1368374,243.02159,243.02159
9513,176.8752585299658,153.67327386399393,-0.20864673,-0.032148354,-0.2500471,-1.1023626,277.541,277.541
9514,168.4902710398686,152.0750419911923,-0.23219398,-0.009892973,-0.26787364,-1.0755742,241.61795,241.61795
9515,167.68932467958888,153.0146204674535,-0.2776461,-0.0035814347,-0.39323068,-1.069508,240.48102,240.48102
9516,170.22634276647085,156.24563936104357,-0.20341875,-0.0105412435,-0.310507,-1.0555164,250.94418,250.94418
9517,169.8728205082901,160.15372758114734,-0.24498005,0.051965583,-0.37411168,-1.0332942,234.55254,234.55254
9518,166.09549157174058,165.18714580495117,-0.17442298,-0.015836569,-0.2487938,-1.0406438,307.77402,307.77402
9519,161.9263738190974,170.8725014022532,-0.102426216,-0.011335526,-0.14759178,-1.0269215,295.95428,295.95428
9521,157.8451871717365,173.78368577797423,-0.3115823,0.012711848,-0.30983862,-0.9344654,72.84262,72.84262
9522,152.7734324602356,171.23427248661375,0.17390275,0.003826792,0.56214327,-0.9938144,114.150085,114.150085
9524,146.3321767442413,164.37482600543333,-0.07191845,-0.042536385,-0.08219854,-0.9976002,234.544,234.544
9525,137.73973653198294,156.68647454911533,-0.14485545,-0.017943334,-0.2489455,-0.99287003,227.9532,227.9532
9526,129.16687512093242,150.70018798239138,-0.1292806,-0.0151347285,-0.26969442,-0.99515736,233.73033,233.73033
9528,127.23961401540124,146.5825805429747,-0.095982924,0.024627259,-0.25605392,-0.94210243,251.62022,251.62022
9529,136.2380298296827,144.99535918749618,-0.14812443,0.00356016,-0.30051854,-0.9655279,247.78989,247.78989
9530,152.52433156625506,148.1321791295741,-0.0077851084,-0.0030951179,-0.05537911,-0.98867285,252.19673,252.19673
9531,166.52806281055544,155.26878475570243,-0.023442041,-0.004749015,-0.12422855,-0.9814842,245.62428,245.62428
9532,170.57946586012648,161.60729768502287,-0.08418018,-1.1783199e-05,-0.20133305,-0.9756063,240.86285,240.86285
9533,165.87532954172045,163.5700607713855,-0.08048281,0.005911958,-0.15419549,-0.9557254,243.59518,243.59518
9534,157.85227005534622,161.36163856810774,-0.085736476,-0.01036088,-0.14896853,-0.9635601,243.67513,243.67513
9535,146.05070239618698,154.70279285074773,-0.091971934,-0.0069537056,-0.18545185,-0.9873965,210.63023,210.63023
9537,131.7266948808404,144.5353372726769,-0.04005044,-0.015100271,-0.029538605,-1.0049999,231.25441,231.25441
9538,128.04711360923642,139.91085230914612,-0.08839372,-0.0146798575,-0.02653329,-1.0032527,231.66559,231.66559
9539,143.1314118227948,149.4281894786624,-0.10508261,-0.014751489,-0.026320718,-1.0013072,227.97122,227.97122
9540,165.47795082768351,167.79582691877758,-0.11339747,-0.014114765,-0.009504465,-0.99052286,225.12033,225.12033
9541,178.899101311491,181.7929180511591,-0.08762494,-0.013858717,-0.010705284,-0.9895234,225.34232,225.34232
9542,179.44332631039455,184.54013719954557,-0.09871813,-0.010678129,-0.038229644,-0.9895876,227.61871,227.61871
9543,173.4577317279094,179.17114531014025,-0.101628006,-0.0095907,-0.04516311,-0.9784761,227.22003,227.22003
9544,167.65365174220102,173.19177976117172,-0.108145855,-0.0047807405,-0.06200616,-0.9797855,228.88469,228.88469
9545,164.5171211221705,171.5289814711722,-0.11020616,-0.0018448182,-0.07328201,-0.97890115,228.4991,228.4991
9546,163.79770836783356,173.5779168662934,-0.12016477,-0.0015616971,-0.11387695,-0.9823819,229.12164,229.12164
9547,164.78634731542118,175.6748729103818,-0.12686437,-0.0016258733,-0.148587,-0.98357993,229.55663,229.55663
9548,166.65968783757907,175.65570381356758,-0.13130261,-0.0017457989,-0.16850659,-0.98277724,230.48146,230.48146
9549,167.93184247080384,174.53422016539756,-0.1299943,-0.0013755906,-0.16280182,-0.9800298,231.54561,231.54561
9550,167.55278900713805,174.01865914568745,-0.13295408,-0.0018058153,-0.1628275,-0.97891146,232.58937,232.58937
9551,166.7102487499863,174.0261043837873,-0.13623774,-0.0018579559,-0.1564296,-0.9783585,233.79845,233.79845
9552,167.5836906394717,173.6519132894919,-0.14003904,-0.0019262295,-0.16293696,-0.9776054,234.19373,234.19373
9553,170.32568981138908,173.0365450501944,-0.14636195,-0.0025158126,-0.16717036,-0.9765503,232.17406,232.17406
9554,172.9869687187996,172.97826848552998,-0.14902143,0.0009701909,-0.17708458,-0.97666323,226.38329,226.38329
9555,174.04003051527613,173.7140920155367,-0.14622004,-1.6433456e-05,-0.17948781,-0.97570974,226.55884,226.55884
9556,173.70681029337356,174.9085663881574,-0.12648652,-0.015245286,-0.19652462,-0.97637296,230.09763,230.09763
9557,173.1178711166242,176.2739717557462,-0.1615,-0.004356397,-0.26822582,-0.9732961,239.50194,239.50194
9558,172.91351589679124,177.47077468825236,-0.13117784,-0.016590051,-0.21824472,-0.9939377,251.09506,251.09506
9559,172.7844919951569,177.7987710149548,-0.011985292,-0.0030230207,0.1376977,-0.9980801,277.7656,277.7656
9560,172.2356397929404,177.0603578324338,-0.12466213,0.0024112868,-0.059579965,-0.9803728,277.0555,277.0555
9561,171.24016856007032,175.8504041993051,-0.15274134,-0.0024794762,-0.3594604,-0.9590618,260.93118,260.93118
9562,170.04665068138252,173.94340883547673,-0.1626062,-0.0010716951,-0.37761387,-0.9589394,234.95538,234.95538
9563,169.0670441466166,170.7051244358051,-0.1762854,-0.004505258,-0.35975608,-0.9610934,232.17093,232.17093
9564,168.7756314756796,167.99036465431726,-0.16721383,-0.009370202,-0.30901477,-0.971528,232.46924,232.46924
9565,169.23995007643768,168.99641087194786,-0.15318246,-0.008893125,-0.2711372,-0.9726801,233.67427,233.67427
9566,170.01070906446907,173.40638386444323,-0.16293846,-0.0028424214,-0.31135893,-0.97304165,237.75917,237.75917
9567,170.49060898180466,177.1793497171542,-0.1590085,-0.0034861425,-0.33047813,-0.9713345,238.72069,238.72069
9568,170.25253582226753,177.5716851203679,-0.16619225,-0.0024914257,-0.35233855,-0.9625028,237.34969,237.34969
9569,169.21530903630614,175.70479710031515,-0.16843243,0.017963445,-0.43756482,-0.92575145,234.85025,234.85025
9570,167.72194925355458,173.778988282415,-0.18452789,0.022804707,-0.44333997,-0.92078555,235.29416,235.29416
9571,166.05633725838,171.7450206991673,0.015735442,0.0016415742,0.015282381,-1.0033412,257.84933,257.84933
9572,164.06152379666054,168.66274890007264,-0.075819425,-0.005318956,-0.27809948,-0.9950718,249.9031,249.9031
9573,162.42138585110683,166.45791101090467,0.15061626,-0.0009156011,0.3232094,-1.0239555,249.11327,249.11327
9574,163.49814503382285,168.37431113093868,0.111192286,-0.034339797,0.20268291,-1.0268744,260.95438,260.95438
9575,168.721872392101,173.65455520808771,-0.13657694,-0.012225055,-0.20225616,-0.98725253,258.36353,258.36353
9576,175.7875421162221,178.0471589535362,0.05562927,-0.021852203,0.07237256,-1.0069582,269.3767,269.3767
9577,180.24687064009007,179.00760288432332,-0.00044047757,-0.010368869,-0.021091102,-1.0042708,273.2519,273.2519
9578,179.72386821370114,177.38933082679054,-0.03880228,-0.013224426,-0.09227959,-1.006813,270.2094,270.2094
9579,175.99520843347204,175.54180977237002,0.09233981,-0.023047907,0.18181798,-1.0313349,272.66522,272.66522
9580,172.76334735489212,175.3222532549368,0.19583581,0.007370679,0.36323622,-0.997035,259.22232,259.22232
9581,171.79700107975347,176.79503824917165,0.21351257,0.0092858635,0.35732374,-0.9842183,257.69098,257.69098
9582,172.35429437254643,178.41978323532,0.204986,0.0073254756,0.35439056,-0.99356467,256.9559,256.9559
9583,173.41933803597638,178.91432586388714,0.1987446,-0.0012693581,0.33331266,-1.0031177,257.53513,257.53513
9584,174.4715601163439,178.55614188791844,0.20624761,-0.00019875157,0.2890959,-1.0073627,257.0366,257.0366
9585,174.87892276521166,178.3104548590459,0.2098045,-0.008678602,0.25692153,-1.0003793,260.93918,260.93918
9586,174.4040475031351,178.3343529658933,0.1721319,-0.011955637,0.2513916,-1.00226,263.60883,263.60883
9587,173.77101086686392,177.88625305318646,-0.062248982,0.01851859,-0.24127242,-0.9740459,271.7359,271.7359
9588,173.2501521949611,176.59798531997683,-0.059838563,0.007670831,-0.25296107,-0.9742441,270.96832,270.96832
9589,171.92909376119894,175.22662644452663,-0.102497466,0.005504267,-0.2808829,-0.98629206,264.39893,264.39893
9591,169.90251598986174,174.48846368803086,-0.19833855,0.0059480644,-0.6122282,-0.903135,214.70844,214.70844
9592,169.1033421681579,174.2834186089624,-0.1994086,0.00894466,-0.62414837,-0.8974974,216.56873,216.56873
9593,170.64648823515094,174.6653438482704,-0.19545107,0.010472387,-0.62464243,-0.9032908,219.94458,219.94458
9594,173.25254545424698,175.71428853985662,-0.20321031,0.004749709,-0.62373215,-0.9091582,219.08467,219.08467
9595,175.06726199006886,176.54601151365614,-0.19604167,0.0066352463,-0.63277745,-0.9001323,221.17178,221.17178
9596,175.62142755963305,176.23211974411717,-0.20302083,0.009262192,-0.6617339,-0.8872304,216.73555,216.73555
9597,175.59265741950531,175.34053947046195,-0.20101617,0.0073681013,-0.66556025,-0.8926305,219.67549,219.67549
9598,175.5380447056034,175.37355683649432,-0.1960647,0.014078695,-0.67181647,-0.8845035,224.94493,224.94493
9599,175.2273389827886,176.83795488040965,-0.19622087,0.011382186,-0.69147575,-0.8779121,225.20758,225.20758
9600,174.2254326011767,178.606207265973,-0.19705771,0.01422887,-0.7248802,-0.866584,226.91182,226.91182
9601,172.85889632507605,179.17650811724317,-0.19717851,0.014323523,-0.72136915,-0.860567,224.77315,224.77315
9602,172.1166550020014,178.1226643777471,-0.19993044,0.021505129,-0.72443044,-0.87004703,225.89827,225.89827
9603,172.5229494443421,176.1634966684024,-0.21342741,0.020211805,-0.73816174,-0.8728622,225.30862,225.30862
9604,173.49672896621774,174.3066326571733,-0.2147147,0.020564979,-0.7471535,-0.8763151,223.2972,223.2972
9605,174.06041499078103,173.36083111170973,-0.20483066,0.024095604,-0.72514564,-0.8835402,228.5943,228.5943
9606,173.72335656207466,173.6835899205317,-0.21062092,0.022764761,-0.7347468,-0.8876313,223.2465,223.2465
9607,172.6317082079873,174.92899297101272,-0.20644869,0.026042407,-0.710053,-0.8558887,213.52596,213.52596
9608,171.3207009564333,176.30726865027492,-0.20962936,0.0085251415,-0.66724235,-0.87802744,216.55128,216.55128
9609,170.35381005941483,177.19348305603296,-0.21334937,0.0039032125,-0.6909183,-0.8932792,212.39954,212.39954
9610,170.25550102299957,177.40446520537026,-0.21944202,0.0013633658,-0.67318547,-0.9239209,215.11023,215.11023
9611,171.5690225036743,177.10940882628077,-0.19977514,-0.015559161,-0.5967918,-0.9556995,213.92093,213.92093
9612,174.34301280165437,176.71002062317262,-0.20266573,-0.02111974,-0.5888954,-0.97599494,207.49318,207.49318
9613,177.53993553549884,176.47370368523065,-0.20190388,-0.013797449,-0.5652232,-0.9801413,210.05727,210.05727
9614,179.49132494183934,176.20447957803023,-0.20029832,-0.005170142,-0.5482795,-0.9889369,216.21436,216.21436
9615,179.24251180723445,175.41348305002063,-0.19845924,-0.010143856,-0.5487739,-0.9939124,218.36745,218.36745
9616,177.45181068449847,173.88818640184155,-0.20274206,-0.027110996,-0.55681854,-1.0158517,215.95882,215.95882
9617,175.87884503166183,172.38760212546705,-0.20670317,-0.010384012,-0.61374295,-1.01155,211.38924,211.38924
9618,175.8552586228317,172.14078357672068,-0.20959759,-0.020660779,-0.6286312,-1.0145344,209.24875,209.24875
9619,176.96826624873498,173.11095631188735,-0.20886378,-0.03624075,-0.72857666,-0.99721307,205.83781,205.83781
9620,176.76106934887153,173.3028742755743,-0.23038708,-0.055103708,-0.71024644,-1.0192829,205.71008,205.71008
9621,172.68204066262126,170.63351467422655,-0.23649982,-0.076539546,-0.69267404,-1.058494,192.32567,192.32567
9622,165.8345750049973,166.08127946283582,-0.24237154,-0.058337573,-0.8428518,-1.0363328,187.01765,187.01765
9623,160.98478584040942,163.70783351067416,-0.21079277,-0.07995723,-0.8268475,-1.0444858,189.15294,189.15294
9624,161.5226049720054,166.14841606852463,-0.27367115,-0.0693384,-0.8441887,-1.0494492,192.06535,192.06535
9625,166.68725044460535,171.57094206247598,-0.2638231,-0.060558405,-0.81442064,-1.0302361,209.46414,209.46414
9626,173.11679689114854,176.23076276258982,-0.24984379,-0.055219516,-0.7807048,-1.0614202,215.9704,215.9704
9627,176.93306794548533,178.28824512681607,-0.24204278,-0.043505106,-0.7382273,-1.0759466,214.24193,214.24193
9628,176.21062307350053,178.3442995213223,-0.22450963,-0.029925229,-0.71587133,-1.0585223,229.71887,229.71887
9629,172.51469672824052,177.74042999268346,-0.22791426,-0.029598355,-0.69162154,-1.070738,227.17476,227.17476
9630,168.92226489595404,177.29676715944314,-0.20683615,-0.023280064,-0.62959355,-1.0639962,246.0119,246.0119
9631,167.29030344137882,177.20712998441215,-0.21369626,-0.027634688,-0.63385266,-1.0506287,237.61685,237.61685
9632,167.98302930409005,177.17750348713395,-0.23619027,-0.0013281843,-0.7111624,-1.0529325,216.62636,216.62636
9633,170.81706250238295,176.73041899053544,-0.23020011,0.0037241403,-0.6286436,-1.0359485,234.37993,234.37993
9634,174.9327234978881,175.9905878817726,-0.21958348,-0.00968782,-0.58767897,-1.039318,240.11302,240.11302
9635,178.28652579929323,175.72994927740726,-0.20860031,-0.0045347526,-0.5284111,-1.0335814,252.13539,252.13539
9636,178.88851473051966,176.3645666285706,-0.19931217,0.015869645,-0.54027313,-1.0053842,247.71136,247.71136
9637,176.75394606922106,177.44274809148362,-0.19350454,-0.0018019774,-0.44125426,-0.9998926,261.418,261.418
9638,174.1399342065204,178.14038476450867,-0.22039591,-0.001288195,-0.5255487,-0.9594795,260.54465,260.54465
9639,173.53322502405055,178.07974723098715,-0.21823494,0.00042573168,-0.6068666,-0.93864244,247.5919,247.5919
9640,175.16696293607507,177.67913330212463,-0.21895559,0.00942618,-0.6411165,-0.9254158,242.36179,242.36179
9641,177.2946857878556,177.51696621907587,-0.22584903,0.0030883749,-0.6115452,-0.9393475,236.36395,236.36395
9642,178.6709030179247,177.57423399324145,-0.22684288,-0.0022463775,-0.5821209,-0.95192605,242.65956,242.65956
9643,179.31954928248987,177.39314569360312,-0.21189189,-0.0026765116,-0.5900636,-0.96801585,249.33888,249.33888
9644,179.41587889967101,176.63408012279803,-0.20117578,0.0068001305,-0.55072474,-0.9804949,264.60925,264.60925
9645,178.7581966640253,175.39952142282178,-0.20273286,0.0072851945,-0.5320968,-0.9891479,275.06558,275.06558
9646,177.33766022460102,174.24901528962113,-0.21008144,-0.0023813492,-0.54894143,-0.99346054,274.75888,274.75888
9647,175.8898034124246,173.79846310358033,-0.22159198,-0.0006418029,-0.58168304,-0.9890264,273.98175,273.98175
9648,175.45161356662567,174.1129327956329,-0.20978571,0.0075151897,-0.55275816,-0.99388796,273.7782,273.7782
9649,176.19265813828895,174.4622225869719,-0.19550894,-0.010431074,-0.5200584,-0.99714565,284.70584,284.70584
9650,176.9594803383941,174.06117310849567,-0.18719058,0.0021047776,-0.5195274,-0.9943198,286.0691,286.0691
9651,176.5685585703619,173.22172660803116,-0.19745018,0.0008768562,-0.53838056,-0.98683757,285.94473,285.94473
9652,175.39666739390137,173.14629715645958,-0.18474704,-0.0011308191,-0.46993315,-0.98220766,300.04306,300.04306
9653,174.78836587151443,174.30804332854245,-0.18284011,-0.005388415,-0.46768844,-0.98043823,300.83664,300.83664
9654,175.15752033437045,175.7419191989348,-0.20521818,-0.00067494623,-0.5297071,-0.9668659,291.72607,291.72607
9655,175.71430187678416,176.44315521778861,-0.21814096,0.0012328455,-0.53210926,-0.97553617,285.4605,285.4605
9656,175.84501935998026,176.6923734547218,-0.22575058,-0.0017469323,-0.53104,-0.968759,282.7571,282.7571
9657,175.93302485877902,177.31625531266315,-0.21726681,-0.0013382143,-0.5032503,-0.932384,285.2412,285.2412
9658,176.6285648113849,178.43760225574877,-0.21350963,-0.012679339,-0.51271385,-0.9494611,290.69748,290.69748
9659,177.70564700187478,179.52138195528417,-0.21575415,-0.010278398,-0.510832,-0.953245,291.90396,291.90396
9660,178.2341652944418,180.06593719145127,-0.2161121,-0.006364999,-0.51740295,-0.9524472,290.36053,290.36053
9661,177.72749248582497,179.89340864086813,-0.2152452,-0.011761903,-0.5076601,-0.92536074,289.7611,289.7611
9662,176.58514390164723,178.98055041441253,-0.2200219,-0.009182009,-0.55148077,-0.92711204,290.44516,290.44516
9663,175.5462176069741,177.56211271442132,-0.21841407,0.008034869,-0.5328971,-0.93345666,300.7825,300.7825
9664,174.86648395426406,176.5580500042305,-0.21265686,0.012425822,-0.5232295,-0.93955445,305.41592,305.41592
9665,174.1276565459949,176.94619557705838,-0.21772206,0.009018913,-0.5280058,-0.94117594,303.45978,303.45978
9666,173.04259173084347,178.45001508764818,-0.22702548,-0.0033258332,-0.53101563,-0.9449584,298.21738,298.21738
9667,172.0026543193851,179.75390051574055,-0.2301932,-0.00015216826,-0.5532615,-0.9570351,290.79974,290.79974
9668,171.64414007411477,179.95934351197033,-0.24278821,0.0072674844,-0.58456445,-0.9581224,276.1306,276.1306
9669,172.38113688595487,179.19546129547308,-0.24823678,0.0014166122,-0.6060736,-0.9609416,268.29214,268.29214
9670,174.0552976647399,178.20576044772244,-0.28335202,0.0026423535,-0.61412233,-0.979343,241.01273,241.01273
9671,175.59812968396372,177.72753726241888,-0.32765025,0.010259149,-0.68418443,-0.9837475,213.9323,213.9323
9672,175.72079932954625,177.76897427487972,-0.31355053,0.008302329,-0.65227944,-0.9856858,228.96466,228.96466
9673,174.0561750083288,177.56903278288144,-0.37389463,0.027593968,-0.76068145,-0.98434424,201.79404,201.79404
9674,171.19114795989844,176.63525558391336,-0.36664394,0.022880213,-0.72005063,-0.9912647,214.72278,214.72278
9675,168.134971517593,175.04723859038316,-0.34519622,0.02242549,-0.6488977,-0.9934552,226.70018,226.70018
9676,165.8808197082184,172.75849652243923,-0.31984597,0.017540265,-0.55682904,-1.0310053,238.02655,238.02655
9677,164.84884668300285,169.99937450279128,-0.30955717,0.0056997826,-0.48524386,-1.0426944,246.91269,246.91269
9678,164.76149368215212,167.92435546501343,-0.30501643,0.00623203,-0.47585398,-1.0479362,249.45746,249.45746
9679,165.18906775895692,167.4251913219485,-0.3239963,-0.0010322115,-0.50276476,-1.0500286,239.30104,239.30104
9680,165.96223654121272,167.91058803665877,-0.3228428,-0.0026877585,-0.48059443,-1.0475266,240.18857,240.18857
9681,166.95539944583004,168.02094370667757,-0.32670373,0.0034822857,-0.5018745,-1.0496622,233.74442,233.74442
9682,167.8752236354665,167.13247971811657,-0.3533937,0.004220756,-0.5382386,-1.0528523,227.30801,227.30801
9683,168.53918309604754,165.89383400632448,-0.3389647,-0.00020933918,-0.5140909,-1.0529416,238.2054,238.2054
9684,169.10223048207018,165.2633284206304,-0.31320873,-0.005920769,-0.4701566,-1.063197,239.5834,239.5834
9685,169.9403173706268,165.36303687737842,-0.28076953,-0.03787209,-0.39425558,-1.0844692,267.15387,267.15387
9686,171.1862266886276,165.66869053531212,-0.2984125,-0.04700129,-0.42094803,-1.079618,255.01216,255.01216
9687,172.3206459027312,166.04570705322072,-0.30556285,-0.042800065,-0.42697603,-1.0726557,255.84529,255.84529
9688,172.65217495148127,167.10034205895388,-0.32492948,-0.043582797,-0.42892987,-1.0751984,249.37521,249.37521
9689,172.0806429127244,169.40377931224927,-0.40076077,-0.041682635,-0.54492927,-1.086729,214.38855,214.38855
9690,171.11678487547942,172.66843681663318,-0.41731927,-0.033342425,-0.5789655,-1.0807382,214.66374,214.66374
9691,170.5926589780954,175.84768382141502,-0.42773446,-0.04290347,-0.58976257,-1.1048104,203.43974,203.43974
9692,171.2228882299408,177.97316453108155,-0.34837672,-0.03758386,-0.46170297,-1.1027929,244.9194,244.9194
9693,172.69063417875228,178.64530363006247,-0.3839951,-0.045082778,-0.57124966,-1.0681826,215.34146,215.34146
9694,173.61264035794878,177.572918279393,-0.29176152,-0.0607797,-0.3171578,-1.0731106,282.7926,282.7926
9695,172.37837080081994,174.80038903961463,-0.25699332,-0.072920114,-0.25769484,-1.1015823,291.03647,291.03647
9696,163.9645568513512,168.37612115933356,0.03199999,-0.027917303,0.261941,-1.0394634,287.8724,287.8724
9722,140.58489166942408,152.15795274315715,-0.070337944,-0.23436889,0.6535092,-0.91225845,104.95508,104.95508
9723,109.97904459320854,129.42707162971868,-0.1479092,-0.1648075,0.500036,-0.85747766,119.27071,119.27071
9724,100.17552539104145,120.79287483911675,-0.12014799,-0.11164032,0.6129905,-0.8703419,154.54878,154.54878
9725,125.02426818304146,138.57696411408602,-0.093730114,-0.08720178,0.6220231,-0.8395825,156.89005,156.89005
9726,163.6226250354332,168.47026095423388,-0.09244289,-0.082524,0.56895876,-0.85858065,152.78647,152.78647
9727,187.27190641532988,188.1972861659089,-0.13608791,-0.08890139,0.3994134,-0.9247941,140.30005,140.30005
9728,187.7269706646229,189.7582465949186,-0.19209272,-0.10345004,0.27780515,-0.97178453,141.29619,141.29619
9729,174.8017003878441,181.01779370151726,-0.20458774,-0.10779988,0.1704133,-1.0202901,142.56113,142.56113
9730,161.98301080640564,173.8270066771152,-0.23587722,-0.12317671,0.021719428,-1.0976486,127.3173,127.3173
9731,157.95846393365952,172.77186610636355,-0.26908454,-0.09784369,-0.19544439,-0.95410925,116.29147,116.29147
9732,163.29217573015347,174.07595293258666,-0.2220431,-0.065025754,-0.1920016,-0.9872119,125.367714,125.367714
9733,171.9257194649555,172.99768809184238,-0.1919887,-0.043669067,-0.1599065,-1.0296513,133.80011,133.80011
9734,177.42966216795793,169.83357569608708,-0.22011138,-0.01951052,-0.2976668,-1.0365176,126.16515,126.16515
9735,177.3269991689749,168.25513940528376,-0.26619163,-0.020727769,-0.4957774,-1.0763197,126.33253,126.33253
9736,172.95296657581628,169.79426606802704,-0.30289546,-0.021662438,-0.64005625,-0.9810216,127.16339,127.16339
9737,167.61105174236013,171.14978733800737,-0.33036923,0.04431755,-0.70904315,-0.7575341,136.17982,136.17982
9738,164.30748736303406,167.212301370267,-0.53586996,0.02775439,-0.9994238,-0.9030405,93.252464,93.252464
9739,164.75511489690157,158.53354698875847,-0.5879763,0.010183092,-1.114453,-0.9786999,86.73591,86.73591
9740,168.81965092085377,152.46101202629293,-0.6199857,-0.004313451,-1.1926806,-1.0099916,85.46576,85.46576
9741,173.64307293126691,153.86099844243816,-0.5319658,0.009907594,-0.9848141,-0.9373248,92.8471,92.8471
9742,176.21404147328752,160.99296691430033,-0.52671075,0.018370394,-0.9928296,-0.9715761,88.78481,88.78481
9743,176.75207009276187,170.02532261645152,-0.5527903,-0.009115782,-1.1528804,-1.0256016,87.61459,87.61459
9744,177.07666952211625,177.33791725821143,-0.5957389,0.02748819,-1.223231,-0.9683536,80.27018,80.27018
9745,177.51536717778947,180.28642581837207,-0.58716345,0.015246498,-1.1582316,-0.9943655,82.52047,82.52047
9746,177.36317761686144,178.97977643405446,-0.52801657,0.007386092,-1.070815,-0.985675,88.82463,88.82463
9747,176.85576055746432,176.1790374816585,-0.52118516,0.002974693,-0.96077746,-0.9938265,91.41856,91.41856
9748,176.8779668128141,174.89640227433893,-0.47719982,-0.016242515,-0.97113305,-1.0140138,94.00364,94.00364
9749,177.26712052539693,175.84434132413136,-0.5153637,0.0021834618,-1.1136391,-1.0133698,87.815575,87.815575
9750,177.19011154972563,177.42149054727798,-0.5593194,0.004254086,-1.0748557,-1.1544032,79.45601,79.45601
9751,176.82990644373717,177.91981077817528,-0.54307663,-0.012523494,-1.0951016,-1.1508225,81.031784,81.031784
9752,177.02385418894474,176.95604168665733,-0.37009686,0.004134478,-0.68449146,-1.1412303,114.18041,114.18041
9753,177.73452180125926,175.46578448975785,-0.36474138,-0.06391035,-0.5941795,-1.1291277,111.52202,111.52202
9754,178.07685067791033,174.89151948439402,-0.36532155,-0.05816016,-0.56151533,-1.1198057,120.39456,120.39456
9755,177.2432992288639,175.78265975015614,-0.48215866,-0.16469233,-0.7425318,-1.1238027,96.49989,96.49989
9756,174.9181367528574,177.18021325249123,-0.57069457,-0.18995018,-0.87178224,-1.1389598,81.13892,81.13892
9757,171.84751433081271,177.57125200569845,-0.5917081,-0.17745848,-0.87389576,-1.1441684,77.94414,77.94414
9758,169.79283040097818,176.32273723299448,-0.5977876,-0.15343241,-0.9021345,-1.1313856,77.95355,77.95355
9759,169.59803179814335,174.31021937035783,-0.6264073,-0.18672211,-0.9870595,-1.1147189,74.432495,74.432495
9760,170.2716919146214,173.13759087712205,-0.60082895,-0.13754748,-0.8987817,-1.1173072,75.29982,75.29982
9761,170.68049668969826,173.66185714257443,-0.5611677,-0.15101057,-0.7768174,-1.08089,81.78442,81.78442
9762,170.7753026067366,175.43643912540142,-0.36908537,-0.06418902,-0.34988207,-0.9925802,124.38849,124.38849
9763,171.16470108762107,177.3234996600284,-0.33354765,-0.052684873,-0.28260478,-0.9813533,126.30954,126.30954
9764,172.39469634198858,178.30698570142872,-0.34323412,-0.055526864,-0.3918343,-0.98481405,121.68314,121.68314
9765,174.45697843838042,178.03512543182367,-0.38889292,-0.060964298,-0.40609974,-0.9831753,118.45352,118.45352
9766,176.69372961399702,176.9024689205869,-0.3909412,-0.07318087,-0.46213782,-1.0418284,116.9942,116.9942
9767,178.06463392667078,175.63465542464274,-0.45422217,-0.069867596,-0.42113474,-1.0325402,100.41795,100.41795
9768,177.73124374769606,174.80435186565634,-0.5116742,-0.084504016,-0.66343856,-1.0505763,89.20063,89.20063
9769,175.94135803617354,174.54778258660866,-0.47192985,-0.07213091,-0.4417785,-1.0432185,96.08918,96.08918
9770,174.13823109674968,174.4595302721133,-0.4652978,-0.085301995,-0.50457114,-1.0859696,99.87815,99.87815
9771,173.6959853638815,174.0501016950051,-0.3989639,-0.072052196,-0.39292988,-1.0404114,115.768005,115.768005
9772,174.64987176494546,173.43403062574632,-0.4094988,-0.12337862,-0.38844746,-1.0344232,115.753395,115.753395
9773,175.89288440952998,173.05127211697936,-0.38037324,-0.10114748,-0.30032918,-1.017014,125.78443,125.78443
9774,176.56016933410496,172.96841610465873,-0.35958514,-0.10139797,-0.28848022,-1.0501808,126.454254,126.454254
9775,176.87072671588973,173.1834645596821,-0.37306115,-0.09847163,-0.3266166,-1.0390574,122.69835,122.69835
9776,177.3627721438199,174.1726625660265,-0.37870985,-0.11032008,-0.33201358,-1.0486019,120.580864,120.580864
9777,177.80765761913227,176.0571177938588,-0.37935314,-0.10575206,-0.28154355,-1.0146986,125.39061,125.39061
9778,177.58724842274762,177.60808505748483,-0.40992987,-0.12411775,-0.30394444,-1.0010631,115.184555,115.184555
9779,176.78330491934946,177.3421313123036,-0.42211974,-0.14268482,-0.29395357,-0.9788079,111.2776,111.2776
9780,176.12335724535313,175.33412894694143,-0.3962413,-0.14614415,-0.23491721,-0.9587715,115.15495,115.15495
9781,175.99473732198928,172.85456454640035,-0.3305568,-0.11018016,-0.08911061,-0.9156299,138.32713,138.32713
9782,175.97216108969974,170.46633115203593,-0.3601592,-0.100905344,-0.13920769,-0.88704294,126.711105,126.711105
9783,175.59962759963514,167.91975716149872,-0.3619784,-0.11161188,-0.098707,-0.9685868,128.02129,128.02129
9784,175.36936318158897,165.85513924919255,-0.3696907,-0.12776199,-0.12708384,-0.94411147,125.95781,125.95781
9785,176.0352541343358,165.5494251894456,-0.38769406,-0.12911728,-0.08976103,-0.9578889,124.84864,124.84864
9786,177.1970260878093,166.57741976091484,-0.2981407,-0.11319249,0.10998453,-0.8911119,146.89122,146.89122
9787,177.70555615139673,166.582783361009,-0.29087195,-0.11825152,0.109723,-0.9075485,150.61064,150.61064
9788,177.25148511177218,164.1652849687932,-0.28367707,-0.12282156,0.13538608,-0.9222238,150.79398,150.79398
9789,176.61149579657456,160.8587200124648,-0.26105458,-0.13184059,0.17180778,-0.9505603,159.59438,159.59438
9790,176.61315476814548,159.44707583879364,-0.27410108,-0.13040099,0.13472839,-0.96712613,155.41614,155.41614
9791,177.41375905694738,160.81420487930737,-0.29203773,-0.13353221,0.118790455,-0.979573,151.58025,151.58025
9792,178.50760255208985,163.34051554939342,-0.38114607,-0.18682803,-0.067421734,-1.0400395,126.57635,126.57635
9793,179.26199210908797,165.58983511450595,-0.41010416,-0.21186978,-0.22614203,-1.0950179,112.612816,112.612816
9794,179.20780285597536,167.84138682411816,-0.34675944,-0.17582962,-0.17904034,-1.0403275,132.1277,132.1277
9795,177.84128561361393,170.18013477190607,-0.32975528,-0.17714255,-0.21707478,-1.0722903,126.21406,126.21406
9796,175.14662986249783,171.47055878710043,-0.32273203,-0.14791799,-0.21048273,-1.0608342,129.73572,129.73572
9797,172.16488520996998,170.9494181258794,-0.4096813,-0.16526969,-0.35509607,-1.0654573,101.405075,101.405075
9798,170.49299448564548,169.2918687335429,-0.50354576,-0.18131112,-0.52971685,-1.1007724,85.16121,85.16121
9799,171.47108956898296,167.90592212165097,-0.5000875,-0.18669975,-0.5191021,-1.0895103,86.68344,86.68344
9800,174.93245008775858,167.67785982397714,-0.55713505,-0.19475906,-0.5860802,-1.1127925,78.28135,78.28135
9801,178.60134738727183,168.78249223150323,-0.49691042,-0.19623542,-0.4186326,-1.0768346,84.75062,84.75062
9802,179.89398194517472,171.24249064235426,-0.43461022,-0.19229648,-0.30222097,-1.0502949,90.08119,90.08119
9803,178.14691227197753,174.49831912418242,-0.29528642,-0.12395233,-0.046548355,-1.0033123,129.99309,129.99309
9804,174.90962571302742,176.92572567761303,-0.35491645,-0.12860659,-0.20035872,-1.0144601,119.02267,119.02267
9805,172.67202005445566,176.97117613355596,-0.32701248,-0.1292634,-0.14264902,-1.0396252,119.28315,119.28315
9806,173.06606413241704,174.70147616422395,-0.3202079,-0.112843744,-0.16031794,-1.0604156,115.37285,115.37285
9807,175.62687237605223,172.12270885615968,-0.37083834,-0.15493293,-0.2770199,-1.12072,103.35815,103.35815
9808,178.3534250737629,171.57045953222845,-0.4077759,-0.17731433,-0.31691208,-1.1151124,98.411156,98.411156
9809,179.57310123055967,173.28209766489877,-0.39478254,-0.17718954,-0.2973031,-1.13009,98.85334,98.85334
9810,178.79434120161153,175.30363181419128,-0.38276568,-0.17516115,-0.26619887,-1.1848677,99.6214,99.6214
9811,175.91453245245017,175.5683144404156,-0.3299,-0.1933325,-0.1933403,-1.1796494,117.25873,117.25873
9812,170.89440184056596,173.40532746314662,-0.28179598,-0.15317291,-0.10916697,-1.1748495,131.53589,131.53589
9813,164.1493952412887,170.09911882354405,-0.27061668,-0.13097316,-0.13198353,-1.1758555,137.3689,137.3689
9814,156.5975473816847,168.30657189944728,-0.24071684,-0.09792029,-0.117950134,-1.1422001,147.65265,147.65265
9815,150.58059700961536,169.89442709329822,-0.22892995,-0.09505145,-0.12064613,-1.1416942,151.8041,151.8041
9816,150.03790130620058,174.12029594854644,-0.19546212,-0.08159169,-0.06752896,-1.1157371,165.98691,165.98691
9817,156.87566960895643,178.34633175253012,-0.19254021,-0.07875925,-0.046244934,-1.0940359,165.72101,165.72101
9818,167.55202789698748,180.43074774854335,-0.19608809,-0.08305989,-0.046981793,-1.073643,166.69835,166.69835
9819,175.78297824185339,180.15420735086502,-0.20223252,-0.060100257,-0.08912964,-1.0725049,162.65698,162.65698
9820,178.37226038430165,178.69021618295017,-0.18622667,-0.06811043,-0.06591229,-1.1010121,168.41914,168.41914
9821,176.4886182308885,177.336334654417,-0.18776171,-0.08677722,-0.10216875,-1.083446,161.80638,161.80638
9822,172.50060691562908,176.79141724979434,-0.19718193,-0.109907605,-0.13191262,-1.0910386,156.85089,156.85089
9823,167.99141081048666,177.02788516068298,-0.20172776,-0.111802846,-0.13618189,-1.0806879,154.06972,154.06972
9824,163.99174798032874,177.5391959738238,-0.21337189,-0.10879982,-0.15490505,-1.0606703,156.55263,156.55263
9825,161.31272044610714,177.8500360976983,-0.20461266,-0.10425824,-0.1475068,-1.0309271,161.00621,161.00621
9826,160.40828998653,177.9103266015758,-0.21196283,-0.09657664,-0.14638667,-1.0350969,158.10129,158.10129
9827,161.19364202713544,178.06138430633897,-0.20513837,-0.0865616,-0.14121713,-0.9946295,162.82568,162.82568
9828,163.15565957450872,178.3762881641929,-0.23078023,-0.096674085,-0.15481438,-1.0364562,152.12782,152.12782
9829,165.64465702587165,177.94031901475836,-0.24950835,-0.10053892,-0.15061566,-1.0726303,145.13307,145.13307
9830,167.84928500255253,175.61893101899508,-0.24395971,-0.085508496,-0.16121972,-1.0537525,156.37437,156.37437
9831,169.1717252563006,171.94700922787246,-0.28970352,-0.07970464,-0.21291561,-1.0589911,137.72351,137.72351
9832,170.38999131881076,168.9007719349283,-0.28570756,-0.097138755,-0.19995865,-1.1150311,136.10907,136.10907
9833,172.8922932189983,167.44838145214672,-0.27583817,-0.07790385,-0.23359185,-1.0457114,136.90982,136.90982
9834,176.27699379235685,166.87379513886194,-0.2819213,-0.08383155,-0.25106797,-1.0603627,139.11543,139.11543
9836,178.46852534377138,166.2969673992503,-0.2833205,-0.038030107,-0.3153464,-1.049511,141.82248,141.82248
9837,177.79113549743568,165.48213685073156,-0.2402427,-0.03609496,-0.24219015,-0.97378737,158.80573,158.80573
9838,174.37420954867338,164.6476867185705,-0.2838548,-0.05899698,-0.28628415,-0.9816424,152.05205,152.05205
9839,170.1995370135761,164.3126913738036,-0.2657037,-0.01500904,-0.24534853,-0.9481289,143.97044,143.97044
9840,167.2610740073705,164.8717569309817,-0.30354354,-0.028332658,-0.2847287,-0.9035785,134.5965,134.5965
9841,165.88582488684165,166.12908231074846,-0.3038479,-0.036901623,-0.30350167,-0.9181439,132.5612,132.5612
9842,165.5349509836089,167.35646147515726,-0.344533,-0.04074822,-0.40703177,-0.87231034,124.66844,124.66844
9843,166.28566059991343,167.23347641949766,-0.4013139,-0.05427126,-0.5349945,-0.90153426,109.89841,109.89841
9844,168.66680127150957,164.11458435393052,-0.43615097,-0.043645803,-0.5916516,-0.90234643,106.74278,106.74278
9845,172.3708566366327,158.14850253145661,-0.47991377,-0.021714944,-0.6231913,-0.8820836,100.08779,100.08779
9846,175.74131398282614,152.8978558026232,-0.49112016,-0.026350623,-0.59389615,-0.8760537,95.85767,95.85767
9847,176.9595056109894,152.51922077986626,-0.6909788,-0.1652981,-0.874414,-0.9719876,71.62002,71.62002
9848,175.6715684008826,157.23485850483416,-0.7168697,-0.1408884,-0.91720396,-0.96305233,72.688286,72.688286
9849,173.05605055458724,163.1541931466287,-0.7536148,-0.12299364,-1.1081821,-0.9762102,66.60744,66.60744
9850,170.6722567033131,166.5464118015448,-0.797168,-0.14724976,-1.2090656,-1.092327,62.10301,62.10301
9851,169.79573440149716,166.97599138875694,-0.69939125,-0.14850599,-1.0111923,-1.2228976,71.01391,71.01391
9852,171.03019699124275,165.88806871888386,-0.6045955,-0.112481296,-0.8200868,-1.1345892,84.07105,84.07105
9853,173.3532477822381,164.17604830416772,-0.6990164,-0.18905292,-0.94319195,-1.378866,74.886284,74.886284
9854,173.8461689057768,162.7251595518817,-0.5489563,-0.20618105,-0.71113265,-1.3785646,96.08755,96.08755
9855,169.70163896816064,162.82670632965863,-0.45223933,-0.15022655,-0.48750922,-1.3072021,114.22974,114.22974
9856,160.99729453996872,163.07505800657378,-0.36991662,-0.085395135,-0.37746057,-1.2180063,142.45946,142.45946
9857,151.54180272290222,158.67088693767204,-0.39793813,-0.084093,-0.43495092,-1.150261,134.64163,134.64163
9858,146.79179989787775,148.04482569805302,-0.4547227,-0.106108114,-0.44978458,-1.2477702,122.42596,122.42596
9859,149.02454338157278,137.194670663943,-0.4133798,-0.1064993,-0.35761797,-1.2482281,133.05695,133.05695
9860,154.5983917413047,133.18784705772126,-0.4050481,-0.106663845,-0.3701611,-1.1792755,133.84792,133.84792
9861,158.69581274568614,136.22947003230095,-0.4164085,-0.09570743,-0.41998354,-1.2045834,134.66933,134.66933
9862,160.93000668989367,141.08204389444924,-0.4241471,-0.09462546,-0.43384317,-1.1983724,132.48741,132.48741
9863,163.4347088680856,143.61367495845383,-0.40509102,-0.08873465,-0.3976233,-1.2008573,139.00127,139.00127
9864,166.9231753716184,143.64479810021737,-0.3747821,-0.099153765,-0.3555838,-1.1896578,147.73087,147.73087
9865,170.8559784431729,143.34426111617293,-0.42484564,-0.10032381,-0.42776212,-1.1790575,137.15962,137.15962
9866,174.5110055603336,144.66472670277636,-0.44030175,-0.096250296,-0.52682215,-1.2003866,133.06194,133.06194
9867,176.87589642208013,147.28283358501676,-0.4608075,-0.108373635,-0.43784964,-1.1902515,128.28949,128.28949
9868,177.17427476581813,149.08133058724613,-0.48661226,-0.110929504,-0.43092978,-1.1083093,128.25363,128.25363
9869,175.92030434514527,148.8205787001148,-0.5391046,-0.11590403,-0.47988388,-1.1506854,120.511536,120.511536
9870,174.78547554332403,146.02178691252297,-0.56076163,-0.13090281,-0.3953839,-1.1217699,123.72688,123.72688
9871,175.04799474449476,139.0730009597907,-0.48072612,-0.094716735,-0.2916316,-1.1027423,138.47829,138.47829
9872,176.10389611890687,127.2675359347632,-0.451898,-0.0823984,-0.24535388,-1.0748403,143.36356,143.36356
9873,175.61005750020402,113.60336089154315,-0.38387996,-0.073231444,-0.13354127,-1.0491047,163.3573,163.3573
9874,171.32516458462933,102.68875937217453,-0.34205437,-0.053381592,-0.08594434,-0.9974463,180.98134,180.98134
9875,163.543029268201,97.74147372982742,-0.38962382,-0.079169765,-0.1285856,-1.030957,164.70135,164.70135
9876,155.8110542020817,100.17712259513861,-0.3837435,-0.0017904792,-0.059103943,-0.96107256,161.58057,161.58057
9877,152.09736793589727,108.5931890151637,-0.44298112,-0.05314177,-0.17564094,-0.9875634,154.74435,154.74435
9878,153.3904241593326,117.79547034788182,-0.4200953,-0.055541374,-0.14383845,-0.9647465,152.37312,152.37312
9879,157.49588225335853,122.38162684245972,-0.41926667,-0.029012281,-0.08979097,-0.93697125,152.74734,152.74734
9880,161.3838658232285,122.31344383834666,-0.4835117,-0.007300304,-0.14157037,-0.9194696,141.03969,141.03969
9881,163.98112616353967,122.8101909171034,-0.50136507,0.019420046,-0.20391767,-0.893558,129.35997,129.35997
9882,166.7405271082903,128.19223879738342,-0.39342454,-0.03819357,-0.0482416,-0.8717559,152.33232,152.33232
9883,170.82042209774593,137.1818861478476,-0.43384913,-0.042277336,-0.113743745,-0.9050626,147.57637,147.57637
9884,174.9300858138615,145.18964471384928,-0.4283425,-0.098109506,-0.104124345,-0.98067355,144.51457,144.51457
9885,176.81894511130952,149.73334381220639,-0.39259028,-0.07765834,-0.06170698,-0.9213536,149.20963,149.20963
9886,175.3486602664483,151.4762224423547,-0.38205174,-0.0013804676,-0.09375536,-0.9323695,161.4452,161.4452
9887,170.8789723399902,151.7055538178486,-0.35529956,0.029348884,-0.07159068,-0.9169385,169.36392,169.36392
9888,165.15662434235503,151.04055646719007,-0.35625005,0.032608896,-0.075302705,-0.9205246,169.41713,169.41713
9889,160.4577885953977,149.65237977996657,-0.34264448,-0.04862626,-0.07939621,-1.0158796,180.87717,180.87717
9890,158.0532901818847,147.63358321135073,-0.33257118,-0.050938837,-0.027211035,-0.9804431,180.2723,180.2723
9891,158.33548862493393,145.20550915314848,-0.31982914,-0.030512933,-0.010420336,-0.9573467,187.49254,187.49254
9892,161.44934618166192,143.01538038545507,-0.2627773,0.024801021,0.09447756,-0.8590942,202.7908,202.7908
9893,165.7281241137047,141.59079605781372,-0.27727735,0.009785907,0.0767658,-0.8409,202.02415,202.02415
9894,167.12742230623513,139.39177857483588,-0.26537946,0.0029864542,0.08796081,-0.9074067,216.65616,216.65616
9895,163.38905737673824,134.15602409596525,-0.2883666,-0.030944787,0.01403337,-0.9061341,205.14719,205.14719
9896,157.84590337621245,128.19095439303507,-0.29005298,-0.0048827725,-0.008906992,-0.90254575,198.98288,198.98288
9897,155.69155463300518,127.59124502703237,-0.29570207,0.024874361,-0.023750609,-0.9162001,193.98146,193.98146
9898,157.39435589209867,134.79308903145767,-0.29252464,0.024607452,-0.01991498,-0.881228,186.98262,186.98262
9899,159.75533691784693,146.92377175223714,-0.30487284,0.027323578,-0.03629597,-0.8752876,187.13136,187.13136
9900,161.95065761617295,160.1822241847226,-0.31730354,0.08691176,-0.07293285,-0.8519075,196.12668,196.12668
9901,165.09157394150597,170.61858366255902,-0.27695853,0.0535546,-0.06669428,-0.8446029,220.82344,220.82344
9902,167.37518148777497,173.72499194783254,-0.2860287,0.029775525,-0.14717828,-0.88408786,215.59123,215.59123
9903,166.00677259997752,168.65045387661877,-0.27491528,0.024742687,-0.13822073,-0.8965052,215.4006,215.4006
9904,162.39454129119005,160.60352623824326,-0.28964403,-0.004320962,-0.14437728,-0.94676477,213.81563,213.81563
9905,160.28368405281645,155.83503182997188,-0.31834447,-0.044111192,-0.18631153,-0.9860192,203.02254,203.02254
9906,159.98848800457552,155.8655659850916,-0.29993504,-0.06693232,-0.1584683,-1.0373818,211.46037,211.46037
9907,154.8607358684005,157.57595172771485,-0.29384795,-0.0739488,-0.15312704,-1.0479714,214.70775,214.70775
9908,136.17593900700123,157.39371548697792,-0.29393813,-0.06483922,-0.14624262,-1.050665,209.58589,209.58589
9909,110.20006825347896,154.85664252786225,-0.2907492,-0.062483102,-0.15547897,-1.058694,206.50261,206.50261
9910,101.03831327960137,152.41359626449136,-0.2884445,-0.040507022,-0.16858344,-1.0020418,204.57547,204.57547
9911,121.48008234888326,151.60532558389028,-0.26537848,-0.005614217,-0.11804905,-1.0091442,206.02646,206.02646
9912,153.25309177098154,150.22672713399487,-0.2882956,0.014379334,-0.23019044,-0.9800784,200.08829,200.08829
9913,169.1658749133777,145.3974061051495,-0.28031075,0.012361245,-0.24082924,-0.9639963,202.24007,202.24007
9914,163.43718272523992,138.5697032387121,-0.2583994,-0.026743013,-0.21596032,-1.0241921,219.0194,219.0194
9915,150.56000177759483,133.70796593005338,-0.24230321,0.022221055,-0.24384682,-1.0304883,231.39247,231.39247
9916,144.24835311751065,130.9852850294426,-0.25361854,-0.00025656514,-0.31561983,-1.0140098,219.8135,219.8135
9917,146.6706386535482,126.95965517495395,-0.2802281,0.0015172034,-0.39670023,-1.0476456,205.85037,205.85037
9918,152.67340923469618,121.43446055493318,-0.33911142,-0.008367587,-0.48398367,-1.0601443,187.62234,187.62234
9919,157.72458967503727,119.61026522277115,-0.37537777,0.0003810931,-0.5995012,-1.063173,169.60745,169.60745
9920,160.91061130929492,126.35855793010025,-0.44152814,0.041107774,-0.739273,-1.0376027,148.35643,148.35643
9921,162.80336339223692,140.76453626549556,-0.41898602,0.027447361,-0.78643346,-1.0329871,149.83626,149.83626
9922,164.36564994397654,156.68531731970359,-0.3861664,0.05078265,-0.8936503,-0.91201645,155.70724,155.70724
9923,166.95035828821585,167.76274326123243,-0.42491195,0.06600003,-0.93801403,-0.87438226,157.32637,157.32637
9924,170.07643929717915,171.3908158288916,-0.4537553,0.05722563,-0.9716772,-0.8827917,153.57759,153.57759
9925,171.0467255671893,169.15156707404907,-0.48164248,0.018854616,-0.9726013,-0.9265584,150.43991,150.43991
9926,168.52967981714727,165.4035958019277,-0.4772022,0.01969852,-1.0031966,-0.92783165,150.46452,150.46452
9927,164.49075360037557,164.4469075312138,-0.5595366,-0.00815452,-1.1311696,-0.92657566,126.482315,126.482315
9928,162.3703830171061,167.51205461228255,-0.6460629,0.016188862,-1.2688457,-0.8979703,115.23411,115.23411
9929,164.45713321244256,172.57360370755896,-0.60512745,0.012270974,-1.2170318,-0.90791005,119.04392,119.04392
9930,170.00644357224624,176.7098287662781,-0.73230565,0.03745697,-1.4512129,-0.8364686,100.81066,100.81066
9931,175.56379676003465,178.45512982204556,-0.6940903,0.02799763,-1.3300741,-0.80224115,105.37413,105.37413
9932,177.98550422478857,178.40835756516364,-0.8296093,0.045041643,-1.5907301,-0.95554197,87.832405,87.832405
9933,176.99826185690168,177.90246061707094,-0.8544198,0.0043617464,-1.6415684,-0.9250417,87.79386,87.79386
9934,174.98232683183969,177.57075054082807,-0.7058132,0.010154623,-1.4346769,-0.9135121,108.72235,108.72235
9935,174.47649305367568,177.38884166930248,-0.65321875,0.0212677,-1.3400744,-0.8625813,122.76367,122.76367
9936,175.53081307167588,177.43542751661582,-0.60988367,0.0473066,-1.3288299,-0.8404293,124.13696,124.13696
9937,175.7324169638656,177.78769320580244,-0.5274211,0.07306502,-1.1851648,-0.8825982,138.22185,138.22185
9938,172.82868423631976,177.7856835464125,-0.5058397,0.08523285,-1.1161124,-0.8689945,147.51926,147.51926
9939,166.75700768999226,176.48823567580567,-0.43367106,0.08130733,-0.96415925,-0.896371,174.51703,174.51703
9940,159.11141234005356,174.10180931573075,-0.48515257,0.07434756,-1.0366412,-0.9075063,166.14256,166.14256
9941,152.26936467149886,172.35128321225912,-0.5143249,0.10824196,-1.0952983,-0.9026511,154.83049,154.83049
9942,149.59896176830537,173.02559261410966,-0.5855351,0.12296876,-1.2385207,-0.9005631,138.15466,138.15466
9943,153.4403848827382,175.94708117917003,-0.5793301,0.09551167,-1.2539653,-1.0047401,138.58528,138.58528
9944,161.710833689412,179.01068992907028,-0.6409963,0.0953998,-1.349477,-0.9504721,134.90334,134.90334
9945,168.9902354741654,180.45070717589488,-0.4948659,0.07814911,-1.1295131,-0.90055734,172.96303,172.96303
9946,171.48570367447638,180.16367066036366,-0.5151066,0.08535171,-1.218433,-0.89662325,164.42548,164.42548
9947,169.74432629482814,179.05047075900356,-0.5266649,0.0798825,-1.2076479,-0.8655467,158.9829,158.9829
9948,166.77082720853093,178.0660702848161,-0.57993954,0.088766925,-1.4262917,-0.9399632,142.44711,142.44711
9949,164.63985081136633,177.68586135329517,-0.53991526,0.12771481,-1.3841088,-0.853453,151.25166,151.25166
9950,163.46310168244455,177.69947314984344,-0.4936824,0.099527106,-1.2835735,-0.7539271,166.20897,166.20897
9951,162.72247694713653,177.52296660901712,-0.48238397,0.090731755,-1.3118073,-0.75633806,168.92648,168.92648
9952,162.29069554710713,176.7649048655522,-0.5528553,0.13851874,-1.4149153,-0.6785446,156.03676,156.03676
9953,162.21889032992289,175.60804018184817,-0.57009786,0.17392392,-1.5397999,-0.616943,142.0676,142.0676
9954,162.28860750965868,174.88787637714725,-0.63522345,0.18133965,-1.6275643,-0.5445,127.835304,127.835304
9955,162.25738538067878,175.41061632930794,-0.7041248,0.22530389,-1.6371909,-0.42873207,116.476395,116.476395
9956,162.54664964299621,176.71761069387594,-0.73559636,0.2758959,-1.7350426,-0.38538992,102.975845,102.975845
9957,163.917829714411,177.35147079797704,-0.6696995,0.2201777,-1.5709145,-0.48022333,113.02877,113.02877
9958,166.13978145243144,176.81824321665445,-0.58040965,0.19748166,-1.5141519,-0.46183705,130.39139,130.39139
9959,167.6720145131159,176.15834499997777,-0.5811713,0.1904842,-1.5126042,-0.5124867,131.16486,131.16486
9960,167.09494708674936,176.38787664195925,-0.6158763,0.23469418,-1.5974388,-0.5427714,122.68449,122.68449
9961,164.65220067100208,177.39045125273142,-0.5809927,0.18517284,-1.4741954,-0.61711764,130.79442,130.79442
9962,162.03852408312645,178.37509574776143,-0.53033155,0.15758194,-1.5165014,-0.6483237,143.91287,143.91287
9963,160.73155364360912,178.77684789474844,-0.55688393,0.2068069,-1.6119708,-0.6177334,132.99362,132.99362
9964,160.8990464411886,178.47572443374168,-0.5647986,0.17142215,-1.543546,-0.6155735,137.78828,137.78828
9965,161.63160245736307,177.40890064414106,-0.5302966,0.1656405,-1.4315244,-0.5140339,146.56519,146.56519
9966,161.89181055460077,175.73562717697467,-0.5108665,0.19070944,-1.3637521,-0.41531482,149.02562,149.02562
9967,161.56888518332974,174.47740206629777,-0.5412464,0.17412144,-1.4223468,-0.48829928,144.22661,144.22661
9968,161.4804490471252,174.78640057709313,-0.565208,0.1808676,-1.441458,-0.50768507,136.84769,136.84769
9969,162.2731127303177,176.38289739758008,-0.68119335,0.20891358,-1.6248416,-0.4828113,116.01345,116.01345
9970,163.970675972735,177.82705261526706,-0.8573795,0.1797841,-1.9477438,-0.59852725,85.76079,85.76079
9971,166.32436386405755,178.10850565972706,-0.84991914,0.1907548,-1.9488539,-0.6546455,87.70667,87.70667
9972,168.86267875837152,177.3387396925468,-0.72604483,0.1558016,-1.6969141,-0.683631,102.0781,102.0781
9973,171.0148737980198,176.43653109090593,-0.5691755,0.13387628,-1.4257045,-0.69377273,116.51847,116.51847
9974,172.58575670976063,176.19817660991765,-0.48440608,0.09619274,-1.2454216,-0.7276209,128.49251,128.49251
9975,173.8491919033328,176.54332406642175,-0.34980127,0.011624682,-1.1831969,-0.87760144,145.16264,145.16264
9976,175.206418036552,176.95432907531998,-0.23299746,-0.017492298,-1.0246165,-0.875238,180.95995,180.95995
9977,176.61128260201025,177.1017487383787,-0.24008363,0.013026678,-1.0388358,-0.8330291,177.84126,177.84126
9978,176.8528952914962,176.4266710080628,-0.22334278,-0.050372787,-1.0732678,-0.973148,195.50465,195.50465
9979,174.21417129890136,173.6894381232172,-0.2230702,-0.025267173,-1.082397,-0.8940067,200.24887,200.24887
9980,169.20600153508218,168.76725691781013,-0.20035905,-0.008343229,-1.0505484,-0.78567326,205.87735,205.87735
9981,164.96285424081427,164.82713489438117,-0.19862811,0.019313538,-1.0211889,-0.7002119,188.62602,188.62602
9982,163.2665611731678,165.34431736843968,-0.31078115,0.045200698,-1.1122823,-0.60687214,161.3484,161.3484
9983,162.5351595062592,169.00888137826817,-0.27868837,0.04938064,-1.0568962,-0.57875633,172.30219,172.30219
9984,160.373560460923,171.01400460933328,-0.32925728,0.07639784,-1.1892645,-0.5718291,153.48857,153.48857
9985,156.2827582801328,169.21498397996945,-0.26130658,0.060316164,-1.0686988,-0.4688759,193.1832,193.1832
9986,152.21068972571737,166.75762631789365,-0.27074662,0.067414746,-1.1345779,-0.51592433,148.82169,148.82169
9987,150.71710516191712,167.71153471041845,-0.23925757,0.07938328,-1.1750882,-0.42244884,200.2002,200.2002
9988,151.3185481318211,171.34615908777224,-0.22187357,0.04625625,-1.2981678,-0.43218768,188.91159,188.91159
9989,149.4999060070846,173.29765185924487,-0.23132662,0.04858305,-1.1345055,-0.39469147,201.72185,201.72185
9990,142.04692036637329,172.09529187602567,-0.114183344,0.06761616,-0.96039015,-0.35674834,232.00003,232.00003
9991,132.26697352784268,171.0931658924813,-0.1336166,0.06509477,-0.9627045,-0.37207022,219.75546,219.75546
9992,126.72774496956819,172.72701350708874,-0.094184466,0.10359549,-0.927394,-0.31577837,231.76576,231.76576
9993,128.12532118135664,174.33142695841312,-0.09479945,0.10056649,-0.9494665,-0.31945726,228.2213,228.2213
9994,133.94090357188955,172.49588830885918,-0.11370961,0.068315566,-1.0120242,-0.33453292,219.21416,219.21416
9995,139.91448075540302,167.95957793395593,-0.086014204,0.08441756,-0.9315255,-0.2972025,287.23865,287.23865
9996,142.68875010943447,163.04685468794693,-0.14618447,0.10018153,-1.048692,-0.18454854,253.18877,253.18877
9997,141.8127845323296,158.6255030550133,-0.09398195,0.114661,-0.99209553,-0.14775544,254.46158,254.46158
9998,140.9024240135488,155.58565979523263,-0.09851599,0.14416148,-0.9682457,-0.11373631,248.43225,248.43225
9999,144.85725391672162,155.2056632808911,-0.10275005,0.1423597,-0.99613684,-0.10738718,276.60526,276.60526
10000,155.11101134636806,157.09267770911225,-0.11726726,0.15154889,-1.0210512,-0.024347251,289.2854,289.2854
10001,168.07744293733248,159.06742394534504,-0.07978834,0.15711817,-1.022276,0.005852427,282.47037,282.47037
10002,177.8989615892874,159.58027125169923,-0.06721887,0.148265,-0.9970997,0.030499838,284.06613,284.06613
10003,181.09435155137328,159.5720146198492,-0.052548863,0.14012362,-0.9698009,-0.032288224,300.10666,300.10666
10004,178.82403188714935,161.53695805436382,-0.022849435,0.118201636,-0.9501684,0.0026401642,321.82483,321.82483
10005,174.6240012509997,165.95523265452195,-0.023363005,0.13977273,-0.9385022,0.032270838,312.55072,312.55072
10006,170.9358096999605,168.8281991539214,-0.015451829,0.15952839,-0.9399869,0.059656378,251.00058,251.00058
10007,167.65434449509942,165.1012267054517,0.022311293,0.11322704,-0.920677,0.026646374,260.64413,260.64413
10008,164.43115887657504,156.0895449497475,0.037713125,0.11620393,-0.8855182,0.0596235,286.93695,286.93695
10009,163.5942807012659,150.409105577757,0.01507296,0.14005327,-0.8705388,0.14474961,297.51123,297.51123
10010,165.91647630159204,153.40328056338146,0.040578492,0.10149786,-0.8845656,0.08489661,318.5979,318.5979
10011,165.91777893887678,158.4289135128546,0.051864035,0.091265574,-0.8895836,0.0928942,325.8972,325.8972
10012,159.14900118139116,155.272927427689,0.05282603,0.078406885,-0.8640401,0.08287581,337.35117,337.35117
10013,149.97792536894136,145.07546693957164,0.0552458,0.055537563,-0.85260946,0.0894227,350.92413,350.92413
10014,145.79948639497238,138.2764780201588,0.051909767,-0.013551293,-0.85350066,0.08666492,342.10883,342.10883
10015,147.6639791553659,139.8682013281909,0.049798414,0.013292267,-0.85705984,0.15928853,356.57922,356.57922
10017,150.09566865639536,145.8743283159536,-0.17135222,-0.04598366,0.09183344,-1.0500472,242.98766,242.98766
10018,150.02204976745927,152.1514371183564,-0.16888583,-0.044048816,0.102438256,-1.0465559,245.46214,245.46214
10019,151.6057262893148,158.18001377471333,-0.16403651,-0.04351661,0.11360977,-1.0414433,247.75725,247.75725
10020,158.2163633291338,163.9587419130121,-0.1636461,-0.053854223,0.121576674,-1.035173,252.81987,252.81987
10021,166.30138905548938,168.80175981148977,-0.19001037,-0.06734364,0.1290463,-1.0718762,242.61661,242.61661
10022,170.8441616596204,171.06930030850043,-0.22809084,-0.06778001,0.08011672,-1.0397521,227.12225,227.12225
10023,171.18162772486048,167.28232651082905,-0.25882763,-0.05259847,0.07795594,-0.9984783,207.35732,207.35732
10024,169.83807332965816,155.42945233119158,-0.22692533,-0.050554845,0.15941373,-1.0438083,225.24704,225.24704
10025,168.96680990334627,139.40321877946093,-0.26819122,-0.05717569,0.09160303,-1.0443135,219.24355,219.24355
10026,169.30634401876097,126.88212634002622,-0.36876166,-0.07853307,-0.14978099,-1.0583835,188.9832,188.9832
10027,170.84008055470363,123.61940030589604,-0.39655215,-0.10075776,-0.17227136,-1.0791914,167.46999,167.46999
10028,173.16966431199256,130.01531226440122,-0.4734948,-0.13700847,-0.3572248,-1.0806007,153.78528,153.78528
10029,175.63173854238906,140.94074838169735,-0.4260287,-0.107492015,-0.13848346,-1.0374998,166.40215,166.40215
10030,177.33271648121743,149.51603286173733,-0.5191884,-0.21537745,-0.39320278,-1.0733722,143.58466,143.58466
10031,177.5264512253773,152.67429316321966,-0.5866438,-0.19230568,-0.42667735,-1.1019214,127.77109,127.77109
10032,176.54081027557018,152.62786323894167,-0.68635434,-0.24747306,-0.6506693,-1.1726103,116.28389,116.28389
10033,175.86272130252462,152.9731676733499,-0.7311511,-0.23129463,-0.5882423,-1.1236935,107.34349,107.34349
10034,176.60667801313832,154.8602633874681,-0.71336985,-0.2518594,-0.50990087,-1.0514582,107.44695,107.44695
10035,178.24717374284882,156.77320892539436,-0.5494422,-0.20075665,-0.2751539,-1.2191674,135.16095,135.16095
10036,179.45917056516205,156.33856290446337,-0.47523764,-0.14465559,-0.14084986,-1.1770012,154.61952,154.61952
10037,179.60871468300357,152.42431786901568,-0.44564414,-0.080479175,0.007514563,-1.0238249,162.08762,162.08762
10038,178.85046193429713,146.52286108306762,-0.42454386,-0.07569732,-0.012783682,-1.0106312,165.10555,165.10555
10039,177.66085632050564,141.8836268938265,-0.4155756,-0.107251525,-0.06387123,-1.0248255,174.70033,174.70033
10040,176.75934794419354,140.72386043118945,-0.41691855,-0.10516056,-0.119100876,-1.000736,175.28593,175.28593
10041,176.8174354513513,142.54752310945523,-0.3809511,-0.102997996,-0.15864417,-0.9821534,186.57092,186.57092
10042,177.8538373991254,145.45853770549678,-0.394595,-0.16660483,-0.24658774,-1.0931511,180.12653,180.12653
10043,179.10081020881208,148.3306812047951,-0.38401026,-0.14138404,-0.16225903,-1.0589733,183.14795,183.14795
10044,179.6153336217796,151.32092785757095,-0.4356584,-0.15983577,-0.35016575,-1.1076399,154.52434,154.52434
10045,178.75844159765578,155.0791351134258,-0.41659257,-0.060897965,-0.25556824,-0.9773875,156.83853,156.83853
10046,176.3730721465935,159.3122659261966,-0.43953204,-0.0643556,-0.1858036,-0.9878989,160.00821,160.00821
10047,173.25423559880676,161.96796097616524,-0.38862735,-0.052328564,-0.067070365,-0.9402104,165.0998,165.0998
10048,170.77990839879487,160.91843611235709,-0.3827729,-0.014315988,-0.077569775,-0.92587596,162.66463,162.66463
10049,169.15729427469978,156.44973801783095,-0.3527246,-0.0092654815,0.013538966,-0.90280443,173.71553,173.71553
10050,166.8494174000324,151.19341057978986,-0.3317723,-0.0006330961,0.046341963,-0.894742,181.48695,181.48695
10051,162.2423975047332,147.59579415832613,-0.35221907,-0.007944516,0.021514915,-0.8959246,176.63245,176.63245
10052,155.4008931485522,145.81147479655436,-0.3294563,0.026393507,0.03500357,-0.87770325,185.92552,185.92552
10053,148.6919755205288,144.000788012582,-0.29863325,0.008912032,0.06401207,-0.9312081,192.40182,192.40182
10054,145.09004098334208,140.89081544632162,-0.2983098,-0.0013655907,0.031713773,-0.94820553,187.29463,187.29463
10055,145.0097120444949,138.1211200226218,-0.3073201,-0.00073857064,-0.0111524,-0.961546,180.60876,180.60876
10056,146.40241110829407,138.6219759771471,-0.26969686,0.0096377665,0.08716551,-0.8905213,191.15904,191.15904
10057,147.00110448550674,141.8369225017926,-0.2945966,0.031689934,0.095676854,-0.82983345,179.36938,179.36938
10058,145.79761992001193,142.58436220251727,-0.39027232,-0.017640077,0.015917307,-0.88741446,146.3021,146.3021
10059,145.10303478483232,137.02976099047387,-0.41025475,-0.024018446,-0.025484817,-0.89469993,146.03517,146.03517
10060,149.20117969891032,128.92450434872725,-0.3976912,-0.029515306,-0.07960174,-0.826728,149.92697,149.92697
10061,158.9597680946584,127.02547606666988,-0.40034062,-0.02135794,-0.06600258,-0.8617854,147.89165,147.89165
10062,170.392415705623,135.33182719266074,-0.38097015,0.012652185,-0.05176485,-0.87551546,150.56679,150.56679
10063,177.46051216625364,147.59350240900136,-0.39318776,0.02863737,-0.07749987,-0.917748,142.43661,142.43661
10064,175.32350426778186,152.5080473297589,-0.32954606,0.015407876,0.00021575153,-0.9273822,161.25049,161.25049
10065,165.14833574657746,143.93610771713193,-0.33132404,0.009959395,-0.014771902,-0.8915282,163.09204,163.09204
10066,155.34831400910412,127.59092885112251,-0.32561705,0.009449923,-0.03311077,-0.8957912,164.28601,164.28601
10067,153.26887259667686,117.13523371218696,-0.31641835,-0.00853801,-0.034594517,-0.91733545,165.94138,165.94138
10068,156.23112266450568,120.82554189119988,-0.29673004,-0.007587806,-0.0136216665,-0.95229316,168.42209,168.42209
10069,154.32567134241367,133.82102231088464,-0.2726787,0.012783274,0.0055692974,-0.954217,184.90396,184.90396
10070,144.33747520357807,144.45833880406835,-0.2657302,0.009889478,-0.020089835,-0.921299,188.87027,188.87027
10071,136.696128727284,145.55648678536272,-0.2760448,0.025294367,-0.070813805,-0.9503085,185.0332,185.0332
10072,140.7688905192339,139.5075312781553,-0.278984,-0.024399446,-0.0646103,-1.0481019,182.70312,182.70312
10073,150.02129905769243,133.51861532193323,-0.323466,-0.015715376,-0.11979871,-1.020675,172.27893,172.27893
10074,152.21872084141333,131.79493624764416,-0.32882747,-0.010845374,-0.17833477,-1.0191485,164.6204,164.6204
10075,145.90163593172596,133.88817904158435,-0.41504696,-0.095159516,-0.42196035,-1.0616539,135.05861,135.05861
10076,136.91097541493423,138.46974148105974,-0.47649857,-0.15223567,-0.5263613,-1.1013047,112.48666,112.48666
10077,125.54126367646239,145.03364448942435,-0.55095416,-0.16815807,-0.6855437,-1.1538149,101.1244,101.1244
10078,110.05336789234084,152.32167656285492,-0.5524308,-0.12213622,-0.7552189,-1.1476967,96.88094,96.88094
10079,99.32178519809564,158.5538378123623,-0.5913584,-0.092027985,-0.96190923,-1.1448342,91.47051,91.47051
10080,105.04986877751205,163.07509740040078,-0.54658496,-0.07911644,-0.8705049,-1.1714892,104.61921,104.61921
10081,124.28612777285815,166.20346670950497,-0.5244664,-0.0774526,-0.8093399,-1.2058449,111.12753,111.12753
10082,143.0306365298581,168.661877135083,-0.53434396,-0.07898402,-0.79294115,-1.2148902,112.95875,112.95875
10083,152.61903152277375,171.35759900394453,-0.5530712,-0.072158664,-0.8166363,-1.2019469,109.68769,109.68769
10084,155.2622365187398,174.58030323343002,-0.5935342,-0.043192364,-0.89839834,-1.2116113,103.178955,103.178955
10085,156.9925787940108,177.53398524700728,-0.66270703,-0.031903025,-1.07348,-1.1756963,92.53124,92.53124
10086,160.60022195530112,179.08835096817435,-0.68318874,0.02012546,-1.1190802,-1.1360142,90.912254,90.912254
10087,165.64194995835328,178.9392078660877,-0.71555245,0.03430031,-1.1709584,-1.10341,86.69317,86.69317
10088,170.90261578042688,177.81162987122673,-0.76123136,-0.0033575995,-1.3663259,-1.1244539,80.22954,80.22954
10089,174.99243816424058,176.5025083795795,-0.6797384,-0.013590737,-1.2358048,-1.1837934,91.16828,91.16828
10090,176.75823703781884,175.073969169156,-0.7680756,-0.038211487,-1.4067172,-1.1140579,80.98703,80.98703
10091,175.9044375329691,173.43130500900645,-0.6815138,0.01636673,-1.3693016,-0.989546,86.6988,86.6988
10092,173.12587585627128,172.4057526955134,-0.69024265,0.08681012,-1.4182513,-0.993164,86.08856,86.08856
10093,169.99101484836146,172.83643914602524,-0.7028986,0.08025076,-1.4448785,-0.97865164,84.84833,84.84833
10094,168.0129846337911,173.89602494829603,-0.7932359,0.09477862,-1.5733645,-0.988166,80.99673,80.99673
10095,167.6174218629575,174.4760472070593,-0.65818316,0.08095321,-1.3375047,-0.86792463,98.489265,98.489265
10096,168.2034406712791,175.0122237985277,-0.6651005,0.07368553,-1.3553257,-0.9116623,96.14677,96.14677
10097,168.85249533654383,176.03647561548357,-0.60572636,0.0607083,-1.2766045,-0.9097008,101.99571,101.99571
10098,168.9813811721229,176.89624924983372,-0.5851548,0.10186415,-1.314669,-0.87531537,102.39449,102.39449
10099,168.61989769007974,176.90847093998914,-0.62930566,0.14516692,-1.3638312,-0.8405254,97.11573,97.11573
10100,168.3672629285004,176.3067478718956,-0.64559007,0.15726985,-1.3725343,-0.784503,95.885284,95.885284
10101,168.96674896146544,175.74704212812958,-0.7917376,0.21561833,-1.6462784,-0.71653044,79.3592,79.3592
10102,170.50244237883874,175.51858650610177,-0.72909755,0.17906213,-1.5894909,-0.71193206,83.44139,83.44139
10103,172.024159458429,175.46354335264436,-0.730117,0.16138256,-1.6565799,-0.68931335,81.71766,81.71766
10104,172.23514215206464,175.34231628950937,-0.66155666,0.15373448,-1.5503856,-0.6776073,94.7393,94.7393
10105,170.6068581937682,174.98991738382094,-0.66650164,0.14918631,-1.625621,-0.70153004,94.103615,94.103615
10106,167.7039379374685,174.52963304605856,-0.73455137,0.15577705,-1.7820619,-0.6610548,87.57288,87.57288
10107,164.7148207960105,174.51207835184226,-0.79898053,0.17505665,-1.9574468,-0.70303065,82.33331,82.33331
10108,162.8759398092933,175.349778827558,-0.81606877,0.16611254,-1.9479886,-0.7090952,82.29314,82.29314
10109,162.62137626522076,176.76269911272095,-1.1143502,0.20084631,-2.6220324,-0.8071155,61.432243,61.432243
10110,163.0238374460873,178.07559526828186,-0.84593034,0.16257152,-2.1070392,-0.62808955,81.09599,81.09599
10111,162.793391770296,178.8410598208937,-0.9433239,0.21215087,-2.227178,-0.6240591,74.30248,74.30248
10112,161.719590935279,179.04422844509472,-0.8328322,0.2295537,-1.93696,-0.40879124,83.313576,83.313576
10113,160.53249938798052,178.88253367287234,-0.70218706,0.2036955,-1.710715,-0.31338516,96.584045,96.584045
10114,159.774569074819,178.58068665828137,-0.63479406,0.17311582,-1.5510887,-0.31945884,101.06336,101.06336
10115,159.41943303352045,178.2958238325998,-0.6410752,0.26158154,-1.5401559,-0.29441482,95.5291,95.5291
10116,159.37914017207908,177.94638651439868,-0.6242951,0.2803366,-1.6291804,-0.30499303,89.93346,89.93346
10117,159.8747436486295,177.3999215925856,-0.6832274,0.30254096,-1.7015067,-0.28194675,86.12821,86.12821
10118,161.11462435464276,176.97813885784032,-0.7626695,0.353437,-1.8695841,-0.16316506,78.94953,78.94953
10119,162.76392724758074,177.2447623737133,-0.90482485,0.41293553,-2.114417,-0.045097396,68.88641,68.88641
10120,164.013220430847,178.0451591673909,-1.0086669,0.4011581,-2.2983134,-0.06745511,64.98869,64.98869
10121,164.26368261499653,178.3984098011787,-0.91509265,0.36138818,-2.1589134,-0.09742404,73.624756,73.624756
10122,163.64196799298583,177.6884272972075,-0.96221614,0.3900425,-2.316018,-0.022653854,69.28535,69.28535
10123,162.85718570425797,176.2896790925501,-1.144947,0.49468544,-2.602593,0.14743008,59.599186,59.599186
10124,162.6812166092961,174.95067184338166,-0.9159811,0.5337154,-2.1605735,0.1887115,63.585087,63.585087
10125,163.4781982887913,174.3397273848288,-0.85653424,0.4526382,-2.0373964,0.11169859,71.86775,71.86775
10126,164.94283589716605,174.90233918429558,-0.7420693,0.358961,-1.955637,0.0765994,77.840355,77.840355
10127,166.3611395262922,176.4407466544747,-0.71232915,0.3725054,-1.7908249,-0.04001771,88.86828,88.86828
10128,167.32822429119693,177.97524126697436,-0.66089773,0.3456388,-1.7767514,-0.0914472,90.81368,90.81368
10129,167.97698617595358,178.27941702843827,-0.5798884,0.2815686,-1.5866176,-0.18070705,93.74678,93.74678
10130,168.62208866015686,176.7652004148113,-0.5408242,0.21127263,-1.5915493,-0.23686606,90.39278,90.39278
10131,169.46739272485456,173.88873473855534,-0.43569854,0.21648069,-1.3263987,-0.32811856,103.4333,103.4333
10132,170.4850892650672,170.52258217732782,-0.21434644,0.10784237,-1.0806974,-0.4964729,145.05167,145.05167
10133,171.47388054735114,167.38192284179527,-0.26212382,0.1377653,-1.2063496,-0.4281562,125.588974,125.588974
10134,172.05046129719625,165.24213906470354,-0.25034788,0.04759347,-1.2432338,-0.5324085,116.622635,116.622635
10135,171.64539292363338,164.67898898566526,-0.24504477,0.14608198,-1.2521911,-0.30285046,118.47524,118.47524
10136,169.33553609145707,165.1909352209036,-0.117566176,0.076460585,-0.99476296,-0.39256334,125.952896,125.952896
10137,164.1257019037565,165.67068963634358,-0.11778201,0.067121714,-0.9080484,-0.43366563,134.8145,134.8145
10138,157.248174433004,166.17742408315723,-0.14986722,0.20044063,-1.1424887,0.09584364,116.05855,116.05855
10139,152.63449598893922,168.06926556538673,-0.2015218,0.192033,-1.1799583,-0.010847704,122.57441,122.57441
10140,153.3400289309207,171.66423144307186,-0.24072374,0.21158232,-1.2366252,0.15944828,116.13284,116.13284
10141,159.2137508579869,175.05244081005048,-0.2514431,0.38982263,-1.3682636,0.5218662,111.44532,111.44532
10142,166.65901394561294,176.4070867082485,-0.36581478,0.5555567,-1.4557505,0.67939633,97.02446,97.02446
10143,170.70575437344885,175.79552616985646,-0.3468072,0.5174541,-1.4800174,0.5941536,86.800995,86.800995
10144,170.20274335948798,173.53406039561222,-0.45100287,0.5215185,-1.6220025,0.49427778,83.44942,83.44942
10145,168.48465189738988,169.52012135226764,-0.37533405,0.48799902,-1.4533684,0.43329194,93.34605,93.34605
10146,168.21094050386614,164.3093103304758,-0.4068927,0.50050926,-1.4921554,0.37591365,95.1315,95.1315
10147,168.9372762739004,158.47412024221074,-0.36243603,0.43233964,-1.5090384,0.29083505,92.396255,92.396255
10148,169.10978478905938,153.90025152172262,-0.32163596,0.33118668,-1.4404538,0.15178402,101.994736,101.994736
10149,168.237317907013,154.93278740494952,-0.28672728,0.34727314,-1.4173535,0.08745559,90.43094,90.43094
10150,167.3882646667831,162.7148654842896,-0.39013615,0.49713013,-1.5105071,0.4252592,69.26684,69.26684
10151,168.08847913299553,171.53481676848503,-0.37278593,0.47524354,-1.6169025,0.49118182,64.23554,64.23554
10152,169.9497491788423,174.47333190863284,-0.3486654,0.3985514,-1.5462294,0.30168852,72.09918,72.09918
10153,170.22577976955614,170.57537732172875,-0.50514156,0.4580596,-1.7817938,0.462539,60.83234,60.83234
10154,167.76204999340143,165.37201276438716,-0.4981188,0.55941445,-1.7481761,0.44945866,57.127167,57.127167
10155,165.643724376871,162.54378547153894,-0.4670894,0.50104207,-1.6149946,0.11207281,74.81752,74.81752
10156,167.1044955686337,157.81972507636567,-0.56548464,0.45157072,-1.6422672,0.09049966,70.308044,70.308044
10157,171.13101943290258,149.48719906506994,-0.43686983,0.3954698,-1.3344684,-0.018996004,86.12587,86.12587
10158,174.72198617969525,147.1308865153984,-0.5094719,0.3700729,-1.4045556,0.0044788024,81.431496,81.431496
10159,176.33683548365326,157.36666139150867,-0.53704673,0.29648265,-1.3583939,-0.07035818,92.71104,92.71104
10160,175.7502996217153,172.11079629307207,-0.5464647,0.29202726,-1.3153256,-0.1277447,93.233574,93.233574
10161,173.78097986200055,179.87854858356457,-0.55743223,0.25244206,-1.3323215,-0.19643046,94.87801,94.87801
10162,172.25834621779865,178.8955159043695,-0.5624449,0.20709497,-1.2505314,-0.3147061,103.952675,103.952675
10163,172.54992869307048,175.0657186069729,-0.51490515,0.18351968,-1.1823394,-0.45680276,101.59152,101.59152
10164,174.43872739118314,172.73760567369018,-0.61743534,0.15780398,-1.2467905,-0.5295097,101.616135,101.616135
10165,176.5795920373871,171.67631838352878,-0.6392261,0.14416723,-1.1978185,-0.5434997,95.54152,95.54152
10166,177.9056482098964,170.88139359574436,-0.54701066,0.11485969,-1.0137907,-0.5772971,100.632286,100.632286
10167,178.12707049177055,170.50805562075848,0.060404476,-0.04658431,0.40334734,-1.0523041,154.39235,154.39235
10168,176.84464742941213,170.86131720104552,-0.11436492,-0.01936194,0.065325454,-1.0040033,171.48027,171.48027
10169,173.97369998563855,171.88038087885994,-0.23436691,0.011800627,-0.37598217,-1.0316797,142.16298,142.16298
10170,170.93205584851904,172.65623043876275,-0.2550526,-0.029940432,-0.508813,-1.0485855,151.43289,151.43289
10171,169.38620523853598,171.57927611776518,-0.25832176,-0.044276245,-0.51908445,-1.0410457,171.25618,171.25618
10172,169.32356489109256,167.63179377691796,-0.23298924,-0.035350215,-0.46185866,-0.98972803,190.84636,190.84636
10173,169.53673562447565,161.42517096648223,-0.2533238,-0.03350686,-0.49047086,-1.0555128,175.92833,175.92833
10174,169.26283188774514,155.16356397851723,-0.26999304,-0.039961252,-0.52115107,-1.1112518,165.62904,165.62904
10175,168.9351385758892,151.5016170638788,-0.2342734,-0.029611489,-0.43011126,-1.0598493,186.59,186.59
10176,169.65254166211616,152.4672542505019,-0.5018719,-0.089681044,-0.8027691,-1.127671,125.4786,125.4786
10177,171.35572406307148,157.9785973331722,-0.5379736,-0.11609196,-0.8286286,-1.1212658,117.43957,117.43957
10178,172.04506886842512,164.40700498792987,-0.60326225,-0.08898999,-0.741461,-1.1977651,103.08454,103.08454
10179,170.21346899420323,167.3931872875635,-0.7077683,-0.11036569,-0.867457,-1.2759416,90.65377,90.65377
10180,166.9542204252236,166.80401357568482,-0.61605275,-0.10577857,-0.4803612,-1.158497,91.493675,91.493675
10181,164.52059655312115,166.5313116032262,-0.5437109,-0.13749087,-0.52026236,-1.1715637,105.63001,105.63001
10182,163.96689629189527,169.37205855378534,-0.39629737,-0.1003312,-0.0817816,-1.0559496,119.8618,119.8618
10183,164.40603601223722,173.73385279630034,0.29726818,0.007876362,1.2335186,-0.762894,153.3093,153.3093
10184,163.79862605860393,175.30439315967192,-0.19399421,-0.07395094,0.28568602,-0.9059843,132.757,132.757
10185,161.52218229186138,170.58848163733492,-0.3120797,-0.078559265,0.11913763,-0.99895865,145.61636,145.61636
10186,160.0492802304309,159.78419117986414,-0.35963804,-0.108863935,0.056479324,-1.0697201,142.67139,142.67139
10187,161.8895514810989,147.70981797545113,-0.40936863,-0.13479482,0.024037791,-1.151787,135.40182,135.40182
10188,165.92152245791823,140.08438225518447,-0.4457841,-0.1517062,0.029482923,-1.2677068,125.42433,125.42433
10189,168.8452834893335,137.95437346011443,-0.4276261,-0.14626002,0.12899844,-1.1656233,129.03366,129.03366
10190,169.0790825843924,137.66723601922234,-0.43394503,-0.16090383,0.10114936,-1.2377151,128.55238,128.55238
10191,167.89470436392233,135.95629164140564,-0.41326877,-0.14658812,0.17870611,-1.1972237,135.2844,135.2844
10192,167.31300323858937,132.5533352294462,-0.3663387,-0.15132739,0.26170143,-1.1982757,160.33873,160.33873
10193,168.03149651909757,128.2536450437339,-0.35527983,-0.12954862,0.27026555,-1.1777642,168.23055,168.23055
10194,169.50031043929474,123.3680273771425,-0.34334064,-0.11078745,0.26810804,-1.2082604,177.04376,177.04376
10195,170.8951657372392,118.64095491293853,-0.37896743,-0.14517915,0.2515365,-1.2314892,164.2668,164.2668
10196,171.66571633358828,115.51469857378878,-0.3464057,-0.1521215,0.2792683,-1.1960495,174.71783,174.71783
10197,171.89587845630442,114.51859740771063,-0.30486196,-0.13491781,0.35696143,-1.0883645,190.66467,190.66467
10198,172.22914293996803,114.36636500525977,-0.30640218,-0.12886116,0.351592,-1.0686369,191.23569,191.23569
10199,173.07069626231294,113.19844770033473,-0.28441787,-0.11986101,0.39533308,-1.0015844,204.7721,204.7721
10200,174.09584548270553,110.52928072538747,-0.2915481,-0.10484715,0.39973474,-0.98280364,199.59097,199.59097
10201,174.77290301192514,107.83681782081989,-0.29553732,-0.09001544,0.39107528,-0.9597399,196.31776,196.31776
10202,174.97012778597514,106.9828360658188,-0.2951556,-0.08627723,0.38818944,-0.9407381,199.84244,199.84244
10203,174.85023412071064,108.39904020490161,-0.33314645,-0.111735806,0.35566396,-0.974215,182.36671,182.36671
10204,174.6260210728981,111.585792818659,-0.332764,-0.11012599,0.33315843,-1.0165228,181.823,181.823
10205,174.48129955258182,116.34026789722532,-0.2803998,-0.08386298,0.42102912,-0.9338688,198.19745,198.19745
10206,174.4174767774619,121.98969869087945,-0.29295528,-0.09808179,0.36466527,-1.0483161,196.00963,196.00963
10207,174.26104229504224,126.617830623665,-0.2958743,-0.10042847,0.35153553,-1.033696,195.18755,195.18755
10208,173.7677081518805,128.9060730720732,-0.35595703,-0.108054295,0.25400755,-1.066163,169.92404,169.92404
10209,172.69291380771165,130.1622490766728,-0.32227328,-0.081243426,0.3149192,-1.0131457,161.33366,161.33366
10210,171.2132040227924,133.02708386819185,-0.31544426,-0.053337317,0.3132791,-0.93243545,155.23895,155.23895
10211,170.023760809699,138.42161416453928,-0.32213697,-0.099477656,0.30103967,-0.92387545,159.23232,159.23232
10212,169.39159024186503,144.34098524191424,-0.27448845,-0.09169175,0.24454384,-1.0294645,175.1647,175.1647
10213,168.67358797029976,147.27609474046147,-0.29654405,-0.09313518,0.2090665,-1.1020882,178.72679,178.72679
10214,167.01920087918893,145.84417557577038,-0.31260332,-0.10327271,0.23112297,-1.075182,177.88884,177.88884
10215,163.8946075996793,142.9302234542507,-0.31180608,-0.108839415,0.24302572,-1.1320126,181.753,181.753
10216,159.39000190496822,142.01359058687393,-0.30820665,-0.12860069,0.22292322,-1.1657441,181.10495,181.10495
10217,154.46475647191096,142.46729097876621,-0.30758518,-0.12020472,0.2187326,-1.1752796,183.08432,183.08432
10218,150.16057842458528,140.88854599732372,-0.32739028,-0.149662,0.18400463,-1.2548635,170.70142,170.70142
10219,146.55246126060925,136.04586089975888,-0.31580612,-0.11542228,0.1738442,-1.1459438,174.85286,174.85286
10220,143.20170422609985,130.81365226918845,-0.3054479,-0.11663813,0.12412198,-1.1665338,172.8189,172.8189
10221,140.7408532242194,129.58651469979733,-0.348939,-0.16604726,0.055821575,-1.2804494,154.07826,154.07826
10222,141.06766552639795,134.21866586589732,-0.38820383,-0.119139016,0.0599177,-1.3423772,147.31104,147.31104
10223,144.92971985192509,141.76060119483802,-0.33145738,-0.11464634,0.12471331,-1.1894921,169.83582,169.83582
10224,150.14774998627095,146.41101306208714,-0.34483895,-0.12831481,0.108320504,-1.217484,166.98097,166.98097
10225,153.78659995670998,145.4063094358314,-0.39934552,-0.105857804,0.057240713,-1.2500801,148.0436,148.0436
10226,155.41473870140035,142.01219277415564,-0.40277484,-0.10938781,0.046525232,-1.280038,146.68567,146.68567
10227,157.17263233464,141.21659865913193,-0.37429026,-0.112846754,0.07456981,-1.214625,156.05789,156.05789
10228,161.0724473999731,145.4110534652773,-0.4007388,-0.14416304,-0.011481243,-1.2199122,144.6451,144.6451
10229,165.62141704420287,153.92453339513244,-0.4422828,-0.10927072,-0.19162984,-1.3381393,124.91276,124.91276
10230,165.26759251227156,162.74859906837753,-0.44458577,-0.121715195,-0.14613353,-1.3361204,128.42134,128.42134
10231,155.54346632571637,165.96681753927717,-0.29913968,-0.09698897,0.057048205,-1.1545072,172.162,172.162
10232,138.40683310337903,160.25983867888482,-0.3236151,-0.1084692,-0.031217562,-1.1990646,163.9006,163.9006
10233,121.42394842540097,148.36472993742305,-0.32523397,-0.1008231,-0.03386787,-1.1832616,168.38257,168.38257
10234,112.47272641793751,137.90259959155946,-0.33332375,-0.08379801,-0.10922987,-1.1644379,165.43268,165.43268
10235,113.94434238683982,135.88764833857388,-0.33475903,-0.07609176,-0.18745863,-1.1254619,171.82697,171.82697
10236,120.82407711230243,143.2498655251635,-0.31756553,-0.06943911,-0.21502642,-1.1030189,176.45111,176.45111
10237,125.19633272670433,154.09444604907256,-0.28616413,-0.052280452,-0.20399086,-1.0888431,194.22916,194.22916
10238,122.70580165494182,160.557092097263,-0.29042694,-0.05314912,-0.26232854,-1.0923914,194.15071,194.15071
10239,114.54069820430682,159.24095451346037,-0.2605427,-0.043049365,-0.22947259,-1.0796947,214.22946,214.22946
10240,105.56028157974261,152.82720464435442,-0.25399593,-0.016837014,-0.27377915,-1.0653422,213.4525,213.4525
10241,102.40741980732084,146.4899213057952,-0.24818932,0.03518498,-0.31806502,-1.0635419,206.22557,206.22557
10242,108.89306828423452,144.78860732192624,-0.28990102,0.001730365,-0.41631618,-1.0926574,201.03844,201.03844
10243,121.06289805143483,149.84148409931143,-0.3303924,0.022483664,-0.54397285,-1.0836146,178.53674,178.53674
10244,131.45948188933667,159.1046660535344,-0.34721938,0.018070932,-0.64187545,-1.0705717,177.49692,177.49692
10245,136.02853868625738,166.23094510780115,-0.31422603,0.045944028,-0.66990143,-1.029783,191.63412,191.63412
10246,134.25765904588448,166.9829780743293,-0.31689608,0.056583904,-0.7021238,-0.9482032,190.90778,190.90778
10247,128.89220339107186,163.56623733508306,-0.4125655,0.07121682,-0.8785952,-0.9122835,148.9341,148.9341
10248,126.00046289449867,161.53968430346808,-0.50986886,0.07435503,-1.0767431,-0.87545073,122.69905,122.69905
10249,130.4903259212957,164.22128487406667,-0.616583,0.12835366,-1.3257964,-0.78511137,103.70462,103.70462
10250,141.96639168283997,170.78093894852955,-0.39225516,0.056394365,-0.9924752,-0.9145444,157.35115,157.35115
10251,155.3047425508854,177.56879948282486,-0.44474238,0.07485935,-1.0939621,-0.8224883,145.53445,145.53445
10252,164.586754710354,180.99358358360982,-0.4879218,0.078103274,-1.2413756,-0.777781,132.13127,132.13127
10253,167.69639775005362,180.26194456336387,-0.79069096,0.1751831,-1.9638158,-0.7133068,82.02148,82.02148
10254,167.2407386115425,177.36344315580143,-1.8281974,0.523974,-4.055156,-0.38413912,39.173397,39.173397
10255,166.92345209553693,174.55271377211585,-1.6338071,0.3197746,-3.410216,-0.72659624,45.714977,45.714977
10256,168.22441426903703,172.71614102199524,-0.9575312,0.17633231,-1.988013,-0.6536209,79.15686,79.15686
10257,170.53141148143,171.87124622429033,-0.39648154,0.082054585,-0.944167,-0.8074551,175.53851,175.53851
10321,172.84120744059143,171.93607670613787,-0.034989186,-0.019217268,-0.5228569,0.83678013,146.2924,146.2924
10322,174.51722086568677,172.86536307359827,-0.066346735,-0.026947662,-0.6339915,0.7874547,144.27913,144.27913
10323,175.04659953207636,174.52144270438438,-0.07267554,-0.037202753,-0.6350834,0.7816706,137.15529,137.15529
10324,174.00789870336627,176.39284816808507,-0.06013483,-0.038238063,-0.6004326,0.7857979,125.97119,125.97119
10325,171.6613102953311,177.6771306402297,-0.057673674,-0.028575707,-0.5701749,0.8144531,119.263374,119.263374
10326,169.39435199604523,178.03643628899982,-0.05524991,-0.028474204,-0.54644966,0.82864237,115.67423,115.67423
10327,169.10390387020212,177.99121350962247,-0.072039634,-0.032311246,-0.5847952,0.79332376,116.49691,116.49691
10328,171.59866107961918,178.169224328509,-0.06550775,-0.04827747,-0.5612869,0.7840336,114.56575,114.56575
10329,175.6832163472317,178.49671980229408,-0.058561962,-0.050325897,-0.5864373,0.78585285,115.99626,115.99626
10330,179.16685936452907,178.51932508301584,-0.041573305,-0.03786472,-0.5736271,0.77398574,114.706726,114.706726
10331,180.60058408504378,178.04485119381124,-0.0021352533,-0.015173643,-0.549911,0.78995055,113.19464,113.19464
10332,179.99701525010784,177.22515763385903,-0.0017787488,-0.017787892,-0.58866787,0.79409885,113.37191,113.37191
10333,178.40509918326427,176.62849381116314,-0.043269355,-0.045361023,-0.6890805,0.7585991,113.35753,113.35753
10334,177.04475352737117,176.96486486767802,-0.05905564,-0.06593957,-0.6992868,0.7348261,113.13214,113.13214
10335,176.4862818006542,178.10341135739708,-0.076318935,-0.055512443,-0.6920876,0.7347664,112.05769,112.05769
10336,176.58978094001534,178.94096724060861,-0.060547028,-0.052375518,-0.6605077,0.70598775,116.75575,116.75575
10337,177.17091937430965,178.53943560041776,-0.060358416,-0.06771854,-0.636502,0.727512,119.72346,119.72346
10338,178.05927259277462,177.06596289139776,-0.0562064,-0.06446659,-0.6458539,0.74054974,120.894485,120.894485
10339,178.7429549769327,175.6505112656451,-0.059977937,-0.064006455,-0.6291316,0.74561495,124.134186,124.134186
10340,178.8336424179913,175.2696107959456,-0.013598245,-0.03411611,-0.5431441,0.8293187,125.614,125.614
10341,178.5909775391582,175.6874229549139,-0.0041393847,-0.020212134,-0.5266911,0.8345015,119.69977,119.69977
10342,178.09443925371406,175.4624361432289,0.021258954,0.047449753,-0.4771772,0.86965495,104.967834,104.967834
10344,175.9915207975264,173.1876438535868,-0.08791386,-0.004454735,-0.084203035,-1.0001501,246.55286,246.55286
10345,170.77675343392795,169.50701450600235,-0.085982345,-0.005911497,-0.056512292,-1.000219,246.42255,246.42255
10346,163.8090997454492,167.23882868304892,-0.0825841,-0.006526272,-0.02709604,-1.0000927,252.52875,252.52875
10347,158.7515188713175,168.07056928059424,-0.08262953,-0.0061975857,-0.02682278,-0.99788576,255.01952,255.01952
10348,157.46371321057353,170.4725619565428,-0.08965488,-0.004869478,-0.02254072,-0.9985676,255.43507,255.43507
10349,158.35146977488222,172.24392831356585,-0.09037379,0.0035651233,-0.014197224,-0.99531925,260.46472,260.46472
10350,158.74346668518123,173.43076765010449,-0.08785819,0.0037831503,-0.0025867017,-0.99147683,261.39368,261.39368
10351,157.62408494333545,175.30855100002833,-0.08401267,0.004171433,0.0021480077,-0.9866925,263.57544,263.57544
10352,156.08995543689002,177.82180558045857,-0.090169735,0.006601941,0.0025864248,-0.9849664,270.86096,270.86096
10353,155.74259408687547,179.5940512112084,-0.09646813,0.011093797,-0.009820321,-0.9859304,273.04572,273.04572
10354,157.24580305262234,179.72734028773036,-0.1047526,0.011788128,-0.022317983,-0.9891344,270.76678,270.76678
10355,160.39198852822565,178.6463223331332,-0.100333706,0.006721938,-0.027540082,-0.99254984,269.46698,269.46698
10356,164.40970812634842,177.53711528469577,-0.097366065,0.0016740388,-0.026714973,-0.9917102,269.91205,269.91205
10357,168.23158229582882,177.22745999707948,-0.0938818,0.009726309,-0.024922082,-0.9892965,274.5177,274.5177
10358,171.44372560105236,177.61612926609175,-0.08702255,0.007809904,-0.02048492,-0.98594517,275.2477,275.2477
10359,174.39348626656394,177.96437281249493,-0.09344698,-0.0024853083,-0.022092363,-0.9987744,277.46063,277.46063
10360,176.64254344752968,177.48643225704015,-0.09866486,-0.0014249915,-0.015681934,-0.99799484,286.6742,286.6742
10361,176.66712794500899,175.93919699353978,-0.08947106,-0.009799015,-0.037935685,-0.9960413,287.16815,287.16815
10362,174.4890404004432,173.8242087685775,-0.084682465,-0.010776874,-0.0353567,-1.0049325,286.59164,286.59164
10363,172.72748124287148,172.1316883054932,-0.09009536,-0.022928145,-0.045340378,-1.0100653,284.6417,284.6417
10364,173.1667685203712,171.79474814760957,-0.08225668,-0.010041466,-0.04302374,-0.9981231,287.07864,287.07864
10365,174.50027847148937,172.7078173820841,-0.0834851,-0.009370869,-0.04256502,-0.9896651,280.43607,280.43607
10366,174.61764375160203,173.2633645433267,-0.07977549,-0.009128976,-0.042347427,-0.9918121,287.9939,287.9939
10367,173.26165344575827,171.83411089215122,-0.07269734,-0.013530064,-0.029451279,-0.9927506,296.0439,296.0439
10368,172.17067266691285,169.1823685638763,-0.0671831,-0.010996075,-0.030356493,-0.97611535,297.0198,297.0198
10369,173.15615931701495,168.2357751126166,-0.057665538,-0.006472282,-0.03078595,-0.9748707,288.27292,288.27292
10370,175.6550067567403,170.62261562625147,-0.05930373,0.003181212,-0.030182239,-0.9910254,294.48795,294.48795
10371,176.50816691365483,174.78585555967646,-0.06529573,-0.006090616,-0.03186745,-0.9898295,292.10736,292.10736
10372,173.32082289267893,178.00124026613523,-0.06690751,-0.0138289975,-0.016031554,-0.99192846,297.09018,297.09018
10373,167.4479917005578,178.73028626211845,-0.05652584,-0.005572277,0.0104476875,-0.9860539,298.8405,298.8405
10374,162.17956942935174,176.75538141670512,-0.06703672,-0.0031417145,0.013534093,-0.9767167,304.9121,304.9121
10375,159.19125743772165,172.30233917942786,-0.045603044,-0.015522928,0.07627632,-0.99283916,306.3332,306.3332
10376,157.72942421254822,166.15195861141524,-0.08070235,-0.0036855405,0.03180793,-0.9902901,300.39465,300.39465
10377,156.0048892009798,160.91612937895505,-0.10543474,0.022201575,0.004400526,-0.9909331,298.50946,298.50946
10378,153.3648396276053,160.17584477136887,-0.117451064,0.0056571076,-0.018609123,-1.0016721,294.62903,294.62903
10379,151.1866349009108,164.66300867973376,-0.12578721,-0.013087923,-0.005462558,-0.9981348,294.50757,294.50757
10380,150.77492328703275,171.09820323846768,-0.13632508,-0.0054907254,-0.03679534,-1.0050634,294.54187,294.54187
10381,151.38065862835737,175.3435363737297,-0.1363532,-0.0037883907,-0.047210302,-1.0086364,291.70764,291.70764
10382,150.8686051340142,175.4509066031119,-0.13545057,-0.011884278,-0.06188251,-1.0112449,281.3283,281.3283
10383,147.104571435717,170.68056022677274,-0.122436665,-0.009423412,-0.05856846,-1.0075301,281.28183,281.28183
10384,139.9315419306432,158.007784133799,-0.12009645,-0.01430103,-0.05693929,-1.0237795,282.09442,282.09442
10385,132.37607855729405,135.65959828115402,-0.093770325,-0.0132513195,-0.043004904,-1.0112649,288.2461,288.2461
10386,128.74378129259645,112.23400202261608,-0.089556806,-0.010373939,-0.036333524,-0.9958886,294.85202,294.85202
10387,132.64862935259202,104.17244162620625,-0.101418644,-0.01139758,-0.020234128,-0.99846333,299.76233,299.76233
10388,145.04180243540273,119.67814311395597,-0.12384336,0.008506417,-0.061803948,-0.9593036,294.9864,294.9864
10389,161.73777451492327,148.246784122035,-0.12948127,0.0012321292,-0.058183197,-0.9699771,309.94882,309.94882
10390,174.96550466280837,170.10457975163527,-0.1235119,-0.013035954,-0.04962856,-1.0122968,322.25235,322.25235
10391,178.31170043252635,175.18019902808527,-0.11888727,-0.02034077,-0.031868882,-1.0210457,318.22897,318.22897
10392,171.3922631596396,167.87827638086432,-0.124301836,-0.019336088,-0.06278163,-1.026665,304.15485,304.15485
10393,160.3942332315343,156.1043274741507,-0.12324875,-0.025526397,-0.061770547,-1.0398072,302.7226,302.7226
10394,151.0182861459249,141.96038866914608,-0.112475604,-0.021109112,-0.04675918,-1.0273174,304.6277,304.6277
10395,143.0243518699467,123.84126080700665,-0.13435437,-0.014612518,-0.10815626,-1.0212554,298.2271,298.2271
10396,135.68486546959122,105.94108425520241,-0.13832158,-0.014188659,-0.116803706,-1.0280554,299.09622,299.09622
10397,132.61265034262652,98.63332559141506,-0.14177518,-0.015802933,-0.14324631,-1.0216489,297.7229,297.7229
10398,136.453147934222,106.30385894766174,-0.13952434,-0.0071864934,-0.1392611,-1.021972,296.7637,296.7637
10399,144.5195059144306,122.54597660737569,-0.15600035,-0.003819207,-0.106648244,-1.0084156,303.96066,303.96066
10400,152.44109637375513,139.0028383906245,-0.13615891,0.0066849603,-0.1281047,-1.0343564,297.7182,297.7182
10401,158.19100631180157,152.75854031700078,-0.13960059,0.005981259,-0.12053788,-1.0323846,304.5401,304.5401
10402,161.84831400048367,163.99072673418925,-0.12303705,-0.0022969428,-0.08296526,-1.0299177,315.67947,315.67947
10403,163.81934601686487,171.3912594391063,-0.1285289,-0.004029225,-0.08680365,-1.0321523,322.2155,322.2155
10404,164.01667812572123,173.81421420406969,-0.13210659,-0.004549528,-0.07306627,-1.0318393,328.33612,328.33612
10405,162.55754632797573,173.44081518323927,-0.13858388,-0.004614715,-0.11001668,-1.0361292,329.0944,329.0944
10406,160.63197647437798,172.98124807434112,-0.1360972,-0.01027605,-0.099458665,-1.0355479,325.98648,325.98648
10407,159.70659721731428,172.24262059182496,-0.13253914,-0.0101332655,-0.13318095,-1.0368,324.28558,324.28558
10408,160.01488920551964,170.0936554742254,-0.13183565,-0.008465199,-0.108090065,-1.0336195,322.52338,322.52338
10409,160.64236276641932,167.04605955193605,-0.14125103,-0.008622365,-0.08508501,-1.0115683,318.2443,318.2443
10411,161.05824567993176,164.49352287631734,-0.14688054,-0.03263907,-0.13221027,-1.0308168,252.3363,252.3363
10412,161.85519976171776,163.13579415360243,-0.14890411,-0.025490548,-0.1355997,-1.0314016,261.49255,261.49255
10413,163.50422959267422,162.50245197010236,-0.14297947,-0.01546343,-0.12808947,-1.0361,268.86218,268.86218
10414,164.99000486321773,161.17336110431808,-0.14827846,-0.01618588,-0.14916055,-1.0392469,271.24005,271.24005
10415,164.85878366255406,158.00374755171148,-0.15312502,-0.013956107,-0.16383994,-1.0483189,279.528,279.528
10416,163.2447062275362,154.0469822845469,-0.15963747,-0.017350556,-0.16835816,-1.0558044,281.54422,281.54422
10417,161.70599037354947,152.1853011544696,-0.16098987,-0.017444383,-0.15755029,-1.0593415,287.2025,287.2025
10418,161.30050294445022,153.85678029091835,-0.1589074,-0.018706286,-0.15337832,-1.0592607,293.64685,293.64685
10419,161.68870231942353,157.43383566192642,-0.16184016,-0.019958599,-0.14547755,-1.056837,298.65903,298.65903
10420,162.10818472840415,160.3843593473358,-0.16182601,-0.02166708,-0.14470886,-1.0554688,302.16333,302.16333
10421,162.35572375890447,161.6606617247404,-0.15945084,-0.024773445,-0.13774878,-1.0519222,310.64224,310.64224
10422,162.56367910806068,161.7229334184618,-0.16129977,-0.025347281,-0.13995558,-1.0484885,312.82248,312.82248
10423,162.78344777080756,161.35226428088473,-0.16319454,-0.024468336,-0.13929892,-1.0450994,315.98755,315.98755
10424,163.0039775978448,160.88024073285547,-0.16803114,-0.03050429,-0.14530256,-1.0461302,315.7995,315.7995
10425,163.1564522156211,160.2252379276313,-0.16733128,-0.029418094,-0.13463405,-1.0475401,319.53207,319.53207
10426,163.16192127346932,159.32550918789966,-0.1735663,-0.03126453,-0.13886827,-1.0445404,322.12564,322.12564
10427,163.15513816508604,158.33598744629876,-0.1734275,-0.03127655,-0.12414013,-1.0468422,325.11832,325.11832
10428,163.49101565333817,157.4696277576556,-0.18023841,-0.031769518,-0.13262768,-1.0427587,322.3981,322.3981
10429,164.39370132748195,156.9882166666083,-0.18301046,-0.035134725,-0.12882313,-1.0459435,319.5915,319.5915
10430,165.6578410465653,157.09060232369447,-0.18328576,-0.034910236,-0.12550372,-1.0502945,321.3739,321.3739
10431,166.79375912834152,157.45543668057996,-0.18002227,-0.03460497,-0.110580765,-1.048268,326.05728,326.05728
10432,167.49991991850138,157.49948774020754,-0.18137842,-0.035870977,-0.10295049,-1.04735,325.51593,325.51593
10433,167.9467425832085,157.15597599996545,-0.18029112,-0.03505952,-0.09571514,-1.0491452,327.32944,327.32944
10434,168.4354006081022,156.93881608657188,-0.178313,-0.034976855,-0.088259645,-1.0456244,327.30908,327.30908
10435,168.8741834195096,157.4827176104108,-0.1769771,-0.035919573,-0.07501176,-1.0477542,329.14517,329.14517
10436,168.93830370326125,159.2647809775454,-0.17500706,-0.037763827,-0.0804924,-1.0545437,330.7379,330.7379
10437,168.60453762378717,162.53499122709897,-0.17290428,-0.03981146,-0.08517424,-1.0597441,334.6677,334.6677
10438,168.14298605940039,166.67929684435637,-0.1726815,-0.03731173,-0.08346933,-1.053718,336.9194,336.9194
10439,167.71666688031087,169.91526563868953,-0.17464073,-0.036866274,-0.0738371,-1.0478967,335.6528,335.6528
10440,167.3734215090389,170.9166244014885,-0.17315999,-0.037744608,-0.0712525,-1.0469831,338.38843,338.38843
10441,167.28014059020484,169.91748202898904,-0.1714746,-0.03806542,-0.07240625,-1.0566307,342.73593,342.73593
10442,167.552383462546,167.74508161736216,-0.17135637,-0.038689055,-0.066592775,-1.060132,339.77173,339.77173
10443,168.0666396706622,165.31500008155265,-0.16969389,-0.039079964,-0.06280372,-1.0439376,345.79227,345.79227
10444,168.78789960647018,163.73904479460484,-0.17120063,-0.04125672,-0.054906968,-1.0391492,343.5165,343.5165
10445,169.91384541980008,163.59212121727893,-0.17095782,-0.03959034,-0.054214347,-1.0421271,344.22824,344.22824
10446,171.38729522404108,164.39301521896462,-0.17159386,-0.040759906,-0.05702279,-1.0444471,345.89462,345.89462
10447,172.6833788070724,165.40169335156736,-0.17194924,-0.042111874,-0.05771441,-1.0525738,347.76172,347.76172
10448,173.33840749597144,166.62278126763576,-0.17154162,-0.044148423,-0.051269464,-1.0443805,348.39807,348.39807
10449,173.44790844167034,168.46648661588728,-0.17420176,-0.043701548,-0.050895806,-1.049096,344.23306,344.23306
10450,173.4913397634118,170.73038397688225,-0.17693867,-0.050782725,-0.05077844,-1.0510224,341.80496,341.80496
10451,173.7743828288386,172.62885521415245,-0.18088661,-0.05407408,-0.04737887,-1.049731,337.80246,337.80246
10452,174.18383715337535,173.86439579957636,-0.18153244,-0.05259374,-0.039735515,-1.0477881,340.2349,340.2349
10453,174.44366549962572,175.07502847999004,-0.1822052,-0.05165662,-0.03598102,-1.0406125,341.51913,341.51913
10454,174.5348487025235,176.66736270814934,-0.18306214,-0.05419211,-0.035521336,-1.040909,340.95236,340.95236
10455,174.8004175385157,177.8866027171271,-0.18341596,-0.05422051,-0.034606867,-1.0430944,338.93893,338.93893
10456,175.52234016037002,177.92569191095814,-0.18264687,-0.057585035,-0.026229572,-1.0458356,342.4517,342.4517
10457,176.5112597567099,177.0894497282958,-0.18113083,-0.055691127,-0.018481415,-1.0420252,346.6089,346.6089
10458,177.16158910480812,175.82086932741865,-0.17981584,-0.05407714,-0.018578678,-1.0392323,351.6276,351.6276
10459,176.7877217930421,173.7392545755457,-0.17552094,-0.053070758,-0.004948746,-1.0338333,358.08966,358.08966
10460,175.20932569771978,170.88387631231723,-0.17915829,-0.05458916,-0.0055922093,-1.0331827,358.99377,358.99377
10461,173.24908298796473,168.55035898229087,-0.18033434,-0.0571885,-0.013000719,-1.0353703,357.85748,357.85748
10462,172.2454657673142,167.92045920234816,-0.1790737,-0.058294527,-0.0060489816,-1.0374818,357.7666,357.7666
10463,172.71990140965804,168.7671659495553,-0.17860782,-0.056750353,-0.0007029083,-1.0349816,358.53064,358.53064
10464,173.843588372819,169.88460780371375,-0.18056533,-0.055146754,-0.004591359,-1.0351479,358.12646,358.12646
10465,174.49121188467075,170.4619319554219,-0.18054898,-0.055359527,-0.00030347393,-1.0362651,359.20312,359.20312
10466,174.3991472556011,170.62465740805177,-0.17790651,-0.05665463,0.0029150925,-1.0357485,362.49335,362.49335
10467,174.12425026278552,170.84151844013653,-0.17582238,-0.057236746,0.0068188333,-1.0339948,364.2686,364.2686
10468,174.2434397877918,171.44908216502265,-0.17260441,-0.056622148,0.015150308,-1.0316385,369.47073,369.47073
10469,174.72511255317576,172.53779367554833,-0.17082319,-0.05559033,0.020040482,-1.0304433,377.3551,377.3551
10470,175.1142444459985,173.89675545315544,-0.1691521,-0.059002534,0.028256217,-1.0293736,379.4817,379.4817
10471,175.26017790766048,175.07726294738023,-0.16964541,-0.059132136,0.037003003,-1.0300236,378.97614,378.97614
10472,175.4655964545434,175.63833482025578,-0.16873471,-0.05667043,0.039200407,-1.0313183,380.67792,380.67792
10473,175.94424505375756,175.60962967488095,-0.16838297,-0.057069045,0.041231498,-1.031562,380.21463,380.21463
10474,176.5828132607457,175.40580775487302,-0.169301,-0.057001654,0.043593146,-1.0348328,378.43268,378.43268
10475,177.19043194432027,175.04584363627706,-0.17226386,-0.0569652,0.048163313,-1.0371655,376.6241,376.6241
10476,177.65838434913078,174.43651103299487,-0.17268719,-0.058859807,0.058370925,-1.0329548,376.4127,376.4127
10477,177.86570805010322,174.33967686752658,-0.17579506,-0.060488246,0.06354069,-1.0300292,373.47656,373.47656
10478,177.6102515377429,175.53620812302233,-0.17838012,-0.05907878,0.07134889,-1.0265644,375.45972,375.45972
10479,176.78799504961904,177.32913083362791,-0.17791525,-0.06602849,0.07363096,-1.0276902,380.32623,380.32623
10480,175.5686988402468,178.17649943835704,-0.17970912,-0.06650819,0.06716486,-1.030948,383.2178,383.2178
10481,174.23812884375857,177.42601212116398,-0.18213488,-0.067536205,0.06369356,-1.032912,382.66873,382.66873
10482,172.99338910422208,175.88696992417127,-0.17996359,-0.06700097,0.06633953,-1.032211,386.91266,386.91266
10483,171.9903956656945,175.1171497882764,-0.18001062,-0.06502629,0.07776448,-1.0283111,389.56882,389.56882
10484,171.39704823728383,176.0359718630601,-0.17762618,-0.064392745,0.09218118,-1.0252012,391.7979,391.7979
10485,171.25148163908108,177.9441370282322,-0.17597122,-0.06255742,0.107106835,-1.0212966,393.9964,393.9964
10486,171.2845012462428,179.2830744723888,-0.17477062,-0.06065424,0.11178488,-1.0202836,395.4248,395.4248
10487,171.03194873378015,179.38771773172638,-0.17298114,-0.060044277,0.11711894,-1.0171226,398.6916,398.6916
10488,170.29080409994057,178.90493190928757,-0.17060702,-0.06355729,0.12773001,-1.012776,399.0723,399.0723
10489,169.36341921471322,178.50945278562793,-0.1696334,-0.06297363,0.1285778,-1.0162811,401.31134,401.31134
10490,168.76841683673072,178.032114137446,-0.1707211,-0.06582118,0.12673816,-1.0228082,403.30887,403.30887
10491,168.86395165899498,177.08166640093128,-0.1725858,-0.06435227,0.12856862,-1.0256205,401.00534,401.00534
10492,169.5337400017346,175.81664974068906,-0.17229368,-0.06701316,0.12812167,-1.0186305,407.84882,407.84882
10493,170.12840707880065,174.86148219549065,-0.17477207,-0.06939203,0.13178837,-1.0124137,409.95532,409.95532
10494,170.2386383911183,174.76995298830383,-0.1791787,-0.0724244,0.12839557,-1.0118814,410.33582,410.33582
10495,170.31187493151043,175.40306475447963,-0.18251683,-0.07415813,0.12057289,-1.0110698,410.4545,410.4545
10496,170.95134584076547,175.85762098445466,-0.18286307,-0.074327,0.108900204,-1.0136925,412.01175,412.01175
10497,172.12938989845082,175.43485801770933,-0.18266907,-0.075595655,0.10966713,-1.0131793,410.70383,410.70383
10498,173.40381185583874,174.45616285759274,-0.18475504,-0.0718735,0.10134116,-1.0178653,406.03937,406.03937
10499,174.44829205827529,173.74537173821886,-0.1835402,-0.07644934,0.10364192,-1.0278434,406.84973,406.84973
10500,175.2635087432439,173.65109733062957,-0.18368714,-0.076985896,0.11060438,-1.0222225,402.75757,402.75757
10501,175.97476526815663,173.93545628326993,-0.18993309,-0.07394335,0.11142839,-1.0243372,396.7452,396.7452
10502,176.4975259856677,174.22668844280162,-0.1852938,-0.07094681,0.1117787,-1.025597,389.91043,389.91043
10503,176.60439786029326,174.39424187440096,-0.19159238,-0.06521442,0.09799026,-1.0268878,384.55908,384.55908
10504,176.30786510285145,174.82500644065627,-0.19084404,-0.0653599,0.08968229,-1.0310515,385.29434,385.29434
10505,175.9819742522639,176.02561887456767,-0.18754442,-0.06649119,0.09447677,-1.0358744,388.6628,388.6628
10506,176.01517840016098,177.7857919233866,-0.1970387,-0.06334837,0.06514781,-1.0439739,380.87595,380.87595
10507,176.4072502320143,179.21962872519663,-0.19899504,-0.06505049,0.048556235,-1.0477355,381.0845,381.0845
10508,176.87134049533728,179.55292283746172,-0.1985775,-0.059808344,0.05631488,-1.0420759,381.8686,381.8686
10509,177.22427360048425,178.7472440086154,-0.19462864,-0.06498478,0.049283616,-1.0441694,379.09735,379.09735
10510,177.491024714967,177.5892719664936,-0.19796868,-0.06015985,0.04303701,-1.0437477,372.59134,372.59134
10511,177.86128515359303,177.0741192596367,-0.19868557,-0.063024074,0.03276494,-1.0468773,370.9152,370.9152
10512,178.5305046498723,177.56386766309402,-0.19792804,-0.06135019,0.0390817,-1.0366344,371.7532,371.7532
10513,179.3366193571149,178.55269344094472,-0.19841602,-0.06220014,0.022441221,-1.0405228,370.98596,370.98596
10514,179.84529405648598,179.1259112342571,-0.19995892,-0.062818736,0.0050394754,-1.0399926,367.16953,367.16953
10515,179.8747851416951,178.62553140849533,-0.20148915,-0.058471635,-0.0065296013,-1.0400971,364.83118,364.83118
10516,179.58982113702265,177.12195101842963,-0.2017417,-0.05814137,-0.011599742,-1.0393656,365.37195,365.37195
10517,179.17700536255927,175.39342970293424,-0.20169733,-0.0584324,-0.019028697,-1.0411851,362.63715,362.63715
10518,178.71630335804562,174.35555958013353,-0.2015506,-0.060010977,-0.03869046,-1.0467817,358.20065,358.20065
10519,178.32837945862286,174.3604354236945,-0.20150366,-0.056817118,-0.051721174,-1.0495858,360.7294,360.7294
10520,178.25651030638912,174.90454874353654,-0.20443162,-0.057667725,-0.071848236,-1.0527984,358.77747,358.77747
10521,178.6544286692736,175.08826231900022,-0.21365754,-0.055225227,-0.11594991,-1.0614786,354.26108,354.26108
10522,179.27863881549865,174.5192666666752,-0.21279798,-0.048419703,-0.12848206,-1.0611134,363.7942,363.7942
10523,179.5991114100231,173.54050690416938,-0.20948747,-0.04837643,-0.14647253,-1.053565,369.3253,369.3253
10524,179.3848402979316,172.5666147908453,-0.2044554,-0.04961006,-0.15539125,-1.0553923,365.9472,365.9472
10525,178.9643059429242,171.73372013023518,-0.20337617,-0.047864575,-0.16742517,-1.0557863,368.3246,368.3246
10526,178.72746050765716,171.13981754288264,-0.20234573,-0.045868643,-0.1598928,-1.0516571,373.26492,373.26492
10527,178.669703172011,171.05176013809165,-0.2127862,-0.039564036,-0.1868901,-1.0555507,371.2228,371.2228
10528,178.64015337478028,171.8295358043946,-0.20538905,-0.043999653,-0.17422858,-1.0483909,376.20285,376.20285
10529,178.65945711906681,173.3171665385513,-0.20552276,-0.04364429,-0.186493,-1.0498495,373.84274,373.84274
10530,178.65718526515124,174.52608554092336,-0.20136249,-0.03845142,-0.18321091,-1.0460006,378.15958,378.15958
10531,178.28832775293642,174.60793238498582,-0.20571306,-0.03447695,-0.19584736,-1.0441343,374.8276,374.8276
10532,177.3137854400208,173.7111889841873,-0.20820159,-0.034300093,-0.19698437,-1.0444282,372.73874,372.73874
10533,175.9112970651698,172.53004516526747,-0.20877708,-0.034716267,-0.19648263,-1.0414121,368.13852,368.13852
10534,174.67713199544846,171.67385618755057,-0.21291655,-0.03744773,-0.21596514,-1.0428176,359.4545,359.4545
10535,174.31906193353203,171.5051491636235,-0.21557565,-0.033070862,-0.24061757,-1.04706,354.62033,354.62033
10536,174.94790601914318,172.00004465869287,-0.22272259,-0.0321215,-0.27568698,-1.0456342,346.32034,346.32034
10537,175.909796473384,172.72845848861303,-0.2245278,-0.03103041,-0.28304023,-1.0456105,344.49493,344.49493
10538,176.5999107202845,173.17376726120014,-0.2189854,-0.03232351,-0.27105907,-1.0398664,339.79785,339.79785
10539,177.05020687306654,173.13440634048646,-0.21663056,-0.033174343,-0.27352563,-1.0351344,336.46814,336.46814
10540,177.60562374645056,172.84192355683015,-0.21933018,-0.0344725,-0.272304,-1.0348979,330.26886,330.26886
10541,178.14533850756075,172.7069131242361,-0.2231193,-0.031256463,-0.26986012,-1.0365727,325.14563,325.14563
10542,177.81392789959236,173.08533318617594,-0.22589713,-0.030821024,-0.25257897,-1.0279676,322.1646,322.1646
10543,176.0521267611631,174.20147170528278,-0.24405134,-0.039720986,-0.29226455,-1.0303304,304.844,304.844
10544,173.67369567698546,175.84535476415084,-0.25383842,-0.03905502,-0.30078232,-1.0307468,292.4685,292.4685
10545,172.13183610145455,177.30201471259406,-0.25247115,-0.040385526,-0.2944126,-1.0348885,287.61337,287.61337
10546,171.9669734057453,178.08875865580958,-0.25527552,-0.04209937,-0.301576,-1.0404086,284.63974,284.63974
10547,172.5243211265027,178.41158525675604,-0.2592882,-0.045207236,-0.3189923,-1.0411978,283.4872,283.4872
10548,172.86520097816305,178.6436667461887,-0.2625354,-0.04765292,-0.31198132,-1.0446893,284.75095,284.75095
10549,172.54791388371336,178.867135892424,-0.26018223,-0.053597305,-0.3061046,-1.044217,282.15604,282.15604
10550,171.7700319574533,178.99383817612707,-0.25732413,-0.052984163,-0.29865602,-1.0395446,281.98492,281.98492
10551,171.12112349440272,178.99083674158882,-0.25930953,-0.05181553,-0.30152658,-1.0327566,278.99313,278.99313
10552,171.01563765103415,178.89751297484835,-0.254261,-0.049698696,-0.27516162,-1.0271627,282.8937,282.8937
10553,171.33884119162423,178.73099888938322,-0.24930719,-0.05083282,-0.2573897,-1.035471,286.4819,286.4819
10554,171.86609489963243,178.50557240102574,-0.2529523,-0.04761121,-0.2539619,-1.0343133,284.32736,284.32736
10555,172.58055553533728,178.30044792991546,-0.255835,-0.05031481,-0.23822184,-1.0369016,282.13232,282.13232
10556,173.39657023452037,178.21747043463446,-0.25521013,-0.05709638,-0.23892903,-1.0561968,284.97528,284.97528
10557,174.04578042254724,178.27284035780235,-0.26092324,-0.061518114,-0.24653994,-1.0553169,281.10468,281.10468
10558,174.32978602575312,178.4179663912051,-0.25851956,-0.057386898,-0.23772241,-1.0590615,283.56772,283.56772
10559,174.2812244697136,178.62756393207283,-0.25899664,-0.058124587,-0.21534635,-1.0586356,285.01337,285.01337
10560,173.9804666338404,178.8052744050428,-0.260398,-0.058751296,-0.19232072,-1.0600126,284.2399,284.2399
10561,173.29228563449863,178.8330201890684,-0.26533064,-0.05804598,-0.17224298,-1.0592971,284.76318,284.76318
10562,172.14936406319325,178.76037722191043,-0.2710793,-0.066669606,-0.1884499,-1.0702055,279.83234,279.83234
10563,171.21707437089242,178.6697438756798,-0.26989347,-0.06630805,-0.1768358,-1.0720279,283.76154,283.76154
10564,171.5454661918265,178.63199291104343,-0.26969382,-0.074528776,-0.1645862,-1.0726565,289.44882,289.44882
10565,173.27226312178212,178.78450846256223,-0.2628905,-0.080311805,-0.13900362,-1.0714682,299.09213,299.09213
10566,175.2816600307971,179.08861834365624,-0.26309037,-0.08686639,-0.1210603,-1.0852069,302.38495,302.38495
10567,176.25922828848147,179.24996172949722,-0.2618259,-0.091495775,-0.09981856,-1.0925547,305.94635,305.94635
10568,176.11812893047298,178.91990540516787,-0.2577453,-0.095235124,-0.08437475,-1.085681,308.06516,308.06516
10569,176.0937266450179,177.8106494303769,-0.2591923,-0.097254716,-0.07810337,-1.0929513,313.1187,313.1187
10570,176.84617916519375,175.8753940284619,-0.26160938,-0.09730413,-0.056535546,-1.0929426,324.69073,324.69073
10571,177.39207316484786,173.5123113392507,-0.25829893,-0.08642393,-0.04420828,-1.0692977,334.57706,334.57706
10572,176.39689091827333,171.42001603518088,-0.259213,-0.0779047,-0.04136297,-1.0687127,336.44247,336.44247
10573,173.3516382298898,169.97067261021311,-0.23962593,-0.07419015,-0.0039905403,-1.038661,346.0026,346.0026
10574,168.4974466327283,168.77084920450594,-0.23017526,-0.061017882,0.05090624,-1.0246621,359.6988,359.6988
10575,162.7519140510426,167.29718621766014,-0.22864221,-0.05902681,0.051716603,-1.0207536,367.78693,367.78693
10576,157.4108358049595,165.84657159823323,-0.22243747,-0.061475884,0.09864115,-1.0025276,376.59564,376.59564
10577,153.06706777955583,165.2788980111075,-0.21941309,-0.07478887,0.08532921,-1.0093604,386.73813,386.73813
10578,149.59851212700966,165.7466946308382,-0.21118861,-0.07282173,0.11393353,-1.0009447,396.8314,396.8314
10579,147.9713375366148,166.1482223727985,-0.21906944,-0.064718634,0.13054302,-1.0036659,410.4503,410.4503
10580,150.57165035848487,165.3781872993074,-0.22927728,-0.0743408,0.15926118,-0.98220116,416.70538,416.70538
10581,158.0993827646886,163.558701981137,-0.23077205,-0.055523273,0.24279001,-0.96906966,423.13382,423.13382
10582,167.582879625792,161.07306220958196,-0.22343144,-0.066631325,0.29045776,-0.94799376,423.71368,423.71368
10583,174.64063618248215,157.71081409394253,-0.20877141,-0.0682268,0.3019281,-0.95316714,418.81583,418.81583
10584,176.21639837603166,153.81621467474446,-0.21089914,-0.062574506,0.33515075,-0.9260257,434.0558,434.0558
10585,172.0137065666808,150.38333239017305,-0.19807759,-0.056859154,0.37753168,-0.8870288,450.5462,450.5462
10586,165.08363828110828,146.8079869589721,-0.19724679,-0.05795334,0.41958395,-0.8479062,467.44653,467.44653
10587,159.3890804884913,140.01601091906838,-0.19996756,-0.0632545,0.44418713,-0.8374998,474.9934,474.9934
10588,155.65372106257527,128.34189669266388,-0.19264449,-0.06410998,0.47363424,-0.8095333,490.51965,490.51965
10589,151.20767277352454,115.30677410401306,-0.18519041,-0.0489712,0.4933881,-0.7614489,501.45316,501.45316
10590,143.90420831383966,105.7130192861361,-0.18365045,-0.0563238,0.5109801,-0.75287735,504.6829,504.6829
10597,134.9583042559039,101.4095925858848,-0.026036158,-0.11388537,1.0215898,-0.41349795,284.56097,284.56097
10599,125.88938852666391,102.0457517094419,0.25364977,-0.02264062,0.35288754,0.99523765,248.4594,248.4594
10600,111.46404213745659,100.72826309263498,0.065301,-0.060807012,-0.04999737,0.8929527,255.20996,255.20996
10601,85.99542770995566,86.16651266085252,0.16523817,-0.04360963,0.060602665,0.9390324,263.48907,263.48907
10602,58.5454827244242,59.926121580741864,0.25136468,0.023018014,0.28929055,0.953027,240.59924,240.59924
10603,44.48179513155329,38.31445389403943,0.77150536,0.06575538,1.3243725,1.0510451,121.505714,121.505714
10604,46.093443024342854,33.91547336967219,1.6980821,-0.021736726,3.0889914,1.0693009,58.480713,58.480713
10605,55.314057190343746,45.82616989147693,2.5353758,-0.041078698,4.7107944,1.068256,39.842007,39.842007
10606,63.372067150973976,64.44560984952231,2.582007,0.15995267,4.792621,-1.320588,38.79932,38.79932
10607,62.737930629896226,80.09632223704973,2.1333642,0.043472357,4.014537,-0.9319348,47.803368,47.803368
10608,53.73677681510254,89.15404506943717,2.075221,0.11900116,3.9006977,-0.9178551,47.094063,47.094063
10609,47.04688767373188,93.61411289069025,2.2938983,0.08538135,4.569734,-0.814938,43.026318,43.026318
10614,52.84559033389799,98.01933403683543,-0.17134859,-0.03699503,-0.1868715,-1.0382643,522.01965,522.01965
10615,76.54973600647483,110.06082590745334,-0.16094737,-0.027786762,-0.16195525,-1.0312502,562.819,562.819
10616,117.91351069627977,135.2817434373875,-0.15883969,-0.01459002,-0.14379461,-1.0264856,599.54095,599.54095
10617,162.6204994083695,165.9524310393928,-0.1688398,-0.010500811,-0.15543878,-1.0253413,609.00244,609.00244
10618,189.75751734012124,186.00661054655936,-0.16266116,-0.017792631,-0.14435098,-1.0217754,625.3755,625.3755
10619,192.8031892981696,188.4009470740783,-0.1698947,-0.018055608,-0.16844524,-1.0206809,638.37476,638.37476
10620,182.87488257365354,179.9614358946102,-0.17148402,-0.005445814,-0.18776834,-1.021826,641.0367,641.0367
10621,174.32043661483647,171.58335173707027,-0.16781946,-0.013562113,-0.16757572,-1.0190967,647.0879,647.0879
10622,173.19353684899644,168.6506205022605,-0.17054507,-0.026370436,-0.1517884,-1.0162047,641.7867,641.7867
10623,176.99598318534206,169.9428509953397,-0.17014633,-0.020803347,-0.16908643,-1.016338,648.758,648.758
10624,180.7405275920034,172.0712770400437,-0.16629547,-0.016731381,-0.18164016,-1.0201609,646.5836,646.5836
10625,181.8216001039572,172.8998299731904,-0.16587265,-0.016122986,-0.18852012,-1.0213203,642.1133,642.1133
10626,180.77976569445656,172.04540580746195,-0.16136944,-0.005164933,-0.20649523,-1.0203207,640.8952,640.8952
10627,179.43150667810198,170.24160326074065,-0.15974875,-0.008889957,-0.20066817,-1.0185934,638.5722,638.5722
10628,178.96076700050287,168.78577813904016,-0.19715047,-0.008704524,-0.23968332,-1.0174354,633.0614,633.0614
10629,179.33553632291643,168.87973256365268,-0.17590848,-0.010814371,-0.21288742,-1.0134485,626.0094,626.0094
10630,179.81815683221842,170.52867434609936,-0.17379165,-0.014727745,-0.20571351,-1.012325,625.1073,625.1073
10631,179.68813866995032,172.55202788861777,-0.19876449,-0.01240259,-0.24508628,-1.0113734,645.02655,645.02655
10632,178.69933452195286,174.2429347731906,-0.17971654,-0.015141383,-0.24122879,-1.0101712,652.56506,652.56506
10633,177.28137399844917,175.58909821316524,-0.17271632,-0.012002148,-0.25366923,-1.0047402,674.867,674.867
10634,176.36648794593177,175.95161711701815,-0.17685616,-0.011243812,-0.27446753,-1.0006639,666.0348,666.0348
10635,176.69891129281672,174.55116015894723,-0.17972508,-0.011573555,-0.29571292,-0.99779177,657.5744,657.5744
10636,178.09764988043585,171.9950963132001,-0.18384692,-0.012015868,-0.29402128,-0.99859124,655.5561,655.5561
10637,179.51810828898095,170.00246324817152,-0.17844532,-0.0073074806,-0.29626897,-1.0000837,661.16095,661.16095
10638,179.96142225873655,169.7842872531981,-0.1825451,-0.008119463,-0.3048386,-1.0009602,659.3285,659.3285
10639,179.25840250815233,171.15873297937446,-0.18059285,-0.008245569,-0.30607522,-0.9965541,661.71014,661.71014
10640,178.053546994891,173.04425627330474,-0.1847958,-0.0068918834,-0.30385882,-0.9921214,663.711,663.711
10641,177.20645296469758,174.40813596674835,-0.18382804,-0.006588206,-0.2989927,-0.99109006,659.878,659.878
10642,177.03350493531016,174.89912379692856,-0.18492186,-0.013582995,-0.29811132,-0.9961865,655.30475,655.30475
10643,176.9115044828345,175.10652496831312,-0.17958294,-0.0109820375,-0.30487174,-0.99581826,653.0995,653.0995
10644,175.91741452789347,176.03158072553308,-0.18781567,-0.0068187695,-0.31028172,-0.99589986,636.8315,636.8315
10645,174.0292529208977,177.85582523993193,-0.19017822,-0.0040392955,-0.3327171,-0.9932796,632.2169,632.2169
10646,172.2336174987598,179.63260979760156,-0.19127047,-0.0027539562,-0.33967295,-0.9884419,629.68713,629.68713
10647,171.37713539240744,180.4429828346273,-0.19099064,-0.0019511363,-0.35179994,-0.9835748,627.7642,627.7642
10648,171.43322870132798,180.2996226112219,-0.18594742,0.00096135726,-0.35841078,-0.9769708,628.91736,628.91736
10649,171.90028547841356,179.78475707822744,-0.18206984,0.0031012036,-0.35467592,-0.97266555,627.7096,627.7096
10650,172.45243071081316,179.32336482035043,-0.19948989,-0.00023356407,-0.3620904,-0.97051877,625.0794,625.0794
10651,173.1878819460701,178.98220546704408,-0.21424311,0.009917943,-0.37699386,-0.96968216,629.0387,629.0387
10652,174.42756602053385,178.68630346020575,-0.21265055,0.0026821,-0.38113347,-0.9754498,621.4795,621.4795
10653,176.01142007094046,178.47612654114963,-0.18861315,0.0011752478,-0.36938995,-0.97699356,617.70135,617.70135
10654,176.9394094613279,178.4530849839479,-0.2028045,-0.011440054,-0.38552248,-0.9833642,613.966,613.966
10655,176.3447300498346,178.53674023291782,-0.18945186,-0.010539721,-0.34136543,-0.9824448,611.68805,611.68805
10656,174.64868443358063,178.61577876952438,-0.18552695,-0.012983499,-0.33028758,-0.98173976,613.1675,613.1675
10657,173.24756706457995,178.74063733781438,-0.20520717,-0.012775598,-0.35380337,-0.9782619,612.96014,612.96014
10658,173.1014027406047,178.90248703608734,-0.1727037,-0.01288334,-0.2944097,-0.9785926,612.9032,612.9032
10659,173.90783808485466,178.9943303081086,-0.17481641,-0.014858852,-0.2951252,-0.97866726,611.9761,611.9761
10660,174.77048647993536,179.01015093791744,-0.20197529,-0.016466672,-0.3163872,-0.9788023,613.29193,613.29193
10661,175.26634372804776,178.99221559063412,-0.19704334,-0.010409644,-0.337606,-0.9733015,620.1056,620.1056
10662,175.52142432498636,178.89235165002302,-0.19977641,-0.018534694,-0.3140045,-0.9732569,625.88495,625.88495
10663,175.59152226798872,178.4943711369046,-0.1762986,-0.016954841,-0.29940915,-1.0085166,635.0812,635.0812
10664,175.22241395693726,177.52078082821234,-0.16482306,-0.03562298,-0.2664497,-1.0446774,621.44763,621.44763
10665,174.4314768869857,176.18066728120812,-0.16701318,-0.035167642,-0.22329193,-1.0352314,616.4287,616.4287
10666,173.98663320762807,175.38611900038154,-0.15539713,-0.02517707,-0.17345047,-1.0309232,615.9256,615.9256
10667,174.58885124176706,175.91865140095962,-0.13115707,-0.013600458,-0.18100268,-1.0223572,613.7237,613.7237
10668,175.7449715807396,177.3704241569811,-0.13694786,-0.012056543,-0.21148047,-1.0198729,614.9815,614.9815
10669,176.21950934117262,178.1700343043076,-0.14448765,-0.009442593,-0.22595029,-1.0182698,610.40375,610.40375
10670,175.48953458010473,177.15072206139462,-0.14901255,-0.009320653,-0.2557535,-1.0177168,619.136,619.136
10671,173.90755130490555,174.0201843619759,-0.1537766,-0.010645215,-0.25141153,-1.0283885,620.23535,620.23535
10672,171.00450712778894,166.65413415693544,-0.14051165,-0.019075833,-0.22759353,-1.0257621,606.00543,606.00543
10673,165.4969919083369,152.31226973268582,-0.12717491,-0.015162526,-0.18605348,-1.0190403,605.07324,605.07324
10674,159.42539713896775,135.8555084216178,-0.11747613,-0.014447558,-0.14913854,-1.0121691,606.2724,606.2724
10675,158.79233694219167,129.39600411007416,-0.11415802,-0.011508871,-0.16024646,-1.0118827,606.2218,606.2218
10676,165.99074932983817,138.45639131805493,-0.10937401,-0.017778227,-0.16129845,-1.014237,591.24866,591.24866
10677,175.74008268065901,155.45714939361343,-0.1065353,-0.022728277,-0.17838088,-1.0200341,591.3367,591.3367
10678,181.22081576573905,168.76334722480925,-0.09806877,-0.018039433,-0.17787755,-1.0211704,594.7122,594.7122
10679,180.61211653807177,172.62211512374554,-0.10757227,-0.016470052,-0.19387832,-1.0217837,596.49725,596.49725
10680,177.04484196459163,169.2616185784308,-0.12563983,-0.01578007,-0.18731712,-1.0238569,599.1475,599.1475
10681,174.53276006705843,165.36778689283224,-0.1424652,-0.016213454,-0.20645364,-1.0253555,593.575,593.575
10682,174.40666686991068,166.2103739556258,-0.17376699,-0.016121048,-0.19481495,-1.035558,588.45874,588.45874
10683,175.25976739902876,171.71762214809806,-0.17559314,-0.02436649,-0.2642007,-1.0340751,585.7313,585.7313
10684,175.5156743345022,177.73524375680304,-0.18974477,-0.018574642,-0.26949415,-1.0270977,603.522,603.522
10685,175.11599355531317,180.44312741849964,-0.19668896,-0.014259113,-0.27183795,-1.0208346,624.2838,624.2838
10686,175.00506979376223,179.39480879350586,-0.19081736,-0.0077797924,-0.2761017,-1.011967,641.8434,641.8434
10687,175.73046393430565,177.06983387687933,-0.20563768,0.0029373288,-0.30691248,-1.001157,640.95325,640.95325
10688,176.84152896248224,176.17013646926387,-0.20855398,0.00077542994,-0.30827212,-0.9978348,657.3974,657.3974
10689,177.63497960214136,177.32298571027314,-0.22185567,0.0032545063,-0.31687754,-0.9938754,673.1952,673.1952
10690,178.0808703181349,179.123729530534,-0.22459386,9.6947944e-05,-0.31935242,-0.9974775,673.6359,673.6359
10691,178.5619857679995,180.0343775635592,-0.22046705,9.1894624e-05,-0.31659713,-0.99906534,674.81335,674.81335
10692,178.98084379229545,179.8037618387568,-0.20898981,-0.0095438175,-0.30422142,-1.0082688,667.19147,667.19147
10693,178.76985713762426,179.17319254752164,-0.20553443,-0.005474789,-0.27642307,-1.0101703,661.50165,661.50165
10694,177.86563330807084,178.86818879282012,-0.20717584,-0.0031555672,-0.27769122,-1.0116905,664.3609,664.3609
10695,177.11484877573045,179.0686507916066,-0.22001417,-0.006247761,-0.26764515,-1.0194169,656.48517,656.48517
10696,177.31798041969364,179.5046678659483,-0.21593001,-0.012121072,-0.22730015,-1.0251423,656.2411,656.2411
10697,178.26760136678902,179.80239441314734,-0.20947592,-0.015140162,-0.17550462,-1.0239547,658.97107,658.97107
10698,179.05029118471614,179.56027147360575,-0.20207894,-0.011952397,-0.17714508,-1.0241368,662.38715,662.38715
10699,178.78471962651483,178.26722801920846,-0.18452588,-0.01414212,-0.13153389,-1.0230724,665.86536,665.86536
10700,176.7511405600111,175.71252168267907,-0.1847041,-0.0155610815,-0.11652283,-1.0209874,671.69305,671.69305
10701,171.45234888294308,171.1925193312532,-0.17565584,-0.0058108293,-0.10143526,-1.0228425,680.80725,680.80725
10702,159.74121574537202,161.67778724572435,-0.1587236,0.004450088,-0.07079968,-0.99856174,699.79193,699.79193
10703,140.808825642104,145.41858296939208,-0.12871473,0.019223573,-0.069633655,-0.9937799,694.68085,694.68085
10704,119.15011610332644,125.35911980338497,-0.09169,0.029331384,0.013112301,-0.95906544,678.2511,678.2511
10705,96.8074751236901,102.98184582011862,-0.0992006,0.014155769,0.07762034,-0.9794883,680.6074,680.6074
10706,71.64102455573321,78.64331082139493,-0.069619894,-0.0009623155,0.116038695,-0.9980692,628.16425,628.16425
10707,49.10246240504753,61.07498274806242,-0.049335826,0.018961398,0.13744265,-0.9623196,594.0124,594.0124
10708,42.91584633549482,62.147121497130726,-0.0667487,0.0026323495,0.1643491,-1.0049818,501.8733,501.8733
10709,58.05317839571173,79.35400631068731,-0.02465381,0.018879332,0.23193616,-0.97610176,519.8129,519.8129
10710,78.55963699267934,92.1005157678367,-0.031297114,0.019284818,0.18661524,-0.9639889,516.01697,516.01697
10711,83.10003110623221,83.74828622596397,-0.04568257,0.016990058,0.1715046,-0.962998,493.25867,493.25867
10712,74.17410515425246,65.12090229833342,-0.021248706,0.011535197,0.152293,-0.95648247,499.32098,499.32098
10713,77.0422407945525,64.75408398293786,-0.046709336,0.002507642,0.11976967,-0.98867184,445.44016,445.44016
10714,107.09319954628377,96.6738895692566,-0.03760604,0.014244463,0.15729254,-0.9827421,407.81332,407.81332
10715,150.9335937198611,145.17395346270902,-0.06412808,0.01182005,0.061666932,-0.990744,382.28397,382.28397
10716,181.53568430488414,181.4238640467406,-0.082650825,0.006319219,0.06944809,-0.9500652,386.56836,386.56836
10717,182.95930533301188,190.60644377894977,-0.044700485,0.021300621,0.02742326,-0.9492896,367.76764,367.76764
10718,161.29481848492696,178.84814878537907,-0.023984423,0.028963014,0.06903486,-0.9217132,377.34808,377.34808
10719,139.76852451730414,160.0110117934635,-0.035338625,0.03238695,0.014189279,-0.93962574,372.3721,372.3721
10720,138.7261506318153,145.60601186525471,-0.01993723,0.07105045,0.04504613,-0.9367818,347.02112,347.02112
10722,156.20407138579915,142.18055718657598,-0.22622694,0.013958987,-0.37747735,-0.9740818,711.7233,711.7233
10723,174.55860609004876,149.7724901005334,-0.21079324,0.013926967,-0.3986461,-0.97631204,700.7906,700.7906
10724,182.30357492514526,163.3075697689322,-0.2233828,0.013422627,-0.37148735,-0.96813345,691.74493,691.74493
10725,181.1805985846014,175.88720050142334,-0.22769292,0.004191938,-0.35959196,-1.0222646,697.8961,697.8961
10726,175.89814204162946,181.10152095551103,-0.14605528,-0.008174044,-0.18929389,-1.0168438,668.23206,668.23206
10727,161.4387403711965,172.62359143806458,0.091010585,0.0032228827,0.2405384,-1.0016255,639.1596,639.1596
10728,126.2550134504783,147.20420245106922,0.12430048,-0.006485005,0.30667126,-1.0118313,639.0381,639.0381
10729,74.36422361763805,117.391974357701,0.11799258,-0.031126503,0.2943705,-1.0268793,580.4658,580.4658
10730,30.930920836540967,107.9588046116637,0.016328668,-0.026226515,-0.009885505,-1.0068897,538.996,538.996
10731,15.653280999427537,125.149059549137,-0.112385005,-0.0010789483,-0.28666985,-0.9680663,538.31177,538.31177
10732,27.745921295031042,148.79403282728975,-0.16384274,0.0077969423,-0.36955544,-0.96490246,530.1495,530.1495
10733,61.5530784959816,162.20443816257642,-0.24574447,-0.00018956224,-0.3624202,-0.96616685,507.4397,507.4397
10734,112.21894433460346,167.53163201159518,-0.24493763,0.00046177002,-0.39556655,-0.97690314,546.9465,546.9465
10735,163.13962465436796,171.93180840595446,-0.25546446,0.017327916,-0.39978793,-0.97248936,584.7329,584.7329
10736,192.48777973976522,176.5506000417209,-0.2552637,0.020805571,-0.45111614,-0.9649394,585.7747,585.7747
10737,194.53928408620334,179.0410984784816,-0.2540187,0.019098483,-0.43769643,-0.96865755,584.89105,584.89105
10738,182.1808287489739,178.6105590263295,-0.26096958,0.01682139,-0.4453188,-0.96934736,582.34045,582.34045
10739,171.60557096336402,176.98136702603634,-0.23911835,0.020119889,-0.4620415,-0.9656365,599.7617,599.7617
10740,169.95707189660868,176.2909203434771,-0.22477995,0.026061496,-0.4763143,-0.9553865,610.8224,610.8224
10741,174.56127280523287,177.18528100496033,-0.2169298,0.020789027,-0.43751428,-0.9644307,609.28796,609.28796
10742,179.44550393213586,178.70274763264715,-0.21213314,0.021895757,-0.45107105,-0.9604576,612.3598,612.3598
10743,179.79542969166823,178.11003103794374,-0.115399994,0.044004254,-0.37552634,-0.964286,613.43,613.43
10744,171.37553421201855,170.36831229835573,-0.071716405,0.07477344,-0.2933417,-0.900708,559.00476,559.00476
10745,153.35198283967122,152.69759270045495,-0.09543671,0.08665306,-0.3352083,-0.8605,504.1333,504.1333
10749,131.93894808372147,128.90262264298204,-0.15069422,-0.031442683,-0.25960034,-1.0371957,397.01105,397.01105
10750,112.52632392180938,103.14805300636925,-0.17256245,-0.016383702,-0.29746497,-0.9878353,399.61542,399.61542
10751,93.9015607678551,77.1968042859246,-0.2282232,0.0059852093,-0.383062,-0.9794151,369.05347,369.05347
10752,75.84588808736146,58.204235819462966,-0.18781881,0.036610242,-0.3124521,-0.95840424,342.94162,342.94162
10753,63.337836015510995,55.78895327768238,-0.10176105,0.05963005,-0.1567888,-0.8847191,273.45938,273.45938
10754,64.94372291526113,69.71966710043851,-0.1540849,0.07961938,-0.23459935,-0.9104389,192.77432,192.77432
10755,88.66372654539495,90.97601916152038,-0.20293817,0.03705429,-0.26368743,-0.9476028,153.18958,153.18958
10756,129.94605898014123,112.2182556725538,-0.21650645,0.04294386,-0.32604358,-1.04165,182.64557,182.64557
10757,168.2645667470269,130.940344485362,-0.37879324,0.025190922,-0.6658051,-0.9827121,146.90787,146.90787
10758,184.6069807576457,146.90259796969866,-0.08372688,0.0063189603,-0.13587269,-0.99119884,231.10245,231.10245
10759,179.24057748866542,159.80968739090278,-0.22542945,0.024747971,-0.3316676,-1.0092894,219.89009,219.89009
10760,168.00865950590503,166.75810906134123,-0.30647486,0.043824285,-0.5438327,-1.0134009,255.40756,255.40756
10761,163.30783888403738,163.44180907359774,-0.2621992,0.018810112,-0.4165913,-1.0587476,246.46895,246.46895
10762,163.46704038009884,150.35757411505836,-0.27475467,0.014585386,-0.40139592,-1.0821664,231.49225,231.49225
10763,161.40574352393378,136.08332684678882,-0.15783946,0.051008813,-0.41160804,-1.1484962,97.810486,97.810486
10764,157.38293850314537,131.94126596351794,0.05082935,0.082559235,0.20706744,-0.9577893,91.04717,91.04717
10765,156.24346243680034,141.76338707742636,0.6392274,-0.0019361883,1.4006636,-0.55856603,125.80972,125.80972
10767,156.51695817129047,156.25912442242702,0.07021902,0.02334043,0.45086136,-0.9038511,485.2467,485.2467
10768,151.09273652911367,158.0267515104078,-0.021636507,0.012986761,0.30007812,-0.9436419,471.28638,471.28638
10769,137.23712606718314,139.21069485926125,-0.10008882,-0.02329871,0.16867302,-0.97621894,481.97913,481.97913
10770,122.67462240215644,116.41124287213165,-0.07912117,-0.0065407623,0.23038444,-0.9633431,506.3648,506.3648
10771,120.359142801653,114.84599068566531,-0.13946745,-0.031902235,0.10281076,-1.0142518,508.87128,508.87128
10772,135.0926234960382,137.3520120451967,-0.14838718,-0.03600786,0.09438524,-1.0229932,505.62863,505.62863
10773,157.88281483225492,163.39640707493191,-0.13682988,-0.04142032,0.09284613,-1.0308421,503.84268,503.84268
10774,175.40940549295917,175.26447149943,-0.12704262,-0.040283047,0.12596436,-1.02772,498.29437,498.29437
10775,181.53425600311067,172.9619768429971,-0.11041306,-0.040136863,0.15592256,-1.0070661,484.11627,484.11627
10777,177.9859796657275,165.87518477213888,-0.18657191,-0.04218366,-0.060720887,-1.1005213,361.91953,361.91953
10778,168.2251940662236,159.2314033921971,-0.08198728,0.015737489,0.058938917,-0.95819944,381.11948,381.11948
10779,155.12435099892247,152.31567230933646,-0.057220172,-0.0017235788,0.1407539,-0.9827834,427.24426,427.24426
10780,142.4910661666502,145.00129161663912,0.05721269,0.055072807,0.2871072,-0.95016384,432.14612,432.14612
10781,132.1330871186878,137.76046554808957,0.04892058,0.06294158,0.26937845,-0.9271263,439.34125,439.34125
10782,122.04527455584524,128.72378797702214,-0.06584554,0.034971982,0.074263774,-0.94107795,434.9865,434.9865
10783,114.6212674960634,118.44889393580759,-0.05002002,0.040888514,0.12550746,-0.9515104,435.6895,435.6895
10784,117.38290510831516,112.38921054715871,-0.018858125,0.07007033,0.14042546,-0.92810243,425.5133,425.5133
10785,129.8524512080494,114.71342264979009,-0.03414973,0.07360859,0.14399223,-0.9189117,432.00632,432.00632
10786,141.2300692573127,122.55735212844237,-0.029141996,0.08540204,0.15553664,-0.8912359,438.9209,438.9209
10787,141.44319571207262,126.76263854852304,0.050151613,0.12441441,0.30722776,-0.8552968,413.76062,413.76062
10788,128.68352496605567,120.44604852853395,0.025598917,0.10413893,0.20536023,-0.8614483,440.83554,440.83554
10789,112.1710334533502,108.0443493902944,0.030612662,0.067346394,0.21622416,-0.8933987,479.68045,479.68045
10790,104.77690421233598,99.70623565340003,-0.0074476693,0.046456814,0.15100521,-0.9132964,449.80188,449.80188
10791,104.57880623582544,94.33112712178735,-0.042313416,0.028969118,0.08569534,-0.94386107,451.66336,451.66336
10792,95.86574057789598,79.61682510249967,-0.092382364,0.018529143,0.0052846875,-0.94377136,439.54263,439.54263
10793,74.64204306838973,54.12321118301562,-0.11232325,0.005217589,-0.02056189,-0.9478117,418.58817,418.58817
10794,55.854710777852326,34.06932471039494,-0.11670926,-0.00068271556,0.0051646945,-0.96023506,423.40106,423.40106
10795,53.07036422533799,32.89174221827524,-0.12555325,-0.0046199514,-0.09716928,-1.0007651,419.27103,419.27103
10796,65.89219917625087,49.14174933123279,-0.16439115,-0.028288005,-0.1344926,-1.009688,425.3624,425.3624
10797,86.15790710394204,74.61416825137839,-0.14645278,-0.015371177,-0.10082669,-1.0184484,435.44473,435.44473
10798,104.48370188276526,99.87541286274065,-0.01167975,0.0130208535,0.23525071,-0.99034405,474.90863,474.90863
10799,113.68435758805663,115.92978831492242,0.025327846,0.02739732,0.24961318,-0.98593557,500.73328,500.73328
10800,114.76613752903148,121.2859425595582,0.07617858,0.031497777,0.31104353,-0.97557694,501.0817,501.0817
10801,112.89049451146184,121.48394791517002,-0.0068463315,0.023335868,0.1719979,-0.9763212,495.2648,495.2648
10802,106.73761750949606,118.75791735316626,0.0015235521,0.028188318,0.18097928,-0.9756285,492.35077,492.35077
10803,94.60151047121383,112.53292069478094,-0.1220495,0.012450841,0.041862234,-1.0075684,478.29703,478.29703
10804,86.29255768396685,109.42040235863817,-0.019807544,0.026934631,0.28657806,-0.9769941,505.89966,505.89966
10805,95.64198351387103,118.87415745640882,0.018605944,0.036361203,0.35073182,-0.9552281,501.2338,501.2338
10806,122.59852236162247,137.9900660636957,0.07322099,0.06429177,0.4610829,-0.906492,500.55237,500.55237
10807,151.20892965478112,153.22133878886513,-0.14264163,0.023326373,0.084754236,-0.9744132,505.90393,505.90393
10808,166.5710171658273,157.99277157392208,-0.106839925,-0.0069841403,0.16459022,-1.0016339,510.1192,510.1192
10809,166.89004993468575,157.0247092497409,-0.16138941,-0.040647812,0.06974945,-1.0558661,517.29517,517.29517
10810,157.38799992021845,153.86300738445757,-0.10611926,-0.033522572,0.15950128,-1.049238,518.7426,518.7426
10811,142.96561429175458,147.62342229166669,-0.025207143,0.003906968,0.33304724,-1.0123262,542.7127,542.7127
10812,132.2300745464337,142.4762772371712,-0.026310202,0.012232199,0.26213756,-0.99983,579.56506,579.56506
10813,135.26688910258298,146.30995358944662,-0.14099659,-0.02525163,0.059008643,-1.0157967,593.934,593.934
10814,150.67913352493764,159.04507199287218,0.019067474,0.015328402,0.32219225,-0.9721864,623.9375,623.9375
10815,166.05392636680708,171.976691013437,0.048769675,0.018491145,0.345274,-0.9685834,635.2016,635.2016
10816,171.66995357063152,177.16253070510334,0.05954538,0.0238834,0.36465907,-0.9541509,639.09125,639.09125
10817,166.65373849899424,172.88114547076515,0.038471185,0.028993256,0.33561566,-0.954983,666.0274,666.0274
10818,155.1636466249558,162.02385120548527,-0.010930945,0.02281102,0.24179684,-0.96116555,665.7003,665.7003
10819,142.46505277011056,148.96966510675998,0.0070643583,0.026318977,0.2907635,-0.9419495,697.4883,697.4883
10820,133.9771709136651,138.9530030071667,0.0247058,0.020912668,0.29975227,-0.9321162,710.81854,710.81854
10821,131.62090049991923,135.80937935251987,0.030430011,0.01161197,0.2809235,-0.9403865,743.49335,743.49335
10822,129.65070994326783,137.685934624416,0.07405694,0.016180027,0.3524717,-0.93086636,739.4295,739.4295
10823,120.96191246137161,138.76923513158022,0.07726413,0.014745663,0.32787812,-0.93506616,751.81006,751.81006
10824,109.06238221684902,136.8099968549919,0.07923387,0.02147258,0.30518484,-0.9414208,773.56104,773.56104
10825,105.686368733698,135.36430203662582,0.072924554,0.024205314,0.25127771,-0.9534048,766.75604,766.75604
10826,112.68464753766021,136.16551850999642,-0.038415655,0.016113902,-0.019093601,-0.9875175,728.56287,728.56287
10827,117.3931183222296,134.75360677690819,-0.11994825,0.006715317,-0.16350189,-1.0091771,710.8102,710.8102
10828,115.46519311443159,130.79990975197356,-0.17111306,0.007439523,-0.3130275,-1.0150065,694.8773,694.8773
10829,120.41351935029374,133.94614878118995,0.008077962,0.00672137,0.14531447,-1.0050832,680.76654,680.76654
10830,137.55460680571073,149.13193839417295,-0.03591788,0.006114591,0.008394676,-1.0070474,679.68665,679.68665
10831,153.9987760819196,167.1285060124075,-0.13800006,-0.0078013875,-0.2707881,-1.0038499,670.6414,670.6414
10832,161.96113264766356,176.56091572222712,-0.2023933,-0.007864436,-0.3397584,-1.0004747,665.7306,665.7306
10833,166.8660019960619,176.1325330490711,-0.20446926,-0.0087359,-0.33906826,-0.99936086,668.25037,668.25037
10834,173.22807367573458,172.6297113525435,-0.1974035,-0.010834084,-0.3277945,-0.99732345,664.7113,664.7113
10835,178.90847809104557,171.98091829290237,-0.18729378,-0.010352973,-0.33183938,-0.9937713,648.99176,648.99176
10836,180.62892481905573,174.3174362961191,-0.08246241,-0.013982192,-0.20580715,-1.0168147,658.90173,658.90173
10837,178.18841046229466,176.4700412169055,-0.1923195,-0.039451506,-0.25304237,-1.0053619,613.4998,613.4998
10838,174.55974270871306,176.69889086184534,-0.21232373,-0.029190881,-0.3282924,-1.0101346,585.2842,585.2842
10839,173.39345408548124,175.73307434841539,-0.20757516,-0.023109049,-0.31145972,-1.0125396,587.5463,587.5463
10840,175.5770333088872,174.67270132537197,-0.20924756,-0.0181292,-0.31181085,-1.011036,576.33466,576.33466
10841,178.74956485525757,173.81855268020368,-0.20777147,-0.023508226,-0.3215215,-1.010977,580.72675,580.72675
10842,180.42201605212634,173.1176682116478,-0.19996306,-0.021793477,-0.31765932,-1.0105944,586.5442,586.5442
10843,180.2736414457569,172.5279452809041,-0.19768141,-0.018416332,-0.33120716,-1.0098501,591.1713,591.1713
10844,179.46209554063114,172.09415358974434,-0.19867058,-0.017891873,-0.3134117,-1.0110424,595.8236,595.8236
10845,178.99468949368298,172.0710691917991,-0.20036726,-0.017850969,-0.30086255,-1.0104649,597.96844,597.96844
10846,179.07203469745934,172.76885263928958,-0.20330216,-0.017886525,-0.31462106,-1.0094271,598.21295,598.21295
10847,179.3320234763949,174.13123243598733,-0.20427135,-0.010393111,-0.33256125,-0.9987099,600.05615,600.05615
10848,179.3161277073004,175.67192985307108,-0.20554785,-0.0095959185,-0.33073962,-0.9882254,595.753,595.753
10849,178.81222896986867,176.92029627848015,-0.22114243,-0.01973553,-0.36273152,-0.9820123,597.1543,597.1543
10850,177.94294160848625,177.77933420572987,-0.22251743,-0.0017141083,-0.3734906,-0.97100586,608.319,608.319
10851,177.0179087876504,178.33874877153042,-0.22927661,0.0060180533,-0.3935096,-0.96656275,600.6504,600.6504
10852,176.33024681821652,178.59772608905047,-0.21247482,0.0019681705,-0.40783525,-0.9681778,588.0947,588.0947
10853,176.07790818021897,178.65511702537063,-0.22668818,-0.00032063038,-0.4143767,-0.95259255,586.6891,586.6891
10854,176.4049288690467,178.77216657515552,-0.22643222,0.0054286174,-0.41491434,-0.96316814,616.06116,616.06116
10855,177.2875327594138,179.02029123176476,-0.22346917,0.0037235112,-0.39682132,-0.96347934,621.77484,621.77484
10856,175.15131385741483,176.41124336707935,-0.035629567,0.04936568,-0.07444102,-0.9756108,670.5281,670.5281
10857,159.33920252186365,162.2385187754629,-0.043540467,0.026665118,-0.021516168,-0.97932214,631.4576,631.4576
10858,123.52685073761846,133.0049546846117,0.07901551,0.014771631,0.33217755,-0.95734364,702.335,702.335
10859,81.76666176197747,103.54100113326751,0.11109293,0.021572344,0.421854,-0.9277232,729.3885,729.3885
10860,59.551271476550326,94.58365997742887,0.12907848,0.015235313,0.51599514,-0.88606024,751.78064,751.78064
10861,70.85000796806172,111.64100684497645,0.005815181,0.004473116,0.23145504,-0.9509506,748.3947,748.3947
10862,108.43885952534164,143.4637304698666,0.105674885,0.033239584,0.4652679,-0.92020893,762.79846,762.79846
10863,150.50708740093566,172.34848209710694,0.1133747,0.041965675,0.4778748,-0.9120515,759.8053,759.8053
10864,177.16190226287026,185.09814693418463,0.111822136,0.03633942,0.44840097,-0.91909975,785.48157,785.48157
10865,179.58517516649437,180.55908191816394,0.118052185,0.005910344,0.4446709,-0.93975776,829.3276,829.3276
10866,152.9678512627823,166.0213862782472,0.11501027,-0.004896481,0.3675075,-0.9489568,834.7134,834.7134
10867,102.43679776341052,149.4322134414062,-0.07742917,-0.009549593,-0.2242801,-0.975774,863.24646,863.24646
10868,61.93407090438787,139.2881084971155,-0.18841915,0.0019178764,-0.4474573,-0.91529506,834.43427,834.43427
10869,70.30030281132319,141.71022484649558,-0.24972364,0.010272461,-0.47399402,-0.9003398,797.3548,797.3548
10870,122.47453664568201,152.43702857368757,-0.2274499,0.0036205046,-0.4677549,-0.90237015,781.04,781.04
10871,176.07252350987636,161.33769661271316,-0.21582359,0.03526159,-0.4782622,-0.9000583,712.41394,712.41394
10872,199.5197945985518,164.3170279451355,-0.19734445,0.03270112,-0.49704537,-0.8971855,702.0109,702.0109
10873,193.8912114327869,164.77813776402726,-0.19640417,0.03459889,-0.49016678,-0.89587283,691.79395,691.79395
10874,178.66813040405506,166.8161994208784,-0.19237246,0.031749215,-0.47322765,-0.8972795,679.093,679.093
10875,169.64951974694412,170.8418644652963,-0.19076166,0.030674104,-0.44479293,-0.90454733,678.6074,678.6074
10876,169.6776584612746,174.69174185959886,-0.19203304,0.02986253,-0.44435892,-0.90892595,677.1385,677.1385
10877,173.5980326116919,176.6742372115747,-0.19700146,0.0272805,-0.42841738,-0.9138893,674.0592,674.0592
10878,176.46649623653292,176.9187651632286,-0.19323497,0.023628704,-0.41588703,-0.9190361,673.4952,673.4952
10879,176.94590194507182,176.6280511767707,-0.19137141,0.021050645,-0.40831155,-0.92368835,672.86224,672.86224
10880,176.15836979090423,176.77452063216586,-0.19565663,0.017736563,-0.40316117,-0.9330247,665.57043,665.57043
10881,175.54665154619607,177.58097742684578,-0.19680172,0.01016634,-0.404398,-0.94285494,664.27997,664.27997
10882,175.7274139503901,178.69346577156708,-0.19888777,0.018254487,-0.4132572,-0.94853926,664.47437,664.47437
10883,176.49974918303303,179.4591725564701,-0.21000111,0.015584486,-0.42166054,-0.9521321,654.95605,654.95605
10884,177.46131535771963,179.3935289842241,-0.21543887,0.014657977,-0.40307447,-0.958953,650.0267,650.0267
10885,178.36950811523056,178.67992257195365,-0.21580763,0.018230163,-0.37366658,-0.9618574,639.4807,639.4807
10886,179.02850090231524,178.00385663513637,-0.21820652,0.011024714,-0.36554816,-0.96415097,633.9959,633.9959
10887,179.26516268235585,177.83935639535156,-0.2141103,0.009856119,-0.35234508,-0.97051656,630.44543,630.44543
10888,179.039412624863,178.07686515615245,-0.20562552,-0.0020830831,-0.35790077,-0.98037624,622.04736,622.04736
10889,178.39604026766608,178.25634344264975,-0.20118538,-0.0026616538,-0.36139706,-0.98580927,621.71313,621.71313
10890,177.47577085486057,178.0346939237332,-0.20363657,-0.0045326464,-0.3453788,-0.98978764,624.45734,624.45734
10891,176.60841489521775,177.52256086103597,-0.20420654,-0.008352675,-0.33385754,-0.9936049,627.38666,627.38666
10892,176.10617919697452,177.1440514528994,-0.20204464,-0.010926713,-0.30973452,-0.9993201,632.6999,632.6999
10893,176.00348771091177,177.13755966372284,-0.19966371,-0.01262067,-0.30988273,-1.0013821,634.5288,634.5288
10894,176.17427943675946,177.3541429594937,-0.2012641,-0.016163025,-0.2974975,-1.0025328,634.0049,634.0049
10895,176.45828553849364,177.5819749901823,-0.2030851,-0.014452317,-0.29740208,-1.0049694,628.2953,628.2953
10896,176.64267413617063,177.81486990418855,-0.20282927,-0.02001537,-0.2966952,-1.0066376,626.6912,626.6912
10897,176.63159026793954,178.08070311305642,-0.2032153,-0.0251419,-0.29038835,-1.0075676,624.5799,624.5799
10898,176.57104657453723,178.27651321488227,-0.20534416,-0.026964772,-0.28732383,-1.0081476,623.8699,623.8699
10899,176.6922880863388,178.28729555758122,-0.20731236,-0.027908318,-0.29580447,-1.0109963,610.89575,610.89575
10900,177.13692970120653,178.07906557289354,-0.20741959,-0.020319566,-0.29709196,-1.0136046,606.694,606.694
10901,177.87024910737657,177.66381540289225,-0.20934868,-0.023647303,-0.2996316,-1.0157075,595.7401,595.7401
10902,178.66382009070915,177.08687236948057,-0.21023528,-0.019256854,-0.30220374,-1.0188147,590.8065,590.8065
10903,179.2259785704946,176.44083204750575,-0.21079911,-0.015513148,-0.30699083,-1.0194619,586.2278,586.2278
10904,179.40566621450407,175.84771563067656,-0.2143154,-0.015113494,-0.3171726,-1.0173191,570.43976,570.43976
10905,179.29985250993954,175.4009150042919,-0.21400301,-0.014834583,-0.3277694,-1.0141495,564.60034,564.60034
10906,179.1884514327944,175.1029290994477,-0.21166384,-0.008715721,-0.34908408,-1.01121,558.5218,558.5218
10907,179.2978477338018,174.87675850722573,-0.21363601,-0.0034849867,-0.38500527,-1.0036898,550.1066,550.1066
10908,179.5794208642071,174.67654306165142,-0.21574591,0.0029730897,-0.4204919,-0.99692243,545.50195,545.50195
10909,179.75758767635475,174.56484894355492,-0.21154812,0.005109957,-0.4458796,-0.98747224,542.3455,542.3455
10910,179.51190083088136,174.65908482433136,-0.20175774,0.0041157734,-0.4530854,-0.97854763,538.0465,538.0465
10911,178.60214148861024,175.04865936968363,-0.20479226,0.0059536034,-0.4714149,-0.96996194,527.7422,527.7422
10912,177.1347826748552,175.74980155786898,-0.21007213,0.005289474,-0.46460247,-0.96803844,520.66205,520.66205
10913,175.73151147498842,176.6759139425418,-0.20747574,0.014613856,-0.48388478,-0.9537376,519.58496,519.58496
10914,175.00616157002995,177.64040803126156,-0.21414047,-0.00046077312,-0.48395875,-0.9515355,524.55145,524.55145
10915,174.90725288980875,178.38070430473186,-0.20998159,0.00903732,-0.5163839,-0.9442674,521.8298,521.8298
10916,174.98377528043434,178.55471142174622,-0.20887206,0.015203818,-0.5035027,-0.9436204,526.0391,526.0391
10917,175.10006261653416,177.93600600048194,-0.20863448,0.015981434,-0.5042648,-0.941241,530.0416,530.0416
10918,175.4386558589878,176.83356803759864,-0.21105023,0.016231684,-0.5031612,-0.93498045,536.5347,536.5347
10919,175.98896917841043,175.98560171989396,-0.21270403,0.015809715,-0.49100646,-0.923306,539.8292,539.8292
10920,176.44716264189466,175.81149568488607,-0.21148285,0.0153891435,-0.4918818,-0.9089641,545.75366,545.75366
10921,176.5952093770193,176.09948833955394,-0.21407223,0.024305334,-0.5127172,-0.8960611,552.827,552.827
10922,176.45115960973536,176.5033827200456,-0.20842521,0.020130072,-0.51108444,-0.8909876,557.4949,557.4949
10923,176.01729108220837,176.93685079511235,-0.20955715,0.019915743,-0.5243033,-0.88659024,565.25977,565.25977
10924,175.28323020890215,177.4017712445152,-0.20661518,0.019453224,-0.51633614,-0.8857994,573.94916,573.94916
10925,174.48103267392162,177.7863982101199,-0.20339519,0.019198975,-0.5149343,-0.8867928,578.5679,578.5679
10926,173.97224270078942,177.93615627085953,-0.2017631,0.026376642,-0.5193365,-0.88596255,585.1883,585.1883
10927,173.92634468198693,177.81601641044048,-0.20170069,0.026582817,-0.5234026,-0.8858507,585.0259,585.0259
10928,174.22666832078167,177.5609428674311,-0.20114659,0.028315175,-0.521348,-0.8854758,584.41205,584.41205
10929,174.63455157793402,177.31618161630874,-0.1996377,0.03418383,-0.5379169,-0.8809145,584.06494,584.06494
10930,175.0448420006862,177.07607431097696,-0.19769332,0.036867294,-0.54714346,-0.87675756,585.8878,585.8878
10931,175.48977084960296,176.79012703856844,-0.19665544,0.033829775,-0.55172837,-0.87449986,582.77325,582.77325
10932,175.90419197764803,176.50249991913978,-0.19258733,0.031969666,-0.5545271,-0.87360656,582.5644,582.5644
10933,176.12558548421183,176.23373217742267,-0.19184986,0.030928435,-0.54491216,-0.8763295,581.5269,581.5269
10934,176.10427924781033,175.92633095935645,-0.19313136,0.028043969,-0.53034544,-0.8807612,578.12396,578.12396
10935,175.94090334346276,175.6130707039675,-0.19454713,0.025778065,-0.52001345,-0.8861249,574.356,574.356
10936,175.77679393518116,175.44168093289346,-0.19606118,0.024786303,-0.5066077,-0.89432454,570.61487,570.61487
10937,175.6908122359654,175.52683926561886,-0.19684742,0.019138614,-0.48521107,-0.90708303,570.18744,570.18744
10938,175.678806369716,175.84516099938259,-0.19743124,0.01707246,-0.46553016,-0.921415,562.5151,562.5151
10939,175.7459448945708,176.2437324584246,-0.20098728,0.014348572,-0.45308828,-0.9325972,557.6063,557.6063
10940,175.92816781251707,176.5599333063677,-0.19929677,0.011064844,-0.43104574,-0.94595104,555.81665,555.81665
10941,176.15959267908036,176.71405558070853,-0.20110814,0.0053016013,-0.40878534,-0.95395195,557.7389,557.7389
10942,176.24839972303567,176.7212154166438,-0.20040587,0.0076176473,-0.4018331,-0.95818835,556.5369,556.5369
10943,176.0820234736014,176.6635775687473,-0.20030841,0.0054976353,-0.38759863,-0.96238136,557.99023,557.99023
10944,175.76338882369907,176.6102756910407,-0.20150527,0.005820934,-0.37979895,-0.96533805,558.30865,558.30865
10945,175.5003632683584,176.53987600549368,-0.1999736,0.0010355685,-0.35234156,-0.97182465,560.0364,560.0364
10946,175.47688061993608,176.29007615116265,-0.1992155,0.0033134292,-0.35292402,-0.97747433,561.71594,561.71594
10947,175.8063834143417,175.64857390549437,-0.19680882,-0.0011896732,-0.34260923,-0.9834809,560.549,560.549
10948,176.43983323691583,174.68386630517935,-0.19709304,0.0017031253,-0.35306546,-0.9878631,562.64325,562.64325
10949,177.11880978946542,173.86770161183935,-0.19006512,-0.0045956066,-0.3324507,-0.9918018,558.4743,558.4743
10950,177.55134623983835,173.63234696027612,-0.20093763,-0.004335778,-0.35499474,-0.99465907,551.0057,551.0057
10951,177.70353688892826,173.93402796801774,-0.19687375,-0.00737077,-0.33877757,-1.0015795,545.8805,545.8805
10952,177.7965511450159,174.4588434112537,-0.20142788,-0.0024276678,-0.3352367,-1.0059832,544.9164,544.9164
10953,178.00896140436475,175.00697760961467,-0.20073155,-0.007624599,-0.32857433,-1.0083,541.04407,541.04407
10954,178.35806389020996,175.44243061086053,-0.19925946,-0.012200323,-0.31817666,-1.0116812,539.8367,539.8367
10955,178.75921799076906,175.63035334617834,-0.20116338,-0.015504445,-0.30544758,-1.013147,540.0732,540.0732
10956,179.08848857292006,175.6460860397327,-0.20478208,-0.017282313,-0.30375844,-1.014773,541.2331,541.2331
10957,179.26558463735358,175.7960406594544,-0.20341599,-0.018098231,-0.29219374,-1.0175214,540.885,540.885
10958,179.29344491400326,176.2694308583176,-0.20401858,-0.02056342,-0.2831516,-1.0194075,540.9083,540.9083
10959,179.2213717368995,176.79274254418323,-0.20682,-0.01866092,-0.29273802,-1.0188795,540.9293,540.9293
10960,179.12716899273792,176.71633290794918,-0.19891354,-0.01690655,-0.27910507,-1.021002,537.74603,537.74603
10961,179.09631494998865,175.58499430722753,-0.1949667,-0.013134163,-0.27988738,-1.0220462,527.9053,527.9053
10962,179.04931132028162,173.66030733134647,-0.19651844,-0.017836966,-0.2924424,-1.0224131,523.41077,523.41077
10963,178.78757866465412,171.81862116172567,-0.19945332,-0.018266415,-0.29595125,-1.02195,524.8049,524.8049
10964,178.38228595872167,170.91568478456978,-0.20526789,-0.019294692,-0.30964968,-1.0174311,526.6347,526.6347
10965,178.17800685385743,171.17040146651215,-0.20826073,-0.019021492,-0.32036725,-1.0129908,525.5992,525.5992
10966,178.33823379477099,172.09324652672078,-0.20867214,-0.013864798,-0.3214622,-1.0092783,527.03625,527.03625
10967,178.62364614185736,172.9320504253848,-0.21039444,-0.011945325,-0.3316482,-1.0005438,523.8713,523.8713
10968,178.70387620675703,173.19823400734515,-0.21019004,-0.006340411,-0.33791974,-0.9939745,523.13556,523.13556
10969,178.6037300112862,173.03205362458957,-0.21275021,-0.0013978136,-0.36392534,-0.9843937,515.4185,515.4185
10970,178.66448787232082,173.10464780181647,-0.21342783,0.0047540483,-0.41144565,-0.9714177,509.71667,509.71667
10971,179.07444590443123,173.86337706288083,-0.20712498,0.012123366,-0.45560843,-0.95741177,506.33032,506.33032
10972,179.6101681505285,174.8644882504073,-0.20663688,0.025147844,-0.47810575,-0.94980407,495.99258,495.99258
10973,179.88846084113104,175.23090323649095,-0.20703267,0.024974978,-0.49022794,-0.9398398,487.4312,487.4312
10974,179.73240692449556,174.7350333874857,-0.20672885,0.014367039,-0.4864356,-0.93196744,489.47794,489.47794
10975,179.23212191504584,174.02577024107475,-0.2070546,0.013072175,-0.48498195,-0.92406476,496.25418,496.25418
10976,178.5946395360058,173.88458874542357,-0.2057768,0.013428632,-0.48415035,-0.9210969,499.6893,499.6893
10977,177.99510933510336,174.5440776482397,-0.2092089,0.016718531,-0.4939416,-0.91679347,504.64297,504.64297
10978,177.49167200447215,175.643571662416,-0.21234685,0.020412978,-0.50801694,-0.9140384,510.976,510.976
10979,177.0009052783644,176.6843719765284,-0.21284263,0.022554694,-0.5118999,-0.9095595,520.45795,520.45795
10980,176.37194734308324,177.4671251521825,-0.20986424,0.022024695,-0.5049522,-0.90766513,532.27826,532.27826
10981,175.55237784617034,178.0908383157591,-0.20647989,0.021772375,-0.49669158,-0.90653425,537.53296,537.53296
10982,174.66723559401734,178.65032527265925,-0.203014,0.021420078,-0.49290305,-0.9068626,540.89716,540.89716
10983,173.9749808960017,179.0478166038667,-0.2015569,0.020917417,-0.49896878,-0.90308404,544.8498,544.8498
10984,173.74110085952202,179.10984019233177,-0.20056537,0.020991832,-0.51637167,-0.8998736,549.5476,549.5476
10985,174.0120586699321,178.82007111619635,-0.1969079,0.020292437,-0.5049498,-0.9041084,551.19946,551.19946
10986,174.59152363415149,178.34811422479407,-0.20066555,0.020348648,-0.49467134,-0.9045135,559.17316,559.17316
10987,175.34560257120324,177.91070874368916,-0.20274502,0.020754483,-0.49912682,-0.90272784,563.78424,563.78424
10988,176.29068461794515,177.6994702875353,-0.20052646,0.021958347,-0.48918015,-0.9011656,573.34,573.34
10989,177.30756972321632,177.82046727564284,-0.1961739,0.022023762,-0.48123768,-0.9018893,579.00885,579.00885
10990,178.10684642008263,178.13920126723403,-0.18909027,0.022168336,-0.4773075,-0.90406203,582.0278,582.0278
10991,178.50197993033248,178.34996908428292,-0.19306602,0.02212803,-0.47217566,-0.9035487,583.43,583.43
10992,178.47807632845942,178.36069456770133,-0.1910275,0.02170289,-0.4719042,-0.90176636,584.4083,584.4083
10993,178.13556444751973,178.34423878374594,-0.18529056,0.021469243,-0.44081008,-0.9036738,583.3825,583.3825
10994,177.74492653805677,178.35598702033047,-0.1845619,0.021179441,-0.44338778,-0.9010573,583.6417,583.6417
10995,177.6616753040663,178.27631066549233,-0.1832729,0.012030847,-0.4158232,-0.9050363,574.75543,574.75543
10996,177.98577538573704,178.14298689118144,-0.18906234,0.0107792355,-0.4536231,-0.90188354,574.7677,574.7677
10997,178.40530976447548,178.16905410587583,-0.18948145,0.011427455,-0.45860156,-0.90612614,575.279,575.279
10998,178.45182757507607,178.45289051040905,-0.19182311,0.015035086,-0.46524623,-0.90881175,570.4999,570.4999
10999,177.90907464503462,178.91728409069896,-0.19438744,0.020659268,-0.46872786,-0.911503,562.9378,562.9378
11000,177.0723740959325,179.42088627342773,-0.19456324,0.019411415,-0.47805476,-0.91162807,561.036,561.036
11001,176.46705496939026,179.7915015750139,-0.18937352,0.023051692,-0.4633125,-0.91806126,561.56165,561.56165
11002,176.23826038653266,179.84287219768458,-0.19068263,0.020677133,-0.45258775,-0.92211187,561.70166,561.70166
11003,176.11248474937543,179.517956999403,-0.19054513,0.02427505,-0.45055816,-0.9229541,565.6558,565.6558
11004,175.90018933009844,179.01494648711,-0.1888552,0.020802319,-0.44395182,-0.92431545,566.90643,566.90643
11005,175.69407567113487,178.60270970101192,-0.18568967,0.019193288,-0.4272198,-0.9284249,565.7521,565.7521
11006,175.69036058083273,178.38116966814042,-0.18532547,0.013765492,-0.3980827,-0.935361,556.6438,556.6438
11007,176.00541643327782,178.3321376967779,-0.18458045,0.013794125,-0.36145717,-0.9406287,556.54584,556.54584
11008,176.54901568536306,178.41226641367368,-0.19330075,0.0075088385,-0.35108,-0.94614744,549.5883,549.5883
11009,177.08686583169148,178.4677371814592,-0.19250292,0.006079509,-0.35856846,-0.9497738,551.7301,551.7301
11010,177.4638246810099,178.2859926883905,-0.19411434,0.0010175146,-0.36396116,-0.95330715,552.3377,552.3377
11011,177.65226367838991,177.96799628800503,-0.19664267,0.007270917,-0.3799483,-0.95317864,563.4337,563.4337
11012,177.61449295324385,177.96717116738398,-0.20305575,0.007283488,-0.39259225,-0.9527596,564.3216,564.3216
11013,177.2713847735951,178.48321900842865,-0.18756585,-0.0046758903,-0.3688064,-0.9567902,585.22546,585.22546
11014,176.6477830780713,179.1572283702559,-0.1870631,-0.004088841,-0.34642297,-0.95827335,582.22253,582.22253
11015,175.97748594112605,179.53477177162176,-0.1844645,-0.0076145222,-0.34184638,-0.96039826,576.2914,576.2914
11016,175.58766171561024,179.4946137758494,-0.18900447,-0.009510452,-0.35235617,-0.96428794,571.9576,571.9576
11017,175.69256403197167,179.09614568908088,-0.1887863,-0.0087222345,-0.34977013,-0.97247016,573.16364,573.16364
11018,176.27743357383076,178.25334204760722,-0.19064124,-0.008454005,-0.32648793,-0.98093283,573.7908,573.7908
11019,177.01591585102378,176.90984623992463,-0.19331516,-0.0084380135,-0.32038492,-0.9868817,572.9252,572.9252
11020,177.42003404425947,175.5244382341051,-0.19736637,-0.009607931,-0.29759622,-0.9893948,573.62537,573.62537
11021,177.31506272806675,174.88131673319774,-0.19790816,-0.009505177,-0.28270397,-0.99301165,575.01044,575.01044
11022,176.99099897240367,175.22609826945532,-0.19195865,-0.009869518,-0.27039474,-0.99713814,575.55194,575.55194
11023,176.78722359852713,175.92855308227038,-0.19116864,-0.010069927,-0.26979208,-0.9985575,574.171,574.171
11024,176.73424636558212,176.1948648922487,-0.18739693,-0.010044993,-0.25718832,-1.0008736,572.64325,572.64325
11025,176.6117935508123,175.91063399611505,-0.18581584,-0.009904472,-0.24817225,-1.0043659,574.24786,574.24786
11026,176.2564894444294,175.59402544655651,-0.18815279,-0.013119254,-0.247844,-1.0076065,569.6411,569.6411
11027,175.79479808921707,175.71641070580816,-0.19057393,-0.013665576,-0.2431385,-1.0102916,568.1546,568.1546
11028,175.4627431187108,176.31494367131162,-0.19231442,-0.0120624695,-0.25138655,-1.0113691,566.347,566.347
11029,175.2955180575284,177.09114170126557,-0.19516991,-0.016514692,-0.25637895,-1.0116885,561.03864,561.03864
11030,175.26016662675664,177.70360133485286,-0.19634914,-0.0156566,-0.25590533,-1.0121325,559.51685,559.51685
11031,175.464286138589,178.0538790309855,-0.20584212,-0.014760977,-0.26701087,-1.0146288,556.54095,556.54095
11032,175.96354905937537,178.188478337994,-0.21163116,-0.0148937395,-0.27517232,-1.0157114,553.81335,553.81335
11033,176.60793952148535,177.9897845293427,-0.20937775,-0.01577335,-0.26865074,-1.0145607,553.0731,553.0731
11034,177.14643210879643,177.36537585993315,-0.20261991,-0.015795462,-0.27972886,-1.014962,552.27954,552.27954
11035,177.3421295654558,176.58874392412199,-0.20116605,-0.015863158,-0.29625395,-1.0133799,550.4037,550.4037
11036,177.15990849196018,176.01311956590268,-0.20103964,-0.016107285,-0.31411675,-1.0107446,548.76483,548.76483
11037,176.89329307443737,175.6278370773611,-0.20557994,-0.016558286,-0.31163377,-1.0079606,549.5244,549.5244
11038,176.9098237766508,175.24061048116627,-0.20290321,-0.017242642,-0.31737748,-1.0059736,550.07117,550.07117
11039,177.2797376214064,174.87821582235884,-0.1979954,-0.015712095,-0.3449244,-1.0037351,549.22375,549.22375
11040,177.79595605551458,174.68566065342011,-0.20393242,-0.011039406,-0.36016697,-0.9980855,541.93176,541.93176
11041,178.29848012647273,174.62781588298014,-0.20893161,-0.009204791,-0.36688495,-0.994745,541.1863,541.1863
11042,178.78181436798482,174.5524543626692,-0.21305834,-0.009040698,-0.3655672,-0.98486733,539.1,539.1
11043,179.23355401285778,174.40680613677728,-0.21207987,-0.0016742643,-0.37466305,-0.98122144,541.8658,541.8658
11044,179.56950250211352,174.24350912046006,-0.20950384,0.0038997123,-0.39371225,-0.9779195,546.8527,546.8527
11045,179.71903500288124,174.08729904737348,-0.20780826,0.0044461847,-0.41656107,-0.97398484,552.4784,552.4784
11046,179.677114909039,173.88921195586232,-0.20738463,0.0038378364,-0.42345154,-0.968209,559.1682,559.1682
11047,179.52211691646644,173.6112021612714,-0.20426854,0.0065605985,-0.43244186,-0.96118534,560.8396,560.8396
11048,179.41452514705725,173.2469177690975,-0.20525631,0.008215409,-0.44830355,-0.95416796,563.3974,563.3974
11049,179.44975306630946,172.78845917981457,-0.20604163,0.008794187,-0.4559669,-0.94788015,565.5453,565.5453
11050,179.5168953509369,172.30753723761975,-0.20129983,0.013383055,-0.46325824,-0.9408417,567.9352,567.9352
11051,179.4429218218303,171.9526676777309,-0.1979965,0.012749619,-0.4615794,-0.93672764,567.81146,567.81146
11052,179.1740330915549,171.79586501676428,-0.19298166,0.012689008,-0.467596,-0.9301644,567.14703,567.14703
11053,178.7216039046501,171.82051159712853,-0.19464613,0.014183197,-0.48843676,-0.92333084,569.7884,569.7884
11054,178.10181688928978,172.10763883887304,-0.19873357,0.018495811,-0.5107925,-0.91486675,569.1481,569.1481
11055,177.33109843507296,172.94340723601363,-0.19866042,0.020927792,-0.5147074,-0.9098346,569.0372,569.0372
11056,176.38847784197648,174.52640428179637,-0.200439,0.022065258,-0.51418453,-0.9069195,570.14166,570.14166
11057,175.2869096261269,176.5631819166422,-0.20213522,0.021830445,-0.50860375,-0.9073903,570.19037,570.19037
11058,174.2288206564128,178.34127627810622,-0.20283723,0.02175519,-0.5137785,-0.8987713,576.0905,576.0905
11059,173.61433921402025,179.15307507415588,-0.20072854,0.02296564,-0.5171857,-0.8930078,579.89355,579.89355
11060,173.75633187179892,178.73541776228325,-0.20192485,0.023344196,-0.52636397,-0.8911617,581.99396,581.99396
11061,174.53174473570542,177.49986900905236,-0.1999895,0.024047641,-0.51838964,-0.8917634,584.57874,584.57874
11062,175.3762217873515,176.28839008137334,-0.19902337,0.024024,-0.50028974,-0.89403105,584.97107,584.97107
11063,175.67742131877935,175.8390727682659,-0.2013228,0.024068804,-0.5077758,-0.8919613,586.489,586.489
11064,175.27339992918044,176.3276165438813,-0.19685604,0.023275392,-0.5005301,-0.8922435,587.6059,587.6059
11065,174.525396111128,177.30099985798097,-0.19830337,0.028333012,-0.5030785,-0.89144725,592.4714,592.4714
11066,173.8716535901258,178.15370607771493,-0.19441321,0.023552554,-0.48678994,-0.8927338,595.22906,595.22906
11067,173.51777293909325,178.60101582716354,-0.19644347,0.023129411,-0.4950713,-0.8913979,596.2334,596.2334
11068,173.5185554600269,178.67306574804905,-0.1938919,0.02265968,-0.48912,-0.8914161,596.7092,596.7092
11069,173.79992327354358,178.53391524344312,-0.19463064,0.021546202,-0.4831006,-0.8922952,596.31805,596.31805
11070,174.1080582839507,178.36578841722184,-0.1964942,0.019818693,-0.49009803,-0.8918738,599.6314,599.6314
11071,174.23864450553145,178.2427871118341,-0.19591801,0.019781906,-0.4930643,-0.8905844,599.25934,599.25934
11072,174.2347429107935,178.1104044876812,-0.19555213,0.01997147,-0.5021078,-0.88844085,599.25574,599.25574
11073,174.22725326488566,177.93640224615748,-0.1946875,0.020623801,-0.505151,-0.88753957,599.3068,599.3068
11074,174.27223399140468,177.795171625447,-0.19658141,0.021436697,-0.5065605,-0.8871506,598.5442,598.5442
11075,174.4119285125167,177.73501908139144,-0.19816601,0.02220164,-0.50593543,-0.8870307,597.2316,597.2316
11076,174.7556105346554,177.6369841205147,-0.1999853,0.02201439,-0.5017601,-0.8892959,596.11774,596.11774
11077,175.3998343335067,177.32168452832846,-0.20011131,0.025990551,-0.5044371,-0.8904991,594.99445,594.99445
11078,176.26744546571575,176.78215949645082,-0.201658,0.025727319,-0.50394475,-0.8934817,591.50726,591.50726
11079,177.11863386196336,176.2073282615512,-0.20205455,0.024876373,-0.49782613,-0.895459,590.1449,590.1449
11080,177.78121267674223,175.75516869409307,-0.2009561,0.024569046,-0.49189615,-0.8990558,587.80853,587.80853
11081,178.2895878779596,175.39288482296044,-0.20119734,0.026230246,-0.48960626,-0.90045536,588.16583,588.16583
11082,178.74202756437188,175.02895349741988,-0.20256831,0.028251523,-0.48602045,-0.9022679,591.06067,591.06067
11083,179.1189245991647,174.71286057017264,-0.2015954,0.028580451,-0.48085564,-0.9049568,595.9995,595.9995
11084,179.31900998686203,174.5617252494549,-0.20225643,0.025118789,-0.47896275,-0.90709376,598.51843,598.51843
11085,179.30703602959892,174.5579128797065,-0.20095946,0.025723007,-0.4715245,-0.9109354,604.07776,604.07776
11086,179.14522692370707,174.57762817890344,-0.20151472,0.022129202,-0.46524978,-0.9134924,607.44446,607.44446
11087,178.90815009916352,174.55395317174967,-0.2010452,0.021400772,-0.46415263,-0.91427475,609.18304,609.18304
11088,178.65942073259552,174.47717723087314,-0.19958398,0.021025017,-0.46060854,-0.914914,609.2421,609.2421
11089,178.50227113743168,174.31218528452837,-0.19858293,0.020710649,-0.4597747,-0.9156949,609.967,609.967
11090,178.52222325082562,174.04307645088124,-0.19776878,0.01955865,-0.4549002,-0.91757196,612.03516,612.03516
11091,178.67433663937766,173.73937135428852,-0.19583763,0.020030154,-0.45514387,-0.91791755,613.7414,613.7414
11092,178.83097242422122,173.4823253355512,-0.19572335,0.01984873,-0.44679052,-0.9185956,613.93915,613.93915
11093,178.9220695564996,173.25980888579363,-0.1921716,0.019050473,-0.43969974,-0.9198731,614.53986,614.53986
11094,178.9907795316152,172.96939985840586,-0.18784069,0.02185552,-0.43587473,-0.92084855,617.2349,617.2349
11095,179.13910377693713,172.537391157835,-0.18719326,0.02244457,-0.43989056,-0.9228065,619.63086,619.63086
11096,179.37571690074026,172.08652336314546,-0.18628787,0.020374283,-0.44506294,-0.9231474,622.47565,622.47565
11097,179.52859914089743,171.92078466233949,-0.18365377,0.019251004,-0.44331726,-0.92504364,625.15765,625.15765
11098,179.44263619592513,172.2018628510885,-0.18142901,0.019860126,-0.44238678,-0.92593145,625.9537,625.9537
11099,179.22140229408052,172.69903074398638,-0.18024378,0.019504882,-0.44486454,-0.9260308,627.35944,627.35944
11100,179.12172692283374,172.97908713296914,-0.183721,0.02028513,-0.44448045,-0.9261756,628.67163,628.67163
11101,179.2618724811822,172.81237803058897,-0.18285227,0.022141965,-0.44719526,-0.92628044,630.591,630.591
11102,179.51194514120738,172.39268006082918,-0.1848529,0.021479324,-0.4424641,-0.92709124,629.6481,629.6481
11103,179.6304474046908,172.18997617801708,-0.18602219,0.023377804,-0.45214987,-0.9261155,628.93524,628.93524
11104,179.52094996503212,172.49720172425577,-0.18669936,0.021906886,-0.45227012,-0.9258948,627.10486,627.10486
11105,179.36271295335206,173.09068108792334,-0.18666416,0.022707954,-0.45208707,-0.9259401,626.4099,626.4099
11106,179.4064792394834,173.4587451479871,-0.1871755,0.021685954,-0.45587006,-0.9244897,627.0034,627.0034
11107,179.64834108223798,173.37477038577248,-0.18953481,0.021326946,-0.45621926,-0.9229872,625.8416,625.8416
11108,179.81518619424332,173.09800573540926,-0.19178748,0.020488938,-0.4538373,-0.92011523,628.0721,628.0721
11109,179.67881484382616,173.01450981725284,-0.19453827,0.01990607,-0.4486185,-0.9188528,626.82697,626.82697
11110,179.29339218227233,173.2435713343828,-0.19458549,0.021840248,-0.4461194,-0.9170153,627.3806,627.3806
11111,178.89972958374807,173.60237452947933,-0.1925777,0.020796621,-0.44614443,-0.91654646,626.2403,626.2403
11112,178.66818637693626,173.83358888054983,-0.19199406,0.021657936,-0.45600078,-0.91317266,625.76294,625.76294
11113,178.60152060040147,173.81931376133087,-0.19267076,0.021050157,-0.45600715,-0.912875,625.1287,625.1287
11114,178.64254400146015,173.59624882246754,-0.19400711,0.019169923,-0.45879757,-0.91256887,622.1472,622.1472
11115,178.7543723230496,173.2564920288778,-0.19569601,0.019467935,-0.46448043,-0.9114594,619.02545,619.02545
11116,178.87618955551287,172.89993017645457,-0.19643392,0.019752132,-0.4694073,-0.9092585,617.9923,617.9923
11117,178.91376458052702,172.63512296440925,-0.19726926,0.019671194,-0.48223257,-0.90665436,617.35156,617.35156
11118,178.8412243173934,172.56114115738055,-0.19752619,0.021744166,-0.5018527,-0.9018787,615.59033,615.59033
11119,178.7194123972225,172.74672107045743,-0.20021331,0.022382729,-0.5057807,-0.89805114,613.3531,613.3531
11120,178.53329207891258,173.26627719404263,-0.20251015,0.022151148,-0.49887347,-0.89760727,612.0724,612.0724
11121,178.18531335005773,174.1286990363497,-0.20250544,0.01752231,-0.4845886,-0.9020213,612.0266,612.0266
11122,177.7672442649051,175.02853318736715,-0.19690832,0.017818939,-0.494146,-0.89667684,609.53845,609.53845
11123,177.54165777929367,175.4784888726335,-0.19457759,0.020920962,-0.5000449,-0.89402837,615.42316,615.42316
11124,177.5252058879968,175.46306314375266,-0.19640493,0.014645309,-0.4905534,-0.894859,618.4154,618.4154
11125,177.440009448768,175.5566558815081,-0.19847423,0.015890745,-0.4954463,-0.8923027,618.00476,618.00476
11126,177.1380698700979,176.1315014221326,-0.19544831,0.020457169,-0.49937326,-0.89062077,620.89044,620.89044
11127,176.78143602449688,176.8817737721073,-0.20099749,0.020542756,-0.50042284,-0.89024335,621.1024,621.1024
11128,176.61342997323752,177.31886005542816,-0.20236796,0.020992124,-0.50960404,-0.8861926,614.0463,614.0463
11129,176.70039712604424,177.3598549022544,-0.20055003,0.02154942,-0.5030827,-0.88662684,611.8068,611.8068
11130,176.87845979007707,177.28661574224867,-0.20573956,0.02005589,-0.5080334,-0.88402915,601.7547,601.7547
11131,176.9459263842789,177.37388414912112,-0.20632605,0.019949907,-0.5038013,-0.8848707,602.09393,602.09393
11132,176.89175121478155,177.65927239450843,-0.20944813,0.020083744,-0.50860596,-0.88458925,603.36346,603.36346
11133,176.8350266894886,177.99719902233616,-0.20667109,0.01975442,-0.50553435,-0.88441616,604.9625,604.9625
11134,176.77401227369413,178.26161483074137,-0.20443635,0.020929731,-0.5004125,-0.88515395,605.4602,605.4602
11135,176.5877328420391,178.4192964848095,-0.20403932,0.019209545,-0.49465886,-0.8869116,605.18695,605.18695
11136,176.29205255303094,178.45375241526224,-0.20292528,0.017585404,-0.4854409,-0.8902008,608.2898,608.2898
11137,176.06261766706422,178.33315397478236,-0.19542208,0.013529196,-0.47860333,-0.8954688,608.26746,608.26746
11138,175.94953528601388,178.05861931013783,-0.19266252,0.011078465,-0.4723652,-0.9015098,607.1746,607.1746
11139,175.78885255282404,177.70809828881147,-0.19215241,0.010369917,-0.4625052,-0.9044908,606.50714,606.50714
11140,175.4681094744721,177.40771132178156,-0.19377185,0.010537467,-0.45585394,-0.90655106,607.02295,607.02295
11141,175.09050482015047,177.2747497799295,-0.19513454,0.00902376,-0.44635144,-0.910933,608.6768,608.6768
11142,174.8259330963586,177.39536991434807,-0.19677205,0.0073697343,-0.44835463,-0.9119353,609.61163,609.61163
11143,174.7685334479164,177.73937721899944,-0.19834144,0.005651337,-0.4441752,-0.9143348,611.5248,611.5248
11144,174.9509225267246,178.090070009995,-0.19742712,0.005625624,-0.4425866,-0.91508335,611.54236,611.54236
11145,175.33287122902445,178.21378013568062,-0.19778647,0.005909388,-0.43851194,-0.91762656,611.5922,611.5922
11146,175.72948638493284,178.10611003673827,-0.19590159,0.006083975,-0.42805827,-0.9209406,610.7152,610.7152
11147,175.8875414897157,177.9618465384052,-0.19637063,0.0057785152,-0.41672754,-0.92526305,611.0576,611.0576
11148,175.77888739941275,177.8880097803391,-0.1986854,0.006059923,-0.4302801,-0.92420757,611.5478,611.5478
11149,175.6776547865416,177.80465384118062,-0.19837114,0.0071636233,-0.43518433,-0.92443115,610.4859,610.4859
11150,175.7734050266902,177.66979983154164,-0.197753,0.0064639715,-0.42276818,-0.9282447,607.74817,607.74817
11151,175.9201496454343,177.61081128099786,-0.19944929,0.0065681883,-0.41390073,-0.9288904,607.6764,607.6764
11152,175.91563115859992,177.75851329063326,-0.19972153,0.006040477,-0.4097481,-0.9313995,604.847,604.847
11153,175.80659737586404,178.01560269754802,-0.20100075,0.0061716572,-0.4161437,-0.93182343,605.4407,605.4407
11154,175.76974827193834,178.12270922957447,-0.20205158,0.005893506,-0.4121001,-0.934363,601.9312,601.9312
11155,175.86521706738768,177.95852875642512,-0.2026862,0.0046660462,-0.40980405,-0.9356114,598.6252,598.6252
11156,176.06866791676137,177.57720544185582,-0.1991939,0.0045921705,-0.40671802,-0.936519,598.1276,598.1276
11157,176.36503169274084,177.06812549230787,-0.20051658,0.0076020276,-0.41245323,-0.9375316,591.56195,591.56195
11158,176.7305832740133,176.52925272650862,-0.20480222,0.014593451,-0.42455342,-0.93639636,579.7094,579.7094
11159,177.24150390231162,175.96043117652943,-0.2056175,0.006823162,-0.42337793,-0.9418887,576.6491,576.6491
11160,178.04504393683587,175.2352794392083,-0.20509008,0.01138953,-0.42934388,-0.9418668,568.899,568.899
11161,179.0052593698976,174.31995847900188,-0.20052671,0.013014581,-0.43695825,-0.9470491,559.56244,559.56244
11162,179.6208039112903,173.39530704418533,-0.19732626,0.009279624,-0.44267502,-0.9536141,558.20496,558.20496
11163,179.4863166646594,172.76902747594264,-0.20343232,0.0009629607,-0.45435113,-0.9586029,550.4163,550.4163
11164,178.78450310728192,172.66044085277562,-0.20755525,0.001856957,-0.4441339,-0.9653642,548.9676,548.9676
11165,178.08118433373605,173.06758875902233,-0.20797047,0.003791697,-0.4415256,-0.96818006,554.02844,554.02844
11166,177.68923773029292,173.8370329672032,-0.20599937,0.006730229,-0.4435699,-0.96955115,560.4342,560.4342
11167,177.61097463170285,174.6910640694448,-0.20674331,0.0069485083,-0.44822887,-0.9686009,563.2075,563.2075
11168,177.77294725728777,175.2634994545577,-0.20481981,0.009651743,-0.44193262,-0.9719263,561.6244,561.6244
11169,178.00164137710058,175.38631924734955,-0.21007928,0.009062939,-0.42586237,-0.97551095,562.59393,562.59393
11170,178.21746158424162,175.27148331629587,-0.21341942,0.0076907766,-0.4193516,-0.9775972,559.86365,559.86365
11171,178.5415970010368,175.1807130529063,-0.21735437,0.0075973426,-0.4153249,-0.98074627,562.55536,562.55536
11172,178.892559457959,175.0918163461175,-0.21045607,0.003913793,-0.40451947,-0.9815263,576.26227,576.26227
11173,178.88609490814113,174.85816039406077,-0.20898138,0.0024052067,-0.3884808,-0.9860402,579.1371,579.1371
11174,178.21305390533513,174.55914569539462,-0.21721287,0.0002607314,-0.3744596,-0.98832047,581.9529,581.9529
11175,176.95568333137146,174.55251860595538,-0.2217071,-0.0020543125,-0.36208332,-0.9899468,582.8654,582.8654
11176,175.63432858017296,175.05507352397834,-0.22415522,-0.0041488437,-0.3558808,-0.9921807,581.51086,581.51086
11177,174.8258287583201,175.78947283233796,-0.22200593,-0.0040364084,-0.36517045,-0.99274826,580.864,580.864
11178,174.70504872429353,176.2393576427041,-0.221229,-0.005788326,-0.35140547,-0.9959624,580.75037,580.75037
11179,175.01534855004797,176.17674838500025,-0.22112332,-0.005334884,-0.34759855,-1.0011281,584.646,584.646
11180,175.38808734578873,175.8390911521651,-0.21838655,-0.008425059,-0.33232102,-1.008487,588.33856,588.33856
11181,175.66187906626078,175.60152330770174,-0.21683662,-0.007895094,-0.32575944,-1.0116498,584.7399,584.7399
11182,175.867205471706,175.60689369860722,-0.2161134,-0.01302206,-0.32537717,-1.0147836,578.3455,578.3455
11183,175.98998124423355,175.82226877734024,-0.2155229,-0.016687652,-0.31879258,-1.019626,575.5083,575.5083
11184,175.94141505885256,176.24212539431642,-0.21889852,-0.018156853,-0.32154402,-1.0196563,568.80774,568.80774
11185,175.67351276833972,176.80037055789617,-0.2187642,-0.01565775,-0.30551386,-1.0181705,569.9538,569.9538
11186,175.2359532887933,177.27199632260275,-0.22085224,-0.011643501,-0.30039316,-1.0172201,567.1522,567.1522
11187,174.90242187345942,177.45881692471548,-0.20942882,-0.0115382075,-0.27693555,-1.0111501,581.3312,581.3312
11188,175.07661850777546,177.3410359869084,-0.20512943,-0.010279738,-0.28509504,-1.0102545,580.26434,580.26434
11189,175.84616785118524,176.98774538252206,-0.19866829,-0.008166013,-0.29240564,-1.0086521,581.2756,581.2756
11190,176.8968587831165,176.44223135815523,-0.19953859,-0.0028915668,-0.30657718,-1.0025798,581.1873,581.1873
11191,177.85551486171948,175.75492612756557,-0.20247203,-0.0018300646,-0.2977913,-0.9967869,581.78125,581.78125
11192,178.4891010685996,175.08917936585203,-0.20754999,-0.0025089737,-0.31484267,-0.99703795,580.6307,580.6307
11193,178.71238260389572,174.707951105299,-0.20489009,-0.0027895756,-0.28907332,-0.99621034,580.9943,580.9943
11194,178.57817053945703,174.78743577196985,-0.20535378,-0.0011343157,-0.29808667,-0.99658686,581.23303,581.23303
11195,178.2491290952097,175.25281837273022,-0.20300685,-0.0015383647,-0.29277182,-0.9953917,581.72,581.72
11196,177.90996633734068,175.8302969574768,-0.20647462,-0.0023615833,-0.29512674,-0.99508715,583.06354,583.06354
11197,177.69271796274472,176.24099612460327,-0.20515364,0.0012605633,-0.30670363,-0.9959455,586.2567,586.2567
11198,177.6329881035913,176.35348591688106,-0.20374818,0.0012209138,-0.29992357,-0.99583554,586.0988,586.0988
11199,177.58426758411943,176.26293690207928,-0.20204867,-0.00042005963,-0.2924673,-0.9953515,582.6577,582.6577
11200,177.34314994362768,176.1736503876353,-0.19919801,-0.00021793692,-0.293672,-0.9963916,583.08246,583.08246
11201,177.01521994651105,176.10856590446204,-0.20264201,0.0028048486,-0.2917888,-0.9968757,584.70703,584.70703
11202,176.92223218138227,175.96277821632927,-0.20425668,0.000990513,-0.2855966,-0.99912244,585.75726,585.75726
11203,177.0939674334643,175.81250916057687,-0.20444617,0.002629193,-0.28485587,-1.0007743,585.5138,585.5138
11204,177.23060721517402,175.83922477177182,-0.20417154,0.0014600385,-0.27421114,-1.0013775,589.35,589.35
11205,177.0880756503135,176.06437163748538,-0.20063773,0.0012748049,-0.28347355,-1.0024924,589.8574,589.8574
11206,176.66452773830437,176.36252948632568,-0.19754502,-0.0014588975,-0.27415514,-1.0022925,596.9231,596.9231
11207,176.11771880343915,176.62044080900645,-0.19640392,-0.0024557593,-0.27035758,-1.0023115,597.1394,597.1394
11208,175.68016673432,176.75524746203854,-0.19620042,-0.002195927,-0.2648619,-1.0022829,597.3083,597.3083
11209,175.63821807379088,176.61537232200052,-0.19738796,-0.002755164,-0.27639794,-1.0041972,596.18164,596.18164
11210,176.15698213105043,176.0535201393218,-0.19771965,-0.0027954,-0.27420983,-1.0042855,596.29034,596.29034
11211,177.0264446859889,175.1752436273603,-0.19880304,-0.004054614,-0.2763118,-1.0045979,595.1758,595.1758
11212,177.77130312385793,174.3536083562587,-0.19878513,-0.006999572,-0.27589548,-1.0047814,593.5247,593.5247
11213,178.1021089708077,173.94283340553508,-0.19802727,-0.006691756,-0.28279114,-1.0059006,594.7587,594.7587
11214,178.1155181942705,174.08490475498445,-0.19990845,-0.0053719934,-0.2932772,-1.0065138,595.2639,595.2639
11215,178.03600912689865,174.72204083270586,-0.20100154,-0.0053247777,-0.29946882,-1.0061071,595.40704,595.40704
11216,177.96362990579723,175.63922174779586,-0.20159791,-0.00546796,-0.29982552,-1.0051064,596.71564,596.71564
11217,177.94925592702697,176.45876620526624,-0.2063578,-0.0023252459,-0.32347134,-1.0030485,598.05505,598.05505
11218,178.14644469693252,176.79676633283844,-0.22031784,-5.0546827e-05,-0.35395223,-0.9913474,603.74866,603.74866
