frame,right_knee_filtered,left_knee_filtered,norm_right_hip_x,norm_right_hip_y,norm_right_shoulder_x,norm_right_shoulder_y,frame_torso_length_px,scale_used_px
63,2.891717498208778,1.4483605283849508,-0.012779179,0.004305861,-0.12998219,-0.071302064,149.02728,1080.0
65,19.714154450235426,12.246920965100008,-0.022597983,-0.0015589679,-0.037167866,-0.12002434,131.55362,1080.0
66,62.10992386821838,46.01911841294979,-0.023420913,-0.0018470482,-0.034624454,-0.1201431,131.17215,1080.0
67,122.26321724648693,104.10245539647367,-0.023473894,-0.0018222386,-0.033752978,-0.12011894,129.95326,1080.0
68,173.06322735525566,163.15656783790692,-0.023277735,-0.0016358552,-0.032883678,-0.11933868,128.90088,1080.0
69,194.56608421379985,195.5512885995367,-0.023301754,-0.0016040095,-0.03297303,-0.1188465,128.48885,1080.0
70,190.58926990478395,196.52615101045436,-0.023031361,-0.0012156734,-0.032619335,-0.117257886,126.71175,1080.0
71,178.7287600437583,182.84221068628392,-0.023017516,-0.00096667255,-0.032544058,-0.11669012,126.25214,1080.0
72,172.46510422595742,172.55911524570925,-0.023009151,-0.00095799763,-0.032652847,-0.116486244,126.15818,1080.0
73,173.91638901531903,171.8331612569581,-0.023009378,-0.00085203385,-0.03274737,-0.11607053,125.73932,1080.0
74,178.16256378211665,176.5327245873932,-0.023021217,-0.0009395458,-0.03277164,-0.11606965,125.69832,1080.0
75,180.50732739156254,180.56592912999648,-0.023051001,-0.0010067128,-0.033110723,-0.11587086,125.48124,1080.0
76,179.9854618490141,181.3800840436374,-0.023065185,-0.0009977835,-0.033231184,-0.11584077,125.404495,1080.0
77,178.31840079513526,180.03907697440167,-0.02310613,-0.0010118556,-0.033297475,-0.115708895,125.290855,1080.0
78,177.28934401826075,178.62737281917754,-0.023047667,-0.001048844,-0.03320064,-0.11554305,125.12454,1080.0
79,177.35102065833348,178.21981544045153,-0.02308005,-0.00109041,-0.03328835,-0.115425706,125.045425,1080.0
80,177.93685141794688,178.60750530108677,-0.023017205,-0.0011097944,-0.03325783,-0.1155172,125.09522,1080.0
81,178.36169854372375,179.1041062609232,-0.023018308,-0.0011242619,-0.033218045,-0.11547363,125.072525,1080.0
82,178.3469764346564,179.2969866070951,-0.023055352,-0.0011128178,-0.033274926,-0.11545698,125.108246,1080.0
83,178.02517795956015,179.20742998037693,-0.023046903,-0.0011321456,-0.033253703,-0.11540047,125.088745,1080.0
84,177.68603197014335,179.0396736645742,-0.023048457,-0.0010829219,-0.03323175,-0.115412675,125.16174,1080.0
85,177.52430599385826,178.93168013595033,-0.023011496,-0.0010839957,-0.033147372,-0.1154636,125.26304,1080.0
86,177.54991966436785,178.89709515576,-0.023079483,-0.0010506242,-0.03302225,-0.11547948,125.31595,1080.0
87,177.66413878389585,178.8801986709167,-0.023065157,-0.0010397452,-0.032999758,-0.115473285,125.36494,1080.0
88,177.77542198167498,178.8106388327056,-0.02298796,-0.0009586193,-0.032893088,-0.1156055,125.51772,1080.0
89,177.84488778379884,178.6589681303728,-0.022886205,-0.000932199,-0.032911878,-0.11561313,125.47225,1080.0
90,177.87863980625897,178.47169962294973,-0.02283116,-0.0009072198,-0.032951467,-0.115591094,125.41674,1080.0
91,177.9092694421954,178.27889869997549,-0.022811156,-0.0009319729,-0.03275949,-0.11592037,125.75752,1080.0
92,177.95935921982357,177.98369688113928,-0.022895899,-0.0008974994,-0.032555643,-0.11611187,125.974976,1080.0
93,178.01465532564984,177.50536157978786,-0.02287821,-0.00089331734,-0.032067165,-0.11614993,126.03749,1080.0
94,178.04876876486452,176.98176449349285,-0.023017742,-0.0008609913,-0.032410543,-0.11637248,126.18772,1080.0
95,178.0765891318842,176.63319184114835,-0.023184713,-0.0008470606,-0.03232108,-0.11684254,126.78971,1080.0
96,178.14654635096062,176.50127854385684,-0.023177506,-0.00077104924,-0.032746125,-0.117183544,127.28045,1080.0
97,178.26046863340827,176.45337779197047,-0.023366857,-0.0007640415,-0.032909505,-0.11789347,127.75415,1080.0
98,178.36107813559366,176.37793119495535,-0.023408735,-0.0007124724,-0.03261049,-0.11800331,127.92278,1080.0
99,178.41521437664022,176.30336198901122,-0.023433685,-0.00037528144,-0.03305127,-0.118607305,128.58286,1080.0
100,178.4397274390744,176.31583874202542,-0.023466548,-0.0003768921,-0.0332862,-0.119071506,129.00948,1080.0
101,178.43985158721625,176.42425378302624,-0.023422947,-0.00034781563,-0.03361613,-0.11921627,129.2601,1080.0
102,178.40859479270978,176.59002671227825,-0.023426509,-0.00032552084,-0.03426361,-0.11950472,129.561,1080.0
103,178.38591350267498,176.80222717627734,-0.023493562,-0.00028559368,-0.03417494,-0.11972382,129.6197,1080.0
104,178.41412799770924,177.0365260922722,-0.023379996,-0.00022176107,-0.034481924,-0.11998014,129.73953,1080.0
105,178.45457402310336,177.26182616667262,-0.023262532,-0.00016321253,-0.034784105,-0.120345615,130.01602,1080.0
106,178.40024164791112,177.53022798771218,-0.023182029,-0.00015060989,-0.035155486,-0.12068473,130.17712,1080.0
107,178.14113839330162,177.92922102484403,-0.023040997,-5.702266e-05,-0.035894576,-0.12089126,130.24077,1080.0
108,177.68850043152926,178.431107358875,-0.022924183,4.9788865e-05,-0.036425017,-0.12092743,130.1967,1080.0
109,177.25246922802626,178.89794947018166,-0.022794936,0.00021492287,-0.03649942,-0.120890245,130.06677,1080.0
110,177.07403148338403,179.22728709982835,-0.023089996,0.0004864728,-0.036911998,-0.12031787,129.45506,1080.0
111,177.19105097063576,179.4122891245722,-0.023006864,0.000796311,-0.037388977,-0.11990085,129.00987,1080.0
112,177.44294139969156,179.50051815281836,-0.02316318,0.0009012858,-0.038057454,-0.11984505,128.99368,1080.0
113,177.65537330712874,179.5454562035717,-0.023196919,0.0009839941,-0.038367633,-0.11971249,128.96017,1080.0
114,177.76219983774757,179.54890884000235,-0.023264002,0.0011449178,-0.038490437,-0.11920872,128.61345,1080.0
115,177.79706386222654,179.46054531832579,-0.023326393,0.0011661388,-0.03937146,-0.119163625,128.754,1080.0
116,177.83516307188825,179.27347930323077,-0.023128454,0.0013480857,-0.039445806,-0.11890838,128.52585,1080.0
117,177.9279247458757,179.05900585340711,-0.023139954,0.0014243796,-0.039965197,-0.11875944,128.43091,1080.0
118,178.06040861207134,178.88212017057415,-0.023140378,0.0014767117,-0.040386453,-0.11842866,128.16661,1080.0
119,178.16820462779054,178.75762998711642,-0.023081433,0.0015793694,-0.040587842,-0.118244626,127.99376,1080.0
120,178.20660454432394,178.6872869961734,-0.023067446,0.0016855593,-0.04048202,-0.11792727,127.774216,1080.0
121,178.21581289173372,178.64710081538698,-0.022772387,0.0017280014,-0.04030041,-0.117373206,127.38281,1080.0
122,178.2825460550012,178.56810391516194,-0.022624686,0.001818113,-0.040502675,-0.11638548,126.61738,1080.0
123,178.41352655124305,178.44375935450174,-0.022622455,0.0018382602,-0.040621042,-0.11628421,126.551125,1080.0
124,178.51226251651067,178.38233682519544,-0.022486877,0.001833061,-0.040787563,-0.11608347,126.49786,1080.0
125,178.49916163210523,178.45766420141365,-0.022612706,0.001839221,-0.041238684,-0.115925856,126.428185,1080.0
126,178.38589622937707,178.62553932671773,-0.022637289,0.0018275225,-0.041502718,-0.11579587,126.36242,1080.0
127,178.23090977192544,178.81198540325238,-0.022653311,0.0018458331,-0.042079415,-0.11546797,126.20307,1080.0
128,178.0758353258699,178.97391669312213,-0.022668965,0.0016338772,-0.04244221,-0.11578957,126.649704,1080.0
129,177.92022936085652,179.09717897457998,-0.022686768,0.0017132794,-0.042951882,-0.115746506,126.79912,1080.0
130,177.73028207407685,179.1930448742508,-0.02273876,0.0017232824,-0.04359142,-0.115742944,126.89148,1080.0
131,177.49029647456945,179.2940075636252,-0.022756789,0.0018726208,-0.04420296,-0.115910254,127.11151,1080.0
132,177.2485141348096,179.4353288268461,-0.022767244,0.0018809001,-0.044229522,-0.11599791,127.22269,1080.0
133,177.08793129405808,179.6056755053369,-0.022980923,0.0020855374,-0.04435422,-0.11648399,127.7413,1080.0
134,177.0613503454653,179.72580235081801,-0.02309508,0.0021092168,-0.044163372,-0.11655451,127.885506,1080.0
135,177.152582751085,179.71664098143847,-0.02311554,0.0022698296,-0.04420525,-0.11670029,128.04237,1080.0
136,177.2864422105405,179.58041670571245,-0.02328138,0.0022999234,-0.04412288,-0.11699377,128.45587,1080.0
137,177.38096230504763,179.39412189326484,-0.02334702,0.002555169,-0.044139832,-0.11659871,128.05077,1080.0
138,177.4059411295402,179.23639891657834,-0.023362959,0.0027344034,-0.044109315,-0.11635946,127.65618,1080.0
139,177.42310139365247,179.14039620552063,-0.02342145,0.0027743303,-0.043942206,-0.116449684,127.61858,1080.0
140,177.53896656617738,179.10439909152572,-0.023351485,0.0027441236,-0.04367591,-0.11658079,127.607956,1080.0
141,177.7616731084145,179.1203799972184,-0.023416646,0.0025849235,-0.043785945,-0.117054634,128.01904,1080.0
142,177.94635222862402,179.18172403015302,-0.023424983,0.0024779425,-0.043606427,-0.11717631,128.17805,1080.0
143,177.92681623542995,179.27031456191662,-0.023421817,0.0024497986,-0.043599136,-0.1173504,128.52824,1080.0
144,177.67105471938157,179.36345298883214,-0.023223227,0.0021161963,-0.042742554,-0.11734594,128.59398,1080.0
145,177.29558023054457,179.44407521972516,-0.023173552,0.0015919721,-0.041441485,-0.118078955,128.97641,1080.0
146,176.9653679902749,179.49165655718167,-0.022819066,0.0010983784,-0.040749785,-0.1175881,128.3741,1080.0
147,176.79373158158538,179.5121011463383,-0.02243172,0.0010496917,-0.039928745,-0.11799494,128.63902,1080.0
148,176.79059392959613,179.5556351816488,-0.022296622,0.0010056954,-0.039668866,-0.11799158,128.53188,1080.0
149,176.86919650489656,179.65782257360655,-0.022273734,0.000967492,-0.03961501,-0.118034534,128.58182,1080.0
150,176.9277540427399,179.79091461309216,-0.022268027,0.00096164277,-0.039790202,-0.11768338,128.20988,1080.0
151,176.93270439995274,179.87834494359808,-0.022271333,0.00089244137,-0.04043483,-0.11729185,127.87883,1080.0
152,176.9067612451686,179.87232026487698,-0.022381648,0.0011800695,-0.041452423,-0.116452366,127.2635,1080.0
153,176.87445617156524,179.82337421950538,-0.02240544,0.0011569271,-0.042006627,-0.115932494,126.8958,1080.0
154,176.8331720853437,179.81429310703814,-0.022516321,0.0012387311,-0.042906076,-0.11539007,126.62649,1080.0
155,176.73997926480325,179.85169708029093,-0.022474162,0.0010544106,-0.04325392,-0.11609697,127.34504,1080.0
156,176.5359833010405,179.87965980788636,-0.022535084,0.0009992529,-0.04370903,-0.116919994,128.30432,1080.0
157,176.20233212346028,179.85152111145757,-0.022761762,0.0010197392,-0.043478053,-0.1168869,128.26335,1080.0
158,175.82229135150817,179.77681073769455,-0.02288827,0.00119595,-0.043125577,-0.11671145,128.05669,1080.0
159,175.60551296558026,179.71298684008283,-0.023076093,0.0012004146,-0.042593073,-0.1168947,128.10782,1080.0
160,175.73542934141574,179.6814024411781,-0.023065496,0.0013931557,-0.042331893,-0.11688433,128.12465,1080.0
161,176.1451784484631,179.6347494517928,-0.02285925,0.0014279401,-0.04193039,-0.1171296,128.24185,1080.0
162,176.55935909484006,179.5303879409043,-0.0227801,0.001522912,-0.041705407,-0.11704833,128.13312,1080.0
163,176.75931755265316,179.37077592068195,-0.022603579,0.0014600966,-0.041285932,-0.11706136,128.10469,1080.0
164,176.7299309926458,179.16891795776507,-0.02251002,0.0014468158,-0.04115106,-0.117193155,128.16457,1080.0
165,176.583210064642,178.93852073614735,-0.022618696,0.0014232212,-0.040926106,-0.117081225,127.99242,1080.0
166,176.4421710561647,178.73043899958282,-0.02245879,0.0014278835,-0.040087864,-0.11710595,127.80505,1080.0
167,176.41296106437582,178.62435993379555,-0.022518497,0.0017205132,-0.040359046,-0.11673745,127.3321,1080.0
168,176.54722279552786,178.67774479062933,-0.022390408,0.001718394,-0.04010832,-0.11687848,127.322205,1080.0
169,176.7837895632489,178.88661362435192,-0.022406148,0.001732692,-0.040370066,-0.11689982,127.38473,1080.0
170,177.0184688886859,179.1486554312543,-0.022390125,0.001701468,-0.040189672,-0.11710564,127.51716,1080.0
171,177.22805247959278,179.27656874189427,-0.022540707,0.0017938402,-0.040229287,-0.11704924,127.45394,1080.0
172,177.45035804248803,179.12763874307203,-0.022434065,0.0017430906,-0.039976303,-0.117211126,127.535614,1080.0
173,177.6338690279095,178.76150981241355,-0.022484278,0.0017504091,-0.04097163,-0.117300786,127.68697,1080.0
174,177.57846549676574,178.45302429955524,-0.022175852,0.0016900239,-0.041507185,-0.117412366,127.98154,1080.0
175,177.15315500777217,178.5025844773687,-0.02207585,0.0015663712,-0.041873254,-0.11762978,128.26697,1080.0
176,176.4940890565239,178.937576482542,-0.022216147,0.0015730681,-0.04238883,-0.117567725,128.19202,1080.0
177,175.83785758502808,179.42089392898356,-0.02219292,0.0015778719,-0.041657764,-0.1175627,128.16618,1080.0
178,175.36616158690842,179.60605343142598,-0.02240335,0.0015819974,-0.041137867,-0.117629945,128.2055,1080.0
179,175.2701134470687,179.50013184611055,-0.022476902,0.0016363356,-0.041037016,-0.11767507,128.2024,1080.0
180,175.63618277305105,179.31103105922327,-0.022597363,0.0016827337,-0.04146415,-0.11780132,128.23909,1080.0
181,176.26904539655098,179.13234736623212,-0.022574417,0.0018438551,-0.041225858,-0.11755606,127.9463,1080.0
182,176.83644405238826,178.96348427669494,-0.022536412,0.0018466243,-0.041694272,-0.11758273,127.75423,1080.0
183,177.1374436236968,178.82144852544803,-0.022550287,0.0018654153,-0.04168297,-0.11774371,127.87595,1080.0
184,177.20553356899043,178.71136419936207,-0.022625703,0.0020098651,-0.041221194,-0.11748482,127.58624,1080.0
185,177.22669190672713,178.6443289878866,-0.02261183,0.0019761545,-0.041487206,-0.117495134,127.48103,1080.0
186,177.33468845429877,178.682052099772,-0.022554694,0.001987966,-0.041287486,-0.117507875,127.5025,1080.0
187,177.48875703218468,178.8425275633892,-0.022408774,0.0020076327,-0.041339055,-0.11743065,127.46674,1080.0
188,177.57694246411972,179.023094496219,-0.022516575,0.0019182558,-0.041392658,-0.11762848,127.571304,1080.0
189,177.56461076364846,179.1160049050729,-0.02249917,0.002080649,-0.04151049,-0.117365405,127.32146,1080.0
190,177.5110348598754,179.12342383040874,-0.022539463,0.0019497059,-0.04179665,-0.11776476,127.77111,1080.0
191,177.48835024842157,179.10395236253544,-0.022510529,0.002026678,-0.04180154,-0.11777211,127.82683,1080.0
192,177.51378702151305,179.07832767428164,-0.022436835,0.0021211696,-0.04183847,-0.11759183,127.75951,1080.0
193,177.5615358885242,179.02022087441821,-0.022469895,0.0019415396,-0.042209003,-0.1179087,128.1148,1080.0
194,177.5857127849242,178.89864853216613,-0.022597672,0.0019565723,-0.042051077,-0.11781133,128.14296,1080.0
195,177.52552555780093,178.68115159687343,-0.022560403,0.0019909046,-0.04204028,-0.117859766,128.34772,1080.0
196,177.3722177738903,178.33194127673718,-0.022553168,0.002014132,-0.041863024,-0.117725454,128.33142,1080.0
197,177.22964441741547,177.89018863359055,-0.022493772,0.0020348725,-0.04214633,-0.117652245,128.39754,1080.0
198,177.23293792136306,177.51929878252173,-0.022423752,0.0021019548,-0.041762035,-0.11750138,128.2765,1080.0
199,177.38656924386422,177.4079018681594,-0.022260567,0.002088363,-0.041723236,-0.11738372,128.23677,1080.0
200,177.53372627780325,177.61696057494115,-0.022377212,0.0020831355,-0.04189179,-0.11740607,128.29381,1080.0
201,177.54261579179257,178.01000924049342,-0.022471618,0.0020954274,-0.041806143,-0.11730813,128.44061,1080.0
202,177.444168981709,178.34817878660323,-0.02226862,0.0018478676,-0.042540148,-0.11768672,128.94113,1080.0
203,177.3095667899262,178.49773824093532,-0.022489958,0.0018512867,-0.043026704,-0.1176482,128.98468,1080.0
204,177.13566497861544,178.51169486088233,-0.022584422,0.001808449,-0.0433815,-0.11772893,129.11176,1080.0
205,176.91723737751573,178.5161504496255,-0.022537965,0.0017051132,-0.042590473,-0.117382586,128.73463,1080.0
206,176.68871555308155,178.57440282204803,-0.02210456,0.0016488817,-0.04330556,-0.117577076,128.90247,1080.0
207,176.4882956317332,178.64448305892643,-0.022464527,0.0016587152,-0.043086708,-0.11730847,128.64604,1080.0
208,176.36225123899882,178.66900650451532,-0.022437766,0.0016465929,-0.043494344,-0.11746671,128.7719,1080.0
209,176.34673984708405,178.66703345908013,-0.022418015,0.0017620793,-0.043304317,-0.117314994,128.61423,1080.0
210,176.40937868459542,178.66156378354373,-0.022460654,0.0017827069,-0.043391913,-0.117490016,128.7861,1080.0
211,176.46158144716964,178.61170591553292,-0.022448702,0.0018434313,-0.043322146,-0.117318474,128.7009,1080.0
212,176.41755102609108,178.5002296726114,-0.022413932,0.0018800806,-0.043843176,-0.11729863,128.65083,1080.0
213,176.2348484806761,178.41619040508073,-0.022460075,0.0018833585,-0.043806005,-0.117227204,128.56104,1080.0
214,175.97224964375644,178.49500532184305,-0.022753326,0.0020018965,-0.043785054,-0.1171255,128.3169,1080.0
215,175.77593519447407,178.76205659344183,-0.022747733,0.0019972906,-0.043902066,-0.11709519,128.18169,1080.0
216,175.70759090806192,179.05906239102526,-0.02264968,0.0020030835,-0.043931764,-0.11692107,128.03967,1080.0
217,175.667195012327,179.18434760644655,-0.022838663,0.0020243044,-0.04451301,-0.11678659,128.08714,1080.0
218,175.57099559208547,179.11838600895624,-0.022784084,0.0019884745,-0.043400757,-0.11643349,127.66038,1080.0
219,175.48425377874432,179.06396537412834,-0.022792831,0.00231603,-0.04293813,-0.115641505,126.83095,1080.0
220,175.51671587673684,179.22171319219635,-0.022888495,0.0021935357,-0.042222608,-0.11522824,126.50763,1080.0
221,175.68632954265556,179.52820461816844,-0.023182947,0.0021420796,-0.04183498,-0.115342624,126.90579,1080.0
222,175.95672848029403,179.68089217795642,-0.023287667,0.0021290248,-0.041702356,-0.11516328,126.74795,1080.0
223,176.3287820858013,179.49076854669403,-0.023382723,0.0021323592,-0.04238298,-0.11517091,126.7473,1080.0
224,176.774979071684,179.1094982044631,-0.023361715,0.0021592316,-0.04232733,-0.115121774,126.687805,1080.0
225,177.16374773226462,178.83274070951566,-0.023175318,0.0022069577,-0.04262516,-0.11529493,126.99576,1080.0
226,177.346003039697,178.82178315627968,-0.023245508,0.0016696224,-0.043088842,-0.117220365,129.08582,1080.0
227,177.28190578270238,179.01287496885718,-0.023221446,0.0016312776,-0.04289425,-0.11745775,129.31076,1080.0
228,177.10281816262793,179.16020755428266,-0.023084018,0.0016508031,-0.04316211,-0.11744724,129.06824,1080.0
229,177.03522599715023,179.04709520105868,-0.023098895,0.001663095,-0.043626826,-0.117504545,128.9672,1080.0
230,177.1653203795932,178.75911517241184,-0.022984724,0.0015555487,-0.043617956,-0.117124885,128.55302,1080.0
231,177.3321608164742,178.64738913876968,-0.02303293,0.0014686584,-0.044022184,-0.117204286,128.61148,1080.0
232,177.33770802438414,178.94057008505283,-0.023028918,0.0015253703,-0.04435884,-0.117025845,128.34328,1080.0
233,177.16121606120169,179.46980654317605,-0.023126476,0.0015337344,-0.04475848,-0.116983175,128.28716,1080.0
234,176.9165186907297,179.8431801130723,-0.023193797,0.0015142087,-0.044739306,-0.11693567,128.23056,1080.0
235,176.69924801791163,179.82661355627857,-0.02298365,0.0015867446,-0.04473299,-0.116689526,127.96389,1080.0
236,176.53617930010503,179.48374932664464,-0.02322584,0.0015877618,-0.04461691,-0.11652527,127.84871,1080.0
237,176.43171792420705,179.0468443726193,-0.02304121,0.0016620777,-0.04385834,-0.11618452,127.52342,1080.0
238,176.40289306581593,178.73590396932084,-0.02309884,0.0017036155,-0.043840945,-0.11566591,127.168274,1080.0
239,176.48087960296482,178.61435434733343,-0.022804275,0.0017510308,-0.043844238,-0.115033075,126.731636,1080.0
240,176.6592411528416,178.5947818513359,-0.022795586,0.0018027412,-0.043936353,-0.11491541,126.69065,1080.0
241,176.83096821553312,178.60577584798332,-0.022821793,0.0018460026,-0.043896116,-0.11448353,126.27543,1080.0
242,176.8619894722284,178.66938697886897,-0.022826824,0.0018441377,-0.043941822,-0.11393099,125.8122,1080.0
243,176.7350841820969,178.8060531435266,-0.022827728,0.0018577011,-0.044085763,-0.113620475,125.530914,1080.0
244,176.55239318386205,178.98610047334756,-0.02286278,0.001798983,-0.04414879,-0.11360884,125.60837,1080.0
245,176.41412558007474,179.19807235373398,-0.023061555,0.0019935607,-0.044081002,-0.11363432,125.72756,1080.0
246,176.3388277814734,179.461878355423,-0.023116061,0.0021564343,-0.04387348,-0.11350411,125.72644,1080.0
247,176.28742853680063,179.7423675000125,-0.023088766,0.0022533275,-0.043350346,-0.11364738,125.82455,1080.0
248,176.2377398381413,179.92764121086245,-0.022897325,0.0023207772,-0.043505125,-0.11357035,125.84121,1080.0
249,176.2101622459236,179.9349763553078,-0.022717554,0.0022304112,-0.043290358,-0.113687076,125.96806,1080.0
250,176.23353805555473,179.78024302470587,-0.02263479,0.0022989626,-0.04308329,-0.11365433,125.949295,1080.0
251,176.3346602423166,179.5384366741665,-0.022522666,0.002305914,-0.0431326,-0.113495156,125.89951,1080.0
252,176.50475197960304,179.32262337198696,-0.02255095,0.0023168211,-0.04265883,-0.11356919,125.96747,1080.0
253,176.6469643913377,179.25827642338007,-0.022764742,0.002259657,-0.04298925,-0.113714315,126.119286,1080.0
254,176.68048190795466,179.37389351013593,-0.02283735,0.0022645455,-0.042994745,-0.113687865,126.089874,1080.0
255,176.66788671659555,179.5693688293609,-0.022857863,0.0022444548,-0.042988658,-0.11363212,126.02405,1080.0
256,176.72356237097276,179.7202959477651,-0.022893976,0.002135298,-0.04330632,-0.11345133,125.853004,1080.0
257,176.8490841793515,179.76403507458633,-0.022888523,0.0020572522,-0.042467598,-0.11338606,125.71638,1080.0
258,176.9270041506392,179.71005501379864,-0.023056086,0.0020665205,-0.043475866,-0.11325636,125.578026,1080.0
259,176.8617261831322,179.60205456944777,-0.022953825,0.0019052011,-0.042909876,-0.11329032,125.59777,1080.0
260,176.66965933650283,179.48737350395928,-0.02299939,0.0018992389,-0.04252209,-0.113450624,125.749054,1080.0
261,176.44950134674457,179.39385992455624,-0.023187496,0.0018716035,-0.042186778,-0.11386479,126.11478,1080.0
262,176.3217190497535,179.31124466718052,-0.023294576,0.0018615158,-0.04245026,-0.11379321,126.04865,1080.0
263,176.36360292620836,179.22267975652966,-0.02331933,0.0018378363,-0.041330706,-0.1137753,126.00146,1080.0
264,176.5745503314035,179.07782930985783,-0.023102682,0.0017873411,-0.041202687,-0.113821976,126.052826,1080.0
265,176.84905639207355,178.75159648159868,-0.02306708,0.0016850507,-0.040489506,-0.11393992,126.11004,1080.0
267,176.90822853398942,178.24373480736125,-0.10828801,0.0044160066,-0.21723107,-0.4974668,545.1884,1080.0
268,176.4850243090101,177.77064105659252,-0.107654825,0.004118404,-0.21339716,-0.50442696,552.3125,1080.0
269,175.78738272925702,177.3651387792842,-0.10483958,-0.0018207692,-0.20364103,-0.5132793,561.62085,1080.0
270,175.36967549610142,176.77003155615054,-0.10508564,-0.002078134,-0.20292619,-0.5323981,581.79156,1080.0
271,175.4170232695766,175.96721870301928,-0.105996594,-0.003262442,-0.19440737,-0.5492564,598.2831,1080.0
272,175.62066676376375,175.31613576307458,-0.10743504,0.0012700964,-0.19687422,-0.5569202,607.11285,1080.0
273,175.67106986474482,175.099095373587,-0.110662445,-0.0005203812,-0.1980245,-0.5565846,606.65454,1080.0
274,175.57177795020834,175.26048254049283,-0.110524945,-0.00082781754,-0.20039667,-0.56646365,616.16675,1080.0
275,175.55495226695746,175.57078871642997,-0.11643903,-0.000684611,-0.20763306,-0.5618591,611.80164,1080.0
276,175.76870745209698,175.94113456917353,-0.12057071,0.0028481942,-0.21232668,-0.56272566,611.7299,1080.0
277,176.09057032582425,176.46788828912366,-0.11845319,0.00034812646,-0.20856375,-0.5590579,607.80054,1080.0
278,176.26672505130762,177.08370598462068,-0.116455756,-0.002175338,-0.20427528,-0.5679571,617.36163,1080.0
279,176.14529316410025,177.477090973218,-0.12278454,0.00024572303,-0.20615642,-0.5703882,619.58154,1080.0
280,175.76983247999124,177.58378291127494,-0.12680517,-0.00020548502,-0.20536041,-0.56582004,614.2433,1080.0
281,175.33671076410738,177.78264866977645,-0.13010299,-0.00048511647,-0.20368093,-0.56365114,611.50745,1080.0
282,175.03098200575994,178.37706847284983,-0.13032176,-0.0015840883,-0.2010402,-0.5610562,608.8327,1080.0
283,174.84302220432286,179.17366954181588,-0.13082643,-0.0055075185,-0.19633761,-0.5577907,603.6495,1080.0
284,174.61932535599848,179.7357575231973,-0.12771934,-0.007083695,-0.1863804,-0.5563517,600.7386,1080.0
285,174.3102668458845,179.87990127744345,-0.1316295,-0.0071174903,-0.19080664,-0.5593731,603.5186,1080.0
286,174.05477322479888,179.7484183295934,-0.12597628,-0.007877604,-0.18022004,-0.562387,604.5044,1080.0
287,174.04830745410516,179.52080479954336,-0.13275751,-0.006830512,-0.18694536,-0.56622225,608.1193,1080.0
288,174.39785278388908,179.31584652590925,-0.1278816,-0.0068265563,-0.17940181,-0.57122695,613.4805,1080.0
289,174.98691303386494,179.26058437632153,-0.1327218,-0.0073184543,-0.18403111,-0.57390743,616.556,1080.0
290,175.502493867637,179.3854760331866,-0.12735596,-0.007458383,-0.18275496,-0.57578856,619.4112,1080.0
291,175.72822265235249,179.4897301859954,-0.12326598,-0.007916938,-0.17936017,-0.5786673,622.78326,1080.0
292,175.71243257856963,179.26908636183148,-0.12026604,-0.0081925,-0.17727,-0.5827346,627.3576,1080.0
293,175.6377350040637,178.62438643285788,-0.11797327,-0.009202632,-0.17313413,-0.58556324,628.94464,1080.0
294,175.67437519827095,177.76784014178972,-0.11603975,-0.009817731,-0.17032951,-0.5811481,623.17267,1080.0
295,175.8909697663982,177.00260328772353,-0.11398547,-0.00726567,-0.16764526,-0.5838316,624.8385,1080.0
296,176.17891593375683,176.48738853883359,-0.11269916,-0.0072022616,-0.16389471,-0.5855803,625.96173,1080.0
297,176.35437487889655,176.1835857595193,-0.11068008,-0.004083139,-0.16055982,-0.5846935,624.6381,1080.0
298,176.39129722754728,175.9420777559133,-0.10964107,-0.004337226,-0.16016145,-0.58541816,625.18506,1080.0
299,176.40245215583803,175.6679165989294,-0.10830044,-0.0032563386,-0.15947497,-0.58361083,624.0034,1080.0
300,176.41464327272442,175.4017714383796,-0.108098686,-0.0071298103,-0.15798017,-0.5776469,616.1656,1080.0
301,176.36691293594558,175.21298326021923,-0.10552181,-0.007539763,-0.15317643,-0.5751359,613.0494,1080.0
302,176.2554769195451,175.10949955726787,-0.10790095,-0.007498508,-0.15062177,-0.5780063,615.3413,1080.0
303,176.11906312848296,175.08787186241634,-0.10410235,-0.008655915,-0.14366654,-0.5784425,615.37573,1080.0
304,175.97864044519505,175.149141936616,-0.106480636,-0.009603769,-0.14525232,-0.5808201,617.2898,1080.0
305,175.8734573000184,175.25020703573406,-0.103510424,-0.009449033,-0.14194477,-0.5786486,615.07385,1080.0
306,175.8291889116617,175.2997368730753,-0.10441036,-0.0077165393,-0.14827327,-0.5807126,616.92145,1080.0
307,175.7707490535751,175.21129839825318,-0.10516482,-0.008658854,-0.14930488,-0.5819684,618.8441,1080.0
308,175.65311315252004,175.04840615205111,-0.12139005,-0.008621442,-0.16773264,-0.58182687,618.43274,1080.0
309,175.6679865133571,175.0812345516322,-0.11765075,-0.008946397,-0.1643748,-0.5811133,618.1634,1080.0
310,176.12684880053885,175.3670354038542,-0.115407705,-0.0060481317,-0.16136226,-0.5820241,619.5323,1080.0
311,177.10292167659352,175.3759032562366,-0.113298714,-0.00407048,-0.16183421,-0.5835285,620.02216,1080.0
312,178.2585791300511,174.63534151905915,-0.121420965,-0.002452483,-0.18044914,-0.58635056,622.555,1080.0
313,179.08472661378508,173.63346919664872,-0.12467985,-0.0009883174,-0.19357069,-0.5873259,623.6075,1080.0
314,179.3413201860548,173.382353204681,-0.12912174,-0.00073377823,-0.2028453,-0.5862753,623.101,1080.0
315,179.1950777158167,174.18638432612082,-0.13121943,-0.0006077519,-0.20668453,-0.5850847,622.7463,1080.0
316,178.92853885622412,175.43588714656948,-0.13009186,0.0012349447,-0.2199225,-0.5773423,617.56793,1080.0
317,178.63588322102072,176.42978343451875,-0.13004754,-0.00131316,-0.20735209,-0.5754311,617.37537,1080.0
318,178.15765480853256,176.88026742893265,-0.11449511,0.0023863616,-0.20960128,-0.5698367,614.93005,1080.0
319,177.3947343425441,176.6413909193598,-0.1159304,0.0045633954,-0.20907536,-0.5632334,611.8347,1080.0
320,176.6751441515734,175.59172131330197,-0.11431766,0.008389508,-0.20824127,-0.5613394,613.5788,1080.0
321,176.42689253775148,174.12115869246912,-0.11456581,0.007582036,-0.22291067,-0.56086296,616.04407,1080.0
322,176.65371621024588,173.0584118198905,-0.11241924,0.0073005958,-0.22656894,-0.56033987,617.33075,1080.0
323,177.00789528465484,172.86384793713472,-0.11087782,0.0073521365,-0.23656034,-0.5551526,616.99445,1080.0
324,177.10766786039375,173.34673889051624,-0.11781125,0.007558639,-0.22905686,-0.55256,616.9078,1080.0
325,176.7275988861233,174.12514311221102,-0.121260636,0.0060057463,-0.2224745,-0.5562836,622.39166,1080.0
326,175.8779039110494,175.01906546036196,-0.12099706,0.010379255,-0.22939052,-0.55567825,624.54565,1080.0
327,174.79510700571043,176.02380827205695,-0.121436566,0.014863191,-0.22935751,-0.558584,630.07434,1080.0
328,173.87366753429367,177.14433093937694,-0.13803451,0.014660305,-0.24362025,-0.5518921,627.23883,1080.0
329,173.53259525193633,178.2608541468861,-0.14572714,0.0145041,-0.25040492,-0.5530592,631.86237,1080.0
330,174.0186043800189,179.12109040653968,-0.15143777,0.014843411,-0.25226915,-0.5529047,630.9407,1080.0
331,175.2227305423126,179.53159714154617,-0.15132418,0.012496722,-0.24689162,-0.5597322,638.1694,1080.0
332,176.59699866763782,179.56495649171046,-0.14603622,0.013978068,-0.25750858,-0.5595753,639.714,1080.0
333,177.4331619155631,179.4966546672419,-0.14943226,0.0151793305,-0.26615223,-0.5640035,644.9673,1080.0
334,177.52688440693512,179.46544402022582,-0.14778374,0.015578885,-0.27269214,-0.56232643,646.53424,1080.0
335,177.3628252532299,179.35700742377338,-0.14821105,0.015935602,-0.2722506,-0.56896317,655.0816,1080.0
336,177.4445564706557,179.09473480886646,-0.14783014,0.015929837,-0.27340943,-0.5691542,655.1485,1080.0
337,177.78462835432907,178.79522515691943,-0.14811508,0.013553874,-0.27222198,-0.56780154,654.20404,1080.0
338,178.12391504428197,178.59565345202674,-0.14719605,0.014357277,-0.27957934,-0.5683226,654.6357,1080.0
339,178.2639800690259,178.57286012707394,-0.14724082,0.010955245,-0.26386267,-0.5763599,661.86127,1080.0
340,178.166626962307,178.71913872941863,-0.14725567,0.0120435925,-0.2741157,-0.5763746,662.4737,1080.0
341,178.02284596463826,178.72842993362957,-0.14141083,0.011633979,-0.26777604,-0.57693505,661.6715,1080.0
342,178.1506763035658,178.17398381798077,-0.14544582,0.014625267,-0.2734267,-0.5789978,665.4634,1080.0
343,178.63553767916005,177.18217873863802,-0.14656909,0.015325702,-0.27209914,-0.58152723,668.5347,1080.0
344,179.18310318792672,176.43521130368,-0.1475599,0.0110581005,-0.27092716,-0.58130825,668.16766,1080.0
345,179.39471161167194,176.38503043921892,-0.14926198,0.012253147,-0.26978657,-0.57988083,666.40045,1080.0
346,179.1230797360096,176.89319923986992,-0.14929675,0.0134398285,-0.26640737,-0.5782747,664.45795,1080.0
347,178.56925632828796,177.51953859315645,-0.144107,0.013137817,-0.2591381,-0.5782663,662.53516,1080.0
348,178.07783661192187,177.83212384235017,-0.14517048,0.012465639,-0.25248832,-0.5776226,660.3397,1080.0
349,177.85451438894788,177.6700531718618,-0.14702465,0.012225116,-0.24849713,-0.58113563,663.42084,1080.0
350,177.82763848452802,177.33417333677122,-0.14734605,0.011795609,-0.25043628,-0.582986,665.2517,1080.0
351,177.74842634016252,177.35505879242038,-0.15032253,0.011395037,-0.23609568,-0.5837454,663.49615,1080.0
352,177.45903649821454,177.9865938006152,-0.14868927,0.010884716,-0.23309948,-0.5835969,661.9329,1080.0
353,177.03487595067025,178.8807155189191,-0.14440499,0.01096474,-0.23393673,-0.58462733,661.56396,1080.0
354,176.6911299976838,179.28809178772346,-0.14605013,0.0075078895,-0.21739168,-0.58427554,657.3709,1080.0
355,176.59564443349365,178.8336527141394,-0.1452032,0.00868033,-0.22656725,-0.58870804,659.6479,1080.0
356,176.65920337579567,177.94501008547658,-0.13655537,0.004495013,-0.21604869,-0.5812013,649.3999,1080.0
357,176.56240021375902,177.25769362859975,-0.13576977,0.004444603,-0.2120042,-0.58242184,648.3418,1080.0
358,176.1792720883022,176.92716308747515,-0.13508594,0.003168742,-0.19856703,-0.58531153,647.50055,1080.0
359,175.79110239410622,176.68818152646938,-0.13406959,0.0036035609,-0.18292542,-0.58694506,645.1546,1080.0
360,175.66186400805083,176.32525838834647,-0.13282675,-0.0039610686,-0.17259425,-0.56975627,624.01733,1080.0
361,175.65829651400833,176.0140243258837,-0.137192,-0.0037079987,-0.17894581,-0.57212365,622.16187,1080.0
362,175.5133638335227,176.20687061429544,-0.13475929,-0.0016042073,-0.18628755,-0.57325345,617.72565,1080.0
363,175.26090561588416,176.76456209154097,-0.12606382,0.009489158,-0.17367966,-0.5540229,592.74365,1080.0
364,175.26297297263443,176.12130706710485,-0.12319946,0.00029771592,-0.16375642,-0.5466842,579.0527,1080.0
365,175.86870017470557,172.48176472523556,-0.11931525,0.007691673,-0.16604863,-0.5535969,583.60626,1080.0
366,177.00951492647874,166.40801363936293,-0.121871725,0.0061124447,-0.16057852,-0.56470984,593.43054,1080.0
367,178.20511688025803,161.30021601071746,-0.12256277,0.005663384,-0.16180272,-0.56774235,595.7001,1080.0
368,178.96994670736305,160.50699489456858,-0.12455162,-0.005364312,-0.15752767,-0.55502594,576.99097,1080.0
369,179.06865982895135,163.9873511770613,-0.1255154,-0.0033391882,-0.15606192,-0.5578225,578.1904,1080.0
370,178.60722009775546,168.69740221237004,-0.12757602,-0.009223542,-0.1569961,-0.5497941,569.1849,1080.0
371,177.95015748779855,172.18131787226167,-0.12979205,-0.019460946,-0.15100826,-0.5471759,563.63257,1080.0
372,177.39632998589047,174.40324627415842,-0.12839118,-0.010713705,-0.14536421,-0.55287147,569.6272,1080.0
373,176.98397153613283,176.25786258031067,-0.12827748,-0.009275309,-0.14074849,-0.5593667,576.59344,1080.0
374,176.57773357663388,177.8589599588137,-0.1320478,-0.008528193,-0.14511222,-0.56098497,578.35986,1080.0
375,176.1584888153757,178.70802425194609,-0.12979703,-0.005834283,-0.14419511,-0.5565406,574.51373,1080.0
376,175.94687179474607,178.67475969552834,-0.12730916,-0.0036217584,-0.14841546,-0.5541556,572.5056,1080.0
377,176.09012972616364,178.1708158524027,-0.12832285,-0.003717041,-0.16029957,-0.55566835,576.3543,1080.0
378,176.4617796926997,177.63747152475585,-0.12940289,-0.0032380281,-0.17110324,-0.5576043,578.5254,1080.0
379,176.8811509933748,177.27260924326438,-0.13070203,-0.0027081524,-0.18412131,-0.5610668,582.287,1080.0
380,177.24494662734236,177.1573640837126,-0.13768554,-0.005464681,-0.17932253,-0.56800526,589.9032,1080.0
381,177.45888797716475,177.40825197218172,-0.13676515,-0.003067921,-0.18508533,-0.5714359,595.6793,1080.0
382,177.54927844233998,178.02728391475713,-0.13893218,-0.0027079263,-0.18805102,-0.57435596,600.3857,1080.0
383,177.71262046699658,178.6497900107319,-0.13999,-0.001546224,-0.18743184,-0.57639176,604.74243,1080.0
384,178.00815313976017,178.77878272666746,-0.13913213,-0.0023825187,-0.17908636,-0.57738703,607.2223,1080.0
385,178.28060716515452,178.17828862423406,-0.1311055,0.003309575,-0.18173788,-0.5747348,605.86224,1080.0
386,178.49723755838366,176.88474580259359,-0.13648999,0.0040844954,-0.19820936,-0.57526505,606.96796,1080.0
387,178.80394064384473,175.2308954882116,-0.13716413,0.004614371,-0.20076695,-0.57048327,605.30396,1080.0
388,179.21760925153717,173.81244694349402,-0.13756426,0.0029782895,-0.20137103,-0.5813932,618.5963,1080.0
389,179.4988880193203,172.97234480592547,-0.13215706,0.007398478,-0.19570765,-0.5827396,622.3756,1080.0
390,179.30734917436257,172.39504141561824,-0.13388655,0.0057488335,-0.19775476,-0.5752021,617.8894,1080.0
391,178.47814428720636,171.49523878398193,-0.13035227,0.008485017,-0.20624977,-0.5727008,618.4579,1080.0
392,177.3884541721731,170.32498228882002,-0.13750549,0.0068161576,-0.21727408,-0.5721151,620.2278,1080.0
393,176.90512984964244,169.9461999163333,-0.13544747,0.008455856,-0.20486507,-0.5692057,618.5391,1080.0
394,177.4562761023898,171.3010970586752,-0.13251145,0.009127808,-0.20141901,-0.567633,618.6862,1080.0
395,178.33313305388873,173.76906773177825,-0.12905534,0.009232584,-0.21058898,-0.56497043,618.36224,1080.0
396,178.4159346522058,175.77568825310559,-0.13257124,0.009331936,-0.21578589,-0.57133955,626.498,1080.0
397,177.36249095135832,176.61841156637678,-0.13402021,0.011188422,-0.22216576,-0.5709496,627.3678,1080.0
398,175.82193362988457,176.78190960111013,-0.13469504,0.008538932,-0.22373572,-0.5775937,636.99255,1080.0
399,174.76263496070638,176.85016128350512,-0.1347021,0.011922314,-0.22707593,-0.57848704,639.36426,1080.0
400,174.69987665941952,176.9318933401181,-0.13923605,0.0097290035,-0.23029914,-0.5832706,647.2723,1080.0
401,175.4237698126443,177.0033718276292,-0.14380114,0.007542363,-0.23335956,-0.5974885,664.70026,1080.0
402,176.36420389005033,177.18055791305142,-0.14782941,0.007902131,-0.2476219,-0.5917959,660.3633,1080.0
403,177.08477462228151,177.50557774374323,-0.15001814,0.0062847,-0.24658248,-0.59696394,665.55756,1080.0
404,177.43360399388018,177.84552845053614,-0.15360638,0.0066834628,-0.25576997,-0.5919321,661.739,1080.0
405,177.47117591650192,178.12518062761987,-0.15099515,0.008127283,-0.24378866,-0.5919694,661.3311,1080.0
406,177.36038269003396,178.40972275652348,-0.14820026,0.011023401,-0.23584606,-0.5881272,657.5576,1080.0
407,177.1940743907253,178.7327785866161,-0.15053168,0.01020293,-0.24188283,-0.5869942,657.0674,1080.0
408,176.93752827575062,178.99923401388548,-0.14602973,0.0119511355,-0.23262075,-0.57957894,646.7812,1080.0
409,176.58936306640493,179.10621340212353,-0.14734282,0.010937161,-0.23655915,-0.5781202,645.2298,1080.0
410,176.22730220388183,179.12252101117892,-0.13713905,0.016119385,-0.23057528,-0.5736378,639.5751,1080.0
411,175.82246519876546,179.18705876012024,-0.14295672,0.01510055,-0.24156879,-0.5749346,641.0912,1080.0
412,175.23493406565524,179.15594086383706,-0.14464106,0.0149140535,-0.24706319,-0.5745672,640.24426,1080.0
413,174.52252199095489,178.7370670701634,-0.13866667,0.012588614,-0.23427746,-0.58314353,647.61084,1080.0
414,174.0635463160506,178.13209628499098,-0.14500439,0.01142386,-0.23190194,-0.58536035,648.1052,1080.0
415,174.17160638722763,177.96647259261619,-0.13390474,0.0014802156,-0.22117898,-0.57230663,629.9505,1080.0
416,174.670603365631,178.48040964791505,-0.1326485,0.0031439888,-0.21456762,-0.57719994,631.6996,1080.0
417,175.1034680599752,179.2292457482239,-0.13093251,0.010636958,-0.21211983,-0.56830466,617.63257,1080.0
418,175.33717810680818,179.52300024281348,-0.13123164,0.01036456,-0.21138956,-0.5727087,620.23047,1080.0
419,175.66430336977655,178.93110045040848,-0.1297178,0.0098834,-0.21428697,-0.57429546,620.3463,1080.0
420,176.21358179737072,176.9307263570256,-0.12952735,0.013551952,-0.21611854,-0.5715684,615.4529,1080.0
421,176.60966058275335,172.34665864780465,-0.12991944,0.014953048,-0.20815265,-0.56591916,606.4517,1080.0
422,176.5810657506207,165.06231020769022,-0.12776579,0.003635774,-0.20016038,-0.5493646,585.7478,1080.0
423,176.30059760415725,157.8280119145349,-0.12658714,0.006942071,-0.18979973,-0.54644865,578.3656,1080.0
424,175.82011992802364,153.66861611808304,-0.123761326,-0.00067952473,-0.17982438,-0.541119,569.0243,1080.0
425,175.3387606062442,153.05338789076933,-0.12834117,0.0006429037,-0.16976285,-0.5452133,573.3135,1080.0
426,175.63532548955993,155.79956045118251,-0.13303907,-0.0062032063,-0.16553813,-0.55521625,582.46326,1080.0
427,176.78206099291228,162.36345141563615,-0.13750294,-0.0056953714,-0.16993555,-0.55854523,583.73737,1080.0
428,177.59140252342797,171.25620932773055,-0.13197802,-0.0032268383,-0.15624599,-0.555667,580.99927,1080.0
429,177.34074340867923,178.46044210124873,-0.13229218,-0.007289632,-0.16566315,-0.56411445,589.61194,1080.0
430,176.6721003171389,181.03797557283005,-0.14027795,-0.0050116647,-0.177876,-0.5764627,601.49255,1080.0
431,176.47730370925234,179.76389456209796,-0.1418323,-0.009339283,-0.17706276,-0.59160954,618.1697,1080.0
432,176.9266193978025,177.62952033877392,-0.14487989,-0.004639576,-0.18870115,-0.6017413,628.775,1080.0
433,177.53924366894563,176.74413204205965,-0.13970579,-0.0055427835,-0.17853174,-0.61573863,645.0597,1080.0
434,177.76729450397332,177.1385870420991,-0.14430672,-0.0032023112,-0.18694536,-0.61643213,646.2296,1080.0
435,177.56686664055582,177.75766982998107,-0.14161897,-0.0018655283,-0.19500546,-0.61139554,644.1023,1080.0
436,177.38757740410023,177.74468137245245,-0.1416388,-0.00038079155,-0.20716874,-0.60977036,646.20087,1080.0
437,177.69351381155897,176.8512295834128,-0.13808526,-0.0037753636,-0.20938015,-0.5956783,635.5603,1080.0
438,178.51907993005767,175.37562392615806,-0.13950852,-0.0015537968,-0.21619359,-0.5961146,640.7023,1080.0
439,179.32431458081683,174.03403646989807,-0.13885763,0.0032931857,-0.22403134,-0.60713774,657.32495,1080.0
440,179.49813614559392,173.45135884249783,-0.14214608,0.0043059173,-0.2392581,-0.60447747,659.95386,1080.0
441,179.1015980254241,173.62173593672637,-0.14411236,0.007080756,-0.24369428,-0.60401165,663.5675,1080.0
442,178.7705319948993,174.03158408570064,-0.13690718,0.012201266,-0.23554349,-0.59789807,658.97833,1080.0
443,178.81565434039217,174.12157004593874,-0.13826548,0.011456072,-0.2366003,-0.59680516,659.9654,1080.0
444,178.5653156569417,173.21386704166372,-0.13490821,0.013750429,-0.2418647,-0.57919204,644.12994,1080.0
445,176.79815230677025,170.311795862885,-0.1301937,0.01883997,-0.24382104,-0.5541804,618.7854,1080.0
446,173.38337667197223,165.55394334275266,-0.12937035,0.016526852,-0.23491114,-0.55818146,624.80634,1080.0
447,170.39813887758214,161.71259382929583,-0.13460484,0.015303661,-0.24937722,-0.56059897,628.4674,1080.0
448,170.43781644372268,161.90905102840702,-0.13283454,0.017699404,-0.24009162,-0.55882347,625.3049,1080.0
449,173.61222796706002,165.95051733789631,-0.13965742,0.016789077,-0.23979159,-0.5607204,626.9638,1080.0
450,177.3677763349188,170.66685263247422,-0.13943747,0.01526444,-0.24165237,-0.5643903,628.8962,1080.0
451,179.3793200222144,173.46619345205923,-0.14702736,0.012534134,-0.25075728,-0.5730472,638.5645,1080.0
452,179.47535487685417,174.36140665521873,-0.14666477,0.009712615,-0.2683601,-0.5698799,636.8289,1080.0
453,178.7242509578546,174.80115912480105,-0.14146411,0.010157493,-0.25331053,-0.5709825,636.7012,1080.0
454,177.87158543087708,175.68190880997417,-0.14625114,0.00843698,-0.24738832,-0.5818802,646.0675,1080.0
455,177.02383891168037,176.79891841446363,-0.13774425,0.0060904045,-0.22986886,-0.58123344,641.61926,1080.0
456,176.18402968554327,177.46186600797427,-0.14596286,0.0063882335,-0.23639464,-0.5900685,649.05023,1080.0
457,175.66063350958234,177.167402257368,-0.13647121,0.009693853,-0.21952944,-0.5934836,648.9615,1080.0
458,175.76985257754308,176.0470793298392,-0.14066926,0.006579138,-0.22080332,-0.5982554,652.3213,1080.0
459,176.23651296700916,174.99954917502274,-0.14374848,0.0051320395,-0.23386168,-0.60397106,656.4797,1080.0
460,176.38861783321394,175.06250426049735,-0.14441116,0.003805994,-0.21275216,-0.61136687,661.05615,1080.0
461,175.92797967648036,176.33050793854514,-0.13279103,-0.0044069644,-0.2044928,-0.58672553,632.363,1080.0
462,175.20698965186526,177.70577107552185,-0.12730367,-0.006185574,-0.19157337,-0.57722384,620.43335,1080.0
463,174.85467493705184,177.9381421657984,-0.12527098,-0.0055138483,-0.19742867,-0.5794249,619.6605,1080.0
464,175.17767943953135,176.84927160494078,-0.12649977,-0.0049507422,-0.18996587,-0.5845968,621.79193,1080.0
465,175.8926544278084,175.4024026963895,-0.12834552,-0.003910319,-0.18604833,-0.58681065,621.2586,1080.0
466,176.4515255826204,174.62479843346907,-0.12967004,-0.008522542,-0.17791624,-0.5794293,609.77893,1080.0
467,176.54137041554083,174.65399981240495,-0.13029243,-0.009267397,-0.1780092,-0.57456505,599.8865,1080.0
468,176.2792911409013,174.87809776411814,-0.13081032,-0.010803562,-0.17997414,-0.57304394,598.00195,1080.0
469,176.06295436998994,174.81686877012373,-0.1345963,-0.008860157,-0.1777293,-0.58122313,607.81836,1080.0
470,176.27120197887123,174.5820599913171,-0.13377097,-0.009038968,-0.17296945,-0.5838121,613.3422,1080.0
471,176.92658988401683,174.51757281774093,-0.1348127,-0.011835169,-0.17664896,-0.58390445,614.7228,1080.0
472,177.60384851810696,174.71085847585235,-0.13480207,-0.010766037,-0.18202503,-0.5814644,612.5792,1080.0
473,177.83213177826423,174.96464247271476,-0.13304646,-0.009012179,-0.18089893,-0.5853651,617.5897,1080.0
474,177.56978325553465,175.07305332476707,-0.13189347,-0.0066472935,-0.17926252,-0.5890585,621.8397,1080.0
475,177.20860803998983,174.9658126528005,-0.1322668,-0.0025586165,-0.18069729,-0.59685135,631.46844,1080.0
476,177.08875084411972,174.75783321340685,-0.13534795,0.00018513997,-0.18631428,-0.5958641,631.11255,1080.0
477,177.12932275392922,174.77150285661418,-0.13532053,0.0043627704,-0.18656282,-0.6004693,636.16,1080.0
478,177.12434193171984,175.1781809016309,-0.13308643,0.0046233,-0.19462094,-0.59808195,635.38354,1080.0
479,177.11937691730444,175.7057810667352,-0.14192143,0.0035129124,-0.2054219,-0.6028858,645.14264,1080.0
480,177.18125378980983,176.16873231864525,-0.14539213,0.0034076832,-0.21875073,-0.60527545,649.33124,1080.0
481,177.09068150834995,176.87380571596526,-0.14387824,0.0016368724,-0.21605676,-0.6078202,653.61664,1080.0
482,176.58647447903482,177.97629050497304,-0.14622413,3.7073205e-05,-0.2104816,-0.6123401,658.5392,1080.0
483,175.80277089126236,178.98655137412413,-0.14597128,-5.5835866e-05,-0.20940009,-0.6085892,655.7251,1080.0
484,175.23784658920488,179.32609275872215,-0.14982797,-0.00237212,-0.21329504,-0.6198408,668.8394,1080.0
485,175.25105180247022,178.9275881746786,-0.14533877,0.0025156657,-0.21270888,-0.61685485,668.98773,1080.0
486,175.68426353847744,178.134676084562,-0.14293687,0.0015233923,-0.2193287,-0.61549467,670.4305,1080.0
487,176.06742770682865,177.40909899535788,-0.14392672,0.005121754,-0.23410255,-0.61732215,674.7991,1080.0
488,176.19984581131234,177.01874441459333,-0.13809435,0.008295582,-0.22538581,-0.6115669,670.75885,1080.0
489,176.29374469373576,176.72578491353863,-0.14247522,0.00763482,-0.23719148,-0.60891426,669.4236,1080.0
490,176.49468533683037,176.16357523466388,-0.1360694,0.016831687,-0.23684749,-0.5975678,660.1341,1080.0
491,176.70190235797853,175.41073101148478,-0.13641809,0.015124286,-0.23744038,-0.59413946,657.0298,1080.0
492,176.88258093352957,174.75455462990712,-0.13655463,0.012795907,-0.23453657,-0.5889638,653.3873,1080.0
493,177.14011048797764,174.32076375230378,-0.13811776,0.018010683,-0.23219514,-0.5836598,648.6871,1080.0
494,177.55679676651212,174.16968199831618,-0.14436883,0.016206868,-0.24479817,-0.58748335,653.7922,1080.0
495,178.16350044813873,174.32830431635261,-0.13977158,0.016548326,-0.25148004,-0.5842566,651.36914,1080.0
496,178.87401471233608,174.5914034518216,-0.138224,0.02083469,-0.25028104,-0.57871073,646.70776,1080.0
497,179.42624374734027,174.6302554207997,-0.1379567,0.020963993,-0.24543305,-0.57847154,646.407,1080.0
498,179.52383227307843,174.4360649702225,-0.13343252,0.016588904,-0.24815623,-0.5769383,645.0775,1080.0
499,179.02079571415337,174.34188136845103,-0.1287579,0.012848239,-0.25500697,-0.57600397,644.37537,1080.0
500,178.00289550520228,174.59998776627077,-0.12599854,0.006367775,-0.24562299,-0.57745975,644.83136,1080.0
501,176.73286808745624,175.16976997321922,-0.12600069,0.0060548005,-0.23913218,-0.5800487,645.5834,1080.0
502,175.5380134922907,175.77962704013225,-0.12779462,0.0022702818,-0.23712243,-0.59478617,660.2779,1080.0
503,174.70436893322216,176.1279327087346,-0.1266948,0.0014988652,-0.223362,-0.6022558,664.48224,1080.0
504,174.3371922152625,176.1225325017031,-0.12792262,0.00315337,-0.22708045,-0.60644263,667.4823,1080.0
505,174.42016875834622,175.79930027091294,-0.12693052,0.0014999955,-0.22197683,-0.61281717,669.9929,1080.0
506,174.98163647011393,175.1040913279254,-0.12674227,0.0022662128,-0.2212455,-0.61377233,670.4455,1080.0
507,175.91373681617517,174.0781380767193,-0.12719077,0.0008102982,-0.22118457,-0.61236656,668.13776,1080.0
508,176.8283719844763,173.06837455933373,-0.12733103,-0.000314105,-0.21936369,-0.61262673,667.4772,1080.0
509,177.3803053074398,172.4199384665065,-0.126589,-0.0015042905,-0.21653098,-0.6133906,667.15247,1080.0
510,177.49695531600352,172.17035664284,-0.12624353,0.0020363138,-0.21301179,-0.6169465,668.4673,1080.0
511,177.24117938161876,172.2810109415016,-0.13506125,0.0002488878,-0.21768251,-0.61746556,667.835,1080.0
512,176.7314082400543,172.8802059810017,-0.13168363,-0.000628097,-0.2135342,-0.6164493,664.9469,1080.0
513,176.17883041943165,173.9327644278442,-0.13111454,-0.0012596978,-0.21084176,-0.6160494,664.2023,1080.0
514,175.86016621032155,174.8668058439838,-0.12866901,0.0003193043,-0.20998077,-0.6163407,662.8183,1080.0
515,176.00718846515065,174.94396031203775,-0.12730052,-6.894712e-06,-0.20694631,-0.61631066,662.1024,1080.0
516,176.57179600831174,174.03918718306213,-0.12598498,-0.0018638328,-0.20505811,-0.6142591,659.805,1080.0
517,177.14734177133354,172.82699081900768,-0.12598662,-0.0015918873,-0.20547293,-0.62101126,666.4383,1080.0
518,177.34769743115268,172.09292091931817,-0.1259808,-0.0016477231,-0.20602807,-0.62092006,666.36475,1080.0
519,177.16563617713516,172.0558790260026,-0.12618776,-0.0019658972,-0.20607096,-0.62533575,671.26025,1080.0
520,176.860493669036,172.43875829473382,-0.12604399,-0.0021071823,-0.20655845,-0.624812,670.9606,1080.0
521,176.67001537798012,172.90189897767002,-0.13143192,-0.0023043032,-0.21126708,-0.62448186,670.69104,1080.0
522,176.68078586193405,173.29569467479627,-0.12982783,-0.002411567,-0.20999224,-0.6241862,671.5155,1080.0
523,176.86915119043053,173.66488430374648,-0.13640194,9.833442e-05,-0.22101893,-0.625401,673.9997,1080.0
524,177.2022237171838,174.1017057967682,-0.1310922,0.00038847746,-0.22376342,-0.6215597,671.06573,1080.0
525,177.6841686316742,174.51575788910543,-0.1289722,0.0004305239,-0.22269559,-0.6172498,668.04095,1080.0
526,177.24034801836578,173.68622282386963,-0.12523052,0.0081613045,-0.22247106,-0.6068204,655.963,1080.0
527,172.41092054983883,168.61986459417164,-0.12296035,0.022401145,-0.23917118,-0.58343476,632.61584,1080.0
528,161.4878235513642,158.2637359346405,-0.12597051,0.026502594,-0.23916456,-0.5580931,605.63306,1080.0
529,149.84029626917865,147.16503892359776,-0.12575197,0.030328596,-0.24555008,-0.5438708,592.2548,1080.0
530,144.48208576183976,140.35529249590272,-0.12637086,0.0231243,-0.2483855,-0.53728926,586.2199,1080.0
531,145.57565239284781,137.98759662836858,-0.1270366,0.020263785,-0.24690178,-0.52695507,577.2174,1080.0
532,148.54587268325193,138.57480760861637,-0.12624863,0.01758536,-0.24814013,-0.5314027,583.9931,1080.0
533,150.40321091935212,141.7528212540533,-0.12541012,0.013866058,-0.24860054,-0.52384305,579.70856,1080.0
534,151.60927160920835,146.77426490913214,-0.12551315,0.013387158,-0.24458562,-0.52825457,584.3232,1080.0
535,154.50978270322634,152.38105063284308,-0.12704751,0.015659474,-0.24809067,-0.52886724,588.22437,1080.0
536,159.9336528037633,157.35223149386886,-0.12703682,0.01384153,-0.2455416,-0.5201328,578.4858,1080.0
537,165.6221206984164,160.5785810510484,-0.12670983,0.014039217,-0.2451181,-0.520939,578.94147,1080.0
538,169.2638942813432,162.29533056678952,-0.12661286,0.013645653,-0.24434108,-0.5219255,580.436,1080.0
539,171.21151287952281,164.05910733392696,-0.12642953,0.011335924,-0.24346697,-0.5294188,589.54517,1080.0
540,173.2040684164217,166.64732615064244,-0.1247107,0.011724628,-0.24016334,-0.52971524,589.1206,1080.0
541,175.90575682735496,169.2201509006382,-0.124125786,0.00955155,-0.23549539,-0.53312194,591.6412,1080.0
542,178.2712535290116,170.5304917685662,-0.12128398,0.009330467,-0.23031916,-0.53289413,590.53723,1080.0
543,178.61648317619944,170.01872177990077,-0.12243172,0.011698631,-0.22345299,-0.53077745,588.10065,1080.0
544,176.09694334114707,167.81412161629723,-0.12167929,0.009605012,-0.21935464,-0.5267999,583.5413,1080.0
545,172.06540608289092,164.89951145964136,-0.12175841,0.010806275,-0.22163741,-0.5259222,582.5872,1080.0
546,169.50315474690098,163.09321853531515,-0.122804485,0.011287887,-0.22214615,-0.5263535,582.9227,1080.0
547,170.0674875764099,163.56926036166453,-0.12282189,0.008512596,-0.22162215,-0.5232381,579.1968,1080.0
548,172.5942066463468,165.6326370328667,-0.1229278,0.007847313,-0.22057648,-0.5223433,577.32214,1080.0
549,174.76411790760662,167.53231647949832,-0.12437467,0.010409432,-0.22295035,-0.52349955,578.7656,1080.0
550,175.36865302757624,168.26943306231894,-0.12641324,0.0104532875,-0.23413973,-0.52200216,577.69116,1080.0
551,175.04314766144597,168.3239912783465,-0.12669423,0.010960106,-0.23449695,-0.51835144,574.13043,1080.0
552,175.23016338194807,168.67278093554077,-0.1264545,0.010565638,-0.23617153,-0.5207525,577.24585,1080.0
553,176.49318446528093,169.57694415609907,-0.12671097,0.0104300035,-0.23560192,-0.5163961,572.5714,1080.0
554,178.00310536908862,170.5852535412646,-0.12735736,0.009373078,-0.2400741,-0.52153385,575.28174,1080.0
555,178.73344638961342,171.39374132514857,-0.12820446,0.008173738,-0.23635067,-0.5232429,576.574,1080.0
556,178.70875929351422,172.30087542473836,-0.13371453,0.0055393926,-0.24016306,-0.5267993,579.7437,1080.0
557,178.6934281503994,173.70557989251685,-0.13402835,0.0037980822,-0.2421328,-0.54712266,594.7031,1080.0
558,177.66787154576906,174.23519384749406,-0.12031177,-0.0003552472,-0.22589417,-0.55703807,592.1972,1080.0
559,171.47208483250904,169.50769085834335,-0.10319745,0.0016360813,-0.20599031,-0.36739242,396.21695,1080.0
560,159.58063688677214,157.60196369407592,-0.030014377,-0.003611812,-0.06538205,-0.4084052,453.59894,1080.0
561,151.11377700226348,146.07785667083076,-0.022659188,-0.0046986896,-0.07425424,-0.45943728,497.18744,1080.0
562,154.69179234578115,144.71930604782673,-0.028766887,-0.0051641394,-0.08971419,-0.4699057,511.50363,1080.0
563,166.53924837621915,151.3127231185385,-0.04019459,-0.002855993,-0.12246294,-0.47030652,515.8218,1080.0
564,176.0003115090381,154.9187360322111,-0.03301358,-0.00095621747,-0.121572,-0.44119987,491.7328,1080.0
565,177.4931444554758,152.22942948063945,-0.031477075,0.00046092845,-0.12192174,-0.43650457,481.74954,1080.0
566,173.65200884382583,150.02990147524864,-0.030085867,-0.0016921432,-0.1174812,-0.4222307,467.20224,1080.0
567,170.58077868092988,152.26413292619284,-0.023832195,-0.006814123,-0.11020044,-0.43394053,476.88354,1080.0
568,171.82770946358306,154.97496764646732,-0.021839678,-0.00033365886,-0.1063079,-0.3815266,421.33264,1080.0
569,175.56840956810018,154.73189178329477,-0.017857473,0.001018835,-0.10040537,-0.38846073,442.61075,1080.0
570,176.78638203581784,153.56116947622394,-0.021252215,0.0012453432,-0.11520151,-0.39765394,445.26538,1080.0
573,172.583508192371,154.29211922617338,-0.0011748137,-0.00655057,-0.23139547,0.0071150605,249.06924,1080.0
574,164.22641752073739,155.83930759887454,0.0052771107,0.00021868106,-0.23261301,0.01513881,260.80783,1080.0
577,153.99934690459799,153.81093223849592,0.00087415904,0.0028774403,-0.23733783,0.018742003,265.03522,1080.0
578,145.5042091322867,148.2968042637356,0.0009065416,0.0020604734,-0.23802936,0.020637427,262.87045,1080.0
579,144.8644392652295,147.86251298503112,0.0016317862,0.002132105,-0.22029775,0.019085664,243.23288,1080.0
581,152.29581639240743,156.54745044598965,0.0044617266,0.005206101,-0.2309065,0.022857469,259.11105,1080.0
582,158.14292328634517,165.34321865629138,0.0029060647,0.006658342,-0.22663444,0.023260668,251.29268,1080.0
583,155.84460553114073,165.79967650637906,0.0035772817,0.008062094,-0.22433658,0.027532054,256.19495,1080.0
584,151.7369556259221,162.1249002006403,0.0034821688,0.0066858646,-0.21852098,0.023981702,245.452,1080.0
586,155.48123778114487,163.33926767525338,0.0020881935,-0.0031029312,-0.23258704,-0.014851718,266.57593,1080.0
587,166.39536149475657,170.61912842093713,0.005575392,0.010497227,-0.23082204,0.0139616225,266.32272,1080.0
588,175.19868443430516,177.98890943703017,0.0044608223,0.008812205,-0.23323457,0.0092338,266.14908,1080.0
589,176.15697841177766,180.79916766714717,0.000839742,0.0069682086,-0.23568358,0.007528404,261.4477,1080.0
591,171.98746094332884,178.46545546384536,-0.016749233,0.0012149387,0.19358431,-0.06521072,251.00217,1080.0
592,167.1779952285363,171.78921818390907,-0.01523121,0.0025388363,0.18435782,-0.062160436,240.95192,1080.0
593,162.77720752337873,162.47820195381843,-0.013601741,0.000253635,0.18349768,-0.06642857,238.09457,1080.0
594,159.89331953983626,154.83523568254074,-0.0098002115,-0.003280131,0.18050644,-0.072884426,236.03532,1080.0
595,161.11985599452186,152.94691153089158,-0.0074838707,-0.00954587,0.1911507,-0.0810689,243.14212,1080.0
596,165.9723047544864,155.59422099605072,-0.009512499,-0.011742259,0.19100924,-0.09051892,244.01707,1080.0
597,170.03738196770973,157.59927957529408,-0.009359967,-0.01310275,0.21487902,-0.08868671,267.54205,1080.0
598,169.42187575042783,155.57007233975804,-0.008927183,-0.010836085,0.20030218,-0.083493575,248.95708,1080.0
599,164.51730289607926,150.79369486866312,-0.009822534,-0.011075931,0.19947182,-0.07992054,249.33617,1080.0
600,159.4690095160078,147.30282922874403,-0.00635359,-0.016798543,0.2303473,-0.08411278,271.9749,1080.0
601,157.99930401157536,147.9086368691017,-0.012740468,-0.014637248,0.18580763,-0.07500342,240.22427,1080.0
603,160.5619618191628,152.3355443319947,-0.007831715,-0.011422729,0.22313312,-0.076191515,264.16837,1080.0
604,164.53970874848403,156.90320132882,-0.0114856865,-0.0060050683,0.1990178,-0.0655749,246.2459,1080.0
605,166.63737772891525,157.30750147999703,-0.00618597,-0.010271793,0.20763278,-0.07575232,249.03261,1080.0
606,166.06369753747813,154.18348652183312,-0.008993643,-0.01832055,0.2090857,-0.0866951,255.06775,1080.0
607,163.66741792260763,151.3389986129733,-0.002521543,-0.013654752,0.2105887,-0.08167852,246.18065,1080.0
610,159.59598183636606,149.30778748638807,-0.0097408155,0.009803772,-0.094811365,-0.103481494,153.4031,1080.0
611,154.62573678605705,146.15834965977817,-0.006055507,0.0108926,-0.07708873,-0.082618885,129.63832,1080.0
622,151.42187316484518,142.69670528440548,-0.009379804,-0.010649758,0.20659322,-0.06631775,249.29192,1080.0
623,150.00865290030308,143.37261269669102,-0.008586064,-0.014045828,0.19790164,-0.07043508,241.4962,1080.0
626,143.82646122831665,150.85042055466042,-0.008170855,-0.009831916,0.20039137,-0.08192822,248.5525,1080.0
627,132.3629703333697,161.1370006298982,-0.0061386107,-0.009848108,0.20874645,-0.082472056,252.83508,1080.0
628,130.20451669192144,166.99175309363577,-0.004753113,-0.011550677,0.20040199,-0.084162,243.82443,1080.0
630,145.9514805296434,165.36230694485917,-0.0039378414,-0.011171185,0.20520635,-0.078287736,243.94771,1080.0
631,166.81018020227827,159.37538179221983,0.0014425208,-0.013612507,0.20674665,-0.08052645,239.91325,1080.0
632,175.57146017196976,152.72339332571306,-0.007775427,-0.013542769,0.19671483,-0.076452665,241.81395,1080.0
633,168.36776165399255,144.16205606018693,-0.00849242,-0.01318998,0.18366563,-0.07423059,225.66623,1080.0
634,152.95724742351806,131.53484256288706,5.464907e-05,-0.016078101,0.20712936,-0.08320914,237.12592,1080.0
635,140.53078354501872,118.78034564416089,-0.0049961233,-0.012159503,0.20087117,-0.0765009,233.80992,1080.0
636,135.68534325062254,111.92244917966524,0.011423239,0.014249929,0.12251316,-0.0073023196,116.44789,1080.0
637,130.80406111908803,113.48974002873807,0.007087651,0.011293934,0.06176125,0.026093546,45.343853,1080.0
638,120.65181612727527,122.85583004128327,-0.0010183828,0.016828692,0.04624984,0.043470424,31.306295,1080.0
642,113.2344463295729,132.9124172711414,-0.00017332855,-0.0038362292,-0.010668493,-0.0066704643,15.416571,1080.0
643,117.73071499348907,136.76300075085322,-0.0035083347,-0.018952066,-0.0129956845,-0.033495586,16.73985,1080.0
646,134.8349101470742,141.02436154441682,-0.11098718,0.0018128572,-0.24823439,-0.528471,604.18695,1080.0
647,157.24484639552227,154.72959126508067,-0.11151038,0.0017198351,-0.24459517,-0.5283185,604.8101,1080.0
648,174.62951791393647,172.7844005978552,-0.11019485,0.0016295257,-0.24661882,-0.52860725,607.418,1080.0
649,181.74173815533126,183.7563384855048,-0.11326017,0.001127342,-0.24852736,-0.5262784,606.9582,1080.0
650,180.83262796121747,184.0834503952159,-0.11576577,0.0016722502,-0.25101036,-0.52319306,605.64087,1080.0
651,177.38572285918502,179.04068713021238,-0.11562981,0.0015603525,-0.2559945,-0.51962656,604.2305,1080.0
652,175.35301522105235,175.26696271045253,-0.11368182,0.004079409,-0.25913656,-0.51555806,605.13727,1080.0
653,175.41345973507487,175.2203278745723,-0.115975216,0.007184064,-0.27039602,-0.5095115,603.3555,1080.0
654,176.33179001042953,177.3275934383159,-0.11459469,0.009129842,-0.2784035,-0.5046066,601.753,1080.0
655,176.95795876365167,179.08220045083783,-0.1148021,0.010329635,-0.2776855,-0.5047955,602.5031,1080.0
656,177.04775795543767,179.33829732372914,-0.11416711,0.010799266,-0.27523407,-0.5062444,603.8741,1080.0
657,176.9439171690829,178.51150702721347,-0.11428759,0.008784881,-0.27036715,-0.5074331,604.4455,1080.0
658,177.00602003843184,177.5265054748871,-0.115320675,0.01125104,-0.27370372,-0.51174474,610.06635,1080.0
659,177.33585507602646,176.90609640447892,-0.11581432,0.008421157,-0.26843223,-0.5133993,609.4923,1080.0
660,177.8120254758541,176.6431415985417,-0.11597572,0.0101438165,-0.2696865,-0.516542,612.35535,1080.0
661,178.22704820949008,176.5287214254455,-0.116113,0.009929968,-0.26841894,-0.51587135,610.64777,1080.0
662,178.43937965018472,176.40901229376288,-0.11655081,0.009709902,-0.2665464,-0.5156119,608.8528,1080.0
663,178.48060814673704,176.24469431262543,-0.117267184,0.009494809,-0.26759067,-0.5155049,608.0445,1080.0
664,178.5079988869434,176.07641741324252,-0.116810665,0.01019547,-0.26510587,-0.5119477,602.97363,1080.0
665,178.6549781115819,175.9464550019233,-0.11658596,0.0094363745,-0.2631544,-0.5071413,596.56757,1080.0
666,178.90407445213208,175.85950195811319,-0.11632221,0.009197207,-0.26123798,-0.5092632,595.99414,1080.0
667,179.09383960037994,175.81644039841055,-0.11633482,0.0066182455,-0.25811276,-0.51065314,594.26434,1080.0
668,179.0916469790651,175.8449446237608,-0.11690318,0.0058725993,-0.25022882,-0.515466,595.7087,1080.0
669,178.93986009680978,175.9868270045891,-0.11741282,0.0046132407,-0.2429762,-0.52093405,597.11615,1080.0
670,178.82197551631077,176.20228020741416,-0.11668757,0.0008722376,-0.23009096,-0.52855843,599.40314,1080.0
671,178.88337350707135,176.31539769204022,-0.11802939,0.0007849799,-0.2249939,-0.53021014,599.1804,1080.0
672,179.02257607084192,176.22803246806282,-0.11621597,-0.00055677624,-0.21197097,-0.5338549,598.9473,1080.0
673,178.93594448686363,176.0726860987406,-0.11655426,-0.0011768482,-0.20833503,-0.53729385,597.52515,1080.0
674,178.4335551720062,176.01501414759196,-0.11476892,-0.0027959752,-0.19908419,-0.54177237,598.8078,1080.0
675,177.5921631157445,176.1007006397658,-0.114351004,-0.0039816396,-0.19257349,-0.5453034,598.65283,1080.0
676,176.6489635104665,176.27490968277715,-0.11390748,-0.0060457583,-0.18192455,-0.5539723,604.08923,1080.0
677,175.88461456359167,176.41618763402244,-0.11340462,-0.007354171,-0.17339754,-0.55762446,605.13916,1080.0
678,175.50295594823123,176.43546971461623,-0.1119018,-0.008298746,-0.17033386,-0.5621169,607.86017,1080.0
679,175.4748247962599,176.39706007710475,-0.11217205,-0.009494584,-0.16963524,-0.561762,606.0805,1080.0
680,175.55081982255908,176.5070813074048,-0.110679284,-0.012523623,-0.16540872,-0.56241167,604.7278,1080.0
681,175.48037114302028,176.91163254645141,-0.11125013,-0.012743349,-0.15672217,-0.564354,605.7969,1080.0
682,175.19121369926,177.5093247865058,-0.111173786,-0.013902792,-0.14974716,-0.56948584,608.6373,1080.0
683,174.8409351075062,178.03421969757605,-0.11153943,-0.013283962,-0.1429938,-0.57778686,617.69745,1080.0
684,174.71806854151905,178.28042017819308,-0.11113569,-0.015120895,-0.13529183,-0.5856732,626.41266,1080.0
685,175.00333599663324,178.201319711542,-0.11135418,-0.015469474,-0.1288425,-0.58724904,628.169,1080.0
686,175.6848663928329,177.8810787026004,-0.112815686,-0.015154577,-0.13175438,-0.58937377,629.0641,1080.0
687,176.6462073859891,177.49226846141067,-0.11167066,-0.014300764,-0.12374324,-0.59221554,631.622,1080.0
688,177.6269962381593,177.2157937794561,-0.11103318,-0.015403239,-0.12069403,-0.59172076,631.0696,1080.0
689,178.26530133952193,177.10693215438303,-0.11109885,-0.018342307,-0.12034364,-0.59845227,637.4923,1080.0
690,178.4121627090825,177.09769194364796,-0.11099656,-0.019138703,-0.11942014,-0.59882957,637.8074,1080.0
691,178.26530461834477,177.15168060763523,-0.11044509,-0.019631054,-0.11855882,-0.59882754,637.53766,1080.0
692,178.13561339947617,177.28366060852517,-0.11055552,-0.019288579,-0.11931746,-0.5996584,637.9459,1080.0
693,178.1817783754737,177.45777255873722,-0.11192124,-0.020282887,-0.11480719,-0.5987595,637.36993,1080.0
694,178.33043494612232,177.6236319238474,-0.11192683,-0.022591598,-0.11348351,-0.5944262,633.2077,1080.0
695,178.41886196315747,177.77853779106255,-0.11246197,-0.023057725,-0.11298512,-0.58946764,625.87384,1080.0
696,178.41412426089667,177.8890228691208,-0.11203156,-0.02359653,-0.10885462,-0.58899075,625.82306,1080.0
697,178.4475033627087,177.88218699250606,-0.1150016,-0.023688197,-0.10350754,-0.5895369,627.2753,1080.0
698,178.64929998938325,177.80316223610845,-0.11538335,-0.021096123,-0.10196867,-0.58541334,623.08307,1080.0
699,178.98171348623475,177.84460227232682,-0.115758546,-0.021315625,-0.1076212,-0.5852265,622.117,1080.0
700,179.2544763916001,178.1166100794165,-0.11594153,-0.021856237,-0.1175983,-0.5858948,621.5405,1080.0
701,179.3001544857982,178.50056260843078,-0.11490478,-0.020699734,-0.123462364,-0.58188176,618.11066,1080.0
702,179.08369617243707,178.77492299253007,-0.112788394,-0.019208215,-0.13015634,-0.5753666,613.2579,1080.0
703,178.68456961263496,178.77601810475744,-0.1125078,-0.01889038,-0.14624323,-0.57404685,611.4185,1080.0
704,178.23875643430154,178.49447982741722,-0.11057655,-0.016791224,-0.15780577,-0.5724931,612.5694,1080.0
705,177.84270136381244,178.10380667049643,-0.11138978,-0.01227903,-0.17031652,-0.56465614,610.162,1080.0
706,177.46956893180115,177.81316009252055,-0.110359415,-0.010220676,-0.18094014,-0.56092757,609.18335,1080.0
707,177.04183180862188,177.68128592267675,-0.11224603,-0.0074371337,-0.20060238,-0.5542628,605.0246,1080.0
708,176.57307239656572,177.6322492971992,-0.112075016,-0.0066827843,-0.20955601,-0.55262136,606.75555,1080.0
709,176.15445056473874,177.55087886411803,-0.11224682,-0.0050373217,-0.21211486,-0.54753315,605.8864,1080.0
710,175.90148864420948,177.3240193110809,-0.11362604,-0.0043550846,-0.22143543,-0.5468603,608.444,1080.0
711,175.88545917710988,176.99583632714948,-0.11426793,-0.005376293,-0.21302564,-0.5465642,609.80963,1080.0
712,175.99491983432708,176.85301444055168,-0.11579545,-0.0018089012,-0.22703671,-0.5472489,614.5853,1080.0
713,176.10527914030575,177.09150730484401,-0.11567327,0.00140946,-0.23984878,-0.54813164,621.6003,1080.0
714,176.33378707174933,177.47582239920854,-0.112471916,0.004139427,-0.24554816,-0.5477967,625.4426,1080.0
715,176.7938699104962,177.53711809002678,-0.11047482,0.0049623842,-0.24091339,-0.55217284,632.0445,1080.0
716,177.28599760252064,177.05870288409437,-0.11065278,0.0053943777,-0.24318244,-0.55265033,634.9722,1080.0
717,177.516234534606,176.24039519081126,-0.11024311,0.0069975676,-0.25843123,-0.5508176,638.15814,1080.0
718,177.54488649539667,175.40852725481034,-0.1113843,0.009883853,-0.27007595,-0.54626167,636.4877,1080.0
719,177.7279519522248,174.7682474066307,-0.11046244,0.010775983,-0.27565697,-0.5430711,634.73126,1080.0
720,178.1648695243881,174.4487624174907,-0.111658566,0.012523849,-0.2774171,-0.53705186,631.297,1080.0
721,178.55769114160066,174.50108913970882,-0.111407526,0.014465897,-0.27703777,-0.5309438,628.38367,1080.0
722,178.6155933297822,174.82183774095148,-0.111733615,0.014932477,-0.27397692,-0.52597314,626.121,1080.0
723,178.29637373810226,175.24716844087536,-0.114227295,0.015834328,-0.2814347,-0.5205103,624.4607,1080.0
724,177.78066686953636,175.64865809999506,-0.11218307,0.01631187,-0.29513714,-0.5143076,620.57495,1080.0
725,177.41192105016233,175.86338212275874,-0.11269554,0.014974072,-0.3070108,-0.5116947,621.1278,1080.0
726,177.4697089869099,175.73647666626798,-0.11376422,0.015019056,-0.31376365,-0.5035408,617.68555,1080.0
727,177.8664542993268,175.37595765677582,-0.115455344,0.015988499,-0.31019536,-0.5007412,614.18396,1080.0
728,178.23516970584905,175.1688494327588,-0.11856169,0.018056573,-0.30264905,-0.4912679,603.26025,1080.0
729,178.36274838688175,175.3799939455381,-0.11929197,0.017612372,-0.29621696,-0.48798344,598.8669,1080.0
730,178.35787659785777,175.8789882112864,-0.11953611,0.017706977,-0.29003552,-0.48090363,589.26013,1080.0
731,178.38322089325,176.40107223346163,-0.1202392,0.01903969,-0.29251066,-0.48030192,586.93854,1080.0
732,178.4639562821433,176.88751528315487,-0.11945032,0.017964115,-0.2788345,-0.4818334,582.57745,1080.0
733,178.6271678027162,177.38306438909132,-0.12107652,0.015162602,-0.271705,-0.49049523,587.2211,1080.0
734,178.95568226129814,177.7997558189008,-0.12115767,0.010787851,-0.26411957,-0.49829385,591.33215,1080.0
735,179.36045784143036,178.0319475762715,-0.13225211,0.008594767,-0.26407042,-0.5102407,602.28754,1080.0
736,179.5241029071938,178.20063206491548,-0.12738077,0.00492452,-0.2504471,-0.52058935,605.3548,1080.0
737,179.23828084210314,178.51187731071388,-0.13524559,-0.0014692518,-0.2411161,-0.52907753,609.3523,1080.0
738,178.682638297633,178.93792044979097,-0.13071312,-0.0022169326,-0.22907121,-0.54865634,623.7047,1080.0
739,178.2157982989763,179.2781969328321,-0.13389903,-0.0025622332,-0.22582482,-0.5534739,624.0879,1080.0
740,177.95957599343393,179.4520845822724,-0.13840541,-0.0033770525,-0.22189127,-0.55997926,627.5187,1080.0
741,177.77542347000897,179.53213319292564,-0.13635045,-0.008292531,-0.22282381,-0.5627618,625.9948,1080.0
742,177.61015421173903,179.5105629828875,-0.13352248,-0.012803367,-0.20091248,-0.56609905,623.2325,1080.0
743,177.65945487722522,179.28292677849663,-0.12882198,-0.014334671,-0.17464103,-0.5604643,608.77094,1080.0
744,178.08763504823972,178.94530753350054,-0.13193455,-0.01766267,-0.16854367,-0.5599854,602.6829,1080.0
745,178.74604128123758,178.82147627089316,-0.13504633,-0.02294888,-0.1664995,-0.5547288,594.1892,1080.0
746,179.2961571058895,179.05333537839994,-0.13534969,-0.025015824,-0.1546693,-0.55652124,593.0826,1080.0
747,179.44123964907016,179.38547112089714,-0.13293158,-0.02272791,-0.15333743,-0.55873376,592.48816,1080.0
748,179.12096272511116,179.50247090172113,-0.13459308,-0.022050759,-0.1570213,-0.5632064,593.99457,1080.0
749,178.6441021777086,179.43039907548084,-0.13237882,-0.025317382,-0.15931718,-0.5615426,591.13184,1080.0
750,178.43792335292287,179.44092394455046,-0.13276209,-0.026766855,-0.16140284,-0.5571436,586.02295,1080.0
751,178.63461500060018,179.64073183547285,-0.13222973,-0.024983725,-0.16449766,-0.557712,585.86865,1080.0
752,179.02523276391653,179.86395105729983,-0.13276893,-0.024398578,-0.16558391,-0.55769837,585.72406,1080.0
753,179.33107523808172,179.92596969240793,-0.1340241,-0.02476931,-0.17416732,-0.56339467,591.6817,1080.0
754,179.43936282798904,179.75806319910285,-0.13504995,-0.025069851,-0.18267885,-0.56267065,590.5071,1080.0
755,179.43912853790198,179.35052212659465,-0.13630241,-0.022319652,-0.19985013,-0.563668,593.35223,1080.0
756,179.44932357865605,178.798072016653,-0.13549301,-0.0198683,-0.21295494,-0.56257594,595.4779,1080.0
757,179.4484884198764,178.3408318734097,-0.14309122,-0.013984737,-0.21007872,-0.56605005,601.0479,1080.0
758,179.38228659957235,178.1687445750881,-0.14414893,-0.0059451633,-0.21881844,-0.58315176,622.9938,1080.0
759,179.31591647859614,178.26762759197896,-0.14034362,-0.006329233,-0.20940608,-0.57978404,621.83167,1080.0
760,179.26030131026192,178.4991408758582,-0.1368167,-0.010355179,-0.22162606,-0.5625968,606.0786,1080.0
761,179.0440905763447,178.7163613366391,-0.1382214,-0.0017074019,-0.22567636,-0.549415,596.50006,1080.0
762,178.56203683943468,178.8430807084038,-0.13024586,-0.005196465,-0.23005258,-0.52758735,577.88544,1080.0
763,177.88407488303315,178.90354157175858,-0.1257153,0.002678652,-0.23691808,-0.51465464,571.7563,1080.0
764,177.146036379235,178.9976935183974,-0.123585284,0.003560384,-0.24249794,-0.5012702,561.99023,1080.0
765,176.63496897433487,179.1709076907688,-0.12061095,0.0039322465,-0.2475318,-0.49609697,562.48645,1080.0
766,176.71817559759774,179.22316318959417,-0.120140016,0.011352426,-0.2550221,-0.48428118,556.20337,1080.0
767,177.39972444869514,178.9056177275726,-0.12046836,0.008760805,-0.25984338,-0.48306066,559.30334,1080.0
768,178.1688325423404,178.40764376476145,-0.1245493,0.008553964,-0.26390353,-0.48213112,563.2421,1080.0
769,178.46296388985385,178.2917850257846,-0.12424073,0.0103074815,-0.26449725,-0.47708267,560.269,1080.0
770,178.20332800941935,178.76345041712517,-0.12380151,0.011401594,-0.26813745,-0.47485113,560.9907,1080.0
771,177.8131170584041,179.26236934291518,-0.12353137,0.0117563885,-0.27743885,-0.47307795,561.17926,1080.0
772,177.73102702272408,179.14927891508015,-0.13708095,0.019374253,-0.2900693,-0.4949668,586.7126,1080.0
773,177.99165520582844,178.64793571790372,-0.13912573,0.02070482,-0.30395034,-0.48931727,587.38074,1080.0
774,178.2928803265044,178.52598810670685,-0.13525227,0.01659964,-0.30172476,-0.4850378,582.21796,1080.0
775,178.34608816548874,178.99407315827582,-0.1342492,0.016302038,-0.29997757,-0.48473012,581.9026,1080.0
776,178.14764287229715,179.55383288514363,-0.13154997,0.015704459,-0.2960275,-0.48533326,582.568,1080.0
777,177.9708562451048,179.7166225112105,-0.13041817,0.015064042,-0.2830042,-0.4868775,582.1258,1080.0
778,178.04891564831757,179.36865630046722,-0.1246022,0.014783393,-0.2662665,-0.4892408,580.8488,1080.0
779,178.32761556597305,178.6118232939644,-0.1229677,0.014760561,-0.25814793,-0.49212602,582.7779,1080.0
780,178.6688840327211,177.58925235019757,-0.12033245,0.01102001,-0.25020114,-0.4943881,579.74585,1080.0
781,179.06317033885966,176.53703374709033,-0.12097524,0.010464477,-0.24048835,-0.49687725,578.2948,1080.0
782,179.44186745107442,175.83076658029694,-0.121498786,0.010101996,-0.23253456,-0.5016291,579.9756,1080.0
783,179.60145065410535,175.70942686021087,-0.12009972,0.009391615,-0.23012713,-0.50516677,580.0397,1080.0
784,179.41371454266258,175.99713727227052,-0.11871417,0.0057420516,-0.2162857,-0.51181644,584.0874,1080.0
785,178.94954131570213,176.2616399576404,-0.121447586,0.0022323043,-0.21035665,-0.51898456,587.4847,1080.0
786,178.4734066071907,176.21247933838052,-0.12308321,0.0033634892,-0.21345435,-0.5216077,588.1268,1080.0
787,178.24101514554596,175.9324912505324,-0.12007039,0.00048262984,-0.20609719,-0.52937835,592.4516,1080.0
788,178.20166584316667,175.7066186727408,-0.12095388,0.0019569679,-0.20085692,-0.5354623,595.6089,1080.0
789,178.17038889776364,175.6018355760154,-0.12106538,-0.00010319462,-0.19790943,-0.5392236,597.49066,1080.0
790,178.25831173471303,175.40499208250654,-0.12704399,-0.006750149,-0.2041922,-0.54069173,594.93414,1080.0
791,178.70219131614724,175.10167125077828,-0.12790471,-0.008126379,-0.20561506,-0.5391962,591.84454,1080.0
792,179.39084083394218,175.04521004100627,-0.12601714,-0.011251718,-0.20703651,-0.5346588,586.2226,1080.0
793,179.9405665594021,175.37328130131863,-0.12543544,-0.010816899,-0.20513582,-0.5355199,586.05023,1080.0
794,180.11578870283796,175.69064847669435,-0.12447323,-0.0048588505,-0.20341401,-0.5389249,589.9723,1080.0
795,179.9848657685379,175.6209776407711,-0.13285229,-0.004334174,-0.20828184,-0.5432894,594.70074,1080.0
796,179.7331516345996,175.42789722696813,-0.12978567,-0.004329992,-0.20782408,-0.5408734,593.12274,1080.0
797,179.44694126761414,175.81796923503512,-0.12748702,-0.0021164506,-0.21639483,-0.53972155,593.51733,1080.0
798,179.14121881117717,177.00980065947,-0.1303261,-0.004430361,-0.2313082,-0.5415876,596.9932,1080.0
799,178.90276283119294,178.37782286269362,-0.13853952,-0.00045957213,-0.23519191,-0.5433988,601.25244,1080.0
800,178.88743760282384,179.2722067420638,-0.14180072,0.0029733162,-0.24030162,-0.54491913,604.6246,1080.0
801,179.15287926317885,179.6526417626954,-0.14538524,0.0048894812,-0.2436533,-0.54258204,604.8025,1080.0
802,179.44177366544045,179.74056434105657,-0.13539858,0.0029256186,-0.24693485,-0.5403098,604.6519,1080.0
803,179.2975478861296,179.56519198628672,-0.14449514,0.0059916177,-0.23709801,-0.5433555,608.5887,1080.0
804,178.62812675270627,179.10790043159233,-0.13415398,-0.001078966,-0.24835634,-0.5365319,603.7402,1080.0
805,177.83952394517115,178.65933942514303,-0.13158722,-0.001526557,-0.25065467,-0.5356096,602.9195,1080.0
806,177.26749311630834,178.64126343479683,-0.12834936,-0.0020548503,-0.25136498,-0.5328461,601.7973,1080.0
807,176.89912616864194,179.0636975753784,-0.12662156,0.0037629304,-0.241945,-0.5148354,582.9901,1080.0
808,176.63309217463308,179.52925990234098,-0.12191755,0.004744127,-0.24698463,-0.5128848,584.584,1080.0
809,176.45088423698147,179.7537311501732,-0.12161837,0.006676116,-0.25307262,-0.5108881,584.02734,1080.0
810,176.36650024962108,179.74635019931048,-0.120173305,0.012646937,-0.25409874,-0.50107425,575.0677,1080.0
811,176.40955077406826,179.5976275421443,-0.12001631,0.011625502,-0.25616467,-0.5014866,575.76514,1080.0
812,176.60539753332557,179.37057620951305,-0.12042016,0.01131637,-0.25946662,-0.49989742,575.82166,1080.0
813,176.86966115382873,179.13256213802723,-0.12060309,0.011060927,-0.25324357,-0.5021907,576.9388,1080.0
814,177.01704721865514,178.97349926844927,-0.12188128,0.012226246,-0.25215608,-0.5002239,574.68353,1080.0
815,176.95657786822724,178.94639079511288,-0.121826455,0.0116851805,-0.25117832,-0.49903214,572.35486,1080.0
816,176.81040135186487,178.98697419421836,-0.12188924,0.010688161,-0.25110248,-0.49743387,568.72296,1080.0
817,176.76777848058705,178.98561862608082,-0.121305674,0.0027040835,-0.24789937,-0.50250083,569.6756,1080.0
818,176.86551328207764,178.9551782024481,-0.13098738,-0.0038354944,-0.250373,-0.5153879,576.3922,1080.0
819,177.00369874433045,179.01346784838864,-0.13628998,-0.0077581336,-0.24306583,-0.51907,576.82996,1080.0
820,177.17457211381696,179.17475721348768,-0.14077775,0.000821601,-0.24405015,-0.5283283,583.94446,1080.0
821,177.55749181347315,179.29450439824902,-0.14636095,0.0037587483,-0.24223672,-0.5512439,604.9718,1080.0
822,178.2976857394011,179.28400096844754,-0.14460139,0.0013717086,-0.22581747,-0.55063254,602.8345,1080.0
823,179.22390739876568,179.2657807793025,-0.14264408,0.0034682662,-0.24160083,-0.5515492,604.5058,1080.0
824,179.91037148106972,179.4147386177982,-0.13996276,0.0050237584,-0.24002804,-0.55602044,607.07227,1080.0
825,180.0838634451716,179.6962100000485,-0.14131312,0.002194214,-0.23630919,-0.5645916,612.8463,1080.0
826,179.86531472640596,179.83351297250783,-0.13243166,-0.0026949283,-0.22012578,-0.558189,602.1779,1080.0
827,179.5687261531737,179.55177671388077,-0.13764796,-0.013642374,-0.22512676,-0.5563146,598.9676,1080.0
828,179.41900130067208,178.92650066301735,-0.1369291,-0.014132013,-0.21489473,-0.56299603,605.3544,1080.0
829,179.47447452349357,178.40366713163309,-0.1394841,-0.013610727,-0.20621367,-0.5713406,610.81995,1080.0
830,179.647302299979,178.30961160344873,-0.13443671,-0.007834427,-0.20417978,-0.5641791,603.2128,1080.0
831,179.79550798122307,178.48939412102598,-0.13260102,-0.008887058,-0.20072965,-0.5508769,586.9716,1080.0
832,179.85404614797187,178.54825731062286,-0.13384615,-0.0066222013,-0.20169881,-0.5459837,581.4328,1080.0
833,179.83653913310638,178.31921641376817,-0.1334505,-0.005473271,-0.20297664,-0.54521966,581.44763,1080.0
834,179.7548897358873,177.98981676014031,-0.13321099,-0.0047541866,-0.2046446,-0.54573107,583.8399,1080.0
835,179.633721408938,177.80132711035552,-0.13241176,-0.00332619,-0.2055468,-0.5447144,584.7279,1080.0
836,179.5447185917823,177.74752110272271,-0.13514568,-0.005146394,-0.21533689,-0.54512554,588.1175,1080.0
837,179.53295337913735,177.63413147963018,-0.13340239,-0.0025279857,-0.22868489,-0.5430776,588.9495,1080.0
838,179.56152560908538,177.40154695682804,-0.1336297,-0.0033034713,-0.2453298,-0.54296374,592.0475,1080.0
839,179.5244348815513,177.31635010704306,-0.13439094,-0.0072785555,-0.2501657,-0.5394645,589.4299,1080.0
840,179.25980919083068,177.724557940968,-0.12904793,-0.0033087838,-0.25271633,-0.53309196,584.34576,1080.0
841,178.63496072975894,178.54305364849014,-0.13067803,-0.0054577864,-0.2527624,-0.528921,584.69446,1080.0
842,177.71015705384974,179.21042064102,-0.1275008,-0.0015480324,-0.2528602,-0.5221051,582.94183,1080.0
843,176.8365236721945,179.3760063943538,-0.12671469,0.00221422,-0.25459686,-0.5169195,579.94403,1080.0
844,176.40820670400652,179.25514413224695,-0.1292533,0.0010776096,-0.25696993,-0.5146666,579.5903,1080.0
845,176.36110416583193,179.08210594480747,-0.124551564,0.006085092,-0.25921077,-0.5067257,573.7775,1080.0
846,176.2504332384358,178.87730891151554,-0.11963043,0.0064456514,-0.25987396,-0.5003224,568.76904,1080.0
847,175.93267781353387,178.81713869497833,-0.119645916,0.0062007196,-0.2584441,-0.49800608,566.81366,1080.0
848,175.74085793985157,179.10699759419012,-0.12514688,0.015312591,-0.25075,-0.5124128,583.1751,1080.0
849,175.98135501500585,179.57971181587556,-0.12566335,0.009288307,-0.24687585,-0.5176574,592.5721,1080.0
850,176.5865931316049,179.83251150603027,-0.12874106,0.01318009,-0.23613377,-0.54419714,623.8952,1080.0
851,177.28249693079206,179.6480994415296,-0.14052977,0.0068276864,-0.2444198,-0.5581419,638.4139,1080.0
852,177.91587157261526,179.2310977183537,-0.14210069,0.0047172266,-0.24241039,-0.55587524,635.313,1080.0
853,178.45973810785117,178.99628690186586,-0.13663217,0.0006894712,-0.2392186,-0.55746734,635.02563,1080.0
854,178.77919212304897,179.05963143031335,-0.12998527,0.004640254,-0.22832483,-0.5585649,634.71844,1080.0
855,178.632705913952,179.15590273771903,-0.13011853,-0.0040569166,-0.23021585,-0.5577402,628.5378,1080.0
856,177.90884430358997,179.11117161433853,-0.13018414,-0.0034544768,-0.22408594,-0.5622961,629.68005,1080.0
857,176.83171368741242,179.08205622884537,-0.12988026,-0.0036347567,-0.22122741,-0.56440324,629.80945,1080.0
858,175.96654175303613,179.20119964475944,-0.12936871,-0.008524012,-0.22238645,-0.5654029,628.45135,1080.0
859,175.78553902990882,179.2984865475352,-0.12622336,-0.008787028,-0.21965197,-0.56663203,628.27637,1080.0
860,176.13972270845872,179.1200915033166,-0.11594097,-0.008633536,-0.20871672,-0.5674277,627.8774,1080.0
861,176.3694495573616,178.62945312612504,-0.11395393,-0.008367468,-0.20457894,-0.5712622,631.97345,1080.0
862,175.96305806132574,178.08794788810962,-0.11414993,-0.007890829,-0.21255815,-0.574249,636.66907,1080.0
863,174.99512224144112,177.87737253889466,-0.11812524,-0.010811813,-0.22298251,-0.5768118,640.4444,1080.0
864,173.90420686110127,178.16751829269015,-0.11905828,-0.0152275935,-0.22454342,-0.5809409,645.03796,1080.0
865,173.0247039495581,178.78481378411755,-0.12174327,-0.015461222,-0.23225662,-0.58206,647.277,1080.0
866,172.46663232643178,179.4012197472581,-0.120296,-0.013318775,-0.23213643,-0.58283204,648.9376,1080.0
867,172.2389337112126,179.78911684982208,-0.12357816,-0.013684308,-0.24336283,-0.57955456,648.0438,1080.0
868,172.31245678999167,179.9014712836453,-0.12319573,-0.013482892,-0.2527126,-0.5807335,650.5184,1080.0
869,172.60036888206167,179.80448414054968,-0.122829296,-0.013476789,-0.2548511,-0.5812319,651.8433,1080.0
870,172.92632264988887,179.56387192353466,-0.11357982,-0.0112559,-0.2556627,-0.579713,653.68243,1080.0
871,173.19991664330504,179.0667364053499,-0.12006073,-0.009781901,-0.26640975,-0.5771935,655.8003,1080.0
872,173.63783551979697,178.13300000309303,-0.12445781,-0.00939331,-0.27830765,-0.571758,654.6701,1080.0
873,174.5391622719073,176.97459756142882,-0.12757643,-0.0069036414,-0.28919226,-0.56982917,656.82666,1080.0
874,175.89789187134662,176.13800258961317,-0.12723197,-0.004945769,-0.28979352,-0.56549346,656.69434,1080.0
875,177.39314026206515,175.92409111445485,-0.12726061,-0.002021733,-0.2923563,-0.5653743,660.69604,1080.0
876,178.57617677323495,176.22415635507906,-0.11813892,-0.0026399966,-0.28553036,-0.5619141,659.3741,1080.0
877,179.04087052229877,176.77327798786877,-0.116791114,-0.0012642189,-0.2797738,-0.55910844,658.3756,1080.0
878,178.72975604483074,177.28763223643415,-0.115270264,-0.001977652,-0.2684936,-0.55736816,657.3711,1080.0
879,178.04687862538316,177.58921597382857,-0.11599206,-0.0037673386,-0.26161155,-0.56281614,663.4277,1080.0
880,177.38819955544875,177.8230806232796,-0.1127733,-0.005197257,-0.2573995,-0.5697276,670.995,1080.0
881,176.73970586601527,178.27595748777728,-0.11033817,-0.001256307,-0.25315338,-0.5716515,673.2248,1080.0
882,175.94474552507367,178.87486509726247,-0.111368194,-0.0055811,-0.25466174,-0.57659405,678.05554,1080.0
883,175.09139746121738,179.2432942064902,-0.11148484,-0.0045205574,-0.2433939,-0.5762776,676.5049,1080.0
884,174.4021677236304,179.24366390191884,-0.10546909,-0.0026118525,-0.24368733,-0.5737206,673.1575,1080.0
885,173.9805490696051,179.0954376159303,-0.103216946,-0.001051387,-0.23050497,-0.5681368,665.42474,1080.0
886,173.89250480272833,179.05011810760223,-0.09894907,-0.00062685367,-0.22530416,-0.56468505,657.5843,1080.0
887,174.2010197378801,179.12505145457573,-0.0927592,-0.0015227142,-0.21340378,-0.5665121,648.77435,1080.0
888,174.76165409445963,178.99603475765147,-0.092142686,-0.0006343135,-0.21015845,-0.5766785,645.79,1080.0
889,175.2891581307791,178.20550513513066,-0.0976085,-0.007042214,-0.21045877,-0.58302903,647.4773,1080.0
890,175.6378773431767,176.65855293816347,-0.10184518,-0.008470323,-0.2122085,-0.5900798,651.2543,1080.0
891,175.84489260282749,174.89949744862957,-0.090372324,-0.009880801,-0.19396989,-0.6024995,658.7374,1080.0
892,175.94645962344197,173.83651460056223,-0.08786412,-0.006439322,-0.19245763,-0.6017515,658.6359,1080.0
893,175.86245028850337,174.03235008939853,-0.08526515,-0.0037275527,-0.1888574,-0.60274893,662.2857,1080.0
894,175.57090654483954,175.1951594479578,-0.085273966,-0.007728181,-0.18751362,-0.60095394,662.631,1080.0
895,175.25147693416346,176.5156376626936,-0.08602092,-0.005304972,-0.19297847,-0.5926119,659.0429,1080.0
896,175.06635974990888,177.49103911940307,-0.08640628,-0.0064901845,-0.18811244,-0.600711,659.65674,1080.0
897,174.97191320553134,178.16235128898686,-0.087160066,-0.009869724,-0.18834506,-0.6059288,663.83215,1080.0
898,174.89666551935633,178.668072633575,-0.085990116,-0.009446321,-0.18695469,-0.60717255,666.9822,1080.0
899,174.9627703878009,179.04790979607512,-0.08656136,-0.007801988,-0.18923531,-0.60546863,671.8577,1080.0
900,175.34101164410112,179.3622517881743,-0.085794576,-0.008239746,-0.18886273,-0.61369604,681.8908,1080.0
901,175.94630474052516,179.6333030530423,-0.08515602,-0.008012673,-0.1922005,-0.6193382,690.36176,1080.0
902,176.44226989165233,179.79124938869117,-0.08759642,-0.005022289,-0.19707675,-0.6210949,696.88104,1080.0
903,176.51923275354648,179.7832068217636,-0.09100794,-0.0035387957,-0.22313628,-0.6227535,704.1973,1080.0
904,176.13268196889285,179.65891674899663,-0.09379707,0.0006104646,-0.24431159,-0.61320156,707.9177,1080.0
905,175.56668590460959,179.53069409603475,-0.10023097,0.0024320248,-0.26952985,-0.61935914,719.26276,1080.0
906,175.2924679386494,179.44687755790054,-0.10379396,0.0075732195,-0.29006606,-0.6155488,725.84644,1080.0
907,175.6083456889529,179.36086249648736,-0.10588712,0.010771688,-0.30144885,-0.61467624,732.0527,1080.0
908,176.3055329817968,179.23832577390314,-0.1081261,0.013376872,-0.31390804,-0.6133311,738.7502,1080.0
909,176.82378833308175,179.08136037329837,-0.11033862,0.012387537,-0.31663626,-0.6147052,742.8256,1080.0
910,176.8463932871571,178.825390470335,-0.11245801,0.010884603,-0.31913078,-0.6200674,750.2195,1080.0
911,176.64866211953617,178.30091759696916,-0.11394806,0.010410789,-0.31360874,-0.6267921,757.06,1080.0
912,176.8110026113535,177.3743168127825,-0.114906654,0.009335892,-0.3071934,-0.6279428,760.16144,1080.0
913,177.6244038043882,176.1864279180189,-0.11755896,0.007948529,-0.29775804,-0.62689614,755.7522,1080.0
914,178.7325101730099,175.19334932843296,-0.11958228,0.0050997697,-0.29450825,-0.63135874,757.9914,1080.0
915,179.3964165727452,174.7963047132957,-0.12026768,0.00428755,-0.29776618,-0.63775104,760.9599,1080.0
916,179.2648904850123,174.9518110128802,-0.12238312,0.0049795643,-0.2955915,-0.63465697,751.1338,1080.0
917,178.78109912293453,175.35016525062548,-0.1254984,0.005911029,-0.29173014,-0.65242773,764.9293,1080.0
918,178.65247182427245,175.84016887354878,-0.12849934,0.008786745,-0.28918067,-0.6587456,766.8905,1080.0
919,179.0864351838915,176.43267206644205,-0.13065915,0.008119371,-0.28910896,-0.69070375,793.52924,1080.0
920,179.67869847299662,177.0709982915606,-0.13100863,0.0064630015,-0.28520706,-0.69279164,784.55945,1080.0
921,179.86454953575745,177.57548472001915,-0.13203062,0.0052362513,-0.28065458,-0.6966969,783.603,1080.0
922,179.07294076028526,177.72528406696603,-0.13150387,0.0032665113,-0.2637961,-0.68089676,756.9332,1080.0
923,176.62906215389663,177.40941720602126,-0.13263747,0.00032766836,-0.24361628,-0.67259043,740.3118,1080.0
924,172.762601335219,176.78783548275842,-0.12011572,-0.013044795,-0.23482908,-0.64680874,706.23846,1080.0
925,169.4025483722619,176.25454840151184,-0.000993008,-0.02452822,0.09834143,-0.6508185,695.3143,1080.0
926,167.9503799141406,175.95661557160966,-0.055879552,-0.006866116,-0.052921604,-0.623933,663.46423,1080.0
927,166.76915735484866,175.20182732317204,-0.08186131,-0.010333648,-0.12569275,-0.6309811,663.36865,1080.0
928,163.55546079500493,173.2174826768709,-0.102536745,-0.0090560345,-0.16400316,-0.6453568,669.7995,1080.0
929,159.51917524540048,170.9933466584835,-0.11253962,-0.0088005345,-0.1805681,-0.632842,667.0317,1080.0
930,158.13220763005228,170.88826550398952,-0.10952516,-0.015629917,-0.17573847,-0.6254342,661.30255,1080.0
931,160.83093921230164,173.67631591766144,-0.11029686,-0.020834576,-0.181253,-0.6034119,634.4637,1080.0
932,165.93522679028422,177.2183753161919,-0.11775925,-0.024043161,-0.19175951,-0.5890714,621.1494,1080.0
933,170.38293208543368,178.62583847126882,-0.11983377,-0.026514068,-0.18415284,-0.63805145,670.5304,1080.0
934,172.19840926861212,177.05559754895918,-0.12222544,-0.01388951,-0.19148763,-0.6199409,656.23047,1080.0
935,171.33611389593685,173.64428444091072,-0.1278032,-0.01404758,-0.2020748,-0.6247194,639.24286,1080.0
936,167.88792830010962,169.50479138323254,-0.12954481,-0.018992614,-0.20823348,-0.55570847,586.62006,1080.0
937,162.25704077382738,165.22166037698227,-0.12875836,-0.009956021,-0.22598667,-0.541669,556.5482,1080.0
938,157.2738306671437,161.42919380003732,-0.1302848,-0.011319817,-0.2287866,-0.62280506,646.58984,1080.0
939,156.27958865842567,158.9330414150805,-0.12375381,-0.009808887,-0.21329702,-0.6933095,714.3985,1080.0
940,159.34395965748865,158.61840457004138,-0.12581126,-0.00794819,-0.22187229,-0.66531676,698.42883,1080.0
941,163.6151981462748,160.86483549455914,-0.12430663,-0.0045072204,-0.22118321,-0.6767679,729.1588,1080.0
942,166.56134015677404,165.1790999915726,-0.12300997,-0.0030582005,-0.24066332,-0.65574044,700.776,1080.0
943,167.93677605619948,170.44763983891426,-0.11909592,0.0025885124,-0.23398511,-0.6577709,707.4727,1080.0
944,168.83655926014416,174.8872112563797,-0.10971917,-0.00071317883,-0.24640943,-0.56421286,612.898,1080.0
945,169.46117471029177,176.60224689901588,-0.10510197,0.002454009,-0.2503787,-0.6072313,659.193,1080.0
946,168.9621831073513,175.20249825834026,-0.104363844,0.0053006206,-0.25935054,-0.6112769,686.7217,1080.0
947,167.21119435179776,172.42228146873396,-0.10590837,0.0058545996,-0.26546726,-0.6536394,725.75024,1080.0
948,165.02825525521234,170.7040283432783,-0.104240075,0.0064874296,-0.26228124,-0.67276984,762.131,1080.0
949,162.58385835980056,171.22396569633204,-0.11023961,0.011466641,-0.27210632,-0.6200328,672.7239,1080.0
950,159.22212160265437,173.14429680700198,-0.105115086,0.0060916333,-0.26241353,-0.5376822,590.1026,1080.0
951,155.437320479812,174.68781651576947,-0.10000576,0.00899572,-0.26345587,-0.6909406,796.0888,1080.0
952,153.09986148461564,174.93181541558133,-0.108726956,0.009063523,-0.26893413,-0.58145976,668.2779,1080.0
953,152.93505466410784,174.2725592234586,-0.122901805,0.014937818,-0.28558084,-0.4596096,545.15625,1080.0
954,153.88138109364812,173.48553640616498,-0.14865005,0.016750293,-0.30708504,-0.21930978,280.53558,1080.0
955,154.80590858794025,173.21809875861345,-0.13384518,0.014975386,-0.36664158,-0.6041413,706.8813,1080.0
956,155.05600487858007,174.07335549720153,-0.12838903,0.011473804,-0.34801912,-0.6720347,784.37964,1080.0
957,154.58254062285127,175.88487238948264,-0.1318005,0.007842364,-0.33546957,-0.51896983,605.23303,1080.0
958,154.6455607096533,176.94357493846266,-0.13007383,0.0070515596,-0.3260059,-0.6004228,695.8547,1080.0
959,156.85165775711727,175.587545044068,-0.13736685,0.008634638,-0.3130631,-0.27195895,322.4573,1080.0
960,161.38858811523306,172.63010644322412,-0.12865679,-0.0037428115,-0.26057187,-0.50442463,595.3564,1080.0
964,166.84079204227038,169.4261834896967,0.072138354,0.13103445,-0.62520164,0.80880475,1041.8185,1080.0
965,170.77413152577944,164.8411870873308,0.11683474,0.15302046,-0.4643713,0.8493502,949.73846,1080.0
969,171.90487235805043,159.74360726840075,0.09030999,0.16830784,-0.6501385,0.8551789,1082.4111,1080.0
979,172.1646972198457,159.9529825089975,0.007981251,-0.0015023974,-0.018049905,0.22146137,244.45192,1080.0
982,173.77754537082387,167.74475013998898,0.0069564255,0.00053908734,-0.012759286,0.207141,221.40266,1080.0
983,175.87898290150176,176.8963417154629,-0.018339142,-0.0020386025,-0.07062242,0.20337091,228.24077,1080.0
984,176.61405536561708,179.8279498075763,-0.022236804,0.0008928087,-0.07626976,0.20432344,235.47069,1080.0
985,176.094300762693,174.77926050117713,-0.023153912,-0.006284841,-0.06970158,0.20087111,233.39667,1080.0
986,175.53386412560883,166.02673382198995,-0.028869176,-0.0020568,-0.07422361,0.1956982,231.12627,1080.0
987,175.15517768966467,159.45227041504234,-0.029084835,-0.0057309186,-0.07591621,0.2058189,241.13019,1080.0
988,174.11260394626612,157.79344294504236,-0.028295785,-0.0006512395,-0.08095262,0.20525275,240.03798,1080.0
989,172.07857077067922,159.57764405916208,-0.019856093,-0.003170607,-0.07358625,0.21169293,244.86441,1080.0
990,170.465620132052,161.9925917673154,-0.0056121824,-0.0066084685,-0.039502066,0.21407375,240.80792,1080.0
991,171.37480672358393,163.77886243289043,-0.008561763,-0.0067645884,-0.04777188,0.20808455,238.23466,1080.0
992,174.9223375158089,165.25084776385134,-0.0014975088,-0.004551075,-0.027401395,0.21350826,235.47331,1080.0
993,178.66817810082756,167.00230379039346,-0.018504163,-0.00040085404,-0.048211783,0.20997235,234.98361,1080.0
994,180.29139682234904,169.3293988525145,-0.0057811597,0.0002710413,-0.037615288,0.21796918,232.66805,1080.0
995,179.64356988252518,172.2198493978743,-0.0035620795,0.00036635224,-0.040438503,0.2227495,240.89844,1080.0
996,177.86175902515683,175.33233985469784,0.003080467,0.0013261583,-0.027608687,0.21379349,224.09703,1080.0
997,175.96246184450843,177.88480303356081,-0.007429674,-0.0022162262,-0.041114863,0.20347308,222.05904,1080.0
998,174.66760561433,178.957910212234,-0.014841716,-0.0019952562,-0.056723587,0.20419532,230.55647,1080.0
999,174.45918365258635,178.41177829343695,-0.0142376935,-0.0013596147,-0.05828349,0.2007464,223.93086,1080.0
1000,175.19086742296153,177.10635346236705,-0.008463089,0.00046191746,-0.049445372,0.20852362,223.5222,1080.0
1001,175.94937780897567,175.96939189407198,-0.014942536,-0.0018108509,-0.07377353,0.20714834,232.51636,1080.0
1002,175.8936705070754,175.58128072048748,-0.011310266,-0.00030721028,-0.062241845,0.19940592,217.53387,1080.0
1003,175.09930478051842,176.33966862353748,-0.0086199725,0.0010075887,-0.05411874,0.20932665,225.33495,1080.0
1006,173.78234795048206,177.94336835524447,-0.024187667,-0.0073273834,-0.081176534,0.15588729,184.41685,1080.0
1007,170.8794952298116,179.1216149482555,-0.026264332,-0.005999897,-0.08038217,0.1587136,186.80875,1080.0
1008,165.00152592095492,178.63804068571287,-0.0250321,-0.0043153833,-0.07800327,0.17330523,199.7396,1080.0
1009,157.53943848215587,176.50301415755828,-0.021647701,-1.9384313e-05,-0.07506013,0.19224738,210.54088,1080.0
1010,153.0215366974818,174.1659020504881,-0.021997523,-0.00056276674,-0.07561499,0.20265542,226.91101,1080.0
1013,154.77649043115332,173.26126360289078,-0.028353656,-0.0013301143,-0.08093375,0.20985916,230.0233,1080.0
1014,161.46660389780348,173.9280807713981,0.013912173,0.0013435646,0.010711783,0.21775982,229.76007,1080.0
1016,168.87263840737967,174.93941604191866,-0.016245976,-0.0007208365,-0.081697136,0.21795256,246.1916,1080.0
1017,173.68525561857166,175.31882448289582,-0.008454273,0.0008305585,-0.06117113,0.21787785,242.2873,1080.0
1018,175.35896249476247,174.9286713401804,0.009792639,0.0009527701,-0.0135640465,0.21759431,237.53893,1080.0
1019,175.4226231879079,173.8059493483058,0.015190294,0.0014692236,-0.0034970883,0.21632558,231.35109,1080.0
1020,175.25399612675213,171.91228838927177,-0.0046647815,-8.2793056e-05,-0.04858048,0.2133919,230.8207,1080.0
1021,175.08253852377877,169.86416774438874,-0.0026788781,-0.001540516,-0.039968647,0.18309478,202.24849,1080.0
1022,174.96523142869714,168.59765192285974,-0.016287118,-0.00397021,-0.057451375,0.1885736,217.0884,1080.0
1024,174.5526042729126,167.57929058622855,-0.018154258,0.00012981273,-0.05684532,-0.11063546,125.26119,1080.0
1025,171.61176908305455,165.69444844283305,-0.020499703,-0.000522557,-0.048203304,-0.11186212,125.3881,1080.0
1026,164.31746246107753,163.78898480993013,-0.02142074,-0.0017624184,-0.040290494,-0.116098166,127.56549,1080.0
1027,155.4421570858688,163.54382056776691,-0.021784578,-0.0020978292,-0.037585363,-0.11734263,128.52654,1080.0
1028,150.18814070592722,164.9432144648705,-0.02173233,-0.0022268507,-0.036958765,-0.11860035,129.43144,1080.0
1029,150.21589568793246,166.54842412472658,-0.021722497,-0.0022224425,-0.03642697,-0.11946598,130.07623,1080.0
1030,152.80587792986128,167.21274162679975,-0.021779632,-0.002185426,-0.03600557,-0.11999034,130.46863,1080.0
1031,154.65970985189549,166.894743574325,-0.021816876,-0.0022658736,-0.035852376,-0.12041524,130.83125,1080.0
1032,154.63068702053343,166.2202648909228,-0.021805374,-0.0023209467,-0.036082175,-0.12058023,130.95607,1080.0
1033,153.52726012417276,165.71758945330023,-0.021738179,-0.0023289716,-0.03585523,-0.120862015,131.25789,1080.0
1034,152.57966907521254,165.54295505997317,-0.021714896,-0.0024522287,-0.0359283,-0.12129082,131.73082,1080.0
1035,152.3334473464629,165.58835918603947,-0.021645298,-0.0025347674,-0.036305096,-0.12145487,131.85379,1080.0
1036,152.5649156758054,165.65470857209795,-0.02170218,-0.0025784245,-0.03633943,-0.12160413,131.89177,1080.0
1037,152.8352374615585,165.6239448085845,-0.021797435,-0.0025020177,-0.036063116,-0.121626675,131.9855,1080.0
1038,152.92598659263672,165.50911604901776,-0.021746486,-0.002531094,-0.03632886,-0.121594355,131.9663,1080.0
1039,152.85652476535316,165.3762784184861,-0.021604128,-0.0025657653,-0.036783867,-0.12155205,131.91075,1080.0
1040,152.75151421861992,165.3196715320622,-0.021502376,-0.0026259245,-0.036688827,-0.12136685,131.72272,1080.0
1041,152.73560874224722,165.43669837111162,-0.02151057,-0.0025991935,-0.03638177,-0.12128937,131.65576,1080.0
1042,152.85244219348436,165.72813483449303,-0.021524472,-0.0025366608,-0.03639727,-0.12132351,131.73267,1080.0
1043,153.05360621183823,166.06224286115287,-0.021472422,-0.0023883113,-0.036400802,-0.12106295,131.52939,1080.0
1044,153.2302745774055,166.271118048835,-0.02146841,-0.002382575,-0.036328662,-0.12094857,131.45076,1080.0
1045,153.2510383961955,166.30965244210904,-0.02144083,-0.0023842705,-0.03636004,-0.12090104,131.43146,1080.0
1046,153.08334748381483,166.29895034664992,-0.021395111,-0.002286021,-0.036281712,-0.120365486,130.9346,1080.0
1047,152.8938850423119,166.37882421618335,-0.02146239,-0.0022646587,-0.036308926,-0.12008661,130.81111,1080.0
1048,152.8633327229988,166.57416632214657,-0.021454988,-0.0022811042,-0.036421925,-0.120063215,130.78484,1080.0
1049,152.9298815784469,166.78926868874535,-0.021261936,-0.0022566337,-0.036640618,-0.12014788,130.94063,1080.0
1050,152.9060190202977,166.88811666384183,-0.021284088,-0.0022745486,-0.037021693,-0.12016977,130.92526,1080.0
1051,152.76923506539376,166.82754543137077,-0.021308474,-0.0022189952,-0.037168942,-0.120281614,131.06221,1080.0
1052,152.6974605652914,166.6899505250042,-0.021334443,-0.002241177,-0.037239864,-0.1201791,131.03894,1080.0
1053,152.90742578306924,166.5837479451708,-0.021336477,-0.00224194,-0.037254095,-0.11985485,130.9175,1080.0
1054,153.50159412204033,166.60026597152458,-0.021339841,-0.0022386338,-0.03726048,-0.11949774,130.74869,1080.0
1055,154.35673107671903,166.79939659566634,-0.021350946,-0.0022280093,-0.03725401,-0.11931093,130.6612,1080.0
1056,155.14414974689916,167.1222958968807,-0.021367192,-0.0022508127,-0.037225496,-0.119209886,130.64438,1080.0
1057,155.5643489228195,167.38287132715465,-0.021362757,-0.002294272,-0.037204925,-0.11908318,130.5767,1080.0
1058,155.5861057941188,167.40729812391274,-0.021544846,-0.002299132,-0.03708479,-0.118640475,130.27625,1080.0
1059,155.42546971712358,167.1498026022047,-0.021629786,-0.0023043598,-0.03726332,-0.1186626,130.23575,1080.0
1060,155.30526559863657,166.69066290477306,-0.021585027,-0.0023951496,-0.037339076,-0.11877933,130.346,1080.0
1061,155.26906509061553,166.1913754284687,-0.021575164,-0.0024195635,-0.037279777,-0.11882465,130.38531,1080.0
1062,155.24055847529596,165.83923430866847,-0.021647926,-0.0023717245,-0.037354153,-0.119097926,130.68724,1080.0
1063,155.1944754362445,165.74825285598402,-0.02168045,-0.0024427061,-0.03744216,-0.11929564,130.96184,1080.0
1064,155.18270027623785,165.88737918768751,-0.021732895,-0.0024487248,-0.037100714,-0.11927188,130.98279,1080.0
1065,155.2290352745107,166.1231022304978,-0.021724306,-0.0025358412,-0.037032854,-0.119097136,130.7993,1080.0
1066,155.28369078789476,166.30452838429468,-0.021700937,-0.0025594358,-0.036869418,-0.119174026,130.87225,1080.0
1067,155.27608946396862,166.3346275168711,-0.021695653,-0.0025499698,-0.036757406,-0.11938324,131.05501,1080.0
1068,155.15796764459662,166.25682110698102,-0.02163716,-0.0025443183,-0.03655261,-0.11949339,131.12318,1080.0
1069,154.9056575192902,166.226657303917,-0.021615798,-0.0025248209,-0.03637444,-0.11952218,131.10072,1080.0
1070,154.54117815780222,166.30520825133877,-0.021583077,-0.0025461267,-0.036309943,-0.11945843,131.03722,1080.0
1071,154.15765124012097,166.37052497987546,-0.021571152,-0.0025106925,-0.03637797,-0.11949107,131.0727,1080.0
1072,153.88228761776926,166.29255689297992,-0.021540295,-0.0025104946,-0.036537312,-0.11949777,131.03175,1080.0
1073,153.78636735248887,166.07794191979494,-0.021464963,-0.002510099,-0.036601823,-0.119509466,130.99866,1080.0
1074,153.83369617360069,165.81387025079522,-0.021468043,-0.0024831418,-0.036850724,-0.11945278,130.89227,1080.0
1075,153.9207309009965,165.59262380260915,-0.021451456,-0.0024737606,-0.037252724,-0.11938327,130.65059,1080.0
1076,153.95052732058588,165.5091997509558,-0.021451145,-0.002470737,-0.037795216,-0.11945772,130.58086,1080.0
1077,153.8812288928349,165.62538884755853,-0.02145383,-0.0024182638,-0.03824049,-0.119150095,130.0978,1080.0
1078,153.73891212981107,165.91863291066744,-0.021501414,-0.0023938778,-0.03854441,-0.11916936,130.01402,1080.0
1079,153.56351106127448,166.3032197791805,-0.021501726,-0.0023144193,-0.038803525,-0.11904034,129.70877,1080.0
1080,153.30630844413093,166.67546924695665,-0.02148689,-0.0022936221,-0.03914111,-0.118737936,129.25601,1080.0
1081,152.83268388874092,166.94402586893676,-0.021365836,-0.0020145557,-0.039974622,-0.118170306,128.53708,1080.0
1082,152.08582284497578,167.04527706609065,-0.021270921,-0.001792823,-0.040380307,-0.11738728,127.32057,1080.0
1083,151.20200690493073,166.94901180439675,-0.02121972,-0.0015928763,-0.040870707,-0.1164934,126.837654,1080.0
1084,150.40708035061792,166.7073947574231,-0.020898296,-0.0012890568,-0.04127412,-0.11702194,126.29782,1080.0
1085,149.82071661118152,166.46019463120328,-0.0207747,-0.0015106766,-0.041670144,-0.11664556,125.62749,1080.0
1086,149.38450903423023,166.3007307375498,-0.020655964,-0.0017880192,-0.041893374,-0.117357835,126.129745,1080.0
1087,148.96519674896484,166.1812157051246,-0.020540392,-0.0020892955,-0.04182632,-0.118265904,125.547844,1080.0
1088,148.51690989677334,165.98077200964207,-0.020128774,-0.0019592568,-0.042115446,-0.11641523,123.48709,1080.0
1089,148.02561114413174,165.59974657740773,-0.020165423,-0.0022514625,-0.043200996,-0.11492383,121.01806,1080.0
1090,147.24480775646774,164.90820111110395,-0.020366838,-0.0024707087,-0.04397316,-0.11467336,119.751175,1080.0
1091,145.7844882731732,163.64269453670502,-0.020072373,-0.0028969375,-0.04496467,-0.11243445,117.151054,1080.0
1092,143.55932457759266,161.63052803352238,-0.019616134,-0.0031820226,-0.04738702,-0.111349344,115.24669,1080.0
1093,140.8864091398561,159.1828702123714,-0.019755214,-0.0037548488,-0.049065795,-0.10815269,111.91607,1080.0
1094,138.13523362708767,156.98804048478746,-0.01956903,-0.0032582318,-0.05014797,-0.106973015,111.51454,1080.0
1095,135.42031656581523,155.6712735314729,-0.0190968,-0.002801429,-0.05076369,-0.10622997,109.11638,1080.0
1096,132.67393561663098,155.64273950185935,-0.01850179,-0.0029101337,-0.052151192,-0.10575946,109.73205,1080.0
1097,129.97520577719436,156.95357749345055,-0.018358866,-0.002299132,-0.05281947,-0.10100092,105.81584,1080.0
1098,127.62914903156366,158.93445793338367,-0.01796242,-0.0018902532,-0.05394674,-0.099217705,105.74101,1080.0
1099,125.85588819576633,160.3779160832737,-0.018019866,-0.002672492,-0.054506272,-0.09864705,103.63737,1080.0
1100,124.47706138528886,160.43691644548144,-0.017398212,-0.0024539242,-0.053374425,-0.10086416,105.89155,1080.0
1101,123.0008186356254,159.24526845208817,-0.017436953,-0.0030719333,-0.05399721,-0.10042479,104.141464,1080.0
1102,121.16273293632257,157.6268558369727,-0.017490612,-0.0034393594,-0.053217217,-0.102638386,105.048225,1080.0
1103,119.32211294577301,156.3046409068375,-0.017531812,-0.0033881294,-0.053660456,-0.10009096,102.08191,1080.0
1104,118.07335781006827,155.50267767668163,-0.017326808,-0.0046494943,-0.052777313,-0.1004999,100.02188,1080.0
1105,117.53399666480907,155.2744891916569,-0.01745077,-0.004564356,-0.05276848,-0.09642625,95.35061,1080.0
1106,117.32043245350594,155.77101636451368,-0.016584467,-0.0052864077,-0.050262142,-0.09566662,95.49286,1080.0
1107,117.1832906197442,156.9465248661266,-0.018251123,-0.004215212,-0.05754838,-0.091291696,92.57349,1080.0
1108,117.29302921765151,158.46936522826874,-0.019007903,-0.0053865784,-0.056763344,-0.08948511,92.01507,1080.0
1109,117.80846830118485,160.07132416606441,-0.019731112,-0.005338655,-0.05668622,-0.08659804,90.03612,1080.0
1110,118.45732286387918,161.54620443412364,-0.019054243,-0.005465133,-0.055709288,-0.08339657,84.43568,1080.0
1111,118.78107576051421,162.53405386692327,-0.020525897,-0.00609323,-0.055544946,-0.082996,83.74385,1080.0
1112,118.78520367712133,162.8396472804066,-0.01933557,-0.005722385,-0.05263583,-0.07883736,78.970634,1080.0
1113,119.04081263255964,162.84585207177656,-0.019054074,-0.0065837717,-0.052595265,-0.08043332,80.00971,1080.0
1114,119.91770049057892,163.10061609666843,-0.018551776,-0.0063511604,-0.054331124,-0.076987624,80.001366,1080.0
1115,120.88003799330494,163.53984880506107,-0.019303499,-0.0040188823,-0.054941278,-0.07455071,80.410965,1080.0
1116,120.81252521094925,163.52859757102243,-0.019047067,-0.0046204743,-0.05690176,-0.07751733,79.635895,1080.0
1117,119.3079985083104,162.68815453177956,-0.019323334,-0.0047530564,-0.058128625,-0.07644693,79.60287,1080.0
1118,117.41206584912587,161.42265389203425,-0.018723354,-0.0049838596,-0.057066966,-0.07879345,80.81053,1080.0
1119,116.54169929713046,160.4932752737533,-0.018670231,-0.005022911,-0.055335023,-0.08003314,84.58902,1080.0
1120,116.9766262571804,160.2690264810662,-0.020420838,-0.0051747076,-0.058239873,-0.07321393,78.844734,1080.0
1121,117.96573237746766,160.68723695180478,-0.019553488,-0.0050784643,-0.05668407,-0.072193034,75.10006,1080.0
1122,118.75563668011742,161.66966919363355,-0.019389117,-0.0048215515,-0.056707595,-0.07839559,80.94112,1080.0
1123,118.86221723838435,163.1769456204019,-0.020094836,-0.004621887,-0.057321478,-0.07757108,82.70817,1080.0
1124,117.9587383384227,165.04695546330393,-0.01920652,-0.0051098857,-0.058682095,-0.08421775,86.522285,1080.0
1125,116.24568430582832,166.7992520181659,-0.01932763,-0.0054030805,-0.05814469,-0.080998205,83.417046,1080.0
1126,114.498134079882,167.56515385517304,-0.019561626,-0.005458973,-0.05790538,-0.08123392,83.76964,1080.0
1127,113.23513014569878,166.7976567649298,-0.019773582,-0.0054350677,-0.057212602,-0.08331285,87.027626,1080.0
1128,112.16965273205281,165.17552223218254,-0.01903811,-0.005221614,-0.055662733,-0.09090788,90.81759,1080.0
1129,110.75425280804816,164.20677573035812,-0.020668963,-0.004635733,-0.059183855,-0.08529903,87.83818,1080.0
1130,108.99323206580623,164.9099041856886,-0.021531055,-0.0035255714,-0.06074541,-0.077015966,83.05015,1080.0
1131,107.50600787667734,167.24648102349178,-0.021748267,-0.0035720826,-0.05995284,-0.07573544,81.9776,1080.0
1132,106.87999362129015,170.43030348199986,-0.022197554,-0.003827526,-0.05785004,-0.07072898,78.27159,1080.0
1133,107.09888343252864,173.4211358142353,-0.021502346,-0.003902181,-0.057843737,-0.072938874,79.42313,1080.0
1134,107.64260719010633,175.52937902312442,-0.021389205,-0.0038701375,-0.057749912,-0.07329203,79.63654,1080.0
1135,107.99155342230274,176.6736238364895,-0.021169536,-0.00371252,-0.056912515,-0.07378766,79.53781,1080.0
1136,107.93935878449551,177.06976478237652,-0.01937968,-0.004000911,-0.05409991,-0.077879705,80.62772,1080.0
1137,107.52356003140008,176.91454469703248,-0.019967426,-0.004613297,-0.05369154,-0.077158496,80.43233,1080.0
1138,106.82095030509944,176.25837808077216,-0.019830069,-0.004657717,-0.054110494,-0.077668026,82.26862,1080.0
1139,105.95196454445428,175.16960634358747,-0.019909639,-0.0050762035,-0.055211257,-0.08133141,84.1745,1080.0
1140,105.16394345597021,174.0268091681475,-0.019768806,-0.004836358,-0.053865984,-0.08067192,82.85901,1080.0
1141,104.68274325735518,173.3343228698296,-0.019385839,-0.0048586247,-0.0527383,-0.07650322,81.51956,1080.0
1142,104.51429370168057,173.33236914282816,-0.018921888,-0.0054974593,-0.052749168,-0.07634023,80.8911,1080.0
1143,104.46419572856342,173.83668748282307,-0.018552484,-0.0051738033,-0.052621022,-0.07743762,81.43769,1080.0
1144,104.31430560133413,174.309290735461,-0.019573692,-0.005634449,-0.052208357,-0.07864843,81.06517,1080.0
1145,104.0661584900301,174.3406350456782,-0.019590562,-0.0052797105,-0.05275472,-0.07832907,80.72815,1080.0
1146,104.09819128952972,174.0244574351913,-0.019157946,-0.0046130144,-0.05337198,-0.07848327,79.840836,1080.0
1147,104.80386759493192,173.764096784471,-0.019113047,-0.005285023,-0.052125182,-0.07579309,81.39852,1080.0
1148,105.91521064653489,174.07159535348148,-0.018279634,-0.004067202,-0.05181064,-0.078370355,79.743126,1080.0
1149,106.61684343603085,175.31726484490292,-0.01739033,-0.0028049045,-0.04951596,-0.077579275,83.72253,1080.0
1150,106.36332414420366,177.24014748949952,-0.017996272,-0.0030117459,-0.05155124,-0.07568557,80.02318,1080.0
1151,105.38740160772531,179.0172164708095,-0.019025901,-0.0027800947,-0.053739153,-0.070672974,76.722244,1080.0
1152,104.49469032058029,179.95072622494894,-0.019350348,-0.002472602,-0.052311864,-0.075489186,83.15016,1080.0
1153,104.14271803529766,179.88512003227416,-0.020037163,-0.0044071903,-0.05190835,-0.075535215,79.8638,1080.0
1154,104.13313957796908,179.0690007297299,-0.019977514,-0.0043818722,-0.054006208,-0.07572412,80.4922,1080.0
1155,104.31084777759595,177.81563742117126,-0.020359294,-0.0042559025,-0.05444973,-0.0758422,81.395645,1080.0
1156,104.60933304978607,176.39850551019074,-0.019953495,-0.003789718,-0.053789377,-0.07413248,79.821686,1080.0
1157,104.77801966099786,175.15811087562582,-0.019707687,-0.0039300425,-0.05409252,-0.07467815,79.783394,1080.0
1158,104.67795844144949,174.48807232674935,-0.01938163,-0.004554805,-0.05390368,-0.081875585,83.21165,1080.0
1159,104.33739375125978,174.74107017549,-0.019290049,-0.004412051,-0.05389626,-0.081330225,83.73144,1080.0
1160,103.689533077083,176.0551527124551,-0.019885508,-0.005163857,-0.051298086,-0.08133336,85.91235,1080.0
1161,102.60477195828676,178.00368863343547,-0.020096956,-0.0042648315,-0.05182755,-0.08113344,86.38125,1080.0
1162,101.25161346544436,179.61091606864093,-0.020906575,-0.0037005953,-0.0511004,-0.07468756,82.67638,1080.0
1163,100.30125297492827,179.8452977679344,-0.020592019,-0.0033564249,-0.049931645,-0.072641894,80.763214,1080.0
1164,100.45345139223339,177.8817675540742,-0.019793956,-0.0038529572,-0.050531756,-0.074834354,82.6566,1080.0
1165,101.58571311845311,173.64881776426452,-0.01842137,-0.0038873744,-0.048022106,-0.07775223,85.16399,1080.0
1166,102.69219668219283,168.7846487669985,-0.019787682,-0.0032314723,-0.052234877,-0.07129319,79.60231,1080.0
1167,103.09549292170476,166.00796676262894,-0.0197785,-0.0032910383,-0.051625103,-0.07093783,79.92509,1080.0
1168,103.21608804314195,166.74733360195623,-0.01975236,-0.00316326,-0.052546848,-0.066960424,78.25067,1080.0
1169,103.6402150629348,169.96546199899035,-0.019775786,-0.0015981038,-0.054603662,-0.06604295,76.65964,1080.0
1170,104.26109257268924,173.5514797148333,-0.019739617,-0.001902884,-0.05225422,-0.06672894,76.26105,1080.0
1171,104.5823134286248,176.04226976353507,-0.018183164,-0.003370497,-0.05074737,-0.071287505,81.00765,1080.0
1172,104.17225082996751,177.026119213296,-0.018613772,-0.0032262732,-0.050563827,-0.068019524,79.10549,1080.0
1173,103.00796291979456,177.06326452885386,-0.018436687,-0.0030041165,-0.050538253,-0.07069894,80.96927,1080.0
1174,101.56838894438707,177.25798254192816,-0.018167142,-0.003129408,-0.049435426,-0.07200575,81.62156,1080.0
1175,100.39840922919012,178.1717767916306,-0.018378817,-0.0028901277,-0.048807256,-0.069261454,80.24453,1080.0
1176,99.72821212266378,179.28777235657267,-0.017978782,-0.002732736,-0.048226662,-0.067878865,79.44272,1080.0
1177,99.40026669518001,179.4952187328927,-0.01802775,-0.0028485898,-0.046076342,-0.068178445,78.923386,1080.0
1178,99.04771868307125,177.76277158947684,-0.018283024,-0.0028535065,-0.045951135,-0.06614281,77.10996,1080.0
1179,98.48422008234,174.21146417903483,-0.017858746,-0.002874134,-0.045507826,-0.06664757,76.35453,1080.0
1180,97.8600310046781,170.718560264962,-0.017584652,-0.0030749287,-0.045226894,-0.06661128,75.591644,1080.0
1181,97.47743616978327,169.2241131951303,-0.01824889,-0.0029729772,-0.045200955,-0.0664258,74.69947,1080.0
1182,97.57917797471143,169.72353870258644,-0.017862108,-0.0030096548,-0.044150274,-0.06656231,75.59874,1080.0
1183,98.17678342026088,170.76556483939473,-0.017988699,-0.0029153894,-0.045383327,-0.0649342,74.53165,1080.0
1184,98.96496663042011,171.22012196031062,-0.017748741,-0.0029877839,-0.046419103,-0.06740963,76.379616,1080.0
1185,99.5811964886498,170.88926826221763,-0.017715821,-0.0029959786,-0.045935936,-0.06835692,77.36854,1080.0
1186,99.99222120682163,169.80945719101896,-0.015898755,-0.0039668893,-0.04162637,-0.075481586,80.30613,1080.0
1187,100.44458018618576,167.66046076527783,-0.014958445,-0.0036302356,-0.04321799,-0.07336787,79.93527,1080.0
1188,101.23268371043916,164.2795632114276,-0.015841844,-0.0016620213,-0.051146273,-0.06785609,80.120224,1080.0
1189,102.83900974091567,160.73918867171207,-0.017114852,0.00024041069,-0.056618232,-0.060158424,74.38353,1080.0
1190,105.77599838792592,158.75771564742604,-0.017451026,-0.00012845639,-0.059113126,-0.06312414,78.33658,1080.0
1191,109.66454760405743,158.5374157491018,-0.018624058,0.002230835,-0.06467007,-0.052234933,72.18449,1080.0
1192,113.32874333247229,159.14804643843516,-0.022009956,0.005277083,-0.06658822,-0.04237524,65.70134,1080.0
1193,116.37457269910462,160.7506232275144,-0.022579998,0.0045498037,-0.06979085,-0.045108765,65.62843,1080.0
1194,119.60128533797668,163.4994964687725,-0.023476833,0.0051485416,-0.06789083,-0.03896312,61.562946,1080.0
1195,123.55926717250863,165.65547158231564,-0.022258673,0.0052258526,-0.066493765,-0.03951755,60.388195,1080.0
1196,127.38697663610711,165.5168274789434,-0.022047637,0.0036922032,-0.06465609,-0.043905895,65.17855,1080.0
1197,129.57678311407875,163.5412889381618,-0.022350367,0.0035270974,-0.060468618,-0.05618826,69.69581,1080.0
1198,130.2717431667539,161.45375293470352,-0.02278188,0.0032738298,-0.057244167,-0.0632151,75.446335,1080.0
1199,131.9690738633728,160.6802465216726,-0.022994176,0.0029139484,-0.056300115,-0.0680544,84.09153,1080.0
1200,136.67301439510564,161.67120631970238,-0.022369357,0.0025495458,-0.056394167,-0.070801206,85.098206,1080.0
1201,143.22737883800446,163.78245683994547,-0.021780254,0.0030647842,-0.053826805,-0.07067405,83.06122,1080.0
1202,149.56624655486283,165.86067779279995,-0.021855418,0.0026516384,-0.053936258,-0.06970283,81.51135,1080.0
1203,156.0237390841864,167.2035345747162,-0.022253588,0.0034778172,-0.056163616,-0.06821026,78.98883,1080.0
1204,162.01020714069995,167.76555588729846,-0.022164352,0.0035764624,-0.058219444,-0.066338465,77.10007,1080.0
1205,161.7656946563702,167.85043386448976,-0.021325147,0.0022727684,-0.060020193,-0.06568482,69.97047,1080.0
1206,149.89275081858267,168.13281150637084,-0.020092689,0.00057644316,-0.06571938,-0.08024176,88.375725,1080.0
1207,129.59970978189318,169.22806183992955,-0.019025479,0.0011039451,-0.06420796,-0.08177165,92.24629,1080.0
1208,111.41433753980273,170.66591542558848,-0.02371439,0.0009541264,-0.07323339,-0.07213996,86.49494,1080.0
1209,104.82315931622297,171.01416664403905,-0.023083497,0.003485164,-0.07599651,-0.06882174,88.60179,1080.0
1210,111.08238177355904,169.39896940334344,-0.02183188,0.003231981,-0.07353239,-0.066796765,88.898415,1080.0
1211,122.67725442216727,166.755085380276,-0.020207694,0.0034070616,-0.06487608,-0.066110454,91.13667,1080.0
1212,130.62197153444828,165.13449164506366,-0.020560695,0.0047728363,-0.070833966,-0.07222251,97.531456,1080.0
1213,132.32238519286554,165.4723564005183,-0.022063658,0.0036941245,-0.07048782,-0.08341118,106.6772,1080.0
1214,131.77798403636686,167.23152379851803,-0.020720348,0.0012556288,-0.068156235,-0.09573068,117.43998,1080.0
1215,133.5688300696204,167.27881903070985,-0.016734073,-0.0001385159,-0.061238043,-0.10654941,129.02141,1080.0
1216,138.75221203662235,158.63292634135917,-0.012525446,0.0012501752,-0.06442388,-0.12157081,147.3463,1080.0
1217,146.36897598746788,141.945472805207,-0.0037087335,-0.0031515616,-0.043059483,-0.12621045,135.96738,1080.0
1218,154.75798111297863,132.70311988205208,-0.0040089926,-0.003915038,-0.038730085,-0.12685256,134.60991,1080.0
1219,161.0095086854578,140.59237229947416,-0.009712601,-0.0025555363,-0.034277245,-0.13142957,138.76859,1080.0
1220,164.28800035847473,155.0861901173981,-0.013937731,-0.0017515677,-0.037598066,-0.13068947,135.76248,1080.0
1221,167.70075901385792,162.09941626494864,-0.014417337,0.00036558928,-0.038829647,-0.12952839,135.11472,1080.0
1222,172.99715884073532,160.0742650080962,-0.014639706,0.0017374675,-0.03596908,-0.13127123,136.31454,1080.0
1223,177.61094415282767,156.17097393496206,-0.0207015,0.00078780565,-0.03509126,-0.13043705,137.45274,1080.0
1224,178.5922617459431,156.62231579407404,-0.020753805,-0.00010084929,-0.03380781,-0.1252709,132.1268,1080.0
1225,175.85295761350457,162.7628534662669,-0.01706454,-0.00032269512,-0.03097756,-0.13029496,135.14316,1080.0
1226,169.73199657663815,171.6134744654439,-0.01399522,-0.0018898293,-0.030103896,-0.12615201,132.26697,1080.0
1227,159.112422261893,178.46625355432886,-0.00974333,-0.0013606602,-0.029488882,-0.12982263,135.93388,1080.0
1228,147.43762036607416,180.64363734851366,-0.011053382,-0.00042608756,-0.031274285,-0.12983227,138.35799,1080.0
1229,144.38786356912382,179.27685532183298,-0.014341368,0.0017637748,-0.032147244,-0.13458,137.45615,1080.0
1230,153.53100599890294,177.30927227728705,-0.013462688,0.0014033,-0.02819365,-0.12879874,133.87498,1080.0
1231,165.33968040071457,176.4853819826352,-0.018864442,0.0023674294,-0.041290212,-0.1150938,123.82747,1080.0
1232,168.096906967544,176.03540190866835,-0.011978601,0.0016964383,-0.020449406,-0.11928163,134.21454,1080.0
1233,160.27354996317956,174.05873921206526,-0.013245929,0.0036770292,-0.029324539,-0.13197248,136.9014,1080.0
1234,149.50702731941453,170.66624256298496,-0.0135255605,0.0019806474,-0.03215558,-0.1322319,136.26872,1080.0
1235,143.129268097945,168.52610476352237,-0.018619651,0.0025405036,-0.033068933,-0.11876006,124.04557,1080.0
1236,142.48750424659698,169.22830249217333,-0.018333321,0.0019766348,-0.019337619,-0.11538227,120.44909,1080.0
1237,144.94565880347767,170.88004258077643,-0.021833392,-0.00020308318,-0.03310127,-0.09051616,88.516136,1080.0
1238,148.03964028670345,170.72148544313532,-0.02207479,0.0011229056,-0.04172612,-0.10045208,105.78686,1080.0
1239,150.40406730485978,168.7480986139916,-0.015787449,-0.0003106859,-0.039342865,-0.09489195,96.36129,1080.0
1240,150.95971220354087,166.63799491531557,-0.015647478,-0.0014234473,-0.044408105,-0.09260203,91.58685,1080.0
1241,149.83196558769527,161.9411290707207,-0.015678363,-0.0073204604,-0.04746679,-0.07706638,78.97757,1080.0
1242,149.37375962090965,148.6272075863718,-0.017220095,-0.008545657,-0.052274507,-0.07388424,72.749466,1080.0
1243,152.36842108217587,131.69148360231517,-0.019570611,-0.006228892,-0.05445839,-0.06419387,71.29159,1080.0
1244,158.66149857575223,129.62018964121967,-0.018803207,-0.0026245117,-0.05129639,-0.058804125,69.56241,1080.0
1245,164.4743341851036,149.15228558304634,-0.020396154,-0.0014491046,-0.05027928,-0.058977168,73.00965,1080.0
1246,166.04452605925,173.34716059041608,-0.02001316,0.00058622006,-0.049034923,-0.062490422,77.56893,1080.0
1247,163.10962644097697,183.00993990501962,-0.019748108,0.0018680431,-0.043154117,-0.06461815,81.08884,1080.0
1248,158.3982809950233,176.88592941097534,-0.018718183,0.0013626664,-0.03827841,-0.06438579,81.760506,1080.0
1249,155.68244385275733,167.87319317648507,-0.020688968,0.00087353744,-0.04020277,-0.062528595,78.701836,1080.0
1250,158.01488148288158,166.35132896232508,-0.01923085,0.00049181335,-0.03483546,-0.06402116,79.11987,1080.0
1251,163.94882150476562,171.3635387085462,-0.019783642,0.0029468394,-0.038417675,-0.052418742,68.16199,1080.0
1252,164.4307199640979,176.13103010731393,-0.01963682,0.003798393,-0.03815014,-0.04301136,57.982723,1080.0
1253,150.87253645314863,176.791131302219,-0.020121425,0.0027259262,-0.04160761,-0.0461445,59.776184,1080.0
1254,131.04033174693342,174.65400833553474,-0.01869942,0.0017822548,-0.04330196,-0.049806636,62.218826,1080.0
1255,123.52072138758177,172.8682247888764,-0.01935956,0.0013355396,-0.04747371,-0.05153184,57.89318,1080.0
1256,132.39769875482662,172.9627530356196,-0.01890177,0.0020212808,-0.056225304,-0.06317405,70.22655,1080.0
1257,144.3330876234109,174.4579314275389,-0.018606229,0.0032175982,-0.053344216,-0.05421205,67.5629,1080.0
1258,148.34258945259432,176.1654074831471,-0.01925385,0.0028722128,-0.053143535,-0.055264506,66.00211,1080.0
1259,145.3534188558728,177.08279940679662,-0.019294089,0.0050435667,-0.05281717,-0.06023568,66.70894,1080.0
1260,142.63490811573192,176.88504387424842,-0.01935891,0.0051252577,-0.05966735,-0.07142792,78.05687,1080.0
1261,145.0976053671262,175.73345261579146,-0.018147957,0.0044410424,-0.0632927,-0.06774849,79.58342,1080.0
1262,151.8939218292253,173.82229505493052,-0.018488934,0.002567913,-0.0639144,-0.060979858,71.6543,1080.0
1263,159.70719309628794,172.0901203282445,-0.018461863,0.0019851401,-0.06316674,-0.057493027,67.451706,1080.0
1264,166.31132809159112,171.23800874641384,-0.01871027,0.002932061,-0.060648333,-0.054562096,69.725006,1080.0
1265,170.0065720929466,168.09211688623404,-0.019092135,-0.00058234885,-0.058973115,-0.050336033,58.32055,1080.0
1266,168.97686473845386,158.19197427368422,-0.019231867,-0.001629243,-0.058136933,-0.051390894,56.976265,1080.0
1267,164.32737914446628,145.3557233677474,-0.019128673,-0.0032812613,-0.057299495,-0.05721755,62.404785,1080.0
1268,160.98527091598834,141.15712331721707,-0.020263586,-0.0033548991,-0.054163784,-0.05195185,54.476494,1080.0
1269,162.37395308248975,150.76272699883728,-0.01899236,-0.0016032184,-0.05184623,-0.05175329,56.06633,1080.0
1270,166.69538596010244,166.33114542242546,-0.018855993,-0.0006379304,-0.050983287,-0.046461854,55.124275,1080.0
1271,170.04263289464964,176.68716055822443,-0.019560015,-0.000961558,-0.04573346,-0.04918993,56.899796,1080.0
1272,170.79711058966035,177.9950383114737,-0.020429512,0.00015431156,-0.034535274,-0.04755899,63.226307,1080.0
1273,170.09173042094042,174.30809604001527,-0.020098142,-0.0005932561,-0.024550347,-0.049812768,69.19496,1080.0
1274,169.43968567564764,171.548372595036,-0.01924218,-0.0010014287,-0.025762318,-0.051562387,74.38271,1080.0
1275,169.29882391715375,172.19497099919468,-0.019918257,-0.00056776823,-0.025526937,-0.0523767,74.72729,1080.0
1276,169.72408245891623,174.7307084634097,-0.01948214,-0.0009965402,-0.026748374,-0.054095883,75.19431,1080.0
1277,167.70518524078358,176.70661936452584,-0.019009992,-0.00079543504,-0.030671889,-0.05789001,76.11917,1080.0
1278,154.2479274517708,176.85275846994674,-0.020236488,0.002595633,-0.03263677,-0.054805927,71.858154,1080.0
1279,126.2055654719244,175.20905127304576,-0.021409184,0.001901895,-0.036907,-0.052211933,68.42135,1080.0
1280,98.28057788682415,172.88553184467037,-0.02157994,0.002515044,-0.043406054,-0.050595686,62.56828,1080.0
1281,90.23693772634077,171.07629551795173,-0.02276583,0.0030341537,-0.047428243,-0.0447731,53.84899,1080.0
1282,107.4304284789201,170.17454250907633,-0.02278821,0.0018408316,-0.050879866,-0.047964815,52.09277,1080.0
1283,137.8339124196467,170.24315678120894,-0.021336986,0.00067217794,-0.05209828,-0.06003093,62.22207,1080.0
1284,162.97019747530004,171.51020260081899,-0.02255331,0.0031645033,-0.0571655,-0.070820056,74.875175,1080.0
1285,171.92020562417628,173.9288945256882,-0.021490112,0.002286784,-0.05805777,-0.06957078,71.73894,1080.0
1286,166.67151212660204,176.6431025866182,-0.02208009,0.0025400796,-0.05551272,-0.07305032,74.05208,1080.0
1287,157.00094349637519,178.36735959340356,-0.021729419,0.0035565693,-0.06407052,-0.07135965,76.86761,1080.0
1288,151.78502125808038,178.37706254086075,-0.018976988,0.0064932364,-0.08838066,-0.07036896,99.15316,1080.0
1289,152.54265226863777,176.69556197028834,-0.017901668,0.006084979,-0.09036928,-0.06964679,105.74979,1080.0
1290,154.64938808969976,173.45433792472502,-0.023190109,0.006652436,-0.08640884,-0.06552774,94.02588,1080.0
1291,155.02515474270862,169.30006085189146,-0.021330431,0.0043558474,-0.08115124,-0.064391725,83.713066,1080.0
1292,155.55137515784094,166.52194871210668,-0.021807749,0.0022781088,-0.07254444,-0.07465275,86.166306,1080.0
1293,158.17152811117003,167.51704813603354,-0.02146129,0.0009908888,-0.07432808,-0.07737565,88.46551,1080.0
1294,161.13259313684108,171.85826289973562,-0.02248083,-0.0016614561,-0.07289229,-0.079073705,84.30544,1080.0
1295,162.5778653329924,176.70322505082714,-0.024292387,-0.0009950991,-0.07162794,-0.07262757,76.96208,1080.0
1296,163.98374118618315,178.92891284097004,-0.02418213,-0.0020209984,-0.068421625,-0.073457785,75.58696,1080.0
1297,166.90825914891147,176.27466629720178,-0.023657877,-0.0041879723,-0.06597837,-0.06859741,73.038086,1080.0
1298,169.66152966459404,169.33391459576043,-0.023591755,-0.0043545193,-0.06639219,-0.059770007,68.55227,1080.0
1299,169.62201573343046,162.7841698020593,-0.024158563,-0.0015941762,-0.061822977,-0.059467908,70.767555,1080.0
1300,166.82783718577159,161.6935410097049,-0.023438064,-0.0017513416,-0.057316165,-0.066288196,79.15579,1080.0
1301,163.8815507659726,166.42238276652233,-0.026027594,0.0024034854,-0.05618923,-0.06687891,79.38047,1080.0
1302,163.00918716334155,173.04011889941648,-0.025090395,-0.0011372037,-0.038188256,-0.07085289,88.02314,1080.0
1303,164.61642700102456,177.7440679236503,-0.02509743,-0.005521732,-0.021280643,-0.08372042,101.040184,1080.0
1304,168.22690250909753,179.24573197262657,-0.025606593,-0.0047749835,-0.0058830543,-0.087323844,111.17293,1080.0
1305,172.91789264340844,178.14077835164568,-0.02717661,-0.007616509,-0.00017801921,-0.09945091,121.08991,1080.0
1306,176.93930503941505,175.444380613979,-0.027398314,-0.009172115,0.0022562945,-0.10539788,128.42107,1080.0
1307,178.35832684215322,171.61323124762777,-0.025731489,-0.010987459,0.005980993,-0.105880566,127.52548,1080.0
1308,176.5154669449208,167.11772345255034,-0.024764506,-0.012420485,0.0062050996,-0.104802474,125.99755,1080.0
1309,172.44568110809294,163.7113623042218,-0.026610028,-0.012765277,0.0041272766,-0.1067365,120.32873,1080.0
1310,167.99208464166287,163.6628963176109,-0.026587987,-0.012966749,0.005136165,-0.109763816,122.97177,1080.0
1311,164.78224760387522,167.30920464534452,-0.02476832,-0.012460723,0.007680794,-0.12098267,133.15169,1080.0
1312,163.1583561800628,172.14137341342365,-0.019815091,-0.013093511,0.018424112,-0.10861285,127.79132,1080.0
1313,161.56457093400203,174.9630355738446,-0.021749962,-0.013450849,0.026556453,-0.120001644,139.89049,1080.0
1314,158.2808747394302,174.67236674846805,-0.01804558,-0.01369352,0.040647436,-0.12824099,152.21886,1080.0
1315,153.51439798708907,172.14250504053928,-0.014796956,-0.014121162,0.046959434,-0.14383073,161.80565,1080.0
1316,147.79755771267736,168.836413446554,-0.010966548,-0.013526125,0.056344096,-0.14718993,168.52298,1080.0
1317,139.93387532837482,166.52042861386488,-0.014491215,-0.01694805,0.05670731,-0.1511083,177.55035,1080.0
1318,129.69348168121533,166.1566251022938,0.013631919,0.00050026225,0.15157945,-0.11855378,189.0812,1080.0
1319,120.6440996840724,166.49982180547613,-0.0043758815,-0.0073897187,0.07686847,-0.13073951,180.3215,1080.0
1320,117.01874964745114,165.15170564761632,-0.0045255874,-0.009729513,0.07508776,-0.13904303,185.80363,1080.0
1321,119.25733341503062,160.60265011174042,-0.011135525,-0.015447998,0.07250784,-0.13914694,180.92302,1080.0
1322,123.73253787209603,152.87889691477125,-0.013202356,-0.01688724,0.08200734,-0.13251829,179.71558,1080.0
1323,125.44727875217626,143.4125112796936,-0.009011107,-0.013358561,0.10872492,-0.1339794,188.24341,1080.0
1324,122.2673050710879,134.14744585073802,-0.016943246,-0.014009829,0.12073195,-0.12377023,197.93034,1080.0
1325,116.01401000803189,125.98072328996517,-0.009308539,-0.00847524,0.15782471,-0.13329445,214.10487,1080.0
1326,108.63723940429652,117.59916173275114,-0.010291092,-0.0074525056,0.18524261,-0.12425,230.27039,1080.0
1327,102.00587732266507,106.9164427136991,-0.012120678,-0.0057653356,0.19080992,-0.11858571,236.61653,1080.0
1328,100.79623144146979,96.56436477591713,-0.016812585,-0.006261868,0.19610426,-0.11895656,234.42058,1080.0
1329,109.15961704718615,94.61898096227041,-0.02031962,-0.0008607087,0.20646746,-0.12436184,250.14767,1080.0
1330,123.922651778954,104.38866300247064,-0.010163823,-0.0027003535,0.16270651,-0.08859942,197.06133,1080.0
1334,132.21470123613793,115.17416963751121,0.009046653,0.0036923727,0.06516961,-0.06423707,93.34444,1080.0
1335,121.54944359306445,109.9744572006532,-0.012625461,-0.0014059278,0.030501528,-0.06403176,77.3482,1080.0
1336,102.24138897124297,89.28989858137689,-0.012849031,-0.0010701215,0.018557174,-0.04025681,56.1795,1080.0
1337,104.35474436323658,78.20147254568099,-0.016311193,-0.0038832205,0.0094411215,-0.04325118,57.399143,1080.0
1338,137.47410949390417,95.83396745580232,-0.017475383,-0.004039284,0.017647637,-0.043512274,62.39338,1080.0
1339,176.65106608182327,129.99098436597436,-0.014510091,-0.0057801707,0.020934833,-0.048763417,66.35932,1080.0
1340,194.67861935108442,154.42733303374706,-0.0134644685,-0.0048012347,0.027631406,-0.04532137,65.64733,1080.0
1341,187.49921824090967,158.79054074952785,-0.009495771,-0.003603024,0.032011244,-0.038680833,61.637283,1080.0
1342,168.9823013146336,152.97645391150425,-0.00811259,-0.0051517347,0.04248533,-0.045429513,69.44241,1080.0
1343,154.05471686107123,150.47949503098235,-0.004643984,-0.0023306105,0.051639643,-0.040531073,72.31683,1080.0
1344,148.74402145665636,155.3323971987184,-0.009354994,-0.0048350017,0.044070095,-0.04094439,73.747894,1080.0
1345,150.2985075527701,162.2552979268175,-0.0074800844,-0.003547951,0.05067116,-0.04355172,76.79809,1080.0
1346,152.42240823576725,163.6676228912511,-0.0067397505,-0.009165644,0.052661076,-0.048967518,78.49378,1080.0
1347,151.5761919110273,157.2903907541949,-0.007090816,-0.009355305,0.057052612,-0.054830253,82.70499,1080.0
1348,148.75007763227,148.8462134113435,-0.0028263798,-0.0074334037,0.06696105,-0.055014294,91.132225,1080.0
1349,145.60608357249026,145.7272014871202,-0.005143003,-0.008135675,0.06066934,-0.058269642,93.64203,1080.0
1350,142.5760408640091,148.78264332315845,-0.0058783637,-0.008763575,0.05765997,-0.06238016,93.56378,1080.0
1351,140.45579502197216,152.24021343897124,-0.004783856,-0.005801844,0.06533531,-0.056966204,97.077866,1080.0
1352,140.04583329746458,149.50408327437225,-0.0037074336,-0.000434932,0.0754936,-0.037891135,98.744965,1080.0
1353,139.6663716931632,137.6969863120973,-0.0025440357,0.00043100427,0.081100576,-0.032726657,97.13802,1080.0
1354,135.00918618433596,119.47052899815189,-0.002537254,0.00093516597,0.09469119,-0.04058979,106.33335,1080.0
1355,123.84975165521269,102.55617640161515,-0.0035137883,-0.0012155321,0.089674436,-0.040673207,104.15452,1080.0
1356,110.87408460599121,95.46115864510563,-0.003672056,-0.003700313,0.085686915,-0.044072665,101.528885,1080.0
1357,104.46984715821475,101.00240345950078,-0.010342831,-0.0023162842,0.07366746,-0.038450763,102.19756,1080.0
1358,107.72612069764124,114.41012664625796,-0.006888552,-0.0003813002,0.096180275,-0.041431315,116.05995,1080.0
1359,115.88218778099821,128.18351034870372,-0.004305013,0.002172004,0.105909646,-0.038926896,121.44252,1080.0
1360,123.94690861770596,137.84041916922254,-0.0057373047,0.008159468,0.10934188,-0.030177956,121.06434,1080.0
1361,132.98608932146027,142.44629651905444,-0.009892781,0.0011915419,0.10078272,-0.037551936,118.63257,1080.0
1362,145.2626576098234,141.6489224036711,-0.004741443,0.0019849425,0.10840954,-0.034274094,120.38941,1080.0
1363,156.47670777652525,135.89350381979344,-0.0063555962,-0.0007456179,0.10634743,-0.040702622,120.92512,1080.0
1364,158.53865278179126,128.4218990111734,-0.0030601218,-0.0011401989,0.109702274,-0.0408536,126.75462,1080.0
1365,148.98310241369,123.49150069311523,-0.0041984557,-0.0007575424,0.107902355,-0.040986124,122.13745,1080.0
1366,134.23641784150627,122.87321846435367,-0.0017357437,-0.0026941935,0.11039468,-0.043889675,122.28908,1080.0
1367,123.48574277189414,124.55761120736841,-0.005877827,-0.0068311337,0.09700914,-0.047766652,118.602196,1080.0
1368,121.83572935275949,125.18427680951099,-0.0042838487,-0.011947519,0.09134671,-0.05614443,118.51042,1080.0
1369,129.45532402837262,124.51285619798483,-0.004830198,-0.009499105,0.09685542,-0.06505378,123.58383,1080.0
1370,140.64168812002876,126.28415453869034,-0.0042650574,-0.0115474,0.09615679,-0.073927335,128.78073,1080.0
1371,145.4731223557765,133.98545369826454,-0.009704844,-0.010845354,0.094065234,-0.07244542,131.77873,1080.0
1372,140.69885553836528,146.5469696276412,-0.0065125357,-0.011124618,0.093888626,-0.076948516,131.82611,1080.0
1373,133.80278448750195,158.44642363622444,-0.0100604305,-0.01023893,0.08775476,-0.080515206,127.50791,1080.0
1374,132.31093515705166,163.75444269941502,-0.0075304667,-0.006828732,0.09768592,-0.06970494,132.85588,1080.0
1375,134.811451756222,159.6505575152296,-0.011110828,-0.001972594,0.07598775,-0.054745626,114.549736,1080.0
1376,133.5159546694814,146.33720756099262,-0.0013511658,-0.0028451143,0.10243802,-0.058680724,121.04764,1080.0
1377,123.99082646165604,126.33854467212396,0.0004008823,0.0067354837,0.11058615,-0.035394203,122.48787,1080.0
1378,110.80289604623825,106.11250094502999,0.00848708,0.011638274,0.124424204,-0.032378897,126.546585,1080.0
1379,102.10325629404157,94.86526178010222,0.0025959157,0.008433957,0.11736405,-0.037703957,126.76968,1080.0
1380,101.46387446213274,97.65580018272297,0.0039733322,0.0035876238,0.11591565,-0.042719156,121.125465,1080.0
1381,106.91138334853102,111.18803800798409,0.007910157,0.004206396,0.12041021,-0.03748036,118.46171,1080.0
1382,115.27481682929294,127.03775595830679,0.00913798,0.0052074576,0.11416524,-0.036769953,110.84967,1080.0
1383,124.84106142171834,136.95624043893454,0.009200541,0.0053464817,0.10491169,-0.037926454,103.71472,1080.0
1384,134.19519913156557,137.78617725050546,0.010187389,0.0055748834,0.10442335,-0.039434474,97.659836,1080.0
1385,140.85881987368185,133.44142809984365,0.00951911,0.0064205592,0.1042954,-0.041747794,104.60833,1080.0
1387,141.63152851097925,129.25473898198075,-0.0120189525,0.0056070117,-0.1879329,-0.0552087,194.7936,1080.0
1388,134.66889954177813,125.9386016735641,-0.021663863,0.0025279291,-0.19704217,-0.060728736,194.45975,1080.0
1389,123.07058956485585,122.01909595165782,-0.021670306,0.0025231256,-0.19823654,-0.062575445,194.14745,1080.0
1390,114.37426921333164,118.47413882116878,-0.023676667,0.005062329,-0.18233462,-0.061531916,176.09242,1080.0
1391,113.53103279757374,117.88986003902504,-0.024733933,0.005128479,-0.17160583,-0.067432575,168.61507,1080.0
1392,118.45676732783055,121.03879932934726,-0.018109132,0.00518926,-0.15908384,-0.07085091,160.45877,1080.0
1393,124.01399296959437,126.23588386323239,-0.021213334,0.004908159,-0.16409053,-0.07794,165.52818,1080.0
1394,127.52274282987905,131.33289870972254,-0.024680808,-0.0004616914,-0.15564315,-0.084387295,157.734,1080.0
1395,128.6841741452037,134.69923468501872,-0.028428027,0.0006419429,-0.14766772,-0.08281985,146.79942,1080.0
1396,127.64487231113664,135.26185992497,-0.02953367,-0.0043046456,-0.14665528,-0.081205525,142.26848,1080.0
1397,126.21920071041198,133.85550750280848,-0.01860035,-1.5202275e-05,-0.1497354,-0.09106075,167.8273,1080.0
1398,127.55911994985065,133.01859672571248,-0.015370687,-0.004426942,-0.14497823,-0.09904844,173.28249,1080.0
1399,131.85629468254598,134.01160903931645,-0.01082888,0.0008656537,-0.13264696,-0.0906894,166.99033,1080.0
1400,135.66121216383428,135.78826748272235,-0.013065027,0.001882539,-0.12857106,-0.079740226,159.07053,1080.0
1401,136.82142957976833,136.64258337548085,-0.012273605,0.00030150238,-0.124870695,-0.087109886,158.6543,1080.0
1402,137.140463357402,136.02979113151835,-0.014842394,-0.0030264112,-0.12187076,-0.10092904,158.11671,1080.0
1403,139.23435121363988,135.8900225528701,-0.023465306,-0.0050741127,-0.11713997,-0.10905053,159.66666,1080.0
1404,142.83020471011724,139.18414807547623,-0.016196188,-0.0059926915,-0.11768754,-0.114879325,168.4718,1080.0
1405,145.60467886649337,145.82821925864712,-0.013188228,-0.0070899962,-0.12875931,-0.11764645,177.04106,1080.0
1406,146.32911481396016,151.97515569960748,-0.014317548,-0.0040316265,-0.13758393,-0.104599,165.2259,1080.0
1407,144.76611684208916,153.9377588186429,-0.009830842,-0.003970422,-0.12576458,-0.10313209,164.09581,1080.0
1408,139.8421402880395,150.9463024759003,-0.019653264,-0.0031171446,-0.12897457,-0.093492806,158.62236,1080.0
1409,131.8954349764391,144.63320676954768,-0.008369107,0.0020917256,-0.11969,-0.08592077,167.27774,1080.0
1410,124.99797705162992,137.36170599043828,-0.010327318,0.005101409,-0.12999454,-0.06817701,162.23721,1080.0
1411,122.81659523524418,130.93614818553417,-0.0071707834,0.005151056,-0.11967265,-0.065320104,156.2122,1080.0
1412,124.2888555623212,126.80833901291179,-0.012993085,0.006456248,-0.13282895,-0.0585946,144.49422,1080.0
1413,125.69129096892084,125.7699702480033,-0.010564847,0.009065246,-0.14058487,-0.053880762,150.93085,1080.0
1414,124.98332287886727,126.9363257346744,-0.010172696,0.0127175795,-0.13322578,-0.04924042,139.01921,1080.0
1415,123.370445089036,129.1484540362875,-0.014875624,0.0105838915,-0.121726595,-0.040867783,121.53411,1080.0
1416,123.18701073830123,131.88771179816612,-0.021471716,0.010555691,-0.127676,-0.04474719,123.45879,1080.0
1417,124.81599181483928,133.8887590851176,-0.019065687,0.008657018,-0.11548812,-0.04939595,119.36285,1080.0
1418,126.70351447777105,133.90777332504499,-0.015466761,0.006087494,-0.11476853,-0.06828379,126.19455,1080.0
1419,127.70460066363945,132.83678145224593,-0.02324377,0.0029647262,-0.111733384,-0.069112904,117.662125,1080.0
1420,127.55061025332343,132.3857190322752,-0.018564578,0.0006844132,-0.114723206,-0.0723925,122.637566,1080.0
1421,125.90326414202706,132.8295702742528,-0.016496673,5.9622307e-06,-0.10839601,-0.07334405,121.35589,1080.0
1422,123.65549815115328,134.3890070486477,-0.015762612,4.795216e-05,-0.101545714,-0.07688847,123.16572,1080.0
1423,123.50981482992317,137.5836857111251,-0.0109213935,-0.0010676631,-0.08974022,-0.07754039,122.97963,1080.0
1424,126.18826833820937,140.09410445429072,-0.015480776,-0.0054523894,-0.07589993,-0.083915934,114.9912,1080.0
1425,129.0984450913748,138.62666809277826,-0.013117416,-0.0085322345,-0.07470398,-0.09347706,115.374245,1080.0
1426,130.69210206395772,135.05197499371516,-0.008265347,-0.0074840686,-0.07446905,-0.09347506,119.07502,1080.0
1427,131.9225039300695,134.80856664724212,-0.007526087,-0.0069050826,-0.07983274,-0.09594534,127.79063,1080.0
1428,133.1695381101395,139.52389704901964,-0.0092669455,-0.004868062,-0.08013232,-0.09944738,130.9963,1080.0
1429,133.68849903468697,145.75635879337594,-0.012320229,-0.0031065482,-0.08999617,-0.09614806,129.93167,1080.0
1430,133.6276167127559,149.4095357805642,-0.0134899,-0.0023651123,-0.08457698,-0.0885884,119.94378,1080.0
1431,134.1493341243491,149.10935446753763,-0.016549852,-0.0022853145,-0.092070855,-0.08573676,120.45726,1080.0
1432,135.08131861028653,147.08151085858154,-0.01516588,-0.0031061242,-0.09221966,-0.07717435,115.557,1080.0
1433,134.1719732959167,146.37440710175144,-0.0140922265,-0.0019406354,-0.08927115,-0.067894235,105.78974,1080.0
1434,130.08604742772076,145.93700701653572,-0.0070945458,1.5739159e-05,-0.08409825,-0.06799972,112.4363,1080.0
1435,124.23101127127532,141.4961988210827,-0.00960473,0.0021469682,-0.08230709,-0.06000485,105.30551,1080.0
1436,119.22034206032734,132.6548251802219,-0.0150831435,0.005368268,-0.08834246,-0.04290263,92.0615,1080.0
1437,117.03969972130213,125.18180283843853,-0.008154523,0.008456223,-0.08372627,-0.041318342,98.532364,1080.0
1438,118.12655157756618,125.07621748053015,-0.009201446,0.009357904,-0.086129874,-0.039837394,95.62878,1080.0
1439,121.51508978544707,132.70071460487094,-0.014394068,0.011823075,-0.09194223,-0.033685558,89.82392,1080.0
1440,125.27587092805936,142.21884635705032,-0.013690468,0.008395357,-0.08744535,-0.039769236,84.495056,1080.0
1441,126.57323184374668,145.80159370873898,-0.011427024,0.0064166314,-0.08163045,-0.045162145,93.365555,1080.0
1442,124.08947641742688,140.99263827691385,-0.020243723,0.006720536,-0.09070417,-0.04123617,82.077065,1080.0
1444,122.03738748482334,133.96765908579377,-0.0147841275,-0.0045470344,-0.046959434,-0.08037304,90.061,1080.0
1445,127.20394143511658,132.25161097160657,-0.017113693,-0.0013570433,-0.047837492,-0.05752651,67.76062,1080.0
1446,139.57081827674568,136.55424219859225,-0.01411794,-0.0010090581,-0.044168092,-0.05069456,62.79219,1080.0
1447,150.77600181335086,142.34306391452685,-0.010576319,-0.0022559837,-0.04104891,-0.054914545,64.428795,1080.0
1448,153.48758990679693,145.98182347713765,-0.011166438,-0.0042499965,-0.04373203,-0.054858256,61.8474,1080.0
1449,148.7116816609553,148.4994925519446,-0.015548367,-0.0028243735,-0.05872119,-0.05697533,68.69374,1080.0
1450,143.46228677098281,153.85882080801463,-0.010809157,-0.0039035657,-0.050810184,-0.06483256,77.95906,1080.0
1451,143.08772674798013,162.1850467237211,-0.007884499,-0.0041639823,-0.043150216,-0.05627563,65.22353,1080.0
1452,146.5160792211629,168.028373837327,-0.009432984,-0.0052126567,-0.04576467,-0.05441061,62.68418,1080.0
1453,148.69960049305934,167.11202774625175,-0.00646967,-0.0053839223,-0.0379633,-0.05008901,57.095173,1080.0
1454,146.4541017268739,161.33458817848955,-0.014457025,-0.002474467,-0.060418587,-0.052486166,64.43976,1080.0
1455,140.89729354943097,156.91783866261545,-0.014284317,-0.0026642976,-0.05696315,-0.050942767,63.838097,1080.0
1456,134.83221944671212,158.21035727645452,-0.015868576,-0.0017325507,-0.061986063,-0.048026614,65.97472,1080.0
1457,130.19368059090743,162.46166873519832,-0.014813232,0.00030545835,-0.061373252,-0.04062472,64.500114,1080.0
1458,128.45591335101264,162.33341758560022,-0.010567898,0.00085627235,-0.059395883,-0.03526617,66.40086,1080.0
1459,130.41070952433807,154.57976319826332,-0.013216824,0.0009664465,-0.05670683,-0.02934087,54.77664,1080.0
1460,134.63334803776755,144.18278446376124,-0.012431562,0.0028358742,-0.05310409,-0.024969086,50.76469,1080.0
1461,137.9819312731276,138.29893567737352,-0.011490829,0.004014418,-0.051913086,-0.026223104,51.529568,1080.0
1462,138.89119735652713,138.7002181260117,-0.014745585,0.0030915719,-0.0510734,-0.026423363,48.879257,1080.0
1463,139.52903009291276,142.16261280661672,-0.012415003,0.0027210943,-0.051283065,-0.027696228,50.304375,1080.0
1464,142.66514666645958,144.91295381041422,-0.01471162,0.0014108163,-0.049212504,-0.025174996,45.814396,1080.0
1465,147.91469934622782,145.32563100714952,-0.014039499,0.00026069925,-0.050215688,-0.025708487,46.77415,1080.0
1466,153.10440189873282,144.41521408343647,-0.014389038,-0.00020398741,-0.049165655,-0.02612867,44.31329,1080.0
1467,156.73434513395839,143.8810558861673,-0.014206667,-0.0012140062,-0.04594639,-0.03395931,44.78028,1080.0
1468,157.95923976152855,143.87424757550312,-0.013543306,-0.0032822785,-0.04489667,-0.03806438,47.478546,1080.0
1469,156.0186048003156,143.52109688951174,-0.011347623,-0.0042200442,-0.044010334,-0.03764524,47.495686,1080.0
1470,150.5407465240781,142.7970942188791,-0.008849024,-0.0040657325,-0.04137412,-0.04196334,51.69058,1080.0
1471,142.74128150731553,142.53280564257423,-0.006884709,-0.004701572,-0.038248755,-0.041264568,50.208748,1080.0
1472,135.15070421591446,143.07525038166716,-0.008616921,-0.004494194,-0.04004042,-0.04112826,50.969975,1080.0
1473,128.77190992399105,144.5647163554661,-0.009165616,-0.0036185654,-0.038157485,-0.039453268,50.277046,1080.0
1474,122.91265714504421,147.40431010906076,-0.009718069,-0.002873569,-0.039140884,-0.039339025,52.460773,1080.0
1475,118.6092288050241,150.8929572765199,-0.01077392,-0.0032749034,-0.036990497,-0.04388832,51.918518,1080.0
1476,118.45263165490341,153.4528819180928,-0.009283052,-0.0016489947,-0.03607638,-0.040596686,49.438343,1080.0
1477,122.65895560375358,154.73999309862018,-0.008878609,-0.0017736364,-0.036152028,-0.040745687,45.355377,1080.0
1478,128.2349156586975,155.63086324451842,-0.0117489565,-0.00076720625,-0.04122976,-0.03736753,43.4613,1080.0
1479,132.21662421113592,156.9709714805986,-0.013249405,-3.4162735e-05,-0.04321196,-0.03573354,44.02538,1080.0
1480,134.25566151129405,159.22992535746073,-0.01409282,0.0015013235,-0.04249149,-0.026578069,41.560387,1080.0
1481,136.24200018493832,162.20695532791692,-0.014601729,0.0021624246,-0.04273159,-0.024719888,38.045364,1080.0
1482,140.49844270093806,164.97287754545258,-0.015453847,0.002002151,-0.04264416,-0.025594838,39.757328,1080.0
1483,147.4015192346695,166.56575608336684,-0.013641696,0.0013368677,-0.04028303,-0.024256784,38.29691,1080.0
1484,154.42861554680505,166.59013745328977,-0.014284035,0.0009769864,-0.03692531,-0.021940386,33.80137,1080.0
1485,159.13299846550754,165.576228050253,-0.01540745,0.0006376478,-0.03290609,-0.021038055,30.64026,1080.0
1486,162.20708078164776,164.86804450812045,-0.015171701,0.00011486477,-0.03250074,-0.022693379,34.027218,1080.0
1487,166.0456650165549,165.37190221002524,-0.014948216,0.0022090487,-0.033934727,-0.0238021,33.855064,1080.0
1488,170.98827137640714,166.50601671916522,-0.014618937,0.0020284865,-0.035096996,-0.02552007,34.698826,1080.0
1489,174.49049796236764,166.8074513652026,-0.014982888,0.0015522427,-0.032842793,-0.025956359,34.23874,1080.0
1490,174.43806503626615,165.24518410118102,-0.015149463,0.0006178679,-0.029244006,-0.027035635,34.41989,1080.0
1491,171.8187934076626,162.00471682088474,-0.014134386,-0.0010917946,-0.029512646,-0.031891238,34.282406,1080.0
1492,169.69756276503307,158.4082330694664,-0.012978759,-0.0026629413,-0.028307285,-0.03754671,36.938698,1080.0
1493,170.19099085481935,155.824732382004,-0.0131711885,-0.0034001104,-0.02983178,-0.04451353,43.028973,1080.0
1494,172.18257003716562,154.61552835327407,-0.010817436,-0.0036138464,-0.024372948,-0.04202056,41.11829,1080.0
1495,173.08026570714546,154.63191260447638,-0.011214843,-0.00131754,-0.026885392,-0.035121918,38.458244,1080.0
1496,172.67831202980105,156.07734099725252,-0.010985763,-0.0015104506,-0.024975643,-0.03834446,39.523426,1080.0
1497,172.84340999012363,159.1767140536176,-0.011717619,-0.001509942,-0.026798954,-0.038811717,40.37842,1080.0
1498,174.06114996694455,163.25500575070805,-0.011821804,-0.0020768624,-0.026097191,-0.040857047,42.074577,1080.0
1499,174.43674727846897,165.85436659821565,-0.012118332,-0.00022551925,-0.024710225,-0.046170212,48.26325,1080.0
1500,172.6437307207504,163.65506429057706,-0.012783927,0.0016782124,-0.031416718,-0.04337226,45.635124,1080.0
1501,170.66285039890784,156.11342637171379,-0.013325359,0.001379338,-0.03216708,-0.041379236,43.601208,1080.0
1502,171.3621684695198,148.5884265435459,-0.014702182,0.0011733162,-0.031225698,-0.037944343,40.924435,1080.0
1503,174.36207282732522,149.51678708025395,-0.014321475,1.4382822e-05,-0.030065155,-0.0363214,38.894836,1080.0
1504,176.49164097411034,161.01586458330044,-0.01389163,0.0009481077,-0.025896087,-0.04092088,45.917545,1080.0
1505,175.21242088532165,174.78531626554542,-0.015516634,0.00013099953,-0.02627685,-0.036255054,41.55622,1080.0
1506,170.17473080678045,181.38440692225274,-0.016375082,-0.0005460386,-0.022877134,-0.036487807,41.492413,1080.0
1507,162.7820162571966,179.977824783127,-0.01424196,6.733647e-05,-0.01666531,-0.032419104,40.205147,1080.0
1508,156.31677298534132,175.84165568816172,-0.014472566,-0.0006933424,-0.009144564,-0.03392006,43.007595,1080.0
1509,155.02851943873532,172.68669316345364,-0.014624758,-0.001142629,-0.0073702494,-0.037190586,48.201443,1080.0
1510,160.4336713756718,170.54669947224053,-0.014484179,-0.0014718798,-0.00269182,-0.038218122,53.281403,1080.0
1511,169.47677842532948,168.37135823310177,-0.015379616,-0.003206352,-0.0070295827,-0.043389298,54.56961,1080.0
1512,177.36892469748182,166.57452666348058,-0.014756831,-0.005417011,-0.004795385,-0.04784837,52.672054,1080.0
1513,181.22328918935602,167.0500179204241,-0.014023731,-0.0056382357,-0.0047649527,-0.046723515,51.806267,1080.0
1514,181.1235294395101,170.42681291029197,-0.014081079,-0.0050521283,-0.004469822,-0.047233835,52.148815,1080.0
1515,178.97703395426518,174.35014875018965,-0.0130827725,-0.0051309657,-0.00059756526,-0.054145616,57.054092,1080.0
1516,176.79097337672127,175.8347559136371,-0.011635731,-0.0052094073,0.00051494176,-0.062460016,65.404594,1080.0
1517,175.43316761640358,174.74669026940268,-0.009872161,-0.004492244,0.0036070365,-0.063291736,67.48423,1080.0
1518,174.5403308857735,173.39726732623308,-0.008328318,-0.0044390643,-0.000141935,-0.06329001,66.38144,1080.0
1519,173.63950688645372,172.86698003239678,-0.011055943,-0.0044654566,-0.0006768297,-0.06342675,65.23503,1080.0
1520,172.82656722235708,171.83251401889802,-0.010040435,-0.003123248,-0.0012412928,-0.06368931,67.29222,1080.0
1523,170.78117008182923,167.42995696428952,-0.010034971,-0.0076134577,0.060299456,-0.04271068,84.771164,1080.0
1524,162.93866129099197,155.03205722474704,-0.0060904045,-0.0042119063,0.06413348,-0.039871864,82.05921,1080.0
1525,147.62196340693833,134.18082411684986,-0.00891328,-0.0045784563,0.058186963,-0.04473199,81.019,1080.0
1526,134.00769855542694,115.62144254393358,-0.013501824,-0.009827056,0.062796585,-0.06554955,95.060715,1080.0
1527,134.10692307318016,110.78293129990425,-0.010774626,-0.0048126504,0.0680225,-0.051338367,95.04251,1080.0
1528,146.81564152284153,116.85737412245956,-0.009146797,-0.003955926,0.07889257,-0.06597705,104.325455,1080.0
1529,159.20567610436393,122.27991901642866,-0.00846795,0.001289848,0.0848313,-0.06508803,113.44061,1080.0
1530,161.77114566161455,121.46189198760311,-0.00848287,0.001051048,0.08444745,-0.06685085,114.90896,1080.0
1531,155.79495301612195,117.60244945754192,-0.015831333,-0.0066608572,0.06101792,-0.06886597,105.27877,1080.0
1532,148.03078387541424,115.85204064834845,-0.017541109,-0.006378852,0.05220128,-0.063749865,97.79367,1080.0
1533,142.7899544134569,118.34797595922117,-0.020480685,-0.0062673218,0.05984497,-0.06007569,105.77888,1080.0
1534,139.61917983438408,123.78934647091283,-0.013008569,-0.004773486,0.069852196,-0.053427182,109.8865,1080.0
1535,136.99067680026317,129.92832715105678,-0.0062965113,-0.006138498,0.096640244,-0.05598673,126.15548,1080.0
1536,135.16656129937817,135.60922198006037,-0.011789223,-0.008932326,0.09980254,-0.056675863,127.78759,1080.0
1537,134.24254946552503,139.9866913797925,-0.0123335095,-0.012470472,0.08626805,-0.06775801,125.82288,1080.0
1538,133.22862547313974,143.09286146287496,-0.010234466,-0.0148074115,0.0904315,-0.07332334,132.1354,1080.0
1539,132.45172127544242,146.86422576991913,-0.007146482,-0.016465167,0.10258563,-0.0771375,144.11044,1080.0
1540,133.08953102181474,152.5679662079244,-0.009165446,-0.016542166,0.10431603,-0.08892743,152.82352,1080.0
1541,134.27430008542927,157.93222481406988,-0.016249932,-0.016832592,0.1129811,-0.099553145,164.58675,1080.0
1542,133.79251516604566,157.88391038315692,-0.010822211,-0.016652057,0.1266315,-0.10411419,178.32458,1080.0
1543,130.8582674652593,151.04050853618037,-0.011901008,-0.014731033,0.13293192,-0.10389071,181.03938,1080.0
1544,126.85699913756498,142.84938743597252,-0.0072298967,-0.013278679,0.14125259,-0.095923305,181.04218,1080.0
1545,123.85542784981159,136.43970083372173,0.006035077,-0.016445132,0.13688755,-0.09317884,151.54614,1080.0
1546,122.19546872304959,127.80086667349725,0.0037198667,-0.011175763,0.15226954,-0.09371906,172.11122,1080.0
1547,120.27046714789005,114.51968544307637,-0.0011411879,-0.0014956439,0.16277596,-0.071764715,182.5636,1080.0
1548,117.41567181372571,101.8437450362551,-0.00017479791,0.00047841956,0.17442502,-0.06763783,195.5327,1080.0
1549,116.25696531262432,97.6550675564624,-0.008360121,0.0004254659,0.17672452,-0.05452536,197.31468,1080.0
1550,119.99799919638937,103.33451720713079,-0.005677965,-0.00919975,0.1658306,-0.06991922,186.61842,1080.0
1551,126.94318727526166,111.87006499680982,-0.013819433,-0.002540108,0.14009349,-0.065394536,181.58829,1080.0
1552,131.1498801143907,116.10031273194225,-0.009374491,-0.004416572,0.15123364,-0.066844374,185.92812,1080.0
1553,129.47629152611324,115.73152513330098,-0.0033230816,0.0005714982,0.17069685,-0.060268994,189.54338,1080.0
1554,125.31800605368012,115.53680437887407,-0.006400327,-0.00026968497,0.15853034,-0.06543528,181.2248,1080.0
1555,124.09970575224149,118.34325270903813,-0.007452223,0.0034421568,0.1584497,-0.06857043,189.23724,1080.0
1556,126.81034382305964,121.56369539954142,0.0063817343,0.01009773,0.18322946,-0.06224837,192.03955,1080.0
1557,129.9676182817188,122.59950072870421,-0.006837294,0.0133962,0.14408468,-0.05461409,168.834,1080.0
1558,130.46331369660595,123.1074937857987,0.0050898236,0.006586795,0.15595138,-0.065633565,165.42635,1080.0
1559,128.41036768499578,125.08997667114811,0.014581186,-0.002632113,0.14746235,-0.071895376,150.49246,1080.0
1560,126.96377053059776,128.60407216916025,0.01545444,-0.00550588,0.15050049,-0.08076743,154.84767,1080.0
1561,130.36588717235048,133.22580115566498,0.017586827,-0.007956752,0.14110051,-0.084986344,146.64868,1080.0
1562,139.27315700666594,137.48025842865508,-0.0037122373,-0.0037839536,0.1289288,-0.06984897,155.22318,1080.0
1587,148.3077555445857,139.45187344245338,-0.015094107,0.03064301,-0.23411244,-0.014707664,226.86777,1080.0
1588,150.14830772398506,139.98814147680497,-0.012750244,0.023831107,-0.24189657,0.004356808,235.7102,1080.0
1589,140.44557309325012,141.8772165994125,-0.013428186,0.024419261,-0.23731565,0.007139093,228.22832,1080.0
1590,121.34177613772913,144.37086487791404,-0.007937849,0.020388484,-0.22260505,0.004289613,212.23314,1080.0
1591,102.09139340974754,142.71070935110222,-0.0064441822,0.015903741,-0.2236848,0.0063437284,221.65823,1080.0
1592,94.54286825846786,136.82092624096248,-0.0017936424,0.014215526,-0.21711844,0.010202549,219.77345,1080.0
1593,107.44723487697189,135.8806196531543,0.003161282,0.004091178,-0.18136065,-0.0047912034,194.88509,1080.0
1594,138.2879139101907,147.56384795246805,-0.0012574373,0.0048403,-0.1806002,-0.005173973,186.83502,1080.0
1595,170.38059033375998,166.8864138494071,-0.0014690257,0.007211021,-0.17436829,-0.0044276486,181.44614,1080.0
1596,186.84093510711824,181.66900447906318,0.0033795391,0.0069263456,-0.16184285,-0.010323517,171.58119,1080.0
1597,185.43419892341964,185.16627867098,-0.0013595016,0.009960019,-0.16189235,-0.006611054,167.4334,1080.0
1598,176.4764251588972,180.39701122840628,0.00044148762,0.009880448,-0.16099107,-0.008382133,170.41634,1080.0
1599,170.9206787134074,175.0549554776829,-0.0012181035,0.009681038,-0.16290271,-0.009775918,168.88354,1080.0
1600,172.2724749126564,174.09237607701326,-0.00012320059,0.009678904,-0.1614711,-0.008510731,171.17773,1080.0
1601,177.0955131082654,176.8514020388943,-0.0004920112,0.009317243,-0.16291198,-0.0060266,168.94339,1080.0
1602,180.6761507141915,179.8775241442629,-0.00012862594,0.009635798,-0.16084267,-0.005856719,167.53831,1080.0
1603,181.28744462212362,180.93072625426763,-0.0011160391,0.0105859125,-0.16103187,-0.0045116423,164.32164,1080.0
1604,180.01411168692275,180.22258730127265,-0.0012164081,0.010589444,-0.15755694,-0.004443077,161.3668,1080.0
1605,178.43318736054601,179.0191117623679,-0.0014794244,0.010593414,-0.1610954,-0.004545593,164.81245,1080.0
1606,177.298166787072,178.274754216071,-0.0026224772,0.010433494,-0.15507983,-0.004771141,157.72699,1080.0
1607,176.61694688341979,178.26623207574275,-0.0003749141,0.010233067,-0.14340074,-0.006191833,147.74567,1080.0
1608,176.02440205351036,178.43810822943306,-0.0009770147,0.010335654,-0.15330133,-0.005791134,155.8888,1080.0
1609,175.44090649948518,178.0418296321043,-0.0012612802,0.010777749,-0.15528882,-0.005851675,157.64755,1080.0
1610,175.5006727915739,177.2725537580839,-0.002992305,0.010305673,-0.15003791,-0.005554496,152.95915,1080.0
1611,176.49394713807695,176.80552512764245,-0.00036315917,0.010318657,-0.14458822,-0.005610784,147.94994,1080.0
1612,177.5201409028281,176.53659873280367,-0.0002251519,0.00961801,-0.14867944,-0.0063425913,153.85925,1080.0
1613,177.77832694865705,175.95885928661346,2.1475333e-05,0.009221225,-0.14657435,-0.0065509444,152.96635,1080.0
1614,177.57808262263754,175.17095746371274,0.00035468207,0.008684017,-0.13939837,-0.007602614,147.2344,1080.0
1615,177.3613398367241,174.59574916986077,-0.0010747839,0.009513997,-0.14421274,-0.0065265866,147.5872,1080.0
1616,177.08916554142766,174.35116667963175,-0.0013392696,0.009848559,-0.14299724,-0.005247109,146.19109,1080.0
1617,176.9039366308685,174.43743787278152,-0.00086489075,0.009372083,-0.14197172,-0.005838917,146.74994,1080.0
1618,177.18598852448423,174.92399979394665,-9.042245e-05,0.007806015,-0.12730339,-0.009639119,131.28493,1080.0
1619,177.75751108005352,175.50788073075162,-0.0013866284,0.009418135,-0.13729084,-0.008769904,139.54906,1080.0
1620,178.00828945895924,175.56671068115648,-0.0002399586,0.00875976,-0.13714537,-0.010063708,141.92374,1080.0
1621,177.89770532047012,175.13376604201466,-0.0013659442,0.010115645,-0.13820422,-0.0064876485,138.73424,1080.0
1622,177.93251867240073,175.08467352094772,-0.00011088054,0.009354634,-0.13815708,-0.0064658765,142.04646,1080.0
1623,178.29666274556118,175.99916300944724,-0.0010591861,0.010396745,-0.13629574,-0.0043963185,137.03358,1080.0
1624,178.59598997972677,177.40991594387987,-0.0010881212,0.009827606,-0.13965935,-0.0048652226,141.74434,1080.0
1625,178.29495453435612,178.29085649781223,-0.001771941,0.009189076,-0.13756646,-0.0048233243,138.2466,1080.0
1626,177.39675955579312,177.9996679019798,-0.00020051179,0.00900176,-0.12982783,-0.0044205277,129.8171,1080.0
1627,176.64744931713037,176.85374524417833,-0.0015676992,0.009466518,-0.13347055,-0.0031716665,132.21877,1080.0
1628,176.77768887307937,175.9341552955778,-0.0011493824,0.00942101,-0.13488142,-0.0032155071,137.14651,1080.0
1629,177.73368598406364,176.11974752885462,-0.0014848497,0.008640388,-0.13257158,-0.0034090467,133.77472,1080.0
1630,178.7827102954044,177.22429114739552,-0.0009205006,0.0069193877,-0.1280604,-0.0039294916,131.93741,1080.0
1631,179.20512569864772,178.3392463033987,-0.001441447,0.008140712,-0.12965512,-0.0022499862,131.23633,1080.0
1632,178.88303427733646,178.78667702234733,-0.00079424825,0.0074419375,-0.12505035,-0.00335545,129.69374,1080.0
1633,178.06873045380934,178.22273533211686,-0.0013994005,0.006072737,-0.12568958,-0.0052158004,130.40031,1080.0
1634,176.77379962620418,176.470214233901,-0.0013823332,0.0075907246,-0.12579001,-0.0046231374,128.19484,1080.0
1635,175.18418918733414,174.19424147151094,-0.0016656381,0.009262932,-0.12538418,-0.001528203,126.661156,1080.0
1636,174.2253163369681,172.9022130776393,-0.0012697573,0.0073613836,-0.12719743,-0.004524817,129.19954,1080.0
1637,174.51941979547087,173.28104744838222,-0.0014045433,0.009099819,-0.12550558,-0.0013756505,126.97576,1080.0
1638,175.43350530577803,174.5245691263745,-0.0003189652,0.0073338263,-0.124396935,-0.0048227874,126.07051,1080.0
1639,176.1033269282018,175.68420656534684,-0.0014681215,0.008676232,-0.12422875,-0.0052123456,125.468796,1080.0
1640,176.62740731879097,176.64853665949389,-4.9901893e-05,0.008499258,-0.12319087,-0.0053711077,124.68735,1080.0
1641,177.53490699511866,177.74223852074573,0.0007646914,0.007777348,-0.122965775,-0.005413352,124.720184,1080.0
1642,178.5862730595419,178.87926474901298,0.0006956878,0.0075989054,-0.122745655,-0.0058220755,124.65811,1080.0
1643,178.91005529236182,179.4255238982453,-0.0001646819,0.0076866434,-0.12116411,-0.004816126,123.43043,1080.0
1644,178.3052722762366,178.99536273920052,0.00010737666,0.007910975,-0.12082785,-0.0046590874,121.9126,1080.0
1645,177.68582087399923,178.06829653069872,-6.143076e-05,0.007595147,-0.11950282,-0.004769629,123.17273,1080.0
1646,177.95867862261687,177.48741823873917,-0.00221665,0.007717373,-0.12032657,-0.00438717,122.66818,1080.0
1647,178.92157040600736,177.4649685268054,-0.002300856,0.007158774,-0.1200349,-0.0042453767,122.74852,1080.0
1648,179.64224849521813,177.52514383192343,-0.0020089608,0.0074985223,-0.12060027,-0.00255199,120.94326,1080.0
1649,179.61462588549483,177.385830914494,-0.0016094067,0.0070381872,-0.11925314,-0.0037562193,122.19799,1080.0
1650,179.14124126001613,177.2471862220722,-0.0020252934,0.0064405655,-0.11868428,-0.004212217,122.52463,1080.0
1651,178.74630686081173,177.0218641487883,-0.0016895436,0.0069316723,-0.11838984,-0.00368107,119.37506,1080.0
1652,178.59829794570373,176.26112892877825,-0.00010387279,0.0068907845,-0.11856413,-0.0038665347,120.25968,1080.0
1653,178.587829289209,175.17505353540597,-0.00074881094,0.0071806307,-0.11661315,-0.0025558614,117.66154,1080.0
1654,178.6679644711006,174.5972558613809,-0.0015852752,0.0067481855,-0.115058556,-0.0022742236,116.13777,1080.0
1655,178.7933033735033,174.96485833808697,-0.0010340373,0.007693891,-0.11337427,-0.0015143501,116.069916,1080.0
1656,178.7285999406554,176.16988093437848,-0.0022093032,0.0074638086,-0.11515164,-0.001748191,116.94864,1080.0
1657,178.32606899578676,177.82274405219025,-0.0008093375,0.007998064,-0.11199533,-0.0018335272,115.14311,1080.0
1658,177.77048750696565,179.1408145055088,-0.0009977552,0.008270179,-0.109662995,-0.00095135724,112.145996,1080.0
1659,177.3094779356942,179.33846423556125,-0.0005460386,0.007755096,-0.113098085,-0.0019334722,116.36449,1080.0
1660,177.11489109403348,178.52197754001847,0.00013693351,0.007311362,-0.107522756,-0.001520284,110.46431,1080.0
1661,177.2600300351309,177.66730997338692,-0.000495289,0.0065955976,-0.11054258,-0.003925804,114.69188,1080.0
1662,177.3441779317842,177.5250146216557,-0.0007423118,0.005338598,-0.10871859,-0.0029969534,114.11765,1080.0
1663,176.72493688242733,177.9732360385057,-2.0232024e-05,0.0049855267,-0.107362814,-0.004396396,113.81744,1080.0
1664,175.54013942909677,178.3463230201691,-0.00017242432,0.0069806133,-0.10359966,-0.001738951,107.5671,1080.0
1665,174.842569245145,178.080554607835,0.00044996475,0.006307715,-0.10467648,-0.0044122552,110.82021,1080.0
1666,175.47684196142035,177.36358643856966,-0.00052173756,0.0050578224,-0.10404675,-0.004024527,110.4833,1080.0
1667,177.04745617838037,177.0190365941932,-0.0003402145,0.006512451,-0.10416791,-0.002979653,109.871826,1080.0
1668,178.28789515007372,177.40286397702423,-0.00069122313,0.006975718,-0.10582829,-0.0029960067,108.816826,1080.0
1669,178.5803426111772,178.04943830245205,0.00013913756,0.005947113,-0.106051974,-0.00446617,110.867546,1080.0
1670,178.44306958854327,178.4811428982563,-0.0010052151,0.0050867577,-0.10765025,-0.0061543994,111.80106,1080.0
1671,178.43332448558667,178.60591441019017,-0.0009399979,0.006532471,-0.104242675,-0.0057362947,106.4364,1080.0
1672,178.4506587712287,178.56034274484395,-0.00081691035,0.006565822,-0.10620072,-0.0058167353,109.24004,1080.0
1673,178.2253779741609,178.5921732396739,-0.0013533981,0.0072858385,-0.1043838,-0.0045862836,107.21817,1080.0
1674,177.97791795399078,178.83203089608088,-0.001612854,0.0073394068,-0.10323531,-0.0033575622,104.53183,1080.0
1675,178.24234574082655,179.12615530563235,-0.0007473416,0.0067498386,-0.10178867,-0.0045918855,106.05814,1080.0
1676,179.05126546898143,179.21490035160753,-0.0020634404,0.006592242,-0.10303582,-0.0037591227,104.501595,1080.0
1677,179.69161896508962,179.05150706695173,-0.0011108399,0.006788925,-0.10077396,-0.0030455978,102.550316,1080.0
1678,179.3900505531979,178.85142162058412,-0.0019076878,0.0094210515,-0.10488835,0.0008451462,105.193054,1080.0
1679,178.16362142331494,178.80490827052392,-0.0012373747,0.0072443434,-0.10589775,-0.0028136147,106.83776,1080.0
1680,176.96009688245283,178.88321992510836,-0.0017681546,0.0075322115,-0.10099397,-0.0027736311,99.35152,1080.0
1681,176.7983134507525,178.95835400845405,-0.0017761231,0.007063788,-0.102192126,-0.0045529823,102.82219,1080.0
1682,177.72734072970346,178.92289412890673,-0.000986848,0.0067688767,-0.10175289,-0.0048406105,104.69954,1080.0
1683,178.79319542868762,178.70016838752656,-0.0012258459,0.0069746864,-0.104211316,-0.0057807076,106.40704,1080.0
1684,179.0756891336122,178.32564923590127,-0.0014467592,0.006876373,-0.100827254,-0.006205276,102.50142,1080.0
1685,178.45497379467983,177.8094682568636,-0.0009742454,0.0061637457,-0.09851877,-0.007671971,100.76474,1080.0
1686,177.38073617575364,176.96401795406527,0.00028901277,0.0053458037,-0.08759398,-0.007929845,93.5757,1080.0
1687,176.32227272132863,175.82106623102356,-0.0009398284,0.0052672457,-0.089215085,-0.009071082,93.533485,1080.0
1688,175.4077630086611,174.74905387287345,0.00018672236,0.0046784403,-0.085080974,-0.006347875,90.15421,1080.0
1689,174.39170828405247,173.67689077080547,4.14813e-05,0.0033115493,-0.07690588,-0.005637409,82.138016,1080.0
1690,173.16591074445037,172.10809734169618,0.0006165116,0.0028526306,-0.07283953,-0.0038432898,78.96066,1080.0
1691,172.13182169258585,170.08987399229574,0.00087382,0.00063157256,-0.068453304,-0.005756263,76.89708,1080.0
1692,170.75772068186126,167.87179626450947,0.0003226386,0.0029777775,-0.065872304,0.0026533215,77.145065,1080.0
1693,166.75302579224015,165.2547474611941,0.0006639834,0.0015088152,-0.05843065,0.004842371,71.77511,1080.0
1694,160.37513439351142,162.8537384534473,0.0011678626,0.0006361573,-0.05118962,0.0077912435,63.51991,1080.0
1695,157.28019710636045,162.68375274563252,0.000781137,0.00084736256,-0.057458043,0.012863168,68.21335,1080.0
1696,161.83140513224902,165.86245255680987,0.0014899925,0.0017308773,-0.058724977,0.017401438,71.27245,1080.0
1717,170.5467105043973,170.50686410245632,2.3848923e-05,-0.003237576,0.10995732,-0.013838337,120.74854,1080.0
1734,176.35908014721034,173.27249484376867,0.0053975424,-0.0054836133,0.082293026,0.068864614,114.48657,1080.0
1735,173.40867060986557,169.89172527298828,0.0033806695,-0.0007629112,0.07738252,0.063152,105.18155,1080.0
1745,157.40105764257365,155.10682315808177,-0.0025322807,-0.0011503149,0.006632148,0.05049741,56.32599,1080.0
1761,135.32670394639257,133.9370197311114,-0.0071318448,0.0034724765,-0.005332212,0.0356076,30.60239,1080.0
1762,127.09779487901766,125.64188169504258,0.0001546224,0.00063086615,0.011484895,0.033878665,36.480564,1080.0
1763,140.96447766363033,140.04467467449922,-0.006707029,0.0025244253,-0.0070967497,0.030826144,30.184694,1080.0
1764,162.64600053431383,163.52730609178545,-0.0083192615,0.0027223092,-0.005833887,0.030473638,29.506994,1080.0
1765,175.4643943757471,177.46554527335638,-0.008776629,0.0030751547,-0.010813678,0.022485634,20.339247,1080.0
1766,176.01617356173188,177.09613085241102,-0.00962434,0.0030717638,-0.011678964,0.023970993,21.702976,1080.0
1767,170.71524193504507,170.33923996850945,-0.010045765,0.0029550905,-0.014887153,0.018855315,16.215982,1080.0
1768,166.30333503865282,166.3721108023025,-0.0087556625,0.0023034273,-0.0123324925,0.017502537,16.625229,1080.0
1776,164.86678580747912,167.722189736491,-0.004975326,0.0022865578,-0.0038542005,0.014831401,10.40505,1080.0
1777,164.23501029106563,167.9986317002903,-0.0038644862,0.004323493,0.007531286,0.036670346,32.97678,1080.0
1778,160.51069096832788,155.83032588765366,-0.0021430121,-0.0031544156,0.0028430515,0.018634371,16.39461,1080.0
1779,150.16559802392666,131.9916489891093,0.0004643193,-0.006959901,0.0132761635,0.010068653,26.296131,1080.0
1780,133.1148601289768,115.29497630304152,-0.001357128,-0.005454819,0.0041970713,0.0062025283,16.34855,1080.0
1781,117.4436816218077,114.64707589380794,-0.0031690244,-0.0034350925,0.0062321415,0.009752853,20.292538,1080.0
1782,115.06202934926134,116.04048531693385,-0.00520709,-0.0025816741,0.0048703793,0.013021116,20.990732,1080.0
1798,128.00596680506467,110.18438836269526,-0.0046489574,-0.0003484373,0.022859136,-0.04278231,52.352974,1080.0
1799,146.48106692695382,105.79894847742264,-0.002210942,-0.00081374554,0.025336033,-0.0390072,48.929592,1080.0
1800,160.54668507487585,110.42217432349183,-0.0044765896,-0.00032611424,0.023797154,-0.03566745,47.87614,1080.0
1801,166.8943665920293,119.38734754391555,-0.0051208497,6.128947e-05,0.026199566,-0.0329689,49.347218,1080.0
1802,166.99398990715045,125.4734311164622,-0.0031140363,-6.510417e-05,0.032312125,-0.032478757,50.310417,1080.0
1803,162.84335615414378,127.64674342017972,-0.003056392,0.001857249,0.03307348,-0.022761593,47.549152,1080.0
1804,154.64116967422683,128.8478097250597,0.0013072826,0.0027596368,0.033880953,-0.019791044,47.091473,1080.0
1805,142.5635148291174,130.7414823393129,0.0041507296,8.932043e-05,0.04909114,-0.025009919,55.338863,1080.0
1806,129.48468741558733,132.07308109035458,-0.0016222919,-0.003206889,0.04805716,-0.030447641,59.886616,1080.0
1807,118.8278468464469,130.8186306869196,-0.00629555,-0.004403997,0.048061457,-0.029345816,60.795334,1080.0
1808,109.11131279406229,126.55451721126533,-0.0053862394,-0.003630942,0.05018401,-0.021738576,61.110252,1080.0
1809,95.43510935071818,120.18518648683691,-0.004944413,-0.0027806317,0.052727368,-0.019473888,62.553078,1080.0
1810,77.51537754395314,112.87562214757351,-0.0031073675,-0.0006806833,0.052471586,-0.010923767,60.032955,1080.0
1811,62.300619105832716,105.27204130153486,-0.0021809896,0.00035273234,0.050672404,-0.0047786008,59.11891,1080.0
1812,57.42561924689766,96.80735577600339,-0.003196773,0.0035960162,0.04759058,-0.0014335915,54.623947,1080.0
1813,62.192306330841085,86.22404664573712,-6.3860854e-05,0.0037944934,0.058159947,0.0036224364,61.146034,1080.0
1814,68.61361672715724,74.77354985039717,-0.00064086914,0.0051235342,0.052212525,0.007329729,57.61684,1080.0
1815,73.12686081192962,68.76273190215696,-0.0010009765,0.0040538646,0.054902706,0.009187712,58.46625,1080.0
1816,79.79945934694697,74.2302984356071,-0.0022597702,0.0074156304,0.050752316,0.009851639,56.650204,1080.0
1817,91.17105712124008,89.01010725500755,-0.0016898826,0.004139229,0.053818766,0.0025880602,58.079124,1080.0
1818,103.64421209026285,104.05948871283687,-0.00089054817,0.0066132722,0.053582877,0.006931955,57.77814,1080.0
1819,112.51053000091551,112.0259774729359,-0.00048421224,0.004889029,0.058741253,0.0031863742,61.521935,1080.0
1820,116.92295992050845,112.66209396680276,-0.0011132135,0.006399988,0.057024356,0.006309001,61.018356,1080.0
1821,118.19636831366752,110.19131967333364,-0.0026431615,0.0049608583,0.053857084,0.004297949,59.683117,1080.0
1822,116.66508333722693,107.55687956668841,-0.0011964021,0.0035150032,0.05614511,0.006126517,61.390793,1080.0
1823,112.932257995199,105.06508245155229,-0.0013543023,0.0061727455,0.055239867,0.003978023,60.85812,1080.0
1824,108.89919128167705,102.45830866140535,-0.0019367359,0.0056846337,0.05786732,0.004984707,64.87889,1080.0
1825,105.8635781826608,100.0696151389603,-0.003846006,0.0025777747,0.05136549,0.00033043756,62.005383,1080.0
1826,104.32840412985664,99.34975641973999,-0.003116749,-0.00026290328,0.05108857,-0.0046996507,63.445663,1080.0
1827,105.55050605762845,102.80739668790599,-0.00072236237,0.00044889096,0.05334066,-0.0045572915,64.66053,1080.0
1828,110.63233457586175,112.39619763713765,-5.617495e-05,-0.00031433106,0.05184021,-0.0067746765,64.462395,1080.0
1829,117.83265241107283,126.51859178729738,-0.0002557825,-5.8774594e-06,0.056297924,-0.007618713,65.48308,1080.0
1830,122.92762191906672,138.0022723375456,0.0001711245,-0.0013277407,0.06055038,-0.01073258,68.62084,1080.0
1831,123.48816945802957,139.3832420381509,-0.0009104411,0.0010500307,0.060748857,-0.005114859,68.31961,1080.0
1832,120.45078961272988,131.91767342771007,-0.0028297708,0.001258511,0.06343192,-0.00528118,70.656334,1080.0
1833,114.82707318232808,123.98855866583047,-0.003136868,-0.0012996532,0.059973482,-0.009935054,68.18189,1080.0
1834,107.24486650223355,120.81471200191787,-0.0010989719,-0.00029528583,0.06338263,-0.008832634,68.42423,1080.0
1835,100.30178342406616,120.93512439681871,-0.00034857856,0.0007862232,0.06491733,-0.010092107,67.774796,1080.0
1836,96.29418245373486,121.02492743424384,-0.00083177356,0.00097362377,0.06303677,-0.010533481,66.327705,1080.0
1837,94.39191211918282,119.7014457515861,-5.4253474e-06,0.0019479822,0.06399536,-0.012931993,68.21815,1080.0
1838,93.90690597546516,117.66495968780524,0.0014987522,0.004230358,0.061091445,-0.013527425,64.60059,1080.0
1839,97.69298238144751,117.24787109538559,-0.002090454,-0.003434923,0.052445136,-0.030068574,62.45534,1080.0
1840,108.7356079586624,121.14371157452281,-0.00068291556,0.0010539303,0.054207243,-0.021354534,61.193897,1080.0
1841,124.67558564618344,129.14574827399508,-0.0017908167,-0.0044426247,0.04648426,-0.030139104,57.76261,1080.0
1842,137.29278640727898,137.59208998145098,-0.004047309,-0.0048867967,0.035635035,-0.029613353,51.183384,1080.0
1848,136.39276442409766,142.23309232686228,-0.0009540699,0.029775323,-0.2613496,0.058834456,297.5109,1080.0
1853,119.70687030997954,140.98388616082272,-0.003515173,0.013252117,-0.23877054,0.050838966,262.8427,1080.0
1854,102.78647566111528,138.57816354756204,0.0063171387,0.022127237,-0.174948,0.06793916,208.65088,1080.0
1856,105.6923726726293,144.51196472554346,0.00065143727,0.005937223,-0.2474776,0.046020154,275.21713,1080.0
1857,126.24863235151714,159.6716276409215,0.0013669049,0.016590472,-0.21495757,0.06316161,246.91368,1080.0
1858,143.5288795211327,173.89989271484941,0.0010245994,0.013742263,-0.20725623,0.064727314,238.64487,1080.0
1861,146.2749803975105,179.4902069099968,6.0752587e-05,0.01890845,-0.24495567,0.07296097,280.1474,1080.0
1862,141.26951391022362,178.25535019238623,-0.0014187848,0.008946044,-0.25492707,0.062145602,283.1552,1080.0
1863,136.04247595559733,175.69943878571573,0.002580657,0.015495343,-0.22615136,0.08604858,268.34235,1080.0
1865,128.4419232606941,174.1094449796535,0.0017089844,0.03765821,-0.17654413,0.100554265,210.88692,1080.0
1868,119.14517068592298,173.13742646025452,0.005659485,0.034764692,-0.23051181,0.08543249,279.8962,1080.0
1869,119.57359933639506,173.11682682213186,0.0056531555,0.03466291,-0.23561679,0.08395216,283.45505,1080.0
1870,135.74869777177258,174.08035549666968,0.0044675474,0.007044757,-0.23125294,0.03035171,262.80875,1080.0
1897,158.12992755076053,174.72186525604377,-0.00091657287,0.05113288,0.20439945,0.13735346,226.52803,1080.0
1898,173.59095047341225,174.55479806585603,-0.0010817068,0.056617625,0.20442556,0.13528635,222.83873,1080.0
1899,177.2219351802117,174.72308526757837,-0.0018251489,0.055389065,0.20468315,0.12732776,221.89636,1080.0
1900,172.61695535883266,175.97316970332562,-0.0017645377,0.060418926,0.19520345,0.13361223,212.08574,1080.0
1901,166.85540330453452,177.29612497934923,-0.005395084,0.058627546,0.17122035,0.11955465,188.67842,1080.0
1902,165.22947758860556,177.29290543304714,-0.0052560875,0.04242011,0.1625,0.096640125,184.81258,1080.0
1903,168.0231710393073,176.17796069983476,-0.005575844,0.032124102,0.1518223,0.089357786,178.08522,1080.0
1904,171.80468243375623,175.31068215633795,-0.007354962,0.036669865,0.14167555,0.09445603,174.11996,1080.0
1905,174.03522883701245,174.94823674832332,-0.016686758,0.025727052,0.1613256,0.06891016,197.74194,1080.0
1906,174.98581665529065,173.9465088616851,-0.0155242635,0.031756986,0.16395767,0.077026196,200.99916,1080.0
1907,175.69010225041603,171.83489061880982,-0.017024541,0.035374958,0.1760473,0.08331378,215.6534,1080.0
1908,176.39986689504153,169.81532508678202,-0.017502198,0.048632868,0.17261824,0.099730596,212.96585,1080.0
1909,176.9327656007286,169.28759410693542,-0.012566291,0.045761958,0.20202568,0.100259006,243.06415,1080.0
1910,177.03000602846618,170.23693386514515,-0.008652864,0.053504944,0.21130775,0.11804267,259.26062,1080.0
1911,175.94924575997553,171.70874994517908,-0.009276694,0.061286137,0.22005917,0.123852484,259.71585,1080.0
1912,172.6747444470474,173.25536474345745,-0.012260804,0.052361213,0.2012556,0.104819685,244.9377,1080.0
1913,167.76210820688456,174.88421920717818,-0.011201307,0.053965192,0.20355405,0.10528615,247.83891,1080.0
1914,164.13440430413112,175.80786907578596,-0.01491055,0.04950324,0.2033285,0.0993341,250.2245,1080.0
1915,164.53486630809672,174.74292650723822,-0.015290296,0.04679181,0.21744221,0.0995857,263.8964,1080.0
1979,168.05601558880602,171.4846705427464,0.0014512804,0.00079729996,0.007202318,0.1984696,205.62483,1080.0
1980,170.00477015299555,166.84495728939348,0.004273648,0.0017563432,0.017359134,0.19532143,198.85666,1080.0
1981,166.95806916971134,162.38320664518457,0.0026860556,0.004090373,0.027498316,0.19504938,196.17982,1080.0
1982,160.74430855044162,159.99653270383166,0.0011718185,0.0026867902,0.026843714,0.19344008,196.18909,1080.0
1985,154.90538552050256,159.25360473063435,-0.0076162834,-0.0044624046,-0.04251257,0.1252589,145.41945,1080.0
1986,150.69958864910691,158.1913531534061,-0.016532728,-0.0078022145,-0.057238657,0.11387787,141.58981,1080.0
1993,146.9293673168067,155.761987209563,0.0021011918,-0.0017127143,-0.0018657543,0.16401508,172.1364,1080.0
1994,138.74564533219612,147.86744650654737,0.008013464,-0.0007640132,0.015053417,0.16663541,170.06686,1080.0
2009,123.64665324700553,131.26843722615652,0.0064921062,-0.009513516,0.20838594,0.00032795093,214.51208,1080.0
2010,113.48906551060685,117.75489020602276,0.0046890257,-0.008381625,0.2092275,-0.00032424927,215.15094,1080.0
2011,124.77744654702943,125.65870539493767,0.004136319,-0.0068263584,0.20222054,-0.005470474,213.11761,1080.0
2012,153.69541960066283,152.88923687029003,0.0025124443,0.0014718515,0.1763274,0.0019756176,187.95921,1080.0
2013,174.3301998451404,176.1031106015922,0.0024175574,-0.0050439904,0.17592005,-0.021420231,190.5641,1080.0
2014,164.3310272944987,178.22977353539036,0.0038044117,-0.006442628,0.18119112,-0.028777285,195.57718,1080.0
2015,133.65160744094192,166.18573744590287,0.0026693838,-0.005403363,0.15916613,-0.017683664,175.02647,1080.0
2016,117.42595848026434,158.7120851311853,0.0031797055,-0.0043059736,0.16393381,-0.018260617,179.12311,1080.0
2017,129.62004043082098,163.46567262327562,0.0045585916,-0.006785329,0.16996866,-0.022821581,184.35085,1080.0
2018,145.8073751626611,171.3209107358659,0.00276461,-0.0065319487,0.16312449,-0.023136534,176.61835,1080.0
2022,138.69781715915795,166.84385664645163,0.0012267501,-0.0016272085,0.1588184,-0.028455636,175.93495,1080.0
2023,109.65195830209002,142.62189008367892,0.0012451172,-0.008129544,0.15663786,-0.03577522,173.4514,1080.0
2025,81.14979658730722,108.08149771941603,0.0009474013,0.005391891,0.17185606,-0.0075569153,187.94934,1080.0
2026,69.65405133576118,80.40598195993802,-0.0008745829,-0.0024333247,0.16167487,-0.020069377,182.07982,1080.0
2027,74.73098016371667,69.60479575547727,-0.0016205399,-0.009603684,0.15713075,-0.03067839,178.52786,1080.0
2028,87.75723572972322,77.70225212803157,-0.002697104,-0.016768053,0.15489729,-0.0416635,175.10588,1080.0
2029,98.57336318954383,100.0448854580278,-0.003901757,-0.017528478,0.14989103,-0.042949196,169.24922,1080.0
2031,98.06775578144598,120.43463217317202,-0.0005623994,-0.008263793,0.1635305,-0.034540642,183.5798,1080.0
2032,85.21887938654145,119.63862302594029,-0.00044162892,-0.011313771,0.16177024,-0.04359453,181.61992,1080.0
2037,72.08920207252679,98.1013771872046,-0.00024286906,-0.011244004,0.13541308,-0.04788431,158.44559,1080.0
2040,72.21359177343346,76.87955398569756,0.0032073692,-0.014430519,0.1444395,-0.048613824,159.16058,1080.0
2041,81.74131143975261,70.12942358618557,-1.7462837e-05,-0.00861709,0.14075643,-0.041981563,159.52219,1080.0
2043,86.00422328610786,73.6085187948535,0.002035579,-0.0075612105,0.14081343,-0.038831133,156.91055,1080.0
2044,82.04053763812101,78.62237064067882,0.00022786458,0.0017220674,0.13740268,-0.028239949,153.66919,1080.0
2049,76.42002127031887,78.80765135480357,5.7503028e-05,-0.010163201,0.13093567,-0.0423673,146.95622,1080.0
2050,72.83889214357373,71.30663990824266,-0.0020857635,-0.0054625054,0.1298475,-0.034434002,149.26147,1080.0
2051,77.5516886500386,63.76188842389485,-0.0035719413,-0.008171873,0.11781215,-0.040154632,144.59334,1080.0
2052,99.2801387353372,68.99422584637885,0.0012598956,-0.006305666,0.122438446,-0.043360308,146.82173,1080.0
2053,133.16599451175725,88.8873962231203,0.0015918026,-0.0019048055,0.13016646,-0.044925265,149.14157,1080.0
2054,158.91547827667335,112.04935404121404,0.0021361175,-0.008578774,0.12429352,-0.053444304,145.42253,1080.0
2055,162.35891484190282,125.51637740500092,0.0019164191,-0.0077638696,0.12627806,-0.052102264,148.38924,1080.0
2056,151.08914626447944,128.23096592324302,0.00086418435,-0.006700106,0.13849923,-0.051104765,155.09485,1080.0
2057,142.5967685309304,130.47489369445077,0.0016597324,-0.004012892,0.14959875,-0.048312493,166.04802,1080.0
2058,144.3185922988637,136.96233020831647,-0.001573718,-0.0015365036,0.13513881,-0.04476711,155.75667,1080.0
2059,152.25692766634202,144.56622089863856,-0.0011499758,-0.00136196,0.1382665,-0.041424617,157.12868,1080.0
2060,160.25716309577706,153.2319061939316,-0.0018792046,-0.003591834,0.12665261,-0.043885153,149.53416,1080.0
2061,163.84678338357034,162.07446067139827,-0.0008069921,-0.009045863,0.13170747,-0.051739644,154.51607,1080.0
2062,161.0455730558335,163.9824661353721,-0.0012967145,-0.008092244,0.13461733,-0.048222635,156.85342,1080.0
2064,154.1266119836973,156.00781854659212,-0.0023277,-0.0023179513,0.112635635,-0.031084526,131.71696,1080.0
2065,150.11946057717918,147.78196620292695,-0.0035526983,-0.0014728123,0.08627308,-0.026756965,106.062584,1080.0
2066,153.452761673321,147.68923621336464,-0.008806356,-0.002720529,0.07363982,-0.027107917,97.8171,1080.0
2067,155.25079534430813,146.48615704083005,-0.0039538913,-0.0062284963,0.06581641,-0.027830703,85.24603,1080.0
2068,140.92621608738995,131.69376420634418,-0.0041686445,-0.0047898185,0.08176134,-0.028116947,104.75394,1080.0
2070,112.2007929559404,109.31143563522828,-0.001407482,-0.011280823,0.15473679,-0.04956343,174.49295,1080.0
2071,89.99158207390201,95.46437394117487,0.0018283138,-0.011366696,0.16124527,-0.05042182,176.66322,1080.0
2072,91.214530071743,97.08753808740389,0.0016252305,-0.011712138,0.16008668,-0.05323715,177.48222,1080.0
2073,110.64326921987775,109.11675878577053,0.002564607,-0.020106675,0.15177669,-0.066641375,164.74872,1080.0
2075,130.85339825866865,124.56056968667592,-0.00205745,-0.0061960574,0.09995547,-0.030286096,116.109406,1080.0
2078,142.5366650530288,140.9234415869604,-0.005127292,-0.0018959893,0.056488376,-0.013256073,71.89302,1080.0
2079,147.3107825756951,155.8590962179618,-0.006328724,-0.008058816,0.050174966,-0.02445738,61.312283,1080.0
2080,150.15303836337006,164.8026151011465,-0.004709936,-0.006635002,0.0535601,-0.022050023,64.21129,1080.0
2081,155.51316915348622,166.57127592020456,-0.005468863,-0.0082092285,0.053840864,-0.024391824,63.542248,1080.0
2085,163.09012565917922,164.89132063644362,-0.0013820507,-0.011644038,0.1417403,-0.06352064,168.81625,1080.0
2087,168.51793179430146,163.1337802287803,-0.0031430845,-0.00140022,0.118974246,-0.01703299,136.98239,1080.0
2091,170.60760976487418,162.74654085749063,-0.0050563104,-0.004987561,0.0824082,-0.032559346,104.997055,1080.0
2092,172.1335965489816,165.48410774201864,-0.002051742,-0.0018053126,0.07733137,-0.026617235,93.38091,1080.0
2095,172.97387853997645,170.05863218493468,-0.002988999,-0.010339808,0.17745231,-0.04904576,199.2846,1080.0
2096,165.55950415349997,167.45316730663285,0.0031854135,-0.014829141,0.19468266,-0.060097955,202.0352,1080.0
2097,142.34615843914796,147.76230057429655,0.00046375417,-0.008222679,0.18467195,-0.04519874,198.7803,1080.0
2103,110.68468612552536,115.62599178274925,-0.0014727557,-0.0046509355,0.08083129,-0.034960173,93.96273,1080.0
2104,91.19744627210535,93.13604488545228,0.0063285544,-0.005685001,0.07479808,-0.034669098,75.80876,1080.0
2105,95.49781745510563,99.21492349356518,0.006919239,-0.0063941674,0.072930284,-0.0380171,75.57597,1080.0
2106,113.45601646501385,128.8797718621558,0.004943678,-0.0060815597,0.07465973,-0.039293643,78.82777,1080.0
2107,126.65112267469677,159.67155918522045,0.00490847,-0.007363468,0.07469431,-0.043701258,78.83729,1080.0
2108,127.20986823439631,174.17070801584742,0.0035516245,-0.009366467,0.066939965,-0.044506215,76.110016,1080.0
2109,120.1045721664034,171.02250663129055,0.0043154117,-0.008378036,0.068941586,-0.04527523,77.85853,1080.0
2110,113.38341383449213,159.64982303811382,0.004615558,-0.004824603,0.074306406,-0.041870683,82.86559,1080.0
2111,110.60933947586398,149.97524357917663,0.0063761957,-0.0059981453,0.0772466,-0.043496676,83.41881,1080.0
2112,110.26058223821602,145.4518310678617,0.004679871,-0.0047066584,0.07702094,-0.043185763,85.75444,1080.0
2113,109.42158854112363,143.635536905074,0.004194415,-0.0042550266,0.07629779,-0.04092981,85.12401,1080.0
2114,107.88781046837357,142.52521600293156,0.0015433982,-0.0024408128,0.07242324,-0.036591623,82.95716,1080.0
2115,108.8553283565525,143.62369161582743,0.0009156404,-0.0013141773,0.07523284,-0.031839866,84.3209,1080.0
2116,114.84634977269847,148.4065979837865,0.0029077036,-0.0011911463,0.078749195,-0.031327143,86.16781,1080.0
2117,123.4824085235344,155.12429521156434,0.0015367861,-0.0012661687,0.07798869,-0.031886518,86.311,1080.0
2119,129.6143756996818,160.15289322478415,0.009768677,0.004144909,-0.045935623,0.09181264,112.2356,1080.0
2120,132.6519720051792,161.14232210681004,0.0007630525,0.0011720445,-0.062236756,0.085935526,112.918175,1080.0
2126,138.8732794357824,159.65180858720126,0.00094451907,0.061571814,-0.20258772,0.10698112,224.24594,1080.0
2127,152.97755037076502,160.51184133350102,0.006392924,0.036410805,-0.18349394,0.0630691,216.587,1080.0
2128,170.19837808801472,165.94182299830788,-0.004375486,-0.01438333,-0.16835056,-0.060481716,161.13905,1080.0
2129,181.07754022749643,172.26424709808595,-0.013488882,-0.043653164,-0.20361738,-0.115948685,179.23962,1080.0
2130,181.41137204404862,174.754462447326,0.014716198,0.011093224,-0.14160179,-0.012574513,191.22427,1080.0
2131,174.88887782225297,171.48000125195205,-0.011254261,0.007212688,-0.23806825,-0.006319851,226.79527,1080.0
2132,167.14266229881844,159.52044517737866,0.0035285102,0.0032204804,-0.21526517,-0.008823706,244.42969,1080.0
2133,160.06793993826548,134.25150278888876,-0.003721223,-0.0064747846,-0.21551174,-0.04131258,224.68489,1080.0
2134,154.42352231544277,99.82231190777715,-0.012114744,-0.015931956,-0.2112434,-0.047484476,199.87361,1080.0
2135,152.4839651312676,72.27415962634903,-0.012905657,-7.360953e-05,-0.20868276,-0.011914317,197.48967,1080.0
2136,152.0348430412835,65.13492924432553,-0.012007367,0.012537667,-0.17368509,0.011067793,164.07578,1080.0
2138,145.91800952911308,79.7193192894307,-0.06951113,-0.00096017343,-0.11278879,-0.18632208,209.8304,1080.0
2139,136.41107084192643,107.24846238064421,-0.070011616,0.0005851463,-0.107997864,-0.17709927,208.2522,1080.0
2140,137.72731436403507,133.89141351699314,-0.0668058,0.0058736163,-0.10161393,-0.15702266,188.26411,1080.0
2141,154.6047648148379,150.06014416582215,-0.069594994,-0.0012928151,-0.10324967,-0.15342142,170.84734,1080.0
2142,172.94200977014302,156.45263323673638,-0.07239775,-0.0047686542,-0.10859986,-0.15137324,164.01274,1080.0
2143,177.6761373224604,158.6177579964626,-0.072803184,-0.0039923773,-0.10116249,-0.15410055,170.89474,1080.0
2144,169.15411278641128,158.7027445270538,-0.07163436,-0.0047155875,-0.083652414,-0.1708356,182.45854,1080.0
2145,159.44351460509606,153.18146602263366,-0.07260493,-0.0069552953,-0.061020575,-0.17707904,190.96356,1080.0
2146,158.52541170275072,136.725844629506,-0.07273944,-0.0067682904,-0.0528847,-0.17237431,190.55072,1080.0
2147,166.22732016961368,110.24139109132038,-0.067621864,-0.015238161,-0.045827456,-0.17319223,186.87675,1080.0
2148,174.91936211786245,85.0459990639397,-0.07234034,-0.007494213,-0.05302463,-0.19028063,200.89848,1080.0
2149,177.87423867094037,74.61430434109737,-0.07039863,-0.010517657,-0.054532766,-0.21910782,223.22723,1080.0
2150,174.1063324220531,82.75289015078823,-0.052225072,-0.0122987535,0.013491708,-0.23340188,241.41396,1080.0
2155,166.57029345342798,102.12277774477758,0.009999791,-0.004388032,0.04010798,0.06730516,82.26166,1080.0
2160,159.55881967061043,123.0120914605367,-0.032759715,-0.04181722,0.14836279,-0.25338757,285.12418,1080.0
2161,157.7981477266,141.93655387890243,-0.03792829,-0.043231484,0.13439862,-0.27113035,290.13257,1080.0
2162,163.1737127065781,159.5635369548877,-0.041678987,-0.05894764,0.106774904,-0.27633312,267.23923,1080.0
2163,171.25185965796567,172.69051238495518,-0.04464134,-0.046210367,0.050780177,-0.21797287,191.40616,1080.0
2164,175.26606616440822,174.56021377501276,-0.055876724,-0.032681387,0.021288723,-0.18199949,168.40466,1080.0
2165,173.57837276059286,163.1187079922469,-0.058856316,-0.023428628,0.01737151,-0.17096399,163.22942,1080.0
2166,170.26776286768305,145.87784211104048,-0.061583173,-0.029320216,-0.0018123485,-0.16887398,149.18224,1080.0
2167,169.77572933928397,135.4095355307177,-0.061574075,-0.026236046,-0.0014850192,-0.17191353,169.58505,1080.0
2168,172.72025002032336,138.60382844034146,-0.06514576,-0.021028081,-0.021293132,-0.1507411,139.32593,1080.0
2169,175.69092514769167,150.6956253926563,-0.044457782,-0.019355124,0.0015475804,-0.15519726,122.59754,1080.0
2170,174.53429835372137,161.52348303311803,-0.049631756,-0.01628873,-0.019881807,-0.16007654,114.25786,1080.0
2171,168.31920602963504,166.14666838654517,-0.049936816,-0.020724347,-0.029618949,-0.18728092,133.45052,1080.0
2172,159.6565016043278,167.04771895527261,-0.050731067,-0.016662993,-0.04978231,-0.20681138,166.24998,1080.0
2173,152.41710567312177,167.8635606058908,-0.061504845,-0.016083894,-0.08378053,-0.19054207,145.06396,1080.0
2174,150.83557822475413,168.7075618335126,-0.06476096,-0.009648641,-0.10440877,-0.16525108,138.6142,1080.0
2175,157.3006895356519,168.2403002957491,-0.063715674,0.0018936723,-0.13627093,-0.1330372,115.64769,1080.0
2176,168.40636076410487,167.4536129020964,-0.065389,0.0013763146,-0.14802863,-0.09889057,99.35603,1080.0
2177,176.47759074417732,168.76619820371778,-0.06337492,0.0063663907,-0.14438725,-0.08626517,97.0509,1080.0
2178,176.70455068732068,172.14866750831115,-0.061374664,0.01026617,-0.1432433,-0.058922663,79.81734,1080.0
2179,171.26232071989287,174.624634666913,-0.060942616,0.010201744,-0.152162,-0.05860576,86.05282,1080.0
2180,165.96381626703013,173.80883593600586,-0.062528454,0.014766778,-0.1295073,-0.034825616,71.48328,1080.0
2181,164.17838347372535,170.30562072007567,-0.062735185,0.01669046,-0.142089,-0.036375824,69.29869,1080.0
2182,164.8199724986392,166.5385618511428,-0.056903247,0.015593182,-0.1310394,-0.043407977,90.23384,1080.0
2183,164.825667711239,164.45473906396666,-0.0514714,0.0124918055,-0.13500382,-0.04154776,87.643036,1080.0
2184,162.19909654246302,164.55993500604572,-0.0453856,0.011816435,-0.12885034,-0.054262683,110.300865,1080.0
2185,157.304225773987,166.25666919986173,-0.04971746,0.013134624,-0.12636688,-0.050572205,108.10343,1080.0
2186,152.30089147774956,168.47585416411127,-0.043341998,0.007781276,-0.12900837,-0.062289372,112.644714,1080.0
2187,149.32142222318822,170.32405560119494,-0.04629347,0.008413414,-0.14394589,-0.058439016,123.04877,1080.0
2188,148.82207129792766,171.5381336812427,-0.043287855,0.01204899,-0.13858722,-0.05020803,112.62331,1080.0
2189,149.66812006983739,172.37604481937177,-0.038770776,0.004767411,-0.12260499,-0.059161432,106.51173,1080.0
2190,150.48329912827973,173.20765496384257,-0.03650165,0.011643841,-0.115766324,-0.038576197,100.81971,1080.0
2191,150.50188881772846,173.9502584848687,-0.036391083,0.0075688963,-0.11908041,-0.04515245,108.05049,1080.0
2192,149.76670131332298,173.75381219255385,-0.04008539,0.012733008,-0.12818763,-0.035679035,103.668396,1080.0
2193,149.37916776461662,171.79715480651953,-0.041408878,0.013474557,-0.12621334,-0.033715397,89.885735,1080.0
2194,150.99852717264406,168.53326276161548,-0.038705472,0.013819687,-0.12705192,-0.03326111,94.78273,1080.0
2195,155.06437488467355,165.4255584602423,-0.03980754,0.013783971,-0.13681956,-0.037352186,117.36313,1080.0
2196,159.80890949671658,163.18665329459935,-0.039615773,0.013730904,-0.13747337,-0.03885173,117.81419,1080.0
2197,163.09743852318113,161.34303662132092,-0.040757243,0.013647659,-0.14713311,-0.04289692,119.26907,1080.0
2198,164.73697741332649,159.61126356508524,-0.023469882,-0.004522027,-0.10619607,-0.095179915,121.42278,1080.0
2199,165.95403268370094,158.46719236377623,-0.019192928,-0.0019722832,-0.09997204,-0.080292,111.227745,1080.0
2200,167.20496500953675,158.25466565090662,-0.032439973,0.014133171,-0.13269354,-0.052331995,120.11987,1080.0
2201,165.3014617531105,154.02103494758256,-0.019104738,-0.017626444,-0.06531848,-0.110184096,71.671364,1080.0
2202,154.5615882788072,131.82194074859044,-0.013972304,-0.022741022,-0.10805163,-0.14946988,134.88548,1080.0
2203,136.17750820753923,85.49390629007281,-0.007069764,-0.007444622,-0.101895355,-0.1471209,155.91463,1080.0
2204,117.29567002740062,35.511196630583335,0.006684847,-0.013886459,-0.10847866,-0.16557574,188.57504,1080.0
2205,96.9026349359973,10.262206058652628,-0.013801857,-0.009459884,-0.12778486,-0.15091522,184.7476,1080.0
2206,71.9273096795855,14.000168645828433,-0.01970099,0.015176363,-0.18071726,-0.12100488,218.7363,1080.0
2207,52.12614485823874,28.13559387042663,-0.024044065,0.027393144,-0.1540427,-0.07972963,179.5892,1080.0
2208,47.353821042168015,35.29922790054225,-0.029278565,0.025713941,-0.16464855,-0.08579418,187.04774,1080.0
2209,54.10391427766365,34.01537649707085,-0.035038166,0.027621489,-0.15524828,-0.07127417,156.9977,1080.0
2210,68.4985185928233,35.061995592424836,-0.026480498,0.024303606,-0.12788956,-0.09000499,158.10027,1080.0
2211,95.06108481842105,47.81239262729904,-0.026078966,0.017318556,-0.12648757,-0.10675378,163.10559,1080.0
2212,132.95996265760803,71.7479669723167,-0.034595065,0.01526526,-0.11801201,-0.09303011,136.27467,1080.0
2213,167.36494096915044,100.12718326894479,-0.031467635,0.0124512,-0.09241093,-0.10964934,145.75119,1080.0
2214,182.962683387506,126.20963836497707,-0.031076897,0.01932308,-0.06566128,-0.13376577,157.16385,1080.0
2215,179.53719927816073,145.04887128714094,-0.034615014,0.012275075,-0.05541755,-0.15231381,171.27538,1080.0
2216,169.91178999222896,154.67628378368175,-0.034640558,0.009055074,-0.046420317,-0.15827416,175.3923,1080.0
2217,165.29269965281534,157.36547624417716,-0.032890715,0.007123424,-0.044182274,-0.15516905,172.25258,1080.0
2218,165.9702375396213,158.048051782241,-0.030133396,0.0009310122,-0.049897652,-0.14641519,162.01031,1080.0
2219,166.01479379755892,160.75954389067894,-0.028016776,-0.0010329352,-0.05119143,-0.14005108,153.27519,1080.0
2220,163.0610007161142,166.40820927220264,-0.026794434,-0.0011805781,-0.05154741,-0.12467622,138.50294,1080.0
2221,160.8860014887819,172.98743272869206,-0.025819397,-0.0032401755,-0.042174615,-0.121497065,134.17728,1080.0
2222,163.73171023962024,177.41884511649013,-0.025557116,-0.0031866992,-0.039992496,-0.121464565,134.18454,1080.0
2223,170.9610210097756,178.13609005785136,-0.025234478,-0.0024060425,-0.03896343,-0.12158031,133.9712,1080.0
2224,178.07321860330737,176.10583782969863,-0.024808079,-0.0016613007,-0.040955834,-0.12341186,134.36346,1080.0
2225,181.47240166192856,173.4063374480928,-0.024612032,-0.0019248821,-0.045352455,-0.11514784,128.70827,1080.0
2226,181.0933215517139,171.3376103208656,-0.022969337,-0.0011266778,-0.045169182,-0.110095665,123.50305,1080.0
2227,178.93706825306012,169.42679400628074,-0.023303052,-0.0009196811,-0.04702397,-0.10841293,121.58623,1080.0
2228,176.70997835119005,166.61731080411042,-0.023554483,-0.0007870003,-0.050880883,-0.106384955,120.80912,1080.0
2229,174.9074856746644,163.68625638374132,-0.023825526,-0.00037538033,-0.051876493,-0.10621471,120.921295,1080.0
2230,172.90838269776037,162.7547766002957,-0.024217224,-0.00022906551,-0.053274367,-0.10611938,121.99223,1080.0
2231,170.70579920955748,164.2510790924633,-0.024956258,-0.0008379901,-0.054072402,-0.10229486,119.762566,1080.0
2232,170.0848018944617,165.75774202803947,-0.025146654,-0.0004959389,-0.05242332,-0.10826827,125.51591,1080.0
2233,171.97866736111715,164.68988098943552,-0.025379436,-0.0005569882,-0.045164887,-0.113845766,128.17337,1080.0
2234,174.40604452948526,162.11006324945174,-0.024105158,-0.0016606366,-0.041225914,-0.11893528,124.77907,1080.0
2235,174.78161081716084,162.10952128980273,-0.023279147,-0.0013729519,-0.038434856,-0.11676383,121.77485,1080.0
2236,172.9527980686389,166.86240371153292,-0.019522434,-0.000700661,-0.035652783,-0.11444945,122.017715,1080.0
2237,171.31568111549396,173.91796131661772,-0.019980423,0.0009386133,-0.04468344,-0.114112236,123.8767,1080.0
2238,171.55801288139858,178.33754183793465,-0.020987617,0.00275667,-0.054518297,-0.120329924,128.91618,1080.0
2239,171.5742900187649,176.77223910129297,-0.020918386,0.0021950474,-0.044992574,-0.1154968,127.96079,1080.0
2240,168.27567026715246,170.63785155396604,-0.02046537,0.002534711,-0.040967304,-0.117420085,130.16066,1080.0
2241,163.7569852858129,165.7000852359547,-0.019934705,0.001396928,-0.043404587,-0.11336937,125.84382,1080.0
2242,163.78534605007064,166.76055576686275,-0.01959042,0.0016958448,-0.04338017,-0.11265287,126.06816,1080.0
2243,169.37789672326434,172.73904996745688,-0.01993346,0.0012790962,-0.042726588,-0.11362958,125.64212,1080.0
2244,175.53534084615768,178.53812080128992,-0.021679858,0.0005141929,-0.039906424,-0.11421094,125.62247,1080.0
2245,178.09598716588255,180.77945532354693,-0.022595271,0.0003295616,-0.040690668,-0.11342913,124.949974,1080.0
2246,177.25814467153486,179.95344579659974,-0.021204066,0.0011055841,-0.046893198,-0.11375547,126.1528,1080.0
2247,175.52771268413784,178.03373544743215,-0.019559903,0.0012000048,-0.04773944,-0.11226544,124.69252,1080.0
2248,174.80914553895298,176.15370089600313,-0.019328816,0.0011504561,-0.048017602,-0.11006324,123.01856,1080.0
2249,175.16985848154624,174.81504250579036,-0.018565029,0.0013082151,-0.049857415,-0.10955359,123.17674,1080.0
2250,175.8426698479447,174.74684157320917,-0.018529935,0.0017812941,-0.049640853,-0.109150685,123.11141,1080.0
2251,176.36033580509098,176.2224127021846,-0.018366722,0.0019322713,-0.049520195,-0.10893096,123.1897,1080.0
2252,176.37987190021093,178.23052555204094,-0.019242294,0.002223898,-0.05009246,-0.108233914,122.66718,1080.0
2253,175.97112267258126,179.4121234006063,-0.01960031,0.0022796206,-0.047497164,-0.10721924,121.63457,1080.0
2254,176.00142952141962,179.3717190156063,-0.019258965,0.0023350045,-0.04766953,-0.106128894,121.03373,1080.0
2255,176.93150969715055,178.67177889070322,-0.018477263,0.0022263986,-0.046221923,-0.10398074,119.83684,1080.0
2256,177.83658304816026,178.11844603257046,-0.019130792,0.002173544,-0.044494968,-0.103468336,119.424675,1080.0
2257,177.47591267226414,178.17728220710967,-0.018302409,0.002083079,-0.04250963,-0.10248828,118.47366,1080.0
2258,175.82125278522975,178.561981618322,-0.018273247,0.0021286858,-0.040476933,-0.10018555,115.481606,1080.0
2259,173.90405983803953,178.61715156052202,-0.018669412,0.0019246702,-0.03803225,-0.09851852,113.29278,1080.0
2260,172.47761744039434,178.30863269980733,-0.018867549,0.0019057662,-0.038171273,-0.09744458,112.4354,1080.0
2261,171.75561002555645,178.16661947806156,-0.018615384,0.002076142,-0.038507305,-0.09680401,111.92205,1080.0
2262,171.8803806790983,178.41146674400835,-0.019297281,0.0028013159,-0.03502152,-0.09630325,111.52447,1080.0
2263,172.6299520942832,178.7068307054409,-0.020105094,0.0008591546,-0.038324766,-0.10022365,115.102234,1080.0
2264,173.6381924124111,178.48562353383892,-0.019094171,-0.00016325491,-0.03564442,-0.10175043,110.81272,1080.0
2265,175.01652810852607,177.37664783579754,-0.019705312,-0.00029587923,-0.036669243,-0.10085602,108.87812,1080.0
2266,176.56064111363844,175.66588170515448,-0.019216128,0.00016538832,-0.03805169,-0.09802968,105.015366,1080.0
2267,177.18020817497333,174.3697663608304,-0.019365776,-0.00021137661,-0.034859326,-0.097384006,102.27186,1080.0
2268,176.37599830968693,173.87478493499643,-0.019286657,1.3704653e-05,-0.03609472,-0.09217415,98.838486,1080.0
2269,174.87786594887248,172.5001053879398,-0.019782625,0.00015111853,-0.03520474,-0.09203768,97.863335,1080.0
2270,173.03189775128584,168.611454459046,-0.020945119,-0.0006867444,-0.03680759,-0.09051351,95.36548,1080.0
2271,170.7215220069047,164.0285028788292,-0.023354538,0.00085309346,-0.037515033,-0.09043233,96.18685,1080.0
2272,169.0594793459552,162.4643978878832,-0.023765055,0.00016589694,-0.037156507,-0.08883178,95.472664,1080.0
2273,169.3456156101517,164.77857717667487,-0.023756692,0.0006683773,-0.035853293,-0.08951208,95.989456,1080.0
2274,170.6719744006127,168.13681452006574,-0.020396592,0.00058853714,-0.034302324,-0.08806213,95.07619,1080.0
2275,171.23108817835276,169.60133331154753,-0.020823838,0.0010046782,-0.03736979,-0.08615875,93.92657,1080.0
2276,170.57278914424631,168.76747800401932,-0.01747753,0.0011255194,-0.036797192,-0.085574426,93.33096,1080.0
2277,169.20877676650926,166.89567407824183,-0.017289678,0.0015855577,-0.035275836,-0.0830435,89.872444,1080.0
2278,168.1062887316244,165.43816366442564,-0.017761908,0.0026545632,-0.038838252,-0.07739755,85.41518,1080.0
2279,168.27562083276644,165.70541176346902,-0.014850758,0.0024759504,-0.034714874,-0.07452522,81.11759,1080.0
2280,169.60425595247642,167.81191708889057,-0.014887153,0.0029113204,-0.034354202,-0.07015115,77.64608,1080.0
2281,170.848782322231,170.16995101624317,-0.015024142,0.0032052358,-0.036422618,-0.06785347,75.34609,1080.0
2282,170.69823663562667,171.29530552882864,-0.016495768,0.0022556728,-0.04131436,-0.06297958,74.89236,1080.0
2283,168.56654354907266,170.8544265960528,-0.016363412,0.002330667,-0.041190367,-0.0608336,74.90116,1080.0
2284,165.18300308335682,168.9182073762485,-0.016410997,0.001817901,-0.039594185,-0.05949361,73.77371,1080.0
2285,162.3553096079272,165.93991207635196,-0.017276678,0.001703008,-0.041232638,-0.05829342,72.23323,1080.0
2286,161.1613078616265,163.3966076905936,-0.013702505,0.0015800053,-0.04112029,-0.058674693,72.50917,1080.0
2287,160.62978879062678,163.01810907369438,-0.013443671,0.0019031524,-0.04701538,-0.057913065,74.263695,1080.0
2288,159.28425157920967,164.7197335561226,-0.011704847,0.0019600622,-0.040008094,-0.05613587,69.72664,1080.0
2289,157.7282288782907,166.68250975647518,-0.011774247,0.0019252918,-0.037135147,-0.056043327,68.76835,1080.0
2290,158.1443837075351,168.37142501471723,-0.011112016,0.0019013158,-0.035378125,-0.05460102,66.660736,1080.0
2291,161.19760951493558,171.20869194623558,-0.01110546,0.0020313687,-0.033417765,-0.053846203,65.080696,1080.0
2292,165.15620846255612,175.38582232675003,-0.010976608,0.0026776067,-0.033117224,-0.051943135,63.719444,1080.0
2293,168.0380536685293,178.5325253752337,-0.010927441,0.0029964447,-0.033219513,-0.051473632,62.72331,1080.0
2294,169.30678261154685,178.57660662299415,-0.010750664,0.0030554878,-0.032273468,-0.05163197,62.265812,1080.0
2295,169.6997563879727,176.46225280277406,-0.010960784,0.0024711892,-0.031942863,-0.049975995,60.37043,1080.0
2296,170.19537411151535,174.93367556499163,-0.0110091595,0.0021941573,-0.031546585,-0.04962264,60.45596,1080.0
2297,171.2278752525038,175.22532610496964,-0.010648826,0.002331543,-0.03035493,-0.04939807,59.594223,1080.0
2298,172.64949462326712,176.28185942362796,-0.009957207,0.0026228447,-0.028301097,-0.04920133,58.50139,1080.0
2299,174.15080153212392,176.89927941641653,-0.00925779,0.001823284,-0.026285468,-0.04805114,56.35454,1080.0
2300,175.64462406998132,177.10266057585883,-0.009312157,0.0012954995,-0.02555723,-0.048244856,55.96681,1080.0
2301,177.21839736660323,177.27312429133463,-0.009721318,0.0011780633,-0.023959463,-0.047746927,55.103844,1080.0
2302,178.60406543030416,176.94932095777077,-0.008859818,0.00043877497,-0.020937545,-0.048828904,55.45756,1080.0
2303,178.89108817859076,175.38092765373955,-0.009340414,0.00050359656,-0.023824282,-0.04577029,52.6316,1080.0
2304,177.4452403434773,173.19877257695182,-0.008777082,0.00043674046,-0.030766692,-0.04445367,53.728386,1080.0
2305,175.24410824760716,172.340910087351,-0.00859974,0.000651522,-0.0255856,-0.044411045,51.205467,1080.0
2306,174.00683493179673,173.69950037659572,-0.009227386,0.00044244836,-0.02286377,-0.043221835,50.05577,1080.0
2307,173.8425249635062,175.52611449925595,-0.009112549,0.00061128405,-0.0231755,-0.041692182,48.468655,1080.0
2308,173.49786107957425,174.81408328403262,-0.009564209,0.0006870976,-0.024483688,-0.04040704,47.09895,1080.0
2309,172.67702869145063,170.09323896070094,-0.009020431,0.00080922444,-0.02290706,-0.04035691,47.258007,1080.0
2310,172.2548427857588,162.99772063146528,-0.008807373,0.00039393108,-0.021171061,-0.04283532,48.602734,1080.0
2311,172.75821496793085,157.42493975355876,-0.009115375,0.00061320554,-0.017703813,-0.04229373,46.974068,1080.0
2312,174.1229425806153,156.54174829218144,-0.008521186,0.00029322307,-0.017985139,-0.03960779,45.497513,1080.0
2313,175.94992134355078,160.6964005643869,-0.008840604,0.00031859786,-0.017001795,-0.039695244,45.341835,1080.0
2314,177.2074215222524,167.79797612875592,-0.008519151,-0.00012904979,-0.015213352,-0.03833686,43.714798,1080.0
2315,176.884275526372,174.1307766662696,-0.008297051,0.0006357829,-0.013505837,-0.04112388,45.77322,1080.0
2316,175.15832721126526,176.3917455430924,-0.008220645,-0.00029876144,-0.01200392,-0.04143695,44.39787,1080.0
2317,173.3099932219161,174.63235562060163,-0.007784695,-0.0002747995,-0.01138283,-0.039495595,41.639317,1080.0
2318,172.54265148368222,171.91766523635147,-0.008054832,-0.0004194189,-0.010915912,-0.038490493,41.235847,1080.0
2319,173.26515699675102,171.2862283306842,-0.007337443,-0.00045626605,-0.010420736,-0.0379466,40.567562,1080.0
2320,175.09870636704713,173.55058318595925,-0.007040292,-0.00040551645,-0.008829188,-0.036316257,39.09359,1080.0
2321,176.73994912355215,177.0200340911184,-0.0064925584,-0.0004901462,-0.0090193,-0.03559483,38.054672,1080.0
2322,176.9910265506805,179.29856724346232,-0.006322451,-0.00030678645,-0.008826588,-0.034751073,37.3359,1080.0
2323,176.4874675976396,179.41729742392235,-0.005989131,-0.00038816663,-0.009235749,-0.032913603,35.465744,1080.0
2324,176.71906977918314,178.04949663094618,-0.005532498,-8.790758e-05,-0.00744968,-0.031659134,34.152893,1080.0
2325,177.78712298020875,176.44838572648592,-0.005497233,-0.00026338364,-0.0075863306,-0.02980101,32.33449,1080.0
2326,178.66093190888895,175.54144403345714,-0.0050246627,-0.0002422474,-0.007184064,-0.028733853,30.701351,1080.0
2327,178.67866293375647,175.43577865161515,-0.0048754658,-0.00060433283,-0.0077381274,-0.028290331,29.89589,1080.0
2328,177.83316029769495,175.58304166792144,-0.0044234665,-0.00064547505,-0.009206815,-0.02708048,29.150541,1080.0
2329,176.39035733973535,175.61792914467915,-0.0040601944,-0.00027482773,-0.009743415,-0.023442643,25.817245,1080.0
2331,174.69621930461633,175.12866874917157,0.028707547,0.0007123594,0.082197174,-0.1581322,168.61844,1080.0
2332,173.07319622162717,172.71250154948348,-0.004558535,-0.0017904211,0.04563587,-0.14835979,169.94994,1080.0
2333,171.90492147640353,167.43116133612122,-0.010117933,-0.0042618928,0.038140416,-0.14382698,158.9734,1080.0
2334,171.7917558829953,160.48155165595702,-0.017316464,-0.0068160444,0.02838214,-0.14651246,161.81557,1080.0
2335,172.93034293617507,154.0765524564221,-0.011355704,-0.006367097,0.046850923,-0.15109411,167.37057,1080.0
2337,174.59112446328874,150.33605477601864,-0.010897262,-0.027751498,0.17452799,-0.12804605,246.40033,1080.0
2341,171.75001600101442,150.19912759936497,-0.0019734984,0.0076704803,-0.13526249,-0.0039255493,145.58794,1080.0
2342,154.23033058283164,152.00442213580538,-0.0003894382,0.0070011844,-0.1346713,-0.00424703,143.9079,1080.0
2344,123.82422971664238,153.1131027095295,-0.0008968777,0.0017022875,0.095921665,-0.018678708,106.861984,1080.0
2345,101.641146513823,150.11120615044888,0.005420148,0.014387117,0.057455614,0.025889192,45.73583,1080.0
2350,102.08283891011504,139.57548992629484,0.006401401,-0.0014653807,0.07976543,-0.032100227,83.27089,1080.0
2351,117.74221012927357,127.61371583078079,0.0023961386,-0.0004212556,0.073161036,-0.028207708,84.544136,1080.0
2352,133.02310363816966,128.68494054674005,0.0036935876,-0.00020463731,0.076544866,-0.026870077,81.98801,1080.0
2353,137.67933401748164,146.16071419387941,0.00645119,0.0027240613,0.08321228,-0.021966808,83.08956,1080.0
2354,132.56815101980158,166.9392772205257,-0.0012162951,-0.002615074,0.07863611,-0.031775948,84.233505,1080.0
2355,128.7222077588695,176.77928809875053,-0.0032391583,-0.005338259,0.06831507,-0.041964497,84.77814,1080.0
2356,135.53660512632808,171.47783381879688,-0.0029325697,-0.0015550401,0.078745805,-0.031280376,89.99415,1080.0
2357,149.19410795946004,156.01621557568095,-0.0034273502,-0.0034009016,0.078323536,-0.034197997,89.717384,1080.0
2358,157.91720234974167,138.65686695085554,-0.004209165,-0.0063032364,0.07869517,-0.042146783,94.602615,1080.0
2359,155.33935970078687,125.75520416478453,-0.0031895956,-0.0037753636,0.08559299,-0.04025407,102.826584,1080.0
2360,144.14499727563071,119.98008630214373,-0.0038452714,-0.0034865204,0.08520689,-0.04463566,106.72126,1080.0
2361,131.4160240461095,120.46869531630078,-0.0057610404,-0.003745185,0.08615265,-0.04559041,108.43944,1080.0
2364,124.04483705981207,124.58090961299683,-0.04272382,-0.021888647,0.027946642,-0.22140233,221.46512,1080.0
2365,125.68726308683465,130.01820872324015,-0.02695482,-0.021776326,0.10454463,-0.22460209,256.5291,1080.0
2366,131.9871199868096,132.390138974117,-0.02735121,-0.021782486,0.13106474,-0.22996143,284.51083,1080.0
2367,130.5411769363356,125.53023384033231,-0.0074734157,-0.011550423,0.19267453,-0.22925171,309.28598,1080.0
2369,116.1209810737849,111.89877563623226,-0.0038645426,-0.0050310204,-0.10242106,-0.061056886,130.40135,1080.0
2370,100.67179843732016,105.11001465045084,-0.0060982034,0.001127229,-0.12204386,-0.061031852,139.21156,1080.0
2371,98.4381270076552,114.42432791091053,-0.012805741,0.001969062,-0.13450871,-0.0522264,142.2556,1080.0
2372,109.54663862572463,132.8095127531568,-0.0070582638,-0.00013258192,-0.12713091,-0.05186002,142.37343,1080.0
2373,121.90484444904212,145.16598004671602,-0.013820846,0.0029500043,-0.13901412,-0.04957199,137.75618,1080.0
2375,125.33789894779687,146.43214014814185,-0.019399911,-0.00018819173,-0.06265756,-0.09770926,110.684944,1080.0
2376,123.27323692865114,145.36336851780294,-0.021041306,-0.002783062,-0.07368435,-0.097670324,110.973755,1080.0
2377,125.24917256925605,148.10226414190973,-0.020473,-0.005122969,-0.074988924,-0.10297004,116.70202,1080.0
2378,129.82711001579116,146.69451623763402,0.014440579,-9.816488e-05,-0.0239589,-0.11290453,136.38225,1080.0
2379,127.30756330233027,129.63372547066564,-0.0004586679,0.002822113,-0.06548043,-0.12325386,154.77522,1080.0
2380,118.6404104465651,102.80211147018457,-0.019082416,0.004512843,-0.070579134,-0.08013337,108.47578,1080.0
2381,117.1345308766635,91.04599837979389,-0.024484819,-0.002171043,-0.08920514,-0.07660147,106.384964,1080.0
2382,127.67070385583516,108.64030649218283,-0.023562282,-0.004060025,-0.10138188,-0.09841244,130.23598,1080.0
2383,137.63113528528538,139.58292914567207,-0.026078854,-0.00096257526,-0.09837545,-0.08746838,115.14743,1080.0
2384,134.5398933254462,158.0892225858896,-0.023881247,0.0021738405,-0.089577794,-0.06772161,100.11252,1080.0
2385,121.22928135880667,156.0542025087905,-0.023438292,-0.00025716712,-0.09766314,-0.073668584,109.614555,1080.0
2386,109.17919777703655,143.54181287375403,-0.022155648,0.00014919705,-0.09509616,-0.078320146,109.37821,1080.0
2387,106.07036445636037,133.1817062265969,-0.022302698,0.0009464688,-0.1068226,-0.07949843,112.99031,1080.0
2388,112.11901561408445,130.7563785519646,-0.023251116,0.0012395222,-0.11281105,-0.06190728,108.58803,1080.0
2389,122.3459063703678,135.29063286146916,-0.02297838,0.0015298631,-0.1101142,-0.05868629,104.99598,1080.0
2390,130.40646279700772,142.13392662774103,-0.019190809,-0.0015183343,-0.097855635,-0.06740279,112.829704,1080.0
2391,132.91781321852176,146.90562008049878,-0.01587287,-0.004774814,-0.09324985,-0.067816444,106.88253,1080.0
2392,131.30425422246043,148.59967349335207,-0.015496713,-0.005796729,-0.10703679,-0.08297009,126.48034,1080.0
2393,128.1873359341698,148.2125038212414,-0.014449395,-0.011676195,-0.09945193,-0.087539844,115.36542,1080.0
2394,123.18568648044685,146.0769964340617,-0.017126577,-0.010640915,-0.10459606,-0.08448201,115.83665,1080.0
2395,116.25471449636505,143.16046541154492,-0.012704467,-0.005507462,-0.10620841,-0.08531777,126.372025,1080.0
2396,112.4207038524368,143.02345671114904,-0.014519924,-0.00418396,-0.12335363,-0.09160905,142.9827,1080.0
2397,116.6822180866389,149.31284837755203,-0.0035497595,-0.010609125,-0.1056349,-0.107735835,152.31752,1080.0
2398,127.20896733522281,160.3114957756072,-0.013358109,-0.002140158,-0.12538351,-0.09763675,154.08134,1080.0
2399,137.42989359798975,167.73413007303907,-0.019148989,-0.003787627,-0.13820326,-0.1035646,157.19876,1080.0
2400,141.41540395723476,163.39382046861417,-0.019995004,-0.004161665,-0.13695464,-0.103730716,145.82118,1080.0
2401,137.8162935025122,147.60233624935768,-0.020325046,-0.002222047,-0.12772533,-0.09024322,134.02496,1080.0
2402,130.86852552066162,130.53705005421986,-0.022314679,-0.0013154489,-0.12470217,-0.07855245,125.895706,1080.0
2403,126.02920192111304,123.5967030720525,-0.020041233,-0.0014141507,-0.12560594,-0.07869246,130.63155,1080.0
2404,125.438220105623,129.48528396382116,-0.023227042,-0.0008170234,-0.12750013,-0.073687606,135.6603,1080.0
2405,127.81499414715915,142.21784351138672,-0.02528325,-0.0010290358,-0.121037856,-0.07146883,110.90326,1080.0
2406,130.55390719701404,154.0558693807602,-0.01716693,-0.0011265507,-0.11280416,-0.07247487,111.98357,1080.0
2407,132.06973129682072,160.31622948112073,-0.019670049,-0.0073054843,-0.11802922,-0.0743094,117.25656,1080.0
2408,132.47641919869255,160.04861383888917,-0.02579323,-0.004460992,-0.12238589,-0.071274735,117.20101,1080.0
2409,132.3861013305493,155.22642833442683,-0.028299741,-0.0017766317,-0.114165805,-0.06899072,106.79145,1080.0
2410,132.40858139219824,149.75125251293855,-0.025194295,-0.0006751732,-0.11528942,-0.07035695,106.082466,1080.0
2411,132.91992054222595,146.92238478980747,-0.028834363,0.001415507,-0.11930237,-0.07189899,109.82702,1080.0
2412,133.42253730233796,146.63944399906072,-0.026597086,0.0001790082,-0.11481651,-0.08005699,115.13276,1080.0
2413,133.3917639126166,146.19102542251278,-0.038192976,0.008864056,-0.12306095,-0.06123889,107.172676,1080.0
2414,133.58941741966052,143.93062862580686,-0.040136717,0.007039416,-0.13258034,-0.067607515,117.550964,1080.0
2415,135.11185879344436,141.11725112358175,-0.03347292,-0.00076031155,-0.13640024,-0.08095384,118.338234,1080.0
2416,137.67408320568876,140.49205680377096,-0.040627938,0.0031168903,-0.14816578,-0.08364439,130.86548,1080.0
2417,140.2950173003724,144.74443666290372,-0.035958525,0.006626016,-0.1575227,-0.08498077,162.70087,1080.0
2418,142.58470961395312,154.36386258344828,0.0009451407,0.008580949,-0.12060027,-0.088995814,181.21185,1080.0
2419,144.44854860469192,164.28942027197672,-0.0051083034,0.011264094,-0.1470736,-0.09506946,206.95052,1080.0
2420,146.30827749926854,166.92794652526914,-0.009404161,0.00954604,-0.1323596,-0.08697767,189.91629,1080.0
2421,148.77475009754042,160.66924593811137,-0.0025719537,0.009682182,-0.115917966,-0.079946786,171.52371,1080.0
2422,150.9863724570774,150.38437268979683,-0.01893853,0.007765311,-0.10869141,-0.0651285,128.82372,1080.0
2423,151.5191214001096,140.79452669817792,-0.028072443,0.007580764,-0.11060751,-0.049761258,100.003624,1080.0
2424,150.02125015134888,136.03095302619138,-0.020153357,-0.0017965811,-0.08941972,-0.07167228,102.8974,1080.0
2425,146.45981224752725,139.62049635809035,-0.022705192,-0.004094159,-0.10501285,-0.08021057,109.45739,1080.0
2426,141.5617931660832,148.0025271466733,-0.019776294,-0.011545958,-0.11829766,-0.09223545,109.62449,1080.0
2427,137.69561395133397,152.53019655925203,-0.02977114,-0.008663375,-0.13652514,-0.08636958,108.00949,1080.0
2428,136.8093892371976,150.14785444943465,-0.03221571,0.010642214,-0.14828525,-0.06108359,117.97316,1080.0
2429,139.2270906740654,146.2204415108394,-0.034490403,0.009797019,-0.1408146,-0.06696334,120.790794,1080.0
2430,144.15692381188026,148.16333483062613,-0.034914255,0.0082811145,-0.15609369,-0.06832586,139.49786,1080.0
2431,149.0890338680166,158.07980577714306,-0.023609528,0.009640447,-0.16966185,-0.07273627,174.31789,1080.0
2432,150.99786163504794,170.6902866890162,-0.02362976,0.01500069,-0.16725956,-0.049361277,170.78557,1080.0
2433,149.31052933353726,178.17563878648357,-0.024362182,0.016965795,-0.134526,-0.029044652,124.26651,1080.0
2435,146.8809241075837,177.0304727353637,-0.038778517,-0.008801043,-0.04100613,-0.118678845,119.12749,1080.0
2436,148.57680373155,170.37925486029073,-0.032708175,-0.007769945,-0.055028223,-0.09353502,87.6422,1080.0
2437,156.6546652192476,164.0579583216725,-0.03303319,-0.006754275,-0.056488432,-0.08763309,90.54566,1080.0
2438,167.00730337767865,160.94794026974793,-0.035418756,-0.0061332704,-0.06114248,-0.07980968,86.145996,1080.0
2439,173.18941981044293,159.40436340198016,-0.03366004,-0.008135534,-0.07576791,-0.070101134,79.07743,1080.0
2440,172.97448915570104,156.76928993223044,-0.03753532,-0.008360121,-0.07509698,-0.06351335,74.45482,1080.0
2441,169.0134798350677,153.2511411568193,-0.038681764,-0.007657454,-0.06837678,-0.054754976,66.55448,1080.0
2442,165.411594864366,151.4647661522205,-0.04384534,-0.0073195845,-0.07658607,-0.039754543,52.69534,1080.0
2443,164.68117086338367,152.90692600708587,-0.042386655,-0.007415206,-0.07784706,-0.028019065,38.595387,1080.0
2444,166.35649073885443,156.52362641028398,-0.03669004,-0.009726885,-0.07339771,-0.03324274,35.352882,1080.0
2445,167.8747545967903,160.3475088909767,-0.034270845,-0.004382437,-0.07496971,-0.04341038,46.51132,1080.0
2446,167.35510589237438,162.9112140383983,-0.031213267,-0.0060882005,-0.066184655,-0.056133326,51.552555,1080.0
2447,165.744471038125,163.6814077538403,-0.029596908,-0.006387951,-0.061589617,-0.051398665,50.647503,1080.0
2448,165.3855394372218,163.4792951620673,-0.023700008,-0.0049567893,-0.046314888,-0.040432286,36.32036,1080.0
2449,166.76204933196001,163.78717030972808,-0.024343025,-0.0024915342,-0.051526785,-0.031189162,32.439537,1080.0
2450,168.7355288048661,165.47664912010504,-0.027301477,0.0015910113,-0.05311217,-0.014492204,30.048386,1080.0
2451,170.8928061324585,168.61665962043878,-0.027760541,0.0003612377,-0.05289516,-0.03279676,42.980217,1080.0
2452,173.29201239697562,171.9605054444884,-0.028379314,-0.0018248099,-0.047481567,-0.03753727,46.496452,1080.0
2453,175.55323016355166,173.21376534409416,-0.026931254,-0.0022384361,-0.053761348,-0.052710216,57.23974,1080.0
2454,177.21717760467882,172.11087224958197,-0.030081516,-0.0032246625,-0.053240966,-0.051963523,51.68291,1080.0
2455,177.6965982939799,171.39894395288096,-0.029763794,-0.0015973692,-0.05891294,-0.053929817,52.76,1080.0
2456,176.45894591535,173.10930126031582,-0.029215664,-0.0019580417,-0.051209513,-0.046441454,49.49185,1080.0
2457,174.16773238824499,176.13153889745988,-0.027465537,-0.0034217834,-0.040147457,-0.045184694,47.8405,1080.0
2458,172.59556266993152,178.27997190121252,-0.027897531,-0.004650794,-0.03409102,-0.056147765,59.297745,1080.0
2459,172.51167818274942,178.48536107520565,-0.02844131,-0.005187734,-0.034976535,-0.052709114,53.566376,1080.0
2460,172.9730176012551,176.57401481878915,-0.031224992,-0.004503801,-0.039173774,-0.038857467,39.489223,1080.0
2461,173.489046976554,173.45715571239313,-0.03143573,-0.0070773372,-0.037073318,-0.03025671,31.764622,1080.0
2462,174.78538240899687,171.53540884115674,-0.030366149,-0.009085507,-0.023732135,-0.04017063,45.82949,1080.0
2463,176.87731883806256,172.36511289473253,-0.023866385,-0.010250515,-0.003538372,-0.06819413,73.0815,1080.0
2464,178.51673485984003,174.3432595052572,-0.024781743,-0.010259981,0.0034500405,-0.07273031,76.35359,1080.0
2465,178.7861295495986,174.7030820879068,-0.025120545,-0.011867382,0.008052656,-0.082720555,86.46654,1080.0
2466,177.8530506366546,173.11168440497846,-0.025918664,-0.009309416,0.008497987,-0.08295209,90.224915,1080.0
2467,176.26097766199337,171.55883679782755,-0.022337878,-0.01153183,0.0034275479,-0.07876062,83.48403,1080.0
2468,174.69291625077867,171.34049369411827,-0.026613504,-0.010704238,-0.0037082531,-0.06938047,75.58844,1080.0
2469,174.07534474519468,171.36846568090246,-0.023012768,-0.01005102,-0.0022936503,-0.07341973,80.30357,1080.0
2470,174.47498450977085,169.73316955416277,-0.02248165,-0.009837397,-0.014884242,-0.061210066,62.36207,1080.0
2471,174.46012044786514,167.2327156633557,-0.017434608,-0.0103857815,-0.017945297,-0.058208577,59.551167,1080.0
2472,173.04807278679868,167.40579800101733,-0.021302853,-0.013259181,-0.024141438,-0.05245743,48.995087,1080.0
2473,171.17541993743325,171.50143892906993,-0.015615251,-0.006239121,-0.010574962,-0.047114648,47.603355,1080.0
2474,169.92560960039543,176.08525873725938,-0.019848816,-0.007613599,-0.0026611611,-0.06803451,69.34528,1080.0
2475,169.71480134927643,177.1777609955775,-0.018672025,-0.008654135,0.005866072,-0.08703989,89.43738,1080.0
2476,171.0588255000586,174.99196243784272,-0.019425541,-0.009727196,0.0006608186,-0.091248915,90.28908,1080.0
2477,172.9291323887021,173.21563182529732,-0.019553425,-0.008903108,-0.0001534356,-0.08757807,88.94576,1080.0
2478,173.24185427939847,173.7546214563661,-0.020783735,-0.008898445,-0.0017130887,-0.088630505,94.27624,1080.0
2479,171.86314231330118,173.7944116158889,-0.023598205,-0.008182498,-0.0083820345,-0.08810286,86.493416,1080.0
2481,168.9205303276091,169.8391227576538,-0.005766805,-0.011826212,0.0897314,-0.04424266,108.11831,1080.0
2482,163.88141533978865,162.30966407436446,-0.0064375135,-0.0049732914,0.082072616,-0.03551093,103.80694,1080.0
2483,159.14580815387797,152.53850693105014,-0.007987015,-0.0047704345,0.07918317,-0.05359463,96.918526,1080.0
2484,158.36016569431004,140.6650813793449,-0.005976811,-0.0040012784,0.071655616,-0.049604487,104.37218,1080.0
2485,160.87888954907538,131.74937089235573,-0.0043302183,-0.0040798895,0.09484728,-0.04917046,109.37153,1080.0
2486,163.05296550613275,133.66310894996911,-0.0038882785,-0.0033292982,0.105006695,-0.050441712,116.18532,1080.0
2487,163.28464713783538,143.99598288408464,-0.008378092,-0.00080114295,0.101035565,-0.044272274,125.07453,1080.0
2488,162.4104396064118,151.5217599365341,-0.0063407617,0.0007295679,0.115492985,-0.049101654,134.46758,1080.0
2489,161.2601292851781,151.48221789523149,-0.003072442,-0.00081789936,0.12815788,-0.06165178,146.15106,1080.0
2490,159.6390589339763,149.29400080318587,0.0035122342,-0.0005564654,0.13356854,-0.07266261,154.95323,1080.0
2491,156.60822062719794,151.34502072974985,0.0030206752,0.005027912,0.14261113,-0.073823154,169.2315,1080.0
2492,152.24664635134857,157.24879316523806,-0.007913434,-0.002437422,0.12784198,-0.089618936,169.87889,1080.0
2493,149.1185781699481,160.62837882315765,-0.00913459,-0.0039056002,0.12989004,-0.09131444,175.70578,1080.0
2494,149.5921170008852,157.02936591589176,-0.017459558,-0.010184055,0.11816542,-0.10171116,174.0119,1080.0
2495,152.06778465585654,149.0231362177253,-0.01804024,-0.013459834,0.116256826,-0.105787516,171.71729,1080.0
2496,152.36406573740433,142.17554065446,-0.01859142,-0.019405195,0.12678178,-0.108340316,181.13806,1080.0
2497,148.74713414142522,138.94021717639436,-0.00513057,-0.008811442,0.15801775,-0.10504275,198.1965,1080.0
2498,143.47126484258968,138.24406893695448,-0.0034339621,-0.009386614,0.15601236,-0.11248186,208.88899,1080.0
2499,138.1747260869344,138.68090197887156,-0.0052703856,-0.008158676,0.15448801,-0.11384111,216.14316,1080.0
2500,131.16911977749297,140.23804877148555,0.015089417,0.0050443015,0.21374585,-0.08549542,229.08548,1080.0
2501,122.00171025372086,143.79635983764803,-0.0049290126,-0.0042847525,0.19516876,-0.09607581,248.16911,1080.0
2502,114.11797251866116,149.25692549685274,-0.0088771675,-0.0047548367,0.20065321,-0.10688601,257.0968,1080.0
2503,110.69928658972512,154.22382798932935,0.015770014,0.0034304583,0.23843288,-0.10052191,277.462,1080.0
2504,111.31734003515346,155.65682602429231,-0.004569499,0.00056327536,0.21114819,-0.1153075,279.08173,1080.0
2505,113.18120709066424,152.09922563090464,-0.011175707,-0.0039037915,0.2112602,-0.12888862,288.5496,1080.0
2506,114.10782413648349,144.05857233119804,-0.009595207,-0.004744579,0.23490663,-0.1350378,300.08304,1080.0
2507,114.4529793203118,133.8958493653862,-0.0005022685,-0.007779213,0.24889188,-0.13082542,295.72446,1080.0
2508,115.91258058238635,124.73548987296854,-0.0037536055,-0.013263759,0.2662689,-0.12751076,311.01056,1080.0
2509,118.1345613849113,118.91743623517942,-0.0046966835,-0.016855564,0.2765986,-0.11563017,311.57816,1080.0
2510,118.5839056642664,118.57037662986983,-0.00046008074,-0.01383229,0.2721513,-0.10038681,302.13715,1080.0
2511,117.17947103099532,125.14537341328113,0.0015599568,-0.013054205,0.27428114,-0.09949446,303.83667,1080.0
2512,116.54584738145827,136.22617037745349,-0.020683402,-0.01015057,0.2461696,-0.081819914,284.4272,1080.0
2513,117.02764847517076,143.5626762375685,-0.0070712054,-0.0004725421,0.26519144,-0.06198626,299.4711,1080.0
2514,118.4216809439384,135.74670233197338,-0.008114737,0.0005334077,0.27394828,-0.08511361,314.67712,1080.0
2515,121.73935791309185,111.70490485752634,-0.016561154,-0.0018246969,0.25113192,-0.09476293,307.3327,1080.0
2516,125.70984060306311,91.10912513528159,-0.0032665676,-0.016107827,0.26418605,-0.11457248,310.9379,1080.0
2517,130.12859308158554,95.09916886771518,-0.008579961,-0.01736015,0.26408878,-0.112844735,314.31186,1080.0
2518,137.60208115246272,120.18503656106418,-0.010743374,-0.010591239,0.26617295,-0.10574035,304.29218,1080.0
2519,146.32997232697312,144.8565531798065,0.0011384753,-0.008383489,0.27139586,-0.10235539,297.3116,1080.0
2520,149.27253650333944,154.17247407786547,0.002947998,-0.009337023,0.26266888,-0.1066267,285.45993,1080.0
2521,144.54580505878337,150.64807577201458,0.0029798155,-0.019278547,0.22482231,-0.09032063,237.42175,1080.0
2524,141.77696723085734,147.6917971595596,-0.00029415556,-0.019375525,0.19342776,-0.06131161,208.11168,1080.0
2525,151.13320048039378,154.99213316364657,-0.0021775987,-0.018463107,0.14775322,-0.050158408,162.03714,1080.0
2526,169.0928756846513,168.92090091240783,-0.0050859805,-0.0070480914,0.1364641,-0.024878014,157.7267,1080.0
2527,182.77236012028797,178.3174723971369,-0.0018046626,-0.015023041,0.14762302,-0.036490913,165.727,1080.0
2528,184.8363129502979,177.69021147984827,-0.003720319,-0.007829963,0.14460076,-0.019612942,165.68301,1080.0
2529,178.82215914961114,171.2429909694391,-0.002504363,-0.010707177,0.13691232,-0.02319901,152.22229,1080.0
2541,172.57440917565754,165.7703000884559,0.0048768222,-0.0187179,0.22856067,-0.08566537,248.74791,1080.0
2542,170.38602897043714,164.30529379015942,0.0039711283,-0.016858151,0.21903951,-0.07447768,242.17374,1080.0
2543,171.70036984519484,166.62194130949587,-0.0008999295,-0.016568854,0.21364073,-0.05768813,246.60434,1080.0
2544,174.48496814666248,171.17861550125852,-0.0002556695,-0.024726402,0.21216798,-0.060359363,241.03656,1080.0
2545,177.17503937408014,175.61410809188678,6.2278465e-05,-0.026466625,0.22267258,-0.06648724,248.21571,1080.0
2546,178.55851451183057,178.16598396864265,1.6841183e-05,-0.025918834,0.21220194,-0.062233437,236.8146,1080.0
2602,176.7565910455075,177.4695773743476,0.007592547,-0.0006647605,0.02421841,0.14533763,157.67795,1080.0
2603,168.8306891158745,170.9794193876266,-0.0015568486,-0.0006911666,0.003757279,0.13556585,146.57031,1080.0
2604,156.51467638352892,160.14212007455552,-0.0034455475,-0.0025277596,-0.00846162,0.10390029,115.64896,1080.0
2648,149.0583920342787,153.35056337982226,-0.0017692848,0.0095433835,-0.16793615,-0.06047047,193.90947,1080.0
2649,151.77672099459076,154.61195585454445,-0.00032461662,0.009053238,-0.13757132,-0.045607787,162.58461,1080.0
2650,159.65063006962797,158.6388847180465,-0.0047552036,0.0036194131,-0.13342844,-0.040259495,149.61064,1080.0
2651,166.98792213689626,161.91550205210305,-0.0029411598,0.006811665,-0.12579826,-0.0292292,139.34808,1080.0
2652,172.93156824148582,166.12853676948794,-0.0017970332,-0.0021001461,-0.12032465,-0.035447635,131.85847,1080.0
2654,177.12242995136114,170.79736049108033,-0.005363012,0.01729804,-0.17895909,-0.045522027,200.41222,1080.0
2655,177.74296602562106,172.14810913709735,-0.0020489728,0.015103178,-0.16078609,-0.032457028,183.32825,1080.0
2656,172.6007980001972,168.3379007567404,0.0031153925,1.45241065e-05,-0.16095898,-0.0486173,184.34784,1080.0
2657,158.1679409264685,160.3215596438692,-0.0018538864,-0.0012703507,-0.16217136,-0.04496539,180.63084,1080.0
2658,132.6940746252327,149.08596029977744,0.0026085747,-0.0015814039,-0.13935049,-0.031839583,156.03784,1080.0
2660,104.85205280282773,137.03374988137224,-0.0014691954,-0.0064866245,0.12707576,-0.078614384,166.56752,1080.0
2662,90.84073231686845,129.26778089408705,-0.004120099,-0.0059852037,0.16730143,-0.06428316,189.48006,1080.0
2663,97.33910420264542,128.71980806330862,0.0012040315,-0.0072596795,0.16079,-0.07037645,183.81982,1080.0
2664,116.48145384957532,134.60036036027992,0.0009173923,-0.0020432365,0.145276,-0.059653502,172.76436,1080.0
2667,137.7393842375785,145.14756309714795,0.0006469727,-0.0022461503,0.017008916,0.0016527529,17.579271,1080.0
2668,152.66158108381936,154.91643436711823,0.0005793819,-0.0023821231,0.018589953,0.0022699428,19.48557,1080.0
2669,155.2833891185981,156.68247418528614,0.00090117275,-0.0026943067,0.020306284,0.0033015215,21.243029,1080.0
2670,149.51768015068487,150.17564322868083,0.0010544389,-0.0031335053,0.020598687,0.0033714294,21.485668,1080.0
2671,145.56374038632217,137.13208167158055,0.0016981337,-0.002136824,0.022730736,0.006325192,23.642017,1080.0
2673,144.89006320921186,114.36845620518068,-0.0021941008,-0.0022028887,0.050550446,0.004108033,57.291496,1080.0
2674,141.31960164900448,89.74739103506965,-0.0041577374,-0.007295255,0.019076651,-0.015134543,27.067707,1080.0
2675,135.31048747851548,86.32091406326636,-0.0039662677,-0.0026451112,0.02037896,-0.0038612648,28.018398,1080.0
2676,133.93910618258272,110.98452365526484,-0.0041579637,-0.0027637905,0.02329678,-0.0064647533,28.7084,1080.0
2677,139.7843175471834,142.59526083700584,-0.0052891485,-0.0020141602,0.020221625,-0.00482887,30.297241,1080.0
2678,148.7770574509632,159.5263245790581,-0.005541314,0.0012039749,0.02080259,0.0012927585,31.15401,1080.0
2679,155.7207255257725,159.19273434416792,-0.003527719,0.0045764497,0.02500938,0.0075449906,31.837946,1080.0
2680,159.02467870341155,152.51821636752356,-0.0041408963,0.006604767,0.027406028,0.007841859,33.657204,1080.0
2681,161.18985111782047,151.32871263970478,-0.0063085486,-0.003399969,0.022983465,-0.012611841,33.271065,1080.0
2682,164.18510999970982,159.31387824854338,-0.0064322012,-0.00333786,0.021435998,-0.014416419,33.50326,1080.0
2683,166.96643679215504,170.5857516681531,-0.0035123471,0.0040857387,0.030875538,-0.0013198288,35.44992,1080.0
2684,168.36724745946603,176.82410787883592,-0.00455051,0.0036346435,0.016717868,0.0010256732,22.870869,1080.0
2685,169.120785067356,175.60972086310818,-0.0013055872,0.0053567956,0.028024292,0.009698797,28.45595,1080.0
2686,170.6298594474652,171.0029623905434,-0.003338397,0.0053682113,0.019639757,0.011248723,22.879402,1080.0
2687,172.77442110542364,168.11986050945663,-0.0019713226,0.0051917746,0.020609764,0.012725576,25.678904,1080.0
2688,173.83500807837123,169.26674187445252,-0.0030572962,0.0058700563,0.019920405,0.015181082,28.064957,1080.0
2689,173.11731808532215,173.38640685751298,-0.0043268274,0.005917754,0.012431957,0.011112411,21.355492,1080.0
2690,172.05451583107273,177.5832243467476,-0.002428634,0.0070137023,0.014427581,0.008772815,21.100939,1080.0
2691,172.01692821095378,179.50721119049535,-0.0034248636,0.0038831076,0.0072628446,0.0058089364,11.653966,1080.0
2697,173.05582878127044,178.41280507790106,-0.004771141,0.0021278665,0.011430415,-0.0023589805,17.946358,1080.0
2698,174.91947723080733,175.44307702010963,-0.0037323,0.0026335823,0.009356012,-0.0013632033,12.448157,1080.0
2699,176.83092553026742,172.68603382314234,-0.004257428,0.0031520985,0.0051291008,-0.0007496869,11.930628,1080.0
2705,177.04902355957014,170.8398638625837,-0.0031546133,0.00053962425,0.02038936,0.023740076,40.15916,1080.0
2706,175.36109087726004,169.86653254494084,-0.0021774857,0.00021034523,0.020493345,0.020389274,35.09206,1080.0
2707,172.72687275723504,169.4608058848436,-0.0047141747,0.0028129295,0.0048909504,0.019053226,23.272642,1080.0
2708,162.9542088862817,163.04752555188668,-9.7430195e-05,0.0027803208,0.008205386,0.014660333,12.9810505,1080.0
2709,132.88786722059817,139.5614574425216,0.0023028338,0.0010714778,0.010698446,0.008534185,10.24337,1080.0
2711,85.98695831059284,104.73098163712147,-0.003056505,0.001254329,0.003704947,0.010767336,15.286178,1080.0
2712,55.058766932362516,86.30873011488725,-0.00033840604,-0.00203637,0.008616469,0.00855241,14.922221,1080.0
2714,68.90877081441401,100.57740471106028,-0.002420157,0.004543022,0.09761155,0.046744313,112.64584,1080.0
2715,117.45639275738196,132.00290716323892,-0.00077294244,0.0037410029,0.09514109,0.04634806,111.90305,1080.0
2716,165.9287890521328,156.89391301787697,-0.0025747793,0.006070907,0.09962752,0.053424466,120.85238,1080.0
2723,188.51862855068367,166.81273223258466,4.0294504e-05,0.0013884933,0.059579525,0.022904037,67.437325,1080.0
2724,182.1250400574971,164.38007642761005,-0.0032705236,0.0008448848,0.019367585,0.010233335,28.4822,1080.0
2725,162.82948486575611,155.27426096420248,-0.0049570156,0.0012379682,0.0111647425,0.0060896133,21.823832,1080.0
2726,151.72033163771212,147.53929171095604,-0.0055431225,-0.00013040613,0.014408705,-0.0018517388,24.240507,1080.0
2727,156.5455514720105,145.95236643935925,-0.006675155,0.00039610686,0.013232308,0.0003425033,24.07106,1080.0
2728,167.9169918570361,147.1940414938046,-0.004691852,0.0008821558,0.02032109,0.004063557,29.371077,1080.0
2729,173.16520322658513,146.00721012604504,-0.0054255733,8.505362e-06,0.016887976,0.0021095842,26.939522,1080.0
2730,168.6349978344557,142.1824371535721,-0.006729013,-0.0027401112,0.016468473,-0.007108109,28.211767,1080.0
2731,159.21995008911387,139.2896082911887,-0.0067592477,-0.0022063078,0.01637138,-0.0026644107,27.185514,1080.0
2732,150.9771690747257,139.99303112573065,-0.006501657,0.0002595407,0.016764661,0.0013879281,25.628403,1080.0
2733,146.15201004840446,143.79338809009857,-0.0034041228,1.0455096e-05,0.020881088,-0.0024488096,29.343725,1080.0
2734,143.3906248107874,147.3774149194918,-0.0062725493,-0.003450436,0.020502161,-0.0121647585,29.011625,1080.0
2735,140.21132121596742,146.9684585032754,-0.003502231,-0.002296476,0.027281698,-0.009465677,34.896454,1080.0
2736,135.43581014450075,142.3738067429071,-0.0063266894,-0.0016255697,0.021429105,-0.008304483,32.85925,1080.0
2737,129.73922019739985,137.95559321586893,-0.0059568053,-0.0013716804,0.01886721,-0.0071714614,28.290264,1080.0
2738,123.87102427144848,137.1797144194426,-0.004775662,0.00071620237,0.022860153,-0.008453369,32.2718,1080.0
2739,118.12655471216868,137.85289371154283,-0.0024254692,0.0007716144,0.027936243,-0.010834361,35.932922,1080.0
2740,113.2675848664356,135.09950536246248,-0.0019421612,0.0015399791,0.024378346,-0.0069568492,31.592249,1080.0
2741,109.81165572669828,126.90823644715081,-0.0025257252,-0.0012717353,0.026771262,-0.011036796,32.623947,1080.0
2742,107.47402959365745,115.29057769587774,-0.003889748,-0.001419463,0.021181686,-0.012304263,29.458557,1080.0
2743,107.05177545469391,105.11764193205656,-0.0041170474,-0.0007703993,0.019037882,-0.01070972,28.333689,1080.0
2744,111.34949740615036,102.4761029989677,-0.0030218053,0.0008062857,0.02102955,-0.0074184276,28.226545,1080.0
2745,121.58949490568527,109.91663203085815,-0.0038933647,-0.0006256669,0.018710893,-0.010664368,27.58373,1080.0
2746,133.7478220499928,122.34828176302902,-0.0038041857,3.323025e-05,0.018007405,-0.009809706,26.585419,1080.0
2747,141.5382847286193,131.03344663391437,-0.0029258446,0.001640659,0.017446673,-0.0065940293,24.383509,1080.0
2748,142.98117987831634,132.5603291426607,-0.0041988795,-0.001745125,0.01362316,-0.015049009,23.788414,1080.0
2749,141.87765527163958,131.45390200147784,-0.0020400435,0.0023566918,0.020057622,-0.005717327,25.233433,1080.0
2750,142.77304237654693,132.99201082043493,-0.004630986,0.0002808465,0.01451156,-0.00920639,24.140068,1080.0
2751,146.08536488580611,136.32299038484024,-0.0031341552,0.001955216,0.019858466,-0.0035916364,25.57708,1080.0
2752,148.64559098012748,137.05340495657956,-0.002649943,0.002141656,0.019869769,-0.005651262,26.316315,1080.0
2753,148.47352089062912,134.45722285516075,-0.0033935546,0.0003497936,0.017299058,-0.00773728,25.015617,1080.0
2754,147.88243997308254,133.01571198960303,-0.0030957258,0.0008633931,0.017643116,-0.008136721,24.979456,1080.0
2755,149.83883827173642,136.64242784106386,-0.0026592114,0.001086002,0.017937215,-0.00834814,25.114372,1080.0
2756,152.73586687578117,143.4377863766315,-0.002783429,0.00010375977,0.019783868,-0.012474371,26.980492,1080.0
2757,152.43727103423856,147.82572782442233,-0.0030151368,-0.0013026485,0.019491464,-0.016461013,27.194792,1080.0
2758,147.94320887308612,146.86592474782069,-0.0033564814,-0.0009041115,0.020374892,-0.017264953,30.179764,1080.0
2759,142.17068139831068,142.50462338621622,-0.0034778735,-0.0011004695,0.023958107,-0.019440347,33.335712,1080.0
2760,138.13599605423573,138.20563794035775,-0.0017957899,5.1936397e-05,0.029472295,-0.017545318,36.514004,1080.0
2761,136.63815636520144,135.5418008449089,-0.0018113878,-0.00022181758,0.029054657,-0.015869988,35.676983,1080.0
2762,137.47363535231378,133.72648988828564,-0.00015722204,0.0020899454,0.034826547,-0.012575022,40.320713,1080.0
2763,138.88632457619562,130.059357640985,-0.0016485144,-0.00070450397,0.03621781,-0.021690594,43.71898,1080.0
2764,136.57944688418513,121.68262285141743,-0.0008179841,6.137424e-05,0.038197834,-0.018970292,45.82853,1080.0
2765,128.93395646958993,109.33851697535755,-0.0010847304,-0.00055612635,0.041445583,-0.019428479,48.35924,1080.0
2766,120.82072861769697,97.53119573779134,-0.0007016217,-0.0021671155,0.04038832,-0.021686723,48.497784,1080.0
2767,117.41113828368307,89.8558818249353,-0.002057902,-0.0030103612,0.04094815,-0.022768317,50.109474,1080.0
2768,117.11393582624498,86.73727572036564,-0.0016248915,-0.0021278665,0.045065984,-0.021939088,52.787437,1080.0
2769,114.38795066608853,86.49440085952388,-0.003361172,-0.0015551532,0.03740596,-0.01975171,52.61392,1080.0
2770,107.35149245696941,86.8152076256161,-0.004008936,-0.0045833164,0.04445168,-0.027224477,56.13694,1080.0
2771,99.50510467968054,87.75701760531709,-0.0040250425,-0.003309801,0.04614964,-0.027032187,56.4974,1080.0
2772,95.96755259334853,92.15773716780355,-0.0022550796,-0.0012170862,0.051211886,-0.025569972,59.880455,1080.0
2773,99.550354016806,100.71847200141471,-0.0015374077,0.003081145,0.053184398,-0.015861003,60.79562,1080.0
2774,108.79648413875364,110.41574459245307,-0.0005472254,0.00406189,0.055158377,-0.014968137,64.41689,1080.0
2775,119.03913454736194,119.26549446463375,0.0007003219,0.00428269,0.05629527,-0.015913503,63.811424,1080.0
2776,125.25765931508226,128.37968205899705,0.0020718044,0.0018187911,0.061364688,-0.021783844,65.59809,1080.0
2777,125.30193149317056,137.99901897004216,0.0027036879,0.0014545582,0.06337303,-0.020858454,68.77841,1080.0
2778,122.54227299238171,144.2430399719445,-0.001429466,0.0010780052,0.060853295,-0.024291992,69.24441,1080.0
2779,124.32251330907921,141.93321902177928,-0.00035451254,0.0013629489,0.060847078,-0.020027697,66.492455,1080.0
2780,134.90131398258112,131.49909202543222,-0.0032106189,0.0020732738,0.057693653,-0.018917564,63.34867,1080.0
2781,150.04296199822133,120.85982409829177,-0.0002690633,0.0013683178,0.059636943,-0.020488005,65.73348,1080.0
2782,160.73786889034682,117.33504827477054,0.00056632713,0.00047460487,0.0613752,-0.020620897,67.03163,1080.0
2783,161.81705374352978,120.19538073326244,0.0015977648,0.0022208884,0.059843387,-0.021465104,65.18322,1080.0
2784,155.0474489625033,124.13498521846147,5.7474772e-05,0.0041945563,0.05636156,-0.0235416,62.875473,1080.0
2785,145.2060611781321,126.46319698161236,9.2909075e-05,0.0033496998,0.052949127,-0.029063303,63.194443,1080.0
2786,136.03865567965454,127.9492101875496,-0.0001030816,0.0019375271,0.052411173,-0.03224335,63.18569,1080.0
2787,129.0629425376779,129.17111151558535,0.0007655956,0.0016928496,0.04932748,-0.033102587,60.63126,1080.0
2788,125.52764196590341,126.50158888143588,0.0025193957,0.008000918,0.053685732,-0.012267275,54.362537,1080.0
2792,128.76054779198213,114.49451639005426,0.0033256249,0.0039492007,0.10096085,-0.075584695,139.2651,1080.0
2795,139.72925573206942,99.9918644696868,-0.0034482037,0.025952714,0.20450145,0.026901754,224.64638,1080.0
2796,153.6533937802898,103.07399299280213,0.00022481283,0.029465174,0.24910595,0.037395168,268.35165,1080.0
2797,165.97176112207185,130.91014166199645,8.9009605e-05,0.03528516,0.2565058,0.042167097,287.2527,1080.0
2798,175.18297849601288,165.87858135539764,-0.003849397,-0.013897027,0.22031052,-0.038627453,245.67642,1080.0
2799,180.08813362949968,186.6507218122762,-0.001647045,0.0052280566,0.22556695,0.0018468787,251.1315,1080.0
2800,180.49000927130143,187.72860718656383,-0.0017300076,0.012328197,0.2043586,0.012345773,226.96324,1080.0
2801,178.47399303654197,178.55137580585756,-0.002049764,0.012784605,0.21914582,0.016168382,245.85715,1080.0
2802,176.48504140701232,171.3171748884876,-0.0023083722,0.011559494,0.22282398,0.007935248,244.59906,1080.0
2803,175.34797628774862,170.31845418258413,-0.004023799,0.016409358,0.22584228,0.015677614,249.42375,1080.0
2804,174.72895032672923,172.31091704331473,-0.00304475,0.016984502,0.22426939,0.02607874,244.6471,1080.0
2805,174.50416230105657,173.95673932893362,0.0029698124,-0.001836367,0.22685005,0.0027465255,239.50644,1080.0
2806,173.33587412240593,173.84778772973962,0.0056041577,-0.0032730668,0.22314453,-0.0006792422,226.1447,1080.0
2807,166.09831761871988,168.52248914920992,-0.0019140173,0.009651693,0.19171007,0.023977209,206.4244,1080.0
2808,150.28469918412534,155.01153705844138,0.004476364,0.0026118525,0.17471947,0.017843062,178.9385,1080.0
2809,134.92933763592137,139.4623083298457,0.0064540156,0.00083866826,0.15783194,0.01246417,158.6618,1080.0
2810,131.22374771480403,133.5135691866068,0.0014311614,-0.0012389006,0.14340696,0.007816738,151.37367,1080.0
2811,138.24150046425584,140.48108730709362,-0.00066313567,-0.005675026,0.12393516,-0.00072518806,126.444305,1080.0
2812,147.00849052168888,150.8686385409749,-0.0069652414,-0.016227609,0.1381654,-0.03188886,144.8726,1080.0
2813,151.56673719609705,152.22459651353867,-0.0020841246,-0.021848325,0.15394841,-0.048596304,164.78897,1080.0
2814,152.72799565053774,144.3684816098778,-0.0007623743,-0.020117838,0.15132163,-0.043484017,164.60304,1080.0
2817,155.23307046815367,140.58091312316535,0.00046963163,0.0059605353,0.30417266,0.03029627,329.77277,1080.0
2818,162.33769163595778,150.43383163852678,0.0016558612,0.0028566995,0.30387324,0.01643448,328.48846,1080.0
2819,172.26835841574916,168.66289991010532,0.0061350507,-0.0076764706,0.30040509,-0.015422285,316.6478,1080.0
2820,179.8569150624436,182.97476926128317,0.004930171,-0.009636971,0.30805066,-0.017246133,326.19034,1080.0
2821,181.8849072560101,186.90665221259778,0.0062183524,-0.03395835,0.31842786,-0.063368596,334.5197,1080.0
2822,179.6766238653518,183.19335620002076,0.005074282,-0.03156094,0.33782542,-0.05973768,355.62976,1080.0
2823,176.71669086738618,177.93874404724866,0.002223375,-0.043579016,0.3365718,-0.076144435,357.2003,1080.0
2824,175.4881690077106,174.73471075850483,0.0026564987,-0.039931487,0.32960442,-0.077611856,355.0384,1080.0
2825,176.37843356572947,173.9698184520204,0.002199074,-0.028039353,0.3316941,-0.058243223,360.0506,1080.0
2826,178.02509348007808,174.82646663676596,-0.0003551342,-0.031032506,0.32882836,-0.053610653,367.7587,1080.0
2827,178.5242532830064,176.40366940147462,-0.00011619285,-0.036101278,0.31781638,-0.063610695,348.58066,1080.0
2828,177.34009784070588,177.81866970556223,0.0067431414,-0.014959349,0.32333317,-0.027074857,344.91245,1080.0
2829,175.99251733484698,178.49296333170193,0.0036624484,-0.024683803,0.30388275,-0.036820475,324.11038,1080.0
2830,176.1806744738179,178.57471952513035,-0.0014946832,-0.013387327,0.28412056,-0.027613888,308.2685,1080.0
2831,177.73838221804633,178.58848490479738,0.003116523,-0.029334513,0.28495675,-0.05505651,309.21332,1080.0
2832,179.07575260323327,178.7171408665613,-0.0024447972,-0.0298185,0.2609774,-0.04471526,288.6384,1080.0
2833,179.11743692927104,178.5965890379567,-0.004628612,-0.033788186,0.2585796,-0.04778397,286.56534,1080.0
2834,178.22394091965853,177.75941182125382,0.0013918276,-0.022808753,0.24644946,-0.03465011,272.2776,1080.0
2835,177.5126536218401,176.55268189297433,-0.0023911088,-0.026627576,0.23153132,-0.037592344,258.65436,1080.0
2836,177.74765247044368,176.0261923057774,-0.00043018482,-0.029505441,0.24149837,-0.03748067,264.72372,1080.0
2837,178.62650024179783,176.56925141230187,0.0017372414,-0.0053299516,0.23800896,0.013422987,258.83963,1080.0
2838,179.1164568555953,177.6336449945473,0.003141276,-0.01449342,0.22607851,-0.008860496,241.81447,1080.0
2839,178.83752647704893,178.51703908725554,0.0024822094,-0.016247869,0.22019483,-0.011766759,233.89262,1080.0
2840,178.5026197605712,178.725613937579,0.0024054633,-0.019834278,0.22171383,-0.02186624,231.51672,1080.0
2841,178.65529654831772,178.2568587106715,0.0027011447,-0.021100674,0.2206768,-0.023272932,227.70932,1080.0
2842,178.97626516560427,177.70303221819967,0.004144287,-0.019421838,0.21028702,-0.010002588,214.6718,1080.0
2843,179.00860694170714,177.50341606280725,0.008224148,-0.018610608,0.22676493,-0.01241619,222.01807,1080.0
2844,178.70262476383408,177.3475634552266,0.0054299813,-0.009777832,0.22447702,0.0075191357,230.30878,1080.0
2845,178.29777767978484,176.9712539968063,0.0035909016,-0.017972084,0.22202115,-0.0060303584,231.20853,1080.0
2846,177.9316981463336,176.90981722530626,0.004209278,-0.012781157,0.20817226,0.004236433,214.60266,1080.0
2847,176.79377717671596,177.2591899588178,0.002468759,-0.0072689196,0.19173561,0.007559091,198.07236,1080.0
2848,172.93999179551554,175.3531730914488,-0.0018468787,-0.008582504,0.19783959,-0.003772566,197.74915,1080.0
2849,165.07895286070584,165.53744549459347,-0.007026842,-0.0067081028,0.19787519,-0.0019064161,201.72015,1080.0
2850,154.12568064513516,144.59939317075623,-0.008580074,-0.004737656,0.1912549,-0.000374575,191.0911,1080.0
2851,142.621744238923,118.85705411126938,-0.0033980757,-0.0048445244,0.18866634,-0.0003647133,191.03278,1080.0
2852,133.3555908985662,101.32724791236646,-0.004497274,-0.0062325373,0.18918298,-0.001440684,194.40327,1080.0
2853,127.52238436201313,99.07692639235692,-0.0004063359,-0.0069243256,0.19108288,-0.0100749545,190.34789,1080.0
2854,123.34366708238518,106.75180369966144,0.0056806775,-0.008029146,0.17637126,-0.009664238,175.79326,1080.0
2855,118.83389652430773,115.0935110668832,-0.0018005371,-0.0060116523,0.1745272,-0.006835118,178.85593,1080.0
2856,115.31985631997769,121.20143250762484,-0.0029260707,-0.006700417,0.1617478,-0.0076535544,165.2808,1080.0
2857,114.44988850183469,125.6009998083826,-0.0028900146,-0.0016657794,0.14363007,0.0067424914,150.17365,1080.0
2858,115.42729888415778,126.5369691973183,0.0030506274,-0.0019277219,0.08963103,-0.0021094428,100.09611,1080.0
2859,118.09285586075717,125.12043893611498,-0.0025912814,-0.00493424,0.062394883,-0.012741061,85.33273,1080.0
2860,122.91018812689359,128.02356468579376,0.004920677,-0.0082659405,0.08313633,-0.03142395,92.428505,1080.0
2861,127.6338626066645,138.11069919084932,0.008313102,0.0009091695,0.08853771,-0.023084287,93.83544,1080.0
2862,129.1061794176779,149.7244962999177,0.0044073034,0.0014243232,0.09197252,-0.02942827,101.246765,1080.0
2863,127.73248810536636,156.57227810609544,0.0052647344,0.008884627,0.101917975,-0.034459658,110.780365,1080.0
2864,126.85429314620683,158.33496629049716,-0.003492115,-0.0017186765,0.073147245,-0.050318822,108.16644,1080.0
2865,128.17078971316508,158.21388448476802,-0.003656232,-0.005278467,0.075985946,-0.061002377,112.028435,1080.0
2866,130.39874024112765,157.45720414818823,-0.00089902524,0.0006510417,0.08020573,-0.050949663,112.38757,1080.0
2867,131.81168677961634,153.6577936498563,0.00025793005,0.0024132621,0.08789436,-0.040928677,114.59719,1080.0
2868,131.6082654569407,144.16547406023528,0.00011619285,0.0034615411,0.0937084,-0.03078325,113.856255,1080.0
2869,129.28895929502076,130.25362187226403,-0.010369421,-0.0007116247,0.07962737,-0.041387178,111.619225,1080.0
2870,124.88070901067928,116.40595277489189,-0.011781255,-0.0019650778,0.07609072,-0.045720052,107.359245,1080.0
2871,120.09105980033497,105.5560071448227,-0.011105799,-0.0040992736,0.07808126,-0.050864354,111.40743,1080.0
2872,117.72942340094308,98.0624424995788,-0.008817545,-0.008233473,0.07647739,-0.04973659,105.49931,1080.0
2873,119.34644833616314,95.53604271931948,-0.006616776,-0.0057103476,0.0929553,-0.040701464,110.53243,1080.0
2874,124.258705887117,100.48329098566307,-0.0037387423,-0.0072156833,0.10001978,-0.042863887,113.53555,1080.0
2875,130.4830816295708,111.69037110607151,-0.0065037482,-0.0059178104,0.09467118,-0.041905183,107.36922,1080.0
2876,136.08243029829123,124.17022583437053,-0.0055194995,-0.0045292326,0.10184326,-0.03684486,112.42489,1080.0
2877,139.7336594577648,134.13440215548073,-0.0012068007,-0.006142821,0.100071885,-0.034161914,113.067375,1080.0
2878,140.22519470883168,141.55277410606755,-0.0035670528,-0.004838336,0.09837635,-0.03459939,109.850845,1080.0
2879,138.71614035163,146.0272253102593,-0.006019084,-0.0038484926,0.100733325,-0.030855589,110.27004,1080.0
2880,140.75024558359698,143.95201407360696,-0.0018224645,-0.0023341426,0.103787795,-0.027746752,109.63818,1080.0
2881,149.8215757635187,134.16259681864338,-0.0022292526,-0.0023583306,0.096985765,-0.03248571,102.50735,1080.0
2882,160.78215479293016,122.66398579480818,0.0022447375,-0.0021840413,0.09714774,-0.031395383,102.64467,1080.0
2883,164.21330208999305,118.64448078050484,0.0025779442,-0.0013627794,0.09350473,-0.0296478,99.882614,1080.0
2884,155.4056616206289,125.58195982450802,9.1552734e-05,-0.0028654875,0.090427086,-0.038257457,99.744644,1080.0
2885,138.0153404160838,135.81808110233862,-0.00047505696,-0.001669255,0.089019775,-0.039397262,99.83504,1080.0
2886,121.26713823925279,138.30366527427108,-0.0011745876,-0.0037818626,0.082219325,-0.041118734,96.38116,1080.0
2887,113.70548881756974,131.6773365694016,-0.0029828106,-0.0048273723,0.08029468,-0.042272836,97.98576,1080.0
2888,116.7073722319393,123.93827318381477,2.9161241e-05,-0.003138846,0.08795358,-0.038786627,97.839966,1080.0
2889,123.84773636300918,122.3174022210634,-0.0006370262,-0.0027853507,0.07595814,-0.037418846,88.84874,1080.0
2890,128.29368203503907,128.05720538883884,-0.0002347593,-0.0041762176,0.07524776,-0.039546855,87.53165,1080.0
2891,128.66002962765745,137.28080665204448,-0.0010408754,-0.0040591205,0.07528958,-0.039770253,92.35457,1080.0
2892,126.67374248262585,144.62452967094694,0.0008583351,-0.0047443532,0.07050601,-0.0434327,89.93505,1080.0
2893,123.33911509281847,148.068823969471,0.00038508663,-0.00633025,0.07218854,-0.04714005,90.67153,1080.0
2894,119.26764835383534,149.9240161029903,-0.0010606553,-0.007234983,0.0682199,-0.047836475,86.97812,1080.0
2895,116.42227191976413,152.73978983360726,-0.002677183,-0.006706577,0.06431896,-0.04555486,83.354,1080.0
2896,117.70189753542988,156.340167055567,-0.0015493887,-0.0050499244,0.06761633,-0.04365203,84.413925,1080.0
2897,123.27103014552422,158.16233452141907,0.0020269323,-0.0029230188,0.067850746,-0.041362733,82.803,1080.0
2898,127.67981893769472,154.5073232311628,0.0051939785,0.0020586932,0.07212875,-0.040308237,82.98216,1080.0
2899,124.32920580258107,143.90434065984957,0.005823545,0.0012898198,0.063551046,-0.04126307,75.543655,1080.0
2900,113.95813741567838,129.99760909618846,0.006257799,0.0023464062,0.0647618,-0.03878897,74.083755,1080.0
2901,104.76727892227423,117.86812317840314,0.003652615,0.00043007178,0.06183777,-0.0401704,72.66118,1080.0
2902,102.59735339323817,109.50919148807378,0.0036189326,0.0014734339,0.056455936,-0.037942987,66.01495,1080.0
2903,105.89859839416101,105.54034960232558,0.004313942,0.0029537624,0.05825478,-0.0312949,63.692207,1080.0
2904,110.25057439510563,106.393210850317,-0.00049562805,0.002795184,0.05344408,-0.03202735,66.93313,1080.0
2905,112.11682094052881,110.09818362685118,-0.002537819,0.0012420089,0.038077235,-0.029731778,53.278873,1080.0
2907,112.16522064959334,114.9229718452156,-0.0036585773,0.0039618034,-0.004293569,-0.08989591,107.65855,1080.0
2908,117.68163291252843,124.25526994906835,0.02193739,-8.081507e-06,0.039763555,-0.09306115,104.62979,1080.0
2909,132.60770032616261,139.6845215097903,0.015591657,0.00015671342,0.038962245,-0.08626025,97.52959,1080.0
2910,147.34158050786846,149.7779847102274,0.021787403,-0.0014769942,0.047675915,-0.077046484,84.2447,1080.0
2911,149.60934443220094,140.85463195715738,0.013834975,-0.0076547693,0.037597146,-0.071872346,73.60857,1080.0
2912,140.33287292486506,118.59332572271548,0.020791456,-0.001566569,0.0532508,-0.065821104,74.13998,1080.0
2913,130.77416502120167,104.04293623687676,0.02291175,0.0020305493,0.05399865,-0.07444605,90.055374,1080.0
2914,129.62533297970037,110.42216191549761,0.018824881,0.00023328993,0.046279907,-0.07186141,81.951126,1080.0
2916,136.41187074710794,131.91046555473744,0.015433757,-0.0028536762,0.030256595,-0.12286199,130.49942,1080.0
2917,144.23614209313118,152.39343879892814,0.019193409,-0.0026505648,0.027986767,-0.10232725,102.005646,1080.0
2920,148.77331402987068,161.08467713508298,-0.014872685,0.0057082563,-0.0376154,-0.05682831,68.26034,1080.0
2921,153.03295869872827,159.17237686738812,0.0035293014,0.0014254535,-0.0032884385,-0.08415361,86.40124,1080.0
2922,160.35571150533113,155.09362372165378,0.016749969,-0.0042611016,0.010216155,-0.08846687,88.72717,1080.0
2923,167.62276659035504,156.21168937426748,0.017402705,-0.0076516047,0.007220007,-0.07603896,74.7492,1080.0
2924,169.83324512083902,162.77283146507452,0.00916748,-0.006668769,-0.015930967,-0.078143254,83.17262,1080.0
2925,167.0117811899428,168.30188563664672,0.011141064,-0.007960454,-0.013973547,-0.07837047,82.277794,1080.0
2926,162.9877672947646,167.08672937412948,0.010766715,-0.008552043,0.002368729,-0.05004411,46.48293,1080.0
2927,160.47110354857116,161.48629253950844,-0.017265376,0.0068532308,-0.04079081,-0.026290724,35.606968,1080.0
2928,160.25717850951014,159.5834172851099,-0.0038691768,0.0037200362,-0.029366612,-0.042915713,55.295353,1080.0
2929,162.69470552278534,165.1168657961696,0.013830792,0.00061057764,-0.0038332338,-0.06720601,72.70745,1080.0
2930,167.3031925427069,172.85051895412116,0.007947116,-0.004340758,-0.011934294,-0.065451674,70.71928,1080.0
2931,172.12203738826713,175.09811693958,0.008319092,-0.005249645,-0.01376354,-0.08209706,84.404106,1080.0
2932,174.820211137843,170.3961567807397,-0.012163515,0.006596233,-0.039975088,-0.058442574,66.787056,1080.0
2933,174.9851540341687,164.7308722000847,-0.008223131,0.0048061796,-0.043460537,-0.05776045,74.409294,1080.0
2934,174.39461219582688,164.8320220597559,-0.0060780845,0.0020745737,-0.043554913,-0.070255846,83.57334,1080.0
2935,174.07784833703366,170.62579512751677,-0.0051150853,0.002877073,-0.04099935,-0.064332075,78.73367,1080.0
2936,173.07647747992465,175.81012044469503,0.014827587,-0.0065893666,0.009310009,-0.06900915,69.24789,1080.0
2937,170.9170337690339,175.68573588910078,0.022815168,-0.007898486,0.01835994,-0.061560538,56.571194,1080.0
2938,169.17058089338542,171.95567559954412,-0.004615388,0.0016659489,-0.022001704,-0.05031778,52.279762,1080.0
2939,169.58853916073627,169.74229474823466,-0.004832967,0.0019066705,-0.020497302,-0.049631275,51.279587,1080.0
2940,171.6636803002976,171.62262211785085,-0.019496212,0.0052379468,-0.05370393,-0.038374923,56.9115,1080.0
2941,172.84535517916527,175.19369243909432,0.01137085,-0.0010836284,-0.0028238932,-0.061353642,61.67595,1080.0
2942,171.54922203253213,176.17076298781342,-0.0011441831,-0.0023627952,-0.013817568,-0.05021933,43.972904,1080.0
2943,169.6789213835317,173.0320083829883,6.171333e-05,-0.005839397,-0.016785007,-0.053482622,47.62698,1080.0
2944,170.18207904240631,167.63783092336894,0.008555207,-0.007904929,-0.009228854,-0.053712323,46.186405,1080.0
2945,172.2426968332972,162.61494268894742,0.0011232729,-0.0058185156,-0.011296929,-0.02873052,29.13594,1080.0
2946,172.57673722823992,159.9411394451948,-0.0020707871,-0.00584406,-0.016000366,-0.035099935,32.929226,1080.0
2947,170.93385837862306,160.54502286406708,-0.004457262,-0.0032325462,-0.01328984,-0.02559221,24.709276,1080.0
2948,170.12048513520784,163.77294302518197,-0.0039201523,-0.0053638318,-0.014499467,-0.031126318,28.143517,1080.0
2951,171.717326394679,167.94526215575647,0.0018707275,0.019962735,0.24096093,0.032871388,263.32172,1080.0
2952,174.79032915607138,171.81212695308326,0.0057241935,0.0097603975,0.23347439,0.017051555,245.14288,1080.0
2953,177.4150325461667,175.00991295360626,0.0026219122,-0.00024524264,0.22880079,0.009032807,242.91325,1080.0
2954,178.0488229402375,177.3905994598039,0.002391787,-0.0011114897,0.22358568,0.0050927056,236.61394,1080.0
2955,176.29564883906494,178.8027482025594,0.0024541784,3.2213e-05,0.20983966,0.007384915,227.17508,1080.0
2956,172.7752460663804,179.2260812246653,-0.0014024522,0.0017472444,0.2074178,0.013326066,232.70647,1080.0
2957,168.57491244655114,178.7180234705467,0.00019271286,-0.0035971182,0.2150802,0.008440654,235.39331,1080.0
2958,165.06091533640432,177.5526448076781,0.0020919235,0.009643216,0.20027861,0.023729734,226.66376,1080.0
2959,163.34802184441307,176.33170442142116,-0.0015355994,-0.0009607386,0.20013078,0.013108939,223.28827,1080.0
2960,163.53439840915024,175.74655402359517,0.004771141,0.0003557276,0.19557202,0.0035450123,217.12396,1080.0
2961,165.0113503126983,176.0936621221193,0.0020103173,0.0035701045,0.18992954,0.003742755,216.43546,1080.0
2962,167.348705002703,176.93006845636108,0.00064256456,0.005151254,0.18626098,0.012501187,207.92361,1080.0
2963,169.96285577561025,177.36746204745535,0.0017930772,-0.0011435614,0.20021532,0.013032362,216.54251,1080.0
2964,171.49414604167671,176.84916391597227,0.002790776,-0.0044101574,0.2044055,0.007853303,213.87418,1080.0
2965,171.17651782937475,175.61029542920707,0.00090185093,-0.0063989144,0.19634376,0.0032272057,210.23572,1080.0
2966,170.28445191749927,174.31621954164132,-0.0005851463,-0.0069694803,0.19754119,0.0010746426,214.8878,1080.0
2967,170.65239554594007,173.48236313334198,0.0012592457,-0.013936699,0.17999674,-0.0074948063,197.73145,1080.0
2968,172.5250884002661,173.40198471020315,8.94052e-05,-0.009264148,0.16937561,-0.0021479854,186.83101,1080.0
2969,174.89804804029805,174.0809941352976,0.0008440936,-0.01040494,0.16749494,-0.0018144961,183.26924,1080.0
2970,176.86843799448278,175.10056573811366,0.00054298685,-0.008926222,0.15284401,-0.00093248155,170.18651,1080.0
2971,178.01040971406005,176.10364516080003,0.0019809299,-0.015693862,0.1663798,-0.013579022,174.05803,1080.0
2972,178.29399723160958,177.16804395226407,0.0012147126,-0.017642522,0.16220161,-0.021980908,169.52289,1080.0
2973,177.9001523307962,178.25260818546514,0.00012297454,-0.012107482,0.15768082,-0.017286541,169.71425,1080.0
2974,177.06135545755643,178.80256039184178,0.0017068369,-0.015365064,0.14591935,-0.020256946,154.01558,1080.0
2975,176.34152712828515,178.45375284093475,0.0018397579,-0.013588064,0.13679335,-0.0164095,142.49791,1080.0
2976,176.3218152538222,177.69969530158357,0.007950281,-0.009943136,0.11020689,-0.013657633,105.305504,1080.0
2977,176.4821965771796,177.3209577529616,0.0013420953,-0.009074176,0.118972436,-0.010417373,125.67843,1080.0
2978,175.77008711708626,177.56591933577712,-0.00024255824,-0.010513334,0.10805743,-0.015599625,120.39408,1080.0
2979,173.4826570376422,177.36404679209627,9.3248156e-05,-0.008382331,0.09613195,-0.009246572,106.69124,1080.0
2980,168.28343263437748,174.0715368555093,0.0035002532,-0.0038619149,0.11038038,-0.00060608477,113.93239,1080.0
2981,158.65217488931214,166.8232545025801,-0.0024325901,-0.0015226294,0.109713405,0.004920649,119.44831,1080.0
2982,144.8432871527511,159.0905906017727,0.0007512976,-0.0020899738,0.104592785,0.0059458413,113.72603,1080.0
2983,129.36757309043622,152.89707896140706,0.0007627134,-0.0024265712,0.10161529,0.007883425,108.339905,1080.0
2984,113.04317786578105,143.31197160345326,0.0024509006,-0.0026139154,0.08584787,0.011379299,88.67747,1080.0
2985,91.50172525316337,124.3073702859843,0.003020223,-0.0020423606,0.082982495,0.013403772,84.82843,1080.0
2988,66.85572153122591,100.13853552262194,0.01858813,0.002202267,0.05603341,-0.15727508,171.76656,1080.0
2989,60.433784457142465,89.07087168031464,-0.013116257,0.00045279044,-0.032211263,-0.14981492,163.91783,1080.0
2990,91.95617830249472,107.44976192504116,0.017560478,-0.00015312477,0.03899768,-0.14751911,161.35333,1080.0
2991,147.41849719238346,147.0084628178161,0.022700543,-0.00034027098,0.04612708,-0.14424792,158.14238,1080.0
2992,190.45767216016569,180.7599539381769,0.022200465,-0.0003626788,0.046188977,-0.14063108,153.81534,1080.0
2993,201.45479300462733,191.6897660249548,0.02200244,-0.0001576459,0.04494064,-0.13904792,152.553,1080.0
2994,189.7049318337783,184.72507922246874,0.022388203,-3.8288257e-05,0.04660362,-0.13810869,151.51605,1080.0
2995,175.21702067354764,174.39720483084562,0.022019252,0.00025603682,0.04562669,-0.1368324,149.59225,1080.0
2996,169.80979066374664,169.59251087272028,0.023274062,0.00030311302,0.04343694,-0.13656083,149.0778,1080.0
2997,172.59763379552723,170.06668615628908,0.023560503,0.00034075137,0.043967213,-0.13671282,148.82083,1080.0
2998,174.26214284216599,171.0796074432622,-0.004040527,0.0023338601,-0.014306273,-0.08057477,89.31344,1080.0
3000,159.97628138652226,163.90799377682708,-0.002660822,-0.0068328576,-0.15205829,-0.0027525725,154.1979,1080.0
3001,120.05647552777585,136.7575622391973,-0.0017553259,-0.0050632334,-0.14151758,0.0021126359,152.68462,1080.0
3002,70.42287446683791,92.11696973833894,0.000316196,-0.0044121356,-0.121071175,0.0061846697,132.26505,1080.0
3004,47.22970634575498,59.61399624327727,-0.0018217864,0.0028159812,-0.2724593,0.0075858505,289.6459,1080.0
3005,70.55033483254242,70.16722661419398,-0.0022866707,0.009775599,-0.26654077,0.027211761,281.86368,1080.0
3006,124.32058010689074,119.06918887243464,-0.0030551488,0.008846255,-0.230888,0.021517662,241.01773,1080.0
3007,172.89632806494745,170.0722243309568,-0.0014569318,0.012964997,-0.23180655,0.0190864,241.33653,1080.0
3008,192.36303000944125,193.2912826354052,-0.0019986753,0.020681594,-0.22779906,0.033172607,232.38075,1080.0
3009,186.08158676261635,188.6012624680964,-0.00022922092,0.029279074,-0.22829005,0.048186973,225.24397,1080.0
3010,172.9730765718725,175.0208207654366,0.0024136296,0.019787004,-0.20268795,0.01166379,205.8938,1080.0
3011,167.2292969984183,168.08563668201143,0.002447538,0.014668415,-0.1800988,-0.0016784951,189.02525,1080.0
3012,169.02967953760907,167.81513297545257,0.0020641186,0.01244634,-0.18628658,-0.0020044963,193.6576,1080.0
3014,169.8351819237474,163.7904766050836,0.00025917336,0.012595396,-0.22568707,0.012749538,239.43375,1080.0
3015,165.95686143918888,151.28957149141314,-0.003706812,0.0041889613,-0.21178174,-0.0029377125,224.97731,1080.0
3016,163.30063137027162,137.32727481438093,-0.0010943378,0.007010142,-0.20322627,0.0023658187,211.9503,1080.0
3017,165.81373597893156,131.92363534702432,0.0052029365,-0.0040409514,-0.15107821,-0.024752298,165.07635,1080.0
3018,168.3715108328195,140.12809180440632,-0.001994691,-0.007074427,-0.11943916,-0.02469618,119.06814,1080.0
3019,166.18273541519468,157.6717203306382,0.001669481,0.00039848045,-0.13786799,-0.013830482,148.59605,1080.0
3020,161.06350788517236,173.5704932321306,0.0019255744,-0.007808629,-0.13169567,-0.017000241,142.05978,1080.0
3021,155.34934430384627,180.0546193089684,0.00079258106,-0.0045138607,-0.1355559,-0.007146058,148.94008,1080.0
3022,149.40988848401787,176.76670078574588,0.0007485001,-0.005255042,-0.13085452,-0.003337521,143.43617,1080.0
3023,145.95638160832485,167.75949223905994,0.0053451536,-0.001233447,-0.09554158,0.00051789463,98.472664,1080.0
3024,148.82297056566043,158.72319332168485,0.002996261,-0.01057013,-0.08649131,-0.01594439,90.30707,1080.0
3025,157.21415494508992,154.9486853443696,0.0007198192,-0.010352015,-0.09672871,-0.0155788,99.11831,1080.0
3026,165.42825627471677,158.5477625559913,-0.0027463278,-0.006220415,-0.094010584,-0.0046955817,74.85441,1080.0
3028,168.27209825312949,166.59486196059993,-0.0038228917,-0.028347015,-0.1868876,-0.03827043,200.93382,1080.0
3029,165.54698196507002,172.65242583433306,0.0028027005,-0.01346704,-0.18831912,-0.017518418,205.9711,1080.0
3030,161.20907377668684,172.60573474654225,-0.00032783792,-0.00023224442,-0.18932031,0.0015233923,195.1026,1080.0
3031,159.3373943038607,169.4868178865698,-0.0007765028,-0.002591112,-0.178911,-0.010219828,187.06905,1080.0
3032,161.22048715280624,169.23171322124338,0.0033770525,0.005322859,-0.1653634,0.004377125,180.03654,1080.0
3033,164.6285564339805,172.7560949084334,-0.0011982671,0.014081149,-0.18041569,0.024031548,181.31886,1080.0
3034,166.65737259868283,176.3803301064653,0.0022378992,0.009312326,-0.16583908,0.01252043,174.97473,1080.0
3035,167.33169533011318,176.8383201898082,1.723678e-05,0.012362134,-0.1542611,0.021197595,159.72961,1080.0
3036,167.92079144547822,171.99037550793466,0.008406123,0.01833595,-0.11287921,0.02752762,116.77379,1080.0
3037,167.06665725628372,162.18773955168552,0.005858584,0.02005991,-0.09780206,0.0246187,99.99194,1080.0
3038,161.4333794232425,153.07516006458195,0.006058135,0.018284522,-0.105978,0.015803246,111.40989,1080.0
3039,148.95138604807076,150.32922907297822,0.009664352,0.017022252,-0.10258605,0.015826134,110.54931,1080.0
3040,130.80104476355146,151.64869626501078,0.011513095,0.016996399,-0.090852804,0.009355023,105.42812,1080.0
3041,111.76827968631996,148.2528091188939,0.008192387,0.017867167,-0.09824179,0.009107349,110.70063,1080.0
3042,97.85998450412316,136.02194289213668,0.011277658,0.019976072,-0.088966794,0.006239121,102.188034,1080.0
3043,93.60583306143444,124.74610560284609,0.010111717,0.022037817,-0.0921905,0.0068612276,101.76702,1080.0
3044,100.02258089798984,127.41026732466787,0.0074599087,0.01056479,-0.11467404,-0.030376067,133.88142,1080.0
3045,112.10123557351449,140.7088794462439,0.009931663,0.016459486,-0.11007498,-0.023723433,126.011856,1080.0
3046,122.60880879633592,151.08279645400452,0.004347455,0.0064524896,-0.10115193,-0.023046734,112.34044,1080.0
3047,129.06268311829606,155.0118991011571,0.008613191,0.007187907,-0.08943074,-0.023523768,104.1339,1080.0
3048,132.38793460388277,158.55065277456652,0.0075524226,-0.0010401973,-0.09153454,-0.032311954,104.171135,1080.0
3049,133.09498931752455,164.59726360544101,0.0118012605,0.008856257,-0.072953686,-0.014360131,97.38851,1080.0
3050,131.8629952089781,170.13574052334818,0.0114293415,0.019663239,-0.078740664,0.0039029156,86.75897,1080.0
3051,130.38302884515358,170.78330659006372,0.010363204,0.0178514,-0.08197507,0.003220198,90.24644,1080.0
3052,131.87047482629472,166.29329797947497,0.0075792666,0.012572734,-0.090951145,-0.0027208116,101.47017,1080.0
3056,139.8984925974853,159.93081094776298,-0.017361168,0.0077126115,-0.04950183,-0.052408148,76.10045,1080.0
3057,151.33226337716144,148.42509755035948,-0.016539114,0.0088666,-0.04428129,-0.064954825,85.086044,1080.0
3058,154.2010917734255,126.23647382432442,-0.017484764,0.0009256999,-0.006031743,-0.09990913,107.15656,1080.0
3059,143.21794263272258,105.5167849985821,-0.01419576,-0.0037754765,0.0061871,-0.08829984,92.21851,1080.0
3060,130.04022422030644,108.54115142746713,-0.01383893,-0.0050970856,0.012901137,-0.087649085,92.74578,1080.0
3061,128.47317620031882,136.69882465770945,-0.013901039,-0.0058015613,0.01618822,-0.08600382,93.929794,1080.0
3062,140.644046338755,167.64407870104174,-0.013743647,-0.005586045,0.015607142,-0.08697965,95.74916,1080.0
3063,159.66190836666107,181.73908737477385,-0.013711322,-0.0054359436,0.013321319,-0.08524857,94.08352,1080.0
3064,175.87444973277974,178.39131157704796,-0.014572087,-0.004024619,0.00993172,-0.08384798,91.362434,1080.0
3065,182.9468857444082,169.1415764266929,-0.014446456,-0.005114379,0.010460804,-0.084208086,92.11431,1080.0
3066,181.75396570402438,163.64145377645377,-0.015435735,-0.0039791814,0.007138796,-0.084051654,91.152084,1080.0
3067,177.47811071584218,164.09995910329104,-0.016382344,-0.0037522493,0.0042775474,-0.08329403,89.62523,1080.0
3068,174.47091383279707,168.06473629621857,-0.016490908,-0.0033421551,0.0016945733,-0.08310688,88.74105,1080.0
3069,174.22470674697686,172.39877508860744,-0.016209638,-0.0029979283,-0.003033843,-0.082968645,87.3567,1080.0
3070,175.71812477140173,175.43146688089374,-0.016429251,-0.00315467,-0.0046426277,-0.08248435,86.57286,1080.0
3071,176.6371809806709,177.1714702535102,-0.01712381,-0.0020895216,-0.005624842,-0.08110436,85.30754,1080.0
3072,175.3023570257709,178.23570252566947,-0.01754382,-0.0018293028,-0.0060399375,-0.08118442,85.08753,1080.0
3073,172.13860279205633,178.85343471957748,-0.017266959,-0.0015276308,-0.0050715692,-0.08086822,85.00437,1080.0
3074,169.21082985263098,178.94470564475102,-0.017080406,-0.0016453778,-0.0049083005,-0.0806553,84.79486,1080.0
3075,168.23400721635335,178.62107038664902,-0.016844064,-0.0016012968,-0.006245705,-0.08016216,84.07954,1080.0
3076,169.14850244579463,178.06000346475145,-0.016908264,-0.0018091555,-0.008097048,-0.07931208,82.94583,1080.0
3077,170.4453387200195,177.16692690111435,-0.0165468,-0.0021074084,-0.009324702,-0.07895949,82.613464,1080.0
3078,170.34372740882398,175.53484876615047,-0.016621342,-0.0022640086,-0.0115114,-0.07897002,82.4503,1080.0
3079,167.89826057381737,172.7647403740089,-0.015781544,-0.0026771545,-0.011313827,-0.078885876,82.507385,1080.0
3080,163.6376036757688,169.05074501162372,-0.015952272,-0.0026671232,-0.011085962,-0.079148754,83.02995,1080.0
3081,159.22870083131403,165.63436591302184,-0.016456379,-0.002701173,-0.009818804,-0.07922513,83.65362,1080.0
3082,156.5108909811272,164.57387973565736,-0.016784046,-0.0029431942,-0.008642013,-0.07912007,84.19942,1080.0
3083,156.75086238508646,167.2196443899159,-0.016235521,-0.0029550905,-0.008516213,-0.07955252,84.726746,1080.0
3084,160.22465737209794,172.3831794842524,-0.015858741,-0.0030706618,-0.007093133,-0.07988589,85.44898,1080.0
3085,165.9482648313096,176.60428266701203,-0.01552141,-0.0033661453,-0.0053193835,-0.0795999,86.09366,1080.0
3086,171.97896893712428,176.9804772284461,-0.015298067,-0.0033741703,-0.0028139467,-0.08021876,87.47995,1080.0
3087,176.2492981435391,173.45128240820122,-0.015670381,-0.003749254,-0.003808085,-0.07956144,86.18996,1080.0
3088,177.50568564123762,168.02483922869854,-0.015805054,-0.004133917,-0.004538755,-0.078476995,84.552124,1080.0
3089,176.3437737168237,163.0401601300105,-0.01635533,-0.0046538175,-0.005328539,-0.07592748,81.46054,1080.0
3090,175.0407374190063,160.26151391568027,-0.016524196,-0.0046409327,-0.008110498,-0.0750169,79.48892,1080.0
3091,175.2194904285079,159.88064578461257,-0.016761215,-0.004708721,-0.010546028,-0.07330921,76.890396,1080.0
3092,176.04768766071743,160.5137179956919,-0.016639031,-0.0045116283,-0.011473931,-0.07481851,79.03694,1080.0
3093,175.96533750801996,161.24318278403598,-0.016272595,-0.004465202,-0.01224563,-0.07541699,79.546776,1080.0
3094,175.36148240218617,162.93595869355602,-0.015901241,-0.004259802,-0.01242574,-0.076014906,80.20712,1080.0
3095,175.56607166969496,166.651868474743,-0.016053377,-0.0042794403,-0.011551695,-0.07662328,80.999886,1080.0
3096,176.1615313253199,171.64810866207426,-0.015857272,-0.0043652854,-0.012033929,-0.0773498,81.60195,1080.0
3097,175.61056755464818,176.0144998128004,-0.015756622,-0.004234568,-0.0119268345,-0.077972665,82.51138,1080.0
3098,173.77938093005767,178.48623667318904,-0.016065357,-0.0039753383,-0.012290616,-0.07881628,83.46203,1080.0
3099,172.06640345997974,178.99902547643092,-0.015625678,-0.0037818062,-0.01495367,-0.078924164,83.567505,1080.0
3100,171.5965231909921,178.31611057494587,-0.016049026,-0.0034534596,-0.015565321,-0.07898269,83.94947,1080.0
3101,172.32607602997643,177.39694443304253,-0.014975371,-0.0032574688,-0.017063735,-0.07909088,84.299995,1080.0
3102,173.59611448125779,176.73727942818394,-0.014621311,-0.0024898387,-0.017332515,-0.07816405,84.10863,1080.0
3103,174.85973997187517,176.46267376795308,-0.0132181235,-0.0016676727,-0.018963905,-0.077324845,83.50197,1080.0
3104,175.91982163167148,176.6881752580981,-0.01520787,-0.0016595628,-0.02105532,-0.076985225,83.61396,1080.0
3105,176.80034098248584,177.1823552778654,-0.01605253,-0.0012936345,-0.022542205,-0.076936655,83.94406,1080.0
3106,177.37432951628205,177.52627644455296,-0.015781092,-0.0010263796,-0.023963194,-0.07714276,84.69039,1080.0
3107,177.353509346585,177.80040488451064,-0.015737688,-0.0008381031,-0.02303365,-0.076832525,84.85037,1080.0
3108,176.7945272904952,178.23037123247005,-0.015349607,-0.0007838214,-0.021603564,-0.07892574,86.087036,1080.0
3109,176.18680819481696,178.64905052904257,-0.014752932,-0.000772123,-0.023716623,-0.079617284,86.4234,1080.0
3110,175.9280759338609,178.76592010045098,-0.014654541,-0.0008060314,-0.022122813,-0.07982845,86.8825,1080.0
3111,176.03766457840183,178.4364595527486,-0.015708528,-0.00040043017,-0.023252586,-0.0787952,86.50973,1080.0
3112,176.30404221656755,177.66075598405988,-0.015219229,-0.00021009092,-0.023577033,-0.07986278,88.41492,1080.0
3114,175.55732612096216,175.5560407498765,-0.0050657485,0.014459342,0.10510457,0.013198259,122.991585,1080.0
3115,168.14701821168504,167.10230252085296,-0.006944727,3.9135968e-05,0.0926616,-0.009994111,109.109375,1080.0
3116,144.4529339480161,144.6455150272997,-0.0061152703,-0.0046928404,0.08330536,-0.013348022,100.32161,1080.0
3118,107.23912632576395,109.5666086358107,-0.020154826,-0.000609956,-0.019808,-0.09870151,101.648224,1080.0
3119,81.44934259274434,77.3380769788748,-0.026196402,0.00087331136,-0.025935533,-0.10413717,109.82706,1080.0
3120,87.83465626478835,65.42359745841313,-0.023554144,-0.0030788844,-0.020541381,-0.10147213,104.94237,1080.0
3121,118.71249076291977,80.90746228088132,-0.022139542,-0.0030499776,-0.015044545,-0.10456766,108.61588,1080.0
3122,152.98813305560844,116.98539377817471,-0.02029549,-0.003455805,-0.015135814,-0.10843704,113.11396,1080.0
3123,176.33235480840946,155.82155725038905,-0.019571658,-0.0056136237,-0.011535362,-0.1063595,111.94099,1080.0
3124,184.03528874009447,180.18800874204095,-0.018767124,-0.0068561696,-0.00941942,-0.106299564,110.65007,1080.0
3125,180.2350280226913,185.82782059610324,-0.01925614,-0.006643846,-0.011017467,-0.10566056,109.76883,1080.0
3126,174.21205848789492,180.68195703057486,-0.01856452,-0.00572052,-0.009565226,-0.10713402,112.01643,1080.0
3127,171.93840011978713,174.2754669081554,-0.0177076,-0.005367138,-0.011133661,-0.1076917,111.89695,1080.0
3128,172.3410335767772,170.9119467375559,-0.019439584,-0.004597332,-0.01369126,-0.10784525,112.67622,1080.0
3129,171.32313518473978,170.67531850802789,-0.018843248,-0.004457375,-0.01472411,-0.10744341,112.80852,1080.0
3130,167.19366385360067,172.257801740112,-0.019180523,-0.005254025,-0.01649006,-0.106834695,113.5356,1080.0
3131,162.48752342408412,174.07150410907911,-0.019691862,-0.0051796525,-0.015131915,-0.10905832,114.54857,1080.0
3132,160.78829927141882,174.83574383523788,-0.019615004,-0.0048830668,-0.015518245,-0.11005709,115.57846,1080.0
3133,161.9471561440706,173.81413891992196,-0.020576986,-0.004204814,-0.015813079,-0.11067056,116.12334,1080.0
3134,162.2410125538128,170.27663365935342,-0.020275427,-0.0036874276,-0.017939024,-0.1041611,112.87684,1080.0
3135,159.43273446255884,164.49046363069758,-0.0200275,-0.00194575,-0.022516716,-0.101761654,107.411545,1080.0
3136,155.85443950707761,159.4093321641913,-0.019187024,0.0007566664,-0.020671817,-0.09608863,100.742195,1080.0
3137,156.17939302396502,158.1370826626526,-0.019252127,-0.0002746582,-0.015302079,-0.101017706,105.200195,1080.0
3138,162.6700937421938,160.48330427044732,-0.018213287,-0.00069800485,-0.016263666,-0.09850814,103.282845,1080.0
3139,172.24461631850065,164.2225253256197,-0.018011928,-0.0008947019,-0.015094842,-0.09996488,104.67812,1080.0
3140,178.82924172805278,167.24533793274566,-0.018434031,-0.0009277909,-0.015396118,-0.10138748,105.22946,1080.0
3141,179.61419443611115,168.23994752076337,-0.018128233,-0.002010515,-0.014221135,-0.099977255,103.641365,1080.0
3142,177.41208734499804,167.69570947316393,-0.017079784,-0.0020144992,-0.017347604,-0.09466855,100.1261,1080.0
3145,176.08599200218976,167.55725121525293,0.01038078,-0.0030635975,-0.011629514,-0.11615465,124.508835,1080.0
3146,176.3776592295883,169.03870315821874,0.0029969958,-0.0012945952,-0.02324716,-0.10311056,114.11294,1080.0
3147,176.9679802911843,171.1077621866945,-0.010215251,0.0029688517,-0.05820533,-0.097811975,111.58451,1080.0
3148,177.17147330508874,171.45343224468652,-0.005406189,0.0015263592,-0.06140024,-0.09792732,113.99148,1080.0
3149,177.27955864117553,169.82312437948332,-0.012651741,0.0021954007,-0.067091145,-0.09837926,117.043,1080.0
3150,177.16044800648334,168.9774926361638,0.0029209277,-0.0024817572,-0.023260724,-0.10950232,120.655304,1080.0
3151,176.19862445695236,170.92950129200423,-0.015010975,0.0030609132,-0.06451134,-0.09816075,123.96271,1080.0
3152,174.87237828988916,174.49128731969267,-0.015244774,0.0059013367,-0.07114625,-0.089708425,118.86474,1080.0
3153,174.35311158920769,177.1131785667144,-0.012923347,0.005264706,-0.076503046,-0.08946545,119.88316,1080.0
3154,174.11392506222506,177.47324604052915,-0.01141493,0.004033859,-0.073730186,-0.08821018,118.83244,1080.0
3155,172.480335347002,175.70662946806033,0.0055299546,-0.0022365146,-0.030778447,-0.09024554,115.79561,1080.0
3156,169.04845975453566,172.01682784154144,-0.008118523,0.0027999878,-0.056070793,-0.0939643,115.52185,1080.0
3157,164.55260145012684,167.37011682921803,-0.01860589,0.0060442607,-0.05756689,-0.0960391,113.82491,1080.0
3158,160.52141016077317,165.04659820162348,-0.01945117,0.0054861563,-0.052456327,-0.10333882,117.63735,1080.0
3159,159.52326534816058,167.92956596468554,-0.019843603,0.0058390866,-0.05050846,-0.09968231,114.23765,1080.0
3160,162.66155556676298,173.90485902846694,-0.021153655,0.0051890337,-0.051172215,-0.09041505,104.38488,1080.0
3161,167.16305852708632,176.37701181941586,-0.019981498,0.005493051,-0.047856364,-0.07535739,91.304794,1080.0
3162,168.85098188160052,170.15568760196612,-0.019891527,0.0059962235,-0.051521074,-0.06029225,83.467186,1080.0
3163,166.9298835234826,156.86188774142408,-0.019808903,0.0052387943,-0.05714281,-0.0705452,90.86198,1080.0
3164,164.34592374731056,144.93615395650139,-0.017194621,0.0047628614,-0.05265068,-0.07724776,94.07155,1080.0
3165,163.02752741972012,142.76716899625464,-0.01907405,0.0047856364,-0.045936413,-0.062112708,76.45168,1080.0
3166,161.61309338908663,148.8280638819678,-0.017723706,0.0043481616,-0.043427642,-0.0660163,80.51529,1080.0
3167,159.03164927337488,151.1772398439647,-0.017403891,0.003945386,-0.037974663,-0.071841344,85.17484,1080.0
3168,157.52147282846704,141.40172604140542,-0.015994206,0.0015446133,-0.034271184,-0.07176352,80.10121,1080.0
3169,160.21591582143577,124.89915261127635,-0.013961679,0.0016236482,-0.030862315,-0.06746024,75.9011,1080.0
3170,166.7262062936503,113.9438841324961,-0.015646363,0.0020198964,-0.03803078,-0.065177776,75.89492,1080.0
3171,172.86484790739166,114.83385928235114,-0.016275251,0.002517446,-0.036780123,-0.06601229,76.22255,1080.0
3172,174.9019601279391,123.49207915985106,-0.014481721,0.0016615974,-0.03381359,-0.064930245,75.29861,1080.0
3173,172.65290059737552,132.12579107560236,-0.013876682,0.00093937624,-0.028744055,-0.06500985,74.23326,1080.0
3174,168.81909715591033,138.01128124086736,-0.011165138,0.0012312712,-0.025368359,-0.06267226,70.698265,1080.0
3175,166.7626237047024,143.54838489192977,-0.012247834,0.00050690264,-0.025453355,-0.061897106,70.596176,1080.0
3176,167.98281572011933,149.75752803915518,-0.011723384,0.00021254928,-0.027601002,-0.061484896,68.967415,1080.0
3177,170.78790147196264,154.39905466049905,-0.011657602,-0.00046171967,-0.024485044,-0.06121425,67.20168,1080.0
3178,172.41485026984697,156.1041048092749,-0.01098339,0.00032391018,-0.024699345,-0.060038473,65.17264,1080.0
3179,172.3835239237117,155.68471486921328,-0.012242296,-0.0005839313,-0.023381438,-0.061589815,65.6246,1080.0
3180,172.21781253555824,153.91052150818027,-0.012711588,0.00024453623,-0.022478344,-0.062435348,65.89001,1080.0
3181,172.67255473947333,151.69772119690185,-0.013724772,-0.00087271794,-0.023818405,-0.061856333,64.71722,1080.0
3182,173.37482327688457,151.135194773501,-0.012514467,-0.0005085133,-0.020710133,-0.06312886,66.400536,1080.0
3183,174.29867640918326,153.2334701703592,-0.013363308,-7.97413e-05,-0.023149505,-0.06185656,65.70159,1080.0
3184,175.55039901085235,155.98113328161176,-0.012859656,-0.00021633573,-0.020881936,-0.06424699,67.02565,1080.0
3185,176.68837248707644,157.51453913433664,-0.013284415,-1.4043738e-05,-0.020359633,-0.063508265,66.00746,1080.0
3186,177.3914277431432,159.4745558646073,-0.012723343,0.00032958985,-0.019768383,-0.06284708,65.47009,1080.0
3187,177.5895241934338,164.172917586668,-0.012627269,-1.7180266e-05,-0.020247057,-0.064050235,65.85004,1080.0
3188,177.145852926837,170.51477966114456,-0.011957126,0.0004766111,-0.01866229,-0.06391138,66.71534,1080.0
3189,176.44087753393538,175.40890916133876,-0.010799944,1.1726662e-05,-0.01886642,-0.0615049,64.80109,1080.0
3190,176.21273620382166,177.30869758059728,-0.01136192,2.633554e-05,-0.019516444,-0.06203069,66.63788,1080.0
3191,176.43107817440483,176.44808399580248,-0.011006673,0.00085511385,-0.019403076,-0.061087996,66.12347,1080.0
3192,176.5359466379934,173.49028242441446,-0.010776548,-0.000327188,-0.018652344,-0.057802398,61.055984,1080.0
3193,176.528129049386,169.86513868325477,-0.011373902,0.0006003768,-0.019619752,-0.05777708,62.636463,1080.0
3194,176.59400710922756,167.9545725672469,-0.0103814015,0.00027140864,-0.018775657,-0.057945732,62.101513,1080.0
3195,176.22044460544654,169.12715376240052,-0.010564282,0.0006256951,-0.018358696,-0.05770149,62.56236,1080.0
3196,174.9962234836752,172.3478780596571,-0.0107161915,0.0006658483,-0.0182043,-0.057038683,62.46819,1080.0
3197,173.4404244508192,175.40357255394431,-0.011185144,0.00053564,-0.019116098,-0.057131253,62.71391,1080.0
3198,172.28047950913907,176.5621439230094,-0.009826321,0.00048480564,-0.017367214,-0.055714387,61.120476,1080.0
3199,172.17268060617323,175.13657228628645,-0.008857219,0.0007139983,-0.01926326,-0.054254234,59.44214,1080.0
3200,173.60914042364357,171.94533081979324,-0.008818563,0.0006668091,-0.020935398,-0.054137886,60.327457,1080.0
3201,176.0261907559844,169.46897238198713,-0.009764043,0.0012586523,-0.024702057,-0.052568607,59.37086,1080.0
3202,177.88171923494062,169.88024926403568,-0.009562514,0.0021811873,-0.027788064,-0.051329322,58.991604,1080.0
3203,177.76193186338605,172.31812270257902,-0.009763026,0.002697104,-0.029751135,-0.050452128,58.904182,1080.0
3204,175.5130158994515,173.741472907936,-0.009642085,0.0021210564,-0.028721562,-0.049422838,58.23687,1080.0
3205,172.59996101148909,172.7514623566712,-0.009566469,0.0021013613,-0.031007443,-0.04759763,57.684498,1080.0
3206,170.63453108349557,170.97773514294138,-0.009070276,0.0026178148,-0.029028093,-0.047260933,56.21644,1080.0
3207,169.99093667743776,170.79943970869465,-0.008585725,0.002787131,-0.029550398,-0.04669116,56.44632,1080.0
3208,170.58011404572002,172.92578421377323,-0.008568997,0.0025349369,-0.027535671,-0.04779383,56.64503,1080.0
3209,172.39192326527242,176.03429273106502,-0.009375678,0.0020871763,-0.027546749,-0.047370415,56.46636,1080.0
3210,173.92499789129334,178.2072045198513,-0.01009578,0.0019603022,-0.027796201,-0.046511956,55.743923,1080.0
3211,171.65610423743428,178.78887859334998,-0.010234013,0.0020391676,-0.028023161,-0.045682795,55.15362,1080.0
3212,163.3967954056464,178.64920178115597,-0.010117933,0.0027323123,-0.028762365,-0.0443122,54.149742,1080.0
3213,152.62036644340048,178.67572567895047,-0.01032048,0.0020736693,-0.027838927,-0.04487196,54.479076,1080.0
3214,147.84149384642117,178.90151929700525,-0.01048731,0.0022227252,-0.026804945,-0.045345068,54.59684,1080.0
3215,154.70727845207907,179.0111947494046,-0.009863394,0.002029984,-0.026336784,-0.04488131,54.029778,1080.0
3216,168.70933180205768,178.68241611620752,-0.0100092,0.001849789,-0.026295075,-0.04501245,54.193913,1080.0
3217,179.37789580350562,177.62725512508163,-0.0096776895,0.0018487154,-0.026308639,-0.044542044,53.810062,1080.0
3218,181.11249927731322,175.96960418534493,-0.009196189,0.0021031133,-0.026315646,-0.04565191,54.525066,1080.0
3219,176.72661057346696,174.3584325331645,-0.008756285,0.0017129404,-0.025942542,-0.044947788,53.997803,1080.0
3220,171.81625040911226,173.21602182316371,-0.008203351,0.0021392256,-0.0255856,-0.044404417,53.35526,1080.0
3221,168.97494418209158,171.93310878510079,-0.008735826,0.0021876583,-0.02474207,-0.04441702,52.931145,1080.0
3222,167.8989887517025,169.46867463450357,-0.00883224,0.0020895782,-0.023596417,-0.04408284,52.40354,1080.0
3223,168.3369589751659,166.15333853846894,-0.008653316,0.0019268177,-0.022715138,-0.04334738,51.49515,1080.0
3224,170.4809942814799,164.1146316564569,-0.008866034,0.0018506368,-0.023804503,-0.042648766,50.907543,1080.0
3225,173.51578153315464,165.01520618683395,-0.008793584,0.0016383701,-0.022471562,-0.042673152,50.697758,1080.0
3226,175.7712638210111,168.00127479268343,-0.00855193,0.001663208,-0.021486184,-0.04307029,50.685337,1080.0
3227,176.206247883098,170.801487053185,-0.008707569,0.001684316,-0.020691821,-0.043331116,50.709545,1080.0
3228,175.14518160495976,172.30622394514828,-0.008831901,0.001448935,-0.02007548,-0.043162733,49.90102,1080.0
3229,173.78772514699716,173.08736996830342,-0.009088248,0.0012636256,-0.0192688,-0.04350956,49.72556,1080.0
3230,173.23370693754333,173.84223880455804,-0.008943006,0.0012104176,-0.020128377,-0.043304414,49.346878,1080.0
3231,173.7079894044836,174.57162380404475,-0.008798331,0.00084669323,-0.019240316,-0.04265299,48.380245,1080.0
3232,174.34836734680223,174.97202291095613,-0.0081839105,0.0006125556,-0.017254865,-0.042667206,48.038574,1080.0
3233,174.01923195553678,174.89243609948556,-0.0086419,0.0007145352,-0.01660224,-0.043456763,48.554695,1080.0
3234,172.42755708613433,174.7833463371842,-0.008856202,0.0006866455,-0.016657624,-0.042945437,47.70181,1080.0
3235,170.21405212170498,175.2971616821842,-0.008364868,0.0003445378,-0.015036802,-0.043131948,47.61927,1080.0
3236,168.431874880792,176.233428135461,-0.00885767,0.00034010145,-0.015304453,-0.043656103,47.94027,1080.0
3237,167.97118144790716,176.85173435158285,-0.009086552,0.0005915889,-0.014750049,-0.04394407,48.014736,1080.0
3238,168.90681385607485,176.9564742324839,-0.009192008,0.00062496046,-0.0142359985,-0.04399455,47.931896,1080.0
3239,170.442325321753,176.91250189488426,-0.008595559,0.00020588063,-0.012542273,-0.043723296,47.082123,1080.0
3240,171.5720160647743,176.85899885035997,-0.008681008,-0.00017629552,-0.010960106,-0.04306858,46.11891,1080.0
3241,171.7831998590522,176.52895148316102,-0.008660324,-0.0006034851,-0.009794899,-0.04256168,45.146397,1080.0
3242,171.4485855004097,176.03958379181503,-0.008924697,-0.000293986,-0.009066773,-0.04355449,45.60578,1080.0
3243,171.40574715913206,176.07997554456875,-0.00833322,-0.00053917215,-0.0071781864,-0.042858377,44.48701,1080.0
3244,171.86917391507444,176.8142189632801,-0.008384874,-0.0006318269,-0.006281874,-0.04276899,44.62012,1080.0
3245,172.25995853816275,177.39243205652312,-0.0079473425,-0.00074299,-0.0053619384,-0.04137275,42.96965,1080.0
3246,172.25295995607303,177.2184015401308,-0.0073637785,-0.00054773403,-0.005416305,-0.040880047,42.509167,1080.0
3247,172.24433335388142,176.88316320290429,-0.0077187996,-0.00072018657,-0.0054666023,-0.040980443,43.117615,1080.0
3248,172.57888516252004,177.0838888450152,-0.0071871155,-0.0006512395,-0.00589204,-0.03992824,42.034733,1080.0
3249,173.11206228277265,177.6794831643411,-0.007662851,-0.0009089435,-0.007353945,-0.04029709,42.086784,1080.0
3250,173.8966991705716,178.24871705198754,-0.006454581,-0.00057446514,-0.007216164,-0.04044109,42.16803,1080.0
3251,175.37658957265936,178.40408593644585,-0.005882885,-0.00045858312,-0.0064007794,-0.03981576,41.974583,1080.0
3252,177.29540294574568,177.76177747405478,-0.006068816,-0.00024168227,-0.006145788,-0.03879697,40.978085,1080.0
3253,178.3111867919318,176.48478815019052,-0.005154645,-2.7691876e-05,-0.0063488996,-0.037849456,39.876034,1080.0
3254,177.63231586763328,175.29635404109007,-0.0057096127,-0.00012879548,-0.0061359545,-0.03817828,40.254272,1080.0
3255,176.32521535345376,174.75444274392876,-0.0063361274,-8.434719e-05,-0.006641529,-0.037100814,39.115643,1080.0
3256,175.97067227713544,174.88247116739268,-0.006389816,-0.00013622709,-0.006654301,-0.03625884,38.481857,1080.0
3257,176.87907073707063,175.31569729267412,-0.006326633,-0.00029045387,-0.006644694,-0.03560353,38.008213,1080.0
3258,178.22682760626674,175.8010839411761,-0.006267858,-0.00055920635,-0.0055381493,-0.035893407,37.82606,1080.0
3259,178.8109758479977,176.339313331221,-0.006467579,-0.00063592417,-0.0051940917,-0.034249,36.407253,1080.0
3260,177.70544432943865,176.45355694983584,-0.0064969664,-0.000652511,-0.0060212314,-0.033393394,36.402203,1080.0
3261,175.28296333686708,174.8994097944499,-0.006555854,-0.00068641943,-0.006234176,-0.03370315,36.347935,1080.0
3262,173.2187971105616,171.24141743827894,-0.006557775,-0.0006407561,-0.005966752,-0.03396868,36.71655,1080.0
3263,172.89187412110152,167.45823566052468,-0.006268989,-0.0006670351,-0.0063285544,-0.033397153,35.77664,1080.0
3264,174.31511117467565,166.33300731550588,-0.0057117604,-0.00028370044,-0.0074770325,-0.032256782,35.083035,1080.0
3265,176.32534008813073,168.55438855150553,-0.0060354727,-0.00036349826,-0.006794569,-0.03298032,35.321056,1080.0
3266,177.15698437357133,172.25224604243513,-0.0058599403,-0.00036875406,-0.0061508743,-0.033313103,35.130283,1080.0
3267,175.59574185097748,174.3435396159449,-0.0055598505,-0.00041289153,-0.00568226,-0.03281725,34.660095,1080.0
3268,171.96513682248366,172.93386689867924,-0.005662028,-0.00041193079,-0.006205919,-0.031812314,33.73245,1080.0
3269,168.0253372120141,169.52778967746073,-0.0050044307,-0.0003440292,-0.005521647,-0.03092674,32.217815,1080.0
3270,166.25474789675275,167.66552562121677,-0.0055031106,-0.00044191148,-0.0052487976,-0.031274557,32.75166,1080.0
3271,167.73617411680897,168.7517076190625,-0.0056841816,-0.0005129779,-0.006246044,-0.032326933,34.020264,1080.0
3272,170.33271503848368,170.49012445816132,-0.006029934,-0.00052108767,-0.006705503,-0.032363694,33.795414,1080.0
3273,171.53405651140415,170.45137630920007,-0.0063001844,-0.00015255963,-0.0067553483,-0.03162962,33.143642,1080.0
3274,172.00478507376323,169.47339907054072,-0.005508988,-0.00044848124,-0.0076053194,-0.03140954,32.536457,1080.0
3275,173.38011658397858,169.669995012927,-0.0056198686,-0.0008497026,-0.004531295,-0.029859247,31.42456,1080.0
3276,174.75866485230173,171.01336751202933,-0.005613991,-0.000979812,-0.0042225025,-0.029073263,31.033033,1080.0
3277,173.80133521693952,171.96271462577462,-0.0061858,-0.0010750665,-0.004736441,-0.029454097,30.867764,1080.0
3278,170.46713444189373,172.01770748681992,-0.006165681,-0.0011003141,-0.0046123364,-0.030395804,31.511269,1080.0
3279,167.92116291171544,171.458535154035,-0.005888197,-0.0008284957,-0.0045902957,-0.029415965,30.573946,1080.0
3280,168.55645894997522,169.72824128069914,-0.006255086,-0.00086643075,-0.0054867216,-0.029288087,30.40847,1080.0
3281,171.12175296000896,166.4899041068676,-0.006182635,-0.00047745882,-0.0058533847,-0.02810371,29.540361,1080.0
3282,173.42228941182898,163.21156152234641,-0.0062887687,-0.0009154567,-0.0077221906,-0.027129957,29.02452,1080.0
3283,174.70190660667754,162.35250109393317,-0.005202795,-0.0010310138,-0.0046079285,-0.028216468,29.060366,1080.0
3285,173.86790842311967,164.86637882556934,-0.0024546306,-0.0016244958,-0.03001042,-0.12024307,134.92348,1080.0
3286,169.62011098947872,167.88290536741846,0.0012992012,-0.0027801513,0.009938727,-0.047456585,59.676044,1080.0
3287,164.3090210730127,167.73133659250175,-0.009949239,-0.0001900567,-0.009995354,-0.046723768,61.73817,1080.0
3288,162.80137927435342,166.0444717740086,-0.038427565,0.0029455961,-0.0457441,-0.024742804,46.256462,1080.0
3289,165.74311682717942,167.50802915995502,-0.028973162,-0.0015802454,-0.020689053,-0.056057766,66.551704,1080.0
3290,169.01454227652735,171.5939165489896,-0.023235971,-0.008143729,-0.003948805,-0.0897763,98.34709,1080.0
3291,170.13427217841922,171.6384770452069,-0.020797674,-0.0063226772,0.006763995,-0.10032131,111.20972,1080.0
3292,170.63067625483913,163.81559722901508,-0.019512882,-0.0044832584,0.023677006,-0.11275742,130.64105,1080.0
3293,171.49619384829376,154.05518390214127,-0.019047603,-0.007585144,0.03336967,-0.10413971,127.35131,1080.0
3294,169.66275786405043,151.4565465679449,-0.016656663,-0.0065769902,0.040885247,-0.10798303,138.60802,1080.0
3295,162.45780695327684,156.68074903508577,-0.013970043,-0.009766925,0.051581375,-0.112269364,145.77428,1080.0
3296,152.24036405968423,162.21362694256467,-0.013988467,-0.012373069,0.06259285,-0.11158524,151.00351,1080.0
3297,142.3791490333494,162.28352265064996,-0.013161779,-0.010814864,0.075421706,-0.10846131,159.13489,1080.0
3298,133.64877891313358,158.19523687965582,-0.013141717,-0.011842685,0.07956119,-0.108272046,164.70595,1080.0
3299,126.47045798251818,154.87223285408228,-0.0027234112,-0.009838471,0.13531053,-0.10392679,183.69383,1080.0
3300,121.67069845141825,154.85390875132973,-0.0047960635,-0.0105267,0.13167424,-0.10550546,192.66528,1080.0
3301,118.98183914936902,156.5093979357228,-0.003986839,-0.012232463,0.13686247,-0.10255757,193.78429,1080.0
3302,117.15769693537358,156.81660818659816,-0.00570933,-0.013275768,0.14255309,-0.105240345,201.43445,1080.0
3303,115.08383353924262,153.50420735235525,-0.006134259,-0.011557516,0.15717965,-0.10716623,216.074,1080.0
3304,112.59781418663826,145.25510548065574,-0.0050884103,-0.007459005,0.17477213,-0.0965367,227.55984,1080.0
3305,110.4096261038823,132.3218428602955,-0.000994421,-0.001872762,0.21819492,-0.077466555,242.70187,1080.0
3306,109.15713120687045,116.66941899281247,0.0062890514,-0.0040317113,0.22557887,-0.073015876,242.55592,1080.0
3307,108.87376027406437,101.63977470805989,-0.0019295587,-0.008425112,0.21843883,-0.086451866,251.26498,1080.0
3308,108.05467245776289,91.90555022823027,-0.003945527,-0.00563914,0.21969491,-0.082635924,250.03516,1080.0
3309,104.46188452504674,90.5838955702403,-0.008337346,-0.004656643,0.22267163,-0.09150526,251.19194,1080.0
3310,99.96053023221499,95.76201317338075,-0.014607522,-0.0074174106,0.20702831,-0.10580608,247.98935,1080.0
3311,100.8768635776498,103.16893769213068,-0.010593556,-0.0032745362,0.21174,-0.09534963,253.38327,1080.0
3312,110.06136060323064,110.41502278413375,-0.0094181765,-0.009484863,0.20365103,-0.11174011,248.32759,1080.0
3313,121.72970278831387,115.85089653403355,-0.0072099473,-0.0029683996,0.22227308,-0.09193031,242.97871,1080.0
3314,126.87709820733467,117.20865053922381,-0.007827081,-0.0017014114,0.21780847,-0.08234032,247.56366,1080.0
3315,122.96925566993288,114.16418297719278,0.00077367714,-0.0010125054,0.21926439,-0.07782406,239.75186,1080.0
3316,116.14057492592717,110.0173644282972,-0.00039028592,-0.001852417,0.21104465,-0.07810816,234.55258,1080.0
3317,113.77167907062332,109.09310005967939,0.0026376229,0.008737409,0.20805766,-0.06613713,224.45308,1080.0
3318,117.38862245845708,112.88547617416346,0.0040344237,0.008242006,0.20031196,-0.074144945,217.47258,1080.0
3319,123.31487009599704,119.48619524079652,0.0072860154,0.009105202,0.18830906,-0.07446063,203.18338,1080.0
3320,127.63242803759715,125.90829606493989,0.011798322,0.009236597,0.17047627,-0.06736755,177.07072,1080.0
3321,129.38292698107819,130.27210951054263,0.014075837,0.0038070679,0.16067381,-0.07682165,168.77203,1080.0
3322,130.37310891654542,132.6091662237371,0.0135900425,0.0005225288,0.14695819,-0.077495515,157.65904,1080.0
3323,133.31976127673792,134.0742228540224,0.015334631,0.0035967792,0.14177077,-0.07177723,152.92923,1080.0
3324,140.190405066949,135.65757226837798,0.012216073,0.0021853978,0.14548363,-0.07522747,153.15968,1080.0
3325,150.21056512944418,137.47712556565384,0.012551767,0.0025138007,0.13027503,-0.072706036,134.00403,1080.0
3326,158.99924372443286,138.83208526788505,0.010489456,0.00066743075,0.11156051,-0.07432282,122.02634,1080.0
3327,162.29903207998203,139.36463089422924,0.012919108,-0.0006790161,0.10001096,-0.075337924,110.664986,1080.0
3328,160.26709687929673,140.20615192737833,0.014349252,0.0029506541,0.09395379,-0.06835508,102.6356,1080.0
3329,156.08927469722997,142.79526347821616,0.010962592,0.003344331,0.088596486,-0.06592303,98.14502,1080.0
3330,152.37682930683764,146.90168935742105,0.010827185,-0.00088133634,0.07012205,-0.05871096,83.70975,1080.0
3331,150.78629649781507,151.43172505600435,0.010553092,0.0011831778,0.06540584,-0.059149284,82.35579,1080.0
3332,152.46252438158137,155.50119744650377,0.008575552,0.0018335413,0.053568408,-0.06021754,78.888596,1080.0
3333,156.44314962641266,157.3749402760419,0.008396968,0.0015031038,0.054277547,-0.061789818,76.12213,1080.0
3334,159.41835020533432,155.1479317384605,0.008108521,0.0011861731,0.046870816,-0.061577294,71.815315,1080.0
3336,157.45301322744925,148.05649877003063,-0.012238566,-0.0072620534,0.11750228,-0.16181171,232.6918,1080.0
3337,146.87519246154451,135.02435576441465,-0.0074916133,-0.010433339,0.13654587,-0.20249164,258.38913,1080.0
3338,127.56889739698158,116.27167242077297,0.0031993724,-0.0004844383,0.12634763,-0.21377185,265.94305,1080.0
3339,106.32326639660747,97.4836904904323,0.0011201646,-0.004132193,0.09629302,-0.22331114,253.3271,1080.0
3340,91.85987729889818,86.15241293377997,-0.007068436,-0.0073710126,0.049865495,-0.24536823,254.44786,1080.0
3341,86.87932280428397,83.79719380767376,-0.0065338137,-0.0104171755,0.04565113,-0.24640407,251.55722,1080.0
3342,87.2739951352453,85.68950894344128,-0.0038723415,-0.0113088535,0.03945663,-0.23713379,244.0757,1080.0
3343,87.68036302478146,86.79451224742003,0.00071659795,-0.008863887,0.048079878,-0.23717612,251.13333,1080.0
3344,86.22394102235326,85.71542986815787,-0.00016547309,-0.008685077,0.0516753,-0.23771109,253.84007,1080.0
3345,84.20399686885756,83.84150733205193,-0.0022023518,-0.008752498,0.050054252,-0.23413944,252.67749,1080.0
3346,83.41427543175186,82.8179251326669,-0.0033562554,-0.0097303605,0.061823867,-0.23137648,253.77678,1080.0
3347,84.70190649951678,83.21285927687376,-0.0042308667,-0.010880534,0.054445054,-0.23298515,258.2179,1080.0
3348,87.70734913142415,84.35238726407312,-0.0048880116,-0.012873671,0.05624209,-0.23597802,259.57922,1080.0
3349,91.49521711869014,85.69103065841705,-0.01737863,-0.017312735,0.00728432,-0.21038835,221.25249,1080.0
3350,95.20857985853836,88.901069974827,-0.018317554,-0.01557069,-0.011740225,-0.18716012,193.61063,1080.0
3352,99.03070052781106,96.65868679399057,-0.0013790554,-0.0022905138,-0.0032715974,-0.08226971,85.33238,1080.0
3353,107.03288937016951,109.21972891841347,-0.017191568,-0.003394346,-0.0383962,-0.09228098,91.759834,1080.0
3354,124.20524311131612,123.91334415666499,-0.018958932,-0.0057234303,-0.04639915,-0.07301079,76.6771,1080.0
3355,145.90792965724728,137.14388938294772,-0.020321826,-0.0051907008,-0.050617754,-0.10109993,106.704346,1080.0
3356,158.1551037726713,146.31510649879286,-0.021067979,-0.0013052481,-0.06199595,-0.09521213,106.78233,1080.0
3357,153.49286645477667,152.01134150984117,-0.012734646,-0.004468395,-0.043752655,-0.098904416,106.93519,1080.0
3358,140.7929972102624,157.51388330596686,-0.016171716,-0.0035807856,-0.051285468,-0.08902466,98.8085,1080.0
3359,135.15106247207825,162.40955096596127,-0.012858243,-0.0037652475,-0.04379148,-0.09934203,105.79971,1080.0
3360,141.3407989021716,161.29115711677497,-0.005823828,-0.0064717894,-0.042606495,-0.09878396,106.05699,1080.0
3361,151.36371848531846,153.21076682005682,-0.0035391347,-0.0041705095,-0.044076256,-0.097730935,111.58654,1080.0
3362,155.534610229011,144.62222282892898,-0.009397436,-0.0030242638,-0.05801561,-0.09931824,113.219925,1080.0
3363,151.10041200301143,140.6067806950336,-0.011747573,-0.003105107,-0.059283108,-0.09992987,115.37812,1080.0
3364,142.05172212509834,140.45788457083438,-0.009567034,-0.003350943,-0.06520595,-0.10215892,117.211975,1080.0
3365,134.55118394557417,141.85769390501588,-0.007880034,-0.003705597,-0.068156205,-0.10061674,121.140656,1080.0
3366,131.87063067832503,144.15241548518307,-0.009811119,0.0009880913,-0.07828019,-0.09255826,124.422295,1080.0
3367,132.6494782460285,147.05918744831905,-0.0037880791,-0.0014394972,-0.07322682,-0.09965611,130.40135,1080.0
3368,133.69801716414813,149.32161620927167,-0.0039853132,-0.0027978402,-0.06799938,-0.0968533,127.06256,1080.0
3369,133.68507445760812,150.31637839045428,-0.005651742,-0.0018114443,-0.072858006,-0.09449926,128.41399,1080.0
3370,134.08267992986848,150.68869581966578,-0.0118549485,-0.00050831545,-0.08208782,-0.07808863,118.44608,1080.0
3371,136.49779238289204,150.10537377153577,-0.0129865855,0.00019898592,-0.08789972,-0.06903924,113.83425,1080.0
3372,140.04290891415656,147.15598206292066,-0.014269906,-0.00020076611,-0.09564554,-0.06936324,114.624756,1080.0
3373,141.91893836752087,142.03385769984453,-0.015074949,-0.0007032889,-0.10816131,-0.06189236,118.70076,1080.0
3374,139.66223233975086,136.77217651816127,-0.014532641,0.0010893645,-0.11006634,-0.055887718,117.911606,1080.0
3375,133.54379919097732,133.26487495791193,-0.015445455,0.0046698395,-0.111341685,-0.045522224,110.95704,1080.0
3376,126.95506286587495,132.63793669506575,-0.017017506,0.0034020317,-0.11130885,-0.043856528,106.768715,1080.0
3377,122.97260973720451,134.84543356023022,-0.017432658,0.0037845187,-0.114004575,-0.0371675,102.05628,1080.0
3378,122.18930917992627,138.2899440259383,-0.016509276,0.008504825,-0.11195323,-0.023357024,99.64833,1080.0
3379,125.09949239009612,141.22145716042579,-0.011412839,0.008712006,-0.10225655,-0.025815384,97.76087,1080.0
3380,132.46634143604868,142.8773100973494,-0.006162008,0.010771462,-0.099864595,-0.028277192,110.249084,1080.0
3381,141.89891823730545,143.40328723897903,-0.0063730874,0.012679149,-0.0962547,-0.019807773,102.11703,1080.0
3382,148.29674235483606,143.51382979007948,-0.0011036061,0.012876327,-0.08381297,-0.019003268,100.93801,1080.0
3383,148.57504840992829,143.65279118458147,-0.009831407,0.012896983,-0.07740998,-0.018945679,83.5471,1080.0
3384,143.52135391091846,140.0287096385012,-0.017577222,0.013816861,-0.09590652,-0.019447496,88.248695,1080.0
3385,136.14684746837187,123.92421224581392,-0.018177344,0.01113431,-0.08383806,-0.017926563,76.25162,1080.0
3387,130.57056131267424,99.26908823179159,-0.020933872,0.004188142,-0.1214872,-0.061157793,126.20672,1080.0
3388,130.90126764304057,91.23785819415048,-0.008556224,0.003782569,-0.10268888,-0.060998254,125.9359,1080.0
3389,137.6832215154146,114.2942398800062,-0.0050683483,0.009103732,-0.10352981,-0.050824765,128.06801,1080.0
3390,146.24380738198354,146.33722679999812,-0.014997695,0.020572832,-0.114139475,-0.023466775,124.996544,1080.0
3391,152.14685282040637,149.84312703619975,-0.008761258,0.02155609,-0.11574006,-0.031728674,137.68388,1080.0
3392,155.70276126549578,113.09677474229139,-0.0002573649,0.017847018,-0.10888322,-0.038794737,142.15404,1080.0
3393,158.20979759623066,69.91492859631983,-0.008834726,0.007704869,-0.10797396,-0.039591584,118.123634,1080.0
3394,159.3134872695996,67.59348142420802,-0.009214444,0.013286563,-0.103126466,-0.02979547,109.72765,1080.0
3395,159.52522859046977,112.59312322781807,-0.008514292,0.010837724,-0.09461941,-0.029147057,102.1878,1080.0
3396,159.3178470983348,166.69370398385186,-0.010593612,0.010271624,-0.11078166,-0.028059246,115.81076,1080.0
3397,157.84527237633003,192.82110293166727,-0.006802764,0.0122653255,-0.12098632,-0.034047417,136.94617,1080.0
3398,157.07196969532933,186.95359246192893,0.0055752224,0.007952344,-0.11748166,-0.04408298,152.00801,1080.0
3399,160.86146006703325,169.48527661568247,-0.0037348995,0.009177795,-0.11563139,-0.047841843,134.27254,1080.0
3400,167.07382384907797,158.37433137435073,0.004120297,0.0051502935,-0.08687284,-0.047335476,119.79385,1080.0
3401,168.3059393089309,155.65849898882064,0.005427975,0.0066836323,-0.07643447,-0.04366955,109.43975,1080.0
3403,162.69741393350145,155.04220484164347,-0.016802639,-0.021309124,0.16782203,-0.07854001,195.30092,1080.0
3404,157.25594467464282,151.6217974416931,-0.017153818,-0.022563228,0.14877036,-0.07613805,173.37384,1080.0
3405,157.1847509231828,144.5582834407896,-0.012982743,-0.02108417,0.106306404,-0.06974055,122.526985,1080.0
3406,158.8415538677847,138.33816247814934,-0.013099953,-0.016033653,0.05959405,-0.047099728,85.96644,1080.0
3407,158.20516180085698,139.40916688889766,-0.009594953,-0.014451175,0.026523845,-0.051365547,45.656693,1080.0
3408,158.1770272153126,148.3028704269751,-0.0139727555,-0.025949493,0.00962694,-0.073050946,44.473156,1080.0
3409,162.64349225088986,158.80068255559277,-0.023677006,-0.023941182,-0.006197781,-0.06730779,43.58342,1080.0
3410,169.8994841598496,165.00940457026823,-0.019431673,-0.015157318,0.033785786,-0.07642653,82.77186,1080.0
3411,174.98950437151302,164.6495349699072,-0.030753242,-0.018302634,0.03647834,-0.09917238,110.74527,1080.0
3412,175.1233589281721,156.72930406283777,-0.030567989,-0.017618334,0.042591464,-0.08877609,120.61684,1080.0
3413,171.4263867117628,142.61155427778948,-0.032872517,-0.013125611,0.03989642,-0.100614056,131.39484,1080.0
3414,167.47839080426112,129.22605262622798,-0.030632867,-0.0052351775,0.04430056,-0.098674014,134.98581,1080.0
3415,166.67520979552455,125.0859202477455,-0.031069268,-0.0022456981,0.040330563,-0.09921621,130.95851,1080.0
3416,169.6780004072451,132.14856436528774,-0.031690698,-0.0043630246,0.036677156,-0.10086512,127.50339,1080.0
3417,174.2433907550106,144.25697879828664,-0.022938933,-0.0034022296,0.056971572,-0.10017539,139.8349,1080.0
3418,177.41679860542217,152.844497381699,-0.02459649,-0.003964742,0.07343411,-0.12178153,159.61569,1080.0
3419,177.642254583134,153.05866997141067,-0.02031623,-0.0046701785,0.07795376,-0.12091384,159.17323,1080.0
3420,175.23488253822273,146.46366791303095,-0.01956256,-0.003790594,0.07085605,-0.10929673,155.47482,1080.0
3421,171.33126300133944,140.01122015170338,-0.024496572,-0.010237347,0.0526088,-0.110161,147.8322,1080.0
3422,167.33929862325627,141.0924377629975,-0.026529497,-0.012417235,0.03935185,-0.1047784,137.87248,1080.0
3423,165.3653137338209,150.892949094187,-0.016622528,-0.010587933,0.060896922,-0.10393513,140.61745,1080.0
3424,166.25357523271592,163.1405531491842,0.004941587,0.0094620595,0.12003349,-0.054999486,156.45775,1080.0
3425,166.83553775390715,170.51059939272852,-0.016967887,-0.009851611,0.06595821,-0.08713314,141.47264,1080.0
3426,162.7956917199781,170.47540810343372,-0.021149585,-0.01728298,0.061796457,-0.10481954,143.59734,1080.0
3427,154.42329773162538,165.6109165440203,-0.0013162119,-0.009899761,0.11637641,-0.09511374,165.48643,1080.0
3428,146.19239430715783,160.7324770860491,-0.012122712,-0.029059658,0.09947798,-0.13269837,176.0786,1080.0
3429,140.98814511171375,158.67982153874698,-0.005069648,-0.030359283,0.098826714,-0.13458988,166.30008,1080.0
3430,138.44298194529685,158.5308355718673,0.0067921956,-0.0197887,0.11483612,-0.10567093,153.91219,1080.0
3431,138.25735583661685,158.09416215871175,-0.019719554,-0.018609082,0.07550823,-0.1090763,170.66026,1080.0
3432,141.14747952243312,156.1181826469436,-0.017688157,-0.007739823,0.09037261,-0.089302376,170.59984,1080.0
3433,146.73536487319623,151.617470087939,-0.01578307,0.0020724544,0.09614829,-0.07041216,175.01808,1080.0
3434,151.5433373415053,143.0097735009405,-0.028050289,-0.0017521894,0.09379295,-0.06869023,176.43272,1080.0
3435,149.59790178821348,130.3186171294175,-0.025991822,-0.0059726574,0.0996161,-0.08334506,172.33215,1080.0
3436,139.56280397168578,116.95260715259025,-0.026805963,-0.007266942,0.10076424,-0.085996784,171.3055,1080.0
3437,130.20478572140328,106.51705262246318,-0.030108472,-0.013449831,0.11349561,-0.0940697,175.85493,1080.0
3438,131.3297256666814,100.10716338505333,-0.037217714,-0.009626431,0.084415294,-0.095973514,164.78198,1080.0
3439,141.99218877556154,98.16716847908586,-0.034732226,-0.010671291,0.11065261,-0.0926642,176.37312,1080.0
3440,153.4979674877865,101.44561679144198,-0.034252364,-0.011060305,0.11215204,-0.0799981,180.1526,1080.0
3441,159.8031878481951,108.7223073947028,-0.032865625,-0.015224344,0.13052255,-0.08421851,189.60027,1080.0
3442,161.53052719371146,116.1045336469883,-0.033702653,-0.0151037425,0.13839898,-0.08039752,193.26881,1080.0
3443,162.59419243473266,120.030637358473,-0.030924875,-0.015893329,0.14416589,-0.07886677,190.22713,1080.0
3444,165.08447823167438,120.15829099971978,-0.0298198,-0.01339117,0.15514894,-0.076748684,197.99129,1080.0
3445,167.62183588199457,118.7576667772088,-0.029697107,-0.012237238,0.15625498,-0.071869716,196.44037,1080.0
3446,167.6907413577437,118.0973190915839,-0.028843407,-0.011031709,0.15720005,-0.07130325,198.09631,1080.0
3447,164.24924333756172,118.87651241626024,-0.025832847,-0.009448129,0.1605523,-0.067166135,200.98297,1080.0
3448,158.12383061329973,120.51048670266064,-0.013800558,0.00061029504,0.18345863,-0.04602616,211.48778,1080.0
3449,150.7596795176177,122.33554690528757,-0.010550775,0.00276396,0.18820354,-0.049469024,214.99467,1080.0
3450,143.04304972137788,124.03137102585163,-0.008351192,-0.0018383168,0.18995367,-0.0552922,214.22598,1080.0
3451,135.59836023765754,125.1539952288154,-0.006800616,-0.0015321802,0.1910059,-0.052196417,213.04169,1080.0
3452,130.11660046687916,126.10879870151945,-0.013051125,-0.0020551328,0.1746126,-0.0687183,207.13861,1080.0
3453,129.3199108374695,128.96022955962002,-0.007074031,-0.0033706664,0.17893264,-0.06774948,213.11261,1080.0
3454,133.9764460697529,134.39881788563855,-0.002647852,-0.011404814,0.16082673,-0.07893996,204.95401,1080.0
3455,139.9346221960116,140.1926993985397,-0.011362712,-0.013171443,0.15926497,-0.09225368,208.4592,1080.0
3456,141.63612434634751,144.15052978788475,-0.02119638,-0.013030893,0.16234396,-0.108760215,217.948,1080.0
3457,139.51430776020982,144.70312003227676,-0.014949375,-0.012189653,0.1726822,-0.12068408,229.04523,1080.0
3458,139.94893911018892,141.8547973378909,-0.008199,-0.010871407,0.19031326,-0.12259654,237.51675,1080.0
3459,147.1804846890793,140.19299092060712,-0.003068486,-0.014326053,0.17684416,-0.10403937,220.68633,1080.0
3460,158.44755726772155,144.8780864343446,-0.0015258789,-0.01926035,0.19504733,-0.1081467,230.1488,1080.0
3461,168.03059312860137,155.42614019790182,-0.00020328097,-0.015014055,0.1890577,-0.08696323,217.49597,1080.0
3462,172.58321124328887,166.45009926379345,-0.0022111682,-0.012547556,0.18905245,-0.08363568,223.4105,1080.0
3463,171.8975837238501,172.76308644807855,-0.0025285508,-0.014328088,0.17070392,-0.083265916,206.52838,1080.0
3464,166.28890583126469,172.76893036723294,-0.005736344,-0.0020978292,0.1660991,-0.059221253,201.99191,1080.0
3468,154.23341930353408,167.01899681177434,-0.004020295,-0.017600449,0.21437949,-0.09574907,244.44913,1080.0
3469,140.01465513983868,158.4852073454793,-0.0036044086,-0.01630557,0.1847688,-0.079670236,216.45903,1080.0
3470,137.55147830159734,154.13619832268193,-0.013039879,-0.01806474,0.15588684,-0.069528736,196.0579,1080.0
3471,152.44174224317536,158.37062747777114,-0.004321176,-0.0034784952,0.12659279,-0.031201709,152.45096,1080.0
3472,172.11064455501702,166.71983732922803,-0.0025357846,-0.00055349845,0.13257627,-0.022646135,157.6849,1080.0
3473,181.25996786205184,170.37474608195103,-0.006040559,0.0018578706,0.13038749,-0.020506937,157.54538,1080.0
3474,176.01600440693196,164.83369875181214,-0.005507745,0.00052583485,0.11947677,-0.02302814,146.32323,1080.0
3475,163.8430243289306,153.89902911640183,-0.004292919,-0.006033975,0.12920928,-0.038290717,155.67552,1080.0
3478,155.73031381590368,146.34192493299025,-0.0047833477,-0.032200452,0.22881532,-0.10893682,272.84357,1080.0
3486,157.8017083426161,148.33562846500593,0.003471205,-0.024682928,0.20099498,-0.0012701247,210.27107,1080.0
3488,167.77202614008695,158.20312750293434,-0.006332963,-0.03702658,0.23958153,-0.11018287,289.93304,1080.0
3489,177.77552585011662,168.7086914648799,-0.0016204269,-0.03776833,0.26264116,-0.10632525,292.49265,1080.0
3490,181.55292954102873,174.6803380287492,-0.0030857227,-0.03357256,0.25357202,-0.09571389,287.97888,1080.0
3491,179.38913041518106,176.40963651356782,0.0016881307,-0.032480538,0.27987614,-0.09024639,300.70786,1080.0
3705,173.7633031412709,174.27968976922983,0.00039797183,-0.0034331146,0.06721044,-0.018116562,69.59481,1080.0
3706,161.5770717284138,163.2803596176793,0.0012755217,-0.0036575317,0.058715593,-0.017672475,57.69905,1080.0
3707,139.62209091639383,141.2758550370235,0.0022132026,-0.0016517922,0.06843928,-0.01649916,69.80697,1080.0
3708,116.30209540637894,120.15528519320162,0.0026002107,-0.00297196,0.06044696,-0.02162583,60.871044,1080.0
3709,104.94650898899171,115.27545943718556,0.0018716317,-0.002619369,0.05573821,-0.023003811,60.39576,1080.0
3710,107.8374646969729,127.30445199977963,0.0035300925,-0.0002222697,0.054202385,-0.016399808,54.51299,1080.0
3711,116.55881378250162,144.06768661479572,0.00303616,-0.00063284417,0.054194473,-0.01612125,56.109455,1080.0
3712,123.71175281840443,155.05192083546027,0.0032997413,-0.001429466,0.05374801,-0.01943755,56.58835,1080.0
3713,127.65526054970523,158.79850764258995,-0.000801482,-0.0016388504,0.060680814,-0.02409035,65.807724,1080.0
3714,130.7268597602336,158.31401469501637,-0.0038156016,-0.00092434353,0.0606113,-0.021418706,68.56366,1080.0
3715,136.93309043541535,154.44403297307053,-0.0023893004,-0.000853814,0.06348176,-0.01819588,69.98433,1080.0
3716,146.52418165286178,147.3661113764737,-0.0052128546,-0.000732987,0.058893614,-0.014448999,68.27895,1080.0
3717,153.20733174709383,139.08565667125427,-0.0038647687,-0.00057203503,0.06128314,-0.011872751,69.916725,1080.0
3718,150.55242224098933,130.62598532285608,-0.002984054,-0.00062600593,0.06400836,-0.009699051,69.91678,1080.0
3719,138.85344539556075,122.32712981457537,-0.0015086987,0.0001570525,0.06528467,-0.003970224,69.38875,1080.0
3720,124.20592914763674,116.5620649457393,-0.00070699054,0.0017996329,0.06699739,-0.0025186609,70.22668,1080.0
3721,112.56640994366136,115.83350260810278,-0.0014104772,0.0015656648,0.06334805,-0.00070749916,68.304565,1080.0
3722,105.53942119532817,119.41595793170936,-0.0013604058,0.0018702189,0.06361943,-0.0002641466,68.04647,1080.0
3723,101.10977080864228,123.24554262712657,0.00013585974,0.003788814,0.06830625,0.0044115987,68.95243,1080.0
3724,97.0850714844448,123.23774939758005,0.0010683413,0.00424703,0.066126056,0.00023249873,67.98551,1080.0
3725,93.9436286184902,118.8102188406148,0.00041300457,0.0046758014,0.066910245,-0.002149483,69.16934,1080.0
3726,94.35993204550456,113.06267877366778,0.00013032136,0.005344589,0.06354664,-0.0006761056,65.883095,1080.0
3727,99.57376445073989,110.17876122904912,-0.00044555665,0.002857632,0.05818527,-0.0016702722,62.040997,1080.0
3728,107.94244582116357,112.6334272582982,-0.00058051216,0.0020463732,0.05687482,-0.006828704,60.777813,1080.0
3729,116.21702905839777,118.92081900113921,0.0017969202,0.0053971466,0.062047888,-0.0023254112,63.088203,1080.0
3730,120.0171108621962,123.6702403553498,-0.00039695457,-0.0015438221,0.05432581,-0.019778414,60.60772,1080.0
3731,116.68443906072017,123.06529660018236,0.00096379034,-0.0011830083,0.056750037,-0.017192388,60.167225,1080.0
3732,109.60713616221894,119.78390146898796,0.0013930709,-0.00010997631,0.054502927,-0.01919112,60.461025,1080.0
3733,105.54938605995626,119.3148115655743,0.0023912217,-0.00019330624,0.05539076,-0.019828599,60.506504,1080.0
3734,107.55174674476466,124.1705842039819,0.0012549507,-0.001489936,0.048241057,-0.020922258,56.562008,1080.0
3735,113.46567834432281,134.2884821259185,0.0040245904,0.0007012261,0.052232757,-0.015227395,56.0752,1080.0
3736,119.75140725608195,148.07511823294504,0.0041259765,0.0023788451,0.050199155,-0.010620428,54.427868,1080.0
3737,124.29433263285664,161.4441858617678,0.0034328885,-0.00049017445,0.050062165,-0.017061502,53.99205,1080.0
3738,126.78616474498085,169.70794667561205,0.0044076424,0.0021273296,0.05102618,-0.016131451,54.67373,1080.0
3739,127.84478718161841,170.85438068959496,0.0035947447,0.0010650917,0.047850434,-0.019735971,53.93506,1080.0
3740,128.06307563235947,166.35244554520978,0.0028165465,-3.4417048e-05,0.0467891,-0.021770619,53.292244,1080.0
3741,128.0403181011826,159.62249183611243,0.0037950303,7.705689e-05,0.04523349,-0.018066887,49.762318,1080.0
3742,128.8180686650379,154.60824379668813,0.0010399712,-0.0009962294,0.040647946,-0.02182261,49.323147,1080.0
3743,130.87278077150276,154.19324937036492,0.00022684733,-6.1628554e-05,0.04180897,-0.019467587,49.438305,1080.0
3744,131.53887607256962,155.95501012839694,-0.0026407877,8.612739e-05,0.03688264,-0.024219258,46.736748,1080.0
3745,126.14214727154754,152.96351477637901,-0.0026992233,0.00015058165,0.03140835,-0.02534516,42.025143,1080.0
3746,114.70702096508496,143.1679079732363,-1.9214772e-06,0.0010556256,0.034393083,-0.024653286,42.394356,1080.0
3747,104.26164306292036,131.63907576726703,0.0026293718,0.002927088,0.036724176,-0.021266315,41.35406,1080.0
3748,101.43549106327237,122.99461778368169,0.0022002044,0.0028530827,0.034073554,-0.02408125,40.74411,1080.0
3749,106.00264342629113,119.05864712022819,0.0026239466,0.0032321224,0.028817296,-0.017038444,35.05197,1080.0
3750,113.87137896154577,120.99719377140481,0.0015912091,0.0032843978,0.025648668,-0.016535949,33.9162,1080.0
3751,122.14443336976746,127.44878452780056,0.00068811484,0.0023456714,0.022764983,-0.01903856,32.35506,1080.0
3752,129.4942965180812,133.82146663816582,0.0018840649,0.003404038,0.020544887,-0.013015662,25.675821,1080.0
3753,135.77258267991417,137.25457975374138,0.00073434337,0.0036197521,0.014518795,-0.010338762,22.448929,1080.0
3754,141.91661234224125,139.6363595575844,-0.00039774578,0.0036391364,0.011836073,-0.012206692,21.957312,1080.0
3755,148.3178470127894,143.95632570226064,-0.0022004305,0.0024707653,0.0075437194,-0.016523404,21.943932,1080.0
3756,154.0903045818455,150.20617216232412,0.0022408944,0.002856728,0.01085465,-0.00938051,13.010713,1080.0
3757,158.70315325738645,156.48910680630934,0.006009702,0.0040263142,0.0153234415,-0.007769832,15.71792,1080.0
3758,162.87716098669955,161.70950393007723,0.005717638,0.0025409274,0.015005267,-0.011927372,18.752228,1080.0
3760,166.53533688934874,165.00447469962103,-0.0016827054,0.006756168,-0.25849965,-0.032247644,287.10764,1080.0
3761,168.07789644715493,164.99049460670278,7.00774e-05,0.005407404,-0.2614307,-0.030008981,293.10995,1080.0
3762,167.08517401545805,161.81545331582805,-0.0008559615,0.010915092,-0.25184935,-0.00955107,279.90494,1080.0
3763,165.11215760406662,158.01205082807158,0.0009688766,0.012087928,-0.24938208,-0.00079068786,277.25458,1080.0
3765,163.70450729554648,156.45410178100002,-0.004833306,0.008502169,-0.2897188,-0.021548433,318.34235,1080.0
3766,163.67456597713291,158.96385392595934,-0.004858342,0.014283894,-0.29652393,-0.005866298,326.21582,1080.0
3767,165.57262310006232,165.18059740543978,-0.0005796644,0.011715924,-0.29292107,-0.0039938185,321.4171,1080.0
3768,169.40609890610355,171.35732873646765,-0.00092129176,0.022362547,-0.27148354,0.0286206,303.76996,1080.0
3769,173.9660492340592,173.41795762085053,-0.0005602236,0.020893916,-0.28863266,0.026050907,322.77893,1080.0
3820,177.26293206883642,171.80243996461752,-0.0067222314,0.016099831,-0.2746981,0.040604033,294.88528,1080.0
3821,177.88014087516947,170.28114748942085,-0.0025895296,0.018500943,-0.2703454,0.04795583,298.48584,1080.0
3822,175.60228522924987,170.60543297503986,0.0005624277,0.018166889,-0.25868565,0.04779974,291.68362,1080.0
3823,171.3826258375085,171.69425558251103,0.0009426541,0.017082553,-0.25626856,0.04858523,289.52438,1080.0
3834,167.54630697725378,172.75318560643612,-6.28436e-05,0.01481069,-0.26860207,0.046327718,297.97412,1080.0
3835,166.57016336921595,173.2041357459995,0.0024874087,0.019607544,-0.26238334,0.05656162,297.96863,1080.0
3836,167.90465990833917,171.2423966938289,0.003376657,0.018676644,-0.26841602,0.0551807,306.31076,1080.0
3837,167.6589108094609,165.88762750166694,0.0040097274,0.020583712,-0.2707931,0.06011443,305.76126,1080.0
3838,162.89481917885334,158.6805142963659,0.003914614,0.019396069,-0.2739572,0.055017993,305.18008,1080.0
3839,154.49814287318216,151.74589389845187,0.0015380294,0.017306462,-0.27064714,0.050588932,301.52124,1080.0
3840,145.6750641140679,146.2546616531622,0.0018434877,0.020420386,-0.27068684,0.057251487,302.78055,1080.0
3841,138.09277321174025,142.28976871148058,0.0030726115,0.016036648,-0.2754703,0.052554548,309.43784,1080.0
3842,129.7253831230643,138.72094525908605,0.0015765155,0.016207037,-0.27683452,0.05085432,308.5268,1080.0
3843,120.95931982407765,136.21555593636236,0.0015076249,0.015048953,-0.27917206,0.048006807,310.8876,1080.0
3855,119.72722657255221,138.9646835082058,0.0049782647,0.007025881,-0.2550055,0.06409194,304.564,1080.0
3856,131.54791212268424,148.83524105763928,0.0025965373,-0.0039096973,-0.2714891,0.036696088,308.72516,1080.0
3857,150.2641633831659,161.77411893670273,0.0010650635,0.0054731583,-0.28049615,0.03379505,311.95676,1080.0
3858,165.3988142409429,172.39927720163809,0.0002295035,0.010850751,-0.2826703,0.03572467,312.48495,1080.0
3859,172.31747964084857,177.94680018102116,-9.008337e-05,0.013157032,-0.2879304,0.036591765,319.12625,1080.0
3860,172.83676841533998,178.28101398380755,-0.00013891149,0.017064864,-0.28201908,0.035604917,311.86157,1080.0
3861,171.08133492060517,175.537156409778,0.0013796206,0.017848827,-0.29003716,0.039089628,328.41046,1080.0
3864,170.40881279460712,172.854513766955,0.0031715676,-0.0101394085,-0.26241377,0.0045861136,297.89435,1080.0
3867,172.0302897168493,171.54891411156382,0.012099259,0.028279793,-0.28541973,0.07894875,347.16272,1080.0
3868,171.6011944821415,167.93841597514404,0.004072345,0.023101073,-0.325879,0.056515843,373.23636,1080.0
3869,159.33487168431782,154.82081543391476,0.00078611023,0.012717353,-0.3387759,0.041534707,379.7112,1080.0
3870,137.3582562068564,135.53084536945474,0.0020308883,0.01316664,-0.3451668,0.036192603,382.28732,1080.0
3871,127.56283944398899,128.75357413486174,0.0025179263,0.023232637,-0.30583405,0.046583444,354.26855,1080.0
3872,143.2289985959179,143.50982760788148,0.0032508567,0.023651293,-0.3185803,0.04645708,363.27734,1080.0
3873,169.61208942640275,164.00142690946916,0.004118347,0.023580141,-0.31375468,0.042959254,358.30917,1080.0
3874,183.18156237527836,170.32670545177047,0.003809724,0.021287763,-0.31446165,0.040425055,353.22958,1080.0
3875,175.6791739368679,159.9889120123345,0.0062728315,0.021534672,-0.3251236,0.045050047,364.22238,1080.0
3876,158.5309442764899,145.41462858466036,0.0054793744,0.022905365,-0.3194163,0.0494929,361.80682,1080.0
3877,148.81076294284267,138.83586619807326,0.0063732006,0.022688236,-0.3219452,0.052136738,366.74057,1080.0
3878,151.71856511742115,142.36089178570546,0.0059474236,0.020563988,-0.29898903,0.04842744,344.8356,1080.0
3879,159.5181185319677,150.04181965165662,0.005158601,0.019307455,-0.31594628,0.04826875,357.19437,1080.0
3883,161.18176663702812,152.41905822641544,-0.0042884545,0.005368494,-0.21867377,0.049793385,239.38918,1080.0
3884,148.62115598180478,140.41103409367446,-0.0027464125,0.0027498032,-0.18773639,0.03987585,211.70505,1080.0
3885,126.28839691646033,119.42900084678163,-0.00015688296,0.004607646,-0.17293644,0.03435697,198.16968,1080.0
3886,111.74194775604649,108.39343083214234,0.0009090282,0.0023089373,-0.17854416,0.026674906,201.20944,1080.0
3887,113.90717871806383,107.98532986044395,0.0035692567,0.00069031894,-0.15966018,0.027280228,187.02109,1080.0
3888,124.3647503031032,99.05447772450437,0.0064446344,-0.005548774,-0.14313558,0.016268356,171.12233,1080.0
3889,132.65163037074956,81.80387788579273,0.004943678,-0.0049606324,-0.14403619,0.018178755,170.5851,1080.0
3890,134.37530100273224,79.00023167989791,0.0039038765,-0.00087472424,-0.13003156,0.027803887,158.80728,1080.0
3891,129.39064946536269,97.58080114778947,9.426541e-05,4.1537816e-05,-0.12232208,0.041420493,150.59367,1080.0
3892,121.32328270529649,117.42824267110258,0.00013382523,0.0044882316,-0.11540776,0.055487458,143.3598,1080.0
3897,117.06554068386973,122.28055204702603,0.009037837,0.00075406674,-0.025966616,0.1520527,164.0972,1080.0
3898,123.63840732484172,120.77083086682936,0.003189539,0.0037747982,-0.03510618,0.14558338,157.61221,1080.0
3899,141.27405834203682,128.15120037939514,0.006322564,0.006101368,-0.0337226,0.14109729,150.2467,1080.0
3900,160.11731400949358,143.6263886951485,0.008553286,0.007920612,-0.03075799,0.13730288,142.93816,1080.0
3901,169.12687942409678,155.5334673850037,0.0065902146,0.0045735114,-0.037010476,0.13524136,146.29741,1080.0
3902,166.95717292026046,157.40863660853938,0.0034488253,0.007058716,-0.03894755,0.13576756,143.51651,1080.0
3903,160.74037565097944,152.3955210058251,0.007353832,0.0052758674,-0.041926518,0.13676684,146.48555,1080.0
3911,157.1704705259482,148.06693173777106,0.013374724,0.009821122,-0.03651564,0.16543494,169.71385,1080.0
3912,157.8607399156331,150.72422624946373,0.012723909,0.009065529,-0.04122337,0.15646249,162.45357,1080.0
3913,161.37975294217844,161.03345281722056,0.012774997,0.010027342,-0.036085453,0.15126671,156.19849,1080.0
3914,165.80111422493363,172.63861892490894,0.0049025924,0.00938133,-0.047484223,0.13920277,145.93535,1080.0
3915,168.90564581895487,176.72636567586048,0.0025435835,0.003887883,-0.0562257,0.13393226,152.04234,1080.0
3916,168.9113431440541,168.89647438473662,0.0070057055,0.0025498,-0.050965372,0.13237847,149.95917,1080.0
3936,166.35642358422808,153.3791444104986,-0.00031264976,0.00061580515,0.02037656,0.0606206,71.78158,1080.0
3938,162.21976372276808,138.5455862725899,0.008402704,0.007852625,-0.011712717,0.059332274,61.500515,1080.0
3940,151.04338685477805,122.94582664722186,0.016148603,0.0013989484,0.019444544,0.071522124,77.38042,1080.0
3941,122.78077325014128,97.39605115495613,0.015940165,0.0004292806,0.019833643,0.06592896,69.00476,1080.0
3942,78.7442501191964,67.3694136284054,0.01459807,-0.00046078718,0.022528034,0.078449026,83.56537,1080.0
3943,37.974185691054075,49.98273703608109,0.01628319,0.0004599677,0.024756651,0.07950143,87.06231,1080.0
3944,18.91485817328298,47.56618441176553,0.01346153,0.002404983,0.020235386,0.081771344,86.406555,1080.0
3945,20.36734111024174,47.68443363168034,0.014311219,0.0027314927,0.02254859,0.083006285,88.61219,1080.0
3946,27.685786790108892,42.2616852115089,0.0141027095,0.0018053126,0.02261751,0.08090478,88.27996,1080.0
3947,30.81548538724388,33.42741212119532,0.016963845,0.0011580008,0.027499333,0.08052131,88.090416,1080.0
3948,29.550687668772927,29.723856361631384,0.017247913,0.0007678844,0.024522288,0.081425734,90.871574,1080.0
3949,26.76176573102134,41.664031851140685,0.013622171,0.002661472,0.01769248,0.08473358,93.71554,1080.0
3950,22.51087520702637,72.6783799357404,0.014919563,0.0025421707,0.01759799,0.08067675,93.29704,1080.0
3951,16.871798110907925,107.87596255734708,0.016490456,0.002223799,0.024617767,0.08362475,95.08005,1080.0
3952,15.782645962127914,121.64937008126266,0.017942725,0.0026230142,0.026479933,0.08762973,99.4486,1080.0
3956,27.246649872336548,105.02926793729948,-0.0076897796,0.0025300202,-0.060322005,0.03453584,61.60654,1080.0
3957,53.753183182249856,75.83527184543016,-0.007520492,0.0025298789,-0.054503266,0.032402772,55.669502,1080.0
3958,92.48991279437246,61.34816089578103,-0.0037926002,0.004414198,-0.043157138,0.036083955,54.65127,1080.0
3959,134.86814873525879,72.62488191617166,-0.003904272,0.004633614,-0.037721675,0.032798626,44.751324,1080.0
3961,160.97328654475413,89.09754056660896,-0.0048446655,-0.0024639836,-0.08242117,0.008872986,83.91637,1080.0
3962,148.79352265951437,83.79899222881305,-0.008010582,-0.006037366,-0.080417804,0.011210999,75.42479,1080.0
3966,106.13557254886719,67.3168837417534,-0.008230026,0.0039303815,-0.058442067,0.028829787,51.59367,1080.0
3970,75.73470514531512,73.91005086949752,-0.0034549853,0.005795853,-0.08910907,0.00955415,93.3863,1080.0
3972,83.76852290156619,105.04824977978721,-0.0022312305,0.0101589905,-0.08404937,0.026540007,89.81918,1080.0
3973,110.67472094880392,129.03577853811473,-0.002185228,0.008220136,-0.051813986,0.01828308,52.513477,1080.0
3978,130.36970982375516,134.02079132649928,0.002935452,0.017008124,-0.2338324,0.036005825,257.50305,1080.0
3993,140.06836814930094,138.0555013196582,0.0037046645,-0.013029311,-0.019279705,-0.025697468,28.47999,1080.0
3994,142.21023429718562,150.34067745252764,0.0030452588,-0.018105881,0.018545024,-0.023854516,14.222939,1080.0
3997,133.66775430170958,158.6857460381718,0.0035038136,-0.014803427,0.08419918,-0.041822758,83.25827,1080.0
3998,120.2881211322058,154.02147140459078,0.00073276093,-0.010605763,0.07316148,-0.03412128,74.50346,1080.0
4001,116.35764014212165,144.3447282518167,0.0019651626,0.0023176689,0.091868594,0.000489355,95.650116,1080.0
4002,125.65808228600038,140.99056796987816,-0.001608672,0.00076432404,0.059244677,-0.0061920164,66.05534,1080.0
4003,138.61328074369143,143.95109263861684,0.0019321583,-0.0032735753,0.06227078,-0.015129005,65.807495,1080.0
4004,146.64208432830102,147.64145855965702,-0.0028006095,-0.0055050887,0.07252485,-0.0238446,82.75116,1080.0
4005,148.9170066731251,151.74247501124987,1.1698405e-05,-0.009393932,0.08562317,-0.037661772,87.82583,1080.0
4006,147.9076052717156,158.39873718117875,-0.0006870411,-0.010308216,0.089643575,-0.036796797,92.03586,1080.0
4007,145.71407895329594,165.69536941291682,0.0018359714,-0.008669818,0.083169326,-0.030819109,85.250114,1080.0
4008,143.78998965697608,169.323906731714,0.0036253186,-0.009086355,0.08096856,-0.02973531,81.83738,1080.0
4009,142.31997229197185,167.46102291516755,0.0037143847,-0.008982002,0.08359578,-0.030574488,85.12911,1080.0
4010,139.567873501141,162.04859107817282,0.004525983,-0.011349968,0.0846986,-0.033953235,87.74575,1080.0
4011,134.22552287502137,156.63728955325493,0.0030965735,-0.009029954,0.08518507,-0.035043843,91.3035,1080.0
4012,128.42287970655997,153.9497568641951,-0.0035476685,-0.004019956,0.08216858,-0.04051299,96.291756,1080.0
4013,125.68725761736324,154.33974072504373,-0.004543333,-0.00577856,0.09335005,-0.049664278,103.06328,1080.0
4014,127.07947340430815,156.08123638509778,-0.00543405,-0.005891927,0.08631473,-0.049345087,100.36557,1080.0
4015,131.7562938553279,157.27261297477006,-0.0073313396,-0.0033527515,0.07038919,-0.04304603,92.406296,1080.0
4016,138.84837296916427,156.413863165977,-0.01041548,-0.004210945,0.04832775,-0.048647027,80.95748,1080.0
4017,146.20319113839312,152.73404572380602,-0.0063878377,-0.004536466,0.043131907,-0.050456576,71.87579,1080.0
4018,150.73842136966863,148.32395403526345,0.0045233835,-0.0017624466,0.04836505,-0.050439283,73.35443,1080.0
4019,153.46980648025067,147.54082843027342,0.0039718063,-0.00036191588,0.04969607,-0.053407684,72.967125,1080.0
4020,158.84303668414265,152.0003232129029,0.008192161,0.00025581077,0.04761183,-0.053687852,72.888725,1080.0
4021,166.4751359060235,158.6850205905032,0.00485902,0.0014280814,0.044390984,-0.055967063,74.54603,1080.0
4022,170.8347744015621,163.93618088215285,0.0052273786,0.002352425,0.046158064,-0.055701192,76.366356,1080.0
4023,169.61492396485528,166.36098445912225,0.0032157616,0.001816587,0.046930213,-0.05493362,76.19753,1080.0
4024,166.44297873672946,166.06420169914554,0.0027139168,0.0015495301,0.048510235,-0.053315453,76.31133,1080.0
4025,165.56429276246814,164.1213208935308,0.0029392948,0.0017584059,0.050749943,-0.050828185,76.48582,1080.0
4026,166.75796384567926,162.79719663368436,0.0028038872,0.0021523936,0.050904054,-0.04918357,76.38293,1080.0
4027,166.47539876271588,164.10548143000904,0.0028549195,0.002206647,0.05159494,-0.04741406,75.51922,1080.0
4028,162.98611738566888,167.42263469866472,0.0027214333,0.00226285,0.052099947,-0.04724367,75.39701,1080.0
4029,158.06816952625817,169.64041260448778,0.004542485,0.0021160266,0.05401888,-0.047304027,74.33522,1080.0
4030,153.9572235538765,168.61566138242273,0.005118589,0.00149279,0.05406805,-0.048217293,74.88905,1080.0
4031,151.20621937270047,165.65709705086948,0.0044690166,0.0012390136,0.05289188,-0.048568357,74.688614,1080.0
4032,149.233240629321,163.9170567880616,0.0045628864,0.0012295475,0.05306843,-0.048399523,74.93553,1080.0
4033,147.160275922579,165.10769511622263,0.0046894215,0.0011787697,0.053243738,-0.04890083,75.919075,1080.0
4034,144.65273840529787,168.1421977221994,0.0028945922,0.0009504813,0.04978276,-0.048785683,74.2275,1080.0
4035,142.6117822819267,170.63933589347738,0.0021198979,0.00081809715,0.04779539,-0.050007377,74.47443,1080.0
4036,142.53821879005153,171.39149596126555,0.0043941354,0.0011864556,0.05111208,-0.04959228,75.46314,1080.0
4037,145.58809108772252,171.00038456239847,0.0029215494,0.0007919594,0.04738453,-0.05096173,74.21082,1080.0
4038,152.37949485040033,170.5839106068668,0.002934152,0.0004396792,0.04724494,-0.051797796,73.99341,1080.0
4039,162.09595942243453,170.3635152446452,0.0012698703,-3.1647858e-06,0.04276349,-0.05586124,74.35206,1080.0
4040,171.7766754884741,169.48818873798737,-0.00092174386,0.0003189652,0.039574347,-0.0584226,75.455696,1080.0
4041,178.2240682697943,167.33995112755665,-0.00084578904,0.0004079183,0.03631134,-0.058852386,74.15183,1080.0
4042,180.0166609844951,164.49674808729668,-0.0032945422,0.00035352353,0.031021796,-0.05932007,73.216705,1080.0
4043,177.34855448435428,162.1303033581578,-0.0033953632,0.000517273,0.028249387,-0.06100181,73.11212,1080.0
4044,172.06109320002935,160.9973609401316,-0.0036618833,0.00057356094,0.025301615,-0.061713975,72.875175,1080.0
4045,167.61504453476843,160.94443255781158,-0.0044851797,0.0003054301,0.026098972,-0.06393277,74.9022,1080.0
4046,166.4920312194162,161.07643266435326,-0.005545892,4.6058935e-06,0.02425944,-0.06516452,76.015785,1080.0
4047,168.0044570063694,160.47151015337175,-0.0060564396,-0.00027496903,0.02378184,-0.066788256,77.142265,1080.0
4048,169.84464368978323,158.67265410121425,-0.003931286,-0.0012041446,0.025331343,-0.06974801,77.09119,1080.0
4049,170.14943355966182,155.90131490773132,0.0039011638,0.0008762218,0.033764027,-0.06593275,75.128105,1080.0
4050,168.03233803244686,153.4493239176409,4.4759116e-05,0.00066762854,0.022487499,-0.06657935,74.966324,1080.0
4051,164.07644283290767,153.13269633034474,-0.0001397592,0.0010413559,0.021477932,-0.06843999,75.57393,1080.0
4052,159.9289810609281,155.23801681141853,-0.0039714104,0.00057669746,0.009195681,-0.07188461,76.04518,1080.0
4053,157.2977404710006,157.70328583328816,-0.0024532177,0.00039432666,0.020363193,-0.07447747,79.3703,1080.0
4054,157.40046890823788,158.48687539605538,-0.0009097629,0.00039073802,0.023903232,-0.07509164,81.5692,1080.0
4055,159.87803746054064,157.81138719355434,0.0013380263,0.00066861755,0.02761756,-0.07366732,80.85082,1080.0
4056,163.05850461578186,157.1590905180326,0.004329088,0.0019417092,0.03521672,-0.07167367,80.72668,1080.0
4057,165.65177134580182,157.3806748989297,0.0047703497,0.0018037866,0.03668354,-0.068700664,79.15126,1080.0
4058,166.97789426296427,158.50302085038348,0.0012837163,0.0017586319,0.030430434,-0.06853129,79.470375,1080.0
4059,166.60496501036266,160.10771727326326,-0.005067105,0.0007889359,0.024008462,-0.06974041,80.14452,1080.0
4060,165.01633258741273,161.59146708834066,-0.002376415,0.0010472898,0.027404446,-0.06983976,81.33442,1080.0
4061,164.541703417123,163.10602198371862,-0.0004909374,0.0012255633,0.028723937,-0.06847407,79.84224,1080.0
4062,167.21685836853558,165.03154203906408,-0.0034766304,0.00018214474,0.022792052,-0.06601305,75.06555,1080.0
4063,170.95685436865256,165.700722395907,-0.0057327272,-4.843253e-05,0.025361916,-0.06866466,78.37365,1080.0
4064,171.73481301095006,162.7102054693715,-0.0059451633,0.00014224582,0.023744823,-0.065947585,75.84667,1080.0
4065,169.23803230778705,156.920362829575,-0.0026707402,0.0010292901,0.030062132,-0.061700836,73.98073,1080.0
4066,166.66553114344524,151.96234232242216,-0.0048787436,0.0015904462,0.025468614,-0.05675193,70.34069,1080.0
4067,165.94894828300656,149.75116302517822,-0.007281664,0.0012010363,0.01903257,-0.0578461,69.94494,1080.0
4068,165.30454357545548,148.79606948221746,-0.0062797265,0.0006627966,0.0200288,-0.0627685,71.970085,1080.0
4069,161.72590085101888,147.18610602866642,-0.0071674488,0.00070569076,0.020373309,-0.06235052,71.392876,1080.0
4070,155.37824921535935,145.42557963356282,-0.007279064,0.0015573854,0.015897566,-0.05997518,68.39341,1080.0
4071,149.9036574679152,145.89846703433025,-0.005529107,0.0020812706,0.016573193,-0.059618942,68.95929,1080.0
4072,148.352652737914,150.56040646038974,-0.006623558,0.0009759126,0.014859404,-0.061379243,69.80208,1080.0
4073,150.74188632581345,158.47773883075695,-0.006052314,-0.00012636538,0.01019095,-0.0639083,68.43155,1080.0
4074,154.9865031023794,165.29821354541207,-0.004975552,-0.00047466136,0.008003065,-0.06539567,68.38283,1080.0
4075,158.37630075991262,166.60409112586652,-0.006211853,-0.0011512191,0.0045233835,-0.068768226,69.77141,1080.0
4078,159.24975430680618,161.0629916662624,-0.013190488,-0.0024013377,-0.0015048557,-0.037081823,39.272427,1080.0
4079,158.7140873984895,150.14030064363646,-0.00964785,-0.0015618218,0.010616726,-0.05519378,62.85592,1080.0
4080,159.98962154919153,139.10971805629163,-0.010061136,-0.0031065198,0.011109924,-0.0662554,73.01886,1080.0
4081,164.7866492735781,136.46063247335405,-0.009526119,-0.0029010067,0.007991988,-0.067111574,71.107056,1080.0
4082,170.924536977686,145.58579082895886,-0.007624308,-0.0019853662,0.012516558,-0.07095748,75.25439,1080.0
4083,174.82643174259454,160.34647776223326,-0.004836245,-0.0016299777,0.0074660126,-0.07260108,76.06614,1080.0
4084,174.92676203673065,171.79012343188015,-0.007073466,-0.0021716647,0.009028117,-0.0704834,75.365036,1080.0
4085,172.38987998049276,175.25379526580966,-0.0041165953,-0.0015032168,0.00069291855,-0.07277774,74.02667,1080.0
4087,168.65578490577832,171.44032244816455,-0.0067311605,0.00016205398,-0.052216705,-0.041184206,66.73671,1080.0
4088,160.71704785893832,163.09597917622764,-0.0046202485,0.004302413,-0.044902094,-0.036847856,63.5733,1080.0
4089,144.69214699424063,152.43646429942035,-0.0053848266,0.0055457223,-0.044996418,-0.03483189,61.157097,1080.0
4094,127.13838638950459,143.59224658512238,-0.012755556,-0.002335386,-0.030069422,-0.05369209,44.733997,1080.0
4096,122.32221190573338,141.69262570637915,-0.011528241,0.0037628175,-0.032919876,-0.103043154,112.96007,1080.0
4097,134.5228686978122,143.60164325774934,-0.016708035,0.00429063,-0.042855665,-0.10243848,109.02079,1080.0
4098,152.94078737896592,138.65112797380513,-0.01721344,0.0036622789,-0.03419342,-0.10018281,104.868546,1080.0
4099,166.44030074317996,124.48046782499715,-0.017096287,0.0024778577,-0.03459416,-0.10459911,107.65098,1080.0
4100,173.37000688149766,112.48328541809013,-0.016111642,0.0011240924,-0.016178837,-0.107400104,110.07281,1080.0
4101,176.33512536230512,115.98739279648663,-0.010382985,-0.0015762047,0.0053476403,-0.11075034,115.879074,1080.0
4102,176.99863459487185,137.58200519889056,0.0026602852,-0.00070133916,0.043086298,-0.106047004,120.18186,1080.0
4103,176.5244664114773,165.37695490301206,0.008639527,0.0026786805,0.055049755,-0.108710214,128.04071,1080.0
4104,175.7476377816091,182.48015362434174,-0.006422707,-0.0031913756,0.016401784,-0.12108111,127.3097,1080.0
4105,174.16843625176028,181.57877101824235,-0.011496197,0.0033435964,0.013033097,-0.108687736,117.8419,1080.0
4106,169.7379984393963,167.47909062193068,0.0073910183,0.0050517893,0.039834425,-0.0942406,109.917145,1080.0
4107,160.4801441744603,149.79388006604682,0.013962131,0.0037913003,0.03833019,-0.091588594,108.52598,1080.0
4108,148.6811499564828,138.32035114016182,0.0028353655,0.0015206231,0.027457174,-0.0778181,91.87291,1080.0
4109,141.8333832613301,138.72956673862805,0.012859881,0.0010036327,0.03169115,-0.076400064,89.863174,1080.0
4110,144.44871998747544,148.80292420846587,0.011289695,0.0020939861,0.029399166,-0.07192794,85.3191,1080.0
4111,152.5184674259992,161.63246606363845,0.00194883,0.0010265491,0.018302523,-0.072430685,80.608116,1080.0
4112,160.06342600310538,170.10153452065865,-0.007983964,0.001154836,0.0008686207,-0.07119781,78.20948,1080.0
4113,164.91007381954597,169.93842012734294,0.0025272511,0.0011286135,0.022857327,-0.06926339,77.12972,1080.0
4114,166.92535930578381,163.3084064017527,0.007070697,0.0019469932,0.025994478,-0.06976061,78.04193,1080.0
4115,166.74172442519298,157.27586343759717,0.008314909,0.001243224,0.027657008,-0.06911298,78.08154,1080.0
4116,166.03631085080107,156.80075369791246,-0.0071008755,0.0012912609,0.006293685,-0.072142765,78.844185,1080.0
4117,166.31633771907556,160.5370166989025,-0.007519249,0.0010453118,-0.0020663226,-0.07241648,77.04657,1080.0
4118,168.0720920993372,163.49418540896394,-0.008374928,0.0017081366,-0.008221549,-0.07263667,76.10809,1080.0
4119,170.85929870126736,162.5765321801825,-0.009020996,0.0014502631,-0.0101950755,-0.07286392,75.807724,1080.0
4120,173.33541715375185,159.06563715681233,-0.009443439,0.0012605456,-0.012589971,-0.07423103,76.222404,1080.0
4121,174.24589216816966,156.29882601914633,-0.0071582934,0.00049130473,-0.0027623496,-0.075840704,77.512566,1080.0
4122,173.25229618436484,155.80053748618263,-0.003016832,0.00024577952,0.0059748334,-0.0764921,77.55919,1080.0
4123,170.86560347106322,156.65620371507066,-0.0010010331,0.00015507451,0.010264927,-0.07605529,80.11294,1080.0
4124,168.73315142362665,157.2765207965463,-0.007198362,4.7613074e-05,-0.0010694716,-0.07645454,79.98823,1080.0
4125,167.9919346471578,155.93805749083444,-0.0062393756,-4.5635083e-05,0.00081934046,-0.076264374,79.500725,1080.0
4126,167.55961520801128,152.45004487212475,-0.0028904101,5.3744847e-05,0.0061315466,-0.07660587,80.222404,1080.0
4127,166.6750954730868,149.80035071482598,-0.008652977,-2.5629115e-05,-0.0020796598,-0.076591335,78.61809,1080.0
4128,166.29300744075442,150.6841902226055,-0.011025492,-0.00065906666,-0.0064311274,-0.07505355,76.47868,1080.0
4129,166.8451307538927,153.63149811447283,-0.010664481,-0.0009617276,-0.0053662336,-0.0746086,75.65168,1080.0
4130,167.41790514690155,154.58856224246964,-0.009004098,-0.001016857,-0.0031146014,-0.074964836,76.22953,1080.0
4131,166.31099382833685,151.47511517180246,-0.008522146,-0.0013345507,-0.0015992906,-0.07499788,74.28501,1080.0
4132,162.09164498195196,145.86733258690643,-0.008033074,-0.0009955795,0.00148598,-0.07373428,74.37687,1080.0
4133,155.8414509476332,139.69556351120295,-0.0069487393,0.00016456886,0.0053592823,-0.07117642,75.63999,1080.0
4134,151.17457022864536,132.90913519645667,-0.007866188,-7.7904595e-05,0.0048158434,-0.06905263,74.45869,1080.0
4135,150.62119615264515,125.68159193190986,-0.0061501395,0.0013286732,0.006309057,-0.06643291,72.65271,1080.0
4136,152.7840119248925,119.89811490093315,-0.005857906,0.0010431926,0.0030755503,-0.06534441,71.69128,1080.0
4137,153.24086571785256,116.91599208829172,-0.0064487034,0.0014522977,0.0030468411,-0.06517539,71.03317,1080.0
4138,148.5110538390345,115.79816474321558,-0.0053661205,0.0016730697,0.006551785,-0.0620068,68.56648,1080.0
4139,140.0363704038317,115.20202154147356,-0.0027180423,0.0015314738,0.012836033,-0.059980746,67.73208,1080.0
4140,133.91783779087984,116.2350597081357,-0.006772472,0.0010199653,0.00019293891,-0.059980534,66.77227,1080.0
4141,135.8337904631843,121.84159190711192,-0.0028818767,0.0014951635,0.007563725,-0.057225432,65.30122,1080.0
4142,145.48081127373922,132.40764363440417,0.0014173154,0.0014476635,0.013129906,-0.059380185,67.8631,1080.0
4143,156.96360551031745,143.6480239019853,0.0017315334,0.00033512822,0.012233593,-0.062960126,69.02314,1080.0
4144,165.07178634783193,151.1008059979037,-0.003989608,0.00030576918,0.00047081843,-0.06209762,66.45663,1080.0
4145,168.48335214848032,154.9737545676363,-0.0007305004,0.0006956878,0.0033452916,-0.06039495,66.587395,1080.0
4146,167.67928529232958,158.0345529072456,-0.0033929895,0.00016485143,-0.0016122323,-0.061977882,66.55538,1080.0
4147,164.05287238152755,160.60700876118327,-0.0003040455,0.0005943581,0.005327804,-0.06235617,67.28156,1080.0
4148,160.34514302294275,160.31386228591307,-0.004010914,7.021869e-05,-0.0012901024,-0.062634885,66.3078,1080.0
4149,158.76698565668443,156.2889090084491,0.00069037545,0.0007806849,0.0066147414,-0.06112585,66.76987,1080.0
4150,159.53279572584458,152.18397813940453,0.0032919424,0.00044239184,0.014087027,-0.060559902,67.144745,1080.0
4151,161.98332658534608,153.53808488604105,0.0011540166,0.0013607731,0.009927594,-0.06011234,66.100845,1080.0
4152,165.2614323668984,161.15173003301038,0.0016394721,0.0011574639,0.010616275,-0.059360094,65.14892,1080.0
4153,167.9188821975944,168.94533811443446,0.00013371221,0.0010664763,0.007885856,-0.05925943,64.86044,1080.0
4154,168.5159834808833,170.8589011836802,0.0001022904,0.0005662141,0.007872631,-0.05938438,65.156334,1080.0
4155,167.01683149956452,167.83736724464737,-3.3569337e-05,0.0008071617,0.00674981,-0.06034769,65.50341,1080.0
4156,164.95737993783007,165.08198558793177,-4.3967917e-05,0.0010755751,0.0098218,-0.060000174,65.73124,1080.0
4157,163.90004676724033,164.8838587906984,-0.0005932843,0.0006751732,0.010115334,-0.059095737,64.2375,1080.0
4158,164.20032183274708,165.32828256854737,0.0023282652,0.0006959986,0.018565876,-0.058147557,64.76262,1080.0
4159,165.2306322161579,164.29262932186577,0.00263751,0.0008354752,0.015685357,-0.057017744,63.531693,1080.0
4160,166.09657639544062,162.06893419110554,-0.0015643084,0.0010294596,0.0070255985,-0.057379674,61.59053,1080.0
4161,166.09408857264282,160.37653241509076,-0.00034982187,0.0009180705,0.010417571,-0.056204773,60.637894,1080.0
4162,164.8522074507515,159.96323610012706,-0.004981825,0.0007437529,-0.00055428967,-0.055712864,58.339638,1080.0
4163,162.35944703783858,159.54521784606138,-0.0053848834,0.00014145463,0.000112123846,-0.055400327,57.78277,1080.0
4164,159.04865360494514,157.56749761280193,-0.0038474754,-0.00073013303,0.0010702627,-0.055235207,57.495285,1080.0
4165,155.77899361922903,154.10286347738707,-0.006225925,-0.00046762536,-0.0016252305,-0.05540873,56.60616,1080.0
4166,153.6162619764236,150.34698921094022,-0.004856138,-0.00074039033,-0.0008158366,-0.055514146,56.786198,1080.0
4167,153.55175247200305,148.62458356276014,-0.0038409198,-0.00066833495,-0.0008139151,-0.054453123,56.329887,1080.0
4168,155.9258559691488,151.92472452837148,-0.002859045,-0.00060817576,0.00020582411,-0.05327339,55.9585,1080.0
4169,159.8250979440509,159.86826062701047,-0.0008774369,-5.8096426e-05,0.0031202529,-0.05158902,55.15039,1080.0
4170,163.7635496334086,167.44811323346903,-0.003511669,-7.767854e-05,-0.0029807761,-0.05214536,55.202755,1080.0
4171,166.78318409284904,170.16792999425311,-0.0050196894,-0.00012879548,-0.005380814,-0.050779216,53.995735,1080.0
4172,168.24281678234587,167.99112847675323,-0.0037417943,-2.5713884e-06,-0.0034522163,-0.051230397,53.969376,1080.0
4173,167.62400647437926,164.11941020394832,-0.0030640778,5.250154e-05,-0.004090712,-0.050552085,53.551468,1080.0
4174,165.19630065121623,161.72949625526695,-0.0037885879,0.000180195,-0.005538375,-0.051671334,54.587143,1080.0
4175,162.17932646796388,161.30494964597023,-0.0059135156,0.00013424909,-0.007041875,-0.050106347,53.245182,1080.0
4176,159.99419137305745,161.0220858262346,-0.0050354004,8.988557e-05,-0.004943622,-0.04947418,52.415676,1080.0
4177,159.2389714757322,160.21349054358163,-0.006303801,6.4002146e-05,-0.006160595,-0.04781805,50.812485,1080.0
4178,159.4545947889918,160.14407851049512,-0.0065292926,7.5728803e-06,-0.0073181153,-0.04595446,49.204815,1080.0
4179,160.13268913662588,160.33626675616992,-0.0066585965,3.1082718e-06,-0.0075359205,-0.044653986,47.67828,1080.0
4180,161.36342494430508,158.28431884714746,-0.006740429,0.00011610808,-0.008094392,-0.04197451,45.7945,1080.0
4181,163.25046004947305,154.1568961193627,-0.0075515183,-0.00019056532,-0.0093189385,-0.040582106,43.741108,1080.0
4182,165.40326651389256,151.44620955849115,-0.007430013,-6.2645806e-05,-0.010055429,-0.03828837,41.91463,1080.0
4183,167.22637464104983,152.67270042846533,-0.007257306,-2.1249276e-05,-0.010787851,-0.03782925,41.658092,1080.0
4184,168.63277803696067,158.01475355697306,-0.007360614,-0.00036493936,-0.010459504,-0.037124123,40.515648,1080.0
4185,170.2849855058846,166.37980113542508,-0.007562482,-0.00047870213,-0.011656584,-0.036556978,40.024384,1080.0
4186,172.69357336853355,174.8694598431548,-0.0075561525,-0.00039754796,-0.012726961,-0.036524046,39.648705,1080.0
4187,175.3487477513516,179.8734593605374,-0.0079176165,0.0003314548,-0.0131796375,-0.03334947,36.649155,1080.0
4188,177.11270789237258,180.08695534904615,-0.0077996147,0.0005241959,-0.013514088,-0.03215671,35.95298,1080.0
4189,177.33306961719734,176.88448316447557,-0.007607015,0.00047307898,-0.013604284,-0.03336005,36.85376,1080.0
4190,176.592466045648,172.64480696899136,-0.0078521725,0.0004359775,-0.013966653,-0.033798274,36.96252,1080.0
4191,176.23482246334405,169.7314524049922,-0.0077048973,6.257516e-05,-0.0135620115,-0.034502693,37.896347,1080.0
4192,177.0304207165239,169.69813367502798,-0.007591191,0.00017728453,-0.013826723,-0.03402029,37.47816,1080.0
4193,178.55447998835638,172.23258533948737,-0.0072946055,0.00012544703,-0.012719501,-0.036114234,39.79648,1080.0
4194,179.81213276921696,175.32491526190427,-0.0067226836,0.00024166814,-0.012687175,-0.03583678,39.80557,1080.0
4195,180.20228136636862,177.03667043466007,-0.006673064,0.00032027916,-0.012440547,-0.03634802,40.54717,1080.0
4196,179.8843064046311,177.02770085254258,-0.006571678,0.00016025967,-0.012268858,-0.036097746,40.034054,1080.0
4197,179.38205582986603,176.40245627818717,-0.0067891437,0.00028257017,-0.012674515,-0.036293,40.10199,1080.0
4198,179.00523035500694,176.3119766757122,-0.0065217195,0.00016805861,-0.011516656,-0.037358135,40.863983,1080.0
4199,178.6485751527157,177.04749277008412,-0.0068624993,0.00015142935,-0.011834943,-0.036553234,39.91113,1080.0
4200,178.0784889086915,178.227308865116,-0.006690583,3.9135968e-05,-0.0117766205,-0.036093112,39.267925,1080.0
4201,177.35816492166737,179.25142659502313,-0.0069582337,6.995024e-05,-0.012205675,-0.03584545,38.99926,1080.0
4202,176.85504835807492,179.583767024032,-0.0071223504,-3.7384034e-05,-0.011660767,-0.035410646,38.27577,1080.0
4203,176.76639024487477,178.91006819371998,-0.007088216,-8.2143146e-05,-0.011060587,-0.03514058,37.899937,1080.0
4204,176.6164295822889,177.42819133195184,-0.0069446703,-4.591765e-05,-0.0113648595,-0.034400348,37.20387,1080.0
4205,175.6215618712319,175.84343179018194,-0.00685843,6.836785e-05,-0.0114873815,-0.034556296,37.134018,1080.0
4206,173.97577049965153,174.7429543072667,-0.0065610535,-4.7556558e-05,-0.010328618,-0.034556184,36.92003,1080.0
4207,173.0381410958858,174.30159392674972,-0.006485211,-0.00023177818,-0.010714157,-0.033136792,35.513763,1080.0
4208,173.78576828002815,174.36192899464925,-0.0064897323,-0.00036988434,-0.010339808,-0.033270717,35.569283,1080.0
4209,175.69615743798173,174.35376106689674,-0.005878929,-0.0002743191,-0.00944033,-0.032694414,34.0914,1080.0
4210,177.1881654774728,173.56367800094804,-0.006028691,-0.00027838812,-0.010466173,-0.031625014,32.954777,1080.0
4211,176.9596292538756,171.92884862262102,-0.006265372,-0.00017474139,-0.011399446,-0.031281266,33.238895,1080.0
4212,175.19707739520805,170.57176256379185,-0.006067799,6.9370976e-06,-0.011069517,-0.029954938,32.35778,1080.0
4213,173.52926225651194,170.99127611726195,-0.006072998,0.00014096012,-0.012477508,-0.02921729,31.896381,1080.0
4214,173.56739207395117,173.30951002520618,-0.005799131,0.00022113942,-0.011919036,-0.028511047,31.176914,1080.0
4215,175.25924308237174,175.93165008897063,-0.0057365135,0.00015354862,-0.012169054,-0.02871091,31.402739,1080.0
4216,176.63266898297147,177.23343273347618,-0.005694467,0.00022362603,-0.012689322,-0.02840319,31.156038,1080.0
4217,175.6599089223527,177.03847886616336,-0.0053290473,0.00034679836,-0.013742518,-0.027378634,30.382101,1080.0
4218,172.4703381819637,176.34187533607823,-0.005171147,0.00043261494,-0.014811311,-0.025103759,28.993855,1080.0
4219,169.16585322930405,176.00770197624604,-0.005214437,0.00052094634,-0.014144558,-0.024769394,28.763504,1080.0
4220,167.94090332097588,176.12477289611155,-0.005262813,0.0004939044,-0.014474148,-0.02467773,28.476141,1080.0
4221,169.71565727657745,176.51405888669245,-0.0051315874,0.0007391329,-0.0139224585,-0.024053842,27.856123,1080.0
4222,173.53290570326965,177.02124592290843,-0.0051817717,0.0007816739,-0.014519812,-0.02343613,27.560638,1080.0
4223,176.82430823610707,177.03822793353103,-0.0054542823,0.00091421336,-0.015983976,-0.021736894,27.179142,1080.0
4224,177.0249401535207,175.724317245447,-0.0052478933,0.0012710713,-0.015151639,-0.022040812,26.76497,1080.0
4225,174.26657303598557,172.96912599710922,-0.004792164,0.001348552,-0.014045207,-0.02097319,25.401184,1080.0
4226,171.8000914167929,169.34594522302075,-0.0051410818,0.0012067017,-0.014830187,-0.022009164,26.712437,1080.0
4227,171.9250327706554,165.76204855243296,-0.0044713905,0.0012374878,-0.014552477,-0.022259535,27.78403,1080.0
4232,173.23104647934085,163.9188855847144,0.0039589778,0.004256552,0.075148575,-0.057108447,115.5342,1080.0
4233,172.94098850832117,165.51635284063792,0.00218455,0.005865987,0.07256984,-0.061151095,117.3918,1080.0
4234,169.98942139709976,169.54493727578702,-0.0054741753,0.0042630513,0.04458262,-0.058683578,97.866714,1080.0
4235,165.87573006787812,172.07584806505704,-0.016652877,-0.0060548005,0.03470007,-0.08730463,109.628624,1080.0
4236,163.19021133730888,170.61049934055106,-0.017251756,-0.011499504,0.03887804,-0.09907218,120.23089,1080.0
4237,162.50579563421746,166.49032830058587,-0.017667446,-0.016631288,0.045966707,-0.10555188,128.42873,1080.0
4238,161.06851094138435,162.12534722274557,-0.013935259,-0.012715375,0.072294675,-0.11167602,146.03659,1080.0
4239,155.5009040440564,158.85957081614458,0.0039486354,-0.007255187,0.1245352,-0.103316076,159.13695,1080.0
4240,145.6975015988351,157.2915445376582,0.0038543984,-0.010259077,0.12291254,-0.11095154,164.56792,1080.0
4241,135.54449122118294,157.22648828029907,-0.002238973,-0.016079174,0.1250558,-0.11446923,173.06421,1080.0
4242,129.2285964350078,157.7867816660285,-0.0035818878,-0.017669197,0.12636617,-0.11591017,181.23601,1080.0
4243,127.17099062401564,158.10589416835322,-0.0072719716,-0.016431596,0.1230636,-0.11719997,187.5535,1080.0
4244,126.7533876344165,157.09967966704582,-0.01004763,-0.016251544,0.11992775,-0.119229086,191.62311,1080.0
4245,126.64006948795694,153.07009038277485,-0.015902681,-0.013680182,0.113481365,-0.12122961,195.77657,1080.0
4246,127.41438618517228,145.45954341499612,-0.018243494,-0.010580642,0.12069917,-0.11040954,192.07315,1080.0
4247,127.19151415018126,136.46646703197396,-0.015555685,-0.00870285,0.143337,-0.10094633,202.06494,1080.0
4248,122.74105343308267,128.13651251641394,-0.018941442,-0.008565521,0.16504802,-0.10223083,213.74565,1080.0
4249,116.53390103417664,119.61044223680678,-0.0253865,-0.008995988,0.16162327,-0.10087229,213.89438,1080.0
4250,115.03130330852308,110.02808498588907,-0.028301211,-0.008297701,0.1694599,-0.07795085,220.17917,1080.0
4251,120.17645393781328,101.35773400417254,-0.026679737,-0.01616355,0.17864105,-0.11253775,231.1565,1080.0
4252,128.08365503879935,96.60249621555214,-0.017135112,-0.017392589,0.22850528,-0.11699487,258.4038,1080.0
4253,134.0672322774634,96.71667546636517,-0.017442858,-0.012933688,0.25809506,-0.121741034,288.31717,1080.0
4254,135.76144293299905,99.33994160957518,-0.022276618,-0.004000685,0.27546623,-0.11437508,315.29477,1080.0
4255,131.68107282245916,100.41074374943958,-0.014051339,-0.008300527,0.29629594,-0.13093689,335.55035,1080.0
4256,120.22209913084272,97.87432409062812,-0.010021775,-0.016086606,0.296485,-0.14823116,334.73148,1080.0
4257,104.26817493166135,93.97486302954195,-0.020410778,-0.019264646,0.2839034,-0.14920595,329.4353,1080.0
4258,93.46827725743935,93.1971910508082,-0.01567106,-0.015938258,0.30043188,-0.14532118,337.49228,1080.0
4259,95.10420704659877,97.40508951586868,-0.010103127,-0.017648937,0.28089565,-0.15009765,321.44547,1080.0
4260,105.00463160983243,103.75519587866557,-0.009190256,-0.020085681,0.2655243,-0.14677912,308.79483,1080.0
4261,113.17736240749424,108.19848923705574,-0.0077330414,-0.027197944,0.25510186,-0.14569461,282.39822,1080.0
4262,115.01426524509455,109.81561468391423,0.00060650863,-0.025827873,0.24384992,-0.13950989,260.88617,1080.0
4263,113.0771861837337,110.67126680376674,0.02058908,-0.02070126,0.26589638,-0.13742258,263.6957,1080.0
4264,112.01504589726439,113.12433700552197,0.022896321,-0.025865456,0.21215571,-0.13862683,218.79077,1080.0
4265,113.83397420285023,118.43599236245169,0.031175967,-0.028573778,0.21319704,-0.1355941,207.65466,1080.0
4266,116.39231624668098,126.05794927155829,0.021964405,-0.025220659,0.18074714,-0.13340847,188.16258,1080.0
4267,117.11829085416895,133.56486681902786,0.012683896,-0.014722527,0.18473397,-0.10535702,193.94492,1080.0
4268,116.90545741938509,138.47656466671458,-0.011337619,-0.0033203126,0.13107379,-0.08903062,176.97975,1080.0
4269,118.43700430480635,139.6058103131481,0.0010883473,-0.0064077023,0.13478348,-0.10708734,174.75336,1080.0
4270,122.71120907710133,137.29735078456002,-0.006472891,0.0005412349,0.104139425,-0.09540238,151.642,1080.0
4271,128.79726922741898,134.9270027658531,-0.0064277933,0.0030537075,0.092532575,-0.08426751,141.88408,1080.0
4272,136.05371700396793,137.9823424584002,-0.011312979,0.009168893,0.08331683,-0.064731374,129.07753,1080.0
4273,144.08097235892595,147.76581806111824,0.0047616465,-0.0058575384,0.10126976,-0.09621887,133.97545,1080.0
4274,150.58756803985648,158.60953928399644,0.010338451,-0.0041085985,0.09766936,-0.09251579,127.454475,1080.0
4275,153.1905519150307,164.13456173176493,0.020600496,0.0027543243,0.09890747,-0.08055326,106.182686,1080.0
4276,153.57561348726503,163.585442882881,0.026825404,0.00039735017,0.08849634,-0.072078735,95.11525,1080.0
4277,156.63142941221085,161.1870447789869,0.018348072,0.0023276717,0.08036714,-0.071872234,92.50366,1080.0
4278,164.7100188727747,161.6589209339428,0.018122355,0.004617479,0.070985466,-0.063994855,83.91686,1080.0
4279,174.4702874550038,166.31495049996047,0.019186063,0.0070645367,0.05837651,-0.044152606,67.47182,1080.0
4280,180.46669594518963,172.22031344564627,0.021781638,0.006104561,0.054158304,-0.04576984,65.41875,1080.0
4281,180.21292628607895,175.31385872508525,0.015519319,0.0037308305,0.034791168,-0.03042594,43.251804,1080.0
4282,175.00741267545087,174.5327713091695,0.014288669,0.0004940457,0.024961231,-0.015141692,20.532639,1080.0
4284,168.62501772028494,172.3486387809236,-0.004788773,0.0013735454,-0.007638889,0.011703689,14.353832,1080.0
4286,165.55381826424488,171.44279967442927,0.00015055339,-0.0013679788,0.0023265698,-0.013369864,11.06388,1080.0
4288,167.6617947450413,172.26164919507846,-0.019588215,0.0033714012,-0.030206865,-0.012835071,12.2495985,1080.0
4289,172.56147663257218,173.47277138162687,0.0033382839,0.002118683,-0.0016222919,-0.022145052,18.298393,1080.0
4290,176.07184331846088,173.09771003606676,0.01623603,-0.0017189591,0.017377727,-0.028959401,22.533659,1080.0
4291,175.77309415884446,170.62728763045644,-0.0009574608,-0.0011164347,-0.005318762,-0.021228366,13.789629,1080.0
4293,173.03894113025763,168.36912111941393,0.011010855,-0.004832656,0.017303241,-0.019325595,15.048407,1080.0
4294,171.3974641359755,168.79482182033342,0.0115157515,-0.0061087147,0.019988675,-0.017731108,11.027605,1080.0
4295,172.20184773607266,171.60745320974718,0.00507869,-0.002022383,-0.0028947617,-0.044623114,44.697063,1080.0
4296,173.86399016124457,173.75123577340392,0.008579057,-0.0037062468,0.0021956833,-0.053632412,54.457558,1080.0
4298,173.48280152051007,171.6689063379747,-0.027363079,0.00093649403,-0.21504126,-0.09266623,219.38972,1080.0
4299,166.58904424392995,165.2204395588176,-0.029438952,0.0059931437,-0.21936177,-0.091523916,222.12561,1080.0
4300,152.00278386931296,159.3746972396306,-0.02644823,0.0015833537,-0.21811755,-0.100124754,225.6982,1080.0
4301,137.88950864823306,159.1233549231958,-0.024000945,-0.0004276982,-0.2121,-0.10413671,223.03163,1080.0
4302,133.42480629392682,162.40010519338875,-0.024182241,-0.0077876057,-0.21149202,-0.1163358,223.71468,1080.0
4303,136.91604966421502,162.1659127441787,-0.02431053,-0.007322947,-0.20146728,-0.116396956,218.10432,1080.0
4304,139.55478380134724,155.82457381430982,-0.033553172,-0.0013223719,-0.2102013,-0.11174735,212.76082,1080.0
4305,136.80634735545988,147.59428414879466,-0.022565037,-0.0024816159,-0.20763901,-0.13227671,236.54736,1080.0
4306,131.54948985356955,141.92474222851735,-0.02865352,0.0033850493,-0.20266345,-0.0984507,212.42079,1080.0
4307,128.5413347236768,139.664152637104,-0.046146084,-0.00043832284,-0.20330602,-0.095892616,175.66328,1080.0
4308,129.5136924575945,140.5062807727958,-0.037764147,0.00045253613,-0.20227379,-0.08768274,182.28464,1080.0
4309,133.24637795910732,144.2746947896477,-0.024484253,0.0012784039,-0.1908102,-0.0789275,193.80908,1080.0
4310,138.00761040843207,149.08622732794487,-0.02654837,0.014923887,-0.17338003,-0.049234264,162.59761,1080.0
4311,142.849823303592,152.00755798958954,-0.01771958,0.01565224,-0.16496317,-0.044678103,171.21994,1080.0
4312,146.63027984055867,151.8302372186736,-0.013554213,0.01581825,-0.1829462,-0.05077653,203.13943,1080.0
4313,147.8511289301086,149.38429203481763,-0.01749296,0.016030855,-0.17964263,-0.04477932,184.74808,1080.0
4314,146.62923422527882,146.32430666898148,-0.021523425,0.015855549,-0.18304116,-0.04933463,179.91945,1080.0
4315,145.000117553734,144.78964426469858,-0.014912641,0.016092202,-0.18078528,-0.05972985,199.29951,1080.0
4316,144.87229321544555,146.4535651738517,-0.010949029,0.017796835,-0.1826164,-0.056239348,209.10619,1080.0
4318,146.29007672826128,151.12183075802577,-0.04292433,-0.0016321252,-0.10489202,-0.09527452,115.44153,1080.0
4319,146.82137590952598,157.94192128087815,-0.046628993,-0.0020395631,-0.10313828,-0.09138413,112.26773,1080.0
4320,143.62096905712423,165.82627305332286,-0.045839153,-0.0064978707,-0.103378356,-0.084331594,105.022606,1080.0
4321,138.06456635401574,170.9966711075893,-0.044888757,-0.0037980822,-0.10624096,-0.08442174,111.78302,1080.0
4322,136.32212496633417,169.434323244019,-0.04474346,-0.0043285512,-0.11332906,-0.09184531,117.00698,1080.0
4323,142.38312378589364,162.51318634200592,-0.04367687,-0.0064454256,-0.11213503,-0.08868301,113.79081,1080.0
4324,152.4596981188931,155.36048007390272,-0.040323216,-0.004537964,-0.11109167,-0.09085176,116.30894,1080.0
4325,159.08418974541368,150.88247150235387,-0.03040376,0.017156107,-0.10217556,-0.10449433,152.14021,1080.0
4326,158.4618229253897,147.57679518207115,-0.032650586,0.014739539,-0.10670895,-0.10172645,142.08688,1080.0
4327,151.35156300038767,141.08223682784777,0.0023957428,-0.002463814,-0.033374306,-0.15441075,157.7309,1080.0
4328,140.2872760228465,127.07252505402344,-0.013006479,-0.005374004,-0.050869808,-0.09678062,102.83063,1080.0
4329,130.25900429523418,107.2997316153988,-0.0060144495,-0.003567307,-0.063605696,-0.10638439,136.55148,1080.0
4330,127.60234688644226,95.20256434875616,-0.010786099,-0.005395988,-0.0664236,-0.10338525,136.77927,1080.0
4331,132.2820993527769,105.27128756306217,-0.019201491,-0.0039655897,-0.07587083,-0.088524796,114.00243,1080.0
4332,136.6031697778577,133.16170258973182,-0.01806731,-0.012424865,-0.07124114,-0.095679194,106.50083,1080.0
4333,135.34284772635493,158.2581023784441,-0.023585284,-0.005226531,-0.09319413,-0.08803527,99.635086,1080.0
4334,131.08413411187556,166.81442526029554,-0.030863727,-0.003485051,-0.12185013,-0.0917127,118.98039,1080.0
4336,128.33274455492273,161.7441576060433,-0.036185145,-0.007872942,-0.04371372,-0.14918272,148.2032,1080.0
4337,127.92304223799972,151.06991569164495,-0.035361733,-0.006600302,-0.054181926,-0.11866882,114.09608,1080.0
4338,129.0617543363309,140.4880908172312,-0.03549347,-0.00047768487,-0.065945886,-0.08646904,97.79694,1080.0
4339,132.7972698552119,137.15516793749424,-0.03850866,-0.003414154,-0.07355324,-0.06542203,72.05422,1080.0
4340,139.89071481884335,145.4576220345394,-0.03634344,-0.004631664,-0.07064966,-0.077534996,78.14115,1080.0
4341,147.6551398769571,158.59821189847335,-0.038053952,-0.005812779,-0.070832595,-0.08823612,88.89463,1080.0
4342,152.41306868601032,165.23196517217522,-0.03712226,-0.003196236,-0.069669485,-0.07882207,83.15131,1080.0
4343,154.64231923537216,162.70544716836807,-0.03656102,-0.0073152897,-0.072511464,-0.0593495,66.57822,1080.0
4344,158.87511179723066,157.32456705093816,-0.034483396,-0.0052113,-0.07573095,-0.054989185,59.473225,1080.0
4345,166.9378489590793,154.7750553040768,-0.03432702,-0.005955562,-0.07241979,-0.05443498,60.31161,1080.0
4346,174.1827011486691,155.35863842198017,-0.03395663,-0.005616252,-0.07028588,-0.04778219,60.416744,1080.0
4347,175.02832514121914,156.88114541172837,-0.03514229,-0.0025046738,-0.06980399,-0.03776867,52.432755,1080.0
4348,169.53351640186443,158.24466352823504,-0.035673805,-0.0065341243,-0.06833327,-0.040135503,51.305347,1080.0
4349,162.32701413827962,159.56272362434197,-0.035087697,-0.0060070744,-0.06286802,-0.04054294,52.561825,1080.0
4350,157.5524742497799,160.80715635918236,-0.03495393,-0.007546743,-0.060495786,-0.045036685,54.375008,1080.0
4351,156.40069974438606,161.46488002795112,-0.034812305,-0.009395797,-0.061590463,-0.04455507,44.53148,1080.0
4352,157.3740753483743,160.94103452206485,-0.032742195,-0.002386079,-0.061439965,-0.048916936,47.785355,1080.0
4353,158.24605023120284,159.46728011624825,-0.029638559,-0.0027499164,-0.058494456,-0.048852738,46.859905,1080.0
4354,159.197225649583,158.572985848845,-0.027266948,-0.00023916739,-0.055706616,-0.040223498,42.128723,1080.0
4355,162.8467080135194,158.50365657517975,-0.028929308,0.005761125,-0.059567656,-0.030648945,39.347168,1080.0
4356,169.7873689230348,156.165130076955,-0.026538424,0.00376618,-0.0542407,-0.03332477,43.63035,1080.0
4357,176.662981270609,150.22318829575514,-0.024993671,-0.0003358629,-0.053172357,-0.03991261,47.01809,1080.0
4358,180.03794053016532,145.98518172510876,-0.024671145,-0.0014563949,-0.05113113,-0.045143805,51.82409,1080.0
4359,179.69097389817387,149.99923551383787,-0.024488209,-0.0028944793,-0.052364264,-0.05578328,59.88593,1080.0
4360,177.5947161278083,161.61349213806852,-0.024522908,-0.001667164,-0.052264743,-0.06555614,65.62843,1080.0
4361,175.36086014708783,173.1139136646219,-0.026902998,-0.0017860695,-0.057249337,-0.059138827,57.169655,1080.0
4362,173.0556465778971,178.08330079840795,-0.028705286,-0.0011477717,-0.05653438,-0.05707256,55.34343,1080.0
4363,170.2214875845569,177.2017113783686,-0.028738234,-0.0018903944,-0.057186607,-0.049006145,48.568913,1080.0
4364,167.31847145877634,174.95248798093493,-0.028595593,-0.0016439084,-0.052292097,-0.041684497,44.359756,1080.0
4365,165.52684091452963,174.1004031216026,-0.029000007,-0.0009275931,-0.049952473,-0.03318272,38.636364,1080.0
4366,165.74678887129986,174.8965870445767,-0.029680323,-0.0008160344,-0.049604684,-0.030782884,38.40117,1080.0
4367,167.8823784829934,176.64943963760265,-0.029245052,-0.0006347374,-0.045012917,-0.029392892,37.698093,1080.0
4368,170.86232833120872,178.46218188476416,-0.026343338,-0.0019586352,-0.039762765,-0.031840686,34.87859,1080.0
4369,173.70725809449644,179.4885631097021,-0.027261522,-0.0031414174,-0.036238946,-0.033115417,35.450016,1080.0
4370,175.94853569410725,179.18399949928363,-0.025612442,-0.0044052405,-0.035043843,-0.035437748,34.59253,1080.0
4371,177.05223402615658,177.4428330274307,-0.026925772,-0.006540482,-0.030066483,-0.040429037,40.898445,1080.0
4372,176.8085564697631,174.62469455268854,-0.026190355,-0.007470336,-0.026564648,-0.042433675,42.1109,1080.0
4373,175.82855743875726,171.52586552537394,-0.02414952,-0.008075318,-0.01608898,-0.05087523,54.609894,1080.0
4374,174.79289551435596,169.28332659786736,-0.021846121,-0.0095971,-0.014029495,-0.05188785,55.61846,1080.0
4375,173.9522954016902,168.72647882309,-0.025011472,-0.008328276,-0.023614163,-0.048330747,47.9353,1080.0
4376,173.40644431305597,169.29433758542874,-0.022220697,-0.010171537,-0.020156069,-0.048022743,45.73845,1080.0
4377,173.1461990000442,169.47770787438202,-0.022025779,-0.010117312,-0.020778628,-0.04532869,41.151127,1080.0
4378,172.9043405393533,168.99354816851104,-0.021795316,-0.009402692,-0.02427063,-0.04095199,37.01802,1080.0
4379,172.38563797775583,169.14807233101376,-0.02278776,-0.009736605,-0.024974737,-0.035268743,28.896658,1080.0
4380,171.53006806307963,170.65294978567997,-0.017766204,-0.009631545,-0.020937828,-0.038046405,31.059067,1080.0
4381,170.30334352723648,172.80688961602777,-0.015500274,-0.01001067,-0.013452262,-0.044085525,38.278664,1080.0
4382,169.0701884923008,174.9306168802654,-0.01801317,-0.009660622,-0.0138009535,-0.049931422,45.176544,1080.0
4383,169.10262321095158,176.96235439243966,-0.014212262,-0.009008705,-0.0059078075,-0.05487233,50.99178,1080.0
4384,170.88263797427777,178.48171889924996,-0.013751447,-0.010334919,-0.002167087,-0.061192945,56.87591,1080.0
4385,172.9038535221352,178.46926941083615,-0.015763516,-0.01051729,-0.0032223738,-0.068625756,60.11794,1080.0
4386,173.97621865199937,176.83960497035648,-0.01558431,-0.010739786,-0.0014756945,-0.069704495,59.93431,1080.0
4387,174.80359441890934,175.1143432574916,-0.013135727,-0.010095498,-0.00055270724,-0.0698024,62.76072,1080.0
4388,176.29230410303464,173.97006060524677,-0.0007432726,-0.004000318,0.047898695,-0.057480764,69.45392,1080.0
4389,177.8284366264363,171.2659999548385,-0.012856716,-0.0058494285,0.009304188,-0.05978145,64.949066,1080.0
4390,177.8719170826741,165.24306667713887,-0.013424682,-0.0031859786,0.008317283,-0.06170719,69.79168,1080.0
4391,176.0823915402248,158.91251745230116,-0.01362672,-0.0036914684,0.008431612,-0.067631245,78.21748,1080.0
4392,173.77958374306095,156.70067649026353,-0.015326945,-0.0026920459,-0.0076925205,-0.06529504,70.89823,1080.0
4393,172.09800282253704,157.22853448961794,-0.016449822,-0.004196393,-0.0074330647,-0.0541238,59.08547,1080.0
4394,171.57949252441443,155.49777604163495,-0.01739807,-0.004170764,0.0005012795,-0.058389056,59.31079,1080.0
4395,172.85166244069515,150.41292204459958,-0.017542634,-0.0026496605,-0.0013985528,-0.04882996,54.335926,1080.0
4396,175.45353357174827,144.52418706571498,-0.016203817,-0.002667971,0.006069664,-0.04690351,61.93001,1080.0
4397,177.29991856015155,139.64751986529936,-0.018043857,-0.001476966,0.014419556,-0.045009866,68.6992,1080.0
4398,176.88937921443377,136.27972101585152,-0.019286826,-0.0006733082,0.012441564,-0.041725073,66.83999,1080.0
4399,175.0690131796638,134.8342261054319,-0.016355952,0.00034275762,0.018854382,-0.04262037,69.30229,1080.0
4400,173.79217985696357,135.65031532952554,-0.016413031,-0.0004863598,0.019195274,-0.044381402,66.66991,1080.0
4401,173.72492654286967,138.2727868022989,-0.01630865,-0.0017058761,0.022164408,-0.04426086,67.07006,1080.0
4402,173.87929131323585,141.2010638039211,-0.013137705,-0.0009531657,0.02865222,-0.041196104,69.94453,1080.0
4403,173.2196248881451,142.61480287677233,-0.016313285,-0.0038229201,0.030460555,-0.053840976,73.82232,1080.0
4404,171.65700104155763,141.94000370550833,-0.014978988,-0.005891051,0.033074103,-0.059188873,75.78533,1080.0
4405,169.44873180895055,140.63078898120034,-0.016552621,-0.005685679,0.028912524,-0.05833859,73.0186,1080.0
4406,166.5369092303038,140.79503984636233,-0.01713302,-0.0068035834,0.033342376,-0.061426967,77.107155,1080.0
4407,162.9540352064385,143.03537612656547,-0.01179544,-0.006805674,0.047645852,-0.062575474,87.47895,1080.0
4408,158.61247044833468,145.8343699700048,-0.01346916,-0.007842905,0.04507842,-0.061231993,89.96218,1080.0
4409,152.9374894700049,147.23228019983154,-0.010990171,-0.0087523,0.049135506,-0.06167549,96.83026,1080.0
4410,146.76183666310905,146.80302026159413,-0.009975066,-0.008721783,0.06772478,-0.06781167,106.22726,1080.0
4411,142.0498306926622,145.78336739648935,-0.010195697,-0.008729355,0.064079,-0.0698217,108.88831,1080.0
4412,138.42415920170032,145.93510575021904,-0.004898297,-0.009503457,0.08649637,-0.08858233,121.98776,1080.0
4413,134.09098153417034,148.154934286135,-0.0022589224,-0.008957644,0.090492986,-0.083527744,131.4213,1080.0
4414,129.5213401665623,151.5067303333412,-0.000616229,-0.0087350635,0.102833614,-0.08382531,141.32074,1080.0
4415,126.83701225108634,153.7640919564712,-0.00086200854,-0.008076081,0.105147526,-0.08600891,144.74959,1080.0
4416,126.78197041401445,152.9013265010773,-0.0019271851,-0.0066357646,0.11285118,-0.082116164,148.33177,1080.0
4417,128.174267176971,147.78397520723658,-0.0039598816,-0.006503098,0.12575068,-0.07963169,161.68594,1080.0
4418,129.69817971285633,138.01418891022507,-0.004663764,-0.0088096615,0.138735,-0.076708645,169.85466,1080.0
4419,130.53800337775957,124.50076317891364,-0.0042895847,-0.008825938,0.14967822,-0.07064983,181.46956,1080.0
4420,129.64922520186806,111.34664769235648,-0.013499959,-0.009308313,0.13881113,-0.07556469,178.65503,1080.0
4424,128.03507177346123,106.74030394652735,0.003477026,0.027062988,-0.1738854,0.07885753,189.62442,1080.0
4425,131.82861411624057,118.62257346493266,0.0020005968,0.027103849,-0.15753761,0.07024652,164.28673,1080.0
4426,146.3215342496788,145.41706583960544,0.0008088854,0.009957462,-0.15675713,0.030981248,162.94333,1080.0
4427,166.36473283708284,173.24031480561587,0.003972343,0.011954075,-0.11690078,0.042239014,122.91122,1080.0
4428,180.4217198114819,187.69264030312175,0.0041016755,0.013157032,-0.12174674,0.045668114,132.26212,1080.0
4429,183.42305468834098,186.69108326820842,0.0028458207,0.013194557,-0.13381153,0.04862332,144.28925,1080.0
4430,179.7352055220598,178.95609750812747,0.0017456338,0.016004436,-0.13431862,0.055235233,146.80067,1080.0
4431,175.95232430414563,173.628201223852,0.0011090314,0.016420746,-0.12366234,0.051267724,134.11046,1080.0
4432,175.1538290849972,173.61983669192912,0.0020019815,0.016883397,-0.12513201,0.053363517,141.28555,1080.0
4433,176.55546392355825,176.34032838877752,-0.00017304598,0.013141858,-0.13668023,0.044735406,146.92683,1080.0
4434,177.9068960745935,178.27312480663568,0.0020174945,0.0038440563,-0.12952748,0.025057983,143.85585,1080.0
4435,177.62403351944926,178.21219967206116,0.0020110519,-0.0034589698,-0.1207675,0.013412109,136.37198,1080.0
4436,175.36966176592765,177.0771240346883,-0.0003737273,-0.010078233,-0.12730351,0.0016049137,138.33836,1080.0
4437,172.27732325072319,176.23668500237758,-0.00093417696,-0.0050847656,-0.12885137,0.012411216,140.69385,1080.0
4438,170.74893686025862,176.01854626902016,-0.0026373405,-0.0011382774,-0.12149992,0.017832607,128.2194,1080.0
4439,172.3522103944592,175.46599037415513,-0.0010704888,-0.0014595315,-0.12522541,0.01727959,133.33876,1080.0
4440,175.79338087601954,173.77583475746616,-0.0062329895,-0.004222446,-0.11822538,0.012612802,121.234825,1080.0
4441,178.19106002472736,171.38108439962335,-0.0055539166,-0.00049260457,-0.118183136,0.018004071,121.68209,1080.0
4442,178.02565521181498,169.36054440007143,-0.006225925,-0.008698527,-0.119358346,0.0020976032,120.05674,1080.0
4541,174.85292512693886,166.13982467935796,-0.0029489023,-0.008356617,0.10219472,-0.066358864,128.52026,1080.0
4548,165.74803863526867,156.1794499977673,-0.0037866663,-0.00043007178,0.012652249,-0.04503979,55.689182,1080.0
4549,148.33663704499185,139.90897424962668,-0.010542354,-0.0019422461,0.001365153,-0.040381186,44.6265,1080.0
4550,131.53739908045284,129.83468692867993,-0.010345346,-0.0014487655,-0.008614887,-0.021901067,21.952353,1080.0
4551,131.01843924993804,136.18696552826418,-0.011661445,-0.002462698,-0.009935958,-0.022099022,20.694736,1080.0
4552,148.36864983905042,154.46841573141907,-0.012485871,-0.004151295,-0.01084866,-0.023772204,18.519032,1080.0
4553,168.63695114987252,172.18716947516495,-0.00961801,-0.002006771,-0.005231391,-0.026200231,25.130793,1080.0
4554,178.29958277377656,180.72910767656606,-0.010166422,-0.0013636553,-0.005811338,-0.02452969,24.593224,1080.0
4555,175.61011011744233,179.87014015404145,-0.010527547,-0.0014834793,-0.007374516,-0.026073668,24.57946,1080.0
4556,168.33041106159962,175.08376516179828,-0.01108794,-0.0007234644,-0.01172248,-0.02485312,19.523806,1080.0
4557,165.72788081701918,171.89336141298142,-0.009903406,-0.0010710398,-0.010958071,-0.02658495,20.190685,1080.0
4558,170.0049793284689,171.64459923201363,-0.009782353,-0.0005942592,-0.016121984,-0.02684216,18.063427,1080.0
4559,176.20809579451824,172.27566883875318,-0.011711855,-0.00060314604,-0.014128734,-0.025585769,18.082098,1080.0
4560,179.36094363347772,172.22970378411063,-0.010611979,-0.0005555329,-0.018535811,-0.025051752,17.18385,1080.0
4561,178.67674298780278,172.0429313160278,-0.010133871,-0.00059102377,-0.015696885,-0.022869775,16.8587,1080.0
4562,176.34207299380782,172.9499836457804,-0.010871266,2.6363796e-05,-0.021002876,-0.021079862,18.704645,1080.0
4563,174.37124246233458,175.04919339515692,-0.010623734,0.00060991355,-0.0214551,-0.019333761,20.83058,1080.0
4564,173.3054355228836,177.0587423494539,-0.010069784,0.0012291237,-0.023674406,-0.018707996,21.23757,1080.0
4565,173.24328860123038,177.86749309328712,-0.0104782665,0.0015444297,-0.022954192,-0.01616615,21.218716,1080.0
4566,174.10302227250685,177.5370021479957,-0.010428535,0.0019333309,-0.02842701,-0.016040547,23.309233,1080.0
4567,175.21184333994364,176.86404551552232,-0.010576262,0.002907972,-0.030636145,-0.0142863095,25.085888,1080.0
4568,175.82545324739962,176.4934606345278,-0.010908904,0.0034334254,-0.029923502,-0.011993662,26.036379,1080.0
4569,175.54260934313186,176.2687786793492,-0.010658546,0.0043344568,-0.028244019,-0.009356986,24.624617,1080.0
4570,174.24804531204808,175.92823500718956,-0.01073032,0.0047386736,-0.032361407,-0.011642456,27.50668,1080.0
4571,172.32485695122722,176.04112184501207,-0.010166422,0.005308702,-0.029461104,-0.0077190115,22.300638,1080.0
4572,170.82781658648514,176.95974708721872,-0.010632777,0.0047143158,-0.029131629,-0.007907458,22.925978,1080.0
4573,170.49026293637317,177.76946127956893,-0.010285441,0.005116837,-0.02744039,-0.0052625304,19.680517,1080.0
4574,170.607181149617,177.42459167938776,-0.009850283,0.0052650734,-0.02661257,-0.0060212454,21.279133,1080.0
4575,170.21680274058292,176.19340068613099,-0.010056446,0.006041322,-0.028646173,-0.004537554,25.181717,1080.0
4576,169.65868234002966,175.29366524706577,-0.01043396,0.0062638884,-0.027325666,-0.005465529,26.546879,1080.0
4577,169.65662985025438,175.37758295356403,-0.009176975,0.00673157,-0.023180362,-0.004949146,25.837183,1080.0
4578,170.318532594565,176.05445219637858,-0.009147701,0.0066062645,-0.02393098,-0.0050003757,25.910582,1080.0
4579,171.84313709048064,176.70750764794656,-0.009875375,0.0061045755,-0.025018424,-0.0013356527,20.932943,1080.0
4580,174.4466424127136,176.84751493583988,-0.010370325,0.0056600925,-0.028094595,-0.002915446,23.351467,1080.0
4581,177.31342268003024,176.1502436529822,-0.010296065,0.0038532964,-0.024837691,-0.0059912787,20.149828,1080.0
4582,179.06516197918344,175.09356396813922,-0.0101363575,0.0026987288,-0.022347458,-0.010741212,19.648365,1080.0
4583,179.2483476298772,174.73784439980383,-0.010783895,0.0024853318,-0.023749458,-0.0074635115,16.190662,1080.0
4584,178.6128003491849,175.34751037302874,-0.0105977375,0.0018364518,-0.023181943,-0.012881342,16.276466,1080.0
4585,178.18254610618735,176.09774045661456,-0.010202818,0.0017828906,-0.024379645,-0.01175003,18.60601,1080.0
4586,178.36915199187342,176.15921439913996,-0.009854861,-0.0009417781,-0.02364937,-0.022744369,21.559528,1080.0
4587,178.58061652294606,175.478830578046,-0.01021056,0.0004599536,-0.021726482,-0.021574982,24.001444,1080.0
4588,177.90137134546814,174.8164715974743,-0.010717039,0.0018112606,-0.020532396,-0.018515438,24.611897,1080.0
4589,176.64523615860193,175.1528874139687,-0.011452569,0.0017971463,-0.021410963,-0.016131902,24.382788,1080.0
4590,176.23165413722484,176.16518226674597,-0.011373506,0.0007891196,-0.020351099,-0.015903544,22.2166,1080.0
4591,176.73786499704505,175.4932090818997,-0.010754903,-0.00025131792,-0.017027283,-0.017925898,23.64213,1080.0
4592,175.80847712459808,171.26882388619035,-0.010316806,0.00082280196,-0.015133215,-0.016717643,25.332397,1080.0
4593,171.44979763574145,164.74457886485743,-0.010421301,-0.00070337363,-0.013552291,-0.02142529,26.292103,1080.0
4594,165.43983615500824,158.59107475727888,-0.010183037,-0.0011998777,-0.012905149,-0.021013783,26.12149,1080.0
4595,162.21766483562436,153.97086307049108,-0.010406551,-0.0016292572,-0.010025816,-0.021483654,26.906034,1080.0
4596,163.764845822616,150.183119402022,-0.010839844,-0.002117044,-0.009739459,-0.021226332,26.165543,1080.0
4597,167.35993730697788,146.01195538272754,-0.009713802,-0.001952687,-0.005260778,-0.02498703,28.760782,1080.0
4598,169.73216440690197,141.32410014687076,-0.010151786,-0.0025770117,-0.0038402982,-0.02471856,29.876583,1080.0
4599,171.11342201344095,137.34375525535177,-0.009212183,-0.0038922627,-0.0023378725,-0.026754973,27.90735,1080.0
4600,173.47779255855303,135.57063876946387,-0.009404444,-0.0030883788,-0.0047819912,-0.024989715,26.511322,1080.0
4601,176.86571774891812,136.9670564692862,-0.009818749,-0.0021858073,-0.0053163315,-0.02351279,26.2357,1080.0
4602,178.99877141769198,141.2667832918825,-0.009404557,-0.0019474312,0.0024548,-0.023151822,28.611734,1080.0
4603,177.83679593114547,146.4705179327502,-0.009242022,-0.0018642426,0.0071656406,-0.02472496,31.163927,1080.0
4604,173.6926508798999,150.12344643622663,-0.007057868,-0.0031469981,0.008344184,-0.024601774,29.558588,1080.0
4605,168.52243853437943,151.41281717723072,-0.0068792836,-0.0042671347,0.0042751734,-0.02277507,24.374346,1080.0
4606,163.45800308615787,151.2530447090518,-0.0063683405,-0.003090922,0.008559446,-0.0145623805,23.515575,1080.0
4608,158.80512905933318,149.80969395629424,-0.007991593,0.0006317139,0.01038451,-0.042960554,52.213272,1080.0
4609,156.98651547824977,145.50601619600408,0.0001916956,0.0005475645,0.021843126,-0.023931121,32.401295,1080.0
4610,161.18666360603171,139.47325713626654,-0.008310785,-0.0010344329,0.0067360774,-0.019101545,25.156654,1080.0
4611,169.5325554124991,137.10781127849245,-0.0138397785,-0.0043859696,0.002702614,-0.037924733,36.259766,1080.0
4612,175.78785621165906,140.18748263307936,-0.01389714,-0.0005436085,0.014633179,-0.039371546,44.411476,1080.0
4613,176.2514955068194,143.34410951320342,-0.0125839235,-0.0028367501,0.008988783,-0.034961164,39.726032,1080.0
4614,172.08060848340148,142.18425278321735,-0.010334326,-0.0024789034,0.023497349,-0.03848196,50.583076,1080.0
4615,166.10404120931545,139.09083317968938,-0.011122018,-0.001140312,0.011503657,-0.03677521,42.477306,1080.0
4616,160.1751601122791,139.1953077536467,-0.011466641,-0.0023776584,0.009292998,-0.030499183,34.488018,1080.0
4617,155.16880730538614,144.63545147929344,-0.011976171,-0.0036628158,0.0140972,-0.03193402,36.8954,1080.0
4618,151.54578691135828,153.03531050661005,-0.01038581,-0.004662436,0.01342683,-0.0288234,37.930473,1080.0
4619,149.8138723418396,159.69543490100827,-0.010137148,-0.004674756,0.00953307,-0.026226496,33.427742,1080.0
4620,151.0070522430721,161.9538929080205,-0.009695378,-0.00228458,0.013094415,-0.02490418,33.86667,1080.0
4621,154.45800536181468,160.3155216297049,-0.00858126,-0.0037508928,0.018214755,-0.027142305,36.352386,1080.0
4622,156.88546737957915,154.87371899018524,-0.00946254,-0.0030595285,0.016798232,-0.025023708,33.62654,1080.0
4623,157.62029223207284,146.31287352541204,-0.008379958,-0.0013981855,0.019516274,-0.018469661,34.61613,1080.0
4624,159.6970580270307,140.570440228807,-0.008192161,-0.0008318866,0.016470054,-0.016080108,32.37594,1080.0
4625,163.80395218049898,144.30928201097697,-0.0058042738,-0.0027600324,0.01678981,-0.01992877,28.491245,1080.0
4626,167.90023113395446,155.5892521842683,-0.007637476,-0.004432904,0.015259581,-0.02365262,28.864939,1080.0
4627,171.35568692128575,165.28900510723068,-0.0080776075,-0.004755628,0.015031151,-0.023293672,29.126184,1080.0
4628,174.0325055287413,167.54729463263286,-0.008674961,-0.004607589,0.009455137,-0.020862324,24.192373,1080.0
4629,174.46530001908732,164.85247508964537,-0.008313327,-0.004113176,0.0021212543,-0.019719187,17.742037,1080.0
4630,172.32371097423635,162.83414127824855,-0.006929638,-0.0029335022,0.0034844857,-0.013484023,12.965904,1080.0
4631,170.08804053886382,163.5663275783823,-0.0024215698,0.0034985577,0.008551704,0.009629031,10.249229,1080.0
4657,168.57519273286337,163.71233500422548,-0.0061030732,0.004434882,0.059358306,-0.050815213,96.714355,1080.0
4658,162.32149432165338,156.58217833225453,-0.009734382,0.00355202,0.04425912,-0.048238683,88.94508,1080.0
4659,147.06802963880114,140.42591500436703,-0.008297558,0.0069967764,0.035487793,-0.040683776,81.15075,1080.0
4660,129.38393163278766,124.11919745857409,-0.008647931,0.007101723,0.033427373,-0.043485403,80.5524,1080.0
4661,119.5320333762069,117.25798905596241,-0.007783796,0.008463542,0.029794496,-0.038080793,76.51645,1080.0
4662,120.54265590135208,119.98535636147952,-0.007193078,0.007176039,0.032181717,-0.047223747,82.34094,1080.0
4663,128.58628899026135,126.39074585238416,-0.007118442,0.007479519,0.027870536,-0.039237693,73.086365,1080.0
4664,136.62065835729547,130.646959095773,-0.0066012735,0.0070516514,0.025216449,-0.041725103,71.78327,1080.0
4665,137.58292004860667,129.51762377592615,-0.0062559005,0.008008717,0.02231358,-0.039692294,68.44629,1080.0
4666,128.8814295098499,123.53060359949775,-0.0034486877,0.006521211,0.021544827,-0.051277783,71.78377,1080.0
4667,115.35961409243828,116.81977054935419,-0.004727012,0.0047716494,0.013869017,-0.050295174,66.51328,1080.0
4668,106.06436670224011,114.15526181868243,-0.0064205225,0.0064121955,0.009273836,-0.049305104,68.31869,1080.0
4669,105.14825193192206,116.41910015944438,-0.0044932123,0.0024399369,0.016476123,-0.06497566,76.52043,1080.0
4670,108.64328067188555,120.431412435982,-0.0015193123,-5.227548e-05,0.01283439,-0.060764737,68.94151,1080.0
4671,112.77288563445906,123.96780259189904,-0.0090115955,0.0021231193,0.0001796846,-0.053029377,67.60634,1080.0
4672,119.22530457393799,126.60514800122527,-0.010058765,-0.0002850568,-0.02265056,-0.05192498,54.082905,1080.0
4673,129.3400693309235,126.73858277390269,-0.008427627,0.0017949988,-0.010719455,-0.051235847,58.76997,1080.0
4683,141.51436245218412,126.78016078144748,0.00013845938,-1.117565e-05,0.14123547,0.010750467,155.92876,1080.0
4684,154.8830432273456,135.60126635042863,0.0001682988,-0.006727798,0.13376804,-0.008639385,151.88824,1080.0
4689,167.79491902231038,155.1594433327945,0.019026976,0.004967527,0.007287202,0.13138597,131.77052,1080.0
4690,173.9807923605803,171.46752353928449,0.013696798,0.004649918,-0.0028143988,0.12790476,135.75063,1080.0
4694,164.91962328785078,166.35617310034073,0.0028192026,0.0010247125,-0.0029229058,0.045193877,48.857933,1080.0
4695,137.56299001218312,137.9583833935582,0.0062602856,-0.000103025086,0.007283246,0.031063221,35.976707,1080.0
4698,98.51713873653114,101.53786542870223,-0.0009636773,0.0014702126,0.00856651,-0.050506875,54.520412,1080.0
4699,63.01087830966108,70.96818980499157,0.003354108,0.004036006,0.01868467,-0.03948754,49.708347,1080.0
4700,50.471430114112636,54.55735749727042,-0.009513573,-0.0022138243,0.00050433126,-0.035534102,39.124573,1080.0
4701,70.02292914843362,59.30663061544287,-0.002963596,-0.0011088619,0.01890417,-0.03598243,44.73899,1080.0
4702,107.91534540444569,83.55547232314946,-0.003496071,-0.0021874323,0.016544484,-0.046860985,49.74589,1080.0
4703,139.5930007241257,114.20363981637934,-0.0116855195,-0.0066969693,0.017602766,-0.058689427,61.48701,1080.0
4704,154.9366772362128,135.2961251839032,-0.011740677,-0.0047283596,0.023385959,-0.056648027,62.242416,1080.0
4705,161.9353238115792,138.81718450120962,-0.010679457,-0.008418726,0.02938334,-0.05743736,64.39314,1080.0
4706,167.0496346292948,130.9961354821053,-0.0012702094,-0.003666687,0.04089672,-0.045424286,64.577446,1080.0
4707,165.9115835804012,125.01749356665474,-0.0045447457,-0.0052467627,0.04112097,-0.045866508,66.50988,1080.0
4708,155.00761437968916,127.71255063049236,-0.0082567,-0.0051823934,0.03578774,-0.041176464,62.88164,1080.0
4709,140.67377094194757,136.15615851302616,-0.008527403,-0.005475532,0.03065683,-0.040263537,58.35087,1080.0
4710,132.00285632072558,142.98732658079487,-0.011578143,-0.0066284747,0.031823844,-0.0457168,60.123516,1080.0
4711,130.31867235439583,143.17507897712193,-0.009613829,-0.005133226,0.031913813,-0.042934787,57.01645,1080.0
4712,129.12594856276007,135.92264946020106,0.0022727684,0.0034254286,0.046881218,-0.0260181,53.54382,1080.0
4713,123.66220778845366,122.32851053564237,0.006318834,0.0042899805,0.054482695,-0.026691012,58.197544,1080.0
4714,117.52583185706295,107.82566326038676,0.0019903113,-0.0023975514,0.040317338,-0.037363235,52.651894,1080.0
4715,117.65386561989808,103.07238592587746,0.006472891,0.0007897271,0.046068545,-0.030582795,51.867695,1080.0
4716,125.62083671369427,113.35895585547635,0.007745135,0.0009298254,0.044058904,-0.029169267,49.387127,1080.0
4717,137.10308069231354,131.97374722777099,0.004304787,0.00085031014,0.032347504,-0.025930136,40.50525,1080.0
4718,147.53181317473843,148.06282126097992,0.005693563,0.0026118525,0.035806388,-0.029326715,45.499496,1080.0
4719,154.91082013168923,155.15491891797006,0.0015619348,0.0015599568,0.025127497,-0.0308058,39.86861,1080.0
4720,159.30772805145608,153.58538388132604,-0.0037866663,0.00090185093,0.007889586,-0.034441516,35.301506,1080.0
4721,162.05731240902236,149.1806179725146,-0.0012454563,0.0016138147,0.0069650155,-0.03486687,36.58461,1080.0
4722,163.67730485600322,147.38624313887397,0.0012009232,-4.8262984e-05,0.010199653,-0.032957487,33.85493,1080.0
4723,163.02239622969057,148.70006871933813,-0.0015245226,-0.00059141935,0.00087766297,-0.037605315,35.97995,1080.0
4724,160.11979753619102,151.25598579266145,0.005058458,0.0010517262,0.008139829,-0.031765126,35.825317,1080.0
4725,158.21670881932891,154.74568641384803,-0.0019597937,0.0009097064,-0.009288646,-0.030890713,31.695753,1080.0
4726,161.25611384651623,159.90952171686058,-0.0015070032,7.6322205e-05,-0.004465852,-0.022221318,22.068207,1080.0
4727,168.9920669914389,166.36887749037479,-0.0050203674,0.0012239245,-0.013348162,-0.017458541,19.151073,1080.0
4728,176.0891459694941,172.4314898054382,-0.00046364113,-0.00090478966,-0.003032769,-0.015459358,14.917604,1080.0
4735,177.198301965553,175.95244255507401,-0.0029738816,0.0020006816,-0.011278393,-0.0063896463,11.986701,1080.0
4736,172.00110727049534,175.41035418007408,-0.005021724,0.0030411049,-0.013694028,-0.0034428632,12.214735,1080.0
4738,165.4795029763685,171.89245767158175,-0.0036199498,0.0027307016,-0.011522985,-0.0026086313,10.797481,1080.0
4792,163.51105842918514,169.030995869165,-0.0073025175,0.035142742,0.20306656,0.0777702,229.44945,1080.0
4793,166.33974887522075,168.8640165345181,-0.0076854564,0.036545705,0.2044545,0.084539115,235.70035,1080.0
4794,167.38355139187416,169.68891061881706,-0.009010315,0.035714213,0.20649019,0.08919904,237.8816,1080.0
4795,161.29132673553372,169.67850317857065,-0.014356034,0.036711913,0.21271017,0.09263029,248.3155,1080.0
4796,150.09499006911517,169.46981847301223,-0.014069847,0.03563453,0.22561651,0.086344175,256.1083,1080.0
4797,140.59694744892195,169.62161924428008,-0.017240398,0.030767087,0.24003018,0.07032894,275.30057,1080.0
4798,140.2774659921943,168.70532026242458,-0.01082888,0.031995986,0.24806394,0.070515044,283.83185,1080.0
4799,151.84936382519462,166.2307929610953,-0.009753135,0.03868815,0.24180225,0.07905025,276.9438,1080.0
4800,168.3239248091935,165.2334574748237,-0.005674461,0.040753797,0.25114903,0.079153724,281.3454,1080.0
4810,179.25692692656506,168.59988452763832,-5.171034e-05,0.01002056,-0.29221547,0.039418936,319.50327,1080.0
4811,181.25506526703825,174.59201026318217,0.0011468958,0.0119235,-0.29048386,0.039640695,321.20554,1080.0
4812,177.8622117826515,178.55782157278622,0.002573197,0.013595807,-0.28841126,0.042184956,320.93246,1080.0
4814,172.34895202419997,177.2407057377711,0.013824915,0.03367677,-0.28265464,0.08700748,344.66998,1080.0
4817,165.49788264016527,171.60679975449827,0.004840992,0.023048062,-0.30630583,0.073254846,349.91107,1080.0
4819,159.73415004541476,166.61553880447167,-0.0031048246,-0.008120671,-0.25343937,0.035104483,280.59708,1080.0
4823,159.53905205273023,166.39876355159973,0.0015285916,0.009431796,-0.28411886,0.026763463,315.97324,1080.0
4843,165.49450798646654,170.0777208021143,0.0058620875,0.014686189,-0.30721807,0.05342882,351.34677,1080.0
4844,172.2791911417395,173.48699176624882,0.0064212377,0.016920188,-0.31602162,0.05510107,357.5972,1080.0
4848,174.4880818782446,173.49721952549154,0.0030921653,0.015201936,-0.32380858,0.04130927,357.94717,1080.0
4850,172.0459741957459,170.28332989317536,0.0010978417,0.019127231,-0.31712896,0.045798067,345.41232,1080.0
4851,168.3557227824699,166.083915436556,0.009344426,0.020977331,-0.30543607,0.045108765,346.4077,1080.0
4852,165.14837017903218,162.08904982459575,0.012621957,0.024986945,-0.3114676,0.05071603,364.99512,1080.0
4853,162.5287562289635,158.28643526072017,0.0079959445,0.01665446,-0.33409724,0.040764082,383.0717,1080.0
4854,161.95575039958348,156.00998631392147,0.004804032,0.008586403,-0.3514835,0.021371912,397.08542,1080.0
4855,164.84955079446638,157.31153627770107,0.00016863788,0.0040325588,-0.36991617,0.002847064,414.75464,1080.0
4856,169.57451923912498,161.77895476680897,0.006851083,0.016115937,-0.361371,0.0025622332,410.28613,1080.0
4857,172.38625972476353,166.1070327083013,0.008225279,0.017395923,-0.37474078,0.0038872613,427.58328,1080.0
4858,171.9391546989569,167.79026221446554,0.00574533,0.018689925,-0.39302087,0.003221074,441.23145,1080.0
4859,171.33738527627406,167.9851366184102,0.008639527,0.020461472,-0.3801759,0.0050425213,423.7687,1080.0
4860,173.41161701651822,168.52585396001112,0.004244317,0.013478258,-0.39474285,0.0072141294,446.5212,1080.0
4861,176.54636311654733,168.46216646947767,-0.0010570384,0.011460594,-0.3978219,0.0059845536,450.88937,1080.0
4862,177.67524806095764,166.23998003953605,0.003777059,0.021922868,-0.3820395,0.017914949,430.0439,1080.0
4863,176.36906640469942,162.7789354450304,0.005392456,0.02992435,-0.37415117,0.040500782,428.73975,1080.0
4864,174.33165113074375,160.35651359336427,0.0039403844,0.028493471,-0.38848436,0.032647986,437.34006,1080.0
4865,172.9403436113729,159.84781825926518,0.0021337438,0.010285554,-0.4030135,0.0119217485,454.8223,1080.0
4866,172.35429435689525,160.1749846860206,0.0031968858,0.014891957,-0.39708477,0.005698084,443.46707,1080.0
4867,172.18671866000764,160.06401166085135,0.0033092357,0.015948147,-0.39386773,0.0087745385,438.67447,1080.0
4868,172.16403232756988,159.364613289524,0.0025296812,0.022562606,-0.38495094,0.034111872,433.50226,1080.0
4871,172.2732538568991,159.11661328614292,0.01169558,0.008753345,-0.03264533,0.14530633,154.29576,1080.0
4872,169.79801492385783,158.29891300730094,0.017754788,0.0060806274,-0.02778682,0.14667454,158.91862,1080.0
4874,157.18419104167592,149.46339760912753,0.012550975,-0.0034525553,-0.013414623,0.16774727,185.06007,1080.0
4875,133.08648636634294,128.4968161727589,0.016728606,0.0001115587,-0.0160345,0.16962749,183.81972,1080.0
4876,110.4423767551373,106.3217928122838,0.019720571,0.0058411774,-0.012428114,0.16816802,172.24336,1080.0
4877,101.84306011012252,96.1449576935918,0.016735049,0.0059517752,-0.01928338,0.17141165,174.3809,1080.0
4881,106.65138605445674,97.82864903182109,0.0025554516,0.0017966941,-0.032300822,0.14133985,154.90973,1080.0
4882,116.04689700019637,102.7793274160908,0.0067190663,0.0015096593,-0.029968262,0.14600524,157.11461,1080.0
4883,122.19708648779772,105.96665784130111,0.005017768,0.0004961367,-0.029592669,0.14725845,157.34947,1080.0
4884,123.66147417572172,109.8413609542421,0.0061307554,0.0007976956,-0.026772393,0.15113594,159.45987,1080.0
4885,124.51778956754274,117.77719447209257,0.0078025535,0.0013041178,-0.01718942,0.1580285,162.23926,1080.0
4887,127.8900254225425,127.73930073896193,-0.0064679747,-0.00808032,0.047693096,-0.06099034,79.281235,1080.0
4888,132.3798960373389,135.58441248733817,-0.006853344,-0.0077082315,0.022351978,-0.046252497,46.15075,1080.0
4889,136.54686578559077,141.6285318919049,-0.012192338,-0.010015078,0.023878649,-0.049256954,49.41406,1080.0
4891,141.73501151379483,148.75769019002865,-0.020673681,-0.006839046,-0.01607502,-0.087713905,89.78016,1080.0
4892,146.0814477727444,154.75144644751452,-0.019755553,-0.0059908833,-0.01940528,-0.08311711,89.11155,1080.0
4893,141.93376347961757,153.7518505837126,-0.017552637,-7.1207683e-06,-0.017043954,-0.09264249,100.25305,1080.0
4894,124.60479580632871,144.44455982805985,-0.017354386,-0.0032796224,-0.018322585,-0.09672857,106.239265,1080.0
4895,99.99796746954769,129.53893179964277,-0.016860962,-0.0030188102,-0.017784402,-0.08604708,95.04334,1080.0
4896,81.37920751799587,112.32366446297966,-0.015534634,-0.0030000475,-0.016474066,-0.087631166,94.4117,1080.0
4897,79.58582463012095,98.61980650622661,-0.0161013,-0.0021022656,-0.016120967,-0.088204846,91.3064,1080.0
4898,94.95118632195746,95.67983872843455,-0.018353553,-0.0038348727,-0.025477938,-0.05417017,54.87173,1080.0
4899,118.95671288756071,107.9762482301179,-0.018825617,-0.004425162,-0.037081342,-0.042941086,48.493195,1080.0
4900,140.7216433520184,132.41153655430756,-0.019645521,-0.003935468,-0.035125677,-0.055627327,59.444935,1080.0
4901,150.92847599731383,156.3048673076266,-0.019774882,-0.002271412,-0.034804508,-0.044187672,49.93865,1080.0
4902,148.4844380776523,167.95138391762097,-0.020275427,-0.0017058761,-0.04225741,-0.038149573,47.232113,1080.0
4903,143.61676322484533,168.41968336965624,-0.02182408,-0.0012738828,-0.04070553,-0.02949866,36.551575,1080.0
4904,147.21476010848562,167.03558995402926,-0.022044824,-0.001095242,-0.042985704,-0.035550408,42.85553,1080.0
4905,159.09450367245145,169.03662857845828,-0.021424526,-0.0016256827,-0.04485841,-0.042434607,47.868095,1080.0
4906,170.50811612303468,171.86014416407428,-0.019925717,-0.0013559412,-0.043124504,-0.03965638,44.035515,1080.0
4907,175.27967335268735,171.5975224337195,-0.018350108,-0.0022359213,-0.03898468,-0.045533977,51.862694,1080.0
4908,174.43356814701755,165.76252459113596,-0.025488338,-0.00067144324,-0.050371747,-0.043204583,57.39634,1080.0
4909,171.54693823276983,148.853262350506,-0.024849955,0.004265792,-0.05347132,-0.037746202,57.043022,1080.0
4910,168.80277757563428,120.40685646973803,-0.024480974,0.007972435,-0.060902856,-0.030876584,54.215378,1080.0
4911,167.68008348809005,97.17410316892192,-0.018748192,0.001312595,-0.05071773,-0.046821028,56.6822,1080.0
4912,168.5144761761872,99.56367036097032,-0.017897317,0.0014550668,-0.051495418,-0.04583517,55.10647,1080.0
4913,169.27350513438327,127.61864071496694,-0.0149234915,-0.0020299559,-0.044544928,-0.05561806,57.226955,1080.0
4914,168.10008610604942,158.9620392237398,-0.018590743,-0.0012430827,-0.056027334,-0.07197096,73.95335,1080.0
4915,166.1741266499953,171.440292295063,-0.02256108,-0.0012148257,-0.05961219,-0.06293863,69.816765,1080.0
4916,166.372738560256,165.3778907127366,-0.021736428,0.0015324628,-0.0559177,-0.048485678,57.73389,1080.0
4917,169.5963033738231,158.07910974693576,-0.023160355,0.0018807871,-0.055102143,-0.040223636,51.06621,1080.0
4918,173.50995411607227,161.2424795813203,-0.022853257,0.0012333622,-0.052800156,-0.042833485,51.907036,1080.0
4919,175.45512699376144,171.89705556868446,-0.023256203,0.0010160658,-0.048835926,-0.036560707,46.66284,1080.0
4920,175.33982295891082,181.00427863972106,-0.024674196,0.0009409869,-0.041619252,-0.043843616,53.85394,1080.0
4921,174.88111703219363,183.7354092904303,-0.027173247,-0.00025284378,-0.0434147,-0.045821693,54.28866,1080.0
4922,175.18404809986822,181.50722863954547,-0.027406141,-0.0009976423,-0.04279367,-0.05245234,58.737637,1080.0
4923,175.71844729282464,177.8907474954007,-0.028116353,-0.0011331629,-0.04027094,-0.053072102,58.737957,1080.0
4924,175.38737305528502,174.84356954341084,-0.027365338,-0.0043192827,-0.034921885,-0.05799176,61.60617,1080.0
4925,174.30743540997565,172.39168523510628,-0.025466016,-0.0063903243,-0.023150465,-0.073134445,73.21019,1080.0
4926,173.8883322508853,170.51121033574486,-0.026140848,-0.007558328,-0.023989981,-0.069370665,70.17259,1080.0
4927,174.93912903503744,169.884978722826,-0.027527139,-0.007668926,-0.025790066,-0.06601862,67.04573,1080.0
4928,176.41852374305208,170.37622602060205,-0.026052404,-0.008093262,-0.033799857,-0.060076058,57.29431,1080.0
4929,176.36129416916185,170.49114857112997,-0.02555412,-0.007133088,-0.033290833,-0.05612646,55.637623,1080.0
4930,173.90341317481924,169.22550827580818,-0.026497679,-0.0066701253,-0.037366174,-0.044460125,47.116997,1080.0
4931,170.37658326198041,167.1781816101029,-0.02738218,-0.0067745633,-0.037677735,-0.048796732,53.162605,1080.0
4932,167.88849867694083,165.57111090459526,-0.026365604,-0.004770858,-0.0339781,-0.049530424,54.06689,1080.0
4933,167.0326868271361,165.3918017949726,-0.026077215,-0.0069931597,-0.02913903,-0.06009615,63.37608,1080.0
4934,167.31550059545646,167.41728718755118,-0.026154581,-0.007309497,-0.02674295,-0.063548364,67.560074,1080.0
4935,168.89561169697228,170.91365679995732,-0.029078504,-0.007202572,-0.03307139,-0.060207196,63.54094,1080.0
4936,171.9020282176989,173.07853772297875,-0.026531305,-0.007409216,-0.030972008,-0.062669456,68.88624,1080.0
4937,174.7495427502626,172.7016475428978,-0.027438467,-0.007543606,-0.03697549,-0.073532164,77.36499,1080.0
4938,174.65533602215615,171.96839937481133,-0.025328064,-0.0076076933,-0.040709205,-0.07821031,85.063416,1080.0
4939,170.41795360584433,172.48613428421527,-0.025318401,-0.007041479,-0.04178207,-0.08189279,85.119026,1080.0
4940,164.44286556556108,173.12520956199114,-0.026964314,-0.0032807244,-0.048650503,-0.084735416,87.9343,1080.0
4941,160.99640519755874,172.7290302137219,-0.02815241,-0.0026159217,-0.043212496,-0.08912088,92.88003,1080.0
4942,162.55162817639834,171.98372634254127,-0.02836722,-0.003267161,-0.041025233,-0.083666764,90.38265,1080.0
4943,168.2065727425629,171.9588992767729,-0.029273195,-0.0034355728,-0.04080901,-0.08402749,88.58101,1080.0
4944,174.641904148378,172.48549813013528,-0.030529559,-0.0057543153,-0.046318732,-0.07063305,76.745285,1080.0
4945,178.45577286587553,172.72546262992395,-0.033231497,-0.0021460075,-0.0482384,-0.058592986,65.718575,1080.0
4946,178.62518388126225,172.5278840798773,-0.03185764,-0.002586619,-0.046603903,-0.063092574,68.37389,1080.0
4947,176.88866538703007,172.76940405950725,-0.034861077,-0.0032395823,-0.050050694,-0.06738154,71.678635,1080.0
4948,175.17915597870856,174.21502253715462,-0.0359171,-0.006455909,-0.05220834,-0.0659558,61.6705,1080.0
4949,173.34862097642053,176.23728975356892,-0.035593048,-0.007777687,-0.051589455,-0.06908759,63.684963,1080.0
4950,170.49184608064607,177.52023998481508,-0.033539608,-0.0064955535,-0.048922278,-0.061350476,63.90331,1080.0
4951,167.52042631361866,177.6041443242493,-0.031886462,-0.0022062797,-0.032491725,-0.07049857,76.53898,1080.0
4952,166.81881931437624,177.0377594504856,-0.0318829,-0.006119622,-0.023475083,-0.08009471,81.527695,1080.0
4953,169.3168016859442,176.04780372186642,-0.032132354,-0.006624999,-0.010239891,-0.10392755,106.08462,1080.0
4954,173.15757610943635,173.8144188199918,-0.030998683,-0.009852967,-0.0036051997,-0.11056123,114.95577,1080.0
4955,175.73943423415713,170.39175959832667,-0.03201147,-0.010210983,0.001425623,-0.11451094,120.89794,1080.0
4956,175.77973062268887,167.30926219399214,-0.032349084,-0.00926734,0.011172486,-0.12213344,133.14236,1080.0
4957,173.2533861501059,164.84032329560992,-0.033179447,-0.007313255,-0.0023764716,-0.1193039,129.24983,1080.0
4958,169.17011467633787,162.3485662960895,-0.034694135,-0.0057178074,-0.01408974,-0.107985064,113.07794,1080.0
4959,165.7201859024494,161.30328913191568,-0.034618124,-0.010196375,-0.025038034,-0.10005957,105.085495,1080.0
4960,165.0172679790675,163.888179622583,-0.032398194,-0.011358784,-0.01684932,-0.09669006,102.52171,1080.0
4961,167.2531514568845,169.2452073719181,-0.03195292,-0.011763565,-0.025860483,-0.09306731,96.187225,1080.0
4962,170.6110078661923,173.97778415802551,-0.030141816,-0.013633361,-0.02689808,-0.07846075,82.48037,1080.0
4963,172.9034378459817,175.54547962709515,-0.029202553,-0.013417675,-0.023404326,-0.081465006,83.57097,1080.0
4964,173.35721018547022,173.58875637112413,-0.02865013,-0.01514887,-0.023176517,-0.08431453,87.29387,1080.0
4965,172.30414849426703,169.33355369915054,-0.029421432,-0.017485188,-0.01760056,-0.1067146,107.71599,1080.0
4966,169.52956890899208,165.07691839364944,-0.027111648,-0.013718753,-0.018985493,-0.109627165,111.404465,1080.0
4967,165.4137461859883,163.56145289157163,-0.02493224,-0.012034692,-0.0248794,-0.11552087,109.72329,1080.0
4968,163.00520419960228,166.05273503342534,-0.030227775,-0.012803395,-0.030905377,-0.10562512,99.447624,1080.0
4969,165.5176508835641,170.95771715227005,-0.02939357,-0.012898085,-0.037351537,-0.100527726,94.87423,1080.0
4970,171.82597598181755,175.27826724657493,-0.031197047,-0.007521509,-0.03407378,-0.104317814,101.44999,1080.0
4971,177.18901471632813,176.31759813568678,-0.03295825,-0.006713217,-0.030571492,-0.10143693,103.25628,1080.0
4972,178.5320722809485,172.10239196165617,-0.0315992,-0.0057720607,-0.03164413,-0.10355089,113.12019,1080.0
4973,176.833297065881,162.32897513351477,-0.030368155,-0.0009586476,-0.029872358,-0.10532444,120.63456,1080.0
4974,174.1902119344069,151.16920687140347,-0.029273253,-0.0059203818,-0.017523477,-0.13100702,139.95056,1080.0
4975,170.9023448157695,147.26327534833402,-0.030174142,-0.006263592,-0.023760252,-0.13639826,146.43246,1080.0
4976,166.46085915916703,154.2305284806085,-0.033523787,-0.007825329,-0.02269807,-0.14026809,143.41638,1080.0
4977,160.51194401970997,163.13360836952606,-0.035603162,-0.0070236204,-0.03376606,-0.13185659,119.53209,1080.0
4978,153.4449812120345,163.2360177058246,-0.039149757,-0.0074739526,-0.034865543,-0.09551553,83.476,1080.0
4979,149.39910338934763,155.00575129761907,-0.038937602,-0.008154946,-0.03977548,-0.10000981,81.846115,1080.0
4980,153.5717007974381,143.91707738114513,-0.039796844,-0.006784425,-0.030849315,-0.106704175,91.2739,1080.0
4981,164.4087324974433,132.00071806002902,-0.035364788,-0.007812048,-0.012579007,-0.115272775,107.68385,1080.0
4982,174.67742794500995,121.34407710346079,-0.038167655,-0.005661604,-0.009300062,-0.11570573,117.92833,1080.0
4983,179.1568092190968,114.46201294713346,-0.03833584,-0.0076590646,-0.003705399,-0.13018821,126.3241,1080.0
4984,177.9147184250544,110.75737565691898,-0.04117929,-0.009901768,-0.012659595,-0.11476115,108.59514,1080.0
4985,174.75048489909338,109.93036069153212,-0.03823751,0.0035339638,-0.012038619,-0.08765386,97.5,1080.0
4986,173.53887507513383,115.36552458285603,-0.03652615,0.0035023724,0.0007301613,-0.09247086,110.65793,1080.0
4987,174.51952857363545,128.97692488984802,-0.03492669,0.0051774485,0.003788814,-0.09214619,112.120384,1080.0
4988,173.65074808571657,144.83120391069784,-0.034602866,0.0026813932,-0.002512388,-0.09545675,111.88413,1080.0
4989,166.5045975997091,153.10786638382558,-0.035509802,0.0019872878,-0.006044854,-0.08939981,107.0978,1080.0
4990,153.6302264537198,150.74412984134028,-0.033996016,0.00017081367,-0.011593062,-0.09014469,109.17761,1080.0
4991,140.3651686465194,144.02110103096834,-0.030974211,9.149622e-05,0.0012019405,-0.09137636,110.39609,1080.0
4992,130.9361411953523,140.83320942268517,-0.029902253,-2.6505082e-05,0.0021475332,-0.09163787,109.93129,1080.0
4993,126.84225415978344,143.7384821823643,-0.033877563,0.0018522757,-0.010409772,-0.08789989,101.27371,1080.0
4994,129.8664443358513,149.4418767022771,-0.034282092,-0.00019963582,-0.009837624,-0.09733372,110.033455,1080.0
4995,139.39342976966614,151.78451466618515,-0.034907248,0.004713694,-0.011989113,-0.09859011,119.198654,1080.0
4996,149.82606428773545,146.60437483593722,-0.03681234,0.0025292572,-0.016608909,-0.12117488,131.4821,1080.0
4997,156.81988772071858,136.41206883519504,-0.03490612,0.00060681946,-0.026177866,-0.11728798,121.72603,1080.0
4998,160.3873043694879,128.9379961624623,-0.037316896,-0.0006459554,-0.05236726,-0.10234711,102.47548,1080.0
4999,161.0412999909274,129.85608584848424,-0.038072035,-0.004823473,-0.07095326,-0.11175862,113.219086,1080.0
5000,158.34733592168627,138.4935796421272,-0.036135864,-0.0021519414,-0.06542132,-0.11937838,126.91018,1080.0
5001,150.1790364398832,150.433400529891,-0.037293836,-0.0010152181,-0.06754399,-0.11331999,119.83719,1080.0
5002,133.00520044254282,161.42638343609826,-0.03734323,-8.4036365e-05,-0.07681659,-0.099230364,110.54849,1080.0
5003,109.71458037113268,168.81975800356136,-0.038966086,-0.00026824386,-0.082881674,-0.09711838,108.34183,1080.0
5004,95.09792245832213,172.27503506120934,-0.038418353,0.00024301035,-0.08117608,-0.08684043,94.5484,1080.0
5005,103.6534507472897,173.4380831888557,-0.038083676,0.00023631343,-0.08327546,-0.08116484,88.832115,1080.0
5006,132.1326023064531,173.85392056124084,-0.03921396,0.0023956017,-0.086905584,-0.06889609,75.1165,1080.0
5007,161.4463011495877,173.97908536046015,-0.039296016,0.004364268,-0.09242237,-0.06831227,77.37856,1080.0
5008,175.28536841852656,173.9561749719929,-0.040809687,0.007320263,-0.101111405,-0.060293946,75.39208,1080.0
5009,172.7627595217391,174.02469900500364,-0.04595303,0.008873551,-0.10149322,-0.045617506,67.17848,1080.0
5010,163.78139840477655,174.44997548254548,-0.04532527,0.009814227,-0.106736474,-0.049626216,73.635345,1080.0
5011,157.09133540581476,175.52126023023837,-0.047667213,0.010689064,-0.11384876,-0.056442853,77.713425,1080.0
5012,154.9553576420002,177.21796437300156,-0.046923943,0.010596409,-0.124752924,-0.06469995,91.375206,1080.0
5013,154.94875876187226,178.8983673486323,-0.04866039,0.011521177,-0.114166826,-0.06873508,92.66876,1080.0
5014,153.61128032522433,179.70939473490856,-0.046279907,0.012027034,-0.12137711,-0.07049578,105.60344,1080.0
5015,150.1402300070377,179.37538688281933,-0.045561388,0.010501466,-0.13127092,-0.074030675,120.493095,1080.0
5016,147.25807580485588,178.4569614733862,-0.04498924,0.015846083,-0.13928346,-0.06442185,124.757256,1080.0
5017,147.50226561070244,177.73930038454517,-0.038126513,0.020793067,-0.13032667,-0.06930231,131.67137,1080.0
5018,149.9997204537795,177.516668977038,-0.041195113,0.016865935,-0.11539024,-0.055415597,107.7445,1080.0
5019,152.51803279151088,177.49956123291187,-0.04303487,0.0150166545,-0.12926054,-0.063667126,111.45267,1080.0
5020,154.58299800059663,176.92709370815336,-0.035596948,0.01507526,-0.118123375,-0.07822715,126.71525,1080.0
5021,156.57268468660223,175.25473297469352,-0.040407196,0.016766272,-0.10034383,-0.044125225,90.445435,1080.0
5022,158.5824710604054,173.49645994717224,-0.040980473,0.008612824,-0.10299434,-0.046619244,84.383255,1080.0
5023,160.98325854815263,173.09519469767724,-0.040351924,0.013084723,-0.11213667,-0.043617193,90.34659,1080.0
5024,163.1800821623133,172.90039201702163,-0.041618347,0.009290766,-0.10542484,-0.043627564,84.22719,1080.0
5025,163.1522713219008,170.22780898433507,-0.03631852,0.008513868,-0.10687516,-0.046135657,94.22365,1080.0
5026,160.51020897063623,165.1201856924787,-0.035209883,0.009402437,-0.11831354,-0.0500809,100.73563,1080.0
5027,158.10896180492688,161.1573115669161,-0.03809142,0.014901733,-0.12005022,-0.046584744,100.725136,1080.0
5028,158.64575689957505,161.36932056729333,-0.035446957,0.005941518,-0.12358235,-0.07642243,123.57648,1080.0
5029,160.98322078449283,164.11603507922553,-0.04101393,0.008551336,-0.12171908,-0.048884835,117.74506,1080.0
5030,162.6796739488299,165.4753152826112,-0.045236714,0.017696636,-0.13642341,-0.03365778,119.89819,1080.0
5031,164.35089720375507,164.57550276574403,-0.049115386,0.019798618,-0.13667229,-0.035890877,119.899895,1080.0
5032,167.65680530131195,161.84565582258438,-0.04899128,0.021770902,-0.1462816,-0.032841098,121.47336,1080.0
5033,171.65592034500662,155.46552759942887,-0.032892298,-0.0057608145,-0.07335171,-0.08132183,95.45692,1080.0
5034,173.74325983599692,146.27576647579286,0.008872704,-0.0126220705,-0.04344652,-0.1339536,120.56738,1080.0
5035,171.554162272155,140.81215446581598,-0.03620809,0.005011043,-0.15510073,-0.055223424,119.96205,1080.0
5036,164.61449785893842,142.39153453512387,-0.0032262732,-0.0110148955,-0.08344879,-0.14181714,136.31781,1080.0
5037,156.8553970665804,147.56026897174772,-0.024252884,-0.019114375,-0.10827467,-0.17259397,168.95517,1080.0
5038,154.60073740875953,154.37312829619967,-0.010627125,-0.02521317,-0.1354088,-0.17559937,174.38963,1080.0
5039,157.56460822577486,162.66983450354255,0.0036078559,-0.026781011,-0.14057024,-0.18980215,197.71573,1080.0
5040,154.77243082781442,169.13049170136168,0.0061319987,-0.031421352,-0.11646881,-0.1832159,179.13258,1080.0
5041,138.5974221374419,171.38353771479117,-0.00018638329,-0.029016593,-0.12528348,-0.17648454,169.26414,1080.0
5042,121.23507882517059,169.69553825548402,-0.040371478,0.02217119,-0.12546962,-0.012761406,118.239395,1080.0
5043,121.23428942574773,160.59069375841773,-0.035342295,0.016745362,-0.12260686,-0.032299183,111.81134,1080.0
5044,136.426324616361,140.9940294457211,-0.051121067,0.03267924,-0.11985954,0.022813812,71.174355,1080.0
5045,150.6378447406984,120.16557502156729,-0.05026347,0.017296093,-0.106606886,0.018256377,61.13503,1080.0
5046,158.35224282815443,113.64529446358878,-0.054821663,0.04189826,-0.10317089,0.05993271,48.440296,1080.0
5047,163.30637007182906,126.21378095478984,-0.017300189,0.023144701,-0.030979523,0.0027926692,54.40742,1080.0
5048,165.08832315030077,149.1031771195906,-0.0021635832,0.0069712037,-0.043673366,-0.043092348,81.105446,1080.0
5049,161.69157926694996,169.3225921779687,-0.008644047,0.017171195,-0.06666904,-0.034283165,108.53525,1080.0
5050,157.5907658170195,178.81953341170345,-0.028312514,0.009913381,-0.0952301,-0.059496902,111.49912,1080.0
5051,159.85847135316752,178.0373969893132,-0.029256186,0.012801389,-0.14296795,-0.07822472,171.42702,1080.0
5052,168.31299832917193,171.51775348750482,-0.021694042,0.0122828735,-0.12909421,-0.08989769,170.71973,1080.0
5053,175.60158849934498,163.04319172403308,-0.026648967,0.016406618,-0.11173322,-0.06429229,134.63194,1080.0
5054,176.26283998230417,156.50125322380163,-0.004988833,0.0082463585,-0.1045964,-0.117768124,187.50859,1080.0
5055,171.3656856089473,155.74159977382288,-0.0018397579,0.0035839786,-0.06891604,-0.12210493,180.93855,1080.0
5056,165.59109559035986,161.10299590051181,-0.009239366,0.018894365,-0.05654681,-0.053923655,115.0901,1080.0
5057,163.1886277621221,169.07235770897518,-0.012632582,0.016185788,-0.078539364,-0.07559885,131.2802,1080.0
5058,165.36815483608632,175.64457899752787,-0.020935172,0.010546168,-0.095895045,-0.10526875,153.78024,1080.0
5059,169.23338005723667,178.81075179182602,-0.0366385,0.013963713,-0.07670559,-0.040287893,79.200165,1080.0
5060,170.46046244339385,178.94117071524542,-0.04846915,0.011500521,-0.08606398,-0.022455964,66.218124,1080.0
5061,167.71830865518768,177.82058689323532,-0.048796818,0.012601782,-0.08430323,-0.029498093,59.733856,1080.0
5062,162.78821336449917,177.0164144235058,-0.055414498,0.010701893,-0.09310212,-0.028567562,50.85913,1080.0
5063,156.74979298821802,177.05729697390035,-0.050237246,0.012582115,-0.09643747,-0.037138112,66.34312,1080.0
5064,149.58888476540238,177.5746414544529,-0.056468483,0.007549879,-0.11346503,-0.028339555,53.67784,1080.0
5065,143.87276961972972,177.81672337018324,-0.059586022,0.011459435,-0.13079575,-0.023842622,60.62937,1080.0
5066,143.55046958096457,177.63587110392845,-0.057645332,0.014118167,-0.13389294,-0.025449399,67.13278,1080.0
5067,148.43563022069858,177.71329056082115,-0.061382942,0.01750104,-0.1272782,-0.018198848,64.7609,1080.0
5068,154.2514418296393,178.3824716553775,-0.064552926,0.0171463,-0.12682743,-0.022456162,63.67332,1080.0
5069,157.44137896171867,178.96624304617447,-0.066381834,0.01672513,-0.13626528,-0.02086484,59.609104,1080.0
5070,157.93160586454022,178.5610948453964,-0.061631378,0.020058751,-0.1415403,-0.026916023,72.27283,1080.0
5071,158.23811247978333,176.9496564649768,-0.062134918,0.023437358,-0.13736063,-0.023086887,75.71644,1080.0
5072,160.23413401391986,174.68537252196904,-0.065332256,0.022440253,-0.14717735,-0.032412693,80.63655,1080.0
5073,163.121247489864,172.57898628746764,-0.0628765,0.020583965,-0.1489807,-0.03012684,78.51348,1080.0
5074,165.27248276625153,171.22504034807972,-0.06554192,0.017815342,-0.15225649,-0.024381144,74.46365,1080.0
5075,166.528026574281,170.9406425559984,-0.065452404,0.021582682,-0.1616541,-0.033720963,91.82592,1080.0
5076,167.05679828474922,171.82816455457765,-0.065874904,0.026133955,-0.17034957,-0.024942016,93.71881,1080.0
5077,166.1634851698476,173.65137221870089,-0.060975816,0.028607657,-0.16405696,-0.020025522,99.670235,1080.0
5078,163.97818597637368,175.75271552856975,-0.05548322,0.023343094,-0.16416247,-0.031760633,101.35074,1080.0
5079,162.05431524491,177.41007843138925,-0.055663835,0.025262509,-0.14681284,-0.023407746,113.302315,1080.0
5080,161.57899629949466,178.249687366019,-0.053961296,0.013384501,-0.12734799,-0.05459459,105.25375,1080.0
5081,162.33652000631255,178.09651431109015,-0.04329348,0.009370676,-0.09761341,-0.06281574,102.17441,1080.0
5082,163.15817184696797,176.94180759114553,-0.040122136,0.015096367,-0.108517796,-0.050305855,115.15393,1080.0
5083,163.1053373951641,175.33470763192108,-0.039718177,0.010008014,-0.1063116,-0.063600525,111.45976,1080.0
5084,162.46911697524038,173.9822730639098,-0.038322166,0.018020405,-0.1090141,-0.040479194,106.00067,1080.0
5085,162.39904259327432,172.82852860744558,-0.038381845,0.015376734,-0.10900641,-0.04577973,107.931046,1080.0
5086,163.52150797061427,171.2203405150447,-0.041343406,0.018050158,-0.13021727,-0.049258336,127.81284,1080.0
5087,165.22063558618234,168.92095413176952,-0.045524087,0.01872536,-0.15214188,-0.04239194,126.349754,1080.0
5088,166.4332390912123,167.06707299342327,-0.051796693,0.017520057,-0.14587086,-0.03184515,117.86574,1080.0
5089,166.96084159942612,167.89283731450303,-0.051417034,0.02032691,-0.13979164,-0.022421038,109.36286,1080.0
5090,167.80820204701536,171.6417760608152,-0.05290335,0.02104074,-0.13123044,-0.016063295,92.2166,1080.0
5091,170.14633082914784,174.49628106545606,-0.04066682,0.004709371,-0.10362888,-0.04817321,108.165184,1080.0
5092,173.78571128947715,172.96728313604498,-0.043712474,0.015759787,-0.12787662,-0.04304431,115.55365,1080.0
5093,176.93984991068132,168.96273732121858,-0.04434566,0.018481333,-0.13230234,-0.037223507,119.93176,1080.0
5094,177.56698129939818,167.17941394142449,-0.042630006,0.011774897,-0.12959719,-0.043139536,107.90218,1080.0
5095,174.7301166022611,169.3111264612382,-0.030685086,0.003796302,-0.096888,-0.05760402,80.96579,1080.0
5096,169.4103068485874,172.89861235946853,-0.03583374,0.0063208686,-0.115919776,-0.039003387,84.43436,1080.0
5097,164.68962438209417,174.5375136856748,-0.037163064,0.0034999142,-0.09742228,-0.040546276,65.63914,1080.0
5098,163.8902426344375,172.99908174426457,-0.028030848,-0.0143099185,-0.06593752,-0.08974471,47.272625,1080.0
5100,167.23301499542242,169.5440933526982,-0.05219529,-0.010659253,-0.05693122,-0.10630445,114.56598,1080.0
5101,171.62456831025935,166.5542703794837,-0.044100218,-0.010946853,-0.06126675,-0.118324,121.279564,1080.0
5102,174.33591959679387,166.18928200613956,-0.044902716,-0.010844365,-0.061364293,-0.110367164,115.64426,1080.0
5103,175.2810147246373,168.6249375707377,-0.04938784,-0.0129217645,-0.06519719,-0.12039541,124.7355,1080.0
5104,175.81227917980263,170.9895032639092,-0.0491077,-0.014113221,-0.069087386,-0.10732261,117.13059,1080.0
5105,176.72928404706957,170.08834372973263,-0.047958374,-0.015351896,-0.06786256,-0.14318378,142.47453,1080.0
5106,177.49174044843735,166.76798011521416,-0.051710736,-0.0135059785,-0.075667486,-0.12111568,128.74072,1080.0
5107,176.6571889912337,165.1005977579337,-0.050626118,-0.014818743,-0.065788664,-0.120124616,129.88206,1080.0
5108,173.12478551858635,167.2443713480804,-0.048556235,-0.0073059364,-0.0685826,-0.12109564,125.36448,1080.0
5109,167.1007688392888,171.73491761977627,-0.046255097,-0.0068307663,-0.07024587,-0.13023232,136.86217,1080.0
5110,159.9203216557513,175.95199672453546,-0.051383633,-0.005223564,-0.07270983,-0.12147689,134.55919,1080.0
5111,153.99548984156752,178.2610269649808,-0.047776908,-0.0009246826,-0.075413,-0.10421228,113.89233,1080.0
5112,152.41749016228,178.55429754580388,-0.046624642,-0.003472307,-0.07822503,-0.109276466,120.21463,1080.0
5113,156.08534336372617,177.64381183068812,-0.046179313,-0.0017859,-0.08235451,-0.110692345,122.153015,1080.0
5114,162.33625217483737,176.5285537416487,-0.04245877,0.00709302,-0.0882674,-0.10439241,124.46342,1080.0
5115,168.23117494501312,176.0724307446247,-0.046644762,0.007415743,-0.09169221,-0.09175994,118.9007,1080.0
5116,172.69826348508897,176.33446579182922,-0.046365526,0.008615706,-0.09219931,-0.08520443,116.7971,1080.0
5117,175.1685560064694,176.24487041942106,-0.047722485,0.010467332,-0.12252163,-0.09094546,127.63908,1080.0
5118,174.99745218212135,174.71887494423686,-0.046791527,0.013832969,-0.118991256,-0.07938227,123.88656,1080.0
5119,172.8431086616111,172.00673258119545,-0.042087752,0.015950294,-0.12031968,-0.08158629,130.86807,1080.0
5120,170.83757072255312,169.3053579917458,-0.042766318,0.020150276,-0.1277767,-0.070247,135.67998,1080.0
5121,169.72602929352337,167.23482352031726,-0.040247884,0.019642215,-0.12306021,-0.067444354,134.66855,1080.0
5122,167.6075578666839,165.61007135962777,-0.04159885,0.016128626,-0.12236085,-0.06418392,138.0137,1080.0
5123,163.49298499334174,164.38204235337594,-0.040576115,0.017048785,-0.12410185,-0.053993113,129.13133,1080.0
5124,159.60673932836647,163.77716927275796,-0.042470183,0.015847947,-0.12546359,-0.051825263,125.72936,1080.0
5125,158.17604276122694,163.7336961594244,-0.043072537,0.01822572,-0.13455163,-0.0349168,129.62057,1080.0
5126,157.8918718630922,163.94559523714133,-0.03984895,0.02025918,-0.1421175,-0.024938343,143.57448,1080.0
5127,155.20997083567082,164.57175557712787,-0.02471969,0.0021378128,-0.12427021,-0.07748484,144.104,1080.0
5128,148.31765817484458,166.47308657987176,-0.03525529,0.010043448,-0.1475912,-0.07913629,158.22903,1080.0
5129,138.8686548945448,169.95715389740982,-0.03552738,0.016994618,-0.16661951,-0.06587612,188.88988,1080.0
5130,130.4684832741629,173.66105349741167,-0.021558577,-0.0028275666,-0.15656044,-0.12582067,208.37047,1080.0
5131,126.3715483922667,175.77046357712322,-0.029768117,0.0043314053,-0.17699091,-0.118741155,219.87608,1080.0
5132,127.63272922794717,175.2087027400245,-0.0225105,0.0014920835,-0.17362174,-0.1514694,236.51588,1080.0
5133,133.11158618832314,171.410901992777,-0.005698988,-0.0035285668,-0.15489705,-0.15692721,224.28265,1080.0
5134,142.19088681852205,165.10226967055112,0.0013969846,-0.0023788451,-0.11827514,-0.15154982,205.66652,1080.0
5135,154.2665772947048,158.17240391292842,-0.002402454,-0.00028918232,-0.12920465,-0.15895282,225.64862,1080.0
5136,164.4948821695821,150.97974356698853,-0.0029787135,0.0025827195,-0.12711003,-0.174119,235.95569,1080.0
5138,166.2831835751199,143.62713109586687,-0.058854505,0.022516944,-0.17702547,-0.116129555,172.21355,1080.0
5139,159.3990439329586,141.35671872037938,-0.06251605,0.023478698,-0.1904696,-0.108390495,180.27477,1080.0
5140,150.95337321603512,150.70703224361765,-0.06546687,0.024482783,-0.18476439,-0.0909308,147.51285,1080.0
5141,148.120611547076,168.3048618571545,-0.061992392,0.02371764,-0.15658547,-0.06259579,127.835144,1080.0
5142,152.35845234471338,182.37486577558204,-0.06535136,0.028063089,-0.14977744,-0.052067086,132.45174,1080.0
5143,159.9207185082861,185.76545102742904,-0.06505263,0.030302824,-0.1487038,-0.0328819,122.679634,1080.0
5144,166.05622905478631,181.2478358098765,-0.06362644,0.03164995,-0.15293522,-0.013452601,121.232704,1080.0
5145,168.4156374725104,175.61116053230214,-0.054692473,0.026450517,-0.17028604,-0.041021585,147.32155,1080.0
5146,166.89518405945708,172.34636796025643,-0.049940772,0.023808062,-0.17088917,-0.04505621,148.0928,1080.0
5147,162.2569349257096,170.1189609428152,-0.04357899,0.018828187,-0.16888936,-0.05990629,159.691,1080.0
5148,157.0548207021769,166.9955014427577,-0.04666748,0.016866274,-0.18536106,-0.06431368,171.25932,1080.0
5149,155.7260680386186,164.12672388668256,-0.041489664,0.027478931,-0.17239945,-0.021804443,160.12665,1080.0
5150,160.59516549811357,164.44629339729022,-0.034030717,0.019489316,-0.15730071,-0.038569696,156.64804,1080.0
5151,169.03968568471075,168.67443448581272,-0.013747265,0.0072982223,-0.085958526,-0.04698981,114.35061,1080.0
5152,176.1356826196962,173.81951365779543,-0.02969948,0.022241663,-0.15048534,-0.013816749,133.59473,1080.0
5153,178.92724949389276,175.57522448753105,-0.012856943,0.018930534,-0.11062611,-0.02103136,122.41973,1080.0
5154,178.15882594014096,172.13697224890555,-0.030774152,0.037358858,-0.13522463,0.023573501,106.34791,1080.0
5155,176.7440215106136,167.12330243923773,-0.04063958,0.04181061,-0.1292654,0.03534913,80.45377,1080.0
5156,176.52095445570853,166.35907763114608,-0.04409417,0.0480601,-0.13919982,0.044304345,82.69392,1080.0
5157,176.96783786520766,169.40626328246555,-0.04849277,0.03880276,-0.14860027,0.026418163,80.52326,1080.0
5158,176.74949878969838,169.3932889978203,-0.046747506,0.04170196,-0.13874766,0.0340451,89.86599,1080.0
5159,175.6361568817544,163.395420061556,-0.035085835,0.03563238,-0.10753174,0.018245611,69.00594,1080.0
5160,174.81279404175268,157.32138051036105,-0.036463644,0.031532515,-0.06219748,0.029910222,21.45488,1080.0
5161,175.11946982996272,158.38888856149612,-0.03853268,0.032901227,-0.0505366,0.024171392,34.672176,1080.0
5162,175.7229272835665,166.38076065166575,-0.037869375,0.028101208,-0.050777406,0.025180731,34.282402,1080.0
5163,175.3709824396915,174.02341206522053,-0.049471084,0.028679008,-0.06940941,0.026187869,36.399754,1080.0
5164,174.2967537026777,175.03285142695105,-0.045793265,0.028653633,-0.08588104,0.023560757,41.633213,1080.0
5165,173.751423528876,170.23819783289227,-0.057558298,0.025231991,-0.08738375,0.007040349,51.867355,1080.0
5166,173.56757273199884,165.01916181523384,-0.047340564,0.013866283,-0.04994993,-0.005433796,54.106052,1080.0
5167,171.91846051384164,162.88385022322882,-0.054051716,0.01964151,-0.07797637,0.0027526855,52.997543,1080.0
5168,168.7112835991733,163.4076332346441,-0.054307498,0.021211581,-0.07780219,-0.0066153067,65.48477,1080.0
5169,166.84239625305943,164.87101033719307,-0.03296215,0.016080221,-0.045742344,-0.04606414,90.32742,1080.0
5170,168.0188379824335,165.92248821610005,-0.044522773,0.0064357333,-0.049602933,-0.0771362,107.9378,1080.0
5171,170.38515515121037,165.296327772491,-0.054348756,-2.376415e-05,-0.05119222,-0.083747834,108.756805,1080.0
5172,171.89463955902306,162.99221797098716,-0.052272428,-0.007128567,-0.028448373,-0.116630726,134.99283,1080.0
5173,172.56891616252761,160.63870388821746,-0.057654146,-0.014200564,-0.033069074,-0.14142375,146.3114,1080.0
5174,172.59174573887117,159.42374576945406,-0.054941587,-0.015764052,-0.033098236,-0.15223667,171.9268,1080.0
5175,170.91876680594186,159.23898957128839,-0.056338277,-0.016444935,-0.024425592,-0.19423826,198.2439,1080.0
5176,166.60603353284773,159.45720114225057,-0.056032307,-0.022284614,-0.0142859565,-0.20293608,208.43266,1080.0
5177,160.84485775289465,159.57608311018825,-0.06209129,-0.022866482,-0.026941935,-0.21016672,204.32912,1080.0
5178,157.1151254081793,159.53712270590708,-0.062034436,-0.02238114,-0.027321823,-0.17414157,186.80458,1080.0
5179,158.1672688670276,159.6718481498892,-0.067026325,-0.015507055,-0.019388383,-0.1775131,190.4318,1080.0
5180,163.20951787570004,160.45150782703158,-0.061994877,-0.009432814,-0.0062732836,-0.1640507,181.19928,1080.0
5181,168.9942488842115,162.04543119286444,-0.060076565,-0.009489243,-0.0045084637,-0.17522635,190.7722,1080.0
5182,171.68773527291526,163.61413353967797,-0.054277208,-0.010012591,-0.010823455,-0.19700548,213.07016,1080.0
5183,168.730117263343,163.6877013356007,-0.060239326,-0.007798428,-0.029308291,-0.20512861,215.92165,1080.0
5184,163.20746563841723,161.76133724168878,-0.056554496,-0.0046575195,-0.040596858,-0.17765598,197.39064,1080.0
5185,162.64052815973696,158.45463325854095,-0.06467376,0.0004926893,-0.05897002,-0.14542912,156.08743,1080.0
5186,169.42120979420548,154.32061575398455,-0.061345305,-0.0008564137,-0.06535667,-0.11962512,104.98877,1080.0
5187,177.92331940016507,150.43315620589286,-0.06303078,0.0039104605,-0.059792977,-0.121756464,126.41889,1080.0
5188,182.10282865382572,149.37157982110773,-0.062395222,0.0028717888,-0.06528795,-0.10642477,107.89089,1080.0
5189,181.1288431493716,152.95439675201456,-0.06373494,0.0063672382,-0.10389744,-0.06938988,79.557724,1080.0
5190,178.13549226904237,159.10202243214627,-0.06482487,0.0031746477,-0.13616411,-0.076355346,68.011,1080.0
5191,176.34720160584385,162.65427980560753,-0.068725586,0.003967935,-0.15480764,-0.07718862,67.79716,1080.0
5192,176.38416913250128,160.15996871559742,-0.0743589,0.0076746624,-0.15759775,-0.07007361,72.91356,1080.0
5193,176.38213253008948,153.7828707964146,-0.07954588,0.008581317,-0.15411818,-0.072031826,80.1004,1080.0
5194,174.97870453678757,149.6535039402803,-0.07655651,0.008187584,-0.16603382,-0.06790508,69.66398,1080.0
5195,173.4313997566112,152.11077176979532,-0.07974763,0.011168982,-0.15541698,-0.08325257,87.21647,1080.0
5196,173.6608844074554,159.79588418738518,-0.07868607,0.0075744065,-0.15262112,-0.081375405,86.59815,1080.0
5197,175.60900100831034,167.5522675983423,-0.078280866,0.007508511,-0.15327092,-0.08227279,89.79249,1080.0
5198,177.31568486719598,171.8059355859217,-0.078357495,0.017742977,-0.1472602,-0.07330232,85.78155,1080.0
5199,177.05807883600883,172.9163365740692,-0.08251953,0.01681541,-0.1537497,-0.08000398,90.10932,1080.0
5200,175.50156473194724,172.92408479188,-0.07822503,0.020539856,-0.15663645,-0.07054107,81.75697,1080.0
5201,174.97234545712828,173.2716571085269,-0.081234515,0.017412229,-0.1588848,-0.083188824,91.08748,1080.0
5202,176.37037586369985,174.2293498264375,-0.08242628,0.0167934,-0.14786603,-0.066242725,82.47264,1080.0
5203,178.20255294526936,174.4366239910094,-0.088015184,0.007568331,-0.14950381,-0.070656046,73.22693,1080.0
5204,178.78176924833875,171.7751896354855,-0.083414376,0.0061941925,-0.14087762,-0.07757088,83.89991,1080.0
5205,178.0207800944787,165.27576957843746,-0.077604055,0.007500882,-0.1385602,-0.083924696,87.24538,1080.0
5206,176.79287887863998,155.60074403844885,-0.07262042,-0.002064062,-0.12511371,-0.102935255,108.44715,1080.0
5207,175.66274900668483,146.11581064106952,-0.069363855,-0.0057598255,-0.10995167,-0.12261477,131.94962,1080.0
5208,174.64005205056438,141.99354058314606,-0.06993239,-0.010895764,-0.10585192,-0.14622822,149.73772,1080.0
5209,173.48279557835662,144.005431512528,-0.06651396,-0.01845511,-0.08800196,-0.15552348,161.00266,1080.0
5210,172.084486774779,147.07346745101327,-0.06585117,-0.024526525,-0.06383961,-0.16803001,165.97983,1080.0
5211,170.77569122637505,147.2639262592759,-0.059736803,-0.025209159,-0.048104633,-0.17743324,164.85149,1080.0
5212,170.1230468924915,145.96649314691737,-0.043438382,-0.027926635,-0.0263751,-0.16001494,141.60742,1080.0
5213,170.44604307811582,147.31212751432747,-0.053538345,-0.03784561,-0.01886964,-0.163022,155.14085,1080.0
5214,171.26159438136455,153.09248471291698,-0.055898312,-0.035459053,0.015418328,-0.16635315,194.06142,1080.0
5215,170.6990599263153,159.4556446462922,-0.052205686,-0.029848225,0.054075737,-0.21617036,245.95671,1080.0
5216,166.9676059524646,159.93296464374785,-0.050182823,-0.02264376,0.08486147,-0.22742236,271.5416,1080.0
5217,161.45698211907845,152.05008320693508,-0.045837402,-0.023739737,0.09857715,-0.21993104,273.6156,1080.0
5218,158.07474376020696,139.65700155130216,-0.05221665,-0.023654005,0.099938735,-0.19547537,261.16333,1080.0
5219,158.98746072342618,129.1723026215961,-0.04181671,-0.013090035,0.15198286,-0.16690949,264.62366,1080.0
5220,162.7689578105553,124.0560496363918,-0.042219177,-0.0099845035,0.15582316,-0.14389956,259.0095,1080.0
5221,166.45923703213415,123.22095023028331,-0.03389596,-0.012629247,0.18509363,-0.1305705,271.71573,1080.0
5222,168.41144531966114,123.9743540799351,-0.03883379,-0.011072456,0.17902566,-0.107401244,259.44,1080.0
5223,168.72362088184744,124.87064149149096,-0.041593,-0.018658362,0.1899235,-0.10810954,268.6639,1080.0
5224,167.3741327965305,126.15527951586901,-0.041692097,-0.017981183,0.1909929,-0.100530155,263.51816,1080.0
5225,163.4977115525459,128.51928971413494,-0.035393015,-0.017358145,0.18735835,-0.09351343,257.74918,1080.0
5226,156.9997743628079,131.57882261726715,-0.03601087,-0.018109921,0.18410726,-0.08771781,249.6615,1080.0
5227,149.6682170570644,133.79715803145677,-0.03615574,-0.022457631,0.188841,-0.087753095,245.76524,1080.0
5228,143.81093252000144,133.86675137054797,-0.025241202,-0.01930655,0.20161945,-0.085261956,258.27957,1080.0
5229,140.2507929543221,131.54238967401534,-0.019755343,-0.012329525,0.22512408,-0.073745444,273.96112,1080.0
5230,137.99574955154836,127.7795582242135,-0.013434989,-0.010527745,0.25193658,-0.061644122,280.37515,1080.0
5231,135.09530566914253,124.90360467006504,-0.015367861,-0.0080684805,0.24850877,-0.05661791,281.61795,1080.0
5232,130.47843676061584,124.99928250532764,-0.017233418,-0.0024976095,0.23255448,-0.05127292,272.93307,1080.0
5233,126.10183252823893,127.2231302116376,-0.0146223,-0.004368874,0.23431188,-0.05640561,273.52295,1080.0
5234,124.93048446562648,128.26745421718314,-0.015862415,-0.008439777,0.22690743,-0.06770918,273.47235,1080.0
5235,126.18309356297304,126.81026803480684,-0.02587074,-0.014063715,0.2144119,-0.076094985,261.33487,1080.0
5236,125.92508558014451,126.51858155730096,-0.008932142,-0.019258937,0.22467425,-0.08551859,266.67838,1080.0
5237,122.330138100149,132.15387409109857,-0.008737861,-0.021201607,0.21087606,-0.095897816,258.8915,1080.0
5238,117.68352869011726,143.70312818561828,-0.010105614,-0.019571234,0.20666435,-0.10077633,262.6628,1080.0
5239,115.2222105994368,156.40805910274642,-0.011091529,-0.019352637,0.19534771,-0.104992256,260.57825,1080.0
5240,115.78808328238493,164.61562532248936,-0.013959532,-0.017526811,0.18997,-0.099628985,250.3552,1080.0
5241,117.70241605454817,164.824620618984,-0.008731984,-0.013781682,0.19679159,-0.09656341,249.89944,1080.0
5242,119.10653379168922,156.74104713928375,-0.013653621,-0.013973264,0.20120691,-0.1023724,249.48613,1080.0
5243,120.08313182873458,142.68942074109768,-0.0011690493,-0.0031288995,0.2239307,-0.08668914,253.91296,1080.0
5244,121.24459501846424,126.67839914581897,0.0033057884,-0.0011580291,0.22079745,-0.083806016,243.07635,1080.0
5245,121.39229883283221,112.8046346717341,0.012419807,0.004653309,0.22739615,-0.0656575,223.63806,1080.0
5246,119.31224446032353,103.94777237058253,0.013592925,0.0011914853,0.23475851,-0.060438424,224.21378,1080.0
5247,116.19917546016052,101.70992469195801,-0.0021696303,-0.013239599,0.18823327,-0.0804095,209.43332,1080.0
5248,114.03192198946749,105.26159443010877,0.0017700195,-0.0012440435,0.20758656,-0.053638205,207.51538,1080.0
5249,113.33992660548479,111.45645638703931,0.010569537,0.0054641725,0.20873109,-0.04636479,195.57048,1080.0
5250,114.38751907248334,118.04198204681694,0.0020048919,-0.005345493,0.18564521,-0.071314886,192.8055,1080.0
5251,117.97524946525019,124.48633939206663,0.006342005,-0.0048247725,0.17955887,-0.060206037,178.88795,1080.0
5252,122.9831856056095,130.00880795419678,0.005332664,-0.0048405966,0.16857554,-0.06253594,170.34138,1080.0
5253,126.19675717663304,132.93834298466473,-0.004568425,-0.0007627699,0.14815442,-0.06278144,169.4429,1080.0
5254,126.31213619481974,132.12952352696863,-0.0028109516,-0.004348529,0.13353197,-0.07001823,159.41061,1080.0
5255,125.83625792960993,129.02965021191827,0.0108289365,-0.0011611938,0.15313958,-0.064690314,152.72264,1080.0
5256,127.72946651278906,127.16762835590174,0.013811239,0.0017117535,0.140815,-0.061191473,139.08125,1080.0
5257,131.71314937169473,128.89570058606049,0.014208419,0.0024486966,0.14647228,-0.056125216,138.8877,1080.0
5258,135.1094750481314,133.67634400608918,0.016326282,0.0047624377,0.1467379,-0.051749334,136.43674,1080.0
5259,136.20951422100367,139.5094815744405,0.01453281,0.004968262,0.14134775,-0.05234946,136.114,1080.0
5260,136.19924755131413,144.53944679346804,0.015601603,0.0024503355,0.13251218,-0.050432503,130.287,1080.0
5261,138.30739701984763,147.2849761920388,0.016687972,0.0013750994,0.13306099,-0.045543022,120.92099,1080.0
5262,144.3877457809504,147.39393625745035,0.016219754,0.0019201774,0.13511974,-0.04393203,113.996956,1080.0
5263,151.65808219114655,146.2718027282344,0.014952709,0.0018180565,0.101864226,-0.044136837,99.39223,1080.0
5264,154.64423819001476,145.91932279683633,0.008073651,-0.0005650273,0.08446599,-0.04954365,91.52069,1080.0
5265,151.11011992183924,147.54829450723076,-0.001762051,-0.0039048372,0.073501244,-0.04916687,90.70633,1080.0
5266,144.70276418340637,151.18424412392108,-0.006523302,0.0007393731,0.031550314,-0.030862257,60.02991,1080.0
5267,142.40523591764136,156.14732033804205,-0.00738305,0.005578161,0.018876592,-0.020640282,39.769344,1080.0
5268,148.0224118769321,161.5445984901869,-0.00987871,0.0027632536,0.028570388,-0.0350053,56.88494,1080.0
5269,156.32897386173354,165.6731271105696,-0.0028641312,-0.0024143925,0.04102297,-0.050754998,63.198143,1080.0
5270,157.90470048994467,166.22863552946924,-0.001966745,-0.004028207,0.024503015,-0.04370948,47.767643,1080.0
5272,151.3342651325311,163.19279445307,0.019760132,-0.0053384854,0.019319944,-0.115366705,110.82787,1080.0
5273,145.2566639811466,159.911176529952,-0.0008391769,-0.0004611545,-0.013215467,-0.044641536,49.24757,1080.0
5274,147.3088584831079,159.33860372846723,-0.014104207,0.0012908371,-0.03555168,-0.02840288,32.260826,1080.0
5275,156.1408727173897,161.3631737091507,-0.012330571,0.00013512505,-0.028889297,-0.029788546,31.42158,1080.0
5276,165.39200521121646,164.27924149983662,0.0073798853,-0.0021371911,0.019114854,-0.032950677,33.14652,1080.0
5277,171.27278803129477,166.8801946509025,-0.010580727,0.0003096404,-0.021688616,-0.021353884,23.847506,1080.0
5278,173.5337679427338,169.05461848996208,0.013886346,-0.0053384854,0.016927253,-0.029953003,27.305807,1080.0
5279,171.99909652170447,170.42543761395,0.0060593784,-0.0038228354,-0.002446888,-0.01947157,20.330273,1080.0
5280,167.2912601150263,169.58646040709334,0.0040280945,-0.0015595612,-0.0019448175,-0.024151104,24.495216,1080.0
5281,162.98519165906728,166.79828130109294,0.017665496,-0.0056580156,0.019601215,-0.04299424,33.23082,1080.0
5283,157.84631532473253,161.277929862179,-0.0022647434,0.0043791314,-0.15100007,0.036337677,168.77156,1080.0
5284,140.66282995627327,143.66004927529215,-0.009046992,0.0046999613,-0.1269811,0.026833598,116.25172,1080.0
5285,109.61808514789566,106.68669877843811,-0.006762017,-0.014069197,-0.1375356,-0.003067158,135.99643,1080.0
5286,82.18828061413393,62.54786015104409,0.005759119,0.018380003,-0.10193956,0.06853914,130.00925,1080.0
5287,68.85277776109926,33.58549945523865,0.0026265462,0.0032631203,-0.116146736,0.03367301,139.84457,1080.0
5288,64.41340129535202,32.92904679259466,-0.009192459,0.0030675817,-0.08876761,0.024910256,74.42855,1080.0
5289,67.67978303645151,59.44793164161049,-0.013060619,0.012043876,-0.14098787,0.046939086,110.99375,1080.0
5290,78.68314458968774,97.25444674365099,-0.0113935685,0.0028274537,-0.14090146,0.03532941,105.38835,1080.0
5291,92.55303438300825,123.27340625875544,-0.015853543,0.010967396,-0.14984447,0.037058286,105.95418,1080.0
5292,112.32076217647868,128.49311882553275,-0.01824273,0.00090962165,-0.15794304,0.015448224,115.44027,1080.0
5293,139.59093511813353,120.57156784414661,-0.0135910595,0.033913787,-0.1432399,0.053034097,115.40888,1080.0
5294,158.70467173546396,105.93303351651194,-0.022012668,0.032131337,-0.18362714,0.045215126,139.97511,1080.0
5295,157.86264428946347,92.3141255050085,-0.02222177,0.02771954,-0.17345113,0.029125186,135.35161,1080.0
5296,149.08942229741837,96.29653188491693,-0.028931342,0.023466434,-0.19746116,0.022080768,167.17163,1080.0
5297,149.52983772865042,124.07231041256296,-0.009178444,0.0029051604,-0.1954552,-0.057915583,199.00089,1080.0
5298,157.93147726942325,158.84690225273377,-0.023446655,0.00567723,-0.19770056,-0.04541787,184.84677,1080.0
5299,160.94404936137764,177.7831883233388,-0.021464426,0.015056214,-0.1545534,-0.05401764,140.88144,1080.0
5300,154.79410669786674,172.4203249453582,-0.02518158,0.018761698,-0.16274668,-0.04711021,141.92032,1080.0
5301,149.23822599991425,154.5712979592269,-0.020906067,0.015114509,-0.1175189,-0.03787709,102.48713,1080.0
5302,151.2271021894771,140.98594979095174,-0.028948974,0.0066997386,-0.16137367,-0.08825559,134.14151,1080.0
5303,155.56324155486163,130.6688764161183,-0.03005795,-0.005468665,-0.19316356,-0.10066031,155.85529,1080.0
5305,154.3128276135901,116.40939516857206,-0.04795306,-0.0030607153,-0.10188689,-0.1352662,140.2092,1080.0
5306,148.33868068089268,110.36571672345653,-0.048195675,-0.0034972015,-0.099298716,-0.13116619,136.03407,1080.0
5307,144.567243842146,127.46185140555033,-0.050518516,-0.0018647653,-0.09293767,-0.11757428,131.6257,1080.0
5308,146.29956082829978,158.6972141995256,-0.05212329,0.0014225148,-0.09701708,-0.11725085,135.21602,1080.0
5309,151.44033116133122,182.23306482337986,-0.052697133,0.0011103313,-0.09990754,-0.115890674,135.32974,1080.0
5310,156.89777013761116,187.10961463916635,-0.051619183,0.00095712167,-0.100811884,-0.10275393,123.107254,1080.0
5311,161.56138978308792,178.48645359515652,-0.05204383,-0.0010085212,-0.10320988,-0.08682746,107.30038,1080.0
5312,166.06082633884705,167.6975233894289,-0.052210547,-0.0023986534,-0.10348279,-0.08585567,105.32411,1080.0
5313,170.44171932924107,162.06573123724948,-0.057245664,-0.0072022616,-0.113223605,-0.07126951,87.7329,1080.0
5314,172.97058586252638,162.06514180354387,-0.057738468,-0.0052936412,-0.112294346,-0.07259202,91.92534,1080.0
5315,171.7888341198665,164.1790627364187,-0.057065215,-0.0052192123,-0.100695685,-0.07670712,94.87614,1080.0
5316,167.00819724428953,165.36876572969504,-0.057080023,-0.00685422,-0.09672015,-0.0718095,89.10004,1080.0
5317,161.08660445310198,165.10422088196478,-0.057191014,-0.0061117667,-0.10166078,-0.07268821,90.45041,1080.0
5318,157.26463437057407,164.10744807771601,-0.05738836,-0.006575295,-0.101632744,-0.06489552,82.239,1080.0
5319,156.7909029011748,163.04755576370516,-0.057199832,-0.0060580783,-0.10124421,-0.068263784,85.968605,1080.0
5320,157.74887082243447,162.6750546375945,-0.054588545,-0.011225468,-0.09780895,-0.078332745,82.281845,1080.0
5321,157.47349872895936,163.68863230116068,-0.05225508,-0.007672571,-0.095658086,-0.09136813,92.301155,1080.0
5322,155.94767252688158,165.55276602626753,-0.04728552,-0.004012779,-0.09482772,-0.092950664,99.71763,1080.0
5323,155.8396668642729,166.72791689662418,-0.046327606,3.549081e-05,-0.10720401,-0.103393525,112.76752,1080.0
5324,159.11091651264073,167.31655834533623,-0.046094485,0.000708573,-0.09426914,-0.09749383,118.44606,1080.0
5325,164.8362023189455,169.13782880898657,-0.047623415,0.0034634909,-0.09825801,-0.08175462,104.23162,1080.0
5326,170.63956106336767,172.5741071836499,-0.04594427,0.0015878465,-0.081514545,-0.08398813,99.540955,1080.0
5327,174.96102290837842,175.95948848937837,-0.046084765,-0.00011348018,-0.08867803,-0.08107176,87.57675,1080.0
5328,177.42422029149813,177.28060255792502,-0.051162776,0.003311807,-0.09726805,-0.084915474,93.5693,1080.0
5329,178.0494641893161,175.33836432797193,-0.04863784,0.0019717463,-0.08817636,-0.09568629,97.814064,1080.0
5330,177.12807846496366,171.09525304737656,-0.04942079,-0.008236779,-0.08312485,-0.11776276,112.896904,1080.0
5331,175.42064351382666,168.06155012195927,-0.05028924,-0.010966492,-0.06946179,-0.11893692,113.319855,1080.0
5332,173.60939650564364,168.9677343209494,-0.049842495,-0.010904807,-0.064070016,-0.110335544,111.404144,1080.0
5333,171.84050122788256,172.22193297673704,-0.050147444,-0.011848732,-0.066486105,-0.107474126,108.550285,1080.0
5334,170.1664319207049,174.08263854165347,-0.05432564,-0.012276657,-0.06431359,-0.09105468,88.55666,1080.0
5335,169.1928541264302,173.34561309714283,-0.054018997,-0.0122363055,-0.06686299,-0.089441426,89.67155,1080.0
5336,169.80728343800706,171.85099228162966,-0.050125632,-0.015529152,-0.051164865,-0.09481591,98.82513,1080.0
5337,171.99513278074602,171.50838768857898,-0.0533996,-0.016555361,-0.045516968,-0.104991406,108.26738,1080.0
5338,174.5298193029768,172.68932480285633,-0.048595853,-0.01854186,-0.030549396,-0.11617203,114.038956,1080.0
5339,176.16438773409277,174.8086147847245,-0.046874322,-0.017842554,-0.0145722,-0.14116524,144.60936,1080.0
5340,176.61499821563444,176.57941248353484,-0.04332767,-0.017882567,-0.008318753,-0.14245091,147.89716,1080.0
5341,176.37690861773487,176.7477056703869,-0.04664708,-0.021064928,0.0013663963,-0.15058616,159.58215,1080.0
5342,176.14678046195507,175.80934733875856,-0.045030892,-0.01630006,0.009257112,-0.15358627,162.79631,1080.0
5343,176.16435945507675,175.41037061078555,-0.042171337,-0.020676479,0.030565389,-0.16600743,186.70277,1080.0
5344,175.67592238887633,176.00658363765905,-0.041414727,-0.026866913,0.005161653,-0.1496625,157.46472,1080.0
5345,173.912806542855,176.3416050517575,-0.03757618,-0.029533697,-0.004670094,-0.13154997,135.32527,1080.0
5346,171.555165054461,174.8897990386543,-0.035726704,-0.027489386,-0.013448871,-0.11472259,114.88279,1080.0
5347,170.1069755789209,171.6805185629236,-0.0076578776,-0.009461269,0.054290883,-0.099581115,117.38503,1080.0
5348,170.48508980073828,168.6053907598181,-0.02718992,-0.020151831,0.027655821,-0.12351744,141.81042,1080.0
5349,172.5880450923571,167.1456674730866,0.006053105,0.010142234,0.114959605,-0.12226707,168.2156,1080.0
5350,175.29209957201348,166.65158338841024,-0.017438648,-0.010481517,0.060535006,-0.13188149,180.0883,1080.0
5351,176.87294382598475,166.6946643155365,-0.022766,-0.026586518,0.053029038,-0.1576324,183.74542,1080.0
5352,175.85095356193025,168.86395746316725,-0.021124832,-0.020389585,0.08302624,-0.18369743,216.49483,1080.0
5353,172.1469390095885,173.3757074908179,-0.020767212,-0.020366188,0.085180216,-0.19067188,217.46417,1080.0
5354,167.80041848767684,177.16774551473696,-0.015141918,-0.01563732,0.09674988,-0.18255013,213.94708,1080.0
5355,165.45387345798102,177.5412120768666,-0.020062821,-0.018061886,0.08348965,-0.17901842,206.83263,1080.0
5356,165.71576470127937,175.0806387847161,-0.016332781,-0.015251442,0.08959294,-0.1687309,198.51114,1080.0
5357,167.07786467621634,172.64643019757852,0.008295469,-0.010956941,0.14776577,-0.14596029,189.40495,1080.0
5358,168.2631141234115,172.69727185125743,-0.0024700023,0.0013003879,0.11503974,-0.11264191,179.19093,1080.0
5359,168.87228167127213,173.37381225161064,-0.020724036,-0.0014204802,0.08497371,-0.12157095,185.12129,1080.0
5360,168.43487240892884,166.08504622519723,-0.019028049,-0.002553417,0.12901284,-0.14579476,222.27925,1080.0
5361,166.88868798099378,144.72399814686366,-0.020551102,-0.0014248884,0.12286908,-0.12225664,214.92903,1080.0
5362,165.24343943363044,119.8386013651409,-0.031622313,0.00381125,0.11963015,-0.123469286,204.25189,1080.0
5363,164.6407911683469,109.71413171943065,-0.04932217,-0.002903691,0.035835095,-0.1234492,167.62956,1080.0
5364,165.0804312427875,116.3560148804234,-0.041964382,-0.0032361066,0.06605383,-0.11744198,182.57658,1080.0
5368,166.04845849859282,127.08001378989114,-0.00062990544,0.009146768,0.32354218,-0.010796582,374.43036,1080.0
5369,168.1742634333458,136.4879809797856,-0.00088896573,0.0069899946,0.31275555,-0.007316674,360.73312,1080.0
5370,172.28138783702192,149.18084401596295,-0.002730645,0.0063797,0.31284723,-0.000586983,362.60327,1080.0
5371,176.9523657425981,164.2869687912664,-0.00016897696,-0.009442167,0.3033074,-0.014136561,335.4041,1080.0
5372,179.07596192312778,173.130377175338,-0.0011507953,-0.018609677,0.27794838,-0.029895077,316.48404,1080.0
5373,177.02998986653017,171.94556367289945,-0.0011291504,-0.015025216,0.2754971,-0.019781297,312.7929,1080.0
5374,172.26997754222506,166.7916701416257,-0.0023825187,-0.011333578,0.2528543,-0.019594008,290.71323,1080.0
5375,167.90786129711012,164.86059800198538,-0.00037887009,-0.008471736,0.24944322,-0.01046897,273.47104,1080.0
5376,166.48622275131788,166.45233578227328,0.00096633343,-0.0013160706,0.21474281,-0.0019496211,240.38211,1080.0
5377,168.38666831150852,167.24680748112544,-7.245099e-05,0.0036191586,0.19046393,0.006680326,214.85768,1080.0
5378,171.8103069636594,165.31173755396824,0.001747866,-0.0044207256,0.19890374,-0.016409472,211.17259,1080.0
5379,174.7251702766401,163.5002450647652,0.0029051604,0.005429077,0.17613943,0.0017380891,186.76361,1080.0
5380,176.19910011080313,165.48177495035137,0.00093677663,0.008482841,0.16100983,0.009190114,172.8148,1080.0
5381,176.1187342830505,170.78079670909366,-0.00080193416,0.015783494,0.19755916,0.018115517,216.24025,1080.0
5382,174.02028735020195,173.9832420744028,-0.009970884,0.00010429665,0.1791991,-0.00200865,206.31009,1080.0
5383,168.31146507718964,169.40356355627992,-0.004933336,-0.00040978327,0.18160017,0.0065278793,199.82405,1080.0
5384,159.9665471422799,158.71619867132398,-0.0066791675,0.0007446289,0.15059261,0.009383477,177.12384,1080.0
5385,154.71194318060205,150.41825543190956,-0.0032574688,-0.0012514751,0.1856981,0.008849928,205.27467,1080.0
5387,155.7231496028209,148.79821459153268,-0.004308291,0.0073317634,-0.08314672,-0.008234942,75.92332,1080.0
5388,158.48081540266534,149.25620134231286,-0.005195448,0.00934047,-0.07995052,-0.007994644,75.11987,1080.0
5389,156.85621115664827,144.91578390765522,-0.0040335194,0.012689859,-0.064063065,0.0029198823,61.738636,1080.0
5390,150.96293000463555,135.1468185252638,-0.0058423076,0.013618865,-0.05952352,0.004465626,58.80328,1080.0
5391,146.68215545179908,127.95968246349418,-0.00598461,0.013453929,-0.05484766,0.0036607531,54.41073,1080.0
5392,147.722649669661,131.11475844377728,0.001308865,0.014053175,-0.055993877,-0.003275497,68.46016,1080.0
5393,151.1158476264534,142.52778951331877,-0.0034063268,0.010004256,-0.059340525,-0.011000513,54.533035,1080.0
5394,152.00143666432965,153.7707099507213,-0.009780206,0.0065721017,-0.062227264,-0.015917715,50.084057,1080.0
5395,148.90066737830097,159.67284273696043,-0.010074757,0.0015504343,-0.058785785,-0.024376707,47.033318,1080.0
5396,142.96676571433198,160.9471414615296,-0.013779591,-0.0010111209,-0.055194996,-0.026441108,44.242046,1080.0
5397,136.4645383257322,160.62778631854783,-0.01727747,-0.0028254192,-0.060318783,-0.0317135,45.6967,1080.0
5398,132.5107250414021,161.1825181655681,-0.020409139,-0.0013507701,-0.064374685,-0.037741512,51.256985,1080.0
5399,133.27500571907626,163.24478363849056,-0.02095563,0.0001985903,-0.074694484,-0.04258643,63.162334,1080.0
5400,138.31079614954945,165.1439805131997,-0.021351341,0.00039938468,-0.07422813,-0.0420001,58.84902,1080.0
5401,144.11724087437554,164.6338150404648,-0.022684168,-0.0027709678,-0.073342785,-0.041899305,58.837627,1080.0
5402,146.04424841196519,161.97038484318,-0.01993623,-0.0061811376,-0.06587875,-0.0431696,52.205647,1080.0
5403,142.57600076008328,160.35865524005652,-0.016040038,-0.009750959,-0.058317848,-0.049850833,47.414722,1080.0
5404,136.25932570346572,162.44230862693993,-0.018546889,0.006163336,-0.049756538,-0.0023926347,32.201923,1080.0
5405,132.19555557210057,165.76991664483702,-0.015162715,0.014892154,-0.04006698,0.007797326,33.181,1080.0
5406,136.49150928494862,162.94311058024047,-0.013976599,0.02069219,-0.04306019,0.016365277,29.903366,1080.0
5407,150.22774140418974,150.47778701645058,-0.015570973,0.019971043,-0.046555016,0.0014121727,43.03474,1080.0
5408,166.27531036214893,134.58070972934664,-0.019887289,0.022333357,-0.056166813,0.0048031276,43.727703,1080.0
5409,176.67248070490552,121.97564325860778,-0.023650559,0.025094068,-0.074219204,0.004410016,52.078804,1080.0
5410,179.50547445214588,112.22990317468854,-0.024468541,0.0240691,-0.07828188,-0.0030823036,54.894245,1080.0
5411,177.87403374951097,103.49834831881745,-0.021159759,0.0223604,-0.06806426,-0.0037301523,53.10039,1080.0
5412,175.78543190884022,96.3370898153927,-0.024087638,0.02528048,-0.076358594,-0.0031180205,60.99587,1080.0
5413,175.30345870300002,94.40887876929797,-0.026825177,0.020705244,-0.06972679,-0.0047052456,56.81663,1080.0
5414,176.19264388026863,106.09528947508099,-0.031602535,0.010031891,-0.07433675,-0.014923803,46.98956,1080.0
5415,176.81794770001713,133.61098125116678,-0.0317558,0.0037038168,-0.07813698,-0.045021933,59.809067,1080.0
5416,175.2292197761927,163.36290798430616,-0.031579364,0.0057899477,-0.07766498,-0.03846396,62.35066,1080.0
5417,170.57802126368478,179.61536862645372,-0.032669295,0.0062641567,-0.07427651,-0.0380392,63.015556,1080.0
5418,164.60164095799348,180.99572670444527,-0.030883675,0.0029326263,-0.07015064,-0.042419884,67.303246,1080.0
5419,161.21427554497868,176.99436272822206,-0.034460448,0.0018875122,-0.06523528,-0.05203154,74.50893,1080.0
5420,163.17277819220368,175.31395345991223,-0.036183562,-0.0018178304,-0.061789956,-0.06514926,88.00446,1080.0
5421,169.48741531739591,176.93633443014022,-0.037966806,0.005068037,-0.05291217,-0.05650355,80.17903,1080.0
5422,176.30251895657128,179.15940457615284,-0.0353172,0.0010992828,-0.04338797,-0.0573154,83.34487,1080.0
5423,179.904222362889,179.65886662763862,-0.033012785,0.00020672833,-0.033957362,-0.06604504,93.0433,1080.0
5424,179.53043061019832,178.2662369519129,-0.033036407,0.00039828266,-0.028001461,-0.07279923,99.1891,1080.0
5425,177.36401082294086,176.36476810617583,-0.03380387,-0.004051576,-0.015486201,-0.096501045,112.26686,1080.0
5426,175.7946746454244,175.11334490852985,-0.034546465,-0.013693633,0.0068162708,-0.12615687,133.75984,1080.0
5427,175.48635440838066,174.50382359405938,-0.038248472,-0.013825452,0.0061281556,-0.13861506,144.4695,1080.0
5428,175.87339920571836,174.34279517664825,-0.03475715,-0.025145156,0.0061546043,-0.1286783,122.75556,1080.0
5429,176.26256515569116,175.0334787484906,-0.036182657,-0.021339472,0.008347236,-0.12394457,126.73774,1080.0
5430,176.21421237996591,176.45904782548428,-0.030681921,-0.020616574,0.0025097881,-0.10890839,106.32558,1080.0
5431,175.4824546675932,177.6328732023841,-0.026429296,-0.016262252,0.021001067,-0.110449165,113.71132,1080.0
5432,173.75957296785083,177.96589557153834,-0.029586848,-0.019269872,0.012618962,-0.11759014,122.305916,1080.0
5433,170.84412841058915,177.44550283366908,-0.029217191,-0.019713422,0.023116613,-0.13867632,141.55898,1080.0
5434,167.46533654028676,176.34238354550553,-0.02509743,-0.021980511,0.0186654,-0.14452699,142.24377,1080.0
5435,165.16964682437109,175.57372983386855,-0.026285864,-0.022484617,0.035486914,-0.14921904,152.39783,1080.0
5436,164.77021041500154,175.7819954445414,-0.022522595,-0.023410344,0.053149413,-0.1630271,169.3119,1080.0
5437,165.0507076238227,175.8768800569863,-0.027306845,-0.023273129,0.040472638,-0.16918483,178.6757,1080.0
5438,163.4927366114493,173.96485854446422,-0.024770157,-0.021369454,0.027742287,-0.16378134,169.6948,1080.0
5439,159.1381347855056,169.7079322434878,-0.022184132,-0.01993445,0.044356056,-0.16097818,174.45885,1080.0
5440,153.99195665566864,164.96131769848785,-0.021826737,-0.019404659,0.052379183,-0.17737238,184.78374,1080.0
5441,150.972363662701,162.2663061445041,-0.023527358,-0.020943224,0.05857035,-0.18504512,187.46283,1080.0
5442,151.71313701859773,162.85039531808837,-0.024886351,-0.021419808,0.07545274,-0.19123855,191.89043,1080.0
5443,155.60332308922847,165.54704554917,-0.025692467,-0.020632342,0.0758515,-0.19395405,194.3464,1080.0
5444,159.5028351300862,167.56470928485572,-0.023408169,-0.01818291,0.09557382,-0.19374205,202.68488,1080.0
5445,159.9550689366871,166.3466062220524,-0.022566618,-0.018173048,0.08810193,-0.19069336,203.54538,1080.0
5446,156.47691759879459,160.5521474525437,-0.019377362,-0.007833184,0.07976159,-0.12703146,194.93562,1080.0
5447,151.03267064657692,150.22810890222803,-0.023569517,-0.0026540686,0.06639009,-0.109011956,181.36752,1080.0
5448,144.7313152098005,137.54884828450642,-0.020074576,0.0050163832,0.0961484,-0.11801422,198.81593,1080.0
5449,137.42328237839615,126.55952602761114,-0.02486431,0.0059015625,0.08733193,-0.09319933,188.40312,1080.0
5450,130.45340743495913,119.85345355714077,-0.021642614,0.0014381692,0.08747293,-0.09542047,182.9867,1080.0
5451,127.10742715777981,116.25263605069549,-0.029596116,-0.0048600375,0.073304124,-0.10366949,174.79724,1080.0
5452,129.56946385346762,113.18809479814313,-0.026341248,-0.0116379345,0.09505384,-0.10566062,174.78441,1080.0
5453,136.6851249640568,109.9215156069736,-0.024446841,-0.016632222,0.114577346,-0.10635246,175.29262,1080.0
5454,144.49867429320742,108.21420588353924,-0.02616125,-0.013668767,0.12595084,-0.094933204,178.32024,1080.0
5455,148.99705718183614,110.66428837563296,-0.025610691,-0.012717155,0.13074923,-0.084222555,181.70412,1080.0
5456,149.18578015242622,117.87696838972231,-0.022364525,-0.011955374,0.15086433,-0.081099726,187.20042,1080.0
5457,147.52893085257568,127.55097670956785,-0.017934106,-0.012898876,0.1932204,-0.06992388,214.03024,1080.0
5458,147.47677234142893,136.02451311178797,-0.016046539,-0.012106069,0.21238144,-0.06753936,231.12753,1080.0
5459,150.85856877352737,139.37622254698746,-0.012065633,-0.013110267,0.23153642,-0.07947616,247.75586,1080.0
5460,157.22332314766405,135.8456750604052,-0.011424029,-0.014129328,0.24448429,-0.08939955,258.58054,1080.0
5477,164.61581736814696,130.7058595991783,0.012477394,-0.030755842,0.289269,-0.029659865,294.3922,1080.0
5506,170.43537903206467,134.13482286427282,-0.01597064,-0.0019736113,-0.043700382,0.12809873,140.98079,1080.0
5507,171.1538915115221,149.34618090290567,-0.019563802,0.0009633241,-0.04190199,0.12847295,138.15094,1080.0
5519,163.60370777867635,167.86871587015239,-0.013877812,5.9904874e-06,-0.040124625,0.12628762,140.14078,1080.0
5530,150.68923978152947,179.71762549112563,-0.04617982,0.0034784952,-0.08533517,-0.121270016,135.03389,1080.0
5531,140.50031458122373,182.5301871957268,-0.05198743,0.003177897,-0.08569929,-0.13784614,144.6837,1080.0
5532,136.56925654439422,179.63611742933887,-0.05443669,0.002961844,-0.09362799,-0.137502,141.07875,1080.0
5533,137.24095848538894,174.7473684280265,-0.05464404,0.002389922,-0.09732943,-0.14071243,137.11632,1080.0
5534,142.04301160508422,170.5851768463563,-0.05717406,0.0031937212,-0.10951758,-0.13617288,123.06384,1080.0
5535,151.49904202655227,169.50161684724418,-0.059538156,0.0030699554,-0.12150308,-0.12562609,113.4728,1080.0
5536,163.93953959382515,172.02824140049697,-0.056339066,0.005282593,-0.13684325,-0.10768365,107.367134,1080.0
5537,174.8722283901693,175.68445635255847,-0.054102466,0.008681008,-0.14375062,-0.09587676,101.721954,1080.0
5538,179.83553541203565,177.5080330233704,-0.056536697,0.012535208,-0.14957649,-0.08959873,99.74665,1080.0
5539,178.1807037841796,176.89850203736228,-0.05721848,0.012140231,-0.14999932,-0.087782316,107.52906,1080.0
5540,173.20155405274335,175.07469313811313,-0.060913935,0.013248133,-0.15359592,-0.08655277,112.79021,1080.0
5541,168.89702144519617,173.15023506063537,-0.05849649,0.012285642,-0.1537328,-0.08573724,115.24979,1080.0
5542,166.7866821316836,171.48471117233794,-0.06315517,0.013328044,-0.15357564,-0.06680911,105.07747,1080.0
5543,165.5791280042579,170.1376698273288,-0.06167891,0.010671828,-0.16196476,-0.09633888,124.33308,1080.0
5544,163.66888606637445,169.32381006422392,-0.07036568,0.013523526,-0.173703,-0.07643882,127.86564,1080.0
5545,161.11222206170285,169.30859885282385,-0.067074865,0.019490333,-0.17500322,-0.054921467,125.05111,1080.0
5546,159.01702455822743,170.12962051836732,-0.06666384,0.023468018,-0.18404394,-0.0806468,170.57036,1080.0
5547,158.05845625604616,171.66076067134324,-0.06391341,0.026623845,-0.17430487,-0.0663581,149.45082,1080.0
5548,158.0763125308296,173.61973909074484,-0.06461741,0.021976668,-0.16127087,-0.051296573,126.39247,1080.0
5549,158.69926680556625,175.55646627074753,-0.06815638,0.018866928,-0.16736682,-0.038524516,109.78085,1080.0
5550,160.0149595135771,177.15059669550712,-0.064438716,0.022851901,-0.1662627,-0.09951313,154.29662,1080.0
5551,162.34506208380955,178.25028579500818,-0.06822334,0.023577852,-0.17223686,-0.0766586,132.11548,1080.0
5552,165.38684301778713,178.7410753651148,-0.06741853,0.022582358,-0.15764889,-0.06717332,113.31262,1080.0
5553,168.150818851353,178.60658534967266,-0.070546016,0.021295307,-0.16069567,-0.067972735,123.95843,1080.0
5554,169.8659376532528,177.6621808096657,-0.06985813,0.02933587,-0.16011353,-0.024319882,102.8913,1080.0
5555,170.53133416134634,175.44929037104768,-0.067340314,0.024712512,-0.17250344,-0.030302458,121.80456,1080.0
5556,170.63141403674604,172.09838725397557,-0.06651945,0.024232596,-0.17564969,-0.035371765,125.38124,1080.0
5557,170.70072345661143,168.6268532768433,-0.06349408,0.021809924,-0.168953,-0.040007725,117.52702,1080.0
5558,171.2761881532807,165.98846235794346,-0.0602096,0.012744734,-0.14848696,-0.059622135,118.37484,1080.0
5559,172.87858442968854,165.09026066463232,-0.057434082,0.014106384,-0.153024,-0.074597985,132.79959,1080.0
5560,175.3511214070534,167.03597121181897,-0.055117514,0.013122107,-0.16228117,-0.086183675,152.22447,1080.0
5561,177.23554696489842,171.5372672073233,-0.05613002,0.016805239,-0.1623234,-0.05847004,136.65498,1080.0
5562,176.55203153277498,176.34846092587276,-0.05582569,0.021634532,-0.14904773,-0.04054879,127.85521,1080.0
5563,172.87871843665178,179.36496644466862,-0.057425324,0.018613067,-0.15457633,-0.039457023,109.25403,1080.0
5564,168.755905919287,180.02487182446458,-0.05827546,0.021032235,-0.1518752,-0.039894387,105.72086,1080.0
5565,167.7543245249962,178.6425762334454,-0.053733315,0.020821607,-0.1300853,-0.015807766,80.97482,1080.0
5566,170.46383833753316,175.91384318922033,-0.059133176,0.012891557,-0.12819564,-0.039488956,79.99179,1080.0
5567,173.9650505397277,173.06942805131303,-0.05891605,0.010950272,-0.10150672,-0.019329635,55.07229,1080.0
5568,175.62484752752172,171.31209080773175,-0.063230895,0.016273499,-0.11223772,-0.028210731,81.883415,1080.0
5569,175.6427817283452,171.2359492782144,-0.06257262,0.015140053,-0.12656419,-0.041222297,98.09129,1080.0
5570,175.58626393695997,172.86987808083867,-0.06269458,0.010333026,-0.11105635,-0.053314604,93.35737,1080.0
5571,176.0779663401403,175.24497863658289,-0.06668605,0.010451875,-0.10861059,-0.06726216,107.176834,1080.0
5572,176.61361204242894,176.28479239139665,-0.06541872,0.011520386,-0.10707872,-0.04968047,91.76982,1080.0
5573,176.592284436228,174.23986822699527,-0.07160667,0.013108261,-0.09502179,-0.06771108,100.10133,1080.0
5574,176.09803361806212,169.2473091065723,-0.072502986,-0.004634603,-0.08163288,-0.09978717,108.9097,1080.0
5575,175.8707630596066,163.56864329850117,-0.07595158,-0.007211897,-0.072111905,-0.13972026,133.40334,1080.0
5576,176.322351283226,159.86311180276346,-0.08740681,-0.014247244,-0.07371007,-0.13820276,133.98303,1080.0
5577,177.1736280302439,158.63068101187437,-0.075320266,-0.016595064,-0.038302105,-0.20478632,173.45543,1080.0
5578,178.07268553164852,158.19507165182335,-0.07690023,-0.021489235,-0.026305644,-0.21929081,198.28378,1080.0
5579,178.60642659699113,157.21378348842578,-0.076217875,-0.023502745,-0.021617804,-0.21247584,188.04704,1080.0
5580,178.00482337265169,155.88982313459292,-0.060588468,-0.024398493,0.0139724165,-0.21441874,213.32164,1080.0
5581,175.49942370595818,154.62853144241132,-0.04960124,-0.021207964,0.06616233,-0.22353329,256.11285,1080.0
5582,170.57298385337688,153.51950767002683,-0.040991154,-0.0235698,0.10165473,-0.23817731,285.3131,1080.0
5583,162.89502191195845,153.1613772135025,-0.051789235,-0.02374019,0.09151221,-0.23251116,273.7336,1080.0
5584,153.4264353121661,152.74982556681408,-0.052221116,-0.024218693,0.07687367,-0.22379416,266.7849,1080.0
5585,145.18115403797634,148.69753815824603,-0.052648306,-0.022591118,0.08977045,-0.22055501,268.84866,1080.0
5586,139.92837479572074,138.66637598843732,-0.051328193,-0.024866853,0.10668928,-0.23450145,294.44345,1080.0
5587,135.01835474689042,124.92880857760909,-0.04876353,-0.016058292,0.114796445,-0.20733157,286.62952,1080.0
5588,126.76642697304734,112.20914292021202,-0.015102302,0.004228719,0.14056216,-0.13512062,252.7347,1080.0
5594,116.34406974243038,105.69816791977874,-0.050424024,0.007348633,-0.12277578,-0.15066071,190.57968,1080.0
5595,110.58386438589092,111.83097307702087,-0.05725137,0.008301573,-0.1285878,-0.14791554,193.38512,1080.0
5596,114.47433166101487,133.3852518886643,-0.06499306,0.009166915,-0.14740385,-0.14677016,198.85342,1080.0
5597,123.31060810660426,161.56603129806237,-0.06535492,0.013819433,-0.15247108,-0.14696361,197.22177,1080.0
5598,128.28274016852882,181.25025956174423,-0.06934187,0.01320603,-0.15714847,-0.13862711,186.51715,1080.0
5599,127.92125829539809,184.93567400819802,-0.07546827,0.015327058,-0.1660067,-0.12327519,175.43542,1080.0
5600,127.7339734487546,177.28341681535832,-0.0826928,0.020254008,-0.18184952,-0.09610709,152.6363,1080.0
5601,132.17394050877587,168.77197567197015,-0.079343274,0.01780339,-0.17661345,-0.100417525,153.62381,1080.0
5602,140.81052380137226,166.3105379748216,-0.0765942,0.021553662,-0.17866185,-0.09272156,150.23222,1080.0
5603,149.36608643731387,167.4578399897394,-0.07567568,0.020873401,-0.18588991,-0.13288614,182.81572,1080.0
5604,153.52602977302763,164.19636774703204,-0.07709752,0.022532372,-0.2119577,-0.13210218,186.23895,1080.0
5605,153.56590967957197,152.39371107625544,-0.07535361,0.02304535,-0.21142127,-0.1496239,206.68408,1080.0
5606,153.94600426484894,136.34545602597257,-0.08228624,0.020267967,-0.21272829,-0.14280225,203.65254,1080.0
5607,157.04650575622856,126.053698852505,-0.078764625,0.024133809,-0.21012822,-0.11009058,178.22676,1080.0
5608,160.21414417065648,129.7652926672267,-0.07042095,0.022526551,-0.2220995,-0.12678814,207.339,1080.0
5609,160.15942962501137,145.9656053096315,-0.081048355,0.021060633,-0.2545312,-0.1252931,219.34853,1080.0
5610,156.72345013318005,164.1747657673088,-0.077171214,0.016123114,-0.26589,-0.121612266,220.5008,1080.0
5611,150.12943859152222,174.99621458010233,-0.07221205,0.0112649985,-0.27300563,-0.11897546,225.30806,1080.0
5612,138.7513534044393,176.81344425913093,-0.07341535,0.021866975,-0.3025252,-0.09916718,230.00592,1080.0
5613,123.50109236393408,173.96078124519667,-0.07549959,0.013013883,-0.29767257,-0.109591365,239.04774,1080.0
5614,107.04098080070663,170.38527277791843,-0.07832534,0.019648291,-0.31002492,-0.11801868,259.30142,1080.0
5615,86.60145262995266,164.998689811244,-0.0798072,0.031581398,-0.31052262,-0.108584,257.41107,1080.0
5616,62.733639604055796,157.3708282157578,-0.07643105,0.028472506,-0.3074479,-0.08999396,226.46614,1080.0
5617,51.4086912803903,149.67254741343172,-0.07720348,0.022227366,-0.32201958,-0.11641252,245.61246,1080.0
5618,63.015314476092705,134.55044487766204,-0.0756008,0.033352096,-0.31393018,-0.054519087,242.19615,1080.0
5619,78.90950126585702,102.90904835071758,-0.03155817,0.027690802,-0.23414476,-0.0661757,253.9289,1080.0
5620,74.18866067092736,66.59384417892747,-0.008793527,0.024139518,-0.1933734,-0.0781354,248.47067,1080.0
5621,52.25875066404506,50.80992155236406,0.0006486116,0.01643965,-0.1807251,-0.092212394,242.02559,1080.0
5622,40.98812463655583,70.51962276103069,0.037450776,-0.0054634376,-0.06323666,-0.13374792,198.96487,1080.0
5623,58.64761579566577,115.06795622876571,-0.03866187,0.039403167,-0.23820569,0.008773747,232.55298,1080.0
5624,92.39268224506205,146.4968991211053,-0.010558969,0.0035520766,-0.21300869,-0.09222107,249.88367,1080.0
5625,119.06425255685292,133.66493459775083,-0.013701206,0.013031006,-0.21286042,-0.07953627,250.48074,1080.0
5626,133.0676926539208,91.4880953300748,-0.018387293,-0.0065194024,-0.23022568,-0.10009025,243.43416,1080.0
5627,140.77051107973483,65.25946077512532,-0.0060490924,-0.012518085,-0.27297565,-0.14271387,302.3749,1080.0
5628,147.43960440625526,80.78612031796884,-0.007924906,-0.012496327,-0.25756887,-0.1489203,295.2652,1080.0
5629,156.1062259277768,123.57470772883543,-0.020610498,-0.008792397,-0.2730224,-0.17193761,292.00952,1080.0
5630,164.7554703483183,162.08609421169996,-0.016406758,-0.017812828,-0.3091331,-0.17490856,337.09793,1080.0
5631,161.73302648013893,178.1313329001694,-0.014299576,-0.0036087036,-0.3130988,-0.14063661,345.82022,1080.0
5632,134.65281290714992,173.18187691120346,-0.010049325,-0.03297543,-0.31049013,-0.1459588,337.82745,1080.0
5633,92.79811024440629,155.6891181371982,-0.0118498625,0.0008855749,-0.31612307,-0.07727593,342.71255,1080.0
5634,63.560088222240424,129.62335613054861,0.004775266,0.018131906,-0.27474573,-0.03230489,306.3549,1080.0
5635,59.564638002236606,100.26397531754031,0.004767354,0.014904672,-0.2883787,-0.016011188,326.647,1080.0
5636,70.6358911007816,82.05133296389025,0.0056964452,0.027237333,-0.2628726,0.02671441,293.96887,1080.0
5637,82.13476947944353,83.60981323903857,0.010357835,0.029319057,-0.2490669,0.04416518,287.37537,1080.0
5638,88.6525633317575,96.40605075016069,-0.0032475789,-0.033119343,-0.25036907,-0.043914486,288.13715,1080.0
5641,98.55945439683923,109.84194788098009,-0.055176064,-0.02884674,-0.00096588134,-0.23741882,225.72705,1080.0
5643,119.2382437851923,123.24810920442091,-0.0069818567,0.0016747934,-0.024337599,-0.031235306,44.150772,1080.0
5651,136.47775898122237,138.4974843257283,-0.010306747,0.0016949123,-0.018776732,-0.0146913035,19.56225,1080.0
5652,130.57495652360242,151.39380925306955,-0.007097258,-0.00094680785,-0.01097949,-0.013036516,11.119317,1080.0
5653,110.6605865123418,156.82754221526795,-0.0077895555,-0.0013084412,-0.017321665,-0.022197695,19.133389,1080.0
5654,106.16640075594009,155.83347979865508,-0.009404839,0.0026325085,-0.021509016,-0.028787458,36.14781,1080.0
5655,126.97052470758466,150.1849762651513,-0.008009508,0.0017876236,-0.016522612,-0.024262378,26.07802,1080.0
5656,153.30902429890202,139.76839343959284,-0.006109732,0.0010208978,-0.013952241,-0.030084964,34.061337,1080.0
5657,162.68751408296765,129.44811016233845,-0.008502988,0.00058006006,-0.018297719,-0.036014076,38.21157,1080.0
5658,152.69811894322842,126.72780784198888,-0.0056511206,0.00054552994,-0.015472864,-0.042434834,44.542496,1080.0
5659,136.4309275007697,131.38165194336864,-0.0051366733,0.0016302321,-0.017024908,-0.040556815,45.452984,1080.0
5660,124.83240280915487,134.73727982783228,-0.006086844,0.001672561,-0.018540729,-0.03846088,42.879658,1080.0
5661,118.77565784380826,128.15363164633962,-0.00547621,0.0020796035,-0.01569033,-0.03983968,44.891113,1080.0
5662,113.78780516127675,110.78152419154416,-0.0043366607,0.0020146123,-0.011625558,-0.038956225,43.015682,1080.0
5663,106.98776614288586,91.48961821302547,3.9164224e-05,0.0012878418,-0.000112406415,-0.03906366,41.97195,1080.0
5664,99.4587222376084,81.51491984576437,-0.0020477294,0.00013981572,-0.0019160518,-0.044477336,44.824635,1080.0
5665,94.067417513747,84.4638879631113,-0.0020445648,-0.0016978511,-0.0018270422,-0.043721713,42.622635,1080.0
5666,93.69869681397219,94.88317220863733,-0.003274084,-0.00026691577,-0.0038058811,-0.040063024,39.49941,1080.0
5667,101.41688533348515,103.23681456492315,-0.00898511,-0.0006620054,-0.009719792,-0.038764164,38.734543,1080.0
5668,117.49014681967193,103.07999152646029,-0.010304374,-0.0029975043,-0.0078838775,-0.04230378,43.372932,1080.0
5669,135.88693892478182,98.51392442650965,0.0035029093,0.0009407891,0.015173001,-0.040290494,44.553608,1080.0
5670,146.94720722129838,102.29359557191253,0.009486785,0.0028685958,0.02921216,-0.041894674,52.452656,1080.0
5671,143.65536451201217,121.52957444389516,0.0106790615,0.0012685705,0.03365569,-0.048980996,58.958237,1080.0
5672,127.77053983202595,146.86280684188233,0.010811869,-0.00055007933,0.035650577,-0.04765998,56.187122,1080.0
5673,110.62746401937707,160.7174048206334,0.0072111906,-0.0011144285,0.03724925,-0.04993173,61.35054,1080.0
5674,103.51051624004094,155.06436841953953,0.0035572757,-0.0015890899,0.041188672,-0.050169826,66.94145,1080.0
5675,108.11150264376222,137.44228525874794,0.004835793,-0.0012459649,0.051741365,-0.045175567,70.404884,1080.0
5676,118.28007838184978,122.06842283007784,0.0057694614,0.0028728626,0.05562247,-0.038957864,69.31193,1080.0
5677,127.01468485769396,117.6567065234813,0.0060865614,0.005505286,0.062309038,-0.031669106,69.49668,1080.0
5678,130.07428660623242,121.15787138368283,0.0046582823,0.0041447673,0.062057834,-0.02874137,68.67854,1080.0
5679,126.6671782291703,122.3328250275713,0.0039160834,0.0041308934,0.05988419,-0.026715003,65.03429,1080.0
5680,120.29359051593775,116.76912118961643,0.0040594595,0.0037507517,0.06105714,-0.024484111,63.35975,1080.0
5681,117.35881881691185,111.43924902981568,-0.004127333,-8.2793056e-05,0.0406237,-0.032700658,61.796326,1080.0
5682,121.54765167339876,114.87012140635672,0.0021876583,0.001474112,0.052804396,-0.02810358,57.25069,1080.0
5683,130.53868825221812,127.15449519191547,0.0024590385,-0.0011805499,0.04724963,-0.032888513,55.990433,1080.0
5684,139.35447139323534,140.98253560965992,0.0017236215,0.0029393795,0.045250505,-0.029658282,55.24831,1080.0
5685,144.78767804250995,148.91289721755126,0.002403542,0.0040468005,0.041957658,-0.026366424,50.952038,1080.0
5686,146.67000060134365,149.51312422641638,0.0023675424,0.0019527859,0.038252935,-0.03108642,49.245613,1080.0
5687,146.97242455213743,146.97538170758432,0.003773103,0.0016762627,0.03738132,-0.03142621,47.94159,1080.0
5688,147.78398342289148,145.62325640553777,0.0034384269,0.002042728,0.036918923,-0.0356102,48.0574,1080.0
5689,150.0441504362432,146.14610514713482,0.005948837,0.0014918292,0.029406682,-0.03322093,41.74971,1080.0
5690,153.7920292567199,146.40280883800867,0.008653824,0.0025154962,0.030924536,-0.03239749,41.240475,1080.0
5691,157.90664704364002,144.75564212934864,0.0065519544,0.0018175195,0.027912734,-0.033009734,41.17305,1080.0
5692,159.80441091701854,142.59703738139288,0.0057592886,0.0016682094,0.026368827,-0.031221433,39.2057,1080.0
5693,157.62133799942475,143.72760852943802,0.0071808994,0.0014359651,0.025072508,-0.03226553,38.942837,1080.0
5694,153.13930105562963,150.46150536067168,0.00614268,0.0021612663,0.022321744,-0.031402532,37.76278,1080.0
5695,150.52877419655988,159.85139228417535,0.0040772613,0.00079133775,0.018429114,-0.034687806,38.78476,1080.0
5696,151.5894420319383,165.18210394396,0.006023322,0.00076892995,0.020898042,-0.030901168,36.532494,1080.0
5697,154.46393365616453,162.80799325878493,0.0053969207,-8.0504244e-05,0.018891059,-0.031123832,34.969902,1080.0
5698,157.07774312213851,156.58349667974397,0.006328385,-0.00086514506,0.020660626,-0.03057025,33.804688,1080.0
5699,159.1905768481431,153.65436811670776,0.0062501696,0.0006482442,0.020701542,-0.019060517,23.101913,1080.0
5700,161.15761102896533,157.32727320755413,0.00083019113,0.00081600616,0.007255102,-0.026762813,28.306545,1080.0
5701,162.44917717102135,164.45479314271972,-0.0059007434,0.00056516856,-0.0056709573,-0.03276757,32.096825,1080.0
5702,162.33094484630993,168.13928567596327,-9.635643e-05,0.0014382539,-0.004280316,-0.023712553,24.87895,1080.0
5703,161.98357497879715,163.25063680741854,0.006808754,0.0011516995,0.010894267,-0.028744902,29.666506,1080.0
5704,164.19222913365186,149.27471403467698,0.007067532,-8.361251e-05,0.011106534,-0.03073072,31.75518,1080.0
5705,169.48787610526236,132.51620286195995,0.00783211,0.0008535032,0.008220136,-0.030569712,33.560257,1080.0
5706,173.98700019281745,125.82994994339623,-0.00068314164,0.0022063362,-0.011532537,-0.027467374,32.371788,1080.0
5707,174.02907115646127,136.53842185185098,0.0030010648,4.433526e-05,-0.003707038,-0.03127009,32.856796,1080.0
5708,171.4347344115509,156.87232916381606,-0.0040074666,0.002091104,-0.021397287,-0.024844248,33.012505,1080.0
5709,170.3462618316509,172.9301986249049,-0.00289414,0.0013154772,-0.018823864,-0.028375866,36.068424,1080.0
5710,171.55631740897883,178.02099587479017,-0.0042735348,0.003311666,-0.023405965,-0.018844265,29.509819,1080.0
5711,173.00371780289933,174.70360608289116,-0.0040351585,0.0015675015,-0.015672246,-0.013966228,21.109848,1080.0
5712,173.28224517123894,169.12625318601545,-0.0076342546,0.003508476,-0.019113611,-0.006350284,14.316748,1080.0
5713,172.79102828426497,166.32375736292673,-0.008088514,0.0032553496,-0.018171804,-0.0049659447,12.964711,1080.0
5714,172.11232063090662,168.18470997737768,-0.008489877,0.0036811547,-0.018221594,-0.0005480166,10.707411,1080.0
5716,170.66860313219053,173.07628834888257,-0.008790363,0.0035193833,-0.02135914,0.002615074,12.427939,1080.0
5717,167.92138771566303,177.68041036011093,-0.008122197,0.0036526998,-0.020494645,0.0016278019,12.208661,1080.0
5718,164.89936176636238,179.59345066281873,-0.005048116,0.0015107896,-0.018722987,-0.004209335,17.948078,1080.0
5719,163.68668765988429,178.5300075978449,0.0013599537,-0.002466894,-0.016539793,-0.016599076,25.30013,1080.0
5720,165.6587803087154,176.22184686230295,0.0040763575,-0.0046261256,-0.016710352,-0.026027255,31.61702,1080.0
5721,170.04858191166335,174.58711604953672,0.0032097711,-0.002708407,-0.019173969,-0.02560973,33.160202,1080.0
5722,174.38381224792164,173.57190541850957,0.0036090426,-0.0024537263,-0.020561105,-0.024178032,33.355633,1080.0
5723,176.62846199187388,172.14203653234642,0.0033862644,-0.0031993724,-0.022576509,-0.024774283,34.097702,1080.0
5724,176.57364200560386,170.62257962439185,0.00072953966,-0.0005130344,-0.024945294,-0.016381413,31.543667,1080.0
5725,175.23468112040283,169.8370848733523,0.0012510512,-0.00011220861,-0.022402503,-0.017426243,30.841824,1080.0
5726,173.683309656625,168.1617777381451,0.0016410545,-0.0013688547,-0.021263856,-0.017674595,29.647192,1080.0
5727,172.2846302395886,162.69656334873363,0.0005717525,-0.0003193043,-0.02289361,-0.01347368,28.703674,1080.0
5728,169.9920881520671,154.86221552221375,-0.0031489055,0.0041935956,-0.021811986,0.00083979854,20.563911,1080.0
5729,165.75900560440647,151.04061020691455,-0.0039712978,0.0040464895,-0.023270275,-0.004276106,22.988665,1080.0
5730,161.7497290642175,155.14405110739617,-0.0019133391,0.0016476384,-0.016441628,-0.009018142,19.317934,1080.0
5731,162.16892261144594,163.6209090063329,0.00032105623,-0.0004611545,-0.016820215,-0.012756574,22.399618,1080.0
5732,167.96375596560037,169.6664361857237,-0.0007950959,0.0019989295,-0.018571699,-0.005658665,20.693289,1080.0
5733,175.3617804212533,169.76149811517593,-0.00078464084,0.0026710792,-0.018547622,-0.0068409108,22.08255,1080.0
5734,179.8746989923666,165.37952968431424,-0.0007382428,0.0034175732,-0.019060092,-0.0072224652,24.048145,1080.0
5735,180.2624142133655,160.5743259888225,-0.0019601893,0.0045733983,-0.02156632,-0.0056580156,25.562172,1080.0
5736,178.52205230373866,158.53383997708303,-0.0017491094,0.0042690984,-0.021221755,-0.0067133866,26.439108,1080.0
5737,176.97082000905354,159.37884483334471,-0.0019908764,0.0041323346,-0.020881992,-0.005595963,24.543684,1080.0
5738,176.05685096058016,157.4387761464308,-0.0011384187,0.0046192594,-0.020655992,-0.007864097,24.879011,1080.0
5771,174.2360639072416,143.44465853170624,0.020084975,-0.11695173,0.6511784,-0.14222746,674.4423,1080.0
5772,170.02156305144945,121.60267519403243,0.013840173,-0.09984244,0.66370153,-0.11872547,702.09973,1080.0
5773,164.35375297170035,114.10886604112474,0.020249827,-0.106603496,0.56569993,-0.15430795,586.8711,1080.0
5774,159.0961996754401,132.49403142541445,0.014279344,-0.10483862,0.5865339,-0.17138672,623.2945,1080.0
5775,154.761835637125,161.58402490123305,0.007709814,-0.10249097,0.55158037,-0.16950282,587.31226,1080.0
5776,151.96299917939703,180.05025283759164,0.008754758,-0.10442759,0.5690782,-0.16935566,611.47314,1080.0
5777,151.85858408358723,181.13625765306588,0.009112096,-0.09970477,0.5514167,-0.16269961,610.6495,1080.0
5778,152.54234493400784,171.68472633072398,0.019564876,-0.07404412,0.57165563,-0.16559222,625.53784,1080.0
5779,147.65291014035904,159.67212198344512,0.019416075,-0.07138898,0.5596265,-0.16963908,606.54126,1080.0
5780,132.977641328008,146.7157597037496,0.025929203,-0.0529272,0.57918817,-0.15923123,632.1055,1080.0
5781,113.35935383547474,131.49521908706905,0.027210942,-0.045300633,0.49976727,-0.14567159,543.345,1080.0
5782,99.08761915159018,115.85468186484556,0.017519124,-0.0046119974,0.45880038,-0.08193145,499.3496,1080.0
5783,97.36513714753089,105.30595770291077,-0.006443165,0.048535723,0.26733002,0.026835123,330.17978,1080.0
5787,105.03209959256073,102.24154414431472,0.01998534,0.011449857,-0.020941388,0.124607116,122.754715,1080.0
5788,106.55689068775324,97.35339601261198,0.022430025,0.013181616,-0.0057465164,0.11519996,115.69156,1080.0
5789,92.755214826295,78.12136056668908,0.025887778,0.01183336,0.0156905,0.106074184,107.2652,1080.0
5790,78.37243324064806,52.51211904126412,0.027841695,0.009324872,0.02349797,0.09215325,93.14777,1080.0
5791,80.69238095209501,46.96675922921952,0.029529316,0.0071825944,0.036016732,0.06353703,62.192623,1080.0
5792,95.42832518116631,73.97158462594743,0.020195741,0.0048813997,0.007587235,0.092170544,98.80785,1080.0
5796,107.6275794436247,117.51008902543909,0.021586213,0.016030489,-0.010731563,0.10482347,105.71593,1080.0
5797,107.59619529307456,152.93595916468115,0.019189905,0.015402447,-0.012154021,0.10021068,103.246666,1080.0
5800,96.89131000149277,169.1808837692997,0.0002653899,0.015954195,-0.12929507,-0.022674277,133.63513,1080.0
5804,90.67739167310543,169.5350692653551,0.0024554217,0.015139544,-0.21182093,0.029839354,226.26108,1080.0
5805,101.23313945986659,160.1475418963677,0.002174773,0.01794524,-0.1861076,0.03109046,198.83131,1080.0
5806,119.84725810912526,144.31043214843928,-0.0014932138,0.020766309,-0.18616615,0.02970485,194.59596,1080.0
5807,132.34046446978954,125.16717122992652,-0.00028324834,0.024953658,-0.12794065,0.035162523,137.91066,1080.0
5808,139.95784615231338,109.20743114832821,0.0026954934,0.013038917,-0.118235834,0.012502148,133.9883,1080.0
5809,150.6328124761511,105.14927998508728,-0.00089789496,0.010739644,-0.16115259,0.01839204,176.8706,1080.0
5812,159.68441433628746,116.83492366338174,-0.00880418,0.0029129311,-0.02185262,0.11140795,115.518654,1080.0
5822,150.26495219908725,137.74781847573024,0.0037152325,-0.0031528615,0.08592145,0.12296612,159.61206,1080.0
5828,120.58646281463277,154.80709698129604,0.0018017804,0.0051179957,-0.08731893,0.02434003,106.517204,1080.0
5829,95.0927767047413,156.0911914863236,-0.0028529414,0.005147468,-0.08774663,0.01709996,90.376305,1080.0
5830,93.26640509071775,139.73636255691252,-0.00064663356,0.0050160727,-0.08655198,0.013346778,91.93102,1080.0
5831,110.64491317051547,118.78869697244234,-9.822139e-05,0.006007018,-0.08592823,0.008836025,95.31644,1080.0
5832,134.10015128583885,109.02572819830684,-0.002841582,0.0060577956,-0.097779,0.0001155712,101.31074,1080.0
5833,154.19239121455868,112.38923654281494,-0.0006360089,0.0030046252,-0.09249736,-0.010667391,96.4481,1080.0
5834,166.17633228960148,119.20198903499376,-0.0016219527,0.006030019,-0.091613546,-0.013013148,91.38877,1080.0
5835,168.82831420281127,121.62238577299735,-0.0016506619,0.0070084464,-0.09041816,-0.012189682,89.786224,1080.0
5836,163.73272417754416,119.7132422370763,-0.0036655003,0.0064252783,-0.09001623,-0.0138596995,89.62879,1080.0
5837,155.65201404340968,118.43912378710043,-0.005980202,0.006643168,-0.08447819,-0.01836288,89.667984,1080.0
5838,148.09494279071163,121.0015725860605,-0.0076065627,0.010225734,-0.086137444,-0.016470563,88.76142,1080.0
5839,138.49778108820837,125.0572388901734,-0.007439168,0.009848927,-0.078153595,-0.009128147,80.07944,1080.0
5840,126.09137206430819,128.51504402978537,-0.006152231,0.0051839193,-0.0798506,-0.016770512,84.674995,1080.0
5841,119.4680477138776,133.74905221573925,-0.0059208623,0.0059754266,-0.078566484,-0.016785346,82.7267,1080.0
5842,126.60282041961398,141.02481234625378,-0.006728674,0.00754728,-0.07833704,-0.010254669,79.47697,1080.0
5843,144.35981782188844,146.9029733348446,-0.0038449888,0.006078593,-0.07611705,-0.017739218,82.96324,1080.0
5844,162.68660172820617,150.05151792588586,-0.0056589763,0.0020413718,-0.07527263,-0.026459165,82.87992,1080.0
5846,173.4253370330352,152.06680248096004,-0.003355012,-0.0043778596,0.20391151,-0.023173805,230.58284,1080.0
5848,175.12270960389102,155.7225570444027,-0.00021480984,-0.011173729,0.21512236,-0.03091134,236.17317,1080.0
5849,172.68472218097665,162.92229012257687,0.0004240813,-0.023526002,0.24019787,-0.041022435,261.25162,1080.0
5850,171.83614515507506,171.67415237331815,-0.0009428236,-0.018495686,0.1941249,-0.02928091,211.35078,1080.0
5851,173.83919446637623,177.48337714111912,-0.0008074725,-0.014733802,0.20008166,-0.01970537,216.2708,1080.0
5852,176.52529174183067,178.24048706742948,-0.004032333,-0.015126715,0.18344907,-0.01996655,202.27327,1080.0
5853,178.35603504584884,175.82434781257035,0.00051122595,-0.02438541,0.20308623,-0.038700245,216.2485,1080.0
5854,179.3076289606405,173.7198691457442,-7.4655036e-05,-0.016788313,0.13974689,-0.020831864,153.95842,1080.0
5855,179.50817654474562,174.20618569056745,0.0008310954,-0.016713431,0.15574794,-0.02121856,163.52989,1080.0
5856,178.91341450500676,176.91226414073995,0.0017553259,-0.015250679,0.14340086,-0.020471474,150.49638,1080.0
5857,177.78952258022852,179.54752007321738,0.0017835828,-0.012390928,0.13787627,-0.019033248,148.48445,1080.0
5858,176.70222843374384,180.31178967513998,0.0020424738,-0.010892967,0.14138353,-0.020402499,150.26222,1080.0
5859,175.95628127281438,179.34741771521038,-0.0005617495,-0.007820695,0.1342432,-0.019375497,145.79324,1080.0
5860,175.449877334856,177.85165652376048,0.0005433824,-0.0036571927,0.112991676,-0.012782344,125.91927,1080.0
5861,174.23107486523307,176.0514677482774,-0.00056355796,-0.00077701145,0.10296303,-0.007830754,118.265564,1080.0
5862,169.92199738632002,172.80699108688495,-0.00031342683,-0.0013792815,0.11239036,-0.008482531,127.16553,1080.0
5868,161.56195697248683,167.42229055654934,-0.0034214496,-0.0063280743,0.122930184,-0.0012378269,139.43965,1080.0
5869,149.88413640443562,156.86398232099086,-0.00028336135,-0.008302279,0.12481138,-0.007494665,136.5396,1080.0
5870,130.01108120592284,132.5062039293331,0.0018598344,-0.010380922,0.12558267,-0.01678803,135.52719,1080.0
5871,94.33406456071015,91.94656469734149,-0.0008185422,-0.009814849,0.11825345,-0.014745246,128.60342,1080.0
5872,49.089381372628985,48.68430952752426,0.0028126047,-0.013435137,0.12270231,-0.01580559,126.25146,1080.0
5873,14.933506448674558,19.96499478935562,-0.001662544,-0.0144074615,0.10739017,-0.018403541,114.309074,1080.0
5874,6.1264081680536115,13.265647617057438,0.0019969658,-0.012710543,0.11937214,-0.01551556,122.41742,1080.0
5875,19.081554240437928,21.615135863886675,-0.0033974117,-0.01403721,0.10446777,-0.0182108,114.29853,1080.0
5876,41.51295957956309,29.446658368256923,-0.002691594,-0.011103171,0.10748978,-0.015953178,116.04652,1080.0
5878,62.21978299288159,30.96741392732719,-0.0036400266,-0.0018252903,0.073976845,-0.04426346,95.44652,1080.0
5879,69.90151448317604,32.36448303693413,-0.0086182775,-0.0018258553,0.06860467,-0.039236307,94.36621,1080.0
5880,56.64140523552992,36.04852565851839,-0.012580038,-0.0013127928,0.050770935,-0.031089444,76.1501,1080.0
5884,31.7585168412624,39.0172375116167,-0.0023011102,-0.008604572,0.08747884,-0.023511702,98.59589,1080.0
5886,17.418097808843484,39.158244678671934,-0.0053560045,-0.0068928753,0.070026994,-0.015763149,87.41906,1080.0
5890,24.61121954790275,38.20068002223681,-0.0108605,-0.005227944,0.053350687,-0.025778368,78.105736,1080.0
5894,50.26120883398359,49.267298451322404,-0.004100842,-0.010663237,0.13297313,-0.056541614,164.89276,1080.0
5896,90.45129187310239,87.27892817626517,-0.005516928,-0.009466553,0.085776605,-0.0487394,117.17499,1080.0
5899,135.63155534165634,141.0798553897539,-0.0055285417,-0.0061139143,0.11926074,-0.04516008,158.55733,1080.0
5900,166.46618571831087,177.82569883680836,-0.002131003,-0.0093942145,0.13195507,-0.05852435,162.92389,1080.0
5902,170.22411067089863,179.22742308953235,-0.0038735,-0.005865846,0.12647459,-0.045345478,154.81447,1080.0
5906,151.8557778970413,155.80333078945,0.0035423278,-0.018934065,0.15358122,-0.08313729,179.93654,1080.0
5907,124.25198614934945,128.34598664422163,0.0015151129,-0.020137984,0.14682344,-0.088238075,175.94305,1080.0
5908,96.22582768467089,108.74571431387183,0.0012409916,-0.020077966,0.1445818,-0.08871228,173.05151,1080.0
5909,73.14167461975836,98.63438670483451,0.0011370059,-0.019115081,0.14334223,-0.0889588,172.48817,1080.0
5910,60.100004467203696,96.30089109641665,-0.00084480003,-0.02030781,0.1343885,-0.08841346,165.90099,1080.0
5912,58.79177146362731,98.87704720951426,0.009103535,-0.0101140905,0.1698856,-0.062360324,183.90556,1080.0
5913,65.40160588444995,100.2518984193251,0.007215429,-0.015205383,0.16620071,-0.07797877,182.16133,1080.0
5914,73.06174971437419,93.49273786905428,0.0049792537,-0.017032368,0.16538796,-0.07753635,182.81781,1080.0
5915,76.17360682709706,79.73516644507394,0.0011045386,-0.021626,0.1514239,-0.07971296,172.67584,1080.0
5916,77.16437360127367,71.1424315566847,-0.0011308459,-0.027039958,0.15161042,-0.08545247,179.45381,1080.0
5921,87.07063970310206,78.35168592877446,-0.0069038672,7.6293945e-06,0.025856243,-0.0378032,54.98923,1080.0
5922,109.50848057198924,95.77806266927564,-0.0048876447,0.0009629991,0.032180898,-0.034184407,57.643387,1080.0
5923,130.36444947288808,108.62684795043103,-0.0026995342,0.0018983629,0.045156464,-0.040947836,68.06188,1080.0
5924,135.71638556518116,113.73831687438377,0.0015315586,0.0032604076,0.052790098,-0.045316514,71.76513,1080.0
5925,129.25636309477332,120.26805087091557,0.0041393703,0.0035380893,0.05066014,-0.05301861,76.484985,1080.0
5926,123.59088700078678,132.47744455784223,0.00951086,0.0038309451,0.05192967,-0.05841299,78.907135,1080.0
5927,126.86576813164707,145.9111273709255,-0.008654955,-0.001584484,0.014551007,-0.06265358,68.44202,1080.0
5928,140.1996427315451,156.90344615855918,-0.0110230055,-0.0012811731,-3.854257e-05,-0.06371437,66.45505,1080.0
5929,157.73935533794804,165.38951385492936,0.00941473,0.00044383295,0.021708114,-0.05681011,63.416466,1080.0
5930,170.5721656959059,171.16601298243725,0.012021891,-0.00017570212,0.02416071,-0.054867383,62.230755,1080.0
5931,175.43436725659365,172.7588738739802,0.01096344,-0.00070659496,0.026273035,-0.05459996,62.13582,1080.0
5932,175.81427900884984,169.1145886980013,0.010869344,0.00019373011,0.026949733,-0.052928783,60.70654,1080.0
5933,174.6399042860224,161.39299050026654,0.010870757,0.0009823835,0.029982673,-0.050538916,59.36846,1080.0
5934,171.57772926102024,152.61094905901132,0.012349955,0.0014201412,0.030513791,-0.050364006,59.72967,1080.0
5935,166.97616607144792,145.36892063097133,0.010475046,0.0017963833,0.029305747,-0.05006092,58.592644,1080.0
5936,163.5167549983238,141.1218010943115,-0.002575966,0.0009426823,0.013691938,-0.04949143,58.13968,1080.0
5937,163.66312274695338,141.223404514346,0.008787932,0.0017074302,0.031775806,-0.04850071,58.59432,1080.0
5938,167.37812868156732,146.07625956692158,0.012205223,0.0015842014,0.033611268,-0.049093205,59.282497,1080.0
5939,172.28196547425048,153.3624757275154,0.012164533,0.0015732377,0.03336532,-0.049369924,59.870373,1080.0
5940,176.0103010306043,160.00999673939046,0.010666063,0.0012802689,0.03220876,-0.049312506,60.133472,1080.0
5941,177.96143528222044,165.13679879739584,0.011327786,0.0010225367,0.032546826,-0.04849452,59.536686,1080.0
5942,178.71755417879217,169.42007983849965,0.008676882,0.0006628531,0.030860167,-0.047835626,58.606224,1080.0
5943,178.81683532648668,173.3357855015546,0.009142671,0.00067480584,0.032507606,-0.04723559,58.58623,1080.0
5944,178.1197370613413,176.5637474271577,0.011375709,0.001166054,0.0355176,-0.046973616,59.186672,1080.0
5945,175.8268887248315,178.13978101589092,0.008879994,0.0011529993,0.036239907,-0.045145895,58.249496,1080.0
5946,171.7184378140152,177.4775198814848,0.010216833,0.00092106574,0.03887572,-0.04399663,58.37939,1080.0
5947,167.5894943414051,175.5835619290599,0.013050729,0.0013349745,0.038786937,-0.04376201,57.850475,1080.0
5948,165.85094068057867,174.2114465641922,0.0054293033,0.0011719315,0.032023396,-0.043639995,56.116993,1080.0
5949,166.8926927202366,173.56353567673622,0.008891862,0.0019802235,0.03186459,-0.04189778,53.455795,1080.0
5950,168.8061601473673,172.4778900845814,0.008663771,0.00236353,0.03192393,-0.04225235,53.16414,1080.0
5951,168.8207473173058,170.14401295192113,0.008478913,0.0022803412,0.026533904,-0.047486708,56.809013,1080.0
5952,165.55520219206124,166.46363991401262,0.008923623,0.00093844376,0.025730727,-0.051201914,59.950977,1080.0
5953,160.49500957131045,162.33333151716346,0.008132878,0.0006293403,0.026404543,-0.05384185,62.684834,1080.0
5954,156.283012994484,159.55466070902145,0.00801985,0.00044776069,0.025319587,-0.055551767,64.16541,1080.0
5955,154.03774783228837,159.3232787521854,0.00827778,-0.00015439634,0.028230513,-0.054500155,63.81806,1080.0
5956,152.6571196982456,160.82508372684816,0.008742947,0.00090074894,0.028684432,-0.05301765,63.802715,1080.0
5957,150.16186719736527,161.81191969880868,0.009136454,0.0012225115,0.02993441,-0.050885066,62.250107,1080.0
5958,146.6305720348363,161.28372248940207,0.00838996,0.001711584,0.030288583,-0.05020232,61.798832,1080.0
5959,144.57409117650516,160.52764494471623,0.006869111,0.0019957083,0.03253739,-0.05110222,63.768795,1080.0
5960,144.69886769715967,160.29908506424104,0.0071636625,0.00191916,0.03308179,-0.050293505,63.271343,1080.0
5961,144.6900757923999,159.38006730212268,0.0065823025,0.0018169826,0.031750094,-0.0502197,63.474796,1080.0
5962,143.15082657484493,156.9582756393396,0.007967857,0.001862759,0.033477895,-0.050840195,64.061775,1080.0
5963,141.067311407972,153.6964493456061,0.007318002,0.0010012026,0.035708506,-0.049883947,64.12399,1080.0
5964,139.9984025752219,150.87632831424742,0.00763109,0.0008985166,0.034777492,-0.049618304,63.686977,1080.0
5965,140.9045649561052,149.83888574003828,0.0073998347,0.000769156,0.035922296,-0.048672233,63.00371,1080.0
5966,143.0881176277163,150.50897775914086,0.006246044,0.0005818685,0.036042728,-0.04747501,62.754185,1080.0
5967,144.0886231001392,151.03853214476575,0.0074614347,0.000964638,0.0383758,-0.04565031,62.42265,1080.0
5968,142.23762020781092,150.26398483549787,0.00650177,0.0010969092,0.038514823,-0.044102225,62.12955,1080.0
5969,138.80856754130406,149.02599688236464,0.007929879,0.0013793663,0.04032994,-0.040700614,59.915035,1080.0
5970,136.9469396349317,148.8621155212104,0.008553512,0.0016207942,0.03939746,-0.039747138,58.32718,1080.0
5971,138.3670929153209,149.7881861216297,0.0072447034,0.0017180266,0.039139245,-0.039106496,58.01091,1080.0
5972,141.491253443026,149.37870486560752,0.0059020994,0.001996132,0.040460885,-0.03861344,58.667305,1080.0
5973,143.48557899210545,146.00455657854118,0.0068669636,0.0023162558,0.041003928,-0.038253956,59.296207,1080.0
5974,143.09873109661763,141.88641159356948,0.0069298074,0.0026877227,0.041511197,-0.03762156,58.651077,1080.0
5975,140.86518501980015,140.0895815700457,0.007794585,0.0026361253,0.042711046,-0.03719748,59.137657,1080.0
5976,137.8041698472064,141.04456847953475,0.007351628,0.002851896,0.04128616,-0.036850173,58.0551,1080.0
5977,134.95966591880196,143.41467557349827,0.006831247,0.0027265195,0.041427612,-0.03577748,57.035133,1080.0
5978,133.29860544765955,144.781591619731,0.006556645,0.0028694435,0.040627543,-0.035176087,55.790646,1080.0
5979,132.830368635623,142.19449652782794,0.0060495446,0.0027939407,0.04127706,-0.035799522,55.55084,1080.0
5980,132.8364800767172,136.0654619837027,0.006465771,0.0026745265,0.0423632,-0.035668492,56.624863,1080.0
5981,133.5843710953975,131.9070959841135,0.0072914404,0.0021886756,0.041870344,-0.03480886,54.34992,1080.0
5982,135.99484726733536,134.8578768816277,0.005888932,0.0025833412,0.039328568,-0.037204348,56.115143,1080.0
5983,139.10453877028695,143.69843142354463,0.006134033,0.002838813,0.038575236,-0.036700554,55.685226,1080.0
5984,140.31948064884583,152.37728318450232,0.0058532716,0.0017602143,0.03782812,-0.036873825,54.15515,1080.0
5985,138.94020064225478,156.44582987445,0.0067241527,0.0015342713,0.038682498,-0.037391577,54.638103,1080.0
5986,137.24864811827024,156.4584222886758,0.006668882,0.0011674952,0.03833149,-0.03763306,54.216957,1080.0
5987,137.81923641746423,155.73721215536196,0.006103346,0.0022116767,0.039434306,-0.037916735,56.304737,1080.0
5988,140.99786981801418,156.27260809781018,0.0062113446,0.0025277596,0.038674474,-0.037230656,55.24018,1080.0
5989,145.02249003880695,157.69486335975773,0.0064350837,0.0018532929,0.038185686,-0.03791292,55.521225,1080.0
5990,148.13984467768702,159.35495191557555,0.0062232125,0.002219843,0.037597034,-0.037598137,55.583927,1080.0
5991,149.9852880841064,161.17899534553942,0.006711437,0.00286334,0.038535677,-0.03627633,55.476765,1080.0
5992,151.0074368749808,162.61821946413792,0.007065441,0.0029496935,0.038225133,-0.035358656,54.401115,1080.0
5993,151.5914855411606,162.77392507602565,0.0075769494,0.0028304488,0.040733904,-0.035453513,55.685505,1080.0
5994,151.83837069786813,161.7727638539019,0.00736587,0.0028889973,0.040144235,-0.035601582,54.9128,1080.0
5995,151.71632483548134,161.03957157840273,0.0058792112,0.0021606728,0.039107032,-0.037406214,55.29091,1080.0
5996,151.46680437759596,161.87007344997264,0.008316097,0.0026977255,0.041043203,-0.03541127,55.007385,1080.0
5997,151.6610792492195,163.64427025445406,0.008679538,0.002433664,0.040891293,-0.036406763,55.285065,1080.0
5998,152.45136040378847,164.35297250904972,0.0084390715,0.002013482,0.03982849,-0.037517548,55.589184,1080.0
5999,153.239093907326,163.74926306301694,0.00782595,0.0019734418,0.03996305,-0.03925767,56.88413,1080.0
6000,153.59985609932465,163.99954475594618,0.0071537723,0.0021175807,0.038166244,-0.039690655,56.010597,1080.0
6001,153.83728088300106,166.22032490793595,0.007559995,0.0018817477,0.038890414,-0.038695045,55.642323,1080.0
6002,154.30227129488966,168.79338313310566,0.007239787,0.0016704418,0.038444348,-0.03940749,56.026062,1080.0
6003,154.82273127083272,169.70193689592034,0.007413963,0.00080998737,0.038916413,-0.040086564,56.533863,1080.0
6004,154.9746412862087,168.64143950937836,0.0077239424,0.0016586869,0.03984121,-0.038215976,55.447437,1080.0
6005,154.77197926209516,166.75574322832102,0.007904165,0.0012499209,0.04045071,-0.038408265,55.229706,1080.0
6006,154.78272979748607,165.6700435647095,0.008325817,0.0010714778,0.04060183,-0.038989652,56.126846,1080.0
6007,155.35997786268726,166.22447949136293,0.00859748,0.0012147974,0.04199524,-0.038952325,56.756557,1080.0
6008,156.19260476799207,167.55670525454443,0.0083307335,0.00067342125,0.043153323,-0.037688278,55.078876,1080.0
6009,156.71871107886665,168.38098582091555,0.008978554,0.00065810594,0.042296458,-0.038391933,55.205112,1080.0
6010,156.8619597470351,168.22801551349585,0.008172268,0.0010817068,0.0408974,-0.03928556,55.302197,1080.0
6011,157.24765697642982,167.1958407076918,0.0084897075,0.0009899563,0.040441837,-0.039858896,56.66916,1080.0
6012,158.1507802790959,166.01535702613734,0.0082726935,0.0011828387,0.040315926,-0.04046682,57.732086,1080.0
6013,158.26455717010327,165.0670940118334,0.0074793496,0.001217284,0.040624436,-0.04091828,58.39064,1080.0
6014,155.94124309484903,163.3805517550305,0.007254989,0.0015575268,0.0403205,-0.0419398,59.10129,1080.0
6015,152.25051476144455,160.64109142579898,0.0074540316,0.0018218429,0.040778324,-0.0424558,60.05413,1080.0
6016,150.54486468782156,158.24247440924512,0.0076338593,0.0021544562,0.040930063,-0.043082654,61.018974,1080.0
6017,152.10591525362213,157.18140111062343,0.0072037308,0.0019083659,0.042168286,-0.042707883,61.222687,1080.0
6018,154.55988769785256,157.1067679943517,0.0077058016,0.0021095276,0.04305567,-0.04221601,61.44438,1080.0
6019,155.17690042836557,157.3666142863533,0.007288389,0.0018014413,0.04401053,-0.04120178,60.91762,1080.0
6020,154.0191210176422,157.86521430375203,0.0067685726,0.0020432083,0.043998774,-0.03911831,60.146294,1080.0
6021,153.222559584943,159.23005472124515,0.005472254,0.0025553384,0.044737753,-0.039111104,61.78874,1080.0
6022,154.1998596935639,161.86791258135267,0.007016104,0.0025252448,0.046170156,-0.037673272,61.183483,1080.0
6023,156.48038177255785,164.80000760637992,0.0070072883,0.0025172764,0.046063572,-0.036118202,60.83852,1080.0
6024,158.79241021943324,166.5462943097142,0.0054858173,0.0030908938,0.047937013,-0.034844633,61.58336,1080.0
6025,159.14192080140072,165.7061162723732,0.0020160817,0.0030010364,0.04504632,-0.033255514,60.81982,1080.0
6026,152.90307200559025,159.19145908514398,0.0029536495,0.0037259702,0.04792096,-0.032260384,62.15359,1080.0
6027,136.7826744813933,145.57846196788995,0.0018992106,0.0032170897,0.045356017,-0.032821175,60.969322,1080.0
6028,118.83353783276341,132.55985204866536,0.0016382288,0.0027538158,0.047028605,-0.035420764,63.680798,1080.0
6029,114.54928069680122,131.6030094899722,0.0022604484,0.0033914354,0.048901707,-0.037875142,65.15052,1080.0
6030,127.16892116422903,142.8163053210765,0.003725518,0.0017060174,0.04414051,-0.037719417,60.741943,1080.0
6031,142.2521490699857,153.96905713378132,-0.0016368724,0.00062654284,0.039726313,-0.04406275,63.968594,1080.0
6032,145.37385593657274,154.79910744425516,0.0006355568,0.0014455725,0.040902484,-0.045488175,65.19015,1080.0
6033,136.8572354537855,146.84678602445726,-0.002677861,0.0014820806,0.033558484,-0.04470551,62.870667,1080.0
6034,127.98651877723356,139.93958888023823,-0.0069137006,-0.0018891793,0.024788298,-0.04489373,58.599945,1080.0
6035,128.78658184495902,141.6008294547079,-0.0043303315,0.00065361307,0.0303937,-0.043275848,61.685524,1080.0
6036,140.49172066327154,150.86258975045834,-0.005460951,-0.0004798324,0.030039469,-0.04702513,63.422134,1080.0
6037,155.96511570399332,161.22127773145982,-0.004241378,-0.00040091056,0.030086828,-0.049025502,63.995663,1080.0
6038,165.61319701342418,167.15192785941466,-0.004175822,-6.4539025e-05,0.028318956,-0.048597153,62.81321,1080.0
6039,164.94011178792144,167.5781136107599,-0.004150504,0.00042026662,0.025637027,-0.046211865,60.298878,1080.0
6040,157.73183234861594,164.7483015522706,-0.0031275996,0.0010309855,0.025327556,-0.04416953,57.72773,1080.0
6041,151.6907812689279,161.6111712741442,-0.0022646303,0.0014999672,0.024437346,-0.04048219,55.02356,1080.0
6042,151.50818908299286,160.50247029126777,-0.0023740416,0.00025117662,0.025701338,-0.045466755,57.396015,1080.0
6043,155.65335235842034,161.7149012636492,-0.0051701297,-0.00067189534,0.02019269,-0.050656352,58.727104,1080.0
6044,158.8665017441099,161.90966441255864,-0.005315936,-0.001004537,0.015217082,-0.053842306,58.400787,1080.0
6045,157.53122946918575,157.00347115419612,-0.00539223,-0.0027221397,0.013674701,-0.054416712,56.516888,1080.0
6046,149.83031389003182,146.73142942068455,-0.0059535275,-0.0039687827,0.010509237,-0.050961502,51.755447,1080.0
6047,133.21930036819822,132.52820884116412,-0.0071211075,-0.0033878186,0.0071914108,-0.052586958,52.199253,1080.0
6048,110.48879863322574,114.29776832154965,-0.007236622,-0.0031899065,0.0062436704,-0.052770514,51.82854,1080.0
6049,93.149422095016,94.23109758442378,-0.0066789417,-0.0020383482,0.004932319,-0.051362157,50.954002,1080.0
6050,90.76405589060533,79.87368386743529,-0.005868304,-0.0011121114,0.0045526577,-0.047260594,47.172943,1080.0
6051,100.8418673879268,78.21663170917655,-0.004891629,-0.0007872405,0.0050851326,-0.046326645,48.3445,1080.0
6052,110.35589310115189,87.93747534354847,-0.0058738426,-0.00033120048,0.00031828703,-0.04542886,47.23759,1080.0
6053,108.62066009990137,100.45219442543764,-0.0067368117,-0.00024965074,-0.00014196325,-0.04324957,45.807713,1080.0
6054,99.2792696138771,106.90111436895901,-0.004630195,0.001023017,0.0018265336,-0.042181227,45.712482,1080.0
6055,95.25271675077721,104.78225378010231,-0.006652832,0.0006923252,-0.002380484,-0.044881582,46.63885,1080.0
6056,104.21349420724918,101.16548577170991,-0.0045524314,0.0008994491,0.0010293466,-0.044384286,47.8788,1080.0
6057,122.29280125378487,106.51544055388894,-0.005691415,0.00046875566,-0.0033478914,-0.047259916,50.076073,1080.0
6058,141.3755148917367,124.6488942999874,-0.0054345024,-0.00053408585,-0.0051331697,-0.053912777,56.89021,1080.0
6059,158.0061927010172,149.84788514191294,-0.005878138,0.00010573776,-0.007030911,-0.055697378,58.775234,1080.0
6060,171.24214591666745,170.86310997469675,-0.0062415227,0.00065906666,-0.009776476,-0.05712221,59.988785,1080.0
6061,178.22608111324354,178.61393526084998,-0.0057166205,0.0007785091,-0.009664578,-0.05729904,61.172073,1080.0
6062,176.4707452524415,172.34466896790937,-0.00666843,0.0013554043,-0.011235781,-0.059037045,63.007347,1080.0
6063,168.61465030897733,159.55101090947974,-0.0067307083,0.0014930725,-0.01333686,-0.059985522,64.15148,1080.0
6064,162.58704442677515,150.34256797754222,-0.0075370506,0.0012759456,-0.015503608,-0.05940789,64.714874,1080.0
6065,163.50030085684938,149.28569785881172,-0.0074760155,0.0011043125,-0.01642637,-0.05892362,64.125656,1080.0
6066,167.70428285922458,152.60110406448922,-0.007788877,0.001037965,-0.01646932,-0.058766343,63.83094,1080.0
6067,169.22029639867162,154.82175144374736,-0.007481893,0.00095036824,-0.015918534,-0.058686122,63.586483,1080.0
6068,168.12895280107378,155.56186180439715,-0.0074074073,0.0007924115,-0.017794121,-0.059044056,64.22079,1080.0
6069,168.6124365118756,157.61298211813747,-0.008269925,0.00083434494,-0.020153921,-0.05926313,64.36839,1080.0
6070,172.30953652375004,161.7771337192257,-0.008222566,0.00081255875,-0.020391958,-0.05841932,63.907833,1080.0
6071,176.75410135022545,166.47852143323794,-0.0082325125,0.000895154,-0.019782964,-0.05785774,63.5055,1080.0
6072,178.58398823492197,170.43141877793934,-0.008625624,0.00093078613,-0.019282814,-0.0571911,62.6553,1080.0
6073,177.02661356898713,173.5648648042914,-0.008616921,0.0009788796,-0.01888778,-0.057103984,62.490295,1080.0
6074,174.58241299046614,176.05795088566742,-0.0082386155,0.0007410685,-0.019124689,-0.055792406,61.576916,1080.0
6075,174.19950744749784,177.79703172276345,-0.007872518,0.0007835953,-0.018462231,-0.0552742,61.2368,1080.0
6076,176.22427456612823,178.68637668057733,-0.007994814,0.0009495488,-0.019422516,-0.054433893,60.351074,1080.0
6077,178.67545915807838,178.6746949171302,-0.0082382765,0.0009481077,-0.019085467,-0.054478455,60.280685,1080.0
6078,179.67624045704463,177.4637125235786,-0.008337289,0.0009118539,-0.018702867,-0.05424768,59.966446,1080.0
6079,178.99380440885756,175.0072135863101,-0.008420252,0.0007838214,-0.018161802,-0.054528214,59.931686,1080.0
6080,177.77294354071452,172.2943340492466,-0.0091508655,0.0005898652,-0.0181774,-0.054869447,60.160656,1080.0
6081,177.2268629204602,170.4600065690122,-0.009400431,0.00050899363,-0.018747853,-0.0550955,60.176643,1080.0
6082,177.63322067902584,169.6516456211698,-0.009855708,0.00015781543,-0.01726515,-0.055708114,60.495823,1080.0
6083,178.38383001344172,169.83902594128702,-0.010007053,-0.00032201697,-0.016115768,-0.05647648,60.9659,1080.0
6084,178.57800765068993,171.01957221863142,-0.01004763,-0.0005335207,-0.016308367,-0.056410924,60.72265,1080.0
6085,177.60090804550492,172.2579441808257,-0.010128784,-0.0007905748,-0.016172733,-0.056422397,60.48728,1080.0
6086,175.61883154782151,172.6123517159899,-0.009936297,-0.0009825813,-0.016232526,-0.05653011,60.385807,1080.0
6087,173.63895762231053,172.45366282215815,-0.009824286,-0.0008437545,-0.016573306,-0.056762554,60.32546,1080.0
6088,172.78141068552932,172.54226092871744,-0.009801907,-0.00073691475,-0.015525761,-0.05659544,60.018806,1080.0
6089,173.29514047760824,173.17109598123642,-0.009675655,-0.00041469999,-0.016599754,-0.056858685,60.142315,1080.0
6090,174.25560490897738,174.55568566567715,-0.009687296,-8.8642264e-05,-0.014746207,-0.057102345,60.552887,1080.0
6091,174.36699111486567,176.53970373321346,-0.009790943,-9.121365e-05,-0.01497181,-0.057201866,60.54041,1080.0
6092,173.22977426399376,178.27014348125925,-0.009808915,-6.3210944e-05,-0.015217534,-0.057733975,60.875793,1080.0
6093,171.41179155358566,178.8954849791988,-0.00928616,8.711638e-05,-0.014421816,-0.05738274,60.53278,1080.0
6094,169.31825161580488,178.23451532767672,-0.009635078,9.0252914e-05,-0.01497102,-0.057074312,59.70413,1080.0
6095,167.16113791565908,176.7993864217885,-0.009051966,-0.00015216404,-0.013655147,-0.056838453,59.42624,1080.0
6096,166.01885245270287,175.41799058802573,-0.008848628,-0.00016049985,-0.013771339,-0.0562207,59.258286,1080.0
6097,167.4161369036418,174.82159896394538,-0.00892594,-1.1444092e-05,-0.014014124,-0.055906534,58.953224,1080.0
6098,171.29748178310484,175.1779406257619,-0.008660324,-0.00018598768,-0.013636723,-0.055384714,58.143402,1080.0
6099,175.1958576604336,175.9299121786044,-0.008734357,-9.60456e-05,-0.013942012,-0.054559298,57.590527,1080.0
6100,176.29731267025088,176.43566868525036,-0.008890901,-0.00019658406,-0.013750543,-0.054215454,57.22777,1080.0
6101,174.29148980123992,176.680070775091,-0.009108027,-0.00031481142,-0.013314141,-0.054276783,57.287796,1080.0
6102,171.55974512175052,177.08758324826564,-0.009170871,-0.00012215508,-0.013938961,-0.05353977,56.831192,1080.0
6103,170.69259397646684,177.78266511586577,-0.009159795,-0.00010277077,-0.014018306,-0.05313722,56.595013,1080.0
6104,172.15558454495337,178.43900671564714,-0.008970698,-2.7691876e-05,-0.014856861,-0.052661557,56.304096,1080.0
6105,174.18683945174615,178.81465511134294,-0.008677165,-1.7038981e-05,-0.014918349,-0.052586675,56.13869,1080.0
6106,174.7565321794794,179.0236484124048,-0.00856052,5.255805e-05,-0.015077831,-0.05235367,55.90724,1080.0
6107,173.3903138881518,179.1525413321536,-0.0087087,0.00015306826,-0.015908021,-0.052187376,55.600903,1080.0
6108,171.1856367921335,178.88045272258157,-0.008864565,0.00028104428,-0.016385792,-0.051374167,54.954525,1080.0
6109,169.59036503167496,177.88078270071085,-0.008916898,0.00019921197,-0.016426595,-0.050772972,54.59995,1080.0
6110,169.36767971366064,176.51301515910365,-0.008961882,0.00012068572,-0.01583625,-0.050653078,54.306572,1080.0
6111,170.44180917227376,175.60254597707373,-0.0087630665,0.00019302368,-0.016075304,-0.050294694,53.604156,1080.0
6112,172.17969936998398,175.58170639342518,-0.0084991455,0.00032365587,-0.01721135,-0.049399707,52.968803,1080.0
6113,173.60293418384876,176.15612723494007,-0.008701805,0.00018810696,-0.017432319,-0.04846464,52.21138,1080.0
6114,173.9192919622672,176.64577315150947,-0.00864077,0.0003258034,-0.018063128,-0.048432358,52.253723,1080.0
6115,173.24365207240055,176.6461080037682,-0.008424095,0.0003133703,-0.018381415,-0.048433345,52.316517,1080.0
6116,172.48702353077553,176.47749989794696,-0.008445119,8.104112e-05,-0.018676758,-0.047749344,51.94232,1080.0
6117,172.4844234880272,176.76077550567524,-0.008281341,0.00031156186,-0.018483141,-0.048070032,52.173435,1080.0
6118,173.26529477480645,177.60469332318505,-0.008357974,2.7720134e-05,-0.018185765,-0.047628134,51.734287,1080.0
6119,173.94275059525805,178.45854957670716,-0.008484565,5.11452e-05,-0.017887596,-0.0466261,51.1796,1080.0
6120,173.54272651460784,178.70492787680388,-0.008317849,0.0003737838,-0.01769251,-0.046767496,51.56483,1080.0
6121,172.08481523378686,178.32866865792093,-0.008234773,0.0002500746,-0.01603337,-0.045042872,50.101475,1080.0
6122,170.49006364835395,177.9274189222895,-0.008068057,0.00045507925,-0.015540568,-0.044717945,49.469707,1080.0
6123,169.60020186514356,178.00121770031896,-0.008082637,0.00032306247,-0.015863376,-0.04425238,49.168285,1080.0
6124,169.61405941820001,178.42995695248712,-0.0078943325,0.0003116749,-0.015385267,-0.04417079,49.041687,1080.0
6125,170.1414663154091,178.76771972451624,-0.00780278,0.00036612616,-0.016055185,-0.044056475,48.94493,1080.0
6126,170.5965143430592,178.8552842173597,-0.007929484,0.00047678064,-0.016504133,-0.04376191,48.58434,1080.0
6127,170.8021422320015,178.92458589944482,-0.007837593,0.0005938212,-0.017574169,-0.043156378,48.140865,1080.0
6128,170.98575880134507,179.1753866177536,-0.008047486,0.0003998933,-0.017605817,-0.042345315,47.11891,1080.0
6129,171.05113218707487,179.50840686939543,-0.008024653,0.00048390141,-0.017672956,-0.041713122,46.698692,1080.0
6130,170.74673325623473,179.6582309800858,-0.0076869256,0.00015583745,-0.019135991,-0.040902145,46.06254,1080.0
6131,170.37986339270344,179.4662535940518,-0.007520322,0.0002524058,-0.017727323,-0.04079464,45.4788,1080.0
6132,170.43822550839417,179.06274047504544,-0.007891959,0.00017378066,-0.017316353,-0.040942058,45.57027,1080.0
6133,171.13871543776003,178.6806061146911,-0.0077790436,0.00026729726,-0.017226947,-0.040618867,45.410748,1080.0
6134,172.4802213214968,178.28631318729688,-0.00764714,0.00027502555,-0.016872942,-0.040396187,45.13075,1080.0
6135,173.93053296206628,177.71707608463106,-0.008044773,3.9432667e-05,-0.015923394,-0.040085416,44.85873,1080.0
6136,174.63908918843296,177.04524264439777,-0.0076341415,-0.00013820507,-0.014418425,-0.039967656,44.493263,1080.0
6137,174.63626076163126,176.42456924478984,-0.007521114,-6.71528e-05,-0.014620294,-0.039477665,43.816246,1080.0
6138,174.91493076020765,175.95828419824255,-0.0074598524,-8.8062996e-05,-0.0136609115,-0.039674588,43.975838,1080.0
6139,175.95578047956914,175.87990989833617,-0.0076692933,-0.00020569695,-0.013973321,-0.03963469,43.73135,1080.0
6140,177.2452270639313,176.32342947204708,-0.007549484,-0.00023772629,-0.01282213,-0.03950964,43.330376,1080.0
6141,178.13727403144776,176.98124667520258,-0.007387175,-0.00019966408,-0.013431916,-0.039061144,42.579704,1080.0
6142,178.35507151237903,177.464901462878,-0.0072478116,-0.00018971761,-0.012667847,-0.03884451,42.29325,1080.0
6143,178.10159812302186,177.80043733455506,-0.0069520175,-0.0001498187,-0.012277448,-0.038873374,42.219482,1080.0
6144,177.9015274217426,178.1482735929492,-0.0069637722,-0.00021852565,-0.011617929,-0.03899457,42.332733,1080.0
6145,177.9536935895563,178.36551148963395,-0.0067672166,-0.0002722281,-0.011020576,-0.03904977,42.357567,1080.0
6146,178.07109124907737,178.23001263293722,-0.006881827,-0.0003258458,-0.010878839,-0.039084285,42.31126,1080.0
6147,178.26437702909914,177.84040317572175,-0.006729465,-0.000324659,-0.010817238,-0.038935203,41.996304,1080.0
6148,178.6206285252044,177.5932074108182,-0.006705277,-0.00028786834,-0.010409546,-0.038610883,41.494465,1080.0
6149,178.84883431917632,177.80181135699152,-0.006792761,-0.0003788277,-0.009182965,-0.03870734,41.155033,1080.0
6150,178.5334076098299,178.38889795784186,-0.0064719873,-0.00046533655,-0.009502269,-0.038565487,40.826824,1080.0
6151,177.81017088255362,179.01242327725754,-0.006342344,-0.0004048948,-0.009425975,-0.0379277,40.13368,1080.0
6152,177.44591814554036,179.3861715918404,-0.006495045,-0.0004095996,-0.008535202,-0.038015366,40.041443,1080.0
6153,177.9464085724597,179.4086621569264,-0.0064375135,-0.00037097224,-0.008622911,-0.037596907,39.631294,1080.0
6154,178.81332529095448,179.20970226690125,-0.0064098216,-0.00024893018,-0.008266646,-0.03776518,39.639187,1080.0
6155,178.91833658137824,179.091212456709,-0.0061594644,-0.0002828951,-0.008511352,-0.0369467,38.56735,1080.0
6156,177.70057917012056,179.19631797723497,-0.006088822,-0.0002887302,-0.008846255,-0.03689907,38.416508,1080.0
6157,176.00165852044984,179.39504299048207,-0.0059792977,-4.3148466e-05,-0.009802133,-0.03628536,37.873447,1080.0
6158,175.27547729496973,179.55852035392164,-0.00594132,-9.303623e-05,-0.009079545,-0.036138013,37.64671,1080.0
6159,176.0160229026634,179.65662130056407,-0.005850898,-0.00019777086,-0.008576231,-0.035668395,37.195,1080.0
6160,177.41398435991977,179.6818606494526,-0.0059186015,-0.00020911606,-0.008758771,-0.035096318,36.578606,1080.0
6161,178.33750037691163,179.6462839959409,-0.0056120697,-0.0003077048,-0.007792381,-0.033721413,35.671925,1080.0
6162,178.27179027221166,179.52623217157316,-0.005642135,-0.0001528422,-0.0069613988,-0.033738807,35.433537,1080.0
6163,177.37434193923616,179.1773329542148,-0.0057148123,-0.00019668296,-0.0070817736,-0.03425595,35.705444,1080.0
6164,176.00553429071616,178.3321363127077,-0.005101409,-0.00038466277,-0.0070449263,-0.032597423,34.617203,1080.0
6165,174.45317552322578,176.82848726879104,-0.005106043,-0.0004589081,-0.006728448,-0.0323235,34.27695,1080.0
6166,173.05705331392767,174.84234638325427,-0.004911861,-0.00092687254,-0.0057154903,-0.030681074,32.64725,1080.0
6167,172.3092379166214,172.84449870445425,-0.0049056443,-0.00036989848,-0.0048621283,-0.030957581,32.6605,1080.0
6168,172.37608347472795,171.17667291704774,-0.005187875,-0.00048489042,-0.0059221056,-0.03125896,33.12204,1080.0
6169,172.47579169380714,169.21688960366893,-0.004550849,0.00020856503,-0.005833944,-0.029736526,31.474293,1080.0
6170,171.7087240519719,166.44204681263142,-0.004270992,-0.00033909833,-0.007236622,-0.03143692,33.109154,1080.0
6171,171.06431657393392,164.67532001933853,-0.004216286,3.937615e-05,-0.010267809,-0.028068287,29.999508,1080.0
6174,172.60650834568952,164.78325231272845,-0.02064308,-0.011485064,0.023585849,-0.08383292,95.56971,1080.0
6175,175.77995530576842,161.09251147729134,-0.019813623,-0.0059920135,0.028633682,-0.07849367,100.48331,1080.0
6176,176.87333843747726,146.2814985514466,-0.02131907,0.0050510266,0.03828207,-0.05647337,106.3877,1080.0
6177,172.82717198742617,122.56198113799168,-0.023146905,-0.0010439273,0.055570163,-0.07821045,122.85475,1080.0
6178,164.57048940476028,102.04076061389576,-0.029355282,-0.0009139167,0.0418988,-0.082587264,119.074776,1080.0
6179,156.453746743939,95.3962279185157,-0.033813108,-0.00045346862,0.04796897,-0.07531518,123.39983,1080.0
6180,152.28551355461963,102.62049194920417,-0.03220164,-0.002806939,0.048249308,-0.07432222,123.529,1080.0
6181,152.31425894678313,114.65676096965915,-0.030684916,-0.001086002,0.06635477,-0.079741105,132.5985,1080.0
6182,154.403051180503,122.50427417120227,-0.029302074,0.0011614482,0.0955472,-0.08473743,152.5697,1080.0
6183,157.07664581417717,123.19003199105727,-0.021135937,0.00178217,0.13110891,-0.08194767,172.67473,1080.0
6184,160.52189633355795,118.6185883701139,-0.020387974,-0.0020530135,0.13807583,-0.083382614,180.81116,1080.0
6185,164.943837858368,112.56264374687285,-0.02474303,-0.0034322385,0.13855128,-0.08362811,187.87286,1080.0
6186,168.9233791692336,108.84650063591039,-0.026992572,-0.004643193,0.1450074,-0.07744075,194.42973,1080.0
6187,170.3869440106914,109.62811687515857,-0.030348629,-0.003240543,0.12802175,-0.07185971,193.56966,1080.0
6188,168.99286175038367,114.55620401142134,-0.0321874,-0.009271325,0.13505463,-0.069921084,182.14409,1080.0
6189,166.14569674706257,121.4901901952293,-0.03137173,-0.009707613,0.11730149,-0.065077946,175.24239,1080.0
6190,162.85237375191,127.77090952848297,-0.031475406,-0.0112788165,0.11892372,-0.06954625,174.29967,1080.0
6191,158.8841404083107,131.89612947380306,-0.013311711,-0.009191725,0.17878856,-0.06664869,214.96407,1080.0
6192,153.25115737368037,133.97111309443005,-0.013979283,-0.011087488,0.17365883,-0.06674556,211.69626,1080.0
6193,145.2416754536084,133.70897619037316,-0.009970912,-0.015519262,0.18840231,-0.07070357,221.46649,1080.0
6194,136.83729342554278,130.1626880755804,-0.008818563,-0.014710434,0.19632365,-0.071541876,230.5376,1080.0
6195,132.85983154898858,125.22733676690797,-0.0066835755,-0.012352498,0.21781254,-0.06717662,259.39087,1080.0
6196,134.87981904069983,123.88817122146385,-0.0035035592,-0.017809663,0.2077491,-0.08681578,265.2597,1080.0
6197,137.02220607391507,128.62444363105115,-0.0012402005,-0.020213714,0.19912748,-0.105362415,247.4179,1080.0
6198,132.68511367677493,137.18817558551493,0.0018346716,-0.024279334,0.1920561,-0.12730388,256.94876,1080.0
6199,122.55513251100027,146.4451130178659,0.016358495,-0.014721171,0.2401465,-0.1304423,273.3045,1080.0
6200,110.1569795787167,154.86007670475098,-0.016026193,-0.01253744,0.16809353,-0.110577874,211.09901,1080.0
6201,94.67185143219099,162.11485373160656,-0.01523754,-0.009188786,0.18815048,-0.10716993,222.62122,1080.0
6202,80.49532029329715,168.4436219460913,-0.007151512,-0.010656654,0.14220066,-0.0845162,177.89705,1080.0
6203,84.7960949271113,173.3560035423471,-0.0029153894,-0.005311641,0.15533052,-0.06137102,177.60023,1080.0
6204,115.63813515155005,175.25842426469285,-0.004587866,-0.017360065,0.16952729,-0.07397249,193.78818,1080.0
6205,153.6225088645884,173.78472287749443,-0.0062235515,-0.009344172,0.13501349,-0.052604817,148.53552,1080.0
6206,171.7928451662601,170.67446925076078,-0.013721381,-0.027246546,0.09325686,-0.06789556,114.19329,1080.0
6207,162.67658246699384,166.24339113379588,-0.0020157425,-0.013224623,0.082304776,-0.05160938,97.32378,1080.0
6209,138.9787258050671,157.82037762416417,-0.01046233,0.00441903,-0.16695851,-0.06988325,187.32753,1080.0
6210,118.74869384953872,144.32711558002757,-0.009621401,0.0024763602,-0.16410285,-0.0710697,188.82304,1080.0
6211,112.51101028432171,129.94493463602106,-0.007607241,0.0022130895,-0.17153388,-0.07096665,200.96959,1080.0
6212,118.3028673226847,121.01307968596441,-0.008106034,0.0053654425,-0.17755172,-0.064129755,205.97102,1080.0
6213,127.01549540834658,120.10706374411878,-0.009528718,0.0032763162,-0.1858507,-0.058517117,208.37842,1080.0
6214,131.6975085005635,124.19385778870281,-0.018156264,0.0042163143,-0.2013873,-0.054968912,202.1584,1080.0
6215,131.38010794317964,128.4220025296942,-0.021471038,0.0029533103,-0.20316264,-0.054853424,196.04291,1080.0
6216,128.7924097595614,130.3956071561511,-0.025510887,0.0006489224,-0.20402764,-0.059476245,187.97386,1080.0
6217,126.34673990327084,130.5536350399305,-0.026901245,0.0013268082,-0.20349178,-0.05886725,190.03189,1080.0
6218,124.00788498347067,130.57248346035632,-0.03526747,0.003289569,-0.20763765,-0.058628224,184.8597,1080.0
6219,121.09195274833436,132.35271382310518,-0.034563642,0.0031313014,-0.20693947,-0.05762247,177.64406,1080.0
6220,119.16970926026438,136.73706128858575,-0.03250043,0.010322486,-0.20173351,-0.05139101,177.83281,1080.0
6221,120.99530093387374,141.93177328841875,-0.030082533,0.010460521,-0.20438379,-0.051042628,181.34937,1080.0
6222,127.1815806280249,144.67237952380577,-0.028421134,0.011340021,-0.20862438,-0.051260885,193.40501,1080.0
6223,135.56819131783172,144.3701943908609,-0.01998438,0.013034708,-0.20669839,-0.0535822,208.61649,1080.0
6224,143.04316338623002,144.22013217534075,-0.017949648,0.008821812,-0.20758045,-0.058040507,210.0047,1080.0
6225,147.3855011083509,147.2874771994378,-0.018712023,0.007491896,-0.19314349,-0.053775392,195.96516,1080.0
6226,148.18696807427796,153.06909149324522,-0.018750226,0.004055419,-0.19975157,-0.056516208,194.04776,1080.0
6227,146.61849399565622,157.84931109415146,-0.010920432,-0.0037949455,-0.18903458,-0.07212841,194.41931,1080.0
6228,144.36321182600926,157.89751596588636,-0.015509712,-0.011466923,-0.18590268,-0.09148828,200.59088,1080.0
6229,138.7483624966277,149.51524799782808,-0.015393405,-0.0040014195,-0.20312138,-0.0798066,203.05554,1080.0
6230,119.41339681156703,128.85254503110423,0.01425883,-0.02167901,-0.16318083,-0.11902098,206.48537,1080.0
6231,83.44099444448717,102.86425355188138,-0.005355948,-0.0019452695,-0.17255414,-0.0767358,198.3819,1080.0
6232,50.760137847680255,90.68661999362298,-0.017334888,0.0059207208,-0.20838238,-0.07128265,226.52441,1080.0
6233,46.576122548825374,101.549386465157,-0.020199247,0.005217856,-0.21061227,-0.08500818,226.51628,1080.0
6234,73.77055850912453,125.54096828295465,-0.02596865,0.0020526745,-0.20550418,-0.0847092,209.7521,1080.0
6235,111.88899643640481,147.61355925135416,-0.028466685,0.0037033928,-0.21227501,-0.080863304,208.11844,1080.0
6236,137.50458967719143,158.3243499462034,-0.030717751,0.0027817055,-0.19808865,-0.079453446,190.89136,1080.0
6237,142.2262689533498,156.22288116932256,-0.024959762,0.0022726553,-0.1849142,-0.070145726,182.2312,1080.0
6238,133.64301509330653,147.12496503612658,-0.031712625,0.0014849062,-0.19828762,-0.06320744,184.01118,1080.0
6239,123.68806030708231,139.15274591359838,-0.032784697,0.006082323,-0.18048215,-0.059668534,163.89627,1080.0
6240,118.48489516846729,136.61322734508278,-0.031570546,0.0049087526,-0.17622454,-0.05548723,157.97826,1080.0
6241,115.4194549644027,138.74257812161565,-0.031436495,0.00092459784,-0.18004072,-0.05555067,155.86754,1080.0
6242,106.7952559507898,142.66061120397296,-0.030787038,-0.00022492585,-0.17071624,-0.058543142,147.8827,1080.0
6243,91.38406247972735,145.98004205473293,-0.028113019,-0.0025013394,-0.16907981,-0.07384672,154.7078,1080.0
6244,80.98070930059137,147.68655316751062,-0.02475326,-0.004130102,-0.16720219,-0.07765585,157.54257,1080.0
6245,86.31315348011051,147.62616019725147,-0.026563404,-0.002774387,-0.166929,-0.07806371,158.4348,1080.0
6246,102.78898309579544,146.4012799625559,-0.028800117,0.0064650644,-0.1726693,-0.066936836,159.36163,1080.0
6247,118.22564137132521,146.07993041795868,-0.02897644,0.008419884,-0.18174066,-0.064413935,166.10808,1080.0
6248,127.24406941577992,148.29430791251593,-0.03955666,0.016921433,-0.1762719,-0.03200825,140.13602,1080.0
6249,133.643084033991,151.78366148884191,-0.03360935,0.01370454,-0.18676068,-0.03804872,151.61946,1080.0
6250,142.17024223589226,154.68639297654673,-0.0328715,0.013165001,-0.18504775,-0.036642626,150.81966,1080.0
6251,151.67750774111636,156.40949985081625,-0.03131454,0.0130766975,-0.1845927,-0.033872675,149.87825,1080.0
6252,157.80986189085084,155.8169434809451,-0.03303799,0.015443138,-0.18171121,-0.040509034,152.46846,1080.0
6253,159.2009704227201,151.63298759608753,-0.025981989,0.017534949,-0.1843841,-0.039362334,164.06615,1080.0
6254,157.84716713850807,143.30905149876722,-0.022750063,0.011978432,-0.19130136,-0.040610164,179.75508,1080.0
6255,155.45947531771645,132.08454861420876,-0.022850659,0.011256522,-0.19674343,-0.04540154,191.71152,1080.0
6256,152.44703912556304,124.97286208383039,-0.023633717,0.010980535,-0.1932229,-0.05063708,188.50063,1080.0
6257,148.3779887011071,130.54993369932117,-0.02619821,0.00025120488,-0.20725402,-0.08025463,191.62653,1080.0
6258,138.66734927688407,146.64921964506473,-0.0168448,-0.014331026,-0.19255795,-0.102506734,194.80821,1080.0
6259,116.38265885656695,158.3450015722801,-0.020799313,-0.006132394,-0.19207165,-0.08586266,184.57082,1080.0
6260,85.93910785648302,150.61154773460876,-0.018548472,0.0036335697,-0.19756232,-0.0670576,185.5848,1080.0
6261,64.54979978650574,126.57934852523577,-0.023093104,0.004986007,-0.18421088,-0.0663656,169.9956,1080.0
6262,62.09761068392862,107.44730023090668,-0.02313221,0.004360312,-0.18549442,-0.06587716,159.9235,1080.0
6263,69.92255252245069,103.86008382262912,-0.030470671,0.0039121555,-0.15988465,-0.058165234,130.50116,1080.0
6264,76.13896370505114,105.88265471450579,-0.027545054,0.006562353,-0.12504719,-0.053528313,101.62181,1080.0
6265,83.17851385321613,107.68435666886161,-0.039914507,0.00812231,-0.14146051,-0.056001183,118.56874,1080.0
6266,98.56166395200077,115.47097643343098,-0.030367363,0.0043983175,-0.14688088,-0.0672502,141.24672,1080.0
6267,119.0360842615272,130.04666878142362,-0.03456918,0.010039294,-0.16040073,-0.06553779,139.21732,1080.0
6268,135.63200428226065,140.39537974636153,-0.027119841,0.018204357,-0.15927847,-0.046460837,152.32,1080.0
6269,143.93644832753967,138.04524349364794,-0.016729398,0.012585449,-0.14715847,-0.047131505,157.29187,1080.0
6270,145.06267055438306,130.23486037671438,-0.025324164,0.0130446255,-0.1635124,-0.053219464,160.1959,1080.0
6271,143.69079008545953,131.16633249182257,-0.020625249,0.014168351,-0.16093536,-0.05675197,166.08397,1080.0
6273,144.7824977040139,143.81037361747798,-0.042770952,-0.00752798,-0.06365967,-0.1302874,138.85692,1080.0
6274,148.0515277143171,157.70397820614397,-0.04102964,-0.00601541,-0.065581255,-0.14461474,150.7846,1080.0
6275,148.13676572389335,162.51119498046117,-0.042017166,-0.006749697,-0.07788549,-0.11341483,122.29004,1080.0
6276,142.93597956087342,158.46782137172525,-0.04565972,-0.0054719714,-0.08588008,-0.08403652,92.332855,1080.0
6277,138.50552779366973,153.6321335384757,-0.04792096,-0.0043624598,-0.09924548,-0.06927826,81.029274,1080.0
6278,142.38312672558655,154.55203540024138,-0.04694881,-0.006323836,-0.10368437,-0.054775167,65.503685,1080.0
6279,154.09520808576767,160.8524777840011,-0.048767317,-0.0063692164,-0.10966848,-0.056083057,64.92151,1080.0
6280,165.84739896661944,166.9761528561656,-0.049337767,-0.0025614703,-0.11395648,-0.059856825,65.3255,1080.0
6281,170.9037646918581,168.52567593121958,-0.048304692,-0.00093372486,-0.10375666,-0.04694981,58.877823,1080.0
6282,168.4636890077263,166.00865556850667,-0.047941588,0.009474691,-0.10854888,-0.05787636,72.78494,1080.0
6283,162.51069866636055,157.63663138468445,-0.04275332,0.008953886,-0.10394818,-0.041389663,78.60116,1080.0
6284,158.34657790156197,136.4504368177932,-0.043781422,0.011333692,-0.112069026,-0.03440105,77.97034,1080.0
6285,158.6768872630324,110.13005686202777,-0.042855836,0.0066187256,-0.118736945,-0.039875764,89.127945,1080.0
6286,161.0913097439953,105.0912723241768,-0.03948319,-0.002184126,-0.09682758,-0.066238485,89.411674,1080.0
6287,160.61046282845933,131.10326927028186,-0.039957684,0.00045072768,-0.09831419,-0.058413584,83.915855,1080.0
6288,156.28292146609317,165.5272445958585,-0.03971117,0.0024609885,-0.09869662,-0.057435423,78.30407,1080.0
6289,152.77864921893462,182.51091669374017,-0.039356146,-0.0004250138,-0.099291936,-0.053306635,72.2092,1080.0
6290,154.05667000714377,178.39731840716937,-0.040054433,-0.0018118965,-0.09790017,-0.06469181,70.81058,1080.0
6291,158.83497123304684,167.2678479423557,-0.040517624,0.000694501,-0.09612432,-0.060454432,72.26378,1080.0
6292,163.0745655128012,162.68752662695138,-0.040410474,0.0014086971,-0.09077007,-0.048832987,61.671608,1080.0
6293,164.21216066849863,166.41263726292885,-0.044767365,0.0008850663,-0.095636554,-0.051352113,67.51664,1080.0
6294,162.57034491919168,171.61514994242555,-0.043987244,0.0009536743,-0.091664635,-0.045676664,63.2506,1080.0
6295,160.07359179563738,172.87694947963956,-0.043548018,0.001399782,-0.087059304,-0.04111735,57.87328,1080.0
6296,158.66088917183737,171.13471106480665,-0.04346924,0.0029191335,-0.081696235,-0.028248554,52.06275,1080.0
6297,159.8288469970781,170.3638634308369,-0.041942906,0.0035168824,-0.07801299,-0.028206013,52.13151,1080.0
6298,164.18390200239983,172.0038411807868,-0.040311687,0.0030183438,-0.0728814,-0.022743635,41.82091,1080.0
6299,170.3775778321844,173.81940061743768,-0.04030762,0.00067336473,-0.07117716,-0.026416793,43.29662,1080.0
6300,175.41994884783813,173.2873932780247,-0.041283615,-0.00087168656,-0.0663277,-0.03441247,46.58716,1080.0
6301,177.43169529302665,170.34663843246375,-0.039104998,-0.0013931557,-0.060943376,-0.037108853,49.275326,1080.0
6302,177.41872416338308,167.01762661519757,-0.039147045,-0.002712066,-0.061534967,-0.0401335,50.32526,1080.0
6303,177.37912136261477,165.48373017966097,-0.038472608,-0.0031750149,-0.062358487,-0.043638553,51.00779,1080.0
6304,177.65584842975792,166.3037494500538,-0.040879652,-0.0068504475,-0.055360243,-0.048816103,57.55105,1080.0
6305,176.90749578315396,168.01712464874444,-0.04210759,-0.0077736326,-0.0600335,-0.049337402,55.428677,1080.0
6306,174.17890001760904,168.66552020857338,-0.039221868,-0.009246826,-0.05757582,-0.046943836,52.607773,1080.0
6307,170.341787726357,167.6460586747089,-0.03777658,-0.010080365,-0.060212933,-0.04504564,51.709396,1080.0
6308,167.42482708049525,165.8677268021391,-0.036149483,-0.01007641,-0.054769672,-0.049896155,54.787045,1080.0
6309,167.04711674200493,164.71213137304295,-0.03886357,-0.0074617737,-0.056660857,-0.054517392,55.630844,1080.0
6310,169.35325128366378,165.32018455219236,-0.037468523,-0.0031424204,-0.060308497,-0.0630946,54.199604,1080.0
6311,172.6176278331443,167.7087327943578,-0.03892014,-0.003637215,-0.061902646,-0.064623885,55.02522,1080.0
6312,174.1779295947809,170.14956126878275,-0.03146628,-0.003877131,-0.05704634,-0.07075034,58.701843,1080.0
6313,172.92558044777212,171.3159827771741,-0.032683592,-0.004919674,-0.062638685,-0.07425988,64.567635,1080.0
6314,170.49984547233984,172.43456617081236,-0.03278266,-0.0050777155,-0.052721433,-0.077957705,67.49354,1080.0
6315,169.14680622162987,174.8572185651088,-0.032051936,-0.0062267305,-0.04982294,-0.08601618,74.02467,1080.0
6316,169.3846517282268,177.4955519796846,-0.032182537,-0.0068052644,-0.048695035,-0.0927253,78.68793,1080.0
6317,170.6358178193975,178.72609284176337,-0.032138344,-0.0076463064,-0.041971844,-0.09413644,82.05332,1080.0
6318,172.74647498037277,178.64661356397838,-0.032481723,-0.010425426,-0.042789828,-0.09483059,83.37747,1080.0
6319,175.4580298652025,177.082259032866,-0.034778737,-0.008309089,-0.043815613,-0.09211652,80.27964,1080.0
6320,177.50097378987724,170.11724117023505,-0.033122085,-0.0089807585,-0.041191384,-0.08731479,77.749275,1080.0
6321,177.61117281076775,154.23715210261312,-0.031887196,-0.01228187,-0.041146453,-0.06689515,60.602448,1080.0
6322,175.80165984550916,135.6250031952751,-0.030605797,-0.01222068,-0.03955451,-0.051986933,51.94661,1080.0
6323,173.25369720917277,127.42604592922851,-0.03436432,-0.013273804,-0.043061152,-0.054792434,51.111538,1080.0
6324,171.52827539728443,135.40587875434824,-0.030426478,-0.012899653,-0.031284418,-0.056598973,54.603672,1080.0
6325,171.56616651221032,151.85231701802016,-0.031397387,-0.013884763,-0.018986398,-0.07366668,68.16629,1080.0
6326,173.04051187774283,163.97794539573164,-0.030729732,-0.009864722,-0.018593626,-0.07885748,77.74029,1080.0
6327,174.9019832319765,165.6227477927745,-0.031367492,-0.010329776,-0.019528763,-0.07531316,77.09353,1080.0
6328,176.39821105027596,160.72684919726836,-0.030166062,-0.009416594,-0.010529808,-0.07716469,83.87294,1080.0
6329,177.31424555134325,156.8535700423464,-0.029391536,-0.007510941,-0.0039985375,-0.073500864,93.607216,1080.0
6330,177.61733156142478,157.55833626105232,-0.030627554,-0.0101714805,-0.0015111287,-0.07457495,85.87069,1080.0
6331,177.4085302825491,161.36068984760374,-0.03125938,-0.014099658,0.005795175,-0.07781002,97.29854,1080.0
6332,177.0873367979813,164.98718124383242,-0.029393401,-0.015268962,0.020408291,-0.09127248,114.31968,1080.0
6333,177.12057945670298,166.12470983824895,-0.026329605,-0.015367126,0.025613856,-0.09558974,106.52375,1080.0
6334,177.57650254680783,165.1585498422881,-0.026939223,-0.018234478,0.00830485,-0.08815967,89.32949,1080.0
6335,178.06673287452418,164.81842796108165,-0.02549738,-0.016856413,0.013845316,-0.083773464,82.37853,1080.0
6336,178.1241039736998,167.09081892123243,-0.02261799,-0.016405318,0.020845767,-0.07974937,82.171906,1080.0
6337,177.48969499520163,171.37715676637433,-0.020096729,-0.015427427,0.0060143364,-0.06793082,62.709503,1080.0
6338,176.40987875503413,175.16398719555414,-0.014308449,-0.0009941101,0.031684875,-0.043543044,79.5202,1080.0
6339,175.45398037981377,175.15869637914625,0.00038887307,0.006321773,0.06984145,-0.057150014,105.75653,1080.0
6340,174.4991473481497,170.3907044481151,-0.00023487232,-0.0025216278,0.07108086,-0.06919782,104.578156,1080.0
6341,172.703850226284,164.2258123306673,-0.008007812,-0.009624199,0.06216001,-0.0828847,107.14747,1080.0
6342,169.6202475073138,160.7938605121051,-0.011271046,-0.014964323,0.051751822,-0.083502084,101.22341,1080.0
6343,165.3941410993079,161.72166845068767,0.008057319,0.0040447377,0.08565482,-0.0511697,106.84752,1080.0
6344,160.22534654090168,166.35377847915572,-0.008672982,-0.009561016,0.058583803,-0.05314749,93.707756,1080.0
6345,154.24022438282265,171.73708362488645,-0.012862933,-0.008061529,0.044867564,-0.06779966,94.464806,1080.0
6346,147.82010468334371,173.64041522149063,-0.014417804,-0.009430355,0.04589612,-0.074015215,97.84639,1080.0
6347,142.78921912589874,169.52896946676665,-0.014780285,-0.00941114,0.05063578,-0.075130776,103.742256,1080.0
6348,142.8138876914249,159.87904322720325,-0.017781124,-0.007917136,0.037668526,-0.06624072,95.8383,1080.0
6349,148.8679069076612,146.97575476641146,-0.017671486,-0.0032591927,0.058655914,-0.054432284,112.75728,1080.0
6350,154.50406045954415,132.84900341918512,-0.015316151,-0.00089173496,0.06723328,-0.05691336,114.71709,1080.0
6351,152.14245973060628,118.50467726937566,-0.012967032,-0.0014367562,0.06948903,-0.06404035,117.27067,1080.0
6352,143.7742489826332,105.57785416825894,-0.016022632,-0.0031585975,0.066334814,-0.06239254,117.17603,1080.0
6353,138.74093246636485,97.1672858878272,-0.01741463,-6.8381983e-06,0.07586156,-0.05279456,118.708496,1080.0
6354,142.2021109084897,95.888203488985,-0.023772798,-0.0032927336,0.06643213,-0.053776976,115.6698,1080.0
6355,150.88414255718425,101.73528226715017,-0.025426116,-0.004352598,0.08565606,-0.05720297,131.66905,1080.0
6356,158.58751623890157,111.46209897376674,-0.027804,-0.0049826447,0.103689805,-0.059743557,146.98872,1080.0
6357,162.3712318962392,119.96798230841524,-0.01970085,-0.0060922974,0.12650938,-0.05322955,161.02318,1080.0
6358,163.74016567510407,123.63255497882777,-0.02239137,-0.006047058,0.13286269,-0.053471036,166.0462,1080.0
6359,165.3603878099309,122.93545875322184,-0.021850755,-0.0073099206,0.15704493,-0.05571936,179.31252,1080.0
6360,167.43704568986675,121.32704317546344,-0.020637117,-0.009340131,0.1734791,-0.065805085,201.09135,1080.0
6361,167.665101813585,121.28554252183295,-0.018994875,-0.009704053,0.206931,-0.06764603,235.06516,1080.0
6362,164.00080461260004,122.29772100450695,-0.023020934,-0.009900722,0.20221247,-0.07582471,233.93338,1080.0
6363,156.69175579597186,123.08203151789608,-0.01678676,-0.010660016,0.21472836,-0.07844696,246.063,1080.0
6364,148.1690307921972,124.3773236851653,-0.011403458,-0.008740037,0.2025776,-0.072230585,222.70537,1080.0
6365,141.2597862913872,127.39283423104253,-0.008485695,-0.003511556,0.22562934,-0.053151958,241.64064,1080.0
6366,135.83203007733795,129.79387724981552,-0.00976766,-0.0035672507,0.22719952,-0.045699563,248.65947,1080.0
6367,128.29261633659243,127.85955917574947,-0.003457246,-0.0075585544,0.20309171,-0.033715792,225.50351,1080.0
6368,116.60421456575868,123.41197587560973,-0.009952234,-0.010583129,0.21753778,-0.050079796,239.75003,1080.0
6369,103.022831795731,122.32217694616932,-0.0052640564,-0.0052899397,0.20220292,-0.08133813,229.49297,1080.0
6370,93.49441257471356,126.78422505384597,-0.0032312465,-0.012625235,0.1757089,-0.096249506,203.48744,1080.0
6371,95.35103502000808,134.86419426575102,0.0022899488,-0.01761274,0.16614132,-0.1217908,196.66882,1080.0
6372,109.17107714902532,144.52016125827012,0.01393557,-0.018433493,0.1807164,-0.1171648,198.90791,1080.0
6415,126.76829677702585,153.4397402534381,-0.007758162,0.010095159,-0.1206942,-0.0153926145,128.03351,1080.0
6430,141.744312724429,157.37291305076502,-0.010113462,0.0027887416,-0.021649403,0.21883544,232.44211,1080.0
6431,153.85279256724164,153.47383972489726,0.0009916235,0.00015643085,-9.747258e-05,0.2015529,221.40923,1080.0
6501,162.29925977860486,146.76805242725376,0.017871404,-0.007736941,0.098817386,0.13086802,186.74725,1080.0
6518,162.70664306986342,146.90173735958413,-0.0015053855,0.0016179968,0.011820772,0.13622221,146.74336,1080.0
6519,152.6281147114206,154.5768671713229,-0.00540111,0.0017372131,0.0022204153,0.13382292,139.82744,1080.0
6520,137.93276709867263,159.51237298660442,-0.008055249,0.00072660093,-0.0056632147,0.11396767,125.18237,1080.0
6521,130.47225677228747,155.50202732742179,-0.0061811022,0.00031382244,-0.010166832,0.10951589,119.554306,1080.0
6522,137.2379946837249,147.6439584477277,-0.0074415845,0.00041306106,-0.0127751175,0.11508653,124.59809,1080.0
6524,149.54956172070652,142.1175503898707,-0.015152133,-0.012929224,-0.00923938,-0.13967952,142.48251,1080.0
6525,146.10438856201736,140.52592508433247,-0.015541825,-0.0077258074,-0.007092935,-0.12674817,129.00836,1080.0
6526,120.80350291021139,144.8729802442312,-0.00973587,0.00025776052,-0.0065695443,-0.10973106,119.87037,1080.0
6527,99.98678372283223,156.31637746675952,-0.011033192,0.0021470247,-0.011566699,-0.112243734,119.07999,1080.0
6528,110.04845611265887,170.08899946086706,-0.004293131,0.001976522,-0.003012537,-0.09261554,98.93839,1080.0
6529,141.64516447102483,178.69518164782068,-0.0053114574,-0.0013445818,-0.005644692,-0.09853727,104.009186,1080.0
6530,165.1183162551531,179.21459231602608,-0.004854612,-0.0012035229,-0.0039331364,-0.09600621,101.65864,1080.0
6531,167.66694238863525,173.60405715104125,-0.0057655615,0.00017994069,-0.004534785,-0.0915208,95.594055,1080.0
6532,160.7140712265545,163.01660770679263,-0.010012888,-0.0018282289,-0.013144416,-0.09504993,95.86341,1080.0
6533,158.50547914965563,150.4097728608619,-0.0035394174,-0.0040976065,-0.0034189294,-0.08779825,95.60831,1080.0
6534,163.71847748345547,145.3371436682737,-0.002692823,-0.0002762971,-0.006870651,-0.087430604,98.65196,1080.0
6535,171.6704970665326,153.65113527918413,-0.0038166894,0.0001808449,-0.011695565,-0.104545,113.49171,1080.0
6536,177.67142515165654,168.24188086995034,-0.0055816085,-0.0015457154,-0.01214002,-0.10131404,108.79236,1080.0
6537,175.5324642054041,177.6962903621523,-0.009253425,-0.0036995218,-0.018320367,-0.09594684,100.8613,1080.0
6538,153.7631002326782,175.49282523313045,-0.009411098,0.0016372681,-0.019208541,-0.09721595,107.99267,1080.0
6539,113.24452750790678,160.56498959741157,-0.0038235276,0.0010340373,-0.0064246706,-0.0961846,105.176636,1080.0
6540,84.92187122536383,142.22389558530708,-0.00225426,0.0005312319,-0.0035310958,-0.09351451,103.97213,1080.0
6541,98.66723153033526,138.39716305262655,-0.0025834683,0.0014376605,-0.0037153172,-0.08820346,97.929016,1080.0
6542,143.55713475003122,154.95023406676145,-0.0049336753,0.00041023537,-0.0059689838,-0.08804895,95.81774,1080.0
6543,183.28289684425832,177.36254772609757,-0.0021614074,0.00089213054,-0.0007547167,-0.08691239,96.97564,1080.0
6544,196.45434333386052,189.10533740597344,-0.0014164394,0.001133954,-0.002524835,-0.08765971,96.67953,1080.0
6545,188.77556043675352,187.01574103877272,-0.0031968153,0.0005038791,-0.0048729223,-0.08759918,96.397316,1080.0
6546,177.3735423622064,178.33504156499762,-0.0047133835,4.506994e-05,-0.006706676,-0.09255368,99.99316,1080.0
6547,173.10999700860697,170.97100582521574,-0.004698605,0.0007367735,-0.0067043304,-0.09009645,99.88016,1080.0
6548,175.85059566320518,168.18101659716407,-0.0074255485,-0.00033433703,-0.011884167,-0.08662544,93.25086,1080.0
6549,180.112742651541,168.92723028638196,-0.005793847,0.00011251944,-0.010195061,-0.08904082,98.00801,1080.0
6550,181.79797120925193,170.8574526697248,-0.0055944514,-0.0003221865,-0.01116025,-0.09441879,102.28016,1080.0
6551,180.61387543201687,172.73762326157612,-0.0066054026,-0.00059602526,-0.01313632,-0.09066659,98.39655,1080.0
6552,178.25515841959736,174.24943721759246,-0.009342222,-0.0009845592,-0.019434173,-0.08599452,91.291214,1080.0
6553,175.67814244831172,174.82781929471457,-0.0052050273,-0.00046166315,-0.010746893,-0.08819216,95.710175,1080.0
6554,173.03022442380023,174.24444712978692,-0.0053623905,-0.0005565502,-0.0128677655,-0.10301664,108.93265,1080.0
6555,171.39763690741972,173.69248819139688,-0.0072912993,-0.0007755138,-0.017237995,-0.090354696,97.54768,1080.0
6556,172.1499554840186,174.56158306303743,-0.007160568,-0.00067958125,-0.01804178,-0.09462379,100.56309,1080.0
6557,174.41547978587144,176.20849740788745,-0.0068654097,0.00031447233,-0.015952216,-0.085837185,94.08375,1080.0
6558,175.46220279736272,176.5112312413957,-0.0046498333,-8.448848e-06,-0.015401897,-0.08790673,98.078415,1080.0
6559,174.0338949997513,174.99419546790972,-0.0058772615,-0.00029034086,-0.016097726,-0.09190553,98.09166,1080.0
6560,171.8252943689418,173.7655463125509,-0.0037311977,-0.00030249136,-0.011838588,-0.08739683,95.87583,1080.0
6561,170.2349684385505,174.44159828940738,-0.009332664,-0.0012203075,-0.023018448,-0.09044206,96.852394,1080.0
6562,167.46534495541553,176.10604988949285,-0.0051060077,-0.0005925496,-0.013471123,-0.08419896,90.46623,1080.0
6563,162.9926639114932,177.11159789740708,-0.006682834,-0.00031630904,-0.015902724,-0.081557296,87.95975,1080.0
6564,161.5864583215328,176.95498472307744,-0.005660071,-0.0004054882,-0.015516733,-0.079949185,85.92467,1080.0
6565,166.88520704348855,176.35730915536004,-0.008858504,-3.5179986e-05,-0.02589913,-0.07305303,79.64015,1080.0
6566,175.07352304385265,176.1893290829083,-0.008868515,0.0011601483,-0.025846863,-0.08137348,88.14055,1080.0
6567,178.5391237119488,173.92644261796622,-0.01296297,0.002892275,-0.028698826,-0.082437955,87.081345,1080.0
6568,172.80256074244633,162.6362453088251,-0.011738275,0.0022242512,-0.027692007,-0.08007185,85.37349,1080.0
6569,159.90562413464104,139.80350307894315,-0.010241388,0.0016864635,-0.023535682,-0.08321264,83.62067,1080.0
6570,146.40046354296257,114.07961012282999,-0.009839821,0.002489556,-0.025375197,-0.075098336,77.71259,1080.0
6571,136.85789357831428,96.86075069518768,-0.0085044475,0.0011290939,-0.02456897,-0.077726096,80.726974,1080.0
6572,129.79042765894744,90.93780357059005,-0.0062810862,0.0017569648,-0.02030158,-0.08078006,83.91981,1080.0
6573,124.53902360425228,93.30421778172058,-0.008272,3.3088967e-05,-0.02508647,-0.07981234,86.465866,1080.0
6574,128.08500574115186,105.92786784424727,-0.008706827,0.0012075636,-0.02278304,-0.074909575,80.90599,1080.0
6575,141.14832889256283,128.52118670231073,-0.007707638,0.0020328662,-0.02293124,-0.06485891,72.90802,1080.0
6576,144.8995432192611,144.04532185234302,-0.010441363,0.00043880322,-0.028074548,-0.07155865,79.95767,1080.0
6577,124.22666550496295,138.2102506661455,-0.00940378,0.0015086421,-0.026185876,-0.06586069,75.56347,1080.0
6578,95.52579583946913,124.05357888768074,-0.015656255,0.0015045872,-0.035171676,-0.06782526,75.60894,1080.0
6579,87.69108068638965,123.36481256211448,-0.01293271,0.0013931275,-0.030949373,-0.066930205,74.69282,1080.0
6580,103.93431167912803,138.11356720941455,-0.009626572,0.00116077,-0.026098924,-0.06219717,70.60805,1080.0
6581,121.18886556952037,151.6575804187019,-0.00855919,0.001629455,-0.02538267,-0.07036652,78.81063,1080.0
6582,125.41021029520613,151.9953780370211,-0.0068039093,0.0020012748,-0.022565838,-0.0722602,82.48593,1080.0
6588,128.65734728771938,146.66439206242526,0.0013986658,0.0025931075,-0.060151108,0.027618196,74.089195,1080.0
6589,141.3104418047132,146.4663917945324,2.4018464e-05,0.0015400993,-0.059797782,0.0213066,69.97327,1080.0
6609,150.85861684670394,146.7118720542292,-0.00043758817,0.009854945,-0.12979838,0.024927266,136.51625,1080.0
6610,145.18452259083665,140.31445930273998,-2.2040474e-06,0.010150966,-0.12656724,0.0152002685,131.86374,1080.0
6611,135.15848327240224,134.48436862248053,-0.0014056736,0.00885671,-0.12783231,0.00017818875,131.81326,1080.0
6622,138.41150941420182,139.94157146375784,-0.0005151819,-0.011166721,0.2208096,-0.028805457,235.26756,1080.0
6623,155.08796771849703,153.98811819627898,-0.0019097222,-0.011866802,0.18374102,-0.023504836,194.2042,1080.0
6624,170.95535475139985,162.01622025374175,-0.007152642,-0.01283178,0.16539125,-0.023784539,176.85982,1080.0
6625,176.51553593251867,153.95754224353587,-0.0076122144,-0.010837279,0.16876277,-0.019977683,178.90672,1080.0
6626,174.75758823920398,138.32325056061396,-0.00056135387,-0.00033805988,0.15898855,-0.009520318,175.50525,1080.0
6627,173.17395304728024,134.77292897524478,0.00064979837,0.0024625708,0.1493749,-0.010204859,168.8358,1080.0
6641,171.75639506469722,147.7686586081446,-0.0028299966,0.0012004146,-0.026101459,-0.06688911,76.31909,1080.0
6642,160.2044348247491,156.633414512744,-0.004070423,-0.00429015,-0.009027834,-0.059410717,60.06703,1080.0
6643,134.9323979532124,144.7618664659821,-0.0012434218,-0.012074053,-0.0069223475,-0.06808054,62.274757,1080.0
6644,113.27577869442945,124.94181352647018,0.0007513541,0.0048135263,-0.008221888,-0.057175193,68.6144,1080.0
6645,114.24217731735988,118.85715304894549,-0.00033241554,-0.0031093457,-0.010449897,-0.065368995,68.964424,1080.0
6646,134.80768058159614,130.15524732247874,-0.0011362146,-0.0017176876,-0.012766803,-0.053912748,64.135216,1080.0
6647,157.1167939084766,148.79899484826834,-0.004081387,0.000561693,-0.018888686,-0.063236155,73.38092,1080.0
6648,167.86040471756127,164.9513972207835,-0.009878879,0.0012029577,-0.030192848,-0.059116334,65.07403,1080.0
6649,166.44265924973723,173.6630510596526,-0.009002912,-0.0018534343,-0.027190937,-0.04898382,52.536945,1080.0
6650,160.53920959944986,174.7974589610515,-0.00820968,0.0008194535,-0.021363888,-0.06133208,65.88332,1080.0
6651,156.4896900873034,171.71930270342654,-0.008847159,-0.00015354862,-0.01638048,-0.067355685,68.85064,1080.0
6652,155.0636702838017,167.98734983741116,-0.004183056,0.00037141022,-0.0013639097,-0.060968243,61.932903,1080.0
6653,153.96312050728625,164.02417765360795,-0.011656245,-0.00037118417,-0.014326421,-0.056509398,57.28291,1080.0
6654,150.9140563863383,157.895286559814,-0.011138577,0.00033032452,-0.012012623,-0.05639394,57.58609,1080.0
6655,145.37604987076062,149.85468681630024,-0.010408868,-0.0011712534,-0.009203763,-0.055453945,55.713142,1080.0
6657,139.9017096921735,144.90806855508748,-0.0194254,-0.008032905,-0.009330637,-0.071252726,74.21378,1080.0
6658,139.32361849562764,148.02326517416645,-0.024134375,-0.0101961205,-0.026866207,-0.060416725,53.641148,1080.0
6659,145.66461033611924,156.66684792081995,-0.02425068,-0.009212466,-0.037836768,-0.04857223,40.532413,1080.0
6660,154.71973441533962,163.32660558751493,-0.022624206,-0.007939148,-0.03436285,-0.0484104,41.208157,1080.0
6661,160.6618077923839,165.87561076402005,-0.021878617,-0.006321575,-0.034454234,-0.04276007,34.924065,1080.0
6662,161.9404390157688,168.52956464717224,-0.02244257,-0.006038355,-0.039336648,-0.041393533,36.76142,1080.0
6663,160.67574788056072,173.3391325314905,-0.025234533,-0.0043642116,-0.04363827,-0.044798307,44.914837,1080.0
6664,158.76640992715159,177.81157800922142,-0.025983062,-0.0033130222,-0.051431615,-0.047781117,49.90926,1080.0
6665,155.97419180020094,179.26334956351963,-0.02108533,-0.004084467,-0.047599737,-0.05245802,59.626827,1080.0
6666,151.22062476728127,176.31911845927218,-0.014669574,-0.004684081,-0.031000603,-0.058933455,61.545372,1080.0
6667,145.22317732812567,167.83954622613268,-0.020470627,-0.0048090336,-0.042019088,-0.060260348,62.90775,1080.0
6668,140.52612022449415,154.73585601522194,-0.023436539,-0.006327622,-0.052566078,-0.06936089,72.02131,1080.0
6669,138.39213358424675,143.44206535773313,-0.026326384,-0.00482076,-0.06404153,-0.07459344,80.12837,1080.0
6670,137.7328252477367,142.02341808045202,-0.02515321,-0.0051179393,-0.0698987,-0.07693897,79.11456,1080.0
6671,137.13738752565308,150.18531455261828,-0.026975052,-0.005030032,-0.07019664,-0.074761994,75.6488,1080.0
6672,136.22561064169838,159.11162994402963,-0.027448697,-0.003089594,-0.07448561,-0.06833332,71.5586,1080.0
6673,135.98168554662251,162.57986435535588,-0.03236101,-7.225319e-05,-0.07903629,-0.046126895,56.8335,1080.0
6674,138.06600464916056,163.17314084935478,-0.02664224,0.0016477797,-0.07369221,-0.049652044,62.97538,1080.0
6675,143.13184301368662,166.04684209419307,-0.03038251,0.005922416,-0.07200295,-0.042587083,66.377144,1080.0
6676,149.56763302244516,171.14763175835787,-0.030490281,0.004672552,-0.06990622,-0.051700283,72.94978,1080.0
6677,154.09328548996328,175.14975074516764,-0.029178705,0.0040075798,-0.064256735,-0.06482372,81.902435,1080.0
6678,155.12856643613247,176.17198842291623,-0.027483396,0.00033368712,-0.07028458,-0.078507006,92.865395,1080.0
6679,153.91972016118908,173.15847426765697,-0.02831483,-0.00010938291,-0.07053556,-0.084452964,97.15936,1080.0
6680,151.23441543603852,165.7701977016137,-0.029848903,-0.004047507,-0.06164285,-0.082238235,85.74835,1080.0
6681,147.3045326772132,156.74389618208176,-0.031403154,-0.0042236047,-0.06417502,-0.07564209,80.191086,1080.0
6682,144.69296233293827,150.43133020460724,-0.03212608,-0.0035605538,-0.06365114,-0.06727334,75.18021,1080.0
6683,146.07855340629442,148.82685525296552,-0.034435697,-0.003200305,-0.063306905,-0.067201145,77.040634,1080.0
6684,150.19941830044576,150.7991733817502,-0.03394911,-0.004411796,-0.06545721,-0.053252384,66.05677,1080.0
6685,153.33240858737548,154.05887685613862,-0.03311824,-0.0060802316,-0.06496311,-0.05827453,69.38998,1080.0
6686,153.79410437360647,156.99321578106213,-0.039066963,-0.005276122,-0.07393449,-0.061534345,70.614876,1080.0
6687,153.720531601507,159.3351910978076,-0.03709355,-0.0042012814,-0.06372398,-0.061523523,70.36768,1080.0
6688,156.372566050149,161.26228991268454,-0.03415601,-0.006761791,-0.06267231,-0.06911081,68.20418,1080.0
6689,161.61094241022806,162.29998614384286,-0.03364094,-0.004434289,-0.064701445,-0.0630123,69.423386,1080.0
6690,165.73375219288562,161.15547588675938,-0.037127063,0.0067179645,-0.07521193,-0.0490253,62.87829,1080.0
6691,166.69856035852476,155.43875633713932,-0.033977028,0.008130109,-0.071856976,-0.036571052,63.008114,1080.0
6692,166.8270515215716,144.56574538415455,-0.03414075,0.008624579,-0.08285206,-0.029145135,67.5162,1080.0
6693,169.0439513412982,135.07309561057806,-0.034898773,0.0049776146,-0.075014524,-0.03329643,65.19438,1080.0
6694,173.20216372747277,137.18089316045786,-0.03464395,0.0010071931,-0.07898542,-0.04720863,69.90034,1080.0
6695,177.18690331257528,152.72495482813127,-0.033765554,0.0029428552,-0.06752992,-0.053401183,68.519325,1080.0
6696,179.3056918411187,171.09154189219453,-0.031671762,0.0064451993,-0.07089527,-0.05891342,75.26013,1080.0
6697,179.01321635539864,180.66082861953353,-0.03512415,0.006700699,-0.0796389,-0.055102907,72.00395,1080.0
6698,176.98732375219635,180.13400531148253,-0.042664424,0.007181125,-0.086720504,-0.07798682,90.126625,1080.0
6699,174.73576202144451,175.7880826832964,-0.038816214,0.0021656177,-0.08293141,-0.087310396,96.52034,1080.0
6700,172.96555744910282,173.17170898402932,-0.039527442,-0.0018720556,-0.08054815,-0.078199655,86.605484,1080.0
6701,171.0516608081254,173.5598673385501,-0.039387964,-0.0021893536,-0.07902476,-0.07997787,85.68996,1080.0
6702,169.0463273709793,174.74412256947505,-0.03946737,-0.004405382,-0.07856033,-0.07941858,81.86288,1080.0
6703,168.29323278187698,174.42989902800397,-0.04028066,-0.004250957,-0.07684106,-0.0683325,74.305984,1080.0
6704,169.4003616674384,173.06885165890358,-0.04266527,-0.00252581,-0.074097924,-0.06118961,69.29991,1080.0
6705,171.4727522467742,172.67420716832572,-0.042075377,-0.004817143,-0.06514989,-0.07113034,74.452805,1080.0
6706,173.286245269349,173.90865977590514,-0.044537637,-0.0056033097,-0.056046944,-0.07455848,79.77475,1080.0
6707,174.31366603433577,175.6832918848006,-0.04517393,-0.007014296,-0.04166593,-0.08061552,89.728195,1080.0
6708,175.04143918218668,176.86898828994092,-0.041811682,-0.0074134544,-0.041805465,-0.08937344,95.77242,1080.0
6709,176.1855311038636,177.0549067637604,-0.042449273,-0.0077877184,-0.046433683,-0.09063167,94.34352,1080.0
6710,177.6008052755605,176.16396639880983,-0.04435894,-0.010566175,-0.03671078,-0.09278468,95.70105,1080.0
6711,178.58952679222668,174.36713840132975,-0.04589047,-0.01432902,-0.029244939,-0.09985162,100.12278,1080.0
6712,178.67323221941348,172.07833811534806,-0.045698773,-0.014479036,-0.02400801,-0.10107334,104.09065,1080.0
6713,177.78384308605786,169.92404434889986,-0.041714985,-0.020000033,-0.031149914,-0.088811666,89.79253,1080.0
6714,176.55196247466503,168.84495535483416,-0.043525245,-0.021155661,-0.04588849,-0.081591204,80.41031,1080.0
6715,175.96547941571365,169.51473252624766,-0.03989196,-0.020538755,-0.035129517,-0.093182035,90.49537,1080.0
6716,176.1211923320592,171.42013818229734,-0.04227244,-0.021157159,-0.038177263,-0.093624994,85.633255,1080.0
6717,176.151574450726,173.1095065102703,-0.042569593,-0.017759169,-0.040589284,-0.091355614,81.50895,1080.0
6718,175.25656164165417,173.464317625626,-0.041028116,-0.019437436,-0.037679095,-0.095209986,82.9841,1080.0
6719,173.3894206168754,172.33315872448074,-0.038013656,-0.019223502,-0.042861655,-0.08347809,65.65434,1080.0
6720,171.7114915444566,170.25364297737306,-0.036063697,-0.022767413,-0.023723122,-0.11243976,94.78893,1080.0
6721,171.7354456094043,168.22872158205865,-0.035357665,-0.026196035,-0.004663312,-0.12111048,108.19113,1080.0
6722,173.4378918173605,167.18105286434513,-0.03387129,-0.026592,0.00581682,-0.15149474,130.49915,1080.0
6723,175.39141280963466,167.4179965791843,-0.033826645,-0.029668484,-0.0016100848,-0.15598711,137.86092,1080.0
6724,176.28313238429757,169.18319543445787,-0.03460083,-0.02675705,0.008236977,-0.16062824,148.521,1080.0
6725,175.15275278609926,172.44550022467732,-0.03222046,-0.026211718,0.0055344193,-0.15621309,143.34512,1080.0
6726,172.09148192018958,175.58853994191554,-0.032250524,-0.020199614,0.013138891,-0.14535399,142.1843,1080.0
6727,169.50346807348257,175.71884679985078,-0.034709845,-0.020253895,0.0038814968,-0.15404476,145.59966,1080.0
6728,169.70521023351134,170.19183676590956,-0.033380296,-0.019610878,0.006227112,-0.14923805,155.84967,1080.0
6729,171.79516670945318,157.65697880277006,-0.03263126,-0.017001372,0.011385713,-0.13630773,147.02383,1080.0
6730,173.531869659165,139.78906175944192,-0.03394668,-0.0197976,0.008366281,-0.13841306,146.29803,1080.0
6731,174.48520976852555,123.21277520691598,-0.040428273,-0.018621232,-0.007154903,-0.13848971,141.84033,1080.0
6732,175.47600206246307,116.11044350591409,-0.04076182,-0.017853828,0.017332854,-0.15066077,152.98839,1080.0
6733,176.48129641576534,120.2562813854859,-0.04536896,-0.0096449675,0.008555095,-0.12757044,143.02078,1080.0
6734,176.62243625893856,129.4067160352228,-0.042029034,-0.006799966,0.04498585,-0.12691692,168.98,1080.0
6735,175.41547924338488,136.199394954233,-0.04431791,-0.005604299,0.043740958,-0.12543133,168.0048,1080.0
6736,173.2865338909653,138.0146216464052,-0.035425823,-0.0046567563,0.0780933,-0.1262683,184.65044,1080.0
6737,171.80593334568647,136.89537420448715,-0.032003503,-0.0050393846,0.10233516,-0.12951426,196.98512,1080.0
6738,172.80587708041799,136.02797714494767,-0.03371859,-0.0016926518,0.110724896,-0.12618011,197.78763,1080.0
6739,175.9246730582926,136.71862899152646,-0.029884113,0.0029041998,0.1181128,-0.095601514,196.78291,1080.0
6740,178.18794163615712,137.6405145161899,-0.031894203,0.0012337861,0.12630536,-0.09629836,207.72012,1080.0
6741,176.94382015803254,136.6514551870158,-0.03951105,0.0008380184,0.11149377,-0.09419143,197.86981,1080.0
6742,172.3962015163576,134.17500858849687,-0.042991526,-0.005859177,0.08568539,-0.09455705,173.17084,1080.0
6743,167.04008298477368,133.6318347668576,-0.035642467,-0.010361425,0.10012422,-0.09275688,180.70175,1080.0
6744,162.96629722200674,137.12313371222297,-0.04139845,-0.013068276,0.08860564,-0.095337026,169.93195,1080.0
6745,159.90821457212738,142.17488698609307,-0.039824817,-0.018093815,0.08490889,-0.095074944,170.4354,1080.0
6746,156.20985064572082,144.2634298213314,-0.03355255,-0.015775215,0.1114242,-0.101568036,191.67223,1080.0
6747,150.64613060146453,141.58690102641125,-0.027820446,-0.016032834,0.11342129,-0.092775814,201.10197,1080.0
6748,142.87561325043393,136.5464400209363,-0.0069394712,-0.015540653,0.1824008,-0.10035545,226.15086,1080.0
6749,134.57145252387335,133.5460523224992,0.0036331178,-0.01521954,0.16435535,-0.09074396,192.66487,1080.0
6750,129.51906204601545,135.5237336465048,0.0064893933,-0.013949217,0.17212264,-0.087053314,197.62364,1080.0
6751,129.393151167777,141.93597094270098,0.005247102,-0.015066076,0.19700685,-0.09850105,225.32431,1080.0
6752,131.130723458949,149.99865763714345,0.00028630008,-0.01411421,0.1933817,-0.10257961,234.85013,1080.0
6753,130.84123879673993,156.98260085365797,-0.0003616333,-0.013963205,0.20160618,-0.13055539,247.81868,1080.0
6754,127.99155082377982,160.82645777574115,-0.0028789944,-0.012308728,0.18862197,-0.13767879,251.37257,1080.0
6755,124.52115318583026,159.98130818532863,-0.00014829282,-0.012004909,0.1985246,-0.13985367,260.21008,1080.0
6756,122.06824530525503,153.65260326984315,-0.005580761,-0.014471718,0.19865909,-0.13904227,266.6958,1080.0
6757,120.93336504966149,142.5331306852345,-0.00878618,-0.014210171,0.1919073,-0.13692515,257.34326,1080.0
6758,120.81178786762736,129.23655786985088,-0.0048685144,-0.00740704,0.21975906,-0.11381118,263.71375,1080.0
6759,120.99532475009678,116.64769480547409,-0.007656465,-0.007817473,0.21431263,-0.100398675,252.9859,1080.0
6760,119.99704386536617,107.0522644954588,-0.014317378,-0.0069419295,0.19624944,-0.07754901,235.18333,1080.0
6761,118.56491805470515,103.11073623017228,-0.01474971,0.0028054696,0.21462266,-0.06842222,243.93604,1080.0
6762,120.95547350536081,104.59931262548542,-0.012514806,0.0020237674,0.21840832,-0.07691117,239.37827,1080.0
6763,128.5761413426332,106.20801966214604,-0.018511398,-0.009260248,0.20417254,-0.099283285,242.88211,1080.0
6764,136.7794246321368,104.63277243486166,-0.011827144,-0.01234696,0.25052682,-0.10516991,275.1243,1080.0
6765,140.40094338211844,104.1510716317479,-0.0045199925,-0.00929232,0.25073898,-0.08904156,273.2405,1080.0
6766,138.24158075184204,111.66629504158678,0.004309082,-0.009499105,0.25170153,-0.08682562,275.73257,1080.0
6767,132.59111904492667,129.19255961493207,-0.0020985922,-0.009080364,0.24639678,-0.08650315,267.7384,1080.0
6768,128.76017691530137,150.7335549849459,-0.019815968,-0.008217734,0.23309067,-0.076696776,259.75546,1080.0
6769,132.9701252450256,163.84329337250333,-0.021082673,-0.00700466,0.22069669,-0.061498202,242.15323,1080.0
6770,144.4808046464931,159.04336171316538,-0.010829559,-0.0027678595,0.2209059,-0.05159799,230.95337,1080.0
6771,152.50497426166334,140.83298318194,0.008524916,0.009502863,0.22943228,-0.031502478,213.50995,1080.0
6772,147.67463375737276,123.6082509715722,0.008109085,0.008278035,0.23694967,-0.0307904,215.4727,1080.0
6773,134.02255474600872,117.32436322478551,0.0048865424,0.005775706,0.22913231,-0.019173883,204.63449,1080.0
6774,124.11418431392124,121.64373295070543,0.019198835,-0.007962205,0.21952073,-0.040937662,199.08344,1080.0
6775,125.20476105657133,130.4822775999301,0.02211609,-0.012542979,0.2098678,-0.061264887,202.54193,1080.0
6776,134.35557682600793,138.30546156813813,0.016514644,-0.009708716,0.1992886,-0.051994238,181.38226,1080.0
6777,143.80123951332874,142.56990609921462,0.012247834,-0.005539364,0.15654364,-0.036563393,155.8842,1080.0
6778,147.43089181753388,143.11968992542057,0.0006890191,-0.003220339,0.087293155,-0.037018754,119.53175,1080.0
6779,144.25974517870688,142.72458663784812,0.008485243,-0.0042005186,0.12651809,-0.052083276,130.7078,1080.0
6780,138.39929484878985,146.38309433914563,0.008058562,-0.0040453593,0.14497466,-0.06974419,145.9905,1080.0
6781,134.7884199695421,155.55330105294797,0.009040889,-0.00378093,0.12736003,-0.07017008,134.12016,1080.0
6782,134.6643967541702,164.72420822515332,0.005637953,-0.005675563,0.12364875,-0.06683977,136.36148,1080.0
6783,136.14490916681424,166.95821543077201,-0.0012260154,-0.002660172,0.07488596,-0.046696614,97.90552,1080.0
6784,137.17054942843077,161.56533558765534,-0.00020661531,-0.0075279237,0.06791246,-0.058081903,97.946526,1080.0
6785,136.59425268381833,154.50854061139853,0.007116247,-0.004069406,0.11019875,-0.061803974,118.92494,1080.0
6786,134.99599429089528,151.25828024980953,-0.00012252243,0.011597951,0.08248608,-0.022124736,98.352325,1080.0
6787,135.24702979049485,152.2680771320594,0.011445787,0.002611909,0.104265906,-0.046174765,94.219345,1080.0
6788,139.87174182349096,156.0667025063534,0.010172978,0.001212339,0.10180924,-0.05346369,105.22206,1080.0
6789,148.40233468458175,161.8285814311667,0.0069702147,5.4196957e-05,0.07564177,-0.05299041,86.31731,1080.0
6790,158.904666885511,168.53100835832083,0.003290699,-0.0026101572,0.048789244,-0.049270857,70.35403,1080.0
6791,169.24542945020718,174.64234473036973,0.0059894137,-0.003993451,0.048736572,-0.044325113,64.40562,1080.0
6792,176.00107532463997,178.25875539779852,0.0002630728,-0.00231603,0.029520389,-0.037553746,47.833897,1080.0
6794,175.46577874467226,177.7657282704133,0.0026875248,0.010115221,-0.046245717,0.033433843,58.281727,1080.0
6796,167.69562091366225,173.8095101366442,0.0024581344,0.00706092,-0.18246719,0.017490104,201.91183,1080.0
6797,159.22722151896602,169.72015798750115,0.00036214193,0.0059727984,-0.17260064,0.018710129,190.01895,1080.0
6798,158.1080000383312,168.6755539633089,0.0019240768,0.0054552997,-0.15703668,0.019624555,176.5481,1080.0
6799,164.62494352166195,170.90844335450126,-0.012888534,0.0021981134,-0.15391083,0.015662016,149.57556,1080.0
6800,170.18965026062165,172.44878464661988,-0.013631807,0.0015651279,-0.14288516,0.015003515,130.9762,1080.0
6801,164.49646599664916,165.52624887317472,-0.014425772,0.004686596,-0.10897482,0.018699363,89.2701,1080.0
6802,145.0151354772186,146.24863380003907,-0.004963345,0.0052042925,-0.050816968,0.013858767,48.202564,1080.0
6803,124.00042050470076,125.1462310720403,-0.009640729,0.010302904,-0.016612073,0.012074591,10.728697,1080.0
6804,119.39799338290322,119.95300143222788,-0.0043470594,0.009623634,-0.024747213,0.012294318,29.37812,1080.0
6806,134.54661142703628,134.01959483750755,-0.011597188,0.009904056,-0.036728583,0.007200453,23.087015,1080.0
6807,155.3004837337464,152.82818396939004,-0.0032336765,0.008908081,-0.026279705,0.005385448,26.441877,1080.0
6809,167.56445166532723,162.3402725671365,0.0013724999,-0.015951566,-0.048719108,-0.06840495,74.440285,1080.0
6810,169.91223354023302,161.70131349396272,-0.0052732113,0.002491393,-0.041619536,-0.016874215,54.87502,1080.0
6811,169.2070240731196,159.51525485945524,0.00021317093,0.0056013037,-0.040382158,-0.023890601,64.859055,1080.0
6812,170.0799208794814,162.72757219771384,0.0014569318,-0.0011248554,-0.044982005,-0.046333566,80.65648,1080.0
6813,172.08970283777927,170.21958823343752,0.0022984257,-0.0028625205,-0.0530339,-0.06380307,94.992035,1080.0
6814,173.82693497552054,176.5949289045419,0.005194544,-0.013354548,-0.050270814,-0.08457854,96.05874,1080.0
6815,174.96309083377085,178.59239898509253,0.008471397,-0.009183332,-0.04790785,-0.08460185,109.80612,1080.0
6816,175.03154034910517,175.1703939766074,-0.0026306717,0.004748648,-0.068156995,-0.08264228,119.4432,1080.0
6817,173.00611725925,164.53140591907197,0.0002644857,-0.003905374,-0.049514376,-0.099969484,111.86738,1080.0
6818,168.86785372061246,148.6726502785358,0.001397592,-0.0038976315,-0.03307546,-0.07399569,79.58506,1080.0
6819,164.37537312125428,138.9679410625312,-0.01400463,0.006721751,-0.051238224,-0.054182913,77.588234,1080.0
6820,160.40061178865597,145.61469969489275,-0.030465811,0.01273247,-0.07390555,-0.04325988,87.58527,1080.0
6821,154.54611971508496,163.8421641397867,-0.028748011,0.008535117,-0.08815579,-0.05264206,93.22426,1080.0
6822,144.07171043882258,179.31462959470784,-0.011904116,0.0083958665,-0.0781675,-0.07358356,108.101944,1080.0
6823,132.06108555335285,181.86625161716526,0.0203715,-0.005749992,-0.060778074,-0.10804353,142.37822,1080.0
6824,128.74875195841136,170.58025506816352,0.012867002,-0.012505482,-0.0725092,-0.13879499,162.84743,1080.0
6825,140.24667188810608,153.85665851929363,-0.02376935,0.0069578947,-0.12931032,-0.0975274,163.38773,1080.0
6826,155.77559979978236,145.42354142926538,-0.020564327,0.0057604755,-0.12892501,-0.09943975,167.78943,1080.0
6827,158.6724930060798,152.24961758351802,-0.014350722,0.0023929172,-0.12542601,-0.1061587,171.47893,1080.0
6828,150.29677429049454,167.4777704343035,-0.011175311,-0.004133917,-0.106502846,-0.111342736,155.77637,1080.0
6829,146.82945373908623,179.05231523068676,-0.013655938,-0.00034883287,-0.118356265,-0.10660392,160.41792,1080.0
6830,154.31182958992477,181.44246708632537,-0.023527697,0.008168906,-0.12592033,-0.07398834,139.93993,1080.0
6831,163.0722686685385,177.52840299458825,-0.02216763,0.011920081,-0.13964143,-0.07462237,159.30681,1080.0
6832,164.30238286947773,172.66512836904633,-0.022714121,0.0106645655,-0.12068922,-0.05303944,128.24944,1080.0
6833,160.0226589541165,169.75579566706358,-0.016161997,0.0047438727,-0.10976246,-0.06849707,118.45154,1080.0
6834,157.47228336468447,169.36348217999492,-0.020234397,0.008718759,-0.11213933,-0.047159575,108.350075,1080.0
6835,160.15086045732818,171.190184395075,-0.02089403,0.010533566,-0.11315568,-0.04157548,106.4944,1080.0
6836,165.30127812466228,173.73324327850125,-0.010817012,0.0026479934,-0.08161633,-0.054397866,90.60787,1080.0
6838,168.4743320121598,173.92538501707736,-0.00098244,-0.010510847,0.23658311,-0.014242017,266.08228,1080.0
6839,168.92410601764456,170.26707775835268,0.0039403844,-0.018601086,0.24095821,-0.027162142,246.64223,1080.0
6840,169.05025719872228,166.05500878011003,0.004897167,-0.02119101,0.23838715,-0.024471538,245.3058,1080.0
6841,170.68606946779747,166.01697419012902,0.0010742188,-0.016191667,0.21619081,-0.022214197,233.15001,1080.0
6842,173.8002565235196,170.60693316451787,0.0028061478,-0.02010258,0.19708274,-0.032099802,207.26495,1080.0
6843,176.78006425567992,176.19715319075172,-0.0015444155,-0.019604407,0.18961306,-0.03489264,206.39777,1080.0
6844,177.73854265671181,179.395734413062,-0.0049965186,-0.007541035,0.1292207,-0.00594943,153.01378,1080.0
6845,176.26821937894516,178.8657623994718,-0.00018186215,-0.00995814,0.19188945,-0.0126426695,197.63338,1080.0
6846,173.11103396057547,174.23913868633682,-9.618689e-05,-0.006326831,0.16583297,-0.014150436,180.08511,1080.0
6847,169.47126881992384,166.6933805965182,-0.00015699599,-0.0075639514,0.16887037,-0.015168988,183.0271,1080.0
6848,166.86535969870306,159.92747860699356,0.00096616393,-0.008095607,0.18272299,-0.018687608,184.34491,1080.0
6849,165.37365462837727,157.26224823975562,0.0027750651,-0.008622459,0.16852292,-0.019227797,175.091,1080.0
6850,163.556921296307,158.6217340386048,0.0043514674,-0.0093429005,0.17346643,-0.022812173,175.4113,1080.0
6851,161.30511736784587,161.744051845044,0.0052614566,-0.0085895965,0.18188567,-0.020310154,186.07567,1080.0
6852,159.91288839948191,164.6357302905698,0.0047948766,-0.008929783,0.1784096,-0.020406285,182.71152,1080.0
6853,159.3794420170948,166.27981423234965,0.0037133112,-0.009059849,0.16911666,-0.020479526,177.62036,1080.0
6854,158.55401463519974,166.60222425976315,0.001119656,-0.008326241,0.16077271,-0.020086896,173.36581,1080.0
6855,157.71992648515635,166.94506632698437,0.0008464672,-0.0074119284,0.16205591,-0.019263769,174.01549,1080.0
6856,158.8010048811718,169.3951252492114,-4.6341506e-06,-0.0018086468,0.15400097,-0.0065902993,171.70093,1080.0
6857,162.97396728449175,173.98188454445435,0.00094570586,-0.003655469,0.14574687,-0.011161861,162.33084,1080.0
6858,169.2326474472317,177.55351262171484,0.000475283,-0.0014767682,0.14544249,-0.008521497,162.80028,1080.0
6859,175.14217968839702,176.98034309438785,-0.0005735044,-9.1552734e-05,0.14516737,-0.008277243,164.61751,1080.0
6860,178.40196855616068,172.8396175353572,0.0013792815,0.0012915152,0.15750462,-0.009617643,173.31374,1080.0
6861,177.90793222807608,168.61834770582615,0.0016786929,0.0013316402,0.15280965,-0.011218686,171.56126,1080.0
6862,174.33041327066258,166.81759551739265,0.0013517026,0.0013866284,0.15014254,-0.010522545,167.6206,1080.0
6863,170.01071049811608,166.99930445057484,0.0011519821,0.0025089688,0.14770722,-0.009669127,166.67229,1080.0
6864,167.06561223240473,166.72260731867306,-0.00028019657,0.0032683196,0.14834154,-0.008023834,170.35,1080.0
6865,165.79222422965995,164.33484027834598,-0.0012238679,-0.006433501,0.08522633,-0.011321315,113.22757,1080.0
6866,166.19062242140546,161.87690660811478,-0.001594826,-0.010746595,0.07534847,-0.016260501,78.54235,1080.0
6867,169.1127653220748,163.49244138543864,-0.0011545817,-0.011371471,0.08445062,-0.01809359,96.765785,1080.0
6868,174.19421163658868,170.08041764608737,-0.0008150454,-0.012388442,0.09936399,-0.020911606,109.533646,1080.0
6869,178.90193324788245,177.69939310914404,-0.0008154975,-0.012460356,0.109694645,-0.019897036,112.7099,1080.0
6871,178.74938027868603,177.2441947749423,-0.007727277,-0.01292233,-0.11346046,-0.018155642,107.657,1080.0
6874,166.7214838100692,155.89581667835972,-0.012051448,0.005764968,-0.08257995,0.006082577,62.96133,1080.0
6877,142.26649240772545,117.57789611489059,-0.0071131387,0.0014606899,-0.13847402,-0.0011335867,129.46355,1080.0
6880,122.9257425601758,95.03755496721121,-0.0033376059,0.0049426043,-0.1423914,0.0013686569,141.08296,1080.0
6882,127.4941806771614,112.2296966616332,0.003507261,-0.0015075684,0.010396321,-0.12120652,131.23544,1080.0
6883,147.9725991961741,150.86712874755096,0.0136814825,-0.0017769708,0.025500262,-0.10594748,115.12885,1080.0
6884,160.91447136755949,177.20961255249532,0.016818633,-0.0022048103,0.03112064,-0.10368921,112.63603,1080.0
6885,159.47529943293517,180.9497748444966,0.018277543,-0.0018287376,0.03275429,-0.102028795,110.99419,1080.0
6886,154.52420448890732,174.46284967593638,0.01924365,-0.0015633195,0.03375278,-0.10131762,110.224976,1080.0
6887,154.7301029904975,170.64453466900844,0.01759847,-0.0014621593,0.033378657,-0.100204974,109.04804,1080.0
6888,159.34503711780116,171.8110536474793,0.019378493,-0.0016313341,0.033332203,-0.10070213,109.57652,1080.0
6889,164.0421363399986,173.64060226963446,0.019165264,-0.001283575,0.03395719,-0.10023117,109.096855,1080.0
6890,166.5423787064269,172.9817991709898,0.018556044,-0.0008700053,0.034135718,-0.10049108,109.410194,1080.0
6891,167.3953587842517,170.80703598119442,0.019092418,-0.00082524616,0.034195796,-0.10022589,109.311134,1080.0
6892,168.06356735201112,169.7247234890032,0.019598559,-0.0006966767,0.033938374,-0.09979666,109.03543,1080.0
6893,169.36375214166162,170.85111476048095,0.019131979,-0.00074931956,0.03554043,-0.10043564,109.716034,1080.0
6894,171.04406392829569,173.11778159953013,0.01943591,-0.00067760324,0.034778792,-0.10106727,110.142395,1080.0
6895,172.31091028120807,174.74204491255188,0.018889986,-0.00051148026,0.03674452,-0.10068246,109.90685,1080.0
6896,172.7362406046379,174.97575856365276,0.019367132,-0.0005248741,0.03434324,-0.100911826,110.089966,1080.0
6897,172.57865339128503,174.36446976708467,0.018862067,-0.0003195586,0.034364544,-0.10131161,110.56842,1080.0
6898,172.40328601589817,173.80674912615203,0.018175365,-0.00026753743,0.033960074,-0.10210105,111.234184,1080.0
6899,172.56780498343576,173.75174787646915,0.017761117,-1.2546116e-05,0.033525594,-0.10267992,112.117355,1080.0
6900,172.98536318867454,174.0314505781272,0.017569818,0.00014422381,0.033687055,-0.10255921,111.95863,1080.0
6901,173.3350793007599,174.23464422294262,0.017240623,0.00022560402,0.033923794,-0.10214889,111.57156,1080.0
6902,173.62269189183505,174.15224736017484,0.016762232,0.0005046703,0.034195513,-0.1019644,111.50056,1080.0
6903,174.14760976408888,173.853144737302,0.016783312,0.0007245382,0.03411413,-0.101584144,111.03085,1080.0
6904,174.64843713707984,173.4929493197193,0.016172394,0.00075440586,0.03442394,-0.10076144,110.39932,1080.0
6905,174.42322139246926,173.0886582716043,0.016739175,0.0006346526,0.034187146,-0.10072239,110.37947,1080.0
6906,173.47678119981714,172.48556789717452,0.017197842,0.00062852085,0.033061784,-0.100821316,110.406395,1080.0
6907,172.62783461230174,171.6362904595561,0.012748775,0.0006587276,0.035439104,-0.1009164,111.07006,1080.0
6908,172.69633579413178,170.83035686056323,0.014424925,0.00056822033,0.03456534,-0.10116625,111.23277,1080.0
6909,174.0436181413057,170.48707129465527,0.015926728,0.0006248474,0.034044676,-0.10055435,110.42538,1080.0
6910,176.3067800754404,170.72138048881652,0.017660523,0.0005302147,0.032396894,-0.100816235,110.697586,1080.0
6911,178.38534823463422,171.22503114967333,0.0151307285,0.00035230847,0.031956088,-0.10042258,110.66598,1080.0
6912,179.23820275712146,171.64716806917386,0.014176885,0.00041814733,0.032661043,-0.10030944,110.48571,1080.0
6913,178.64488106477907,172.0482977329477,0.012572451,0.00015696773,0.032285508,-0.10036562,110.10384,1080.0
6914,177.0578340841347,172.7523849569616,0.01229816,0.0002525047,0.03219178,-0.10063321,110.50954,1080.0
6915,175.3265464979476,173.56908628948852,0.014794188,0.0002989027,0.030150237,-0.100957856,110.80723,1080.0
6916,174.56471775107298,173.67105418668177,0.014081602,-3.7299262e-06,0.031084215,-0.10070807,110.95494,1080.0
6917,175.34726327536592,172.67448265230772,0.017896215,0.0001495644,0.030919591,-0.10024109,110.42051,1080.0
6918,176.76957435283327,171.3315395848773,0.018530216,0.00020867807,0.030461205,-0.10087071,111.0383,1080.0
6919,176.85832842560126,170.82960167102897,0.019070124,0.00010709409,0.031139798,-0.10042886,110.76968,1080.0
6920,174.2785811437223,171.5410788360691,0.019797996,-6.318269e-05,0.028381065,-0.10024457,110.89958,1080.0
6921,169.92709418256857,172.64567812241177,0.01656302,-0.00012738263,0.03010251,-0.09985247,110.78907,1080.0
6922,166.73758423699482,173.1046345706674,0.018902447,-4.196167e-05,0.029950261,-0.09961907,110.55721,1080.0
6923,166.9070243015562,172.6740686870845,0.017870924,-2.3990207e-05,0.030522946,-0.09958313,110.34032,1080.0
6924,169.50815540426822,171.86038870681554,0.013994711,3.334328e-05,0.029824037,-0.09834581,108.80479,1080.0
6925,171.63728568498578,171.26891846139625,0.012505256,0.00010161223,0.028904017,-0.097664475,108.005806,1080.0
6926,171.22792087028756,171.19620178000224,0.0150898965,0.00012328537,0.030508988,-0.09750827,107.844604,1080.0
6927,168.60696842295826,171.66346733191514,0.01658944,6.38326e-05,0.030636428,-0.097434744,107.763306,1080.0
6928,166.1720037585093,172.4345959199302,0.018859044,-4.1255244e-06,0.031164465,-0.09847652,108.48608,1080.0
6929,166.70816178927282,173.01633540744936,0.019224605,0.00012012058,0.030937364,-0.09956035,109.37515,1080.0
6930,170.98700797551524,173.0354732162884,0.018555338,0.00026338364,0.031336524,-0.10073242,110.30446,1080.0
6931,176.68961271356252,172.72789714439577,0.01806844,0.00033823648,0.032977663,-0.10145058,110.938225,1080.0
6932,180.58735925385642,172.70588007922143,0.017972395,0.00027960318,0.032747764,-0.10211043,111.15331,1080.0
6933,181.3957080092219,173.15062812314406,0.018227048,-0.00028081823,0.032879468,-0.10075607,109.68139,1080.0
6934,180.13382202762588,173.82033651560525,0.01698128,-0.00025165698,0.03283019,-0.10017762,109.11889,1080.0
6935,178.53696845427004,174.68017898732856,0.017207026,-0.0002499333,0.032172848,-0.09997437,108.927345,1080.0
6936,177.36777554239853,175.6877928910142,0.018266099,-0.00023108588,0.032124076,-0.099922575,108.9134,1080.0
6937,176.25598444166425,176.32285222291713,0.01886625,-0.00020924321,0.032169823,-0.09990593,108.921005,1080.0
6938,174.90868466215252,176.11817090625308,0.018332615,-0.00048432525,0.032740757,-0.09926506,108.517746,1080.0
6939,173.50329575644,175.41664888340682,0.017900199,-0.0010384454,0.032684043,-0.09851134,107.78613,1080.0
6940,171.80430617560566,175.17960294742406,0.017152207,-0.0013290688,0.031107273,-0.09729857,106.875206,1080.0
6941,169.09807609093647,176.09444626483858,0.017850013,-0.0017910427,0.029314846,-0.09538125,105.51182,1080.0
6942,165.68675450834476,177.82671591066946,0.017764084,-0.0021695455,0.030174397,-0.09258155,103.19199,1080.0
6943,163.51964799969107,179.1345182956105,0.017925488,-0.0019738092,0.030303108,-0.091921374,103.08915,1080.0
6944,164.21058070703788,179.00563413548835,0.018597582,-0.0018393622,0.032199774,-0.09069437,102.564964,1080.0
6945,167.04943658172422,177.59424293572496,0.018402636,-0.0011380796,0.033606295,-0.08868931,102.1013,1080.0
6946,169.95257232041322,175.7000634522144,0.016534762,-0.0009615863,0.034338437,-0.0865973,100.84067,1080.0
6947,171.7248429327674,173.7136801852661,0.01683539,-0.00030150238,0.035550352,-0.08334825,98.50534,1080.0
6948,172.63630978195997,171.70167369876899,0.017196005,0.0002488878,0.036101647,-0.08264036,97.853325,1080.0
6949,173.1720280685091,170.22457791839187,0.009788683,0.00048898766,0.023950959,-0.08467184,98.36728,1080.0
6950,172.93943487054594,170.07308184021107,0.014437132,0.001115474,0.035331614,-0.08405914,98.24142,1080.0
6951,171.33845427017351,170.98270486814008,0.011853056,0.0010930379,0.03224309,-0.08501728,98.80994,1080.0
6952,168.99579431930576,171.5356279881157,0.017033048,0.0011050189,0.037014235,-0.08524942,99.04047,1080.0
6953,167.40019105755988,170.8655474664623,0.017118072,0.0010596947,0.038806915,-0.08611173,99.76889,1080.0
6954,166.94852281713847,169.87171836864496,0.01695017,0.0010178178,0.040679224,-0.08648286,100.13182,1080.0
6955,166.34512684902785,170.1828140512799,0.01659255,0.0009953816,0.04081062,-0.086565085,100.30207,1080.0
6956,164.16390447123476,172.37649418369472,0.016093388,0.00071535463,0.041875627,-0.08655534,100.301765,1080.0
6957,160.40385467295744,175.61202164988725,0.016800774,0.00040492305,0.041400146,-0.08701307,100.7143,1080.0
6958,156.57401952914427,178.3953155102389,0.016274799,7.587009e-05,0.040027335,-0.087144695,100.55041,1080.0
6959,154.47503985194916,179.53087337761025,0.016538069,0.00032594468,0.04050946,-0.08752046,100.94705,1080.0
6960,154.47116439711667,178.86696303006835,0.016000733,0.0005134865,0.042511806,-0.08578579,100.08475,1080.0
6961,155.0633162188444,177.122057753827,0.016367313,0.00053727895,0.04303747,-0.085177414,99.527245,1080.0
6962,154.45577509637604,175.09697811254915,0.015532628,0.0021188525,0.043428916,-0.086589955,101.24065,1080.0
6963,152.21681287122473,173.4214612593392,0.015559133,0.0017044633,0.04290345,-0.08581291,100.95401,1080.0
6964,149.46558516939635,172.5328032048414,0.014732248,0.002141345,0.04333386,-0.08597774,101.73865,1080.0
6965,147.75689123360652,172.2959655736099,0.0148597155,0.0019061901,0.04331815,-0.08591591,101.94741,1080.0
6966,147.88227266302093,172.04041053104743,0.015046155,0.0015760633,0.04401646,-0.08566448,102.02867,1080.0
6967,149.55075102550953,171.35819320708333,0.014746857,0.0022699144,0.04306095,-0.08692887,103.3291,1080.0
6968,151.72188150008643,170.5832883277214,0.015126715,0.0021037913,0.04420635,-0.08753761,103.8927,1080.0
6969,153.3432087188505,170.22502919806266,0.015786009,0.002036794,0.04587216,-0.08830321,104.774765,1080.0
6970,153.9664923053778,169.74564369513152,0.01520188,0.0019406637,0.04779844,-0.08806596,104.94563,1080.0
6971,153.54378567480555,167.50824694437927,0.015878607,0.0020124647,0.049304593,-0.08581376,103.23139,1080.0
6972,152.14434383885668,163.24770637169237,0.01575097,0.0021791246,0.04766942,-0.08402512,101.96111,1080.0
6973,149.98360672329238,159.28454326260956,0.013988862,0.0023129217,0.051697627,-0.08229139,102.2169,1080.0
6974,147.41123762500132,157.4732271946387,0.013870521,0.0022991886,0.053416725,-0.08180734,103.13526,1080.0
6975,145.36075710404316,156.9614945327853,0.014670449,0.0023054334,0.052708942,-0.079807505,99.0405,1080.0
6976,145.44097513450654,156.26144782036337,0.015879907,0.0020182575,0.05194058,-0.078608364,95.07472,1080.0
6977,148.30453915466364,155.19787899314906,0.016355641,0.0008755719,0.0517304,-0.07591304,91.93489,1080.0
6978,152.35177156564194,154.01059456369381,0.01220576,0.00087777595,0.046020225,-0.072402164,84.11752,1080.0
6979,155.07316386942895,152.567737243699,0.008206544,0.0011446917,0.033598073,-0.06321795,76.168495,1080.0
6980,155.18647453754878,150.89299082522248,0.006746815,0.0028864825,0.033060286,-0.06432467,78.93682,1080.0
6981,153.17293170161042,149.4043001215787,0.0044668973,0.0037449307,0.03179502,-0.06434066,79.923096,1080.0
6982,150.3590087053889,148.35135748565344,-0.0018033063,0.002639375,0.013537937,-0.06816443,80.3614,1080.0
6983,147.68172470713674,146.85026398431035,-0.009834572,0.0009490967,-0.0015160737,-0.070317276,80.85305,1080.0
6984,145.59175754834502,143.84943221423194,-0.013183227,0.00082663074,-0.017501237,-0.071124464,80.67903,1080.0
6985,144.43712875203187,141.14590027627995,-0.012866861,-0.00032029327,-0.014122433,-0.07525587,82.194534,1080.0
6986,144.34011982841113,142.3265053292097,-0.016310882,0.0006384673,-0.031387046,-0.07260053,79.182335,1080.0
6987,146.48142050116707,147.19282503419896,-0.017352633,0.00065697567,-0.03810911,-0.069452725,79.710205,1080.0
6988,152.7267983491975,150.82985495637834,-0.017675893,0.0005407263,-0.04039736,-0.07059321,82.97228,1080.0
6989,161.9425804654183,149.7994922180023,-0.01768132,0.0018304895,-0.044177417,-0.06840781,83.69962,1080.0
6990,170.23121764152438,146.52719267192592,-0.017698245,0.0037980822,-0.047967672,-0.06820399,84.067894,1080.0
6991,174.23746222917984,146.0674068279534,-0.018852064,0.0032888907,-0.046471037,-0.06495076,80.78919,1080.0
6992,172.40291593524412,150.20439555971095,-0.01892169,0.003999837,-0.04549976,-0.06675822,82.76158,1080.0
6993,166.59479247525414,155.9760886821579,-0.01826932,0.0035476403,-0.049347065,-0.06603181,82.8594,1080.0
6994,162.29572060654914,159.6144491567809,-0.018511906,0.003669315,-0.051299907,-0.06476997,81.69393,1080.0
6995,163.61268154286248,160.49422718453116,-0.017604234,0.0039654765,-0.05489889,-0.066906035,85.21925,1080.0
6996,168.79246523686555,160.0983461190183,-0.018765118,0.0035817465,-0.0530714,-0.065433756,81.90685,1080.0
6997,172.17682648793303,159.16392873819424,-0.019481828,0.0032977634,-0.047219735,-0.06780141,82.60566,1080.0
6998,169.9819491352732,157.4098888334294,-0.019861123,0.0028502853,-0.045420386,-0.06896984,83.35976,1080.0
6999,163.77308832118462,154.26070808426292,-0.019921394,0.0031918562,-0.04111444,-0.06874483,82.49724,1080.0
7000,157.9585041837248,149.21389717963316,-0.018277232,0.00354959,-0.042932298,-0.06772749,81.933014,1080.0
7001,154.6818092910341,142.947897063081,-0.018077511,0.00400077,-0.040959224,-0.06757569,81.01684,1080.0
7002,152.83753719212982,137.87368055688106,-0.019054668,0.0039970963,-0.04098573,-0.06890154,81.558815,1080.0
7003,151.63665160789483,136.1154554411761,-0.01712234,0.0035076847,-0.040293377,-0.06968632,82.34758,1080.0
7004,152.6296346552219,137.50223604359067,-0.019150741,0.0033517343,-0.040614232,-0.069810316,82.6459,1080.0
7005,156.3916673153922,140.2299937455582,-0.01808579,0.0028561063,-0.03962411,-0.06866026,80.78893,1080.0
7006,160.29752513826753,142.4558904287262,-0.016094858,0.00262519,-0.037370186,-0.06879863,80.70608,1080.0
7007,162.48665495016343,143.4355746601802,-0.015938539,0.0023572568,-0.037156735,-0.069538854,81.20104,1080.0
7008,163.98148896288433,144.4299258046811,-0.014977293,0.0021743493,-0.035838712,-0.07020213,81.08075,1080.0
7009,165.85950330704762,147.8790567927569,-0.0151432175,0.0016672205,-0.035374057,-0.07096125,81.199684,1080.0
7010,168.45051822431427,154.39812387845643,-0.016160358,0.0016959861,-0.040692054,-0.06963156,81.39514,1080.0
7011,172.03697162358552,162.05115991154076,-0.016135661,0.0024047287,-0.04237199,-0.06972764,82.460976,1080.0
7012,175.95072498176674,169.01788473018945,-0.016842933,0.0024859675,-0.043250132,-0.06903981,82.20737,1080.0
7013,178.56218509928718,174.6274702578315,-0.017094025,0.0030461347,-0.043823753,-0.069237545,82.89222,1080.0
7014,178.85221855593187,178.33287524581456,-0.017066842,0.0027886003,-0.045435954,-0.0705643,84.30634,1080.0
7015,177.4445592320319,179.77519888882443,-0.017111262,0.0027834575,-0.049285635,-0.07051219,85.12179,1080.0
7016,175.7512681753917,179.5540196288008,-0.01605948,0.0029561361,-0.048204973,-0.07204937,86.62562,1080.0
7017,174.34357673342453,178.90241339067367,-0.016663898,0.0032367283,-0.049620084,-0.073014975,87.8833,1080.0
7018,173.08143499325476,178.41660890956211,-0.01695941,0.0030654625,-0.04858144,-0.07307346,87.99236,1080.0
7019,172.1859349725473,177.49147491423977,-0.016997613,0.0030493843,-0.04872643,-0.07259191,87.87875,1080.0
7020,171.85561221071958,175.35972448951523,-0.016693963,0.0028267473,-0.048830017,-0.07207057,87.55717,1080.0
7021,171.68048674341748,172.69131615059354,-0.016517978,0.0031033834,-0.04915808,-0.07220697,88.22362,1080.0
7022,171.44053514965918,171.43748617677127,-0.016139928,0.0030450327,-0.049193826,-0.071657054,87.97041,1080.0
7023,171.71781257933338,172.7233443146123,-0.016158324,0.0032232497,-0.049721867,-0.07133328,88.240814,1080.0
7024,173.1434660957934,175.5953583061851,-0.01595165,0.0032088668,-0.049435254,-0.07212355,89.31873,1080.0
7025,175.500343088722,177.98253917132303,-0.016345074,0.0031166924,-0.04991229,-0.07303993,90.02101,1080.0
7026,177.85885102475544,178.5411900357122,-0.01670035,0.002830025,-0.0500167,-0.073197454,89.901924,1080.0
7027,179.3095735122692,177.42528792845434,-0.016599104,0.0027080677,-0.04952876,-0.07336689,89.78713,1080.0
7028,179.49227597626685,175.45065380030113,-0.016402096,0.0027838813,-0.049004674,-0.07361108,90.28838,1080.0
7029,178.65339355630317,173.12663893939626,-0.016252447,0.0027991682,-0.048206132,-0.073899105,90.24609,1080.0
7030,177.33800138966734,170.63915200914877,-0.016395824,0.0027503686,-0.047284503,-0.07403279,89.887764,1080.0
7031,176.2106854123548,168.64868655555165,-0.016041763,0.0023296215,-0.045201592,-0.0738116,88.9317,1080.0
7032,175.90343777081793,168.5457928051546,-0.01581435,0.001859566,-0.04262896,-0.07414025,88.17435,1080.0
7033,176.4993943514675,171.01189060288823,-0.016025968,0.0014606899,-0.04101588,-0.075047895,88.22176,1080.0
7034,177.33437182377074,174.8365599028526,-0.015862614,0.00095067907,-0.039361347,-0.07573005,88.07443,1080.0
7035,177.67909932009886,178.00236324324766,-0.015716638,0.0007268835,-0.03790953,-0.07701854,88.26733,1080.0
7036,177.4644211088856,179.5040831190642,-0.0159755,0.00043182372,-0.03696518,-0.07770914,88.20155,1080.0
7037,177.14091238548352,179.69893950169063,-0.015982818,0.00016801622,-0.034973003,-0.07857411,88.14503,1080.0
7038,177.13846121913804,179.3547653072998,-0.01582133,-4.8347756e-05,-0.033275153,-0.07922248,87.74477,1080.0
7039,177.61173490181463,178.8733904717716,-0.015800731,1.8141005e-05,-0.032035377,-0.07951243,87.51058,1080.0
7040,178.35393606528515,178.33614509512776,-0.015404652,-0.0002550761,-0.030688731,-0.07913364,86.89331,1080.0
7041,178.88582662922025,177.84616234122393,-0.015522173,-0.00022809063,-0.030077701,-0.07884978,86.50846,1080.0
7042,178.84395461474884,177.57010869273736,-0.015840884,-0.00011763396,-0.029726636,-0.079238564,86.79487,1080.0
7043,178.2160727906839,177.56094576460924,-0.016145805,-0.00017485442,-0.029523468,-0.079049215,86.62391,1080.0
7044,177.31053259667732,177.6330686246822,-0.01592396,-0.00051814894,-0.028534219,-0.07882372,85.938896,1080.0
7045,176.75959518187457,177.4375464843702,-0.015943993,-0.00047395495,-0.028900824,-0.079142675,85.80982,1080.0
7046,177.07191571451824,176.8454634454804,-0.015864592,-0.0003171285,-0.028999131,-0.07926805,85.614815,1080.0
7047,177.96021824920618,176.21109737137326,-0.015869113,-0.0007847256,-0.028802207,-0.07775108,84.14226,1080.0
7048,178.6372476882638,175.98069022834156,-0.015524659,-0.0004599112,-0.025933499,-0.07876568,85.31828,1080.0
7049,178.6565964561311,176.07412325825078,-0.015474475,-0.0002597385,-0.026388437,-0.07879144,85.559,1080.0
7050,178.2059002040923,175.89885131844392,-0.015413468,-0.0002140469,-0.0274483,-0.078514494,85.26712,1080.0
7051,177.90158082855703,175.04410910220923,-0.015466704,2.7126736e-05,-0.028436026,-0.078382835,85.25538,1080.0
7052,178.2119313014103,173.77363115002422,-0.015535341,0.00032224302,-0.029281927,-0.07847642,85.55623,1080.0
7053,178.81511567055392,172.67137018257287,-0.015417,0.00049037224,-0.030172588,-0.078348346,85.56004,1080.0
7054,178.85077457061408,172.0777127653193,-0.015172746,0.0007382146,-0.029590974,-0.077290855,84.54159,1080.0
7055,177.96628080016103,172.03114676607726,-0.01557928,0.00082502014,-0.029906718,-0.07686306,84.11582,1080.0
7056,176.84608093900857,172.4425675317738,-0.015618105,0.00094516895,-0.030574318,-0.0762763,83.732124,1080.0
7057,176.5634935915702,173.21201303162297,-0.015582897,0.0011477435,-0.031102046,-0.07579744,83.35289,1080.0
7058,177.41557833571656,174.1649758228309,-0.016107913,0.0014480308,-0.033373598,-0.074917234,82.91264,1080.0
7059,178.60467659857684,175.02729471594375,-0.01621998,0.0015840036,-0.034988374,-0.0733659,82.09438,1080.0
7060,179.22207615088547,175.63596991781358,-0.016063776,0.0016076547,-0.03804471,-0.07156824,81.521965,1080.0
7061,179.2055115199317,175.96717912957317,-0.016005678,0.0015150848,-0.038849782,-0.06999917,80.54009,1080.0
7062,179.06218195270907,176.0832630963261,-0.016022068,0.0021339133,-0.040204253,-0.068629146,80.321785,1080.0
7063,178.97067216498675,175.50849086000545,-0.015314399,0.0022807652,-0.039693084,-0.06781092,79.59713,1080.0
7064,178.4446295529425,172.06169597439094,-0.015732884,0.0024482727,-0.041368216,-0.067918696,80.02305,1080.0
7065,176.7507184418544,164.1402825829,-0.01567575,0.0028227065,-0.042410392,-0.067028895,79.83654,1080.0
7066,173.6785581925639,155.69479700386935,-0.015525818,0.0031107303,-0.042955413,-0.0661462,78.95007,1080.0
7067,169.98073305054533,153.9029948642328,-0.016074117,0.003085101,-0.042086624,-0.06617666,78.9402,1080.0
7068,166.9189847438272,160.19203080777032,-0.015790135,0.0031012075,-0.04270449,-0.06646095,79.271614,1080.0
7069,165.58489812003484,168.98382813652015,-0.015791547,0.0035167553,-0.042440683,-0.065317675,78.097626,1080.0
7070,166.438378348968,175.0919817613028,-0.0155674685,0.0033575553,-0.043216676,-0.064922534,77.9164,1080.0
7071,168.81419054841675,177.2997718114489,-0.015474617,0.0031255085,-0.04289839,-0.06567233,78.23205,1080.0
7072,171.30596786582342,176.204584306666,-0.0151331015,0.0029475177,-0.042620625,-0.06550406,77.912,1080.0
7073,173.08162567414743,172.94264615251194,-0.014977632,0.002920391,-0.041831292,-0.06503392,77.32088,1080.0
7074,174.44089279199616,169.60035532376799,-0.014453464,0.0030105873,-0.04121444,-0.06474528,77.055786,1080.0
7075,176.00138915911708,168.2134853795773,-0.0143848,0.0032949941,-0.04140704,-0.06283235,75.56935,1080.0
7076,177.55280531064253,168.9639758890158,-0.014334954,0.0033179107,-0.04326093,-0.061602276,75.067856,1080.0
7077,178.24987236517018,170.33742439567354,-0.01390946,0.0030331365,-0.04263074,-0.0601904,73.71066,1080.0
7078,178.03863923718635,170.99290013647442,-0.013426434,0.0027500577,-0.042106573,-0.059155148,73.136246,1080.0
7079,177.87784110873872,171.02922708721994,-0.012985625,0.002853874,-0.04189176,-0.05798351,72.91739,1080.0
7080,178.33875240478687,171.52690496071872,-0.013229257,0.002657516,-0.041750476,-0.058931872,74.04798,1080.0
7081,178.8874077710339,173.10612482911822,-0.013301934,0.0023502773,-0.041080844,-0.059640955,74.431305,1080.0
7082,178.75091018469632,175.27418592836082,-0.013211794,0.0025644656,-0.039849233,-0.059742004,74.1679,1080.0
7083,177.95637320169465,177.24201445248698,-0.013265539,0.002498994,-0.038700413,-0.060027707,73.82425,1080.0
7084,177.16602809001924,178.68563923289815,-0.013173139,0.0021147835,-0.037216865,-0.061036497,74.23045,1080.0
7085,176.80651961877595,179.512748374527,-0.012985117,0.0019649365,-0.034434285,-0.061806403,73.707275,1080.0
7086,176.89278005811258,179.61227228158435,-0.0127061065,0.0018195258,-0.03275288,-0.06254274,73.417076,1080.0
7087,177.433231940187,179.06859970252924,-0.012654227,0.0014580904,-0.03213173,-0.062316146,72.28511,1080.0
7088,178.37400906111773,178.31389272509756,-0.012432748,0.0014001917,-0.03127707,-0.062443007,72.00199,1080.0
7089,179.28130842148997,177.85813346120597,-0.01208287,0.0011661106,-0.030081064,-0.062250517,71.294914,1080.0
7090,179.62347570987038,177.89598934772118,-0.012098185,0.001193435,-0.02918362,-0.06234388,71.221466,1080.0
7091,179.31688949462227,178.32484421066655,-0.012235175,0.0010062323,-0.026871122,-0.06270796,71.08783,1080.0
7092,178.69166775234729,178.91965424983007,-0.012164307,0.0010342916,-0.02621036,-0.06272171,70.7124,1080.0
7093,178.16023543653785,179.3058132810846,-0.012014714,0.0010936314,-0.024760155,-0.06295299,70.21091,1080.0
7094,178.06688384980984,179.17727002780396,-0.012752166,0.0008884289,-0.02440389,-0.06265033,68.90878,1080.0
7095,178.4472767777827,178.70088212605665,-0.013111651,0.00056067575,-0.022992395,-0.06198171,67.51265,1080.0
7096,178.7989231925874,178.30712730460075,-0.01377004,2.319901e-05,-0.02116801,-0.061421968,66.33978,1080.0
7097,178.3581392134494,178.10266548167547,-0.013872669,-0.00020034226,-0.02029549,-0.060679484,65.07772,1080.0
7098,176.79072668039973,177.79074218910895,-0.01342327,-0.00034818295,-0.01869456,-0.06087453,64.28457,1080.0
7099,174.75314681625892,177.09297051255984,-0.012894128,-0.00039822614,-0.017042654,-0.060014613,62.5596,1080.0
7100,173.50319718498227,176.1511444267804,-0.013102778,-0.00047960636,-0.016103165,-0.059261307,61.516617,1080.0
7101,173.70976830325884,175.41183395840224,-0.013199248,-0.00047997368,-0.016884472,-0.057287585,60.413143,1080.0
7102,174.9028515467834,175.21385341858135,-0.012678076,-0.0008600023,-0.015859533,-0.057495568,60.974236,1080.0
7103,175.80631884799064,175.73003220847284,-0.012569004,0.00019093267,-0.015957415,-0.05807344,61.893536,1080.0
7104,175.2340910340095,176.85061053027732,-0.012689661,6.7477755e-05,-0.016783426,-0.05720469,61.091335,1080.0
7105,173.3735089001549,178.0346925435022,-0.012557022,-5.9283222e-05,-0.017531501,-0.057198092,60.99761,1080.0
7106,171.93388916690145,178.73003944378237,-0.012191264,0.0009741607,-0.017648542,-0.05662863,60.974876,1080.0
7107,172.48271373634074,178.7016578394906,-0.010963609,0.00023939344,-0.01739078,-0.056174174,60.578796,1080.0
7108,174.56699352341042,177.99923191796992,-0.010457187,0.0009311252,-0.01734749,-0.0560587,59.808266,1080.0
7109,176.0107809086316,176.99479229347145,-0.0107526425,0.0010564734,-0.019674739,-0.054561205,58.097267,1080.0
7110,175.6089649214076,176.17557900600062,-0.011548529,0.00032975938,-0.019355265,-0.056006085,59.262234,1080.0
7111,174.3830398117271,175.77693311166468,-0.012073489,-0.00025742143,-0.0181787,-0.057152756,59.866066,1080.0
7112,173.87201535494293,175.55956050640123,-0.012014996,-0.00017219826,-0.01974295,-0.05654219,59.507416,1080.0
7113,174.73304899192735,174.42497148631432,-0.012725717,-0.00043142814,-0.017552072,-0.055176854,59.500603,1080.0
7114,176.68567022762446,171.2768312948906,-0.013049203,-0.00045177317,-0.018424649,-0.055443108,59.941265,1080.0
7115,178.57223436891255,167.39003800365657,-0.011256183,-0.0003536931,-0.02362117,-0.055030853,59.348385,1080.0
7116,178.71281300903254,165.94457963180346,-0.011530614,-0.00020825422,-0.0234479,-0.054134667,59.061935,1080.0
7117,176.31810796499317,167.73166743656907,-0.011081215,-0.00021955703,-0.023995632,-0.051004905,56.679867,1080.0
7118,172.9942016405996,169.63654934600183,-0.011789675,0.0009039702,-0.022627145,-0.049908306,55.416267,1080.0
7119,171.45509383961667,169.21058033284098,-0.012280726,0.0007514106,-0.024323924,-0.0489885,54.589504,1080.0
7120,172.45215524496422,168.0018569962557,-0.009530357,0.00071707834,-0.02526539,-0.045950305,53.184406,1080.0
7121,174.4784450509578,168.52365342245832,-0.0102157025,0.00078921847,-0.025634652,-0.04530908,52.869553,1080.0
7122,176.07594800194664,170.80463975545752,-0.010408246,0.0013031571,-0.02510325,-0.044830747,53.269096,1080.0
7123,176.99562688342627,172.96456066767254,-0.009562739,0.00127247,-0.024128327,-0.04452355,52.755787,1080.0
7124,177.4065149003455,173.46392898491413,-0.0090931645,0.0020858764,-0.024001906,-0.043381274,51.533527,1080.0
7125,177.37581899400425,172.3152614019353,-0.00843082,0.0021048652,-0.02181357,-0.042265404,49.79988,1080.0
7126,177.33587904594702,170.41568892900045,-0.009361324,0.0015371252,-0.020579472,-0.043058917,49.92046,1080.0
7127,177.8035483578126,168.7340017851181,-0.008966347,0.001663321,-0.020496849,-0.043331712,50.45015,1080.0
7128,178.4056872641911,168.44196781507304,-0.00889254,0.0016374659,-0.021131389,-0.04344211,50.345493,1080.0
7129,178.09122612060887,169.81702552337543,-0.0089598475,0.0017337092,-0.021388132,-0.043077625,50.160416,1080.0
7130,176.42824079391136,170.88969351820268,-0.0086766,0.0019001148,-0.021096349,-0.044129577,50.925137,1080.0
7131,174.37760520784568,169.85074326861317,-0.00869231,0.0017702173,-0.020380994,-0.044601794,51.11207,1080.0
7132,173.6343949932413,168.02222669397992,-0.00812977,0.001415394,-0.019863892,-0.04385667,49.87337,1080.0
7133,174.8026537755332,168.07230989471796,-0.008169387,0.0013404281,-0.019324522,-0.043324817,48.57069,1080.0
7134,176.60637330397557,170.80919669070508,-0.008230591,0.0012615628,-0.01937465,-0.042393535,47.540688,1080.0
7135,177.6055026043721,174.8699577430367,-0.008373176,0.0011268051,-0.01970164,-0.041801594,46.76943,1080.0
7136,177.61634533492227,178.21197279687973,-0.008578152,0.0009916518,-0.019599123,-0.040756594,45.997936,1080.0
7137,176.9828922300553,179.5380591888403,-0.008426469,0.000895041,-0.019356621,-0.04069676,45.73582,1080.0
7138,175.98800675615186,178.99613600208528,-0.008711582,0.000921207,-0.019428339,-0.040317535,45.610374,1080.0
7139,175.05113807127145,177.7658296533228,-0.008682703,0.00061337504,-0.019736396,-0.040459216,45.696274,1080.0
7140,174.42928773840885,176.77274224385485,-0.0087394435,0.00033478913,-0.019335372,-0.038517322,43.216843,1080.0
7141,174.01227089908156,176.1118037635902,-0.008734922,0.0005920128,-0.01843923,-0.03909162,43.037613,1080.0
7142,173.7556067849983,175.77815114071072,-0.008595502,9.615863e-05,-0.018221764,-0.03957162,43.443123,1080.0
7143,173.78262280754535,175.89551011490119,-0.008437715,0.00033823648,-0.017748967,-0.039717708,43.478622,1080.0
7144,173.97229795603303,176.13529100940661,-0.00823466,0.00019536901,-0.016775966,-0.039794613,43.300674,1080.0
7145,173.98079521700075,176.13219732420376,-0.008116037,0.00020243326,-0.017265942,-0.03792178,41.146294,1080.0
7146,173.7308796207189,176.12087956702035,-0.0074361167,-0.00017017788,-0.017292278,-0.03816859,40.893013,1080.0
7147,173.47376666770145,176.20768584919006,-0.008149437,-0.00024329292,-0.014324386,-0.038183227,40.878345,1080.0
7148,173.50323732199485,176.15049852728515,-0.007481441,-5.548265e-05,-0.011709708,-0.03828419,41.388863,1080.0
7149,173.927852097353,176.18901234244495,-0.0073270444,-0.00014833521,-0.010385697,-0.037700936,40.570885,1080.0
7150,174.4067644340974,176.71512409144344,-0.0071699917,-0.00021455553,-0.009183813,-0.037610147,39.99646,1080.0
7151,174.58310670370273,177.51177966864532,-0.0066745332,-0.00087726733,-0.010312116,-0.03582977,38.26769,1080.0
7152,174.94121893872736,178.0765019624496,-0.0062303897,-0.0007369289,-0.008832748,-0.036153115,38.433796,1080.0
7153,176.1792663036075,178.23154153127993,-0.006239093,-0.0005864885,-0.008931647,-0.03649532,39.149113,1080.0
7154,177.96203373481742,178.22301706461025,-0.006096169,-0.00072369043,-0.009156968,-0.035836015,37.790108,1080.0
7155,179.35345589914164,178.26320561047416,-0.006108941,-0.00065812,-0.00955172,-0.035554647,38.00669,1080.0
7156,179.86447000778927,178.2127477696155,-0.0060555916,-0.0005998682,-0.009605408,-0.035489246,37.326187,1080.0
7157,179.4136424996383,177.8754450685285,-0.0061393455,-0.00075624255,-0.011147111,-0.036201194,37.718616,1080.0
7158,178.12562498371656,177.26992862571706,-0.0060449108,-0.00042915344,-0.0140500665,-0.035017155,36.92344,1080.0
7160,176.52989133661268,176.3086291396993,-0.0069787484,-0.0011040017,0.034145158,-0.07520981,93.45814,1080.0
7161,175.06629643680955,174.78476967252587,-0.011051771,-0.007367141,0.03787288,-0.10016626,117.557655,1080.0
7162,173.4729592223757,173.40500378988156,-0.0045584785,-0.0046129865,0.06022531,-0.10953296,133.61604,1080.0
7163,171.67189943444967,173.585110285429,0.008450826,0.0007139983,0.09909233,-0.09940685,139.49214,1080.0
7164,169.8946780168169,175.53571417039717,-0.010218359,-0.0069146897,0.05711636,-0.12005477,140.81166,1080.0
7165,166.30320039010053,177.71137673064436,-0.012052918,-0.018818496,0.050340667,-0.10877126,122.40238,1080.0
7166,158.38566180685865,177.34239668330625,-0.013507701,-0.014373892,0.049830005,-0.09753435,120.51941,1080.0
7167,148.8727073775861,170.95811910760182,-0.016147472,-0.012003467,0.046957396,-0.09221782,123.0392,1080.0
7168,143.61620775538069,157.51194192051184,-0.0213371,-0.013145334,0.038116284,-0.077889904,107.001,1080.0
7169,142.03209597977514,141.72881553671525,-0.02145137,-0.012104967,0.042685557,-0.07889246,113.94695,1080.0
7170,137.7174359918317,129.1260577950108,-0.018494274,-0.006105889,0.047309764,-0.07326683,109.873215,1080.0
7171,128.93820308588982,118.08294332649957,-0.016499272,-0.0058003743,0.07573027,-0.072153814,128.96672,1080.0
7172,121.83896765782653,104.53865260094291,-0.020039141,-0.008453284,0.0718004,-0.07421621,123.573586,1080.0
7173,122.91094193791152,91.85399948133124,-0.024508102,-0.010504066,0.0664592,-0.07476165,123.66011,1080.0
7174,131.34360281807233,87.10930809474365,-0.019806417,-0.007688876,0.08370774,-0.07225291,133.14279,1080.0
7175,140.09715805661637,92.1758634281455,-0.00869977,-0.0035676463,0.10448755,-0.068690374,146.60371,1080.0
7176,142.89220808534998,104.45879812415873,-0.012810545,-0.0014954744,0.12739976,-0.0702624,163.66882,1080.0
7177,139.4045553669087,118.40566667083921,-0.017056048,-0.006694568,0.12774229,-0.07043123,164.63348,1080.0
7178,136.55285904845744,125.33719856062174,-0.018283194,-0.0029838562,0.14191651,-0.064697094,176.22046,1080.0
7179,142.58267379404955,121.28299748644169,-0.017083514,-0.0056346185,0.15007867,-0.0681132,181.66817,1080.0
7180,156.75305574698814,112.07996407858656,-0.013008118,-0.008008321,0.15940778,-0.0666732,184.76985,1080.0
7181,168.97200205561248,106.14063570137333,-0.015747748,-0.008626104,0.16068336,-0.06248169,187.84468,1080.0
7182,170.8561714151746,106.73999127739428,-0.01761842,-0.008401461,0.15860178,-0.05868937,184.05412,1080.0
7183,163.32215605612421,111.79215696242237,-0.01543856,-0.009024415,0.16817458,-0.059318006,188.73746,1080.0
7184,153.2703573870687,117.2534534896033,-0.010244836,-0.0057036504,0.17687316,-0.04710329,195.68166,1080.0
7185,145.87069488966173,120.39405201442231,-0.010250798,-0.0012246873,0.17259121,-0.035566147,195.05505,1080.0
7186,141.05857910195922,121.75059231156295,-0.005833209,-0.0019079986,0.1795333,-0.034735702,197.90182,1080.0
7187,136.04261280924862,123.52213926458268,-0.0076225,-0.0064420914,0.17100649,-0.04340662,191.20024,1080.0
7188,130.4973321416206,126.14383082762573,-0.0044116834,-0.008793244,0.17545655,-0.048435748,195.29092,1080.0
7189,128.46253703864107,129.20289527429412,-0.0058918423,-0.011034563,0.17512931,-0.067057684,201.79352,1080.0
7190,132.1670360984231,133.6537356472761,-0.0054173223,-0.011933843,0.17040077,-0.073863335,202.551,1080.0
7191,136.3094261187323,139.06416632222752,-0.004576902,-0.018328631,0.16478808,-0.08145583,198.414,1080.0
7192,133.94218507432967,142.12284069627717,0.0015313608,-0.01864754,0.18041053,-0.087133504,215.1595,1080.0
7193,125.09237771056584,141.5013404141942,0.0012295758,-0.01883333,0.17031555,-0.10212126,216.97047,1080.0
7194,116.31384470007029,141.27749955142255,-0.0083675245,-0.015624915,0.16193977,-0.102221705,209.14575,1080.0
7195,114.70514068554303,146.53243632324373,-0.009844575,-0.01638195,0.16127692,-0.10826456,212.3712,1080.0
7196,121.49210223850159,156.00991265625436,0.0028843067,-0.012773471,0.18172653,-0.101651795,213.05112,1080.0
7197,129.3368374025556,161.06050413399376,-0.00799035,-0.012621957,0.17280866,-0.10124938,211.79909,1080.0
7198,129.0325776334478,153.5634391066652,-0.008592563,-0.006061158,0.17369972,-0.09610285,208.36235,1080.0
7199,119.51867073750115,135.09937064028594,0.008491855,-0.0040265117,0.18893506,-0.08805768,204.98888,1080.0
7200,108.33430838792566,115.86023350984613,0.0022210015,0.0029590183,0.18678577,-0.057138428,197.06226,1080.0
7201,102.57171601739265,104.05458814618379,0.008716329,0.0060466058,0.17880933,-0.051657163,183.10042,1080.0
7202,103.02094998687005,100.9334812352663,0.015289872,0.005880879,0.1771533,-0.05700938,176.02899,1080.0
7203,107.51840941829046,105.45659341580674,0.011948423,0.00761261,0.1693555,-0.056922913,166.9842,1080.0
7204,114.92254806615841,116.09817455578003,0.014091774,0.007345638,0.16569869,-0.049476255,156.41922,1080.0
7205,124.48498495208598,128.72575448473793,0.018048547,0.004932912,0.16159922,-0.05567189,152.85564,1080.0
7206,134.56445501127072,138.89241653557048,0.011786284,-0.0013129906,0.15558574,-0.06248994,151.88841,1080.0
7207,142.05826830508693,144.38159746846006,0.012928376,-0.007868901,0.14389315,-0.07034262,140.64888,1080.0
7208,143.87029093208355,144.47357940369147,0.009275988,-0.0062545496,0.13675769,-0.070433244,136.0464,1080.0
7209,141.0653142823566,140.75675661735752,0.011302128,-0.0057808487,0.130959,-0.06558547,130.67004,1080.0
7210,139.32216984738753,137.63860208794532,0.011759892,-0.0026867054,0.12998019,-0.054634377,128.25359,1080.0
7211,142.90626082471888,138.87108440333338,0.012925607,9.437844e-06,0.12874581,-0.0529992,124.40452,1080.0
7212,149.7177523661592,143.3918511380437,0.0081987735,0.0056247287,0.10662333,-0.03713037,110.897644,1080.0
7213,153.6739067840674,146.002505984574,0.009666104,0.0046082675,0.11087652,-0.04214955,104.65976,1080.0
7214,151.632216188995,143.81727871005947,0.013510132,0.0033936393,0.10558398,-0.04170405,96.553955,1080.0
7215,147.295530207411,140.61587402478628,0.020034904,0.0032869128,0.10935935,-0.03470301,90.71588,1080.0
7216,147.2846894696714,142.48035180421024,0.022913842,-0.0034004494,0.10798289,-0.044058397,89.2729,1080.0
7217,153.30369393863617,150.55785806699336,0.022313267,-0.0043432163,0.10671042,-0.0487557,90.10336,1080.0
7218,160.56558565924968,160.2541546967366,0.021053059,0.0025720103,0.09723482,-0.031562608,78.1488,1080.0
7219,164.3818909963455,166.7160412795152,0.0004102919,0.0054244995,0.04025732,-0.0063982364,45.98913,1080.0
7220,164.82545129965402,168.79030052394768,0.0079419175,0.0057058265,0.04698164,-0.017935406,56.845795,1080.0
7221,164.43886281518326,167.69321240227498,0.0032014635,0.010283632,0.031383485,-0.0046832613,41.555176,1080.0
7222,164.4758082469357,164.617795659701,0.0014286182,0.009953082,0.031364497,-0.013773601,45.91435,1080.0
7223,164.2591974774908,160.757660805021,0.0054423013,0.009496449,0.04342352,-0.015185773,51.32784,1080.0
7224,163.16344385468824,157.60247775016845,0.0039828266,0.00971335,0.039391864,-0.012492314,45.711533,1080.0
7225,161.2760614633274,155.25999280017842,0.019888306,0.008965556,0.095911495,-0.016386978,75.60197,1080.0
7228,154.84561165343527,150.78442670773282,-0.030004205,-0.0050318683,-0.2720287,-0.052038405,233.20999,1080.0
7229,134.39450412201745,139.4423377450423,-0.026564421,-0.0023950364,-0.2764307,-0.051447295,243.01884,1080.0
7230,100.50085695430073,121.6266766190653,-0.011227643,-0.008779088,-0.24897845,-0.060418446,248.27672,1080.0
7231,78.10945340425933,107.87657587503281,0.0024759928,-0.046279937,-0.1943383,-0.14834261,229.57715,1080.0
7234,91.21564381946655,106.62929836448771,-0.012876836,-0.020226033,-0.21036106,0.11975069,265.09888,1080.0
7235,128.57249236870155,112.42891672253715,-0.01676161,-0.010502766,-0.12609327,0.057347644,118.879234,1080.0
7238,158.65173958451177,115.62439047991603,0.0013606319,-0.0373935,0.17658928,-0.07040476,177.02841,1080.0
7241,166.39274196415855,112.43705133246492,0.026852418,-0.023770932,0.26046538,0.05693577,227.13681,1080.0
7242,157.97769513652574,106.87526282142338,0.019413589,-0.021377422,0.24417272,0.058550205,226.85942,1080.0
7243,144.21223622593635,108.17306650602882,0.007994701,-0.01910389,0.24712965,0.08084072,253.00322,1080.0
7244,130.45053960662975,117.54273683572872,-0.0071500423,-0.008670581,0.23940565,0.11511883,287.73624,1080.0
7246,116.97779682766016,124.11015125751632,-0.0049358224,0.036395237,-0.14186594,0.08520497,165.57834,1080.0
7247,106.49145615855073,122.696437611188,-0.0065210415,0.036684502,-0.15116538,0.07637309,166.10268,1080.0
7248,105.07308039412554,123.63594100018656,-0.021915803,0.021409212,-0.1709649,0.03887637,140.31424,1080.0
7249,113.72969787330184,137.09665905758837,-0.0058842413,0.023848273,-0.17694047,0.03919856,176.59352,1080.0
7250,128.86284178134855,158.42792629914732,-0.017390046,0.006066527,-0.19198145,-0.015104647,164.58646,1080.0
7251,146.73285662668522,173.89942894267173,-0.009307861,0.024905764,-0.16385774,0.024563825,129.09558,1080.0
7252,160.0473303592767,174.2514095824406,-0.006681202,0.037917696,-0.14041166,0.050310772,124.984375,1080.0
7253,158.88170983095955,162.12919809097724,-0.011128743,0.03546507,-0.15856448,0.026392648,152.46526,1080.0
7254,140.42173584783137,147.58839449846488,-0.016112039,0.030164195,-0.17017923,-0.007877378,166.4254,1080.0
7255,111.57283673609086,137.23147005153666,-0.017425537,0.03200051,-0.16970299,-0.0059564663,164.9675,1080.0
7256,80.98957115614317,130.20013444584072,-0.0137311015,0.020089919,-0.1713636,-0.018295543,177.90631,1080.0
7258,58.91940973169276,123.21354511476787,0.016633097,0.02480449,-0.05381074,-0.02326581,136.76683,1080.0
7259,59.22841997584084,115.5240275655006,-0.00959823,0.0049400046,-0.12251887,-0.08160429,152.05006,1080.0
7260,81.25031549895267,103.28559705535332,-0.0026187473,-0.011930452,-0.13120642,-0.108921476,198.38583,1080.0
7261,98.66598277681565,79.06381624109628,0.012449929,0.006691431,-0.12682953,-0.07541105,203.10608,1080.0
7262,89.73719589222844,52.5726684743309,0.007228823,0.01191525,-0.1385906,-0.04135519,183.34143,1080.0
7263,65.98574193712334,49.25690632195612,-0.015857385,0.016682435,-0.15771553,-0.048623517,183.30376,1080.0
7267,51.378744632849916,71.80047998338195,-0.04981644,0.006590497,-0.107531905,-0.16401988,190.05237,1080.0
7268,54.38815372527519,94.00899572237428,-0.061728187,0.00929249,-0.120863795,-0.18248695,210.32542,1080.0
7269,73.58945455946538,100.62294890892558,-0.06682801,-0.0015367861,-0.12460457,-0.21715416,240.76077,1080.0
7270,102.39066162231605,104.7068192089813,-0.07871212,-0.0048378273,-0.12791415,-0.2578292,275.17792,1080.0
7271,126.2850176130431,122.88844628317715,-0.09597309,-0.0138286445,-0.12594429,-0.26562187,274.4275,1080.0
7272,137.6636212530587,152.29784733930492,-0.09989285,-0.031003429,-0.11768759,-0.2689795,270.95602,1080.0
7273,144.0262249153518,176.63210961097508,-0.10286583,-0.038451526,-0.104475796,-0.2733984,273.7905,1080.0
7274,153.03074470737437,184.81493973739177,-0.101835236,-0.045503262,-0.09886124,-0.24403,239.42395,1080.0
7275,162.48043801309677,178.93683679261017,-0.09630387,-0.032830413,-0.10835905,-0.25538048,245.90445,1080.0
7276,167.70526385109036,169.08965222497534,-0.08823649,-0.031902906,-0.09650862,-0.2684328,262.16046,1080.0
7277,169.18361370167855,163.68521870324403,-0.081278995,-0.03675218,-0.0980896,-0.28729835,270.18036,1080.0
7278,169.82603007709957,164.6365454678347,-0.08017912,-0.041753754,-0.08654107,-0.22654225,215.8399,1080.0
7279,169.81216879076146,167.4921242137182,-0.09496415,-0.0147922095,-0.082952484,-0.21486607,216.46794,1080.0
7280,167.7487262811516,163.42237314570949,-0.09119817,-0.015834695,-0.070248246,-0.23427033,231.25232,1080.0
7281,165.0908674845832,149.7263967879183,-0.087683275,-0.016440667,-0.079147734,-0.24073145,234.67723,1080.0
7282,165.6756235698942,137.82597200858882,-0.08905193,-0.016256347,-0.092663236,-0.22002001,240.39844,1080.0
7283,170.33347198471077,139.1028960515742,-0.08526685,-0.010769286,-0.080742955,-0.18582062,240.41745,1080.0
7284,174.8149413265438,149.36963457319925,-0.08804367,-0.011396507,-0.042582758,-0.30241346,314.66238,1080.0
7285,174.9114674347167,157.35272396146607,-0.08807786,-0.017640743,-0.057709023,-0.29147077,313.17493,1080.0
7286,171.72065267994375,160.29383945234062,-0.0793036,-0.023579717,-0.02781762,-0.32193205,344.66916,1080.0
7287,169.53511445002266,162.8544314855091,-0.07996374,-0.028469425,-0.010408076,-0.37544826,388.3107,1080.0
7288,170.46367750580924,163.97946494301695,-0.072829634,-0.030195985,-0.016804505,-0.36418068,402.88043,1080.0
7289,173.45946419134717,154.03601498474765,-0.07480983,-0.03088232,-0.027150642,-0.3190279,354.85995,1080.0
7290,176.6311553227853,130.0724666530088,-0.08306642,-0.03499496,-0.023567764,-0.28880748,309.05,1080.0
7291,178.59441580764877,106.95308125763518,-0.07902645,-0.04105773,-0.033438787,-0.26195917,277.14474,1080.0
7292,178.78777271836552,103.42652637826419,-0.06638828,-0.03698041,-0.00974771,-0.26095897,267.9777,1080.0
7293,177.5791043645893,120.53312747180127,-0.06719925,-0.030566236,0.021914503,-0.2699082,265.86917,1080.0
7294,175.8503448617906,141.7249228551303,-0.07796179,-0.01775428,0.030926062,-0.28497553,313.42032,1080.0
7295,174.44106933922984,151.0349106268056,-0.079042055,-0.013716351,0.005678078,-0.2758119,305.66425,1080.0
7296,174.14472668756838,146.58462931303796,-0.077432424,-0.015956765,0.024785133,-0.27842015,313.9397,1080.0
7297,175.3130525682567,138.63639370011046,-0.07502928,-0.023944713,0.073127635,-0.30518386,338.56134,1080.0
7298,176.92856673965542,137.29985541621053,-0.07465289,-0.027151234,0.08176597,-0.30369195,341.71304,1080.0
7299,177.3019556812004,143.566269124106,-0.059014894,-0.038971964,0.13440959,-0.32247865,342.20197,1080.0
7300,176.00853581984464,150.71081047917951,-0.046525404,-0.036706883,0.15293404,-0.30602068,324.14606,1080.0
7301,174.37095115790567,151.83281335589402,-0.06340434,-0.041065525,0.15216641,-0.30150622,335.58884,1080.0
7302,173.9817402571876,146.83003408386534,-0.049826615,-0.028817523,0.13387558,-0.2409889,299.1742,1080.0
7303,175.03815860023016,142.05970907550793,-0.06915286,-0.031660914,0.12038037,-0.25108638,302.30695,1080.0
7304,176.46021451643568,143.39739283942413,-0.07056396,-0.04031892,0.08689174,-0.23508318,269.3269,1080.0
7305,177.4116937600677,151.49316772490474,-0.068409026,-0.04145087,0.088005066,-0.23868942,282.32523,1080.0
7306,177.90653199358883,162.52636154268896,-0.058995396,-0.03993584,0.08135534,-0.21653296,279.33905,1080.0
7307,177.8630100303159,171.3797175025661,-0.057714194,-0.03253329,0.07644896,-0.20332293,262.04355,1080.0
7308,176.65748180400408,174.17215297033,-0.054011226,-0.028335204,0.0783497,-0.17361422,263.77145,1080.0
7309,173.9999630054692,169.99871371535474,-0.036790747,-0.04215424,0.14492571,-0.23670827,301.30878,1080.0
7310,168.92269499926144,162.0179169959425,-0.034063127,-0.050649006,0.16659051,-0.24977481,333.27896,1080.0
7311,158.2363685295945,155.50407060042832,-0.034293395,-0.051558487,0.17141014,-0.24080946,335.73517,1080.0
7312,141.382820727691,153.77924882428223,-0.032973792,-0.056139994,0.16994527,-0.2287704,326.94574,1080.0
7313,125.7601800294949,155.78750102634748,-0.0079817595,-0.054669727,0.29680339,-0.21838959,363.832,1080.0
7314,120.52038377017334,157.2829402661694,-0.009949832,-0.048115708,0.31775954,-0.2135699,390.6544,1080.0
7315,126.39573994064064,155.31232190694968,0.0046294318,-0.035789773,0.313571,-0.20753214,369.4525,1080.0
7316,136.007645738729,151.2592969109602,0.0059385793,-0.013488063,0.3213845,-0.17677629,382.68387,1080.0
7317,141.62541815927287,147.8925514589115,-0.021371912,-0.016862007,0.2988176,-0.17246456,398.90723,1080.0
7318,139.78429810391043,143.88601069162686,-0.033819072,-0.0178089,0.2586346,-0.17750071,387.99826,1080.0
7319,131.52488131007172,134.67765107452374,-0.061428156,-0.01369044,0.21169117,-0.1746163,359.69916,1080.0
7320,121.10492944421729,120.11966046110102,-0.057362508,-0.013046406,0.21889089,-0.17399059,365.2799,1080.0
7321,113.9123370420996,106.3050354712414,-0.05247167,-0.013985839,0.2424124,-0.15858918,360.19965,1080.0
7322,114.47716150031593,98.44009664141976,-0.05105896,-0.0151236355,0.2897561,-0.14738765,370.3373,1080.0
7323,123.63146303703866,97.20763731864042,-0.0555375,-0.009166944,0.31072202,-0.119532295,369.51657,1080.0
7324,136.48945331629835,101.18809539606288,-0.045884423,0.0009766473,0.3580155,-0.098267235,400.35962,1080.0
7325,146.3572094789742,108.15558975992569,-0.038191702,0.016347136,0.40320396,-0.06379055,416.72354,1080.0
7326,151.15270863803613,115.1774320144139,-0.035885,0.017836055,0.4083504,-0.098559484,442.4622,1080.0
7327,154.04718463395025,119.83390197310037,-0.053543262,-0.014055662,0.37486413,-0.15380427,436.90823,1080.0
7328,158.64912492748124,121.41390442020528,-0.046241987,-0.0081029255,0.3979187,-0.10418057,443.52936,1080.0
7329,165.44648521295875,120.99732173589872,-0.044552498,-0.01726142,0.39911297,-0.10102143,452.31955,1080.0
7330,171.99035006535527,120.2952259817363,-0.040862642,-0.009580655,0.4242686,-0.062696755,469.0863,1080.0
7331,174.56542132819126,120.5045231716266,-0.05389636,-0.009001669,0.39690372,-0.06455759,457.08417,1080.0
7332,170.88241696712865,121.55392198685666,-0.041273896,-0.0018607528,0.41842696,-0.051623873,472.44623,1080.0
7333,162.64805514218597,120.89562666637201,-0.041383475,0.0060319407,0.426061,-0.04409013,470.93863,1080.0
7334,153.90973064726487,115.73455100448739,-0.027495546,-0.0017031917,0.4342293,-0.038090345,478.45798,1080.0
7335,147.48748604237497,108.57801130904333,-0.022359552,0.011101843,0.46602705,-0.023537558,504.32672,1080.0
7336,144.7414217311019,106.44107984289712,-0.017988248,0.0057219327,0.47284874,-0.01222311,508.18665,1080.0
7337,145.24698021411695,110.57360970100066,-0.020341944,0.0064669573,0.44258955,0.010360209,490.171,1080.0
7338,142.38573637834932,108.93784571120815,-0.022438671,0.012661065,0.43051708,-0.0049527204,480.19272,1080.0
7339,122.73349586505044,87.99288550371136,-0.03057816,-0.0049795643,0.43637696,-0.057619277,498.9119,1080.0
7340,83.27694091022444,54.252943215698345,-0.027628807,-0.015140788,0.46363798,-0.11067638,526.3877,1080.0
7341,48.20829963487199,32.91220050537051,-0.029085625,-0.02026062,0.47136173,-0.13502944,537.22076,1080.0
7342,46.23769091338088,40.58752515639093,-0.033076137,-0.020868711,0.47176784,-0.14754899,552.765,1080.0
7343,76.04317181269259,69.77562450696149,0.0011214645,-0.05074347,0.3968323,-0.168621,446.67117,1080.0
7382,115.46275453492514,105.0206734010387,-0.002077343,-0.019771053,0.28223583,-0.060210813,328.23642,1080.0
7383,149.2723957369275,139.07248821365454,0.00075333205,-0.026345951,0.37820977,-0.06833455,392.16113,1080.0
7384,172.2513284445275,167.10187290096346,0.00026685928,-0.014210708,0.3668162,-0.03884629,396.06128,1080.0
7386,182.71685106783315,182.82043968083755,0.0050400347,-0.0008368598,0.3305476,-0.013193314,355.30225,1080.0
7387,183.06581732504978,185.37814358191258,0.004683996,-0.030384162,0.3566977,-0.08272988,385.075,1080.0
7396,179.0568613975041,180.6614372094887,-0.0004396792,-0.0008162463,0.2620741,-0.02600232,292.42615,1080.0
7397,175.21683946415487,174.80907422486612,-0.0002062197,-0.0019804637,0.24177189,-0.021841798,268.75748,1080.0
7398,171.99408218631044,169.533615799554,-0.00043238886,-0.0004150532,0.21226609,-0.01548695,234.21066,1080.0
7399,168.68264374807907,164.8518888328886,-0.00063612196,0.003492412,0.18706484,-0.0060501383,208.87949,1080.0
7400,167.01633764701901,162.92078052514796,-0.00081527146,0.0032771076,0.17149974,-0.004724799,191.0799,1080.0
7401,168.78135167598248,165.34254947558927,-0.0015565095,0.006622484,0.17663518,0.0061525134,197.26933,1080.0
7402,172.47418860041512,169.99605564967607,-0.0015198884,0.006128523,0.18107864,0.0040738285,207.4054,1080.0
7403,175.00700450347247,173.35431779287492,-0.0027896457,0.0017620228,0.16956505,-0.0049524307,193.44167,1080.0
7404,175.2897886106847,174.0271822995851,0.0028899016,-0.005630458,0.15956296,-0.018709175,170.4941,1080.0
7405,174.79894987233897,173.26425073566116,0.00087924534,-0.0039977534,0.16174679,-0.01620251,180.9882,1080.0
7406,175.05511091776995,172.76047918635288,-0.0018397013,-0.003577529,0.16020915,-0.011353041,181.51186,1080.0
7407,175.71936300994082,172.7974095822749,-0.002742513,-0.0048109195,0.15775321,-0.010947941,179.69603,1080.0
7408,175.53884518541926,172.7903091391377,-0.0027830335,-0.005260983,0.165346,-0.010734862,187.61548,1080.0
7409,174.32380961583817,172.5404877256049,-0.002138491,-0.0045907833,0.16291323,-0.007550939,182.57326,1080.0
7410,173.30945557835392,172.23983374039253,-0.0019720572,-0.0013943354,0.15983954,-0.0054122005,179.8598,1080.0
7411,173.53614473545608,172.02121260450497,-0.0020813553,-0.002045688,0.15693416,-0.006731132,178.96909,1080.0
7412,174.60070079720774,172.02148828862838,-0.00357796,-0.0022908458,0.14966035,-0.0074423472,173.44687,1080.0
7413,175.57064437543013,172.4513716520246,-0.0005154645,-0.0059001497,0.1605215,-0.011779361,175.72696,1080.0
7414,176.2494237900773,173.3772248293779,-0.0017276906,-0.0015150353,0.15346754,-0.005346694,174.40256,1080.0
7415,176.75124239017185,174.5034344468782,-0.0029083253,-0.0012768992,0.14847909,-0.0068040635,172.70529,1080.0
7416,176.68916665986427,175.17890140785843,-0.0013893975,-0.002932153,0.14979294,-0.008888061,167.3565,1080.0
7417,175.66492290271074,174.8233431776675,-0.0016637732,0.0015717047,0.14583412,5.355411e-05,166.55443,1080.0
7418,173.90345270848366,173.50858582459043,-0.0020285712,-0.00033704264,0.1395444,-0.0054545365,157.16068,1080.0
7419,172.0753566266555,172.2141774586645,-0.00018621374,-0.0010388622,0.14200191,-0.009626396,154.65674,1080.0
7420,171.090725374072,172.2714216958785,0.0006648311,-0.0013651389,0.14642265,-0.010520829,157.70346,1080.0
7421,171.5589782453455,174.03375691308167,-0.0009883174,-0.0010236317,0.13396765,-0.01057586,149.5334,1080.0
7422,172.83661624197956,176.26032630029334,0.0005707917,-0.0024783735,0.13481925,-0.012257682,146.05986,1080.0
7423,173.30956774376185,177.31595376973024,0.0012850726,-0.0049423077,0.14464796,-0.019304466,154.00134,1080.0
7424,172.27476697805048,177.00809376370256,0.0007217407,-0.0050178384,0.14004529,-0.018784685,150.27089,1080.0
7425,171.1384057556194,176.5566543553823,0.0014559146,-0.002490305,0.14007026,-0.012658084,148.26013,1080.0
7426,171.8176820204506,176.59262772882056,0.00040865297,-0.00047793917,0.1359084,-0.00950251,147.0884,1080.0
7427,174.2073703019194,176.5801756930923,0.00036259403,-0.0025947005,0.13946974,-0.013245886,150.94113,1080.0
7428,176.35940358224826,176.3264985534402,-0.0013648139,-0.000714295,0.1327765,-0.007518585,149.89914,1080.0
7429,176.7643152995444,176.2227889131434,-0.0010942247,0.0006817853,0.1277281,-0.006560149,145.25974,1080.0
7430,175.49560062029323,176.07900514359375,-0.00075762713,0.00097411824,0.12300641,-0.004792065,139.36066,1080.0
7431,173.5928140360368,175.24513383579054,-0.0015676992,-0.0026971605,0.12207082,-0.012707216,136.9238,1080.0
7432,172.00731758252132,173.5904212005861,-0.0009969076,-0.001818339,0.11950786,-0.0095953485,133.80037,1080.0
7434,167.83550646741926,171.01801496651117,-0.016839147,-0.0071627297,-0.04663442,0.06642414,87.81224,1080.0
7435,153.74605353561336,167.10185168433122,-0.01849857,-0.0063104983,-0.05378904,0.07888392,96.721634,1080.0
7436,133.4865618704898,163.6642011483891,-0.011648503,-0.00713549,-0.04473419,0.075064994,93.24158,1080.0
7437,127.67746215672224,164.48675805025528,-0.0137921935,-0.0062734815,-0.04144779,0.06743475,82.75178,1080.0
7438,146.40646046252326,169.153429929131,-0.013200548,-0.004755628,-0.039520886,0.05742809,73.517105,1080.0
7439,173.53775333514014,172.147497350873,-0.016034218,-0.0058797766,-0.0444935,0.039282933,56.974434,1080.0
7440,188.48660056520697,170.09500511690973,-0.009659265,-0.0054772273,-0.03831934,0.039775226,54.32814,1080.0
7441,186.90255230955987,165.5493726320228,-0.01349753,-0.005767709,-0.04437934,0.03220681,46.993313,1080.0
7442,177.70689417477988,162.53513451210662,-0.01131767,-0.0024480466,-0.040470093,0.023558157,35.037712,1080.0
7443,170.06584755223517,161.62799963692737,-0.010653404,-0.0035057915,-0.037356343,0.02114142,33.16593,1080.0
7444,165.5442311080518,161.83659784060475,-0.008626302,-0.0026383293,-0.043445162,0.022997567,40.767406,1080.0
7445,160.6085990085562,163.831344437887,-0.006945349,-0.0014031022,-0.048322607,0.04177362,58.436478,1080.0
7446,154.91101766468682,167.44382109563145,-0.0066578053,-0.0017553824,-0.04233681,0.041609984,55.64608,1080.0
7447,153.17397860337712,169.49591645609885,-0.0033917462,-0.0011575205,-0.04272687,0.04303408,61.41002,1080.0
7449,157.43280208879895,168.0645613971823,-0.0010018807,-0.00055539166,0.012638685,0.13885567,153.90337,1080.0
7456,163.50573513977645,165.73814820220446,0.017451307,-0.0030032971,0.039818205,0.09933206,113.6224,1080.0
7457,166.70072342088415,165.26402572232084,0.017735234,-0.0015160737,0.027365565,0.08409223,100.269455,1080.0
7458,165.56365654887176,165.36178278675632,0.014637474,-0.00022642348,0.009954269,0.11762783,132.61464,1080.0
7461,162.14049867560388,163.8888862631022,-0.049631696,0.005445551,-0.097107895,-0.077683285,88.585,1080.0
7462,161.21863888732528,162.27737202876892,-0.05068597,0.0073257163,-0.09908176,-0.060690336,83.21218,1080.0
7463,165.26024675456307,163.90986659906014,-0.053806897,0.006779254,-0.102668084,-0.06306155,88.97087,1080.0
7464,171.35823409566723,169.24956321918268,-0.0593854,0.004465767,-0.10908904,-0.075911514,91.82623,1080.0
7465,175.15695189499405,175.01936074093499,-0.056212135,0.009227329,-0.11889451,-0.081305414,97.57209,1080.0
7466,174.8783917665728,178.0870524480508,-0.053580727,0.011352087,-0.12767713,-0.07676137,103.37747,1080.0
7467,171.64057624110418,178.0980339644762,-0.05692602,0.013626777,-0.13499756,-0.07190128,106.013176,1080.0
7468,167.8221235344177,176.6900571130982,-0.056891095,0.012067357,-0.1383511,-0.07941604,112.87449,1080.0
7469,164.9478958846203,175.88425090398422,-0.059627842,0.014402687,-0.13972451,-0.061272655,100.05308,1080.0
7470,162.71263370941605,176.57113722076505,-0.057987805,0.016689187,-0.14478806,-0.045980383,95.13318,1080.0
7471,160.28653831110447,177.9753980616056,-0.061658166,0.020303769,-0.15572143,-0.0533278,110.07737,1080.0
7472,158.0628208041318,178.93463961502115,-0.061439343,0.021870393,-0.14648585,-0.040199902,103.61914,1080.0
7473,157.37479139125506,179.0539025926109,-0.05934827,0.01840227,-0.14431152,-0.04013915,99.88604,1080.0
7474,158.86277485687137,178.58421846745415,-0.051486827,0.022422366,-0.14160343,-0.035916902,102.262856,1080.0
7475,161.77137421275347,177.9968052390782,-0.053594068,0.020897137,-0.13928166,-0.032739457,92.85255,1080.0
7476,164.7671520976358,177.5503515355598,-0.051654052,0.021695653,-0.1385003,-0.052721944,105.8759,1080.0
7477,166.99769323770727,176.95321891867772,-0.05141014,0.024745235,-0.13708039,-0.036553603,105.92682,1080.0
7478,168.37527105550458,176.00702455032584,-0.05125823,0.022926416,-0.13479088,-0.028844664,94.46768,1080.0
7479,169.27566049102555,175.39887092757306,-0.05247786,0.020090824,-0.13450538,-0.0284896,87.919136,1080.0
7480,170.17853893378708,175.42830439459163,-0.053242944,0.018916547,-0.16757388,-0.03184539,102.78193,1080.0
7481,171.43343504825572,174.6056139366585,-0.05448778,0.017913733,-0.15322486,-0.05760382,108.8198,1080.0
7482,172.87092875260356,171.56400507344296,-0.05567672,0.0116807725,-0.15047386,-0.07676336,127.38765,1080.0
7483,173.39793974964388,165.64015481571198,-0.057961978,0.009643866,-0.14931907,-0.086639106,138.063,1080.0
7484,171.70557311780223,154.01492627402124,-0.05719712,0.016790658,-0.15447687,-0.08141149,143.53078,1080.0
7485,168.41221682157115,136.27973810343687,-0.05415271,0.0075361463,-0.15708098,-0.09407363,139.31189,1080.0
7486,166.70129854526164,121.74715749763676,-0.057633407,0.021789918,-0.14995134,-0.037783787,112.89117,1080.0
7487,168.81595968623049,121.20327835186785,-0.06131151,0.0087012965,-0.13605171,-0.061251126,92.18403,1080.0
7488,173.2075752642111,134.896872724957,-0.06937821,0.010972878,-0.119003184,-0.044815853,84.94282,1080.0
7489,176.83064064719983,154.569519685073,-0.062322095,0.011098678,-0.11265846,-0.04760649,83.48454,1080.0
7490,178.10539361007588,170.41375863882044,-0.05768664,-0.0034641125,-0.10935109,-0.0689929,94.69941,1080.0
7491,177.23211296799627,176.22756825849805,-0.057266064,-0.003996051,-0.110708505,-0.08961261,109.159,1080.0
7492,175.39926629266304,172.84040997057588,-0.05762606,-0.0055943243,-0.087869436,-0.085528426,101.19832,1080.0
7493,173.61220887954408,166.12846374174163,-0.057398196,-0.0027209246,-0.08148567,-0.08758709,97.11243,1080.0
7494,172.01087878431366,161.78578423341023,-0.059198506,-0.0069499547,-0.07497632,-0.09989344,101.54394,1080.0
7495,170.36050866890457,161.38321191497084,-0.06071003,-0.008337882,-0.06642275,-0.110153,106.167496,1080.0
7496,168.74136521107917,162.05321574223535,-0.057713658,-0.0076953466,-0.020724826,-0.15345846,144.01305,1080.0
7497,167.70242555654852,160.23305767714277,-0.0550571,-0.016559375,-0.020153131,-0.16258365,144.10889,1080.0
7498,168.0068389362987,155.10610665995617,-0.053583894,-0.023668557,-0.009542678,-0.1735353,148.423,1080.0
7499,170.11447450634662,148.2738098607224,-0.054203175,-0.01824725,0.0017961855,-0.17848383,153.45016,1080.0
7500,173.66544748951674,142.27128535346694,-0.058732606,-0.019756911,-0.0031612255,-0.17490228,155.787,1080.0
7501,177.4277964973276,139.9853546875957,-0.06349154,-0.019367924,-0.013265878,-0.16724682,153.76457,1080.0
7502,179.85768337294422,143.0094897290085,-0.061650537,-0.015856624,0.007729085,-0.16205306,158.0634,1080.0
7503,179.82421001768287,149.31393279542849,-0.057376042,-0.017785361,0.023860507,-0.17310074,171.82333,1080.0
7504,176.75252477011026,154.1336483839472,-0.049141213,-0.019209402,0.03316509,-0.17533445,170.15614,1080.0
7505,170.48452320281592,154.23329918249925,-0.04236501,-0.020615697,0.054398317,-0.1969058,190.159,1080.0
7506,162.05557848607899,150.5586973434653,-0.049024794,-0.026388677,0.021294093,-0.17774647,148.32428,1080.0
7507,154.50083446652334,146.57720838146565,-0.049965356,-0.020897208,0.017856287,-0.16815284,145.18843,1080.0
7508,151.42230695048895,145.70350841425733,-0.05360797,-0.01941435,0.0055011893,-0.15800315,141.12833,1080.0
7509,153.53365186394822,150.03488072761021,-0.0513942,-0.023185024,-0.012323337,-0.14263947,106.61728,1080.0
7510,156.51774727737006,158.02284241832058,-0.053327885,-0.016105581,-0.005748268,-0.15721104,132.7031,1080.0
7511,154.41734146110116,163.79223637080884,-0.04793362,-0.017052615,-0.017762247,-0.155923,139.2114,1080.0
7512,146.8941112615461,163.14684024843203,-0.041403197,-0.010745466,-0.0013739691,-0.199313,184.6387,1080.0
7513,140.96814362724993,158.76198056346416,-0.038579643,-0.0075336313,0.0016489665,-0.21527694,213.52675,1080.0
7514,139.34842503079875,155.98183998196419,-0.035993222,-0.021546597,-0.020992476,-0.18149818,163.70923,1080.0
7515,131.96691480290536,156.94140825067444,-0.026757248,0.006932237,-0.025307775,-0.12109912,132.32428,1080.0
7516,117.00091440554458,160.88683541334274,0.0051848236,0.013884085,0.037112426,-0.06854111,82.3164,1080.0
7517,115.28699534504563,166.32142099235153,0.0064409045,0.012343513,0.011237477,-0.054233953,73.18682,1080.0
7518,138.82315310936943,171.57019970551212,-0.035433736,0.0045214654,-0.083008714,-0.1344361,144.76172,1080.0
7589,168.73013242302187,175.2959438155529,-0.012960646,-0.008448467,-0.087119155,0.13623835,173.10773,1080.0
7590,181.10142684850297,176.83784482271034,-0.018259514,-0.0075205485,-0.09012061,0.1395246,175.3431,1080.0
7591,174.63585175644954,176.14020869332356,-0.015878296,-0.0052243127,-0.09114272,0.13558008,177.0187,1080.0
7592,165.55336027637628,173.9197115218456,-0.012211778,-0.006357179,-0.096336305,0.14195062,186.78531,1080.0
7593,165.82280737060702,171.4410715102371,-0.007227467,-0.007444749,-0.09463252,0.1446143,196.31697,1080.0
7594,173.34890309446627,169.94084705847993,-0.010101262,-0.0095717115,-0.10091134,0.15702212,207.72714,1080.0
7595,179.16787256003315,169.9471015339768,-0.011601822,-0.008284236,-0.11333132,0.14158319,202.84433,1080.0
7596,177.7798432210999,170.6491867271183,-0.009256038,-0.0077530616,-0.10460742,0.14116974,199.30563,1080.0
7597,171.65263785899322,171.2984865054506,-0.0026314629,-0.0013241379,-0.10901591,0.14487563,199.09384,1080.0
7598,167.61997147896062,172.81128967232007,0.004139201,0.0022220754,-0.10398983,0.14353631,195.12888,1080.0
7599,169.35655367163744,175.7634475655463,0.012071341,0.0071928236,-0.10529712,0.14887147,198.6847,1080.0
7601,174.51389208434975,177.72814339716678,0.0045210663,0.011312357,-0.037572622,0.03037844,50.942963,1080.0
7602,177.38829455136707,171.0034331046086,1.0455096e-05,0.009661865,-0.025781363,0.023798851,34.299114,1080.0
7603,173.67093171421607,144.64267026612208,-0.00059243664,0.0071771126,-0.028282618,0.017003123,24.967712,1080.0
7604,164.36401407653426,102.43397662512434,-0.0011743051,0.0013809487,-0.03421026,0.0124911275,34.07483,1080.0
7605,153.90910621359689,74.52788692800293,-0.0070921723,0.00023196185,-0.03660369,-0.0014768247,20.696589,1080.0
7606,145.78920605493843,88.15572297986688,-0.00989962,-0.008025841,-0.027524708,-0.010196347,18.529655,1080.0
7607,140.2324387793643,132.25299476370716,-0.007966049,-0.0052883574,-0.027706288,-0.0036602726,21.372059,1080.0
7611,133.48814461660322,168.85174767346763,-0.0011745312,-0.0040577925,-0.0162323,-0.0038000883,15.071846,1080.0
7612,123.72244420457339,172.5067060892957,-0.0031101934,-0.0056899176,-0.021359932,-0.009879501,17.407879,1080.0
7614,117.79358349549321,150.93932659527897,-0.003693192,-0.00012630886,-0.015813135,-0.002025915,11.34156,1080.0
7616,124.42804969310357,130.2196489140657,0.0006302445,0.010593895,-0.008449413,0.0132960845,11.296295,1080.0
7617,140.94201473871559,123.9090802481241,0.0011545252,0.008061444,-0.01451286,0.012921708,18.975554,1080.0
7618,153.72358589177207,124.18745161076389,0.0004950629,0.012619951,-0.011917341,0.018851923,15.617206,1080.0
7619,152.90652675173087,118.94431620844067,0.00079300493,0.009686562,-0.018711684,0.01582362,23.27665,1080.0
7620,141.23650415007054,105.9363666587707,0.00031591344,0.005957342,-0.019489769,0.011165704,22.24193,1080.0
7621,128.97940055889322,94.36417943005259,-0.0016849095,0.007398563,-0.020050613,0.013398941,22.092411,1080.0
7622,125.7738804837728,97.36964746630285,-0.0039935075,0.008257774,-0.01888439,0.015643818,17.135239,1080.0
7623,136.0560192288761,117.58803079538674,-0.0037286829,0.008738426,-0.01729838,0.015441753,15.293239,1080.0
7624,155.4484138221079,140.4194356841985,-0.0029060647,0.00872506,-0.0135846175,0.009516229,12.9242325,1080.0
7625,168.61877965092236,149.2927211193372,0.0008600306,-0.0039176093,-0.024437912,-0.009883287,26.602875,1080.0
7626,157.33866633912425,142.4781245253966,-0.0008886267,-0.00036612616,-0.022556107,-0.0059006866,24.067314,1080.0
7627,120.02903014501882,123.81963821159678,3.3795393e-05,-0.00045335558,-0.029562717,-0.0013706066,32.853897,1080.0
7628,77.58497754533373,92.76339746377903,-0.0021294488,0.0013886063,-0.03870471,-0.0056613497,38.91331,1080.0
7629,51.41741428902748,57.337999950522104,0.00082210964,-0.00078127824,-0.021684604,-0.0068011815,24.754799,1080.0
7630,44.20916444612313,38.87099611963275,-0.0021599664,-0.00012512207,-0.021078208,-0.008661398,20.753162,1080.0
7631,45.81675752811995,52.064031108867326,-0.0011536775,-0.0022818672,-0.025028765,-0.01628969,25.822046,1080.0
7633,49.096225376164966,87.02313190490928,0.0024781404,0.033721033,-0.2525463,0.063569136,303.2453,1080.0
7634,57.105496107344244,118.84856251759068,0.0009184661,0.039741036,-0.26387662,0.08801589,315.17627,1080.0
7635,74.91865294732723,133.68398990497116,0.0038925735,0.038541496,-0.2374393,0.08678484,290.21603,1080.0
7636,98.71838301787874,136.88472096110587,0.004462009,0.035747457,-0.23593168,0.08502454,277.65536,1080.0
7637,120.90300792899946,140.7265366720154,-0.0045854356,0.032137144,-0.23669033,0.085629724,277.4718,1080.0
7638,136.51915222772323,150.95447783897237,-0.004155025,0.032646887,-0.22456902,0.0897202,260.6566,1080.0
7639,138.78209461518472,161.73328488956338,-0.004295236,0.021022473,-0.23228918,0.079237066,261.0407,1080.0
7640,125.14780899203106,162.86766593049373,0.0074734725,0.010069289,-0.19161218,0.06541353,231.20848,1080.0
7683,110.47532035243123,150.85945489667046,0.006385464,0.050725076,0.32424355,0.059777495,346.68097,1080.0
7684,116.17663964431918,135.15686436443556,0.005602321,0.054329935,0.32155102,0.0769243,351.6049,1080.0
7685,144.06500012084578,131.93043769808176,0.0036348696,0.058669705,0.30948994,0.088474356,347.0039,1080.0
7686,174.36493773323485,145.36874726331686,-0.006784538,0.063913755,0.29017016,0.09115148,329.8787,1080.0
7735,186.68823097369423,159.43112903872597,0.0044759116,0.008985562,-0.123182,0.10713032,176.14421,1080.0
7736,174.50828938378595,147.8218253796672,0.006777785,0.010085098,-0.104450986,0.107700266,164.13074,1080.0
7738,145.73941514281066,101.05176830574408,0.018934743,0.00743233,-0.0066208453,0.13267861,137.25227,1080.0
7739,112.58216312860773,51.04785878428764,0.011527676,0.0060287477,-0.005280276,0.12971859,130.89493,1080.0
7740,84.91168981214237,41.64604824696251,0.020294359,0.00119222,0.028968867,0.117779374,121.0465,1080.0
7741,74.31657396609266,75.82145398291166,0.022610135,-0.0024797227,0.051308412,0.12478994,133.4687,1080.0
7742,87.89396277480824,121.65587072824785,0.01864528,-0.004312247,0.054325413,0.123320065,135.59341,1080.0
7744,118.39685569832098,153.55016782313578,-0.018083474,-0.0014732078,-0.048337016,-0.118753225,122.015495,1080.0
7745,148.89645702079432,163.70619184034393,-0.018377798,-6.2165436e-06,-0.045996092,-0.10104958,109.13942,1080.0
7746,160.48854524099417,152.45274070487005,-0.019244384,0.0012194598,-0.04571906,-0.09883841,109.57394,1080.0
7747,145.07222904742625,129.61282368980838,-0.015086647,0.0019856205,-0.038831245,-0.093746945,104.10761,1080.0
7748,119.75449013665956,115.39264291257291,-0.016922789,0.0028656572,-0.03994785,-0.09324878,103.87973,1080.0
7749,112.70163104964428,121.79643667734904,-0.014598592,0.0021663525,-0.031740088,-0.093343325,101.2584,1080.0
7750,131.34661535930408,139.2441191222268,-0.01565597,0.0014766551,-0.027410436,-0.09003307,96.88055,1080.0
7751,157.693045193454,151.4890425277544,-0.01579036,0.00012438738,-0.021716421,-0.09251415,99.09253,1080.0
7753,170.25236530296763,150.55808486130698,-0.020600269,0.0077138264,-0.09389863,-0.12279522,149.07472,1080.0
7754,159.29103064024284,133.37079852892347,-0.02020648,0.0029461896,-0.07837027,-0.11501634,137.88464,1080.0
7755,131.4569538795922,106.13794837787417,-0.011432337,0.00995862,-0.044831,-0.08786824,111.879845,1080.0
7767,109.13693716455316,88.96415295385269,0.007865906,0.005774604,-0.025710156,0.03061806,46.950077,1080.0
7768,110.77120846093466,95.66433762293147,0.0061899256,0.008539383,-0.030560868,0.03366281,49.60137,1080.0
7769,129.1525424645526,119.30138191778354,0.007519644,0.010239043,-0.037058454,0.03588381,52.15546,1080.0
7770,144.40623833724976,145.2541246430374,0.0065751253,0.013145786,-0.05198726,0.03699245,65.83772,1080.0
7771,151.01105440129206,164.29276996744244,0.0024432146,0.0072636358,-0.084824115,0.0013687699,87.29262,1080.0
7772,156.4575547333106,170.09058472187223,0.0021249277,0.0040198434,-0.08717516,-0.0052755284,90.313934,1080.0
7773,164.24235242115108,158.3397503929156,0.0016593086,0.0024191963,-0.084966645,-0.014064026,90.11945,1080.0
7774,171.45989422495532,134.70609860764938,-0.00031014901,0.0029385602,-0.087330855,-0.016465195,88.92138,1080.0
7775,175.69772046235596,113.83632382873964,-0.0013580322,0.0016102544,-0.08965968,-0.017421808,89.68668,1080.0
7776,176.8396252580162,106.10813655962308,-0.0017633509,0.0026342887,-0.09235021,-0.015158307,91.77297,1080.0
7777,175.17618802034073,110.06844329457428,-0.0026101572,0.0005540636,-0.0908545,-0.018298,90.42107,1080.0
7778,170.6844152067119,117.36388194963972,-0.00452587,0.0036665176,-0.08972236,-0.010801358,87.73121,1080.0
7779,162.78471173434647,121.78539811932481,-0.0066429987,0.003623793,-0.08495873,-0.010214516,84.90391,1080.0
7780,150.33848879634894,124.0919453944554,-0.0067353426,0.0030672427,-0.08111035,-0.0117762815,80.721054,1080.0
7781,135.1303085991825,128.6051254042686,-0.0048901592,0.0015856143,-0.078913994,-0.011578991,81.978935,1080.0
7782,124.2886745989153,136.18202941417914,-0.0028783728,0.0022042168,-0.08128606,-0.006953939,87.38008,1080.0
7783,123.89382569953565,143.14172077254293,-0.0058102077,0.001538199,-0.08221526,-0.009601565,84.52979,1080.0
7784,131.6077170167897,146.53342803161726,-0.006486342,0.00084415014,-0.08183323,-0.010082273,84.45289,1080.0
7785,139.78556824715915,148.40960068294606,-0.0054072626,0.0004159998,-0.07858943,-0.010294314,81.914406,1080.0
7787,144.70572097507184,153.18672391814846,0.01356755,0.002544403,0.021334387,-0.08121957,90.2446,1080.0
7788,149.8725574646365,161.45376648827607,0.01449811,0.0019470498,0.019264277,-0.07120576,79.22994,1080.0
7789,159.3791827950731,169.74789290808795,0.013180655,0.0007480197,0.01815468,-0.06949251,76.73258,1080.0
7790,171.09366276505295,175.38714283932066,0.013719686,0.00041097004,0.017039659,-0.070735194,77.55832,1080.0
7791,179.24763477506139,178.2177740804709,0.013728163,0.0006837068,0.016249932,-0.07117219,77.70478,1080.0
7792,180.96040226891586,179.0208282129309,0.014079567,0.000558613,0.01699377,-0.071921654,78.27608,1080.0
7793,178.0143784542802,178.7166779882954,0.013897931,0.00063640455,0.017984236,-0.07103003,77.13829,1080.0
7794,174.35591884421572,178.2683677330033,0.013753481,0.00045024732,0.019998057,-0.07118327,77.21623,1080.0
7795,172.96501049946983,177.88156429547092,0.0134887695,0.00012534813,0.018934688,-0.07098926,76.94327,1080.0
7796,173.99407915040086,176.84965383119706,0.013253219,-0.00013040613,0.01991419,-0.07081926,76.54099,1080.0
7797,175.49293981831565,174.73164688920906,0.013736075,-6.1063416e-05,0.01967683,-0.07055585,76.219955,1080.0
7798,175.89920215876694,172.13856837616393,0.014708568,-4.111396e-05,0.020343695,-0.0707545,76.30866,1080.0
7799,175.33265276700772,170.30185967509937,0.013040613,0.00020494814,0.020143297,-0.07017783,75.79581,1080.0
7800,174.87035569842874,170.08501612060445,0.014507491,0.00024018464,0.021691894,-0.0704847,76.15096,1080.0
7801,175.17369726139054,171.31364790854718,0.013392131,0.00027912282,0.022404423,-0.07068614,76.62993,1080.0
7802,175.91519573829993,173.05641596650653,0.012288525,0.00027389528,0.023515942,-0.070808694,77.02309,1080.0
7803,176.62535334584834,174.50179971522672,0.0120432535,0.00036188762,0.023612129,-0.070885554,77.23631,1080.0
7804,177.41050410630945,175.470541863496,0.012242183,0.000495402,0.023338262,-0.07079476,77.15611,1080.0
7805,178.29488481654715,176.01430445517832,0.0127202915,0.000655365,0.023411052,-0.07054023,76.89064,1080.0
7806,178.6935711175181,175.9917123593319,0.013196253,0.0006381847,0.024069779,-0.070590496,77.11274,1080.0
7807,178.17550864080442,175.66449713600835,0.013204617,0.0007011979,0.023877405,-0.07050705,77.11143,1080.0
7808,177.09662661912347,175.80263187005568,0.013172178,0.000572911,0.024067067,-0.070302494,76.74228,1080.0
7809,176.04569871887134,176.49287258296502,0.0131074125,2.3029468e-05,0.02226958,-0.07014418,76.38403,1080.0
7810,175.36023919882842,177.08816572736032,0.014174284,-0.00020000317,0.023021895,-0.06957943,75.66548,1080.0
7811,175.21818869056318,177.2495228024425,0.013083564,-0.0006415473,0.02223816,-0.06865918,74.50203,1080.0
7812,175.41762654100273,176.89090232213582,0.013729972,-0.000545756,0.022004982,-0.0686123,74.31034,1080.0
7813,175.40247641164325,175.93783464850543,0.013489561,-0.00088048866,0.02109409,-0.068576105,73.85407,1080.0
7814,174.99611217758718,174.5120553150124,0.013212416,-0.00083674677,0.020773089,-0.069073685,74.323685,1080.0
7815,174.6184075926092,172.71663572538637,0.0132258665,-0.0011655454,0.02034155,-0.06903379,74.01822,1080.0
7816,174.80539238008114,170.76321190234728,0.014659401,-0.0009236371,0.02238453,-0.06885885,73.807014,1080.0
7817,175.84441723253502,169.61366962630544,0.013665432,-0.0005226983,0.021708284,-0.0682852,73.22152,1080.0
7818,177.42830445038658,170.43194757817312,0.013233439,-0.00045312953,0.021984976,-0.06859642,73.813866,1080.0
7819,178.54955867127234,172.88266592872358,0.012436252,-0.0006572017,0.021655386,-0.06837664,73.40244,1080.0
7820,178.16515584709168,175.10950537755562,0.014104207,-0.00035872284,0.023439987,-0.067308694,72.02126,1080.0
7821,176.1492657086108,175.8902876717029,0.015139544,-7.9232675e-05,0.024909804,-0.06739301,72.550064,1080.0
7822,173.7185586602037,175.86224535651118,0.014138342,0.0004731355,0.026613928,-0.06641927,72.01659,1080.0
7823,172.7239207024814,176.14219132476717,0.012979465,0.0008948997,0.021893537,-0.06618429,72.09655,1080.0
7824,174.04902995090717,176.5726075916633,0.012909048,0.0012253938,0.02139757,-0.06561785,71.524475,1080.0
7825,176.66497083573273,176.2137761075196,0.015442121,0.0010647809,0.024771344,-0.065525874,71.37978,1080.0
7826,178.4204357771158,175.06917957246395,0.014468497,0.00096528797,0.023758952,-0.065764025,71.51098,1080.0
7827,177.9358410500386,174.38694903011108,0.012203075,0.0007401078,0.023622867,-0.06523358,70.86573,1080.0
7828,175.79447299868676,175.08237580001466,0.013778574,0.0006867868,0.025924457,-0.065452576,71.28469,1080.0
7829,173.53585075627677,176.48864413770468,0.0118005825,0.0010692455,0.023529956,-0.0647856,70.572136,1080.0
7830,172.0339365400117,177.2642294794022,0.011640082,0.0011583116,0.02269988,-0.06478122,70.9129,1080.0
7831,171.60606975002452,177.03565008393767,0.013667014,0.0008679143,0.024151385,-0.065298855,71.733635,1080.0
7832,172.43584220645883,176.23974313005894,0.0137300845,0.00039449622,0.024015639,-0.06585682,72.31142,1080.0
7833,174.05544627113008,175.0590392499912,0.011885014,0.00011814259,0.021303192,-0.066149876,72.49852,1080.0
7834,175.3792244073327,173.68011145358355,0.014266855,-0.0004520275,0.022892818,-0.06676647,73.066986,1080.0
7835,175.47395316082728,172.22077126088297,0.015473655,-0.0009380482,0.023987608,-0.06747058,73.54661,1080.0
7836,174.27832949652742,170.00313143525,0.015580919,-0.0009829769,0.021250295,-0.06749284,73.02898,1080.0
7837,173.07905300108496,166.88079795207017,0.015425053,-0.0011467828,0.023433657,-0.06772973,72.61898,1080.0
7838,173.15887083888748,164.5944736678072,0.013865831,-0.0013058981,0.027930252,-0.06778714,72.56842,1080.0
7839,173.67870172261067,165.03258118199918,0.015401204,-0.0008643539,0.026842922,-0.070834376,74.30652,1080.0
7840,173.28972578054373,167.90043419601136,0.012812522,-0.0017450403,0.013144938,-0.073052496,71.58884,1080.0
7841,172.5069605294144,171.47777672339694,0.007598764,-0.0017565691,0.01628983,-0.06902494,65.10144,1080.0
7842,171.71831929410888,174.6082313241854,0.009239027,-0.001587564,0.014441257,-0.06434945,63.753036,1080.0
7844,168.85046608189202,175.77633831932332,-0.00499447,-0.02477143,0.16107686,-0.07547497,189.28922,1080.0
7845,159.30214754870775,171.735327352972,-0.0004674982,-0.014801562,0.12409469,-0.041312154,135.41553,1080.0
7846,136.83674135663952,159.74113024289684,-0.00065896777,-0.010568831,0.111471586,-0.035040114,122.46302,1080.0
7852,99.4113751460312,140.68129551240537,-0.0012569851,-0.009280339,0.07850076,-0.038510133,98.08445,1080.0
7853,59.43516635160223,120.73357642267669,-0.001245541,-0.014842479,0.07667776,-0.03897753,98.53755,1080.0
7854,40.084158400643354,109.89910698511801,-0.003970874,-0.013936841,0.062032122,-0.035743967,86.91238,1080.0
7856,51.73343472479205,112.83655654161096,-0.011356382,-0.005698734,0.08678225,-0.034004495,114.12005,1080.0
7859,79.00532633356727,118.61747723265441,0.0012718766,-0.0060271085,0.18087526,-0.039360274,191.53783,1080.0
7860,94.74942004903177,108.34464855651534,-0.00037915265,-0.017135253,0.16839401,-0.065041326,185.93199,1080.0
7861,84.01842639020121,79.11018946226667,-0.0010253058,-0.020887587,0.16602224,-0.0689463,183.30693,1080.0
7865,60.40337868052671,52.39208585319098,-0.000734965,-0.016868394,0.10625836,-0.01134231,105.61765,1080.0
7867,55.34660018314709,53.55598450502408,-0.0008845294,0.016689895,0.12695225,0.0017272667,140.32018,1080.0
7868,79.08604762618658,84.5119908418147,-0.0011617024,0.0039446796,0.1256147,-0.016209496,136.91696,1080.0
7869,105.82115853015823,116.45742078008801,-0.0009555675,-0.017411154,0.12439078,-0.039216474,134.09753,1080.0
7870,111.62759315910488,117.06265671601606,-0.0031298602,-0.020051122,0.1261797,-0.038370345,130.47023,1080.0
7871,98.07104022987758,86.25661351283297,-0.003467136,-0.01123126,0.1216683,-0.014230827,126.7443,1080.0
7872,75.95396524666089,55.6936511540494,-0.0031757497,-0.016427895,0.12017376,-0.016644457,126.000946,1080.0
7873,61.76667995585737,54.778525450092815,-0.0021745188,-0.01927623,0.11928762,-0.014499862,120.722466,1080.0
7874,71.0193981009036,85.17779988028855,-0.0013936361,-0.019167837,0.118529536,-0.0084846215,124.684814,1080.0
7875,92.199547777296,126.82365921258128,-0.00057375873,-0.021110507,0.12729266,-0.008531839,127.394516,1080.0
7876,97.01834137400338,158.89100058481887,-0.0011922483,-0.020449575,0.1286268,-0.00686151,129.86731,1080.0
7877,78.34058242650701,172.08412556215737,0.00015077944,-0.021091517,0.13824898,-0.00479369,134.73593,1080.0
7878,54.4063544260033,170.3906101505116,0.0007332413,-0.019286403,0.13539861,-0.0027755173,133.05661,1080.0
7879,44.45227735557722,165.5850209894465,4.4928656e-05,-0.018089239,0.1326791,-0.00054815784,130.8399,1080.0
7880,53.94058510498889,165.8722390224866,0.00082742196,-0.017652271,0.13373673,0.00080396864,130.91995,1080.0
7881,76.58152859816137,169.7751475547743,0.0016088698,-0.017750803,0.13725218,0.0026592114,134.12851,1080.0
7882,101.85620469052232,169.67671272762345,-0.0030761154,-0.008004139,0.11867399,0.03386934,135.37157,1080.0
7883,120.5120976200071,157.45215696190476,0.00039342244,-0.010447664,0.12741224,0.024769846,134.73175,1080.0
7884,125.64406864798848,130.0732471554061,-0.0036209954,-0.0025542364,0.11623702,0.03327216,132.50122,1080.0
7885,112.52894068392389,93.41398568023398,-0.00013227109,-0.008971547,0.12619261,0.022294588,138.7779,1080.0
7886,84.59362038313955,61.2500610786951,-0.0007939374,-0.009241881,0.124894574,0.019449616,135.71938,1080.0
7887,59.80452376823717,49.306676352908596,-0.0005189966,-0.009853081,0.12677008,0.010317174,134.55942,1080.0
7888,60.185286272000425,63.63835215821892,0.00054917514,-0.012435687,0.12371973,0.0017463119,131.20139,1080.0
7889,88.7089104235241,93.18336923340358,-0.000543552,-0.0071190447,0.12653515,0.017641902,135.7331,1080.0
7890,123.57335539904005,118.2322708537713,-0.00030359338,-0.008655266,0.1259944,0.012701699,131.84122,1080.0
7891,140.59493788818315,126.78974735037717,-0.0017402084,-0.004914969,0.11947898,0.018234959,127.87924,1080.0
7892,135.316069434163,121.32982644450323,-0.0010850412,-0.006509117,0.12459993,0.014174454,132.81703,1080.0
7893,119.36198185593486,109.77156226776653,-0.0009766755,-0.0090373,0.12224774,0.0079203285,129.42798,1080.0
7894,102.28505458570457,94.45523888535243,-0.0013401455,-0.006549694,0.123047866,0.009542451,132.28842,1080.0
7895,84.17835666903129,74.49961074221225,-0.0034742285,-0.004758877,0.12845264,0.010548853,139.14255,1080.0
7896,63.48597280352113,53.54280969424101,-0.002042389,-0.0054924577,0.12843029,0.008085915,138.42267,1080.0
7897,43.69626510135047,40.04551617829154,-0.0010942529,-0.0150676025,0.13146232,-0.008261363,139.57906,1080.0
7898,29.052058068438235,40.73243779529086,-0.0032335352,-0.012068261,0.111307666,-0.0033038105,129.10414,1080.0
7899,19.70693340921543,54.147706520737884,-0.007336652,-0.012179537,0.112737864,-0.0023051791,126.970375,1080.0
7900,14.155797412782109,76.8150078369047,-0.004976541,-0.011595352,0.124133274,-0.003355436,136.02426,1080.0
7901,15.639424455606193,110.44226675773821,-0.0070438245,-0.0032174287,0.12129915,0.0049487925,131.82748,1080.0
7902,33.20834056343616,148.83751946834045,-0.0086051095,-0.0023423936,0.101492114,-0.0018711231,116.56669,1080.0
7903,63.07574372933653,171.15333739793547,-0.007778224,-0.003674486,0.08586174,-0.006868009,102.97476,1080.0
7904,82.40758042319123,164.2288126902991,0.0008898417,-0.0038313689,0.07614995,-0.014326929,80.87019,1080.0
7905,85.66872603188045,141.37999810404096,-0.0015464218,-0.004730055,0.06920819,-0.024374135,75.93606,1080.0
7906,95.56653285922485,127.88226128460354,-0.002108369,-0.004530165,0.06419647,-0.025676897,73.2607,1080.0
7907,122.02612858634973,133.50608778813677,-0.0027006643,-0.0015977648,0.06747922,-0.027839802,80.20104,1080.0
7908,147.60531153235345,147.8474348178091,-0.003963979,-0.002719314,0.06405433,-0.033094507,79.52851,1080.0
7909,155.4665931082094,156.5749924557053,-0.0036343327,-0.0060292846,0.06063083,-0.039535917,78.972115,1080.0
7910,146.97001945191866,154.13416111432912,-0.005041278,-0.0036301224,0.059150584,-0.03980727,79.66809,1080.0
7911,134.27784018938493,144.99051470973328,-0.00684238,-0.0024901214,0.055072982,-0.040928762,78.3573,1080.0
7912,127.37029461278618,138.19875617209917,-0.008245652,-0.0026045905,0.052153807,-0.03950913,77.383194,1080.0
7913,128.29097068299814,139.20556346358399,-0.0077958847,-0.0015680384,0.051243253,-0.039872628,77.64577,1080.0
7914,133.03828236651444,144.74076701033317,-0.009856161,-0.0003903707,0.04689249,-0.03976613,75.0153,1080.0
7915,136.7119438855736,147.30958428543542,-0.008998786,0.0010112904,0.0458194,-0.040806722,73.3355,1080.0
7916,137.24069053918555,144.4317377738701,-0.0069356,0.0005435237,0.045745652,-0.04083933,71.20226,1080.0
7917,135.42412163228863,140.18567506849692,-0.005187875,0.00079614145,0.052046515,-0.039698225,76.75819,1080.0
7918,132.78563552341305,138.76475545085773,-0.0048131873,0.00041755394,0.054922625,-0.044262383,80.54074,1080.0
7919,130.98553563634349,140.6408582808158,-0.0073241056,-0.0006897538,0.04673123,-0.045205265,77.37855,1080.0
7920,132.9157745027483,143.97144688868747,-0.009384918,-0.002417755,0.04594568,-0.055457022,82.53361,1080.0
7921,141.2486087706724,146.41389521966806,-0.009248381,-0.0033838626,0.0535566,-0.055418678,87.41535,1080.0
7922,154.48287131840652,147.6530018510598,0.0066056144,0.0038487187,0.07037998,-0.05431281,85.92841,1080.0
7923,166.21895483631718,151.5882605980644,-0.00044877795,0.0041926913,0.06530377,-0.061748788,93.99965,1080.0
7924,170.92881977804242,161.56355077870143,-0.0019026862,0.0027919062,0.053748973,-0.064668216,91.082504,1080.0
7925,169.4194603699026,174.00973299687,0.002345728,0.00376926,0.060829416,-0.062515795,92.67183,1080.0
7926,166.3103580459429,181.30641310969457,0.005224214,0.0033427486,0.06486579,-0.061943505,93.01321,1080.0
7927,165.05890698419753,179.5755808327585,0.009881252,0.0033347236,0.06892299,-0.06295217,93.92309,1080.0
7928,167.0195949566561,172.70839412022048,0.010951487,0.002917113,0.06857546,-0.06285237,93.2598,1080.0
7929,171.36386284091205,168.79686922449008,0.011510637,0.0029375996,0.07015906,-0.064310424,95.34656,1080.0
7930,174.4362644681202,171.444644523527,0.0121357385,0.0029907227,0.06675251,-0.06556713,94.027374,1080.0
7931,172.2257447892917,177.0159250118692,0.014975795,0.0029778657,0.06396902,-0.06741723,93.384346,1080.0
7932,165.03915834787566,180.57045192663114,0.01635372,0.0028830916,0.065070316,-0.06786129,94.00773,1080.0
7933,157.8172738123565,180.81993368779712,0.017953888,0.0031956425,0.06749717,-0.066195905,93.12573,1080.0
7934,155.08370916336756,179.52647155952616,0.01913161,0.004200914,0.06770534,-0.06563164,92.66115,1080.0
7935,157.15791717461184,178.61326935104654,0.019302905,0.0043847826,0.06726258,-0.064622976,91.46897,1080.0
7936,161.28841903460943,178.3789103884101,0.018534541,0.0045778346,0.06572771,-0.06389448,89.65738,1080.0
7937,164.92951867809003,177.8628290785302,0.017302845,0.0037397032,0.0667778,-0.06324598,88.79077,1080.0
7938,167.1996067836543,176.47853435290605,0.016369855,0.003668552,0.06581056,-0.0645119,89.80798,1080.0
7939,168.05819673526662,175.01106243974027,0.014878817,0.003708338,0.061867863,-0.06687212,90.90458,1080.0
7940,167.81082142106274,174.7996086082681,0.015800023,0.0042826617,0.062513195,-0.07080262,94.38065,1080.0
7941,167.44071063836245,176.08031085711164,0.017567812,0.0047600074,0.059935592,-0.07360826,96.05044,1080.0
7942,168.06019606695773,177.64494334893354,0.018951219,0.004101421,0.058659222,-0.076462045,98.22137,1080.0
7943,169.77380276360412,178.3016908871513,0.017209597,0.004118545,0.057562057,-0.0774073,99.2475,1080.0
7944,171.61326561211894,178.0843312417023,0.017050454,0.0038357486,0.0560407,-0.07681935,97.97299,1080.0
7945,172.7030661107885,177.73698194808372,0.016079063,0.0037065577,0.053018585,-0.07719546,97.92398,1080.0
7946,173.06531264979662,177.71227123061513,0.016595375,0.003597655,0.054041628,-0.07680356,98.495834,1080.0
7947,173.2675257973571,178.01297349080443,0.018171212,0.0035829332,0.05224782,-0.07936512,100.281334,1080.0
7948,173.75758503482106,178.42818057292047,0.018458247,0.0037135936,0.053041358,-0.079628386,100.53386,1080.0
7949,174.4776056113871,178.65525035383848,0.0183507,0.0028661657,0.054534573,-0.081793554,101.06716,1080.0
7950,174.87949040582836,178.47341760700522,0.018303595,0.0031389308,0.056247145,-0.08320657,102.94336,1080.0
7951,174.3837183273507,177.91619127523236,0.019167017,0.0028343482,0.05386183,-0.08308269,101.98945,1080.0
7952,173.12893517373132,177.2358470291543,0.018220944,0.0028205588,0.051152434,-0.08490759,102.48148,1080.0
7953,172.23083382480797,176.74010565309916,0.018585714,0.001983784,0.046574403,-0.084996656,102.22302,1080.0
7954,172.62579833559832,176.6584359741305,0.017490301,0.0016456604,0.040154293,-0.08342505,96.89566,1080.0
7955,173.83206506604174,176.97793474933076,0.014773899,0.0009665595,0.03128255,-0.08296932,91.81424,1080.0
7956,174.4214426437059,177.39378244892325,0.0044725207,0.00065903843,0.011964021,-0.07954766,85.56521,1080.0
7957,173.35473528844298,177.3426570999961,-0.01642699,0.0013719064,-0.035332236,-0.07175338,83.41746,1080.0
7958,171.26744377981197,176.10785443712626,-0.022183962,0.0019072356,-0.05503735,-0.07151068,85.97117,1080.0
7959,170.37403761088737,173.69197737320442,-0.02249705,0.00390009,-0.06541304,-0.06701163,86.24183,1080.0
7960,171.66632179352732,170.51061785775266,-0.018208483,0.0074995253,-0.06694641,-0.062649086,83.86628,1080.0
7961,173.27560162660942,165.53976017619476,-0.01915368,0.006711352,-0.066090785,-0.06792557,88.05867,1080.0
7964,171.807311392887,157.99959011466646,-0.0088011,-0.0039456966,0.00033433703,-0.12076119,137.06044,1080.0
7965,164.29045460468362,150.11286785114058,-0.041125376,-0.008532997,-0.0715449,-0.15769243,158.47643,1080.0
7966,150.95194272531393,145.21754865067007,-0.039361574,-0.017001795,-0.05828654,-0.17325038,165.078,1080.0
7967,136.4656700362274,146.0152629225143,-0.047670152,-0.0140352035,-0.06948101,-0.18268217,175.13802,1080.0
7968,127.36063011243304,153.92857815645226,-0.057573278,-0.026229745,-0.071866184,-0.18507798,183.64714,1080.0
7969,126.62169669769254,166.02661681971378,-0.06216216,-0.016620155,-0.08614937,-0.18138264,197.44667,1080.0
7970,130.0878560784687,175.30295795648902,-0.059668705,-0.013215016,-0.07567054,-0.18435562,209.48674,1080.0
7971,129.40108808584793,176.3102127067894,-0.062229864,-0.0021442554,-0.07469776,-0.16446793,199.52646,1080.0
7972,119.34222898239557,169.31274806783824,-0.068444595,-0.00065070257,-0.08414476,-0.15816186,193.0564,1080.0
7973,105.23287328529133,158.0281671733446,-0.063350536,0.0059442027,-0.0687309,-0.1593303,205.99382,1080.0
7974,99.63879626560606,145.31690297112107,-0.048899956,0.0015183626,-0.041152727,-0.17355025,221.97838,1080.0
7975,108.57795275100369,135.35335432605666,-0.039051704,0.0021202934,-0.0028502287,-0.2155916,266.37305,1080.0
7977,125.33583256244323,131.90970988158395,-0.02396178,-0.018237898,0.20101793,-0.049645826,266.98633,1080.0
7978,133.136779596973,126.88724683287214,-0.022606969,-0.0317918,0.24998689,-0.08242498,300.19537,1080.0
7979,116.54342263154052,105.59484083324308,-0.020734772,-0.023395482,0.30916783,-0.07145943,354.9541,1080.0
7980,80.3430932820855,71.35876312814158,-0.024349976,0.008062461,0.30754915,-0.027851105,360.01187,1080.0
7981,47.28748575548725,47.730812218521976,-0.012467787,-0.006819916,0.33789694,-0.05347601,364.09714,1080.0
7984,33.38565886060156,50.382305616367134,-0.022985727,-0.020944158,0.074362636,-0.1949221,216.1595,1080.0
7986,40.05714177677973,72.90946591145804,-0.06166088,0.009372853,-0.10357655,-0.1989614,238.39565,1080.0
7987,67.33107641126443,101.92268633564491,-0.065182835,0.00027725784,-0.11454535,-0.22443746,252.13367,1080.0
7988,113.49818150244433,129.79170509990698,-0.07547766,0.00049924495,-0.13727507,-0.22547548,252.70656,1080.0
7989,162.16454111382126,151.45270370307838,-0.0903864,-0.00063900417,-0.17968535,-0.20978032,242.17189,1080.0
7990,190.3669443226265,162.08809567023778,-0.08379946,-0.0071265893,-0.18679255,-0.247098,263.55707,1080.0
7991,190.77191287551182,160.89639328498953,-0.08458716,-0.0048061227,-0.1948874,-0.26166558,278.29935,1080.0
7992,175.62084020584018,151.58904885810634,-0.097118914,-0.008491686,-0.20227593,-0.2733658,278.46277,1080.0
7993,162.48859505233528,137.51727334588264,-0.09843784,-0.0051049693,-0.1968516,-0.2534751,246.90004,1080.0
7994,160.71395910664404,119.66663794423786,-0.0983004,-0.010173035,-0.20764205,-0.2528957,249.9551,1080.0
7995,165.2326569537011,103.62678452624598,-0.10048975,0.00014026783,-0.23448972,-0.12835705,121.47001,1080.0
7996,159.31212450535415,100.62916621134362,-0.11114649,0.009874641,-0.2478155,-0.07696607,105.84356,1080.0
7997,130.7190812005245,114.73275528788487,-0.10607899,0.022665462,-0.25003266,-0.07468714,118.30584,1080.0
7998,88.07561991346785,135.17236092333562,-0.10401939,0.023621848,-0.264095,-0.079260595,144.4345,1080.0
7999,58.721054090925826,144.5910530904169,-0.10648928,0.036449403,-0.27994436,-0.09907249,180.00385,1080.0
8000,66.4467087253385,138.25954553600158,-0.0938233,0.028754566,-0.27734235,-0.12167568,200.61932,1080.0
8001,104.13442484609622,130.61963932681348,-0.09290336,0.020260507,-0.27158204,-0.16920494,225.4825,1080.0
8002,138.14870552429542,134.59601262659487,-0.09200716,0.032748356,-0.25244287,-0.14346308,230.69664,1080.0
8003,146.65308105594602,146.8255428684575,-0.08828357,0.0251284,-0.27634293,-0.17713533,246.26993,1080.0
8004,138.6110619237643,157.30769561896616,-0.059983317,0.015251951,-0.25566423,-0.21677783,290.34955,1080.0
8005,133.53069052170326,160.15390684713952,-0.07431024,0.007662116,-0.23183243,-0.16144098,207.1221,1080.0
8006,135.64255659763813,156.45745737086722,-0.08149013,0.009922282,-0.2669237,-0.18308125,234.99118,1080.0
8008,132.05198821995563,151.67647290292,-0.008966234,0.021746656,-0.1328858,-0.11009341,183.90099,1080.0
8012,116.15365419934253,148.10479548605858,-0.011134055,0.022627767,-0.18071876,-0.12317468,224.00584,1080.0
8015,102.87978491408182,143.87614144478408,-0.007852795,0.027255956,-0.19827858,-0.101684116,247.59937,1080.0
8019,107.93836167244109,137.9755154690475,-0.08956271,0.0016858137,-0.17599058,-0.19351196,235.2072,1080.0
8020,127.43954754531244,133.5253864302117,-0.08694012,0.002253497,-0.16612944,-0.18242362,226.66606,1080.0
8021,147.3444091105311,137.69843201464474,-0.08175801,-0.0015118069,-0.14788643,-0.15139052,198.48166,1080.0
8022,155.7761864491777,152.70562643637538,-0.08629625,0.0011651498,-0.16136673,-0.14750072,185.81212,1080.0
8023,150.34210643957297,169.26993749766194,-0.084298536,0.0056673405,-0.16584383,-0.13902283,176.67209,1080.0
8029,142.943866271727,175.7136592159237,-0.06508303,-0.02136578,0.03563899,-0.093329765,155.60094,1080.0
8030,146.4492893373147,168.6980315881358,-0.06441402,-0.014024325,0.048711028,-0.091014944,157.68277,1080.0
8031,158.73474154902843,153.11021965831893,-0.059253607,-0.0105549,0.065665916,-0.11409452,185.0951,1080.0
8032,168.64802082876963,135.7907896953273,-0.06471445,-0.024412932,0.06698778,-0.16707373,215.29799,1080.0
8033,169.7283726200232,120.44432160070306,-0.069498815,-0.021548236,0.06697772,-0.16919418,240.59097,1080.0
8034,163.20548741811874,107.94784010139433,-0.07088001,-0.022891631,0.058392107,-0.18667011,245.18745,1080.0
8035,153.80280511933944,100.76639210873061,-0.07706254,-0.013877558,0.038105264,-0.16475512,235.04959,1080.0
8036,144.83143070275347,103.12111078762578,-0.06994714,-0.0047530844,0.050023057,-0.16443008,255.2914,1080.0
8037,136.64809442066627,114.9433708950994,-0.061624937,0.00050622446,0.055732105,-0.16328952,236.23624,1080.0
8038,130.32556390570824,129.84680120233423,-0.06038739,-0.0040801154,0.057468895,-0.14695144,197.80374,1080.0
8039,130.42023363295547,141.44974462323296,-0.054389443,-0.011742259,0.02978493,-0.13800234,183.40587,1080.0
8042,140.54517816602274,149.3335824248165,-0.010848038,-0.00017833004,0.0032414754,-0.018027976,33.385807,1080.0
8043,155.7140827555595,156.43627982137778,-0.018776674,-0.0054882756,-0.0032472964,-0.04471492,48.9059,1080.0
8045,165.09460079559148,162.73095782326808,0.0059110853,0.007268552,0.013962527,0.027653871,18.055017,1080.0
8046,165.27136638586822,165.90592750549857,0.017224064,0.015969425,0.03373526,0.052083164,20.146463,1080.0
8047,163.01806358516944,166.11601044722275,0.016839543,0.02109714,0.02877412,0.06423673,22.78624,1080.0
8048,163.9701330227404,165.83859018663554,0.029938875,0.035143875,0.0413993,0.0756075,14.984336,1080.0
8057,166.020632091505,166.3865161684311,-0.0015778719,0.019237688,-0.34798062,-0.057827476,360.87405,1080.0
8058,164.3556485674717,166.40102264739002,0.000102686,0.01994335,-0.36164948,-0.0496892,389.05725,1080.0
8059,159.24332720009627,164.69125945186633,0.0011527167,0.022980131,-0.36665717,-0.029161016,387.41202,1080.0
8060,156.5515382563204,163.60965372940598,0.0025943331,0.0119757475,-0.35135806,-0.024070485,379.95297,1080.0
8061,160.6196820711436,166.6127266748962,0.0029671,0.007499808,-0.3376119,-0.02869223,366.28925,1080.0
8062,169.03307060671526,173.00797703034024,-0.008103378,-0.00030986645,-0.32959715,-0.039520375,353.06827,1080.0
8063,175.27204349931253,177.85245369023465,0.0015537968,-0.0054063583,-0.3115492,-0.039844766,342.2383,1080.0
8064,175.4297836316817,177.44292426983134,0.0021337438,-0.0082409615,-0.30161282,-0.039331507,328.65494,1080.0
8065,171.56655592064718,173.17150869892643,0.0059707076,-0.005524812,-0.28945634,-0.039779916,318.53506,1080.0
8066,168.59830561546372,169.21034536976936,0.003582255,-0.0055014715,-0.28441733,-0.041008588,310.36682,1080.0
8067,169.1219608849039,167.99138993911345,0.0040509827,-0.005208729,-0.27179307,-0.04215246,302.0188,1080.0
8068,171.89230251570507,168.87330081156884,0.003817749,-0.0076345373,-0.27218333,-0.04729193,301.91263,1080.0
8069,174.22000309065294,170.11209276575522,0.0047918814,-0.00852955,-0.25777763,-0.049259074,289.63004,1080.0
8070,174.73697472851933,171.01116512426088,0.005369003,-0.008097472,-0.24592596,-0.052702248,278.8066,1080.0
8071,173.95453384380022,172.11255449235793,0.004630138,-0.010185553,-0.24805106,-0.06305047,282.9027,1080.0
8072,173.04144102756817,173.79220508042758,0.0057057133,-0.010118753,-0.24205628,-0.06120741,276.32477,1080.0
8073,172.36174061659233,175.39138433701535,0.0058493153,-0.010470948,-0.24978304,-0.06371884,283.59692,1080.0
8074,170.9494008084823,175.8975650388011,0.006393885,-0.0047781765,-0.2354759,-0.06698894,272.54852,1080.0
8075,167.56838956596226,174.89086531230896,-0.0045228745,0.017472614,-0.23734035,-0.046813034,260.46274,1080.0
8076,162.22301549220205,172.927293128639,-0.0040721754,0.012620516,-0.23413007,-0.075021446,262.02054,1080.0
8078,155.19441656581827,171.0549716532353,-0.018773228,0.015230617,-0.19407965,-0.088754304,217.97018,1080.0
8079,145.7720696802439,170.01711856354314,-0.0028221414,0.01689942,-0.19799493,-0.07959394,227.31801,1080.0
8080,137.91516764697582,169.94767135396012,0.002480401,0.014295253,-0.16902895,-0.077079944,216.27255,1080.0
8081,141.14441101333952,169.9008062743206,-0.0039724843,0.02082319,-0.17663987,-0.06709775,217.98862,1080.0
8082,155.50327467643854,166.6380788546335,0.0033364755,0.012121921,-0.15613256,-0.07116397,205.95677,1080.0
8083,166.5002984695853,153.66241190407308,0.004476759,0.008707484,-0.14390473,-0.072361246,196.20015,1080.0
8084,162.02421438592236,127.40343997502468,-0.004189046,0.010989041,-0.16879635,-0.07593776,205.43973,1080.0
8085,146.63634960239995,99.16784826045725,0.0019257722,0.008081874,-0.14069395,-0.07208964,183.06061,1080.0
8086,136.85412104930492,91.47723940211635,-0.0011129308,0.014864999,-0.14111073,-0.06370858,171.05405,1080.0
8087,142.17254629014735,114.7806069981772,-0.0016195792,0.01595165,-0.12799095,-0.053775307,158.0363,1080.0
8089,155.96654899283476,154.2296865438911,-0.019539332,0.021233369,-0.14668426,-0.053273037,168.12729,1080.0
8090,167.75590321374247,184.3649923295065,-0.019240938,0.020859443,-0.14921422,-0.06080588,169.48885,1080.0
8091,173.7278728035275,192.57924743175485,-0.0076983417,0.012123051,-0.12934107,-0.07832989,156.06178,1080.0
8092,174.29739127444648,184.86215885463434,-0.010804409,0.013604934,-0.12660325,-0.08539819,150.1871,1080.0
8093,171.42144233847952,173.45601599075007,-0.013088989,0.010588159,-0.117510535,-0.09648678,142.12639,1080.0
8094,168.35764348736896,165.9280408459904,-0.015257489,0.0059855143,-0.0963393,-0.11606177,144.9805,1080.0
8095,167.11942272629298,164.20231560149824,-0.019883841,0.005687318,-0.07560238,-0.13419749,152.44531,1080.0
8096,166.55570292114223,166.84397025649935,0.010231414,0.0008093657,0.012579628,-0.14694127,158.4727,1080.0
8097,164.69758093750903,171.26266369665305,-0.0042419997,0.00061871565,-0.028573891,-0.15477398,162.75491,1080.0
8098,162.27112842072447,175.57084903645355,-0.01432433,0.0001638907,-0.031137312,-0.1563777,161.9174,1080.0
8099,161.79485287685424,178.52929089938831,-0.015098006,0.0007788764,-0.017542634,-0.15286525,157.31256,1080.0
8100,163.2102071930813,179.34837228694252,-0.01559064,0.0012373466,-0.005985458,-0.1532036,159.91512,1080.0
8101,163.07075491840956,177.77074647924042,-0.011003339,0.0004113939,0.0078047574,-0.15407875,162.5434,1080.0
8102,158.69714031129524,173.2070200459885,-0.013164718,-0.0016928214,0.009684584,-0.14806521,154.64035,1080.0
8103,151.25086589559783,165.6607055512506,-0.018511511,-0.0068822224,0.024271535,-0.1506561,153.2348,1080.0
8104,144.23087818884375,158.27088252293663,-0.022195943,-0.0052496735,0.021085612,-0.14366655,149.55109,1080.0
8105,140.29393147073407,155.97635981064144,-0.015270261,-0.0020047787,0.03643556,-0.12119073,135.23149,1080.0
8106,139.90611417799445,160.57827280020112,-0.011251209,-0.00053174054,0.06127992,-0.12395945,147.87177,1080.0
8107,142.669073521292,168.57942056231144,-0.007503199,-0.0025416056,0.07536751,-0.12339603,153.21939,1080.0
8108,149.56973129538488,173.36055177184048,-0.009255586,0.004860998,0.066309385,-0.07843152,120.5554,1080.0
8109,161.13310616022676,169.90357552891376,-0.0074286,0.010621756,0.10434593,-0.07554653,145.37706,1080.0
8110,173.33133609018654,160.610303852702,-0.007827702,0.010261875,0.09302063,-0.060728285,131.23904,1080.0
8111,180.33428166505115,154.1926058285093,-0.007828494,0.0050626965,0.04490407,-0.01118246,55.200954,1080.0
8112,180.89070699747288,155.50324081823163,-0.0019217597,0.00540017,0.025625044,0.007910693,18.421743,1080.0
8113,178.28425763890223,161.3137859091322,-0.0009713067,0.006579929,0.038915902,0.00093965884,37.82485,1080.0
8115,175.80325051286403,166.85783788587798,-0.0038370767,-0.003633711,0.020162286,-0.00089481496,23.51923,1080.0
8118,174.33017673567346,170.12288118193243,0.0028866804,-0.009252845,0.03399432,-0.0036576448,34.34055,1080.0
8120,172.14250687955368,169.56278402211024,0.0038104588,0.02232909,-0.13896936,0.07339596,150.26477,1080.0
8121,166.1477285662335,164.0729695859972,-0.0028285838,0.019029066,-0.12505844,0.06637661,133.37103,1080.0
8122,156.7615227554277,157.91141346541608,-0.0015099985,-0.0021628768,-0.052400943,0.018231371,63.531372,1080.0
8123,150.6883441214006,158.69718963519483,3.390842e-05,0.0010416667,-0.0348387,0.013574417,45.28235,1080.0
8124,153.80641176633895,167.33910643033767,0.0023586696,0.0031886913,-0.034590486,0.0115305865,46.290066,1080.0
8125,163.60797305858037,176.798674409805,0.004166667,0.0034188165,-0.050657485,0.014911086,65.316864,1080.0
8126,172.43068053144245,180.89572974380994,0.006358846,0.0047672978,-0.057454143,0.01812682,77.09011,1080.0
8127,175.475331246555,179.3324854922364,0.004721126,0.0022061102,-0.06972357,0.017513756,87.31632,1080.0
8128,173.91232746889702,175.66638340918814,0.006117418,0.00035733823,-0.071172476,0.013279838,88.87838,1080.0
8129,171.80059544416306,173.2452594979041,0.0051083034,0.003539248,-0.07636131,0.019604888,99.140366,1080.0
8130,171.37101514066057,172.95802134742203,0.006824183,0.0053393045,-0.06853383,0.019818736,94.45383,1080.0
8131,172.067151602587,173.87102123739785,0.0038711547,0.003043987,-0.07403084,0.013001449,97.64505,1080.0
8132,173.03909918435573,174.6543493768611,-0.0048873336,-0.0070200604,-0.078436226,-0.0047010914,83.55912,1080.0
8133,174.17062886949765,174.28858137734602,-0.008478687,-0.0104137,-0.046065662,-0.019147208,25.480194,1080.0
8134,175.2601420043903,172.99766804221403,0.0064420914,-0.008766768,-0.06154836,-0.01908171,78.620346,1080.0
8135,175.64640904315095,172.26650981826265,-0.0050834375,-0.015606492,-0.038949415,-0.040635567,25.602303,1080.0
8136,174.5581937581584,172.871316066885,-0.004380968,0.0056363707,-0.023415573,-0.0042415196,23.526546,1080.0
8137,172.48170454440958,173.67677083561762,-0.0061770403,0.0037172388,-0.0060223048,-0.008591772,15.869668,1080.0
8138,171.28581786450184,172.94621504057702,-0.0043839067,0.012168206,0.0010787963,0.012677256,13.467526,1080.0
8140,171.59845357605215,170.32258801299548,0.003068825,0.0030100504,0.032875117,-0.044036895,75.81132,1080.0
8141,172.46164501969304,167.1454982442364,0.0044248793,0.002740761,0.05632923,-0.07378164,99.70284,1080.0
8142,173.48599471763262,164.95901995287053,-0.012148483,-0.003084536,0.027757715,-0.0879917,99.49287,1080.0
8143,173.7089559928408,163.52834309231238,-0.018936044,-0.0075525637,0.033925034,-0.10523464,117.50025,1080.0
8144,170.60151179560012,160.32764455352137,-0.02252265,-0.014268889,0.040735204,-0.11983917,135.91939,1080.0
8145,162.5210769588896,153.5224017142419,-0.025970515,-0.0150115965,0.0486067,-0.11382175,139.04388,1080.0
8146,148.78230014090974,145.18348837469588,-0.021787008,-0.011915108,0.061540052,-0.11257304,151.70528,1080.0
8147,130.4235028507529,137.4083283442698,-0.023916682,-0.009279943,0.068187684,-0.11272391,156.25586,1080.0
8148,114.81051560514668,127.01705973532874,-0.022120045,-0.008857812,0.0775667,-0.11253001,161.29501,1080.0
8149,111.81819311218347,111.5825710315783,-0.02446255,-0.0070138155,0.083479136,-0.116882265,165.54857,1080.0
8150,122.43279754192422,96.96028960388843,-0.029743167,-0.005779747,0.08294672,-0.10847024,169.03258,1080.0
8151,137.5898559630358,91.35419296962884,-0.027468929,-0.0026976126,0.107753895,-0.09259158,176.65277,1080.0
8152,148.08603503212618,96.00365169050397,-0.02289796,-0.0004649692,0.12053025,-0.09493456,185.46402,1080.0
8153,151.54022237241847,104.98980472089455,-0.024024963,-0.008965047,0.14089644,-0.10698095,195.19029,1080.0
8154,151.20452158679237,111.31072235502471,-0.026188321,-0.0074617458,0.16940172,-0.097808525,212.36005,1080.0
8155,151.59233081785635,112.6421966864804,-0.025670765,-0.009188673,0.18672949,-0.08252866,230.03955,1080.0
8156,155.31676997689135,111.84290440596278,-0.023516506,-0.008255316,0.21838786,-0.08194156,248.87346,1080.0
8157,161.68842140049483,112.2854690907419,-0.022748707,-0.009784247,0.23792928,-0.06764877,268.54712,1080.0
8158,167.24709760202887,114.33176890014448,-0.02050606,-0.009141851,0.24573258,-0.059540246,275.96317,1080.0
8159,168.53278053613982,116.48432413456305,-0.018860824,-0.007937114,0.25039276,-0.061073273,277.85626,1080.0
8160,164.83113774690625,117.93303200175782,-0.015018039,-0.007919142,0.25299987,-0.056539662,278.3598,1080.0
8161,157.69227215818373,119.01481942593688,-0.018005993,-0.006206795,0.25266114,-0.040346697,276.91324,1080.0
8162,148.6940580475026,120.27818151683624,-0.014458946,-0.0046521504,0.2618195,-0.03910525,279.62845,1080.0
8163,139.17877713158586,121.96964998505932,-0.013325049,-0.012395675,0.265956,-0.06605428,279.28864,1080.0
8164,131.34382672639313,124.1269390535595,-0.004403517,-0.012784124,0.26380447,-0.067710936,265.8643,1080.0
8165,127.78078971191104,126.55796185943208,0.015137736,-0.005665193,0.23954625,-0.077453725,231.57535,1080.0
8166,128.73959106876848,128.59490955649852,0.013304817,-0.012289881,0.22034562,-0.08312189,205.42744,1080.0
8167,131.2137070299906,130.14324820811834,0.008106599,-0.010557669,0.19951478,-0.07825831,210.69005,1080.0
8168,132.66194792339513,133.07841809801118,0.019508645,-0.0073267054,0.23730831,-0.07576413,229.68004,1080.0
8169,132.6288615828822,139.20584892960483,0.017885787,-0.016082086,0.22419931,-0.09356401,225.1285,1080.0
8170,130.20247567454697,147.62233369427332,0.01665785,-0.020882556,0.21616594,-0.11419508,219.15895,1080.0
8171,125.05248975666781,156.36265827261315,0.019050768,-0.020662265,0.20779803,-0.11288881,212.4642,1080.0
8172,120.41811354530242,163.83505173394954,0.0068605775,0.006251413,0.16427319,-0.05613344,177.18907,1080.0
8173,120.59011739208886,167.70312249161748,-0.019325878,-0.026089648,0.1366819,-0.13179244,176.70691,1080.0
8174,125.05113566391766,166.0849506943713,-0.01845285,-0.011685435,0.10756915,-0.0899385,151.0795,1080.0
8175,127.04884582367751,159.48550754557766,-0.025365533,-0.0119396355,0.09600706,-0.08733019,148.0473,1080.0
8176,119.2597097629079,150.71201414931926,-0.026870953,-0.01848235,0.09919953,-0.09658791,149.72147,1080.0
8177,100.5828829708656,144.75818521392515,-0.023906453,-0.026734218,0.094438,-0.11827155,157.03526,1080.0
8178,79.52183451108583,146.06788202054733,-0.0096844705,-0.0019189622,0.12114066,-0.09297459,177.46727,1080.0
8179,71.68550917254213,152.26447144981265,-0.03226556,-0.015396288,0.10415559,-0.14609587,191.10619,1080.0
8180,84.7766323725656,155.1139541707962,-0.026290894,-0.016610434,0.112863384,-0.1447383,197.13765,1080.0
8181,105.98956244540433,151.77756216488447,-0.031513244,-0.02517299,0.092844196,-0.17120235,195.57306,1080.0
8182,116.89182642323205,148.15484229977397,-0.036257368,-0.018255841,0.06954538,-0.1535981,183.64899,1080.0
8183,115.26524084100987,149.08650505872788,-0.03653847,-0.026290668,0.03082931,-0.14872864,153.29488,1080.0
8184,111.67255336397011,153.92296639171232,-0.01840549,-0.020101054,0.024083456,-0.14452934,149.62993,1080.0
8185,113.25084873656562,161.09220411898934,-0.026195271,-0.01608949,0.01815762,-0.14650972,151.91673,1080.0
8186,117.98373457547873,169.13037294805895,-0.03532941,-0.0172272,-0.00589091,-0.14727983,143.72961,1080.0
8187,121.33827895417038,173.59787339322435,-0.035768524,-0.011385204,-0.026550407,-0.13836798,133.52267,1080.0
8188,123.03090071708687,168.82214719256223,-0.030192284,-0.008345032,-0.020255309,-0.12059732,127.47778,1080.0
8189,124.2114363959103,154.98332880891195,-0.03023885,-0.010132372,-0.07972536,-0.116117634,113.00492,1080.0
8190,124.09073820839463,140.30885118719175,-0.03845294,-0.008491516,-0.10513487,-0.10093888,103.91688,1080.0
8191,123.3012054625819,133.9084560968256,-0.041689273,-0.005454424,-0.10848157,-0.110080786,116.47435,1080.0
8192,124.92369262833883,138.2310578145818,-0.047804657,-0.0040178085,-0.11957607,-0.10640701,121.8149,1080.0
8193,130.3161906544626,148.31034176658952,-0.034884192,0.0009395458,-0.08190647,-0.081964746,105.73089,1080.0
8194,137.66800179086025,153.8752198502627,-0.026124856,0.020866252,-0.092620626,-0.10480104,138.61533,1080.0
8195,145.59913455891677,142.62675433978043,-0.040534917,0.020248158,-0.10299722,-0.053781256,102.438354,1080.0
8197,154.07380526057466,114.93713240495904,-0.026533792,0.004832119,-0.10249385,-0.1281341,162.3848,1080.0
8198,160.5739492150823,95.17975463856094,0.011693318,0.0059682494,-0.02912688,-0.16083768,188.3108,1080.0
8199,160.7023020884535,105.17253876430333,-0.024677532,0.004891318,-0.091665536,-0.16152509,192.93362,1080.0
8200,153.63317027606902,133.02332715034453,-0.0107887555,-0.004158698,-0.06424979,-0.15594119,180.60115,1080.0
8201,143.3174375145131,152.55116825344922,-0.018728299,-0.0036441097,-0.093257084,-0.15188453,185.2233,1080.0
8202,134.795444130788,157.1116812832404,-0.024582813,-0.004600977,-0.1152849,-0.1556104,181.78056,1080.0
8203,131.1761274584085,157.05011857033375,-0.005900178,-0.020984339,-0.07599917,-0.17587467,169.58237,1080.0
8204,133.15577661170903,160.23599265335517,0.013781965,-0.002578255,-0.069378436,-0.16690804,197.95131,1080.0
8205,139.06611139319102,164.48827090115927,-0.006856735,-0.00795921,-0.08799868,-0.13913256,168.97348,1080.0
8206,144.63161735491914,163.37946807586152,-0.015994601,-0.0004605046,-0.12617029,-0.14179337,204.70934,1080.0
8207,145.15303108175567,155.0165082598764,-0.0037576181,-0.0075597125,-0.11966767,-0.15602638,211.3082,1080.0
8208,140.03841316200086,143.9577105742031,-0.027561102,0.0040788436,-0.1430716,-0.13192075,189.82089,1080.0
8209,133.70488328360307,137.47971089724055,-0.024143133,-0.0018903379,-0.1240058,-0.12134405,174.21645,1080.0
8210,130.2647069825618,139.9542437702882,-0.027413262,0.00051263877,-0.15392196,-0.10704473,163.87236,1080.0
8211,129.36055235482738,148.22405445861787,-0.019281005,-0.005851011,-0.16012505,-0.1185536,182.03304,1080.0
8212,129.36131004627472,154.52004371087412,-0.018203057,0.0034634625,-0.16910581,-0.08534042,167.26642,1080.0
8213,131.73969630407487,155.94147402056504,-0.018360958,0.0066891424,-0.17805696,-0.083866715,195.36703,1080.0
8214,138.29655136032562,156.26569338598475,-0.026083147,0.0039535803,-0.1850353,-0.060836893,188.69649,1080.0
8215,145.79437105760638,157.33589198106841,-0.030263605,0.012923629,-0.20517601,-0.048853416,200.12212,1080.0
8216,148.36073481448784,156.76471501109992,-0.028268546,0.01467531,-0.2030877,-0.04980052,209.40237,1080.0
8217,145.19946043833025,153.58991071402917,-0.017641308,0.014207628,-0.17467041,-0.046418086,190.68855,1080.0
8218,142.45418418776094,148.44053851665646,-0.013827515,0.021968333,-0.122487955,-0.002740535,116.698875,1080.0
8220,145.29109963722706,139.1364548441949,-0.006037394,-0.00022611265,0.005061736,-0.044462923,50.700985,1080.0
8222,149.91187428871163,124.63427247593258,-0.036812223,0.0029249685,-0.104586676,-0.13362227,149.86258,1080.0
8223,150.3385407147309,114.78702571430321,-0.04103789,0.0019780195,-0.10869469,-0.13451287,150.90895,1080.0
8224,147.94172803755825,123.08808652365967,-0.046657648,0.00084200257,-0.10655857,-0.12679414,151.4194,1080.0
8225,144.79767293175257,147.1014959933955,-0.05342746,0.00046561912,-0.11464166,-0.09875805,124.402695,1080.0
8226,139.52523416794392,169.74013120005324,-0.05803042,0.00035810118,-0.1125859,-0.07731963,107.80819,1080.0
8227,134.7831646728992,178.57783172499092,-0.05619586,-7.5531e-05,-0.111105345,-0.06575332,95.54937,1080.0
8228,136.48006984336462,174.6979857201687,-0.051111404,0.00064137776,-0.10039492,-0.051944055,77.99828,1080.0
8229,145.5386872984834,167.0347888808637,-0.049823564,-0.0030300282,-0.105231844,-0.061879333,84.699165,1080.0
8230,156.46494237453302,163.53795509564597,-0.044275805,-0.002991401,-0.104828335,-0.06778807,91.28986,1080.0
8231,162.73347382402196,165.99364914271914,-0.043465395,0.006431297,-0.10877053,-0.06573218,104.7752,1080.0
8232,161.89686335024217,170.74059589527005,-0.030764544,-0.0017033047,-0.09589561,-0.114456885,145.82945,1080.0
8233,155.87868914732434,173.30271031326643,-0.024299677,0.0028537326,-0.0959051,-0.13344552,165.29778,1080.0
8234,147.90358280082833,171.61545058410678,-0.02777902,0.01170157,-0.10276772,-0.1267569,161.12904,1080.0
8235,141.7211158363361,165.10050370271026,-0.044055063,0.017373487,-0.124213435,-0.11517569,151.79796,1080.0
8236,140.8866936002958,155.4173954996031,-0.029408434,-0.013405863,-0.08315814,-0.105255745,100.36953,1080.0
8237,144.08158708580774,149.3877558190662,-0.022223692,-0.014860591,-0.08126402,-0.12285209,120.40099,1080.0
8238,145.79818187100693,153.5732180972591,-0.029345252,-0.01347125,-0.09433198,-0.10091023,110.64772,1080.0
8239,143.96134653806723,165.23709882074638,-0.033428956,-0.004835369,-0.10664447,-0.10097045,130.54123,1080.0
8240,141.42792077254285,174.99241885570385,-0.03525221,-0.0051809805,-0.11056112,-0.11439516,129.69669,1080.0
8241,141.2199001073448,177.3332426297279,-0.050099917,-0.00033425225,-0.14719759,-0.11283079,136.68161,1080.0
8242,144.64166346792808,174.75616267559909,-0.04994066,-0.0014116075,-0.14666985,-0.103574276,123.717636,1080.0
8243,150.96646619992197,172.2913198053879,-0.04748558,-0.004288511,-0.1432771,-0.12087128,132.52255,1080.0
8244,155.97456458133087,171.28913366243182,-0.051262185,-0.00021610966,-0.15042634,-0.1384628,151.615,1080.0
8245,154.89215784822858,170.0195866310231,-0.051590756,0.010734022,-0.1432329,-0.092344046,116.86274,1080.0
8246,148.660702644688,167.53903373029806,-0.05019226,0.004251212,-0.12560256,-0.07833317,98.21502,1080.0
8247,142.84731733655218,165.2854867959197,-0.05191334,0.0017473574,-0.12392307,-0.07317015,96.24327,1080.0
8248,141.03382327035604,165.89573538944344,-0.050352987,0.0043723495,-0.11603212,-0.08130903,103.73769,1080.0
8249,143.7207642857374,169.82732567065935,-0.04831916,0.00622909,-0.11883556,-0.07637308,104.92943,1080.0
8250,150.04673466244918,173.64947251161718,-0.04923186,0.0052405465,-0.10116577,-0.07139663,94.34936,1080.0
8251,157.07959863410719,173.4804842518244,-0.04656225,0.0040828283,-0.09904378,-0.074264936,95.28503,1080.0
8252,161.5653788426705,168.95984014260566,-0.04729716,-0.0008543226,-0.08701036,-0.08327118,103.20615,1080.0
8253,163.40648926026842,162.904541828179,-0.04771039,-0.001006741,-0.0917641,-0.084158,104.0106,1080.0
8254,164.79035988927208,158.59191132727662,-0.046980344,-0.0029021369,-0.07655448,-0.069968544,88.23195,1080.0
8255,166.74842990089806,157.47457157074783,-0.047966965,-0.0033461393,-0.0910154,-0.063813046,81.501495,1080.0
8256,167.97557508894627,158.2997010769508,-0.05058164,-0.0061227586,-0.09130825,-0.0628864,80.53565,1080.0
8257,166.23101681600446,158.91883573818163,-0.05121867,-0.003713085,-0.096506186,-0.045406032,67.32585,1080.0
8258,160.36138950150047,158.93426955110618,-0.05097385,-0.0033972564,-0.09665267,-0.040407874,63.648483,1080.0
8259,151.79706855717566,159.1441250409153,-0.053778585,-0.0036583513,-0.096692234,-0.03341737,53.33251,1080.0
8260,144.55465609990267,159.64250238466227,-0.051431444,0.00015411378,-0.10254031,-0.023229048,49.3427,1080.0
8261,143.0759111163517,160.2607716053377,-0.05254788,0.0005144472,-0.095076725,-0.023310259,48.407963,1080.0
8262,148.8228271103882,161.22755282125772,-0.05449292,-0.0018928528,-0.09704426,-0.02991624,45.80735,1080.0
8263,158.48501346381474,162.3531130070263,-0.04901044,-0.0016027662,-0.09594698,-0.038471192,52.55265,1080.0
8264,166.74562142071306,162.99873218840384,-0.04689235,-0.004063359,-0.09932811,-0.0535642,61.085556,1080.0
8265,170.93538898962382,162.4980295193739,-0.044403926,0.0008312084,-0.09488028,-0.044007026,50.43561,1080.0
8266,172.0458716543737,160.08273435138656,-0.04149187,0.0033633478,-0.08965155,-0.031805363,46.396515,1080.0
8267,172.36466780782314,157.02504208821892,-0.040555317,0.007769691,-0.08106186,0.0053838943,27.878353,1080.0
8268,173.1437657006848,157.45655262207447,-0.039519414,0.012991785,-0.086429626,-0.005768444,46.36367,1080.0
8269,173.81785203272636,162.7456660312809,-0.040212054,0.018709537,-0.08516015,0.01288633,51.402924,1080.0
8270,173.08593921152453,168.1796352387338,-0.040319882,0.021332437,-0.09023652,0.0051301178,60.713104,1080.0
8271,171.01535243468993,168.585657260776,-0.037388723,0.016459938,-0.08958175,-0.030454423,74.26884,1080.0
8272,169.4576982983376,164.8940270989695,-0.036269236,0.009993575,-0.08194388,-0.044686366,62.946945,1080.0
8273,169.78340679949457,163.13193415830435,-0.035184678,0.014425631,-0.08234451,-0.03364682,61.533978,1080.0
8274,171.5265929843328,166.70820497396596,-0.041700803,0.012428792,-0.0969362,-0.027012706,56.865955,1080.0
8275,173.51913796754405,172.4278104104301,-0.042988926,0.006648989,-0.09473278,-0.06527656,72.64449,1080.0
8276,174.62113652822603,175.61926914407698,-0.045641523,0.0077084857,-0.091320574,-0.06690046,81.06769,1080.0
8277,173.74586693846226,175.30869795443087,-0.04699543,-0.001030703,-0.08142892,-0.04877431,66.21278,1080.0
8278,171.2244516054649,173.197525305858,-0.04837833,-5.750303e-06,-0.08352548,-0.045486435,68.42298,1080.0
8279,169.43057451629286,171.29720275384204,-0.050811823,0.00037458914,-0.08008372,-0.052198764,71.48652,1080.0
8280,169.72577729908258,171.3549697247613,-0.04893211,0.00029233296,-0.08197892,-0.061777327,77.73072,1080.0
8281,170.60632198603375,173.9369177754825,-0.050620355,-0.0034551127,-0.076806016,-0.06869028,77.3771,1080.0
8282,170.91138022031882,177.46356709094542,-0.049111202,-0.008046836,-0.06691674,-0.07543734,82.78884,1080.0
8283,171.71820950612664,179.36447326794928,-0.044923343,-0.011129535,-0.048878536,-0.09115229,97.84678,1080.0
8284,174.0250139840413,178.38008269441994,-0.045327194,-0.017451957,-0.027909795,-0.10761056,112.9811,1080.0
8285,177.16059260844938,175.55811303730763,-0.044178773,-0.017730685,-0.013211173,-0.11631116,121.61576,1080.0
8286,179.64473600967852,173.08984178491878,-0.042634185,-0.017837808,0.00079922145,-0.12997149,138.30063,1080.0
8287,180.58518388263025,172.25066350754176,-0.045230046,-0.014621622,0.000998264,-0.12684964,139.6029,1080.0
8288,180.17738315847575,172.62212614197134,-0.043426964,-0.016971277,0.011015151,-0.13152269,142.91379,1080.0
8289,179.00510299206053,172.97844451065052,-0.04187978,-0.01804705,0.021122685,-0.14411032,154.27222,1080.0
8290,177.2814551797996,172.46641038389106,-0.041612245,-0.017121717,0.020667238,-0.14264593,151.2065,1080.0
8291,175.30962518299685,171.3581439054947,-0.0403925,-0.026593441,-0.004341408,-0.13182661,122.84798,1080.0
8292,174.09409289407193,171.1116381268436,-0.036273926,-0.025265051,-0.0031482838,-0.12045266,107.29757,1080.0
8293,174.24766476714882,173.0417303326346,-0.03403196,-0.02702131,-0.0074124937,-0.103244625,96.55238,1080.0
8294,174.85372184037973,176.54022484145526,-0.03061693,-0.026025278,-0.014076798,-0.09394582,80.512024,1080.0
8295,174.66401757746655,179.44910712964108,-0.032070752,-0.021183748,-0.028730605,-0.073692255,58.370537,1080.0
8296,173.85354284881657,180.31297471674958,-0.02958148,-0.013893466,-0.016599528,-0.065635286,58.872654,1080.0
8297,173.7026402360435,179.17564483020186,-0.016019976,-0.0062021045,0.012814388,-0.07088739,71.66157,1080.0
8298,174.82993551974448,176.6348640224718,-0.02245845,-0.014557026,0.021119012,-0.098729394,101.93297,1080.0
8299,176.4495570560699,173.9360473939721,-0.016430777,-0.0109851975,0.033360798,-0.10434567,118.10326,1080.0
8300,177.3823162769693,172.92433464087134,-0.016102996,-0.01765148,0.035607573,-0.12852427,135.82553,1080.0
8301,177.17134558326345,174.21723830730596,-0.01685243,-0.016205512,0.041532278,-0.14145121,143.4318,1080.0
8302,176.32386137738897,176.56272391628792,-0.020190487,-0.015745828,0.035084818,-0.13973945,136.96085,1080.0
8303,175.74842452722595,178.1690201923878,-0.021292057,-0.013306681,0.031717766,-0.14584053,138.00014,1080.0
8304,175.75850274535046,178.0435042683223,-0.022093879,-0.017515847,0.027678426,-0.12836939,122.02582,1080.0
8305,175.5876435059779,175.63189544754522,-0.016310968,-0.009298622,0.052203313,-0.11613023,123.74369,1080.0
8307,173.84015028577068,169.53243538127342,-0.004945091,0.007784328,0.10065251,-0.071247354,146.34315,1080.0
8308,169.57212759868474,159.98898739894213,0.0050597577,0.0118431095,0.111859865,-0.045129847,128.13022,1080.0
8309,163.7318599877086,151.62626822187448,-0.01135836,0.0074755917,0.052053664,-0.05394171,109.64019,1080.0
8310,159.58424339955286,147.67482469279798,-0.027203256,0.0021529868,0.039386213,-0.06668931,116.23838,1080.0
8311,159.40292152992498,144.0274414110063,-0.036175933,-0.0025548018,0.034553755,-0.073338516,116.766785,1080.0
8312,160.77132493791714,135.67913245142228,-0.035869684,-0.0035502964,0.037464112,-0.06610651,114.346535,1080.0
8313,159.74521553604202,125.12476384700517,-0.03750825,-0.0028146815,0.04068146,-0.073296666,117.80644,1080.0
8314,156.6804545283244,118.99270169287902,-0.034349624,-0.00089523883,0.052390825,-0.06714884,122.21232,1080.0
8315,155.3511357090748,120.2899886907582,-0.033008885,-0.0006307814,0.059553076,-0.06382444,126.310486,1080.0
8316,157.78790435449204,126.61161451488738,-0.032340325,0.0003767508,0.06697128,-0.06296805,126.84672,1080.0
8317,162.62796947960135,133.09984590816794,-0.029442511,-0.0011774134,0.07879356,-0.06462258,134.57324,1080.0
8318,167.55698796120942,136.2554090165867,-0.03142033,-0.00090120104,0.08522119,-0.0641575,140.34981,1080.0
8319,171.51771864789723,136.10302040477896,-0.030879041,-0.003880847,0.0977734,-0.06550477,155.37465,1080.0
8320,174.37841526790706,135.02985238346378,-0.028471317,-0.005163913,0.12145487,-0.06518575,164.89368,1080.0
8321,175.6016239403749,134.9205370631804,-0.02706248,-0.0072303205,0.13480507,-0.06520976,173.5686,1080.0
8322,174.42996288615797,135.96371855749234,-0.026544472,-0.0096014235,0.1460908,-0.067386314,179.93178,1080.0
8323,171.15311781948978,137.58336951304378,-0.027131936,-0.011324141,0.1481499,-0.06669311,182.50493,1080.0
8324,167.35989847908172,139.52929738680245,-0.021636738,-0.015070399,0.15937811,-0.07586697,185.23262,1080.0
8325,164.86047246263482,141.75584344282703,-0.026521131,-0.014253857,0.14065687,-0.058682956,175.5101,1080.0
8326,164.26683591866313,143.60392239508258,-0.017318556,-0.011514508,0.16892344,-0.06184441,206.50427,1080.0
8327,164.28853348873866,143.94306413225775,-0.0147780245,-0.008157038,0.1793626,-0.04854222,215.0629,1080.0
8328,162.1454225586421,142.32118238735518,-0.016885715,-0.007271915,0.18030633,-0.052534457,219.4748,1080.0
8329,155.43372234382983,139.27617159006746,-0.013796375,-0.0123713175,0.18244539,-0.07421084,226.3795,1080.0
8330,145.08203963305883,135.7419473216824,-0.009197094,-0.014591189,0.18347971,-0.068006955,226.8323,1080.0
8331,135.10577522337363,133.46905500409108,-0.014937846,-0.017683834,0.22911167,-0.07540043,286.41797,1080.0
8332,128.1406287392353,134.98379272661916,-0.0060272217,-0.019417968,0.25217494,-0.08972134,307.35538,1080.0
8333,123.44496800732725,140.41005250273406,-0.012090273,-0.020734802,0.2485391,-0.111795634,314.5489,1080.0
8334,119.3535021259567,145.90482816585512,-0.005632754,-0.022437654,0.2591259,-0.14075936,332.47687,1080.0
8335,116.0124400415662,148.70424265354333,-0.0051458287,-0.022199277,0.2645184,-0.15739295,346.6596,1080.0
8336,115.29888761264132,150.58154798826163,0.0006842154,-0.020813214,0.29697436,-0.16307665,344.4565,1080.0
8337,117.39308363012277,152.53824239173,0.004030581,-0.020328917,0.3037105,-0.1549904,348.35837,1080.0
8338,120.61643000155829,152.16491825946542,0.0032444706,-0.01931839,0.2834285,-0.11948075,328.7871,1080.0
8339,127.29394863328803,150.64576467179077,-0.00078944454,-0.02360221,0.2733507,-0.109570086,328.75336,1080.0
8340,142.3825013430794,154.14016752745147,-0.0010473746,-0.02363318,0.3304476,-0.10170986,377.88745,1080.0
8341,163.1604537758496,164.2221056166337,-0.0035030788,-0.007949377,0.3106594,-0.055136703,340.14594,1080.0
8342,179.25858071633746,174.8447617929163,-0.009742455,-0.0022584137,0.3232261,-0.045833617,348.64905,1080.0
8343,184.31717570934728,180.35581549763822,-0.007707271,-0.0014039781,0.3110892,-0.040918052,339.86774,1080.0
8344,181.31335268280904,180.60868015834757,-0.0003089057,-0.013693238,0.34784558,-0.04596354,383.4152,1080.0
8345,177.15206541862713,178.62194150649293,-0.00096836797,-0.0019382053,0.32420015,-0.035413165,362.88422,1080.0
8346,175.78209195984473,177.0744269246197,0.001006854,0.002440954,0.32177773,-0.026134716,352.49655,1080.0
8347,176.73880398411973,176.9903284327759,0.00063849555,-0.018387802,0.34264356,-0.06717784,372.35016,1080.0
8348,178.05214072010645,177.91220103561122,0.0007743553,-0.017826956,0.31626463,-0.06943405,346.97464,1080.0
8349,178.6132816583928,178.70417852309814,0.000994421,-0.020319931,0.3299017,-0.07297349,355.68747,1080.0
8350,178.34289686653588,178.5463637021966,0.006509682,-0.018079884,0.33677492,-0.07175466,344.6696,1080.0
8351,177.76645777329122,177.59553781506713,0.0062381322,-0.009116025,0.31783333,-0.06183014,339.60538,1080.0
8352,177.62970020961174,176.88234800905846,0.0038574785,-0.00583773,0.31477824,-0.05700076,344.0611,1080.0
8353,178.21926109187746,177.22777222386406,0.0048550074,0.0032628095,0.3337509,-0.029883405,361.915,1080.0
8354,179.02709169449676,178.2857226206065,0.0045195404,0.0047343783,0.34430707,-0.018106276,369.8159,1080.0
8355,179.19798606507194,179.1052808016554,0.0018489696,-0.018893912,0.3510531,-0.06644485,379.84985,1080.0
8356,178.24866992956828,179.1221982330271,0.0058836197,-0.012887827,0.3730506,-0.06632789,392.15942,1080.0
8357,176.54901706131164,178.2809581284408,-0.00011257595,-0.03158931,0.38839665,-0.0919122,442.71228,1080.0
8358,175.03980856812737,176.82471349763796,0.0019236812,-0.0128944395,0.3671897,-0.06088025,396.0859,1080.0
8359,174.2167747408356,175.10918569709173,0.0038793492,-0.019630658,0.357082,-0.071121894,381.01352,1080.0
8360,173.7918106199698,173.6859701679201,0.0064210114,-0.007419219,0.35670766,-0.054390814,379.66312,1080.0
8361,173.6403869700643,173.47687845953288,0.0038184272,-0.019261423,0.34522378,-0.07442842,375.90442,1080.0
8362,174.1025973972439,174.92501617026278,0.0039719194,-0.021325119,0.32685903,-0.06991839,352.8924,1080.0
8363,175.05354212925036,177.0867630108688,0.00354829,-0.023618147,0.32766855,-0.07680537,345.31113,1080.0
8364,175.92138269700183,178.56470093297472,0.0075252955,-0.007015709,0.34597754,-0.051407143,367.04437,1080.0
8365,176.66620168001052,178.98658466447958,0.0016497012,-0.020502867,0.37695786,-0.078040965,406.74802,1080.0
8366,177.60964692365022,178.79894945148132,0.0020276105,-0.020957861,0.3449361,-0.08090533,369.48804,1080.0
8367,178.46612058954702,178.2532645921669,0.0016266435,-0.024578448,0.3653851,-0.099471465,395.47946,1080.0
8368,178.46705772808917,177.54541848685676,0.003212314,-0.028691722,0.3594069,-0.0946207,387.5687,1080.0
8369,177.3291040691567,177.21638353267343,0.0050495854,-0.028670417,0.34434012,-0.095044665,361.62402,1080.0
8370,175.73361063555336,177.56548471736656,0.003316074,-0.021446172,0.3206188,-0.07468064,350.2589,1080.0
8371,174.9430855608282,178.29069237768636,0.0021378694,-0.02574994,0.32581148,-0.09193857,355.05792,1080.0
8372,175.53467735597087,178.76902216501423,0.0007506194,-0.02773169,0.36057004,-0.090962894,386.86536,1080.0
8373,176.65330897786916,178.44560105262863,0.0019743743,-0.023018675,0.3558336,-0.085132256,383.4134,1080.0
8374,177.3023631365794,177.57908161864384,0.0021820068,-0.021701135,0.33934405,-0.079934604,368.54343,1080.0
8375,177.47792588654684,177.2408698661241,0.00289544,-0.02450645,0.3397853,-0.08614978,365.47012,1080.0
8376,177.3663767129268,177.9028309645357,0.0047735707,-0.019811235,0.35666153,-0.0806569,382.7662,1080.0
8377,176.77917472668736,178.86388181908296,0.0028023613,-0.021338329,0.34823292,-0.08205106,372.76984,1080.0
8378,175.8191781936019,179.26803014213428,0.002768114,-0.032671824,0.33674532,-0.09689553,367.3251,1080.0
8379,175.14883019169218,178.84466852203224,0.0023040771,-0.029764656,0.3498211,-0.09850597,379.16574,1080.0
8380,175.22901885249524,178.01516019317194,0.0020139907,-0.037393074,0.34961683,-0.10172161,378.0076,1080.0
8381,175.72446203206297,177.65130737479532,0.0022969,-0.034258127,0.35845444,-0.098185115,387.37912,1080.0
8382,176.0836153364765,178.12240994905974,0.00042549416,-0.031737503,0.33805394,-0.088523604,368.4402,1080.0
8383,176.38620591515007,178.80995572020478,0.0028132687,-0.025549924,0.3260822,-0.082276054,356.8367,1080.0
8384,177.03515326161792,178.97402835274852,0.0019285413,-0.031434704,0.32724428,-0.08983541,362.1777,1080.0
8385,177.90891169450362,178.44940829949306,0.0022540623,-0.032341145,0.31947213,-0.09030356,349.93576,1080.0
8386,178.45030677784246,177.56902652401303,0.0023445413,-0.023695048,0.29928482,-0.08221974,333.68634,1080.0
8388,178.28142634885535,176.96217217843545,-0.012030594,0.0056801406,-0.057793625,0.0019556116,46.565395,1080.0
8390,177.0447486401018,176.60047060306908,-0.008017985,0.0068958425,-0.00017728453,0.008965584,11.37507,1080.0
8392,174.23028814161594,175.357451384747,0.00882088,-0.0018549884,-0.00026188605,0.08302564,96.62526,1080.0
8393,170.41982687305364,173.12372073959676,4.3063694e-05,-0.0037538316,-0.012668582,0.06586722,79.18974,1080.0
8394,167.69549142067518,171.61665332567725,-0.0081116855,0.000733863,-0.020093564,0.038980357,43.717102,1080.0
8396,167.2325437407146,170.88585021924516,-0.010271821,0.004150701,-0.046743434,0.044568464,51.374313,1080.0
8398,167.250412733273,167.65800871115408,0.0018011588,-0.0002942403,-0.039470643,0.0268347,53.64714,1080.0
8399,164.0981630380393,160.01209632097664,0.00039921515,-0.0027424283,-0.045656104,0.02605506,53.24023,1080.0
8400,154.7812617347829,149.65173716670228,-0.0006292838,-0.0016012404,-0.04661724,0.029094668,55.726604,1080.0
8401,139.38429140517692,136.64154881884104,-0.0012972796,0.00044804325,-0.029780522,0.02653738,36.78015,1080.0
8403,125.33683976675715,122.17225345628725,-0.01387849,0.0058406405,-0.028471317,-0.014509837,31.990364,1080.0
8404,126.02091138339358,117.90070278557477,-0.01342457,0.006454524,-0.028817637,-0.012093268,27.224874,1080.0
8405,145.58176046713945,134.89269323236394,-0.013559469,0.0048944824,-0.030220032,-0.008498834,20.25835,1080.0
8406,170.4056541342962,164.6476262263063,-0.014313592,0.0038161385,-0.031583376,-0.011368872,19.570456,1080.0
8407,183.4753737304811,186.92011697045933,-0.014879241,0.0029433921,-0.03334616,-0.013762184,19.401163,1080.0
8408,180.5217992987422,191.60790495534314,-0.015305921,0.0019772283,-0.036531463,-0.008795082,13.817248,1080.0
8409,169.25023453896404,184.08938651798255,-0.016931888,0.0020188792,-0.042267974,-0.011912198,18.288305,1080.0
8410,159.32054852973403,175.056601474075,-0.015245565,0.0024106908,-0.039994586,-0.013673288,22.651905,1080.0
8411,155.4730305476024,171.253239992159,-0.015118012,0.0037391663,-0.03612665,-0.013634435,24.308846,1080.0
8412,156.77448469139517,173.20466923800973,-0.015064776,0.0029302526,-0.034368105,-0.01338987,22.677546,1080.0
8413,159.7506607757467,177.3529681733939,-0.015640542,0.0029189498,-0.036495123,-0.012554395,22.041058,1080.0
8414,162.24770746141033,179.95515960247394,-0.016090168,0.0043892753,-0.037123445,-0.011209587,23.396559,1080.0
8415,164.61548734533946,180.02693863872292,-0.015977252,0.003875365,-0.03522113,-0.016496615,26.506445,1080.0
8416,167.71600867620833,178.9620350497423,-0.015606859,0.0032790573,-0.034095876,-0.015385861,24.501413,1080.0
8417,171.23537674889127,178.14102539861244,-0.015389224,0.0024617512,-0.0317827,-0.014098019,20.08544,1080.0
8418,174.40907442956546,177.15702082280367,-0.017261533,0.0047460487,-0.033601154,-0.004791062,15.464643,1080.0
8419,176.85448268348262,173.7283433461082,-0.015451445,0.010416695,-0.03583719,-0.0016345837,24.705095,1080.0
8421,177.90421072751238,166.8434068758736,-0.0058819805,-0.0028797009,0.0052373814,-0.04768705,42.186058,1080.0
8422,176.72273498192376,160.60548167075868,-0.010424861,-0.0052568223,-0.008638339,-0.048847623,41.040344,1080.0
8423,174.22343046685515,160.4236983905318,-0.013595016,-0.005193866,-0.017416835,-0.047070708,39.85717,1080.0
8424,173.0973824819244,165.4875917816338,-0.014814871,-0.0050980463,-0.019956404,-0.04303798,39.987053,1080.0
8425,174.58219782725612,170.34809885200116,-0.015560517,-0.00534473,-0.019715147,-0.036651384,37.153206,1080.0
8426,176.89954467996142,171.3992968844125,-0.017509121,-0.0048931264,-0.020691257,-0.03227836,34.455307,1080.0
8427,177.55008706836557,168.57452043703586,-0.017545855,-0.003675475,-0.019714072,-0.031752776,34.94049,1080.0
8428,176.00378551386706,163.94952685582984,-0.017628875,-0.0033160173,-0.017400445,-0.037113838,40.817986,1080.0
8429,174.0245868434551,159.58504084057589,-0.01761435,-0.0034654122,-0.01124861,-0.040368255,41.24206,1080.0
8430,173.55102854160623,155.80304266433487,-0.017625935,-0.0028488159,-0.00878019,-0.03881118,36.640114,1080.0
8431,174.5864723652602,151.68318198522167,-0.016455812,-0.002389046,-0.005313732,-0.039098866,39.267532,1080.0
8432,175.69152993494282,146.18022451991635,-0.015885247,-0.00028053566,0.0032179656,-0.041512016,48.891228,1080.0
8433,176.06016443382254,138.63547570003013,-0.017140877,-0.0019428959,0.009290851,-0.04533666,54.412266,1080.0
8434,176.21978422887528,129.74048633478216,-0.015252799,-0.0010327091,0.01712364,-0.046615828,60.798794,1080.0
8435,176.73853371214452,122.26285360821187,-0.014465389,-0.00073236536,0.014960677,-0.04284024,56.0568,1080.0
8436,176.39350055282387,119.98401701467752,-0.014305397,-3.031978e-05,0.009208283,-0.03329482,47.033752,1080.0
8437,171.5309565535996,124.8545736406854,-0.014800913,-0.000692862,0.009950313,-0.035486717,50.801422,1080.0
8438,159.43238760871904,133.6893181341983,-0.01270215,-0.0008146498,0.013477862,-0.035365183,50.430016,1080.0
8439,143.2765700635518,139.23859560736105,-0.011394416,-0.00089645386,0.017080406,-0.034759607,52.441856,1080.0
8440,131.03390992319714,137.27390444128213,-0.012497965,0.00044863665,0.015264158,-0.03559751,53.23084,1080.0
8441,129.31535413845023,130.53634924980426,-0.013549127,-0.0011091444,0.008321013,-0.035871547,45.664803,1080.0
8442,138.73566599973213,124.1704854163105,-0.012718766,-0.0037470781,0.013254745,-0.047341608,54.515602,1080.0
8450,153.32686680251584,121.8197390709443,-0.01498351,0.0011021367,-0.043509927,-0.04117491,48.143593,1080.0
8451,164.53294610005054,127.92341473233195,-0.017276678,0.0055308305,-0.046499692,-0.020608606,34.24064,1080.0
8452,167.4821841072685,145.378869919988,-0.017699122,0.0038652208,-0.04804823,-0.018265365,32.758472,1080.0
8453,164.07580487248316,167.78719430026175,-0.01672578,0.004574274,-0.036202833,-0.013089809,23.893179,1080.0
8454,159.75150688848416,183.1003426386165,-0.017994463,0.0034730416,-0.03750407,-0.01852595,26.62351,1080.0
8455,158.15150426725722,186.11799572499638,-0.016273329,0.003786186,-0.038267348,-0.021121245,32.32463,1080.0
8456,159.46552824957814,181.66542085437268,-0.01675189,0.0050902753,-0.040973295,-0.020747997,30.13638,1080.0
8457,161.96713763494546,177.34678148592894,-0.017081253,0.0057106866,-0.043901064,-0.021639647,34.961277,1080.0
8458,164.0488663266072,176.71467227461062,-0.01788217,0.0034337644,-0.047818616,-0.025693681,35.13419,1080.0
8459,165.54108818621822,178.47428518183625,-0.018001584,0.0045549464,-0.044911023,-0.02465275,32.90449,1080.0
8460,167.49098531863254,179.82936564687833,-0.017559702,0.0054549323,-0.04011338,-0.01449147,26.513882,1080.0
8461,170.72912493430286,179.54348451895578,-0.01896645,0.005602943,-0.04774978,-0.016487347,32.99582,1080.0
8462,174.82466742202612,176.6039103304177,-0.018697781,0.0045214617,-0.04280712,-0.012990881,30.165476,1080.0
8463,178.29732616690328,166.34549944218088,-0.017053789,0.0047760294,-0.045120012,-0.014730581,34.881603,1080.0
8464,179.7362022056021,145.63685107142203,-0.01200765,0.00015094898,-0.03281781,-0.023586048,29.561874,1080.0
8465,179.0623793788311,123.9958202856524,-0.015382103,0.0013149403,-0.038757324,-0.021524614,28.112705,1080.0
8467,177.63315877104395,117.64182298423209,-0.013235474,-0.0031848766,-0.006294533,-0.08205693,90.271255,1080.0
8468,176.7232105081589,130.83024576406936,-0.019775447,-0.003552783,-0.02178503,-0.030681157,33.333935,1080.0
8469,176.55596263049043,152.69508434116636,-0.018134223,-0.0030375163,-0.022991547,-0.027358048,27.995098,1080.0
8470,176.92938354225927,169.6715404677105,-0.017263455,-0.004087971,-0.022062117,-0.028618678,29.13551,1080.0
8471,177.32136073085272,175.3830365080549,-0.016966531,-0.0024501095,-0.019871239,-0.03197516,32.668888,1080.0
8472,176.5549309843077,172.28795855931048,-0.018160107,-0.0042050113,-0.019291857,-0.032827646,32.709766,1080.0
8473,173.9823485536926,166.7209737494881,-0.019533567,-0.004719374,-0.020038802,-0.033513755,27.296705,1080.0
8474,170.87896964017432,162.55223433577842,-0.018568816,-0.00442649,-0.015485693,-0.029142817,30.220001,1080.0
8475,169.50479951722232,159.5346851004269,-0.019531759,-0.0044482476,-0.010422714,-0.02926763,33.5248,1080.0
8476,170.7487754150794,155.61512987397512,-0.01955476,-0.000943417,-0.0024959424,-0.033711355,40.812897,1080.0
8477,173.44651980510255,149.67575895839033,-0.019154754,1.8310548e-05,-0.0032875908,-0.034606144,41.64478,1080.0
8478,175.88000134018546,143.05200052881133,-0.017440852,0.0009006359,0.0034087005,-0.032545246,40.809597,1080.0
8479,177.16460682733867,138.8583508063523,-0.015115017,-0.002141119,0.009454684,-0.032101467,44.13268,1080.0
8480,177.17769921283374,139.5585951985663,-0.015291736,-0.003645127,0.011006052,-0.034273077,47.043316,1080.0
8481,175.2367704133647,144.21607687155986,-0.014573839,-0.001981919,0.011877159,-0.031014731,47.778072,1080.0
8482,169.00461207051356,147.67717836722463,-0.013772752,-0.0011110094,0.017895056,-0.030221727,48.914734,1080.0
8483,157.8836654641345,144.95042247930044,-0.0129609285,-0.0014479178,0.018329253,-0.03146453,47.730927,1080.0
8484,148.33434888337288,137.80326971287488,-0.0063986885,-0.00064086914,0.03787435,-0.037008185,61.76937,1080.0
8485,148.89162119260305,134.26115966192387,-0.00846162,-0.001465861,0.027882555,-0.035619836,57.498177,1080.0
8486,159.0573317503769,139.91912014157907,-0.009180987,-0.0007475111,0.026352663,-0.03458645,55.992737,1080.0
8488,169.82760659782772,151.9101086253323,-0.014986674,0.0085652955,-0.14169447,-0.1203982,189.44405,1080.0
8489,170.02078605628174,158.69768598059096,-0.01072512,0.00037488583,-0.12796529,-0.11709683,174.76474,1080.0
8490,147.99749477535644,142.85643802266503,-0.009004098,0.0015066924,-0.09899445,-0.11468178,153.75076,1080.0
8491,105.02448164378009,101.1480592624745,-0.004230923,0.002477999,-0.07339438,-0.10106947,129.41022,1080.0
8492,67.36139427631325,63.60073339353654,0.0022736725,0.0020179467,-0.0312218,-0.057114553,74.81446,1080.0
8493,61.315615043948625,63.8084253080159,-0.017710255,0.007734087,-0.03449786,0.0026143957,16.916191,1080.0
8494,86.976722124567,99.84659809875453,-0.020290742,0.0073038735,-0.026531247,0.021073518,14.803224,1080.0
8495,128.227323854512,145.514729080692,-0.02094964,0.005112853,-0.026178092,0.018523378,18.446472,1080.0
8498,166.18550187668026,178.26397687586288,-0.014385308,0.003928008,-0.036790352,-0.0024530198,11.6637,1080.0
8499,185.25666416509577,189.69414921524154,-0.013311654,0.0032200566,-0.026619636,-0.0034638299,14.231832,1080.0
8500,183.41587275191543,185.62600039193032,-0.0129713835,0.0020716914,-0.028050344,-0.008137795,17.790556,1080.0
8501,172.4865078907265,178.00550464141648,-0.013595242,0.0018496478,-0.022720112,-0.0035593668,16.232796,1080.0
8502,165.61968958744305,174.54407530653972,-0.013730706,0.0038157145,-0.025831321,-0.00086918584,13.984504,1080.0
8503,167.3437086134703,175.5807222702543,-0.013511431,0.0063151326,-0.026295414,0.0031925626,10.008511,1080.0
8506,169.40732102844638,175.5621766997597,-0.0125353215,0.0024936534,-0.033708077,-0.006636782,10.522541,1080.0
8507,156.07497508795927,164.08661871438017,-0.013230726,0.00026301632,-0.041807216,-0.013245929,19.78752,1080.0
8513,128.59325538832465,135.99728445872174,-0.002202239,3.826e-05,-0.14290224,-0.025029048,159.69716,1080.0
8524,112.49365184617018,105.21226963535317,-0.013682726,-0.0020815248,-0.016514644,-0.062260803,65.28267,1080.0
8525,120.91972969629317,93.57413661514659,-0.014843298,-0.0029033236,-0.01466997,-0.03594914,35.080338,1080.0
8526,137.0548392276933,107.60252549483626,-0.013944159,-0.0039130882,-0.0068683764,-0.02285888,28.073658,1080.0
8527,144.96004085451654,136.10987177036864,-0.010657699,-0.0017036721,0.005181885,-0.024584396,32.989372,1080.0
8528,146.98424467550961,160.15656891019964,-0.009911996,-0.0014605769,0.008306716,-0.036331486,43.87462,1080.0
8529,144.76435008776517,163.11607650928616,-0.007488901,-0.0017356308,0.021327717,-0.0415494,56.036186,1080.0
8530,131.1206040038458,141.82121761217988,-0.0077620894,-0.0011783176,0.023963815,-0.04113422,57.73143,1080.0
8531,110.58000044613361,109.80950995091412,-0.011688967,-0.00076460664,0.012758269,-0.041150693,51.99098,1080.0
8532,103.78278979335754,86.5876638339931,-0.011556328,-0.00053823966,0.008730796,-0.041618995,48.573975,1080.0
8533,120.78587559036308,83.7174672671935,-0.011176667,-0.00021656178,0.0026604547,-0.034961898,38.87748,1080.0
8599,147.55776105398922,99.5851306039244,-0.0076783923,0.0015953346,-0.006437344,-0.040947355,46.56464,1080.0
8602,163.08853007504646,122.62471279869355,-0.0063152174,0.00012393527,-0.021002537,-0.039253123,44.501797,1080.0
8603,161.43992768023259,139.60707312156313,-0.0074029993,0.0037310566,-0.018804027,-0.025268272,34.208252,1080.0
8604,154.6586057138765,144.64851774481204,-0.0078953495,0.0014532583,-0.014550442,-0.021393783,29.731026,1080.0
8605,152.46798241782275,141.36046474165178,-0.0024755406,0.0006790161,-0.002356183,-0.045770433,49.547913,1080.0
8606,147.4248178119981,135.05180942014732,-0.0018954807,0.0037980822,0.0035507767,-0.009445642,19.636929,1080.0
8630,132.03116174664405,128.15788089106726,-0.0212998,0.0041857404,-0.07254266,-0.17290723,193.7684,1080.0
8631,117.76414218496899,125.71958727338247,-0.020492893,0.004165056,-0.06808709,-0.17578875,194.13495,1080.0
8632,119.6790690545826,132.8256940778239,-0.017581064,-0.0025525128,-0.060964853,-0.18698332,200.37816,1080.0
8633,134.82450085317953,145.93098142646733,-0.013315045,-0.0032862627,-0.045980383,-0.19451359,206.67627,1080.0
8634,150.60733134827973,156.94566175588528,-0.015132311,-0.0009127299,-0.04382019,-0.19632916,207.86436,1080.0
8635,161.98523701559682,161.83276633614926,-0.0073232013,0.0007095902,-0.0374861,-0.19477686,209.10411,1080.0
8636,170.29655205508732,161.4234194651443,-0.012898424,0.0009418629,-0.037600257,-0.19145593,208.72379,1080.0
8637,175.76052541644773,158.96108266333192,-0.016479606,0.0011176215,-0.04549832,-0.19913691,214.80286,1080.0
8638,177.65517794485956,157.87996093031654,-0.021498391,0.0017748232,-0.043863256,-0.19626072,214.06288,1080.0
8639,176.77792720618055,159.57485012105724,-0.021597968,0.00019203468,-0.040839754,-0.20001136,221.02563,1080.0
8640,175.17264046682118,162.98111045798805,-0.020767665,0.002417727,-0.04211313,-0.21106824,224.07014,1080.0
8641,174.3025878959662,166.15221640597954,-0.020243326,-0.0019288805,-0.03570116,-0.21975759,233.68637,1080.0
8642,173.82006068733696,167.77987430008812,-0.006978579,-0.0005806252,-0.01565224,-0.22710156,239.96031,1080.0
8643,172.11080626426505,167.73563855378916,-0.010520427,-0.00042515507,-0.018317781,-0.22420855,236.59634,1080.0
8644,168.2722359740433,166.69456333390002,-0.015882365,0.00078108045,-0.020606034,-0.22371626,235.89803,1080.0
8645,163.75437112566436,165.41278454111452,-0.0146018695,-0.0008593524,-0.008220984,-0.22500806,241.26889,1080.0
8646,161.1668310900528,164.50759610788225,-0.015532204,-0.0012790821,-0.009398962,-0.23173319,244.70816,1080.0
8647,161.03955231816542,164.49489874865628,-0.01855401,-0.001832185,-0.007184516,-0.22952056,247.32959,1080.0
8648,161.25399430598787,165.45521443157085,-0.018751243,-0.002364208,-0.007377455,-0.22409645,239.80884,1080.0
8649,160.16150360382204,167.13280416459943,-0.02214898,-0.000855679,-0.011569327,-0.23320216,249.3171,1080.0
8650,158.32687792842572,169.62101457583842,-0.021215707,0.0021076344,-0.0067925346,-0.23796788,255.9661,1080.0
8651,156.9813756099337,172.88912906396448,-0.021622835,0.0007094772,-0.0031395806,-0.24179679,260.5394,1080.0
8652,156.73489961982835,175.5901192874898,-0.026350345,0.002178616,-0.010787286,-0.24892409,269.98645,1080.0
8653,157.63033748872323,175.87485448367238,-0.02504781,-0.0010813395,-0.00976619,-0.24504033,265.6185,1080.0
8654,159.6094653696196,173.8474664064714,-0.02174954,0.0016707809,-0.008312649,-0.24923302,270.19247,1080.0
8655,163.28638534495542,172.08405154926692,-0.022812115,0.0019569679,-0.0059543187,-0.2508588,274.33948,1080.0
8656,169.1253182485423,172.75899305496768,-0.02249349,-0.0010579992,-0.012424045,-0.25164878,273.30722,1080.0
8657,175.55824714927536,175.0170293450488,-0.024722064,-0.0019249246,-0.017967846,-0.25683272,278.72775,1080.0
8658,179.62248988395945,176.21004564606264,-0.023509838,-0.0020357484,-0.013739578,-0.25801647,280.53632,1080.0
8659,179.30205589771145,174.72692999148276,-0.02313922,-0.0007193671,-0.011169773,-0.26017088,283.783,1080.0
8660,175.2754378503635,171.61634670555813,-0.022092804,-0.0018062451,-0.012045966,-0.2564066,282.075,1080.0
8661,170.77820380107747,170.14493557740914,-0.024709744,-0.0012436478,-0.01301699,-0.26184165,288.8884,1080.0
8662,168.17100967858025,172.3221611100219,-0.018274264,-0.0036352652,0.0022207755,-0.2758282,302.89334,1080.0
8663,166.5352774586208,175.26220621729422,-0.014820466,-0.001784148,0.0059344256,-0.27888066,306.77524,1080.0
8664,163.89967366740092,173.31035429644675,-0.028358854,-0.00026719834,-0.0025218823,-0.2766856,302.39645,1080.0
8665,159.531548073634,166.40629749890155,-0.033715706,0.00037666602,-0.0025160047,-0.27611586,300.39154,1080.0
8666,153.99559906037607,161.52758993093101,-0.03815285,-0.003597966,-0.008548991,-0.27906013,297.06882,1080.0
8667,148.5271987986983,161.8158253999198,-0.03734628,-0.0005307233,-0.0019766348,-0.2641654,281.1845,1080.0
8668,144.15299489139676,162.18132845297671,-0.035481658,-0.0011002717,-0.01149032,-0.26466092,283.74295,1080.0
8669,141.8126028743946,157.66982018146658,-0.032129247,-0.0008783976,-0.007080417,-0.26546234,286.49316,1080.0
8670,143.05493949552962,150.2228683308836,-0.038605865,0.0035163597,-0.00511079,-0.27490777,300.20523,1080.0
8671,149.07955990164172,147.2735936398105,-0.038691316,0.0002525612,-0.018058155,-0.27799028,303.54288,1080.0
8672,158.76400645220227,153.82075622534424,-0.038565855,0.00042159468,-0.019176794,-0.29613343,318.67798,1080.0
8673,167.34720847866058,164.13930160634555,-0.03417053,-0.0039936774,-0.010767054,-0.30431908,322.8309,1080.0
8674,168.0450207791057,164.13382471957513,-0.03882107,-0.003618085,-0.02492009,-0.30168802,319.5161,1080.0
8675,159.09857003045565,147.98200037045615,-0.03726592,-0.003782032,-0.04061528,-0.2988729,315.62808,1080.0
8676,147.92110197968242,129.2691120118524,-0.0361236,-0.0031464754,-0.046633743,-0.29449514,311.54456,1080.0
8677,143.29788320227868,126.46541600682636,-0.04356017,-0.0017894038,-0.030383358,-0.30261892,318.08606,1080.0
8678,146.5613386224696,142.16329235188522,-0.039859463,-0.0018359149,-0.024852611,-0.30573797,320.31326,1080.0
8679,153.19059051691713,163.48210121134596,-0.044638965,-0.0027886285,-0.032444254,-0.30584535,320.92822,1080.0
8680,158.81947726133836,176.81335013519532,-0.042183712,-0.00073909055,-0.030680168,-0.30133876,318.2345,1080.0
8681,161.82356970548418,177.96584446902875,-0.04366721,-0.0013094301,-0.02580069,-0.30278575,320.42715,1080.0
8682,162.41344965156821,171.47578759875591,-0.042361055,-0.002000823,-0.01728171,-0.30179912,318.9884,1080.0
8683,161.35081271247682,163.91793916438263,-0.044396296,-0.001367018,-0.030458521,-0.3052268,319.09726,1080.0
8684,159.82497784314467,159.0841003211826,-0.048079144,-0.0012818513,-0.04027077,-0.30533397,317.71042,1080.0
8685,159.18661389442204,157.62123238029318,-0.04597705,-0.00383832,-0.03776064,-0.29906926,307.7563,1080.0
8686,159.93884126707488,158.4538812934807,-0.046346765,-0.005718655,-0.036953058,-0.30327561,311.10873,1080.0
8687,161.4402563667989,160.00206783877985,-0.047489252,-0.006712398,-0.041500006,-0.3038082,313.18372,1080.0
8688,162.74594400932716,161.09519979213508,-0.04763325,-0.008603809,-0.041497126,-0.29884017,306.2794,1080.0
8689,163.4475689033777,161.45117187239518,-0.04868718,-0.008138416,-0.040301796,-0.3039528,312.06458,1080.0
8690,163.75308436691742,161.35464037853887,-0.049965583,-0.00955918,-0.041576978,-0.3062458,316.9197,1080.0
8691,164.0307789965765,160.94352380624161,-0.05205553,-0.011457429,-0.044147745,-0.3073294,316.89734,1080.0
8692,164.42669348705698,160.02283853276015,-0.05340774,-0.012856547,-0.036046855,-0.31172737,321.70792,1080.0
8693,164.894465232353,158.58315494836575,-0.053997632,-0.010802601,-0.030551996,-0.31438023,325.50192,1080.0
8694,165.49875387474657,157.27134203770325,-0.05543953,-0.01163607,-0.025017293,-0.31892633,328.43292,1080.0
8695,166.47226247439198,156.99166079398512,-0.055551205,-0.011381983,-0.026235793,-0.32745376,334.40494,1080.0
8696,167.8100245290301,157.91384349337366,-0.05631177,-0.011507162,-0.0275832,-0.32107046,334.2579,1080.0
8697,169.04314162768245,159.05545699190384,-0.05585926,-0.011716433,-0.025014581,-0.33591366,344.21964,1080.0
8698,169.70843181616894,159.07214697927344,-0.05578941,-0.012392793,-0.020522563,-0.33875725,351.97183,1080.0
8699,169.94100123062023,157.67600212968156,-0.055790767,-0.012208218,-0.019728258,-0.34197316,350.6324,1080.0
8700,170.30543924519668,156.17790891764005,-0.056160256,-0.013604002,-0.018863536,-0.34419405,353.29254,1080.0
8701,171.02815292164252,156.41722035088884,-0.056605417,-0.015297953,-0.01724441,-0.3338429,342.9287,1080.0
8702,171.73675483910284,159.3414430614396,-0.056803893,-0.016874582,-0.014343544,-0.3286113,337.95078,1080.0
8703,172.04421977761973,164.56130319500988,-0.057565194,-0.01708826,-0.013375741,-0.32732886,337.09143,1080.0
8704,172.11446959150553,170.68008739385772,-0.058191143,-0.016429815,-0.012184595,-0.33088422,341.5329,1080.0
8705,172.4662241869088,175.87041846599197,-0.059064906,-0.017029656,-0.008647608,-0.33100224,344.5205,1080.0
8706,173.21271689656285,178.63680111725833,-0.059549008,-0.019150572,-0.004897224,-0.33975437,354.48004,1080.0
8707,173.74175170233278,178.63121669908688,-0.05974285,-0.018382715,-0.0048933243,-0.33479863,353.677,1080.0
8708,173.38304091316706,176.9163491250536,-0.059816938,-0.017086454,0.0016414501,-0.3425342,357.68295,1080.0
8709,172.2604038058516,175.04677540071938,-0.060760327,-0.017076902,0.00714959,-0.34457156,361.85336,1080.0
8710,171.28343117345898,173.72118096978758,-0.060295444,-0.017399993,0.0072597363,-0.34402052,360.7352,1080.0
8711,171.23411215828065,172.7822146664116,-0.05937777,-0.017453115,0.009094351,-0.34358296,361.0679,1080.0
8712,172.02061517176242,172.27271332724547,-0.0600287,-0.019587481,0.011219336,-0.34855503,367.51175,1080.0
8713,172.98913192101816,172.71514392611667,-0.059796765,-0.018676532,0.013347823,-0.35208064,372.47974,1080.0
8714,173.5966235649081,174.36224325788322,-0.059674017,-0.020479329,0.013903187,-0.3545652,374.32388,1080.0
8715,173.6017705183712,176.4291780731256,-0.060247067,-0.02035223,0.016873,-0.35804653,376.60828,1080.0
8716,173.10991676041812,177.67140587105837,-0.060190555,-0.020920252,0.023333231,-0.35828206,378.39044,1080.0
8717,172.5427771622048,177.83695113614482,-0.061518464,-0.023117179,0.0272635,-0.3648148,385.70096,1080.0
8718,172.23780267102222,177.58405425200604,-0.06280433,-0.02550241,0.026419068,-0.36847526,387.32504,1080.0
8719,172.14385256628253,177.3459425823333,-0.064819954,-0.02473105,0.027578566,-0.36901745,388.99405,1080.0
8720,172.02131178210016,177.13208734403153,-0.06516955,-0.023337526,0.03368208,-0.37140736,393.9077,1080.0
8721,171.75048965313877,176.94921297152058,-0.06493502,-0.022909546,0.04102478,-0.37346536,397.54855,1080.0
8722,171.43893668112133,177.0162270035319,-0.06459271,-0.024416605,0.047681343,-0.37744763,401.2464,1080.0
8723,171.34706529961483,177.46378101701964,-0.06472083,-0.02580736,0.04667573,-0.38075665,402.09387,1080.0
8724,171.6177737713781,177.8714774618665,-0.065522656,-0.025616342,0.04558761,-0.38659343,406.23996,1080.0
8725,172.16004602394466,177.60610826733256,-0.06736501,-0.027164035,0.047134627,-0.3880492,409.82584,1080.0
8726,172.8869457027079,176.57205924455633,-0.06895091,-0.025695123,0.04542756,-0.3848474,407.15274,1080.0
8727,173.71386281321364,175.18976405120748,-0.069677114,-0.02738427,0.04498206,-0.38730076,408.09006,1080.0
8728,174.28446078321574,173.89918002994375,-0.071590565,-0.025616229,0.04374073,-0.38315117,402.61154,1080.0
8729,174.1958341348045,173.02321855805423,-0.07060999,-0.023857964,0.03839812,-0.37887365,396.37225,1080.0
8730,173.48522231776164,172.85478592809775,-0.06803453,-0.022561872,0.033274896,-0.3740504,389.60526,1080.0
8731,172.48421605110912,173.4677482478596,-0.06767171,-0.022734635,0.026101798,-0.37143895,383.97943,1080.0
8732,171.3605820740711,174.4181104552224,-0.067518845,-0.022175485,0.020662887,-0.37480935,383.99435,1080.0
8733,170.09376627123402,175.10597328160284,-0.06610667,-0.021057185,0.020519624,-0.3677447,378.79715,1080.0
8734,168.73835192724792,175.46306673219576,-0.06588536,-0.02166426,0.017248647,-0.35741135,370.96484,1080.0
8735,167.86148598264987,175.82610907501763,-0.065524064,-0.022444945,0.01124132,-0.3565158,372.26852,1080.0
8736,168.56253440401926,176.30894081158394,-0.06597211,-0.020929407,0.0039500482,-0.35298216,369.4407,1080.0
8737,171.1308710844946,176.72156311412994,-0.06488704,-0.021146704,-0.0024818138,-0.35392916,368.81384,1080.0
8738,174.0972132499063,176.8788910226855,-0.06521228,-0.021238992,-0.010369195,-0.35595396,367.99246,1080.0
8739,175.62987187136432,176.61645042953288,-0.066974044,-0.020178618,-0.013616039,-0.3545104,366.37122,1080.0
8740,175.23741669179395,175.92466284424168,-0.07024745,-0.019277332,-0.031390496,-0.35046998,358.81967,1080.0
8741,173.82021309841372,175.36446313709297,-0.0701412,-0.01903534,-0.046588305,-0.3439231,351.25046,1080.0
8742,172.9465812726524,175.69489789131913,-0.06759163,-0.018696425,-0.057959832,-0.34009445,346.9117,1080.0
8743,173.78969850492913,176.84310644696473,-0.068811886,-0.015787082,-0.066138655,-0.35260758,359.26974,1080.0
8744,176.0955210372427,177.62127671808304,-0.070656724,-0.016093388,-0.073148996,-0.36021316,370.06113,1080.0
8745,178.44560608265306,176.79958852025226,-0.07034234,-0.013855432,-0.07807374,-0.36441007,375.29266,1080.0
8746,179.49538281315242,174.55297491844962,-0.07045848,-0.011068669,-0.07763819,-0.36278495,375.30084,1080.0
8747,178.98532602671025,172.40964666716778,-0.07051307,-0.013302273,-0.07585116,-0.3510886,364.3137,1080.0
8748,177.8190845206874,171.7093131298052,-0.070347935,-0.010653799,-0.080603704,-0.34291893,355.47876,1080.0
8749,177.0280684320051,172.5126604543826,-0.06968096,-0.009652484,-0.08678764,-0.33509013,349.0547,1080.0
8750,176.85092918031927,173.87148447906918,-0.0677241,-0.010302226,-0.08742484,-0.32533532,339.6664,1080.0
8751,176.8245741897752,174.87953633637127,-0.06798904,-0.010537211,-0.08473477,-0.32042506,333.03177,1080.0
8752,176.1672219335222,175.48812680318534,-0.068809964,-0.0100084655,-0.08356041,-0.3112941,320.57315,1080.0
8753,174.1149070065413,176.28247248994813,-0.07096625,-0.011334624,-0.08917965,-0.2938643,303.2351,1080.0
8754,170.18264552395667,177.34314686221396,-0.06847771,-0.011581139,-0.08257746,-0.28792495,295.65622,1080.0
8755,164.48592087498662,177.78187283929367,-0.06728499,-0.012682428,-0.082014464,-0.28339282,289.74118,1080.0
8756,158.94587861374728,177.10317745613145,-0.0677957,-0.012449702,-0.081274696,-0.27901378,285.44513,1080.0
8757,157.4076348751181,176.2984150635482,-0.06741095,-0.014013559,-0.08157049,-0.27165705,278.05643,1080.0
8758,162.2669444636383,176.49833641802377,-0.06647294,-0.013946646,-0.08116427,-0.25628716,263.54315,1080.0
8759,171.04578304765346,177.34901773916854,-0.064380676,-0.015088513,-0.07084514,-0.26451045,270.6048,1080.0
8760,177.68522335789072,177.77051223031455,-0.064544335,-0.015268962,-0.06591667,-0.2602339,265.53198,1080.0
8761,178.2018009049347,177.54700219514288,-0.06477678,-0.015119934,-0.060910374,-0.26573455,272.65656,1080.0
8762,174.7789254638992,177.25628440092174,-0.066149674,-0.0152103,-0.061143946,-0.26624689,267.85724,1080.0
8763,172.59899514768128,177.21032710924206,-0.06533943,-0.01523025,-0.05322209,-0.2682431,270.77744,1080.0
8764,173.61915340720742,177.25165754052927,-0.06810817,-0.017097868,-0.044340007,-0.2663737,269.9408,1080.0
8765,175.4981927214262,177.22775699450094,-0.06912757,-0.019805174,-0.038889285,-0.27165413,276.3047,1080.0
8766,174.97853405156167,177.01861528484505,-0.06932497,-0.020426037,-0.029146152,-0.28454155,287.9237,1080.0
8767,171.60219118509704,176.3047973840262,-0.06965722,-0.024813108,-0.025533266,-0.2914357,296.64767,1080.0
8768,168.8930398449379,174.72910809458057,-0.072072685,-0.02727469,-0.013345111,-0.30428192,310.0635,1080.0
8769,170.21048872791837,171.99904686470992,-0.07666586,-0.023949856,-0.010327601,-0.30707374,315.69708,1080.0
8770,174.12677121392727,167.86820328416016,-0.07705559,-0.02338415,-0.006879171,-0.3140194,327.75702,1080.0
8771,176.00963691514482,163.13643005928293,-0.078607686,-0.019714411,0.014092453,-0.33125195,353.2636,1080.0
8772,172.33994203404657,159.8017647063871,-0.07543827,-0.018847544,0.028215988,-0.34878495,376.14246,1080.0
8773,163.82219157383454,158.74105707443604,-0.080277845,-0.023498874,0.044881072,-0.3764168,407.8067,1080.0
8774,156.7583516985768,159.1337415619707,-0.083967194,-0.021536367,0.055885144,-0.36503467,397.67953,1080.0
8775,158.013421881818,159.92394204992223,-0.080466375,-0.03226646,0.11077711,-0.38010454,421.97095,1080.0
8776,166.74459632637686,159.6154661471813,-0.086710386,-0.02587625,0.1321228,-0.36598942,432.78577,1080.0
8777,174.6094648007333,156.4804701394425,-0.08491171,-0.03301629,0.19146933,-0.37524378,478.8276,1080.0
8778,174.45918395428822,150.27179515791624,-0.0853094,-0.030219523,0.21274267,-0.36227223,478.31516,1080.0
8779,167.23376793378876,142.45189025769474,-0.08189663,-0.033081282,0.24887097,-0.37643135,500.99268,1080.0
8780,158.7193776280833,134.7124437307997,-0.08420806,-0.035284594,0.29491216,-0.37630382,550.48553,1080.0
8781,150.73219883339533,128.64482530863643,-0.083323896,-0.033143107,0.38462874,-0.37389588,598.2652,1080.0
8783,141.74286542022068,127.45470315467244,4.1255244e-05,-0.0010438142,-0.012596978,-0.007330605,14.417465,1080.0
8786,134.80716707947187,131.7924309797996,-0.0074547096,-0.0005371094,-0.01287401,0.022301823,24.627003,1080.0
8787,134.92521089727086,133.39685742884996,0.0022465459,0.0024909126,0.007397687,0.022051465,19.561508,1080.0
8789,139.20914793628882,128.26655540099736,-0.004906605,0.00096113415,-0.015967362,-0.029810814,35.071842,1080.0
8790,142.04783843527002,129.4380134936135,-0.004372039,0.0011401706,-0.015539607,-0.030105224,36.576904,1080.0
8791,146.99977411636132,146.99110575255963,-0.005169508,0.0016305712,-0.018631604,-0.03156611,38.59458,1080.0
8792,158.98362846523105,170.25421764733707,-0.005027658,0.0040846933,-0.015530904,-0.016860398,24.726974,1080.0
8793,171.90753608746408,182.11348979622812,-0.007977068,0.0042119627,-0.017039547,-0.015022024,21.379774,1080.0
8794,176.09884563069173,177.19120863253326,-0.010463404,0.0032015764,-0.019622859,-0.013687501,18.669586,1080.0
8795,170.52723124533654,163.03530077311896,-0.0103088375,0.0027659945,-0.018947857,-0.011675121,15.880296,1080.0
8796,162.49952015847094,151.92655400702233,-0.011935651,0.0033349497,-0.018201532,-0.007646377,11.673114,1080.0
8797,159.97969020096693,151.9573240134299,-0.0106699625,0.0032981308,-0.01599172,-0.00796879,10.35288,1080.0
8798,164.55708582072882,161.11381178903753,-0.012380699,0.0045391223,-0.011794987,-0.0048147133,11.047391,1080.0
8800,170.5416435290686,169.87447283081514,-0.00966503,0.0025990522,-0.012263771,-0.0108746,10.324817,1080.0
8801,172.1043102651824,171.14410704295923,-0.009326793,0.0023909674,-0.011314618,-0.012966976,10.411861,1080.0
8802,169.55659121119177,165.75786190102139,-0.00952804,-0.0002470511,-0.011918527,-0.015831616,10.02834,1080.0
8803,166.97235141517763,158.47636998956034,-0.009158042,0.00047887166,-0.009998633,-0.013294446,10.45024,1080.0
8804,166.5712032116305,152.1772972802142,-0.008795957,1.0652895e-05,-0.0068683764,-0.017028272,13.899693,1080.0
8805,167.33540211087595,146.896319009965,-0.007828776,9.245696e-05,-0.0073316786,-0.013993072,10.689101,1080.0
8806,167.38467731233862,142.32955883918248,-0.0084751835,-0.001488947,-0.009416425,-0.018089775,12.357741,1080.0
8807,166.4555881341281,140.11223119073412,-0.0068691676,-0.0027437564,-0.007369882,-0.017439835,10.199232,1080.0
8808,166.42895075586367,142.66705751618912,-0.0050188983,-0.0019253483,-0.0011581986,-0.014485507,11.061351,1080.0
8809,168.76966106654243,149.9018833899867,-0.008232399,-0.0045244005,-0.008244097,-0.019107535,11.992566,1080.0
8810,171.57304828154577,159.53918645448127,-0.0075336033,-0.0033516777,-0.006018801,-0.028266624,22.92704,1080.0
8811,171.75857591334682,168.81186632305852,-0.0073916963,-0.0027654294,-0.0070121484,-0.0262979,23.30297,1080.0
8812,169.23104171286369,173.80770812255,-0.0055584945,-0.00102994,-0.0012903849,-0.034081776,35.2502,1080.0
8813,166.56091390764735,172.51520763688694,-0.0060206098,-0.0017811811,-0.0020772864,-0.0376568,36.836224,1080.0
8814,166.16804933634924,169.03884876940177,0.0014059561,0.00016148885,0.0119956685,-0.037957765,41.680145,1080.0
8815,167.8832282109121,169.07887380923754,-0.0005150689,-5.0834373e-05,0.007994871,-0.038642574,43.56547,1080.0
8816,169.5688981814935,172.3548951167603,-0.00060831703,0.0007965653,0.0051914356,-0.03132909,35.9097,1080.0
8817,170.97131368791807,173.4099617690568,-0.007218085,-0.0010131836,-0.007724564,-0.029042363,31.053772,1080.0
8818,173.5463678995616,169.8089128652062,-0.00892447,-0.0005455017,-0.011659579,-0.021820916,25.335436,1080.0
8819,175.98392549293442,165.7900682608834,-0.006456389,-0.00022758202,-0.009046032,-0.013116624,16.258825,1080.0
8820,174.1778492637332,164.89023048437625,-0.009665539,-8.434719e-05,-0.014965934,-0.009740787,11.929874,1080.0
8821,167.21140370473572,164.38019715311754,-0.010210729,-0.0007885686,-0.014892182,-0.012067442,12.44656,1080.0
8823,160.13061323911285,161.476266464244,-0.00855809,-0.0008490668,-0.009996315,-0.013550991,13.453879,1080.0
8824,158.34491328162363,158.89578554213523,-0.009067677,-9.844745e-05,-0.0105244955,-0.011759949,12.733318,1080.0
8825,161.88174578354028,160.0947030386026,-0.009429536,-0.0003757618,-0.008118637,-0.016903799,18.00725,1080.0
8890,165.3007041404722,163.64073921356476,-0.03685416,-0.0019688925,-0.22241233,-0.070079885,204.21362,1080.0
8891,160.63769864523414,164.29398777798164,-0.030133057,-0.0027481643,-0.23178157,-0.08136328,219.55093,1080.0
8892,144.26097359195768,156.7655839199314,-0.02951468,-0.0028252495,-0.22451036,-0.08072996,215.55281,1080.0
8893,123.41234888714024,140.33575665572963,-0.02854004,-0.0015987254,-0.20361836,-0.06991213,186.90356,1080.0
8894,110.32911539981097,121.90932426103592,-0.033631276,-0.0021114773,-0.21482454,-0.073318005,206.11798,1080.0
8895,108.72702731297086,110.88478686589275,-0.0332324,-0.0029047083,-0.21648502,-0.08041786,199.98187,1080.0
8896,111.8187077397388,111.49874813180111,-0.041986424,-0.0020827681,-0.21890225,-0.06712923,193.41333,1080.0
8897,113.03222384258433,121.6619010236327,-0.045004047,-0.0014770508,-0.22063711,-0.07020323,191.02275,1080.0
8898,111.44969235573039,133.6971484225803,-0.036826916,-0.0059402464,-0.23259877,-0.08751551,217.96844,1080.0
8899,106.46645639802925,136.83274121763515,-0.039138228,-0.004706489,-0.21588689,-0.0863097,197.38815,1080.0
8900,96.41974783549632,127.21976480134829,-0.031100577,-0.005007087,-0.22794811,-0.09884974,224.6569,1080.0
8901,84.80060973150326,113.63546319019464,-0.042843174,-0.0039812443,-0.21596895,-0.09061898,209.4747,1080.0
8902,78.79385604644509,107.29951808247678,-0.03625929,-0.0029026738,-0.22548556,-0.088358276,211.31712,1080.0
8903,80.1796788195365,110.45281604050251,-0.03424468,-0.0031340423,-0.22241561,-0.082994476,204.02759,1080.0
8904,84.76187752538804,118.46499080667473,-0.036787923,-0.0029283313,-0.21583217,-0.076135285,193.4636,1080.0
8905,89.6372081340544,127.37965154674484,-0.043716658,0.0038089328,-0.20634177,-0.056302868,176.46783,1080.0
8906,95.14481282505552,136.0483508371346,-0.0449568,0.0062927813,-0.21320066,-0.053628623,173.63248,1080.0
8907,101.72202445041373,144.89973378602647,-0.042067803,0.0052816886,-0.21602772,-0.04716718,176.41806,1080.0
8908,109.03519057976771,154.15231957086,-0.04111577,0.0034200032,-0.21925704,-0.043920193,175.10901,1080.0
8909,115.1413462755,161.77236451838456,-0.04558535,0.0030875877,-0.22333397,-0.037186094,170.89848,1080.0
8910,114.7389908246683,164.03007520546808,-0.047383852,0.002814625,-0.22579345,-0.039259057,176.84444,1080.0
8911,104.18619089863688,158.422025248225,-0.04369066,0.0025697497,-0.22413692,-0.039969806,179.07,1080.0
8912,88.93296838321483,147.74389975332795,-0.04996451,0.0031125103,-0.22023383,-0.038750403,167.95946,1080.0
8913,79.28951980989665,140.40130902193192,-0.049933087,-0.001220251,-0.21619456,-0.0381123,164.12619,1080.0
8914,79.55087785402509,142.01843767145814,-0.05005493,0.0019183689,-0.21490444,-0.034208454,163.40822,1080.0
8915,85.75207631071979,149.69648957703345,-0.045545224,0.006339292,-0.2157213,-0.035589006,165.8136,1080.0
8916,91.82520006403347,157.27215388081618,-0.046214577,0.0021107427,-0.22050567,-0.035576545,169.56152,1080.0
8917,95.35397723714894,161.14807697104337,-0.045089383,0.0018519366,-0.2222272,-0.035463065,169.83214,1080.0
8918,98.61931131043278,160.65301192002661,-0.045964107,-0.00044575444,-0.21801859,-0.040012557,171.19833,1080.0
8919,104.9681040057185,157.27032335432494,-0.045773767,0.00042831985,-0.21144772,-0.039667312,168.77519,1080.0
8920,113.78267903618651,153.81707912325157,-0.045184664,0.0011418661,-0.21091896,-0.03933713,163.49454,1080.0
8921,120.30495768524007,152.2958173987761,-0.048400313,0.0020211113,-0.22490324,-0.03644446,172.16249,1080.0
8922,120.81584250398458,152.23491174597845,-0.049773153,0.0012518141,-0.22711916,-0.043531742,173.75374,1080.0
8923,114.5597237143114,151.22128798078202,-0.05151446,-0.0015567073,-0.23111911,-0.051725626,171.3403,1080.0
8924,101.96124259328883,146.846862671166,-0.054905646,-0.00857674,-0.21651147,-0.059014976,161.89459,1080.0
8925,86.74341875042063,139.26561232868417,-0.04591562,-0.0061069913,-0.21221608,-0.06377611,170.42734,1080.0
8926,76.91401905324348,131.62803770175643,-0.041251402,-0.00485416,-0.22099616,-0.06920398,180.8731,1080.0
8927,76.92281070369727,126.68590547832017,-0.04251257,-0.0041553923,-0.22549337,-0.068852626,188.53258,1080.0
8928,82.70820190716594,126.06839570423966,-0.04898218,-0.0011700948,-0.19455256,-0.062426306,151.64915,1080.0
8929,89.06926539010725,132.54411595576428,-0.043867663,0.0074334885,-0.20652267,-0.049259894,157.76233,1080.0
8930,95.33570449239758,146.5293303139465,-0.048366405,0.003974604,-0.19977146,-0.04582093,147.82423,1080.0
8931,101.6519217688801,162.27851682917438,-0.055879492,-0.0008812516,-0.20925711,-0.04726766,148.59126,1080.0
8932,106.53090671665835,172.42900422765146,-0.055868644,0.00017573038,-0.20181896,-0.04855595,146.49265,1080.0
8933,108.91073577180035,174.07168699281388,-0.046495225,-0.0027295148,-0.19038013,-0.0631494,149.52498,1080.0
8934,108.18097269259124,169.53488472575495,-0.05184179,0.003532353,-0.2209432,-0.08147385,193.30066,1080.0
8936,102.61121860294463,163.20976651018464,-0.04528628,-0.004150871,-0.17494394,-0.05518197,129.80496,1080.0
8937,93.01546860949746,157.57684986172617,-0.023792181,-0.008228415,-0.1761643,-0.07620279,146.13896,1080.0
8938,85.08799399956193,148.666508089363,-0.030383188,0.0022314284,-0.18202673,-0.04945063,150.55879,1080.0
8939,80.74692234460345,128.38018092740512,-0.03586132,0.0045199078,-0.19406037,-0.042686462,149.60513,1080.0
8940,75.78697250828242,103.25710251128572,-0.035538964,0.011939126,-0.20017993,-0.027541831,149.7365,1080.0
8941,72.22070287914282,97.9691466990577,-0.031100351,0.021848438,-0.2092544,-0.028971072,170.36864,1080.0
8942,78.7479997571788,119.03285171971879,-0.032887436,0.019025732,-0.21239601,-0.032378245,168.0011,1080.0
8943,94.47879373739833,139.33918361527134,-0.048496388,0.019340968,-0.21288984,-0.04481122,163.47421,1080.0
8944,106.63152732388801,139.13911986090045,-0.043815102,0.021207456,-0.21815072,-0.041729085,169.95522,1080.0
8945,109.36793046096783,131.7695007072678,-0.04545401,0.017051019,-0.22600137,-0.050490797,175.42142,1080.0
8946,109.51234908405843,136.57559634376952,-0.053713765,0.010802601,-0.22108561,-0.05424234,163.91983,1080.0
8947,108.84505540881112,153.0564327243105,-0.05244864,0.016088301,-0.22728644,-0.06337156,170.9754,1080.0
8948,100.59071284863798,166.87835522505284,-0.05778334,0.01387137,-0.21728064,-0.058984064,154.8677,1080.0
8950,88.22384094360248,168.94636684379046,-0.04019798,0.009243209,-0.11730906,-0.07302506,113.38513,1080.0
8951,89.3746649708471,164.26474395468225,-0.04395458,0.008401998,-0.13791329,-0.070314705,105.47802,1080.0
8952,113.98574738640566,161.41212890365838,-0.049423557,0.010189084,-0.15649313,-0.07307934,109.716965,1080.0
8953,149.4858124864668,160.31786886459085,-0.0518514,0.011738078,-0.16314398,-0.07885542,117.00256,1080.0
8954,174.2335872162971,155.2906104151917,-0.05422883,0.013699002,-0.1669885,-0.0715455,112.03406,1080.0
8955,178.06858235952558,143.3577083801167,-0.05578975,0.013545454,-0.16685905,-0.06782275,105.52675,1080.0
8956,166.92128330779104,126.38256568332245,-0.057416562,0.008922323,-0.17358325,-0.06303855,97.33077,1080.0
8957,154.58179669736407,110.77095234336709,-0.05339966,0.011720954,-0.17882204,-0.065490074,107.87214,1080.0
8958,150.7688191409469,105.52853271310255,-0.056232594,0.010310194,-0.1761925,-0.07074842,108.54717,1080.0
8959,153.72462929004703,114.4378828328379,-0.05642847,0.010577789,-0.17603613,-0.072575636,108.457726,1080.0
8960,154.42419965281482,131.61032745565944,-0.058055397,0.009603769,-0.1735901,-0.07432567,109.542656,1080.0
8961,147.0240909351994,147.78398037913487,-0.05796226,0.00856911,-0.17240985,-0.07577975,109.85945,1080.0
8962,133.88625064637324,157.0860575261765,-0.05774163,0.0062930635,-0.16410528,-0.06875034,98.829895,1080.0
8963,122.05677634075262,157.67494787133006,-0.05665498,0.005550978,-0.16059378,-0.06643552,96.763,1080.0
8964,116.15923340570902,151.10460605387908,-0.05818391,0.0039729364,-0.15927345,-0.067611754,96.389465,1080.0
8965,114.979859133804,142.1485483271971,-0.059740305,0.004681227,-0.14796448,-0.0685628,92.73378,1080.0
8966,114.58233928784723,135.82936874876137,-0.06380253,0.0044099595,-0.14262904,-0.06359841,84.673416,1080.0
8967,113.00058136269305,132.52699078901446,-0.062495477,0.0048100227,-0.14151916,-0.062383752,80.64366,1080.0
8968,112.25012279643519,127.83127214605425,-0.06179787,0.005146846,-0.14322007,-0.062997945,81.73818,1080.0
8969,116.5413636567983,119.25728645545914,-0.060900655,0.0054383455,-0.1468377,-0.06497984,86.27227,1080.0
8970,127.382911095456,110.75764204711061,-0.061610922,0.0057200114,-0.1458469,-0.06087429,82.41243,1080.0
8971,141.43279452503666,108.47025679903784,-0.05980151,0.00650923,-0.13308366,-0.059267763,80.513824,1080.0
8972,153.48266195845818,114.39631093665835,-0.06065216,0.0050679524,-0.12944178,-0.05091132,71.25417,1080.0
8973,158.73608467332687,124.79010956080931,-0.061113935,0.003520033,-0.13280696,-0.05007977,67.47824,1080.0
8974,153.8401673621109,132.37565651725237,-0.060954,0.0022438616,-0.12833099,-0.049199536,63.926094,1080.0
8975,141.3227585454877,132.1763820260662,-0.059979077,0.0012389572,-0.12841809,-0.048519783,63.642124,1080.0
8976,131.68629615044185,126.82986914631931,-0.061157115,4.4646087e-05,-0.12963659,-0.04819788,60.664455,1080.0
8977,133.8240674459058,121.48544706051774,-0.061094496,-0.0025011415,-0.12506482,-0.050892327,59.38168,1080.0
8978,141.32076671819712,114.25051566119983,-0.06365893,-0.0025669804,-0.12570874,-0.057329077,62.75796,1080.0
8979,136.8369885245898,99.92951732477822,-0.0634326,-0.00164518,-0.12675104,-0.071993254,74.07348,1080.0
8980,116.2469313594342,82.6468622080592,-0.06283886,-0.00055112486,-0.12538028,-0.07136592,73.82508,1080.0
8981,95.84622409100294,73.80096503672581,-0.062287506,3.232603e-05,-0.1262454,-0.06971619,71.71133,1080.0
8982,87.7247398589724,76.78079824716984,-0.06290012,-0.0019698532,-0.12827238,-0.06496305,67.93533,1080.0
8983,84.66500525595183,84.30055602630594,-0.06302321,-0.0036613748,-0.12376992,-0.06373986,66.074295,1080.0
8984,75.34783524200859,88.34858921430343,-0.062711135,-0.006939245,-0.1208018,-0.062969096,64.366714,1080.0
8985,58.847170736442216,84.9327544841163,-0.062093496,-0.005401442,-0.11820311,-0.06693096,69.75291,1080.0
8986,41.75097893063708,73.78946451254895,-0.060575586,-0.007156485,-0.11834423,-0.05852435,60.85643,1080.0
8987,32.86665260007354,59.95200103115718,-0.061116196,-0.007927223,-0.1175185,-0.05895335,60.119938,1080.0
8988,39.62277995237273,54.10349813452067,-0.060945693,-0.011884986,-0.117554784,-0.05758941,56.543835,1080.0
8989,55.693924067679355,61.94635168362307,-0.061720952,-0.010209486,-0.121919364,-0.06922099,64.08217,1080.0
8990,60.81463576360281,74.13100364135407,-0.06363339,-0.01319679,-0.12125329,-0.060396407,55.015564,1080.0
8991,48.749167002065704,76.51809601688473,-0.0625178,-0.012223307,-0.12297499,-0.0660371,57.31131,1080.0
8992,34.58729224918614,63.56041879510215,-0.06456593,-0.014283018,-0.11865822,-0.075920105,67.89396,1080.0
8993,28.035419300703246,39.41285867380993,-0.061440248,-0.013601006,-0.11655618,-0.08287605,70.162544,1080.0
8994,24.319618419116832,15.507784020065987,-0.06255618,-0.015178822,-0.11710595,-0.08023837,66.130936,1080.0
8995,18.358215399502853,2.605671240718826,-0.06262784,-0.014080245,-0.11570265,-0.079188704,67.53658,1080.0
8996,12.55603713011182,1.3751554853467018,-0.060782537,-0.015973296,-0.1140586,-0.08561944,73.4148,1080.0
8997,11.323782859128803,4.64077184732289,-0.06160595,-0.01589022,-0.113481365,-0.08137586,70.84003,1080.0
8998,17.008401602904,9.957286241241428,-0.061852235,-0.013163023,-0.11143782,-0.091742195,84.696205,1080.0
8999,36.1855743957649,28.78008806640788,-0.06187993,-0.0075928867,-0.112035796,-0.09868133,91.79253,1080.0
9000,75.1176100310344,71.4803989865398,-0.06220816,-0.010914273,-0.11444544,-0.09255275,80.046555,1080.0
9001,121.07981913884039,120.94613661885236,-0.06212972,-0.009442986,-0.11468935,-0.09578798,84.23446,1080.0
9002,143.26973487740779,142.3773512670775,-0.062278803,-0.010689233,-0.11583512,-0.09270624,79.97591,1080.0
9003,124.17817373370877,124.7987387318937,-0.062941484,-0.01253956,-0.11586394,-0.093201615,81.152916,1080.0
9004,84.00872915015458,96.2215579630838,-0.06348402,-0.013095149,-0.11830535,-0.08803508,79.356575,1080.0
9005,54.78550747322399,91.43086283976595,-0.062393416,-0.013036375,-0.1191621,-0.091705605,82.04724,1080.0
9006,40.91026224547293,114.62926925902151,-0.062888816,-0.011094722,-0.11992052,-0.093461215,83.72655,1080.0
9007,29.25318696708432,141.90152578902214,-0.06408974,-0.010477645,-0.121956095,-0.09558976,85.85586,1080.0
9008,16.536423360129316,150.16477692444408,-0.064012654,-0.010861828,-0.123895094,-0.10059532,87.84354,1080.0
9009,10.953164030849214,133.03613796046258,-0.06651713,-0.011116197,-0.11983558,-0.100446746,89.59901,1080.0
9010,21.8119424101738,99.82391346935027,-0.06650379,-0.011485291,-0.12037116,-0.09346373,81.29343,1080.0
9011,45.65565720467302,67.96660449807162,-0.066398,-0.011494219,-0.12031617,-0.09013745,78.032974,1080.0
9012,61.28486283123078,51.442466930313586,-0.06688097,-0.012655696,-0.119616926,-0.08857707,77.37315,1080.0
9013,51.77461111412039,54.4565311718423,-0.06632001,-0.016006075,-0.11881997,-0.08524715,73.102646,1080.0
9014,27.519898300657804,72.30120287815139,-0.06668012,-0.014729874,-0.11853581,-0.089224525,76.71233,1080.0
9015,14.266110180058831,94.23571795322616,-0.06282258,-0.010690364,-0.11690527,-0.08423293,69.95515,1080.0
9016,22.36475375069526,106.46982079760764,-0.06288768,-0.016655307,-0.11727532,-0.074499935,51.33,1080.0
9017,39.407350565740195,96.3414740148279,-0.06493587,-0.015482471,-0.11464488,-0.08025705,57.663418,1080.0
9018,51.311398359746065,66.16723874679306,-0.06440238,-0.00971431,-0.11492395,-0.0952958,73.65764,1080.0
9019,57.86580488294138,42.72465208218629,-0.06461374,-0.014373836,-0.116529845,-0.091666326,69.33595,1080.0
9020,64.52572535853372,52.72246922996836,-0.064690255,-0.011036682,-0.118664436,-0.09755704,77.072525,1080.0
9021,71.09986489592843,90.65537098623135,-0.06469862,-0.008260995,-0.11857085,-0.085343875,69.54731,1080.0
9022,75.0550082330152,127.26688662804123,-0.06520691,-0.013654752,-0.11918374,-0.0885463,68.24402,1080.0
9023,76.8670240740324,141.79349313046134,-0.06709832,-0.018073441,-0.12303196,-0.07890085,60.25993,1080.0
9024,76.38623224819413,136.014848321502,-0.06735275,-0.018070307,-0.1242873,-0.07612867,57.038986,1080.0
9025,69.68622851145176,120.73799053684776,-0.067381,-0.018150555,-0.12405113,-0.076601095,57.453068,1080.0
9026,54.1075037556741,100.20446785502786,-0.06774631,-0.018045496,-0.12376907,-0.07471362,56.851147,1080.0
9027,34.443105431296,83.2387617515995,-0.068240695,-0.016634058,-0.123434395,-0.071999416,58.20947,1080.0
9028,20.63719661892967,90.0499541564987,-0.068252,-0.01297907,-0.12330582,-0.076523446,65.65841,1080.0
9029,19.63520011790563,122.11545731409981,-0.06876164,-0.01300094,-0.12093749,-0.08015981,68.29184,1080.0
9030,30.961553741477026,149.70793405168683,-0.06813671,-0.013095206,-0.12044175,-0.08172768,73.322914,1080.0
9031,48.04816862245582,150.30785255738195,-0.0707385,-0.011734178,-0.12312221,-0.076418504,70.72202,1080.0
9032,59.584279215011186,134.43415292559692,-0.06868693,-0.012293441,-0.12485493,-0.077053525,69.72656,1080.0
9033,54.16012337355615,123.5986805187925,-0.06756671,-0.008722207,-0.12524363,-0.078913,74.133194,1080.0
9034,32.94981174558898,125.22501916043447,-0.06689792,-0.0093317665,-0.12637188,-0.08003102,73.24095,1080.0
9035,12.679573474857726,132.28911230439044,-0.0667034,-0.0082348855,-0.1268674,-0.08427593,78.30377,1080.0
9036,8.530336009834949,132.3223451212112,-0.068555705,-0.012678245,-0.12891676,-0.08552198,80.43601,1080.0
9037,19.72270459006035,116.0817390559362,-0.067016944,-0.01038841,-0.12993146,-0.08480406,80.81824,1080.0
9038,34.60670377624083,86.18064137217696,-0.06699761,-0.0077143917,-0.13232094,-0.07905596,74.77427,1080.0
9039,43.80031158107232,57.400572336816765,-0.06626722,-0.008123723,-0.13331395,-0.07888822,74.364075,1080.0
9040,46.38824687777818,43.148408621046016,-0.06636613,-0.008088797,-0.13311067,-0.08108125,74.86869,1080.0
9041,47.3862160715628,46.76666039154027,-0.06564003,-0.0048298026,-0.1346491,-0.08684356,82.22102,1080.0
9042,52.065372160116674,68.50259392844342,-0.06709222,-0.006280009,-0.13661465,-0.07838174,75.214226,1080.0
9043,62.19954187821221,105.18699247932945,-0.0687934,-0.004146491,-0.13846408,-0.07519347,75.58934,1080.0
9044,77.07420712994539,140.43773160525862,-0.06864918,-0.004330501,-0.13864034,-0.07625953,76.354866,1080.0
9045,95.61893051733556,153.53007870631242,-0.06972102,-0.0048061796,-0.13525079,-0.079165794,78.242096,1080.0
9046,113.19623066475151,140.35122177953943,-0.070857406,-0.0039978027,-0.14355412,-0.06293779,60.37139,1080.0
9047,120.6845195616137,115.26378301311772,-0.07145555,-0.0021444815,-0.14838438,-0.07934935,78.56715,1080.0
9048,114.30526962190494,95.46362590721257,-0.070729576,-0.0024338334,-0.14471865,-0.08023623,78.80941,1080.0
9049,102.486795588591,89.5002868334239,-0.07219753,0.0011361017,-0.14471395,-0.076183856,75.90206,1080.0
9050,97.1785417147523,95.61932772790989,-0.07077026,0.000924174,-0.14618914,-0.08021738,78.67992,1080.0
9051,98.89789008076183,103.60006748372534,-0.07003614,-0.0012071398,-0.14938399,-0.069726504,69.64757,1080.0
9052,94.37759676424243,99.98141400945161,-0.06973289,0.0003813567,-0.15014128,-0.072366275,73.271126,1080.0
9053,77.0449489303596,82.88877710764108,-0.0702483,0.00051246927,-0.14876024,-0.073194124,71.99038,1080.0
9054,61.01096418479226,69.28832228829073,-0.071403444,-0.0033581203,-0.15043725,-0.06708018,63.648567,1080.0
9055,59.39067320258105,73.6649033676913,-0.07091675,-0.0025656805,-0.15153599,-0.07742332,73.610886,1080.0
9056,68.88146141999295,91.47108075003125,-0.06947926,-0.0009388676,-0.15116243,-0.08371958,82.167854,1080.0
9057,84.94988439518852,112.33172299590022,-0.06936532,-0.0016998291,-0.15355484,-0.081106484,80.01101,1080.0
9058,105.99774928162766,130.90807626712478,-0.0693998,-0.000718802,-0.15017587,-0.07004623,70.83238,1080.0
9059,124.85915681406647,143.9708706656444,-0.069507964,0.00034654405,-0.15292698,-0.08145489,86.85092,1080.0
9060,133.87082561613875,149.4853728292807,-0.07182821,0.00012789125,-0.15105183,-0.086184494,88.751976,1080.0
9061,132.6640005581966,147.40947863728783,-0.07553586,-0.0011402837,-0.15641107,-0.08699691,87.26834,1080.0
9062,125.21819432470667,139.72344129535006,-0.07795975,-0.0027385005,-0.14403382,-0.07710967,76.39975,1080.0
9063,114.31946044122218,131.26646132340417,-0.07833122,-0.005132096,-0.1462434,-0.07842602,76.47206,1080.0
9064,100.81612714857543,127.49304296144149,-0.07720665,-0.005814616,-0.14696023,-0.08400337,79.86349,1080.0
9065,85.11080667573428,128.85169566674296,-0.0789718,-0.0093496535,-0.14563017,-0.078878194,73.46531,1080.0
9066,69.08392641972205,128.1288569429182,-0.08095833,-0.014124015,-0.14887147,-0.069369026,61.988586,1080.0
9067,57.27379486162566,116.54262511313757,-0.07776365,-0.011566134,-0.14373073,-0.07973198,70.432785,1080.0
9068,54.300986852761646,97.78383872592686,-0.07765136,-0.008330197,-0.14399041,-0.08776895,77.70458,1080.0
9069,57.80576639623403,86.73785714841094,-0.0788182,-0.008869002,-0.14338125,-0.08448684,74.64593,1080.0
9070,57.401564803185074,88.22897879564772,-0.08005541,-0.008480976,-0.14344533,-0.087885655,76.50016,1080.0
9071,47.42625041177104,98.14125662254256,-0.0801269,-0.008081592,-0.14333631,-0.08691799,76.53797,1080.0
9072,35.13594680041629,116.99560799699444,-0.08046519,-0.008927974,-0.14282627,-0.08536482,75.11108,1080.0
9073,31.550900709691803,135.51438930968544,-0.081074804,-0.009631602,-0.14242655,-0.08157665,72.94739,1080.0
9074,39.827737291862036,134.29242778982078,-0.08283855,-0.009729541,-0.1379025,-0.08317611,75.3674,1080.0
9075,54.23346166448314,116.74772343246758,-0.08265596,-0.0054411427,-0.13744445,-0.07965495,71.315636,1080.0
9076,66.25342352127389,109.84279315094183,-0.0819449,-0.010341079,-0.13780783,-0.091992326,83.75168,1080.0
9077,69.69982136896508,122.91591561907869,-0.08075872,-0.014607804,-0.14546661,-0.08432682,71.699684,1080.0
9078,63.26255034140722,132.90435219110367,-0.0789878,-0.0061719543,-0.14753893,-0.113468565,103.75713,1080.0
9079,51.20836755992584,123.14112986679397,-0.07907833,-0.012211524,-0.14663549,-0.101400845,88.06367,1080.0
9080,40.67465425778694,112.10951273808328,-0.079126656,-0.011230497,-0.14633144,-0.09918792,90.12072,1080.0
9081,37.07276711552388,123.30655808541437,-0.07983184,-0.012011041,-0.1469314,-0.09911731,90.3803,1080.0
9082,40.87086243301165,151.37805291781564,-0.07974062,-0.009712304,-0.14720933,-0.099761,93.7956,1080.0
9083,47.99892983684318,174.40138621630027,-0.0804141,-0.009140976,-0.14707032,-0.096726425,90.89166,1080.0
9084,53.861197516389545,179.6681764303505,-0.07890789,-0.0049216943,-0.15038927,-0.09752319,94.45969,1080.0
9085,56.159928259008765,169.63576896585545,-0.07974226,-0.004983238,-0.14595388,-0.10384276,97.590096,1080.0
9086,54.672311174711965,152.85048261971457,-0.08091239,-0.0018472177,-0.1462829,-0.09896283,92.87078,1080.0
9087,51.05165938145211,134.93950901718136,-0.07883962,-0.001091512,-0.14717029,-0.09694251,93.18075,1080.0
9088,47.80996652067853,120.37370961070494,-0.08181802,-0.0024501095,-0.14449039,-0.086391985,84.64428,1080.0
9089,45.94613493791273,116.8367140611827,-0.08151901,-0.005606531,-0.14488779,-0.08978591,87.545334,1080.0
9090,44.945971657193425,127.73149637495457,-0.0813662,-0.008856541,-0.14508091,-0.09481854,90.2406,1080.0
9091,44.84554332717204,144.3683354806953,-0.081801236,-0.00959207,-0.14540128,-0.10324902,97.805405,1080.0
9092,46.42119150261026,154.14871028569706,-0.08164469,-0.007939261,-0.14305426,-0.1058279,101.38424,1080.0
9093,49.676052108852076,153.70491808573394,-0.08215083,-0.0077700014,-0.14379719,-0.098545045,88.78104,1080.0
9094,53.12637024918011,148.27522761480333,-0.083968215,-0.0039535523,-0.14024794,-0.09713892,89.702515,1080.0
9095,54.32809916034398,138.71135698485878,-0.083625175,-0.003927273,-0.1405075,-0.09745469,90.84884,1080.0
9096,52.03450408347745,118.79124715082152,-0.08510991,-0.004010688,-0.14223373,-0.09730292,90.47975,1080.0
9097,48.48454476333603,94.08349766092131,-0.083156556,-0.0020358616,-0.14231646,-0.08945036,86.6957,1080.0
9098,47.38481900267796,87.37134211139079,-0.077253275,-0.003478665,-0.14816019,-0.10044923,94.900566,1080.0
9099,49.51799542573972,110.64010124937005,-0.07769165,-0.0031036942,-0.13913336,-0.09185766,88.02145,1080.0
9100,53.504920615514976,147.88824782743106,-0.07813337,-0.0063230162,-0.1534981,-0.101214655,92.89022,1080.0
9101,59.173720189087284,170.951403039633,-0.082775764,-0.014864265,-0.16022469,-0.11206487,101.68515,1080.0
9102,67.15639175780797,163.21254185578442,-0.08199361,-0.009277795,-0.15616444,-0.12936467,120.91534,1080.0
9103,80.28518564735967,134.3254475626505,-0.081510074,-0.010692794,-0.1518128,-0.12704809,120.89444,1080.0
9104,102.5250385830264,111.2414514150203,-0.08108746,-0.0057209157,-0.15140471,-0.15728807,153.53513,1080.0
9105,126.79531767889658,108.3343461021774,-0.086088955,-0.0061374805,-0.15657558,-0.14418976,140.58252,1080.0
9106,135.65083624991254,116.59933941286681,-0.08589212,-0.0023132325,-0.1559837,-0.13501796,136.23474,1080.0
9107,123.94774273750313,122.27654381883363,-0.08513839,-0.00050885236,-0.154661,-0.13815658,135.89682,1080.0
9108,104.30953655541933,119.86509410307481,-0.08537626,-0.0030640778,-0.1546285,-0.13709332,133.09734,1080.0
9109,90.4414213529795,111.06045605427302,-0.086236574,0.0011075055,-0.15389585,-0.12994325,132.30421,1080.0
9110,92.9419834583598,104.06070604654282,-0.086153835,-0.0019556116,-0.15330546,-0.15108776,151.15773,1080.0
9111,118.01863514311155,104.89910009670325,-0.089865506,-0.0030196013,-0.1598929,-0.14955698,146.11922,1080.0
9112,154.88772414429494,106.06636109853945,-0.09015865,-0.006292442,-0.15820403,-0.1655454,162.68132,1080.0
9113,180.83579755125527,100.42620382058989,-0.089634195,-0.00641779,-0.15547848,-0.16600734,159.95432,1080.0
9114,183.5587713325532,99.1620292071629,-0.0902532,-0.0109592015,-0.15262242,-0.19145215,182.15614,1080.0
9115,167.15281151739177,115.43712864984484,-0.09151057,-0.012903001,-0.13973863,-0.2003006,192.26671,1080.0
9116,143.36213612344451,142.955150280912,-0.0916765,-0.015084895,-0.14223549,-0.20951954,197.5051,1080.0
9117,124.43434184017786,164.6686456510832,-0.0934906,-0.009813153,-0.13819359,-0.23258922,221.56859,1080.0
9118,115.98424630586504,170.79207614822135,-0.093747795,-0.010338281,-0.13726331,-0.23378599,214.9353,1080.0
9119,115.89614804513681,163.15140366804636,-0.09197399,-0.005778164,-0.12211767,-0.24142034,229.46748,1080.0
9120,122.06087746242304,149.9727803765426,-0.09442698,-0.011301281,-0.11673245,-0.256257,237.0901,1080.0
9121,134.11277578455238,139.5746595535642,-0.09370869,-0.009032356,-0.11836892,-0.2532106,239.92332,1080.0
9122,149.12340653598264,135.90883253702077,-0.09522072,-0.009613489,-0.1200891,-0.25231543,237.64575,1080.0
9123,162.25721928408504,137.2125674490654,-0.093220636,-0.006102216,-0.11670747,-0.25647703,246.4162,1080.0
9124,170.5219134115522,139.31925374452982,-0.096606955,-0.009860456,-0.1355493,-0.25568753,230.30637,1080.0
9125,174.39794790133655,140.58056154729408,-0.09762912,-0.00854413,-0.122318015,-0.25636268,234.1077,1080.0
9126,176.3462048781425,142.56054016090206,-0.098890856,-0.012320851,-0.12154292,-0.26197186,239.74178,1080.0
9127,177.92185482392333,147.050952516476,-0.10057481,-0.012919503,-0.14398398,-0.27947655,256.12454,1080.0
9128,178.8831359986577,154.0316357213178,-0.1030508,-0.014173211,-0.13396414,-0.28558242,264.50607,1080.0
9129,178.60564952064576,161.8918899884159,-0.10052484,-0.013717708,-0.11440616,-0.30413434,290.90356,1080.0
9130,177.58324020665177,168.9884507720777,-0.10178952,-0.016811116,-0.11914277,-0.32495496,309.20343,1080.0
9131,176.91789403088546,174.5430702720382,-0.103128165,-0.01701779,-0.11443578,-0.32816693,311.14874,1080.0
9132,176.31807167500716,177.7775344944468,-0.10287261,-0.01659625,-0.123840675,-0.31974888,302.82697,1080.0
9133,174.467239961183,177.74195147005324,-0.09949137,-0.015587135,-0.12727655,-0.31577417,298.2562,1080.0
9134,171.65159312626196,174.67284492304677,-0.09675112,-0.017811133,-0.14997321,-0.33514464,313.12994,1080.0
9135,169.7431033894493,170.565164953464,-0.09160111,-0.014994529,-0.13273163,-0.30487475,293.32623,1080.0
9136,169.18410566831093,167.73107730990637,-0.08845972,-0.02079366,-0.12874874,-0.3279683,316.23605,1080.0
9137,167.64971648516564,167.11832123391974,-0.093130946,-0.021636002,-0.14410672,-0.37060466,354.02847,1080.0
9138,163.02467943931936,168.6717920189254,-0.087042235,-0.02096439,-0.11325401,-0.3828914,367.2434,1080.0
9139,157.7771097410711,171.89658433288,-0.085966095,-0.022765944,-0.12655866,-0.36780837,348.4319,1080.0
9140,157.52353338922876,175.2248162610411,-0.08683178,-0.02086481,-0.11849015,-0.37817374,353.90897,1080.0
9141,163.63736337868278,176.61701656199563,-0.08411888,-0.02510003,-0.13136563,-0.38948473,346.75964,1080.0
9142,171.0733108598971,175.39861951805318,-0.08833494,-0.020846557,-0.13658051,-0.37606263,336.83157,1080.0
9143,174.78196871944186,172.9472821269354,-0.08699431,-0.0070899115,-0.13415357,-0.4010738,385.23645,1080.0
9144,174.10441624582322,171.45731846586526,-0.0860607,-0.009423094,-0.12901454,-0.37290603,368.9113,1080.0
9145,170.75865442987384,171.83948832012553,-0.074032255,-0.011095853,-0.11642987,-0.36210823,363.48062,1080.0
9146,167.19959726017507,173.20373496450603,-0.070929974,-0.012099542,-0.113583826,-0.363636,358.5503,1080.0
9147,165.859785764979,174.41522780303808,-0.07384395,-0.011285796,-0.12531185,-0.36249605,359.1576,1080.0
9148,166.48833460703602,175.02406191616794,-0.07309977,-0.012722722,-0.13059263,-0.35848483,354.14566,1080.0
9149,167.31673410041273,175.0935153418654,-0.07416054,-0.0072616013,-0.13295797,-0.34645647,355.5447,1080.0
9150,165.30923710920817,171.20667396797208,-0.071482114,-0.0049752695,-0.14636564,-0.33314666,344.8414,1080.0
9151,150.6117896796194,152.30461971371238,-0.06629187,0.005239529,-0.1462821,-0.31443572,334.4269,1080.0
9152,116.60815747433767,114.19343183226398,-0.06859357,-0.0011307328,-0.14392626,-0.27034533,278.46368,1080.0
9153,78.93398397981073,75.62499809580022,-0.068531066,-0.015138527,-0.14991997,-0.27338737,258.41528,1080.0
9154,63.0751030841085,59.65106845884953,-0.06569429,-0.018822111,-0.14804812,-0.2899695,276.47385,1080.0
9155,76.16981190706464,67.93883789024375,-0.07101338,-0.014215653,-0.16174096,-0.2765304,270.12195,1080.0
9156,105.7081247467253,86.2972551653846,-0.073688425,-0.011940398,-0.17462656,-0.29019403,292.28937,1080.0
9157,134.81722659356836,102.87829332902518,-0.0745983,-0.0076726843,-0.17550038,-0.29126972,305.87292,1080.0
9158,152.03687771110012,113.80792111945777,-0.08887357,0.0006488376,-0.17563301,-0.27126256,294.28882,1080.0
9159,154.11490034344226,120.6078722432136,-0.09074102,-0.00069817435,-0.18051447,-0.25623694,285.08084,1080.0
9160,142.83106845368357,129.1325389617647,-0.09606295,-0.003874489,-0.20467162,-0.22999528,251.87357,1080.0
9161,123.37913694353482,142.75615528656778,-0.09919422,-0.0118647255,-0.20012693,-0.26565355,246.29686,1080.0
9162,101.22156345063199,150.26626367907247,-0.10347663,-0.010758407,-0.1953598,-0.2453526,224.70062,1080.0
9163,79.10592189489711,132.56400337988046,-0.10362718,-0.0043587578,-0.1934606,-0.21404304,201.04875,1080.0
9164,66.97933517543395,86.86079715471266,-0.09545509,-0.0067989775,-0.19915235,-0.21526504,206.67763,1080.0
9165,76.16575005060113,33.80556549561598,-0.09075713,-0.011917284,-0.20303904,-0.18652955,180.36078,1080.0
9166,93.81775815624023,-1.045667220987585,-0.09242181,-0.011518408,-0.20722634,-0.18227099,177.35092,1080.0
9167,92.1335966368053,-7.945115346701835,-0.092941,-0.012378269,-0.20555934,-0.16399892,168.68877,1080.0
9168,65.02456624296701,3.941720791109429,-0.0924699,-0.005142551,-0.20239428,-0.15514368,164.9989,1080.0
9169,37.28467121905658,22.01850466766397,-0.09477098,-0.0063761957,-0.21417864,-0.15583247,168.63297,1080.0
9170,38.95587054816466,43.17593272842917,-0.099476,-0.0065434775,-0.20733078,-0.12995295,137.0174,1080.0
9171,70.15300412954144,65.42264721666088,-0.09910493,-0.004097041,-0.20896076,-0.108517796,112.9351,1080.0
9172,96.56939741512275,78.19344674691985,-0.099198855,-0.0072709825,-0.20965084,-0.11564964,117.05564,1080.0
9173,89.69904725023888,73.90937575028083,-0.09991517,-0.0033769961,-0.20727144,-0.11802363,115.680595,1080.0
9177,61.14639001925257,61.79588550625986,-0.04961723,0.010866405,-0.10525004,-0.10631211,130.2859,1080.0
9178,51.43856777264014,63.308115856091185,-0.049843173,0.008322652,-0.11900262,-0.11428415,140.14458,1080.0
9179,86.03750376144974,91.10662945013485,-0.05574618,0.008498411,-0.1351298,-0.11706865,146.58777,1080.0
9180,145.33014588781126,132.05295715992466,-0.059123512,0.007993854,-0.14128667,-0.12149986,149.07805,1080.0
9181,188.44738846742365,159.76862529602,-0.06382384,0.008920175,-0.15545174,-0.12385881,153.13266,1080.0
9182,196.71833436396955,161.57049797182637,-0.071825095,0.0081282435,-0.1549408,-0.12700912,152.25182,1080.0
9183,181.7868932579924,145.84474153406217,-0.077155955,0.009982582,-0.16160978,-0.121610515,156.24792,1080.0
9184,164.9371450402723,129.59957529547668,-0.08271976,0.008633196,-0.17467499,-0.124149464,161.4998,1080.0
9185,158.0016911589176,123.31109936730581,-0.09051824,0.009220434,-0.1694063,-0.122480266,162.55806,1080.0
9186,159.12842311773213,124.89805778105969,-0.09825355,0.007926545,-0.18858078,-0.09979045,133.39877,1080.0
9187,162.0515039270877,126.23159084125979,-0.1005101,-0.001018948,-0.17316002,-0.09968482,113.87682,1080.0
9188,164.64408767292764,123.09951028910073,-0.10464235,-0.0063442653,-0.17027175,-0.111956276,124.09702,1080.0
9189,164.80342243987627,116.9564655863292,-0.10696971,-0.008574592,-0.17319715,-0.123626254,127.76699,1080.0
9191,155.44454092368179,111.29358949422779,-0.07663348,-0.008376679,-0.1176265,-0.17165907,156.7085,1080.0
9192,135.865481817167,111.19505445995624,-0.08481666,-0.013856167,-0.124536864,-0.16500312,136.35669,1080.0
9193,120.3264998821861,120.70343861386095,-0.08787147,-0.019998735,-0.122854166,-0.19561027,151.79375,1080.0
9194,121.82465348143707,136.71771232140085,-0.088831246,-0.019408954,-0.112033024,-0.19573627,165.75127,1080.0
9195,136.06003284280712,151.54158111516017,-0.08798099,-0.024187215,-0.11668311,-0.20764454,184.2672,1080.0
9196,147.9610006757437,160.48154501883704,-0.092514776,-0.02661195,-0.11410455,-0.2043581,178.96619,1080.0
9197,145.97158926173046,162.47923006763708,-0.09335621,-0.01806002,-0.11862821,-0.17714445,171.18497,1080.0
9198,129.08428054610107,158.9364637604827,-0.09209871,-0.0145407785,-0.11189281,-0.1770121,176.69048,1080.0
9199,106.07907104037935,155.4630744047716,-0.092115164,-0.018622674,-0.10584796,-0.17775768,167.05066,1080.0
9200,87.89287441923246,157.94716101933903,-0.0884886,-0.017714323,-0.09809073,-0.17295831,171.8711,1080.0
9201,77.12271797362945,162.55656956392536,-0.089386836,-0.016757146,-0.1049751,-0.1639392,169.87238,1080.0
9202,67.69065262115252,156.06218918605876,-0.09046399,-0.016902104,-0.108033754,-0.15320005,159.79005,1080.0
9203,58.169108045492585,134.8497949116376,-0.08635045,-0.015305582,-0.11027052,-0.15238416,137.37497,1080.0
9204,58.1667606134691,116.38755524041109,-0.08796257,-0.0131941615,-0.1019364,-0.1584357,148.59436,1080.0
9205,73.02883871603294,117.49296876710542,-0.08265347,-0.020076497,-0.10259326,-0.15845637,148.49443,1080.0
9206,90.53806579081918,130.57899211435435,-0.07938459,-0.020888435,-0.0843737,-0.16562936,159.81712,1080.0
9207,95.17268963227747,136.4575148078868,-0.07583234,-0.019534979,-0.06942839,-0.18536147,177.00421,1080.0
9208,88.63674924917024,130.934144356128,-0.0788759,-0.01925597,-0.05214595,-0.1851928,180.00331,1080.0
9209,86.31315893091195,126.71438987453315,-0.07472127,-0.012250943,-0.034439314,-0.20156807,205.38837,1080.0
9210,98.75305363397179,134.59965694033437,-0.077676564,-0.00971804,-0.05126936,-0.20848289,197.15257,1080.0
9211,122.07348813397374,151.00734823989757,-0.082401246,-0.011554521,-0.060164556,-0.18930675,181.49515,1080.0
9212,143.77226448344038,164.1779788756699,-0.07946941,-0.009727252,-0.056422595,-0.15834032,146.9227,1080.0
9213,154.60727332604887,168.1429499053269,-0.08377154,-0.021978194,-0.06275787,-0.124262944,123.938225,1080.0
9214,154.94451068665504,166.57198619244392,-0.08571308,-0.01703087,-0.089218535,-0.11099752,96.564316,1080.0
9215,152.4955503406002,164.75150744920015,-0.08927528,-0.014470193,-0.10024448,-0.10548805,95.28862,1080.0
9216,153.97484347864608,163.53440815551642,-0.08497326,-0.015627967,-0.13037935,-0.079951786,52.580696,1080.0
9217,159.11447162208205,161.3802976754322,-0.08552274,-0.018883485,-0.11772246,-0.09034458,65.904396,1080.0
9218,164.0798090718602,158.0443786978689,-0.084477514,-0.018567827,-0.112923965,-0.087471575,62.255104,1080.0
9219,164.94171739979217,155.6313481516475,-0.08037663,-0.019327432,-0.116940305,-0.0872679,53.115932,1080.0
9220,155.72406514085395,156.60117547473916,-0.080534756,-0.019274082,-0.10497533,-0.08978153,68.348755,1080.0
9221,133.3310245864178,160.11234774514253,-0.08116958,-0.01848752,-0.10417938,-0.08708688,70.21,1080.0
9222,107.54934303324703,162.67501957987352,-0.08022625,-0.013500496,-0.09026647,-0.08423061,86.927315,1080.0
9223,95.58679006252102,163.696487265571,-0.08077658,-0.014829254,-0.08700251,-0.088448726,89.0576,1080.0
9224,104.81715829521582,166.15944786751797,-0.07478892,-0.012929337,-0.08694012,-0.08042181,77.341576,1080.0
9225,127.25524259594711,170.73375136136625,-0.08212173,-0.01566976,-0.09583311,-0.082028225,80.9615,1080.0
9226,147.10385971864608,174.2706578917242,-0.08104695,-0.01928694,-0.10286515,-0.07912281,71.82487,1080.0
9227,149.31769606782746,174.0661355003072,-0.08131341,-0.027824346,-0.122964874,-0.068132386,51.74169,1080.0
9228,128.69758892981037,169.38546178584227,-0.07574209,-0.025991905,-0.09520857,-0.0652897,58.6912,1080.0
9229,98.82109688601298,161.42798418287902,-0.07422384,-0.023193868,-0.08910573,-0.06284736,61.604202,1080.0
9230,85.25347157168723,154.76705016919033,-0.07716991,-0.021083945,-0.08525142,-0.063265935,65.19496,1080.0
9231,100.16730131525514,154.81232221171993,-0.06734681,-0.022814829,-0.07019472,-0.06416015,79.511284,1080.0
9232,129.55112451417796,162.10436176800962,-0.06631323,-0.021097424,-0.049306516,-0.06539004,95.30853,1080.0
9234,150.93879884195502,170.28912552849405,0.013407615,-0.03903266,0.06574413,-0.051232457,48.44475,1080.0
9235,154.95832563167852,167.75560597409913,0.011314788,-0.038111962,0.06839407,-0.04835705,60.328724,1080.0
9236,147.07104573228443,146.14063723107554,0.008784146,-0.04323004,0.0820438,-0.055927984,75.75488,1080.0
9237,138.30837290637575,114.35795381210018,0.0043755425,-0.049770325,0.08352288,-0.0631229,96.55488,1080.0
9238,136.98853032263273,93.36001733818955,-0.01135949,-0.015529689,0.07641432,0.009851442,116.9146,1080.0
9239,144.26980501955558,92.61052396479018,-0.031178962,0.0052606654,0.02599589,0.050596844,113.146706,1080.0
9240,153.875137710047,106.09630232051376,-0.026770076,-0.004201366,0.013933139,0.017479168,90.46068,1080.0
9241,156.34413641771343,126.09938676023687,-0.029717283,0.004099952,0.031084187,0.030283978,106.32945,1080.0
9242,149.18691134115224,147.02304690236411,-0.048503056,0.039581694,0.06837498,0.14901456,183.58002,1080.0
9243,140.74365471577704,162.33409624152821,-0.04525254,0.034498002,0.061252285,0.13519546,183.09099,1080.0
9244,139.17017323783693,166.32741288990854,-0.04700634,0.033442743,0.061801657,0.13354427,182.52567,1080.0
9245,144.99432762112602,159.05431863918855,-0.028393725,-0.010174306,0.09477658,0.057387713,208.08768,1080.0
9246,154.33984637974694,147.069446241812,-0.002981737,-0.046316557,0.20392902,-0.017348282,234.97595,1080.0
9247,161.98607749903778,139.2640283075644,-0.020799424,-0.044863015,0.18998599,-0.005553606,246.28372,1080.0
9248,165.77970164410414,142.5093181387067,-0.03475777,-0.021235825,0.15557274,0.06994815,243.88963,1080.0
9249,168.91401571032458,156.23587413562763,-0.02223556,-0.03569644,0.12934339,0.03462318,222.68695,1080.0
9250,173.31971834421236,171.0657133491208,-0.035813622,-0.016797526,0.10266413,0.075430326,220.8103,1080.0
9251,174.88097459385455,178.28502453734893,-0.04934133,0.022386,0.082129814,0.1688298,223.85664,1080.0
9252,168.88999726902915,176.4190260910382,-0.05867027,0.039835416,0.065800704,0.2158733,258.0006,1080.0
9253,156.72172361395053,164.56966027688907,-0.061783515,0.0445985,0.08249822,0.20187305,270.11548,1080.0
9254,141.58623851733248,139.3150883678954,-0.059822816,0.054741498,0.102884986,0.23679411,292.14014,1080.0
9256,122.4865324211129,103.86642466828843,-0.04296242,0.04289028,-0.014382991,0.20212,144.4438,1080.0
9257,99.37256102045411,74.3187766463574,-0.047327224,0.039498053,-0.039797183,0.1850417,128.61032,1080.0
9258,78.85983071524237,71.81588502740328,-0.046049103,0.032083612,-0.02232485,0.16047527,132.61588,1080.0
9259,73.73873683536853,102.90285799567022,-0.04369716,0.028984183,-0.010465043,0.15214035,132.51494,1080.0
9260,93.83717409633324,148.57845271839463,-0.047947917,0.03202611,-0.009786931,0.16093476,146.92448,1080.0
9262,127.710525376191,177.5542532423091,-0.07766068,0.026132824,-0.043232556,0.25537997,254.60141,1080.0
9263,145.35213362471362,169.6611916669337,-0.08002958,0.036189128,-0.023978453,0.26221362,247.865,1080.0
9264,133.28935735944395,135.59003057134578,-0.08100032,0.024127536,-0.013173082,0.23951845,262.91205,1080.0
9265,111.23839152123593,110.61124176970918,-0.07395686,0.02445122,0.0010061193,0.24353832,265.2264,1080.0
9266,101.80869263298109,113.81735367486083,-0.07475574,0.022665123,-0.0041494863,0.24907996,267.74374,1080.0
9267,104.80955085174058,130.2094390342382,-0.06923291,0.01816409,0.029098567,0.24960664,274.89175,1080.0
9268,111.42080488600955,141.15580483235664,-0.06422899,0.01984154,0.032006383,0.23899819,271.13965,1080.0
9269,116.11094846547914,145.943100439535,-0.064794585,0.026278546,0.02624602,0.23395233,254.94826,1080.0
9270,108.87703137142752,147.97143419256693,-0.06457401,0.025604248,0.025018254,0.21913922,242.55984,1080.0
9271,84.5092328901733,141.22868661646228,-0.0664778,0.016893344,0.024976151,0.20182057,243.3102,1080.0
9272,59.0378041372062,120.35091997975024,-0.06242789,0.0053262217,0.039446965,0.18329573,232.71927,1080.0
9273,57.81475543543121,95.66386580541607,-0.062502995,0.041758843,0.044729784,0.23709005,232.88223,1080.0
9274,89.84973032973201,86.05230003813979,-0.061303373,0.03838306,0.044305872,0.2239151,231.0189,1080.0
9275,138.35845661112833,98.5792853829422,-0.061108004,0.042142402,0.07005129,0.22366485,245.4351,1080.0
9276,175.28447493995225,124.83730509049107,-0.062095813,0.040876627,0.08030316,0.22356188,256.69382,1080.0
9277,182.60819684507834,151.00435458553048,-0.06330945,0.040061217,0.100339875,0.2222134,278.77042,1080.0
9278,156.0454177989735,163.63053655156654,-0.06270735,0.036684137,0.098011665,0.21235515,273.3903,1080.0
9279,102.97934312534838,155.34956176473563,-0.057835106,0.047168363,0.098833494,0.20505439,264.13898,1080.0
9280,48.32652550992375,131.98664459094095,-0.061264828,0.03655048,0.08844344,0.18317091,249.37878,1080.0
9281,22.126178506749334,109.77403287682766,-0.062630154,0.048332583,0.08386903,0.19436453,244.6259,1080.0
9282,34.082774676448054,102.54039423887758,-0.054923106,0.039074764,0.10177776,0.17068832,239.61063,1080.0
9283,73.13946762974892,112.77400061131964,-0.04449785,0.02835261,0.15395151,0.15563911,266.66797,1080.0
9284,121.1133669050252,133.15192621573885,-0.035950497,0.027433494,0.16681665,0.15768187,270.60202,1080.0
9285,158.70486595233578,152.67046505573597,-0.038732175,0.041958984,0.132462,0.16979885,259.5782,1080.0
9286,175.24022070432994,164.30328032443538,-0.03635587,0.05283949,0.13135031,0.18069153,238.26549,1080.0
9287,174.4440846911066,168.13639805779803,-0.043806005,0.045258474,0.12622489,0.17608473,243.16083,1080.0
9288,160.81312055365967,163.27402555680058,-0.050459687,0.049385324,0.1075331,0.18010658,242.28572,1080.0
9289,129.7088929313148,143.66602576832233,-0.055776753,0.04707308,0.08847204,0.18075782,243.76094,1080.0
9290,81.83665734680135,110.77917438530051,-0.049485326,0.024623193,0.07549286,0.10020707,213.66191,1080.0
9291,37.90558787913228,81.48185771968022,-0.05112005,0.027222866,0.07571468,0.10322192,216.38531,1080.0
9292,25.751189418421372,74.08609687340027,-0.026803024,0.0072647943,0.13972874,0.06859645,223.52763,1080.0
9293,53.89627289994794,93.10575188446566,-0.013930313,0.002079236,0.21128313,0.06452363,248.59964,1080.0
9294,99.73329128661308,127.92851502710343,-0.0277476,0.013371361,0.16950898,0.077968374,248.98131,1080.0
9295,124.42262459267555,158.35164434901637,-0.030664967,0.015112107,0.15669036,0.09138963,238.64503,1080.0
9296,107.28571013316052,167.33528188102642,-0.036570005,0.011570938,0.15468591,0.07116529,275.7575,1080.0
9297,65.13408525386106,156.60716752246293,-0.039985485,0.02229131,0.1404493,0.07714702,256.05914,1080.0
9298,32.03021712388006,145.16361881963658,-0.038829323,0.016773732,0.13523446,0.045630645,245.21994,1080.0
9299,28.194989154273237,148.21129408388217,-0.040324006,0.016685316,0.13294971,0.035118274,250.50706,1080.0
9300,53.11810284540661,162.64743136644574,-0.04293846,0.058050226,0.15117103,0.10851949,258.49884,1080.0
9301,93.22043458683909,175.36780344296457,-0.04020386,0.0524049,0.15215714,0.103650525,251.448,1080.0
9302,129.84093029912606,177.5898618152361,-0.051517684,0.055413254,0.111493655,0.11566038,242.42133,1080.0
9303,151.65312463246823,167.42262733283818,-0.053779036,0.052762803,0.11308063,0.10577489,249.23901,1080.0
9304,160.29408787616507,147.4829687907647,-0.059155498,0.050384182,0.11055473,0.0903697,251.17581,1080.0
9305,161.1989988686515,125.35338590391535,-0.065395385,0.0470895,0.07051126,0.08925069,223.72961,1080.0
9306,156.26659639333354,110.45862958496242,-0.07190484,0.052371413,0.09027054,0.09445736,242.64853,1080.0
9307,145.97951738487208,107.12711292897845,-0.073026024,0.054929353,0.09277541,0.10236048,244.07266,1080.0
9308,133.102604839371,113.10406791385296,-0.07467606,0.052948225,0.086619906,0.10809487,230.24055,1080.0
9309,123.53542308159444,123.77771960779681,-0.07394381,0.058071814,0.08467831,0.112219125,230.12624,1080.0
9310,122.19130909416201,134.73600772043227,-0.06246191,0.077436574,0.13892229,0.12889506,248.77702,1080.0
9311,124.09891460371779,142.51592941225874,-0.034752853,0.05569964,0.16150457,0.09076691,237.10893,1080.0
9312,114.85643691041504,145.56818225586792,-0.02766554,0.034112774,0.22709396,0.033413697,281.60303,1080.0
9313,88.99142686494433,143.6115100400032,-0.024752807,0.04983317,0.18974587,0.052618578,250.49055,1080.0
9314,58.793748876154005,139.1391003611369,-0.013656559,0.054932207,0.1919194,0.057603285,236.67068,1080.0
9316,42.357794073591315,137.09336343762098,-0.049688607,-0.025968933,-0.008209624,-0.1692695,166.00522,1080.0
9317,55.04275721394383,137.31726480082185,-0.05934567,-0.01034642,0.0030829536,-0.17658634,203.58253,1080.0
9318,97.92885418038314,135.14961681194777,-0.07274475,0.0015911526,-0.00571063,-0.15297598,220.79402,1080.0
9319,146.18691007564613,131.2499631961193,-0.09315632,-0.010719299,-0.079938255,-0.15374604,199.02473,1080.0
9320,169.9540448040562,132.85388194430865,-0.0974398,-0.015066472,-0.104414195,-0.15002868,186.45795,1080.0
9321,163.6194042893746,144.77781770854878,-0.09501298,-0.0067302,-0.099985875,-0.14122085,183.51585,1080.0
9322,141.44862618672335,160.77727400114816,-0.088711776,-0.00015060989,-0.078430966,-0.13420011,192.88257,1080.0
9323,119.08082220140787,168.0300735245763,-0.079091,0.012200419,-0.054762833,-0.1036423,193.69753,1080.0
9324,109.805181257919,162.44408509977976,-0.080917016,0.01662965,-0.054013852,-0.11059856,188.84514,1080.0
9325,121.40535335237759,153.22073812738347,-0.08547996,0.014374796,-0.05804189,-0.10931119,184.80746,1080.0
9326,142.1857705989989,150.81405251014323,-0.08848476,-0.008026858,-0.07832529,-0.12919444,166.3518,1080.0
9327,142.3788317426306,155.14690681431733,-0.09584972,-0.00834684,-0.09100455,-0.12734377,167.13202,1080.0
9328,104.17939100412451,156.37499365297506,-0.09813481,-0.011180001,-0.09919298,-0.11393758,150.3478,1080.0
9329,45.19123414751015,147.1710145646075,-0.07354369,-0.0011343497,-0.055534307,-0.087740324,164.43839,1080.0
9330,2.4988588981116546,132.40199189280997,-0.063373424,0.0025409274,-0.018911969,-0.09139975,192.39114,1080.0
9331,-1.6781270361991598,121.44955190228828,-0.07047565,0.002663337,-0.007834541,-0.09626951,207.2102,1080.0
9332,25.61562438382411,115.63847878473258,-0.0748946,-0.0029260141,-0.015091677,-0.10862116,200.92981,1080.0
9333,61.780786899111206,111.39686289194121,-0.06683875,-0.034973737,0.018132132,-0.18940051,217.35844,1080.0
9334,93.9729803863593,110.86776896981007,-0.06885631,-0.05001215,0.029790694,-0.23494245,221.92494,1080.0
9335,125.50269415042536,120.07029343056254,-0.06754631,-0.063446864,0.045446776,-0.24939309,215.87213,1080.0
9336,157.37847376249005,137.2995941662981,-0.05760323,-0.076195076,0.12065774,-0.2928502,264.74515,1080.0
9337,179.91837710052414,151.0960803256209,-0.057226393,-0.07573646,0.12797976,-0.30370718,278.41257,1080.0
9338,185.17987233026327,150.9147814726095,-0.07111121,-0.06605388,0.05503489,-0.30114135,258.0857,1080.0
9339,175.65774777219906,136.69632047628627,-0.07812562,-0.054105885,0.019365381,-0.2524917,241.11139,1080.0
9340,160.70088153352592,119.32193624617501,-0.08172393,-0.05065118,0.020306906,-0.20894663,242.49294,1080.0
9341,149.46172839552898,111.7441639106726,-0.07969705,-0.0437962,0.010043166,-0.19540292,231.68979,1080.0
9342,145.99859791594616,117.4527088008779,-0.08062936,-0.039575025,0.01939296,-0.18260808,236.54828,1080.0
9343,148.25205727050812,128.6555622875322,-0.07842724,-0.04623071,0.0145265935,-0.18652561,231.6214,1080.0
9344,150.94354604801558,135.97605855730785,-0.070551105,-0.036365,0.05212617,-0.19080873,271.48727,1080.0
9345,150.1828868810034,136.15024276607286,-0.069098525,-0.025695264,0.058870554,-0.17914887,283.7788,1080.0
9346,145.17551102868939,130.24461840251521,-0.071235545,-0.0017791465,0.067447975,-0.12735319,290.51685,1080.0
9347,136.29368670169842,120.8936234897404,-0.07073494,-0.0021002311,0.11025656,-0.13325775,305.3033,1080.0
9348,125.62614909738971,113.27830942893146,-0.07311616,-0.010743572,0.068039335,-0.16559313,285.8286,1080.0
9349,119.29255558218208,112.65990169418795,-0.07346672,-0.013741133,0.060841538,-0.18901245,292.35104,1080.0
9350,123.4353942696369,118.63388778237108,-0.075214185,-0.015272183,0.052246433,-0.1969566,288.7649,1080.0
9351,137.26027233513574,125.17322783014423,-0.07568241,-0.015409088,0.04936614,-0.19601104,286.56833,1080.0
9352,153.24086947291292,126.72522234103185,-0.083749615,-0.012061536,0.0051530628,-0.16855946,255.62596,1080.0
9353,163.80518424581388,123.74489240438368,-0.09352304,-0.0070332843,-0.02475196,-0.15336423,241.3234,1080.0
9354,166.83814289858375,122.0418594047566,-0.09132487,-0.0077854865,-0.028492568,-0.1586022,235.7796,1080.0
9355,165.06254396546734,125.18470432904236,-0.09087214,-0.0120587945,-0.029800868,-0.16793483,236.32591,1080.0
9356,160.48261061225816,130.50475865354122,-0.085378855,0.0011938589,-0.005770648,-0.14506929,259.03943,1080.0
9357,151.68032494702217,134.33678387894045,-0.08141338,-0.025752485,-0.0038039596,-0.1786963,246.5783,1080.0
9358,138.53905429596196,134.71144732972246,-0.0838653,-0.02842673,-0.019713283,-0.17784046,221.47314,1080.0
9359,127.07090459460134,129.85790624951323,-0.083625905,-0.031922176,-0.034536123,-0.17837304,204.4127,1080.0
9360,122.27481363714097,121.18833760622246,-0.082478784,-0.040349834,-0.028736595,-0.18371159,191.7107,1080.0
9361,115.32788493673549,114.24178166073342,-0.083698414,-0.037193865,-0.027798463,-0.18397279,195.35689,1080.0
9362,92.03509414801891,113.17115995882918,-0.076408386,-0.013374555,0.010487931,-0.13546905,226.87492,1080.0
9363,56.77210305947807,116.68696355232417,-0.079176106,-0.021986784,0.0026292023,-0.15608871,216.49623,1080.0
9364,34.27294097821142,120.75918633809185,-0.07872247,-0.01869083,0.0015535707,-0.13983089,207.22075,1080.0
9365,45.536811958906505,124.86316241756228,-0.079756275,-0.020034395,0.0085369535,-0.14702909,218.58725,1080.0
9366,86.48210387034864,132.1380257638663,-0.07993413,-0.029724235,0.040315527,-0.1661581,236.26006,1080.0
9367,132.691053205819,142.3979242817767,-0.07403468,-0.008213524,0.078515455,-0.11659495,256.61057,1080.0
9369,162.30048359804368,149.88449589468468,-0.044596296,-0.01796957,0.027221285,0.11237835,182.79752,1080.0
9370,169.7195284862126,150.81647571501532,-0.05968645,-0.0018956502,-0.029075678,0.14913952,174.84059,1080.0
9371,163.12227560701675,146.6928672094485,-0.06418994,0.006726809,-0.018049452,0.154221,193.60347,1080.0
9372,153.98340446620514,138.29937374343453,-0.064229555,0.0033510844,-0.016846834,0.14837737,196.63527,1080.0
9373,148.06769964590018,126.09666626556744,-0.06695749,0.0052139563,-0.009568674,0.15471008,207.1461,1080.0
9374,144.1158136772836,114.74948681892187,-0.06887032,0.0050929035,-0.008070938,0.1569153,213.87904,1080.0
9375,138.00072656878794,109.04326900358653,-0.06015806,0.006736303,0.029704059,0.15301363,239.91489,1080.0
9376,129.39051001259685,109.09677183674724,-0.06747086,0.009109779,0.0131148165,0.16689524,231.26884,1080.0
9377,124.73812857299785,112.54391730506237,-0.067334495,0.011064854,0.012491354,0.16744408,229.55911,1080.0
9378,129.0305730424344,116.96419856620112,-0.06882042,0.011106675,0.020824743,0.1710786,248.46571,1080.0
9379,136.77263470927002,119.73563332816379,-0.07192999,0.014122179,0.025421029,0.17626944,261.68903,1080.0
9380,137.30313424104492,119.14256843773002,-0.07442599,0.015883496,0.020093,0.18478324,272.57288,1080.0
9381,127.49799878279714,115.68735447797168,-0.084635474,0.020530814,0.035087135,0.20045188,275.99387,1080.0
9382,112.72551110508552,111.05538060029204,-0.082788765,0.023699103,0.032424927,0.19868831,268.14886,1080.0
9383,95.05285849652715,106.52040966936761,-0.07557921,0.023652988,0.0605922,0.19804625,288.0302,1080.0
9384,75.23104039776284,103.61250999512934,-0.0586948,0.031360768,0.08876654,0.20535484,281.09183,1080.0
9385,65.91922027756227,105.0346944357502,-0.061321683,0.028399263,0.10036163,0.1987056,294.45328,1080.0
9386,79.4492771817887,111.21776856376518,-0.06840318,0.0247636,0.099678546,0.19723971,305.8278,1080.0
9387,106.26788739629691,117.2542504575823,-0.07286507,0.018416228,0.08780625,0.18964648,302.8845,1080.0
9388,123.57302599904975,116.96668403649537,-0.074505895,0.013193399,0.079782784,0.18188691,301.15475,1080.0
9389,116.78754668043312,107.5554317647752,-0.09027637,0.010603333,0.059738893,0.18295594,294.5354,1080.0
9390,86.15245594293751,90.11210164479412,-0.097429626,0.005190277,0.065996125,0.17894429,301.20065,1080.0
9391,44.81420229676037,71.22727646539589,-0.09850803,0.0053825094,0.06137718,0.18006298,304.27383,1080.0
9392,12.441889911612916,61.00117967718868,-0.08858597,0.0061184918,0.053599942,0.18001433,298.18246,1080.0
9393,0.9746243227639813,63.07976904091922,-0.08520954,0.007903742,0.05315727,0.18183205,297.49814,1080.0
9394,6.151856741368365,70.32810784560075,-0.07999223,0.008096059,0.048633095,0.179193,290.60873,1080.0
9395,15.603659577168928,73.18528477874152,-0.0732809,0.0076479875,0.06664683,0.17218424,288.5622,1080.0
9396,22.629544671933225,69.41188848935344,-0.071644984,0.0099622095,0.06643513,0.16033082,278.34955,1080.0
9397,29.576811085002696,64.63553823802158,-0.07172614,0.010620456,0.06823341,0.16682476,280.06134,1080.0
9398,38.64278056849848,64.88643144022002,-0.07100061,0.028575586,0.08985008,0.20999987,300.25943,1080.0
9399,44.20668602455207,70.51139357716247,-0.0705559,0.03815223,0.09394311,0.21838994,296.04788,1080.0
9400,38.65411194145133,77.27091383137592,-0.08106209,0.037707634,0.09181767,0.21535791,305.48712,1080.0
9401,24.266720291845758,82.30412271441897,-0.075162195,0.04089197,0.114683025,0.21576272,316.79874,1080.0
9402,13.13514384875231,87.97823803392676,-0.0741923,0.048107542,0.09263255,0.21066058,291.41867,1080.0
9403,12.936733617475666,98.41287881001108,-0.07503024,0.043930363,0.09752401,0.19974877,289.18732,1080.0
9404,18.83146588685852,112.73519002226416,-0.07860311,0.04712194,0.10212933,0.20011224,294.17874,1080.0
9405,25.57798050819794,125.06849693512817,-0.055598564,0.029509028,0.1557602,0.17373686,316.18774,1080.0
9406,41.185522911727986,132.91821510155023,-0.06775547,0.044093944,0.12350842,0.19116974,301.76205,1080.0
9407,72.28453999323779,139.2787185542289,-0.07168382,0.050167337,0.13878468,0.20130914,316.57523,1080.0
9408,100.3614606021565,142.99239943644488,-0.070173755,0.054915335,0.15491502,0.20800021,330.81152,1080.0
9409,97.44797395385925,136.33887178526336,-0.069800764,0.053297058,0.14902005,0.1927162,324.33658,1080.0
9410,62.71410066077661,116.71412686583125,-0.075352535,0.05665738,0.17375799,0.20562346,336.28687,1080.0
9411,23.06130878107873,93.14786647181968,-0.08020771,0.04781791,0.1411538,0.12798394,324.84186,1080.0
9412,2.3768294052274563,76.1750213443692,-0.07690904,0.04108525,0.138489,0.103087336,321.56137,1080.0
9413,3.048758188131153,66.94444785800147,-0.07368192,0.02372979,0.13923362,0.061865177,319.79172,1080.0
9414,13.311847336191335,61.24174155393717,-0.07329853,0.038939893,0.13317865,0.13983527,312.5412,1080.0
9415,21.9136835875248,57.630738232093194,-0.0760042,0.03416491,0.15460962,0.120658085,339.33255,1080.0
9416,25.429447789684424,57.23599031114989,-0.08029723,0.018611569,0.14171566,0.078928344,332.52118,1080.0
9417,27.08769706266338,60.07801622644543,-0.084135436,0.034517527,0.13007168,0.09527712,312.17474,1080.0
9418,29.82335431597561,64.2672452854915,-0.087549336,0.03679185,0.12968123,0.10208122,308.4826,1080.0
9419,32.20930337826562,67.39535916519382,-0.07944613,0.025969272,0.13665104,0.089260414,316.19113,1080.0
9420,33.019891249953396,68.18813507898024,-0.078144275,0.019388722,0.15112033,0.06967655,330.9014,1080.0
9421,35.416755081634285,67.71634019928969,-0.08336487,0.013772159,0.15561393,0.04933593,338.67828,1080.0
9422,42.20514865416429,67.9943714898536,-0.08377855,0.0050679524,0.15644468,0.014911906,340.175,1080.0
9423,50.24443437896187,68.7596875451288,-0.07946596,0.0016299777,0.16394015,0.0034615411,343.7746,1080.0
9424,53.79995270455921,67.9060903465269,-0.08047344,-0.004596569,0.16075721,-0.024822038,340.45804,1080.0
9425,51.13898275571668,64.51388958498536,-0.08260385,-0.008755097,0.15662728,-0.032073185,338.45535,1080.0
9426,45.69174148348103,59.644909968306656,-0.083619975,-0.010054638,0.15420702,-0.04431757,338.12057,1080.0
9427,42.33228421675986,55.43432051324409,-0.08335752,-0.011938307,0.15440516,-0.041043937,349.30887,1080.0
9428,42.19231947352346,52.87724803854119,-0.0836827,-0.009282232,0.17266174,-0.02312088,352.423,1080.0
9429,41.57441976830013,50.51354895083642,-0.0773099,-0.007109042,0.17296831,-0.011849835,342.9114,1080.0
9430,38.524604005594156,48.00759771844446,-0.07081118,-0.0012582002,0.18682732,0.0014348348,340.57358,1080.0
9431,38.027189818973234,48.6447338744631,-0.0640586,-0.008685077,0.19686958,-0.020594308,339.08887,1080.0
9432,46.10922455256899,54.37284092349793,-0.07396263,-0.007311164,0.17404118,-0.024003318,332.21207,1080.0
9433,61.135259419782734,62.36156411483559,-0.06927976,-0.0071838098,0.1888027,-0.019578863,338.14655,1080.0
9434,76.4660542296789,70.07601229126921,-0.06707498,-0.0032133032,0.19199954,-0.015616438,344.9196,1080.0
9435,89.27135642901507,78.91208963824928,-0.061750624,-0.0013810334,0.217764,-0.010934731,353.07397,1080.0
9436,101.46873679959762,89.91751607294141,-0.063182354,-0.005455158,0.21101272,-0.015346358,347.7142,1080.0
9437,113.94940077265085,99.47427330671974,-0.061929096,-0.0069075692,0.1933509,-0.040114112,333.85257,1080.0
9438,124.05292470639941,101.89616460489722,-0.066883005,-0.010395022,0.19379482,-0.039786812,339.1146,1080.0
9439,128.52021959388432,95.17791058855656,-0.064261146,-0.010935098,0.20445116,-0.039199404,345.85107,1080.0
9440,126.87671935413391,82.93486494844502,-0.06436451,-0.014033735,0.20493424,-0.049797367,345.5621,1080.0
9441,121.30560856426213,71.42848289682561,-0.06980207,-0.012506471,0.21155372,-0.05366033,352.22504,1080.0
9442,113.94221072683224,64.27104270968745,-0.06513485,-0.013440309,0.22018969,-0.061689984,354.5861,1080.0
9443,108.36656664928762,60.26824294484579,-0.061480712,-0.012065322,0.23345575,-0.05917121,370.06348,1080.0
9444,110.5640623197507,57.97001616228774,-0.0697425,-0.008396968,0.22766803,-0.05775915,359.22522,1080.0
9445,121.16674360251487,60.03767105191701,-0.06232,-0.010260405,0.24314089,-0.062088918,377.9383,1080.0
9446,133.26149299588712,68.77117365612384,-0.056074806,-0.010772084,0.25431642,-0.05919599,381.0799,1080.0
9447,139.83387946164416,78.80118641344542,-0.058118127,-0.009967183,0.24658407,-0.05273593,372.66068,1080.0
9448,138.41255139358586,81.7888314993934,-0.0640109,-0.0083688805,0.22836111,-0.045940626,350.35574,1080.0
9449,133.0369378700301,78.66046149510623,-0.067389764,-0.012079761,0.23486555,-0.04011236,354.91614,1080.0
9450,130.95014917514965,78.59368549563271,-0.06605196,-0.011312386,0.2271151,-0.041178018,351.00082,1080.0
9451,133.85837338594587,86.37723477471023,-0.07405819,-0.007799841,0.23672858,-0.042237457,347.16272,1080.0
9452,137.68029097632993,97.65683461466692,-0.0656545,-0.0071966667,0.24138941,-0.040506236,352.47192,1080.0
9453,138.96526375219293,104.22039656964216,-0.060645208,-0.00757856,0.2619386,-0.041182794,369.67023,1080.0
9454,135.92458034964815,100.9051131848446,-0.058616526,-0.008604007,0.2849056,-0.040686827,381.04547,1080.0
9455,128.58777480004687,90.50417713066588,-0.06949943,-0.0055703055,0.27632344,-0.045169182,380.2749,1080.0
9456,120.92494633183031,81.8580238465077,-0.07305371,-0.0030598675,0.2742513,-0.052796938,384.78036,1080.0
9457,118.36726764052692,81.59182585277253,-0.07613305,0.0009868199,0.27287236,-0.06234032,385.9694,1080.0
9458,123.12257469737902,89.36372017689126,-0.075078554,-0.003473183,0.30324695,-0.07272695,412.39896,1080.0
9459,132.5283914620867,100.23102731048259,-0.062937476,-0.009956388,0.29128668,-0.06778887,405.6147,1080.0
9460,141.31647457703636,109.51773508197275,-0.06394263,-0.008938994,0.3095944,-0.06500722,420.2786,1080.0
9461,146.2522297433896,116.1118430932055,-0.07885561,-0.0034743696,0.30569887,-0.056973435,418.34445,1080.0
9462,147.60571776835565,121.55316275503982,-0.06925614,0.0038106847,0.34267148,-0.04216645,442.82907,1080.0
9463,147.12028750825363,126.83953105507683,-0.07337466,0.004103964,0.31555763,-0.037008666,427.42648,1080.0
9464,146.37787360001465,130.74488227909058,-0.059100907,-0.002452907,0.33641076,-0.05005318,443.05728,1080.0
9465,146.28191678305308,130.6795416323137,-0.057632446,-0.0041331258,0.34645385,-0.048818234,456.1446,1080.0
9466,147.97700612754142,125.82657301442669,-0.059289213,-0.00013741387,0.3464663,-0.044809073,458.7821,1080.0
9467,152.7618610564737,119.57484256447523,-0.053158175,0.0025333264,0.37388283,-0.05434966,484.07056,1080.0
9468,159.87467431771793,117.26064555637004,-0.048947595,0.016824596,0.39623064,-0.03886264,499.64883,1080.0
9469,165.9565547624289,120.59597937075311,-0.04480653,0.012362897,0.4448449,-0.04583339,527.8231,1080.0
9470,166.4655781873482,125.52166086832892,-0.050461326,0.005907525,0.42250085,-0.06884958,508.9659,1080.0
9471,157.53853706929794,125.78866381920416,-0.05334501,0.008002331,0.418576,-0.09710928,526.34644,1080.0
9472,139.7856209265419,118.29943469592357,-0.055316105,0.010729076,0.41475052,-0.096512996,524.16034,1080.0
9473,119.75909776270763,105.81844507930995,-0.05871887,0.012118022,0.42478457,-0.11805239,535.8607,1080.0
9474,103.28297540263162,94.05633529169229,-0.04872493,0.0102362735,0.4572921,-0.13258907,553.8114,1080.0
9475,89.71120947303253,86.48635165913765,-0.037175212,-0.005790145,0.50969374,-0.16107005,585.30396,1080.0
9476,76.12008373942543,82.2620043222816,-0.041672036,0.0028254755,0.5039759,-0.17587538,589.21783,1080.0
9477,63.365831021830175,77.22067415774596,-0.036802277,-0.004138975,0.54442286,-0.20848377,618.0099,1080.0
9478,55.874498514324806,67.95336261624786,-0.031038694,-0.0053743715,0.54603523,-0.23642145,629.2306,1080.0
9479,56.02844290030733,55.87616219303116,-0.027813382,-0.009291586,0.54192245,-0.27005148,639.9951,1080.0
9480,59.24325536849661,44.67170913451842,-0.014418821,-0.005507123,0.5649077,-0.2937336,666.6806,1080.0
9481,57.996200290971,35.44125033958392,-0.011417135,-0.0067663123,0.5663722,-0.33478954,685.82574,1080.0
9482,50.634477825597095,27.86719794595231,-0.008663828,-0.010238478,0.56372535,-0.3555344,690.2182,1080.0
9483,42.04091413063901,22.760540059709665,-0.008434183,-0.025092684,0.5506253,-0.38434377,700.1915,1080.0
9484,36.858811027862586,20.585402180564053,-0.0047713104,-0.023969635,0.5539364,-0.4075312,697.5329,1080.0
9485,35.29228326510698,20.11309858252448,-0.007773477,-0.013704822,0.55471367,-0.408453,701.2098,1080.0
9486,35.13319985310522,20.482118355845234,-0.00910848,-0.012090782,0.5277292,-0.41432,701.697,1080.0
9487,36.247319542428606,23.943679176199776,-0.0055244444,-0.010217511,0.5326249,-0.4301754,715.50104,1080.0
9488,39.85118781688129,32.6343529197793,-0.0072619966,-0.014043794,0.52363765,-0.42939717,709.13495,1080.0
9489,43.67792150007155,42.683354782692035,-0.019382732,-0.0016254002,0.4955564,-0.43051553,702.1286,1080.0
9490,45.81104349417463,50.47120896722658,-0.017909862,0.0010487309,0.4677643,-0.43978336,702.14703,1080.0
9491,53.10913429112961,62.447658176390206,-0.009231256,0.010817181,0.49132606,-0.46003646,719.7443,1080.0
9492,74.79235204480145,86.60596809246042,-0.0115947295,-0.0017548738,0.47626415,-0.4778456,724.3272,1080.0
9493,107.93937902841141,118.32474337383118,-0.013308518,-0.003441422,0.45069703,-0.49824163,730.53796,1080.0
9494,136.81772586689496,142.9774237423373,-0.009064738,-0.008995338,0.4148074,-0.48347935,684.0444,1080.0
9495,146.61106989428995,149.6324986429671,-0.00928212,-0.0017566257,0.42362458,-0.49551845,695.4944,1080.0
9496,138.9287868102937,142.12996322373252,-0.0028666179,0.0068660593,0.40347227,-0.4950162,679.8808,1080.0
9497,131.69499957074186,136.54308326591,-0.0153643,-0.005665532,0.38175815,-0.5314132,697.10986,1080.0
9498,138.39513485464582,143.80916784314456,-0.031459864,-0.01610927,0.3160977,-0.5287893,661.08264,1080.0
9499,152.5428348741794,159.09184998112775,-0.035797827,-0.01236448,0.28510538,-0.5487723,659.5495,1080.0
9500,156.9574352872098,170.43333049117211,-0.03835907,-0.016574549,0.214341,-0.52340317,606.9155,1080.0
9501,146.10608904558003,171.81279044491154,-0.01090896,-0.012976753,0.24063715,-0.5433269,630.3875,1080.0
9502,134.645146221639,167.3489253031111,-0.014791644,-0.011632622,0.19824694,-0.5255604,594.25665,1080.0
9503,139.2481357329851,165.29830558704967,-0.024774961,-0.013703975,0.154324,-0.51522434,564.98553,1080.0
9504,156.06826184750307,167.08497246432276,-0.010830688,-0.00714473,0.15348093,-0.47718307,534.954,1080.0
9505,160.54918828930076,163.18305214726095,-0.020143524,-0.031483233,0.10842596,-0.40736988,448.8623,1080.0
9506,134.67052466667917,142.37919923123934,-0.04943017,-0.031896804,0.03241487,-0.35636908,363.53827,1080.0
9507,96.75933830275797,106.98753733994455,-0.05337858,-0.028964855,0.0006512112,-0.35991418,361.6002,1080.0
9508,86.12878827648575,78.2286846682344,-0.059915613,-0.019373689,-0.018218486,-0.35959965,361.95212,1080.0
9509,114.91083370291008,78.35827635419305,-0.061597303,-0.016011387,-0.029285628,-0.33203536,337.15588,1080.0
9510,157.4412750558036,105.21705016275004,-0.06524596,-0.0075566047,-0.044534188,-0.26027504,255.77638,1080.0
9511,184.07406545672745,135.4734802561797,-0.05814339,-0.014722753,-0.038875666,-0.25835252,242.47423,1080.0
9512,186.90172923011738,151.4172246018525,-0.057761524,-0.007489183,-0.049240507,-0.25581115,243.02159,1080.0
9513,176.8752585299658,153.67327386399393,-0.053618535,-0.00826156,-0.064257696,-0.2832878,277.541,1080.0
9514,168.4902710398686,152.0750419911923,-0.051946513,-0.002213259,-0.059928782,-0.2406278,241.61795,1080.0
9515,167.68932467958888,153.0146204674535,-0.06182279,-0.0007974695,-0.08755974,-0.23814477,240.48102,1080.0
9516,170.22634276647085,156.24563936104357,-0.04726551,-0.0024493183,-0.07214808,-0.24525528,250.94418,1080.0
9517,169.8728205082901,160.15372758114734,-0.053204346,0.011285796,-0.081248924,-0.22440906,234.55254,1080.0
9518,166.09549157174058,165.18714580495117,-0.049706355,-0.004513041,-0.07090025,-0.29655847,307.77402,1080.0
9519,161.9263738190974,170.8725014022532,-0.028068034,-0.003106294,-0.040444832,-0.28140908,295.95428,1080.0
9521,157.8451871717365,173.78368577797423,-0.021015253,0.0008573744,-0.020897646,-0.06302677,72.84262,1080.0
9522,152.7734324602356,171.23427248661375,0.018380567,0.00040447095,0.059415463,-0.105040744,114.150085,1080.0
9524,146.3321767442413,164.37482600543333,-0.015618557,-0.009237642,-0.017851088,-0.2166492,234.544,1080.0
9525,137.73973653198294,156.68647454911533,-0.030574318,-0.0037872598,-0.052544374,-0.20956287,227.9532,1080.0
9526,129.16687512093242,150.70018798239138,-0.027978515,-0.0032754121,-0.05836645,-0.21536896,233.73033,1080.0
9528,127.23961401540124,146.5825805429747,-0.022362264,0.0057377005,-0.059655875,-0.21949263,251.62022,1080.0
9529,136.2380298296827,144.99535918749618,-0.03398494,0.0008168256,-0.0689495,-0.22152597,247.78989,1080.0
9530,152.52433156625506,148.1321791295741,-0.0018179434,-0.00072275795,-0.012931881,-0.23087043,252.19673,1080.0
9531,166.52806281055544,155.26878475570243,-0.005331421,-0.001080068,-0.028253287,-0.22321883,245.62428,1080.0
9532,170.57946586012648,161.60729768502287,-0.018773962,-2.6279026e-06,-0.04490153,-0.21758085,240.86285,1080.0
9533,165.87532954172045,163.5700607713855,-0.018152986,0.0013334486,-0.034778964,-0.2155649,243.59518,1080.0
9534,157.85227005534622,161.36163856810774,-0.019344302,-0.0023376748,-0.033611044,-0.21740335,243.67513,1080.0
9535,146.05070239618698,154.70279285074773,-0.017937101,-0.0013561673,-0.036168303,-0.19256996,210.63023,1080.0
9537,131.7266948808404,144.5353372726769,-0.008575778,-0.0032333373,-0.0063249376,-0.21519504,231.25441,1080.0
9538,128.04711360923642,139.91085230914612,-0.01896091,-0.0031489055,-0.0056915283,-0.2152029,231.66559,1080.0
9539,143.1314118227948,149.4281894786624,-0.022181306,-0.0031138102,-0.0055558947,-0.2113604,227.97122,1080.0
9540,165.47795082768351,167.79582691877758,-0.023637107,-0.0029421488,-0.001981156,-0.20646928,225.12033,1080.0
9541,178.899101311491,181.7929180511591,-0.018282969,-0.0028916253,-0.0022336605,-0.20646435,225.34232,1080.0
9542,179.44332631039455,184.54013719954557,-0.020805642,-0.002250502,-0.008057206,-0.20856357,227.61871,1080.0
9543,173.4577317279094,179.17114531014025,-0.021381406,-0.002017777,-0.009501818,-0.20586054,227.22003,1080.0
9544,167.65365174220102,173.19177976117172,-0.02291938,-0.0010131836,-0.013140982,-0.2076462,228.88469,1080.0
9545,164.5171211221705,171.5289814711722,-0.023316672,-0.00039031418,-0.015504512,-0.20710929,228.4991,1080.0
9546,163.79770836783356,173.5779168662934,-0.025492916,-0.00033131352,-0.024158958,-0.20841199,229.12164,1080.0
9547,164.78634731542118,175.6748729103818,-0.026965331,-0.0003455833,-0.031582527,-0.20906231,229.55663,1080.0
9548,166.65968783757907,175.65570381356758,-0.028021127,-0.00037256876,-0.035960782,-0.20973328,230.48146,1080.0
9549,167.93184247080384,174.53422016539756,-0.027870009,-0.0002949185,-0.034903746,-0.21011259,231.54561,1080.0
9550,167.55278900713805,174.01865914568745,-0.028633062,-0.00038890133,-0.03506662,-0.21081889,232.58937,1080.0
9551,166.7102487499863,174.0261043837873,-0.029492753,-0.00040221037,-0.033863887,-0.21179509,233.79845,1080.0
9552,167.5836906394717,173.6519132894919,-0.030366912,-0.00041769524,-0.035332236,-0.21198986,234.19373,1080.0
9553,170.32568981138908,173.0365450501944,-0.0314643,-0.0005408393,-0.035937615,-0.20993486,232.17406,1080.0
9554,172.9869687187996,172.97826848552998,-0.031237002,0.00020336575,-0.037119433,-0.20472243,226.38329,1080.0
9555,174.04003051527613,173.7140920155367,-0.030673556,-3.447356e-06,-0.037652362,-0.20468117,226.55884,1080.0
9556,173.70681029337356,174.9085663881574,-0.026948377,-0.0032480594,-0.04187023,-0.20801954,230.09763,1080.0
9557,173.1178711166242,176.2739717557462,-0.035814412,-0.0009660791,-0.059482038,-0.21583918,239.50194,1080.0
9558,172.91351589679124,177.47077468825236,-0.03049825,-0.003857111,-0.050740898,-0.23108597,251.09506,1080.0
9559,172.7844919951569,177.7987710149548,-0.0030825015,-0.00077749183,0.03541452,-0.25669658,277.7656,1080.0
9560,172.2356397929404,177.0603578324338,-0.031979937,0.0006185743,-0.015284221,-0.25149783,277.0555,1080.0
9561,171.24016856007032,175.8504041993051,-0.03690276,-0.00059904874,-0.086846694,-0.23171216,260.93118,1080.0
9562,170.04665068138252,173.94340883547673,-0.035375185,-0.00023314865,-0.082150385,-0.20861849,234.95538,1080.0
9563,169.0670441466166,170.7051244358051,-0.037896615,-0.00096850924,-0.077337876,-0.20660922,232.17093,1080.0
9564,168.7756314756796,167.99036465431726,-0.035992656,-0.0020169294,-0.06651521,-0.20912072,232.46924,1080.0
9565,169.23995007643768,168.99641087194786,-0.033143334,-0.0019241616,-0.05866462,-0.21045399,233.67427,1080.0
9566,170.01070906446907,173.40638386444323,-0.035870474,-0.0006257516,-0.06854486,-0.21421257,237.75917,1080.0
9567,170.49060898180466,177.1793497171542,-0.03514687,-0.00077056885,-0.073048115,-0.21470152,238.72069,1080.0
9568,170.25253582226753,177.5716851203679,-0.036523778,-0.00054753624,-0.07743282,-0.21152754,237.34969,1080.0
9569,169.21530903630614,175.70479710031515,-0.036626294,0.0039062218,-0.095150195,-0.2013083,234.85025,1080.0
9570,167.72194925355458,173.778988282415,-0.040202163,0.0049683466,-0.09658825,-0.2006069,235.29416,1080.0
9571,166.05633725838,171.7450206991673,0.003756827,0.0003919248,0.003648659,-0.23954707,257.84933,1080.0
9572,164.06152379666054,168.66274890007264,-0.01754399,-0.0012307626,-0.06434993,-0.23025143,249.9031,1080.0
9573,162.42138585110683,166.45791101090467,0.03474121,-0.00021119295,0.07455162,-0.23618603,249.11327,1080.0
9574,163.49814503382285,168.37431113093868,0.026866771,-0.0082973335,0.04897314,-0.24811794,260.95438,1080.0
9575,168.721872392101,173.65455520808771,-0.032672685,-0.0029245447,-0.04838483,-0.23617595,258.36353,1080.0
9576,175.7875421162221,178.0471589535362,0.0138752125,-0.0054504396,0.018051373,-0.25115842,269.3767,1080.0
9577,180.24687064009007,179.00760288432332,-0.000111445675,-0.002623438,-0.005336281,-0.25409156,273.2519,1080.0
9578,179.72386821370114,177.38933082679054,-0.0097080935,-0.0033086706,-0.02308779,-0.25189847,270.2094,1080.0
9579,175.99520843347204,175.54180977237002,0.02331283,-0.0058188546,0.045903184,-0.26037887,272.66522,1080.0
9580,172.76334735489212,175.3222532549368,0.047004644,0.0017691153,0.0871842,-0.23930901,259.22232,1080.0
9581,171.79700107975347,176.79503824917165,0.05094469,0.0022156327,0.085258424,-0.2348372,257.69098,1080.0
9582,172.35429437254643,178.41978323532,0.048770707,0.0017428928,0.08431736,-0.23639102,256.9559,1080.0
9583,173.41933803597638,178.91432586388714,0.04739233,-0.00030268915,0.07948122,-0.23920189,257.53513,1080.0
9584,174.4715601163439,178.55614188791844,0.04908628,-4.7302245e-05,0.068803914,-0.23974915,257.0366,1080.0
9585,174.87892276521166,178.3104548590459,0.05069094,-0.0020968402,0.0620749,-0.24170199,260.93918,1080.0
9586,174.4040475031351,178.3343529658933,0.04201434,-0.0029181587,0.061360225,-0.24463385,263.60883,1080.0
9587,173.77101086686392,177.88625305318646,-0.0156623,0.0046594124,-0.060705904,-0.24507706,271.7359,1080.0
9588,173.2501521949611,176.59798531997683,-0.015013292,0.0019245854,-0.06346707,-0.24443452,270.96832,1080.0
9589,171.92909376119894,175.22662644452663,-0.025092795,0.0013475206,-0.068764016,-0.24145794,264.39893,1080.0
9591,169.90251598986174,174.48846368803086,-0.039430518,0.0011824997,-0.12171348,-0.17954695,214.70844,1080.0
9592,169.1033421681579,174.2834186089624,-0.03998673,0.0017936424,-0.12515835,-0.1799721,216.56873,1080.0
9593,170.64648823515094,174.6653438482704,-0.03980408,0.0021327266,-0.12720993,-0.18395734,219.94458,1080.0
9594,173.25254545424698,175.71428853985662,-0.041222468,0.00096350774,-0.12652792,-0.18442835,219.08467,1080.0
9595,175.06726199006886,176.54601151365614,-0.04014712,0.0013588234,-0.12958567,-0.18433692,221.17178,1080.0
9596,175.62142755963305,176.23211974411717,-0.040742435,0.0018587465,-0.13279746,-0.17805034,216.73555,1080.0
9597,175.59265741950531,175.34053947046195,-0.040887337,0.0014986957,-0.13537711,-0.18156393,219.67549,1080.0
9598,175.5380447056034,175.37355683649432,-0.040836815,0.0029323436,-0.1399275,-0.18422645,224.94493,1080.0
9599,175.2273389827886,176.83795488040965,-0.040917065,0.0023734763,-0.14419036,-0.1830671,225.20758,1080.0
9600,174.2254326011767,178.606207265973,-0.04140252,0.002989536,-0.1522999,-0.18207237,226.91182,1080.0
9601,172.85889632507605,179.17650811724317,-0.04103744,0.0029810588,-0.15013371,-0.17910402,224.77315,1080.0
9602,172.1166550020014,178.1226643777471,-0.041818462,0.0044981213,-0.15152554,-0.18198344,225.89827,1080.0
9603,172.5229494443421,176.1634966684024,-0.044525035,0.0042165685,-0.15399463,-0.18209574,225.30862,1080.0
9604,173.49672896621774,174.3066326571733,-0.044393696,0.004251946,-0.15447897,-0.181184,223.2972,1080.0
9605,174.06041499078103,173.36083111170973,-0.043354742,0.005100109,-0.15348533,-0.18701135,228.5943,1080.0
9606,173.72335656207466,173.6835899205317,-0.043537393,0.0047056973,-0.15187931,-0.18348202,223.2465,1080.0
9607,172.6317082079873,174.92899297101272,-0.04081681,0.005148824,-0.14038402,-0.1692171,213.52596,1080.0
9608,171.3207009564333,176.30726865027492,-0.04203288,0.00170938,-0.13378906,-0.17605367,216.55128,1080.0
9609,170.35381005941483,177.19348305603296,-0.04195862,0.0007676301,-0.1358803,-0.17567785,212.39954,1080.0
9610,170.25550102299957,177.40446520537026,-0.043707613,0.00027154994,-0.13408248,-0.18402301,215.11023,1080.0
9611,171.5690225036743,177.10940882628077,-0.039570447,-0.0030818798,-0.118209496,-0.18930012,213.92093,1080.0
9612,174.34301280165437,176.71002062317262,-0.038936812,-0.0040575946,-0.11314053,-0.18751138,207.49318,1080.0
9613,177.53993553549884,176.47370368523065,-0.039269794,-0.002683569,-0.10993449,-0.190635,210.05727,1080.0
9614,179.49132494183934,176.20447957803023,-0.04009942,-0.0010350546,-0.10976472,-0.19798367,216.21436,1080.0
9615,179.24251180723445,175.41348305002063,-0.040126886,-0.0020510072,-0.110957734,-0.20096122,218.36745,1080.0
9616,177.45181068449847,173.88818640184155,-0.04054068,-0.0054211654,-0.11134248,-0.20313162,215.95882,1080.0
9617,175.87884503166183,172.38760212546705,-0.04045817,-0.0020324707,-0.12012838,-0.19799146,211.38924,1080.0
9618,175.8552586228317,172.14078357672068,-0.04060929,-0.004003002,-0.121796556,-0.19656485,209.24875,1080.0
9619,176.96826624873498,173.11095631188735,-0.03980747,-0.006907145,-0.13885984,-0.19005941,205.83781,1080.0
9620,176.76106934887153,173.3028742755743,-0.043882355,-0.01049573,-0.13528228,-0.19414517,205.71008,1080.0
9621,172.68204066262126,170.63351467422655,-0.042115726,-0.013630111,-0.12335092,-0.18849589,192.32567,1080.0
9622,165.8345750049973,166.08127946283582,-0.04197015,-0.010101996,-0.14595202,-0.17945604,187.01765,1080.0
9623,160.98478584040942,163.70783351067416,-0.036918584,-0.014003838,-0.1448154,-0.18293293,189.15294,1080.0
9624,161.5226049720054,166.14841606852463,-0.048669208,-0.012331023,-0.15012908,-0.18663226,192.06535,1080.0
9625,166.68725044460535,171.57094206247598,-0.051168032,-0.011745199,-0.15795548,-0.19981252,209.46414,1080.0
9626,173.11679689114854,176.23076276258982,-0.04996191,-0.01104239,-0.15611957,-0.21225496,215.9704,1080.0
9627,176.93306794548533,178.28824512681607,-0.048014548,-0.008630201,-0.14644374,-0.21343786,214.24193,1080.0
9628,176.21062307350053,178.3442995213223,-0.047753792,-0.006365176,-0.15226774,-0.22515053,229.71887,1080.0
9629,172.51469672824052,177.74042999268346,-0.04794108,-0.006225925,-0.14548051,-0.2252265,227.17476,1080.0
9630,168.92226489595404,177.29676715944314,-0.047114957,-0.0053029377,-0.14341436,-0.24236642,246.0119,1080.0
9631,167.29030344137882,177.20712998441215,-0.047016513,-0.006080062,-0.13945748,-0.2311547,237.61685,1080.0
9632,167.98302930409005,177.17750348713395,-0.047375035,-0.00026640715,-0.14264493,-0.21119715,216.62636,1080.0
9633,170.81706250238295,176.73041899053544,-0.04995767,0.0008082072,-0.13642725,-0.22481994,234.37993,1080.0
9634,174.9327234978881,175.9905878817726,-0.048819307,-0.0021538627,-0.13065682,-0.23106831,240.11302,1080.0
9635,178.28652579929323,175.72994927740726,-0.048699554,-0.0010586774,-0.12336217,-0.24129856,252.13539,1080.0
9636,178.88851473051966,176.3645666285706,-0.04571471,0.0036398994,-0.123918325,-0.23059732,247.71136,1080.0
9637,176.75394606922106,177.44274809148362,-0.046838492,-0.00043617532,-0.10680723,-0.2420277,261.418,1080.0
9638,174.1399342065204,178.14038476450867,-0.05316942,-0.00031077067,-0.12678601,-0.23146968,260.54465,1080.0
9639,173.53322502405055,178.07974723098715,-0.05003074,9.759974e-05,-0.13912523,-0.21518543,247.5919,1080.0
9640,175.16696293607507,177.67913330212463,-0.049135618,0.0021153202,-0.14387235,-0.2076717,242.36179,1080.0
9641,177.2946857878556,177.51696621907587,-0.049428303,0.0006759078,-0.13384004,-0.20558138,236.36395,1080.0
9642,178.6709030179247,177.57423399324145,-0.05096814,-0.00050472684,-0.1307937,-0.2138833,242.65956,1080.0
9643,179.31954928248987,177.39314569360312,-0.04891934,-0.00061792444,-0.1362276,-0.22348517,249.33888,1080.0
9644,179.41587889967101,176.63408012279803,-0.04928979,0.0016660902,-0.13493228,-0.24022965,264.60925,1080.0
9645,178.7581966640253,175.39952142282178,-0.051634103,0.0018554687,-0.13551992,-0.25192642,275.06558,1080.0
9646,177.33766022460102,174.24901528962113,-0.053446054,-0.00060583046,-0.1396542,-0.25274268,274.75888,1080.0
9647,175.8898034124246,173.79846310358033,-0.056214962,-0.00016281693,-0.14756532,-0.25090295,273.98175,1080.0
9648,175.45161356662567,174.1129327956329,-0.053180326,0.0019050881,-0.14012326,-0.25194895,273.7782,1080.0
9649,176.19265813828895,174.4622225869719,-0.051539388,-0.0027498032,-0.13709599,-0.26286405,284.70584,1080.0
9650,176.9594803383941,174.06117310849567,-0.049582813,0.00055751094,-0.13761179,-0.2633742,286.0691,1080.0
9651,176.5685585703619,173.22172660803116,-0.05227763,0.00023215965,-0.1425436,-0.2612787,285.94473,1080.0
9652,175.39666739390137,173.14629715645958,-0.051325988,-0.0003141615,-0.13055572,-0.27287462,300.04306,1080.0
9653,174.78836587151443,174.30804332854245,-0.05093056,-0.0015009562,-0.13027576,-0.27310348,300.83664,1080.0
9654,175.15752033437045,175.7419191989348,-0.055432864,-0.00018231427,-0.14308274,-0.26116666,291.72607,1080.0
9655,175.71430187678416,176.44315521778861,-0.05765799,0.00032585993,-0.14064461,-0.25784913,285.4605,1080.0
9656,175.84501935998026,176.6923734547218,-0.05910424,-0.00045736806,-0.13903272,-0.25363287,282.7571,1080.0
9657,175.93302485877902,177.31625531266315,-0.057382822,-0.00035343878,-0.13291456,-0.24625403,285.2412,1080.0
9658,176.6285648113849,178.43760225574877,-0.057469178,-0.003412826,-0.13800427,-0.25556105,290.69748,1080.0
9659,177.70564700187478,179.52138195528417,-0.058314346,-0.0027780603,-0.13806842,-0.25764441,291.90396,1080.0
9660,178.2341652944418,180.06593719145127,-0.058102246,-0.0017112449,-0.13910499,-0.25606766,290.36053,1080.0
9661,177.72749248582497,179.89340864086813,-0.057749715,-0.0031556871,-0.13620386,-0.24827181,289.7611,1080.0
9662,176.58514390164723,178.98055041441253,-0.059170645,-0.0024693243,-0.14831011,-0.2493289,290.44516,1080.0
9663,175.5462176069741,177.56211271442132,-0.060828824,0.0022377297,-0.14841309,-0.25996983,300.7825,1080.0
9664,174.86648395426406,176.5580500042305,-0.06013777,0.0035139297,-0.14796539,-0.26569897,305.41592,1080.0
9665,174.1276565459949,176.94619557705838,-0.06117582,0.0025341457,-0.14835973,-0.26445282,303.45978,1080.0
9666,173.04259173084347,178.45001508764818,-0.06268791,-0.00091835303,-0.14662786,-0.26092872,298.21738,1080.0
9667,172.0026543193851,179.75390051574055,-0.061981596,-4.0972674e-05,-0.14897065,-0.25769034,290.79974,1080.0
9668,171.64414007411477,179.95934351197033,-0.06207524,0.0018581249,-0.14945939,-0.24496937,276.1306,1080.0
9669,172.38113688595487,179.19546129547308,-0.061666645,0.0003519129,-0.15055999,-0.23871581,268.29214,1080.0
9670,174.0552976647399,178.20576044772244,-0.06323282,0.0005896674,-0.1370475,-0.21855012,241.01273,1080.0
9671,175.59812968396372,177.72753726241888,-0.06490275,0.0020321882,-0.13552698,-0.19486606,213.9323,1080.0
9672,175.72079932954625,177.76897427487972,-0.066474065,0.0017601296,-0.13828605,-0.20896965,228.96466,1080.0
9673,174.0561750083288,177.56903278288144,-0.06986084,0.0051558316,-0.14213054,-0.18392111,201.79404,1080.0
9674,171.19114795989844,176.63525558391336,-0.07289519,0.004548984,-0.14315858,-0.19708066,214.72278,1080.0
9675,168.134971517593,175.04723859038316,-0.072459295,0.00470728,-0.13620853,-0.20853376,226.70018,1080.0
9676,165.8808197082184,172.75849652243923,-0.07049244,0.003865786,-0.12272231,-0.22722834,238.02655,1080.0
9677,164.84884668300285,169.99937450279128,-0.07077184,0.0013031006,-0.11093784,-0.2383838,246.91269,1080.0
9678,164.76149368215212,167.92435546501343,-0.07045243,0.0014394689,-0.109912336,-0.2420514,249.45746,1080.0
9679,165.18906775895692,167.4251913219485,-0.071789496,-0.00022871229,-0.11140013,-0.23266011,239.30104,1080.0
9680,165.96223654121272,167.91058803665877,-0.07179921,-0.0005977489,-0.10688268,-0.23296659,240.18857,1080.0
9681,166.95539944583004,168.02094370667757,-0.07070849,0.00075367116,-0.10862071,-0.22717842,233.74442,1080.0
9682,167.8752236354665,167.13247971811657,-0.07437891,0.0008883441,-0.113283284,-0.22159421,227.30801,1080.0
9683,168.53918309604754,165.89383400632448,-0.07476225,-4.6171965e-05,-0.11338817,-0.23223738,238.2054,1080.0
9684,169.10223048207018,165.2633284206304,-0.06948112,-0.0013134426,-0.10429789,-0.23585589,239.5834,1080.0
9685,169.9403173706268,165.36303687737842,-0.06945247,-0.0093682185,-0.09752491,-0.2682594,267.15387,1080.0
9686,171.1862266886276,165.66869053531212,-0.07046187,-0.011098056,-0.099395245,-0.25492194,255.01216,1080.0
9687,172.3206459027312,166.04570705322072,-0.072385944,-0.0101390695,-0.10114797,-0.25410545,255.84529,1080.0
9688,172.65217495148127,167.10034205895388,-0.07502718,-0.010063398,-0.099041186,-0.24826652,249.37521,1080.0
9689,172.0806429127244,169.40377931224927,-0.079554185,-0.008274333,-0.108172774,-0.21572432,214.38855,1080.0
9690,171.11678487547942,172.66843681663318,-0.082947515,-0.0066272314,-0.11507676,-0.21481046,214.66374,1080.0
9691,170.5926589780954,175.84768382141502,-0.0805724,-0.008081733,-0.11109365,-0.20811327,203.43974,1080.0
9692,171.2228882299408,177.97316453108155,-0.07900391,-0.008523164,-0.10470372,-0.2500883,244.9194,1080.0
9693,172.69063417875228,178.64530363006247,-0.07656487,-0.008989066,-0.11390161,-0.21298517,215.34146,1080.0
9694,173.61264035794878,177.572918279393,-0.076396294,-0.015914861,-0.08304618,-0.28098866,282.7926,1080.0
9695,172.37837080081994,174.80038903961463,-0.06925411,-0.019650381,-0.069443144,-0.2968524,291.03647,1080.0
9696,163.9645568513512,168.37612115933356,0.00852955,-0.007441316,0.06981998,-0.27706742,287.8724,1080.0
9722,140.58489166942408,152.15795274315715,-0.0068354853,-0.022776116,0.063508436,-0.08865385,104.95508,1080.0
9723,109.97904459320854,129.42707162971868,-0.016334478,-0.018200655,0.055221897,-0.09469627,119.27071,1080.0
9724,100.17552539104145,120.79287483911675,-0.017193265,-0.01597581,0.08771939,-0.12454656,154.54878,1080.0
9725,125.02426818304146,138.57696411408602,-0.013616039,-0.012667677,0.0903604,-0.12196494,156.89005,1080.0
9726,163.6226250354332,168.47026095423388,-0.013077799,-0.011674584,0.08049,-0.1214625,152.78647,1080.0
9727,187.27190641532988,188.1972861659089,-0.017678833,-0.011548953,0.05188678,-0.12013765,140.30005,1080.0
9728,187.7269706646229,189.7582465949186,-0.025131451,-0.013534348,0.03634519,-0.12713838,141.29619,1080.0
9729,174.8017003878441,181.01779370151726,-0.027005795,-0.014229697,0.022494733,-0.13467936,142.56113,1080.0
9730,161.98301080640564,173.8270066771152,-0.027806712,-0.0145208575,0.0025604249,-0.12939784,127.3173,1080.0
9731,157.95846393365952,172.77186610636355,-0.028974293,-0.010535544,-0.021044921,-0.1027359,116.29147,1080.0
9732,163.29217573015347,174.07595293258666,-0.025775034,-0.0075482684,-0.022287779,-0.114596754,125.367714,1080.0
9733,171.9257194649555,172.99768809184238,-0.023785288,-0.0054101166,-0.019810656,-0.12756246,133.80011,1080.0
9734,177.42966216795793,169.83357569608708,-0.02571332,-0.002279211,-0.034773313,-0.121085554,126.16515,1080.0
9735,177.3269991689749,168.25513940528376,-0.03113765,-0.0024246215,-0.057993345,-0.12590203,126.33253,1080.0
9736,172.95296657581628,169.79426606802704,-0.035664085,-0.0025506197,-0.075362705,-0.11550929,127.16339,1080.0
9737,167.61105174236013,171.14978733800737,-0.04165706,0.0055881077,-0.08940498,-0.09551931,136.17982,1080.0
9738,164.30748736303406,167.212301370267,-0.04626962,0.0023964494,-0.08629512,-0.07797292,93.252464,1080.0
9739,164.75511489690157,158.53354698875847,-0.04722098,0.00081781455,-0.089502856,-0.0786004,86.73591,1080.0
9740,168.81965092085377,152.46101202629293,-0.049062546,-0.00034134477,-0.09438273,-0.07992565,85.46576,1080.0
9741,173.64307293126691,153.86099844243816,-0.045732852,0.00085175125,-0.08466401,-0.08058138,92.8471,1080.0
9742,176.21404147328752,160.99296691430033,-0.04329992,0.0015101962,-0.0816187,-0.07987148,88.78481,1080.0
9743,176.75207009276187,170.02532261645152,-0.044844903,-0.00073951436,-0.093527,-0.08320154,87.61459,1080.0
9744,177.07666952211625,177.33791725821143,-0.04427784,0.0020430388,-0.09091571,-0.07197215,80.27018,1080.0
9745,177.51536717778947,180.28642581837207,-0.04486389,0.0011649521,-0.08849798,-0.075977325,82.52047,1080.0
9746,177.36317761686144,178.97977643405446,-0.04342674,0.00060746935,-0.08806921,-0.08106687,88.82463,1080.0
9747,176.85576055746432,176.1790374816585,-0.044116665,0.00025179828,-0.081326745,-0.084124245,91.41856,1080.0
9748,176.8779668128141,174.89640227433893,-0.041535668,-0.0014137551,-0.08452781,-0.088260174,94.00364,1080.0
9749,177.26712052539693,175.84434132413136,-0.04190459,0.00017753884,-0.090550795,-0.082397826,87.815575,1080.0
9750,177.19011154972563,177.42149054727798,-0.041149337,0.0003129747,-0.07907754,-0.08492988,79.45601,1080.0
9751,176.82990644373717,177.91981077817528,-0.04074673,-0.00093963055,-0.08216485,-0.08634556,81.031784,1080.0
9752,177.02385418894474,176.95604168665733,-0.039127603,0.00043710778,-0.07236622,-0.120653845,114.18041,1080.0
9753,177.73452180125926,175.46578448975785,-0.03766361,-0.0065994547,-0.061355647,-0.11659501,111.52202,1080.0
9754,178.07685067791033,174.89151948439402,-0.040724747,-0.006483488,-0.06259573,-0.12483195,120.39456,1080.0
9755,177.2432992288639,175.78265975015614,-0.043081723,-0.014715548,-0.06634651,-0.10041374,96.49989,1080.0
9756,174.9181367528574,177.18021325249123,-0.042875502,-0.014270698,-0.06549581,-0.085568495,81.13892,1080.0
9757,171.84751433081271,177.57125200569845,-0.042703867,-0.012807267,-0.06306949,-0.082575195,77.94414,1080.0
9758,169.79283040097818,176.32273723299448,-0.043147843,-0.0110746315,-0.065115355,-0.08166252,77.95355,1080.0
9759,169.59803179814335,174.31021937035783,-0.043171354,-0.012868698,-0.06802713,-0.07682529,74.432495,1080.0
9760,170.2716919146214,173.13759087712205,-0.041891027,-0.009590092,-0.06266491,-0.07790095,75.29982,1080.0
9761,170.68049668969826,173.66185714257443,-0.04249516,-0.011435473,-0.058825515,-0.08185182,81.78442,1080.0
9762,170.7753026067366,175.43643912540142,-0.042509235,-0.0073929396,-0.0402975,-0.11431995,124.38849,1080.0
9763,171.16470108762107,177.3234996600284,-0.03900949,-0.0061616683,-0.033051554,-0.11477248,126.30954,1080.0
9764,172.39469634198858,178.30698570142872,-0.038672045,-0.0062561883,-0.0441478,-0.110958576,121.68314,1080.0
9765,174.45697843838042,178.03512543182367,-0.04265346,-0.0066865142,-0.04454069,-0.10783386,118.45352,1080.0
9766,176.69372961399702,176.9024689205869,-0.042349864,-0.007927534,-0.050062448,-0.112859145,116.9942,1080.0
9767,178.06463392667078,175.63465542464274,-0.04223339,-0.00649626,-0.039156936,-0.096005164,100.41795,1080.0
9768,177.73124374769606,174.80435186565634,-0.0422608,-0.006979455,-0.0547955,-0.08677043,89.20063,1080.0
9769,175.94135803617354,174.54778258660866,-0.041988287,-0.0064175925,-0.03930568,-0.09281667,96.08918,1080.0
9770,174.13823109674968,174.4595302721133,-0.043030635,-0.007888709,-0.04666262,-0.10043021,99.87815,1080.0
9771,173.6959853638815,174.0501016950051,-0.04276598,-0.0077234623,-0.042119175,-0.111524396,115.768005,1080.0
9772,174.64987176494546,173.43403062574632,-0.0438897,-0.013223605,-0.041633435,-0.11086852,115.753395,1080.0
9773,175.89288440952998,173.05127211697936,-0.044300955,-0.0117803505,-0.034978457,-0.11844864,125.78443,1080.0
9774,176.56016933410496,172.96841610465873,-0.042102844,-0.011872412,-0.033777364,-0.12296281,126.454254,1080.0
9775,176.87072671588973,173.1834645596821,-0.04238332,-0.011187321,-0.037106775,-0.11804688,122.69835,1080.0
9776,177.3627721438199,174.1726625660265,-0.042282555,-0.012317121,-0.037068967,-0.117075294,120.580864,1080.0
9777,177.80765761913227,176.0571177938588,-0.044043817,-0.01227807,-0.032687888,-0.11780895,125.39061,1080.0
9778,177.58724842274762,177.60808505748483,-0.043719992,-0.013237451,-0.032416392,-0.10676575,115.184555,1080.0
9779,176.78330491934946,177.3421313123036,-0.043493032,-0.014701504,-0.030287454,-0.1008513,111.2776,1080.0
9780,176.12335724535313,175.33412894694143,-0.042249214,-0.015582615,-0.025048036,-0.10222897,115.15495,1080.0
9781,175.99473732198928,172.85456454640035,-0.04233794,-0.01411195,-0.011413348,-0.1172745,138.32713,1080.0
9782,175.97216108969974,170.46633115203593,-0.04225571,-0.0118387295,-0.016332556,-0.1040724,126.711105,1080.0
9783,175.59962759963514,167.91975716149872,-0.04290828,-0.013230274,-0.011700553,-0.11481456,128.02129,1080.0
9784,175.36936318158897,165.85513924919255,-0.043116137,-0.014900574,-0.014821484,-0.110109456,125.95781,1080.0
9785,176.0352541343358,165.5494251894456,-0.044817664,-0.014926034,-0.010376428,-0.110732526,124.84864,1080.0
9786,177.1970260878093,166.57741976091484,-0.040550232,-0.015395355,0.014959038,-0.12120048,146.89122,1080.0
9787,177.70555615139673,166.582783361009,-0.040563345,-0.016490681,0.015301344,-0.12656154,150.61064,1080.0
9788,177.25148511177218,164.1652849687932,-0.039608143,-0.017148845,0.018903153,-0.12876463,150.79398,1080.0
9789,176.61149579657456,160.8587200124648,-0.038576704,-0.019482423,0.025388477,-0.14046673,159.59438,1080.0
9790,176.61315476814548,159.44707583879364,-0.039444197,-0.018765202,0.01938793,-0.13917315,155.41614,1080.0
9791,177.41375905694738,160.81420487930737,-0.040988103,-0.018741522,0.016672488,-0.1374851,151.58025,1080.0
9792,178.50760255208985,163.34051554939342,-0.044670444,-0.021896306,-0.007901848,-0.121892974,126.57635,1080.0
9793,179.26199210908797,165.58983511450595,-0.042762022,-0.0220919,-0.023580085,-0.11417875,112.612816,1080.0
9794,179.20780285597536,167.84138682411816,-0.04242271,-0.021511078,-0.021903878,-0.12727416,132.1277,1080.0
9795,177.84128561361393,170.18013477190607,-0.038536806,-0.02070174,-0.025368415,-0.12531306,126.21406,1080.0
9796,175.14662986249783,171.47055878710043,-0.0387684,-0.017768746,-0.025284378,-0.1274334,129.73572,1080.0
9797,172.16488520996998,170.9494181258794,-0.038466446,-0.015517765,-0.033341244,-0.100039616,101.405075,1080.0
9798,170.49299448564548,169.2918687335429,-0.03970608,-0.01429692,-0.041769747,-0.08679917,85.16121,1080.0
9799,171.47108956898296,167.90592212165097,-0.040138245,-0.014984978,-0.041664407,-0.087446764,86.68344,1080.0
9800,174.93245008775858,167.67785982397714,-0.04038267,-0.014116669,-0.042480696,-0.08065824,78.28135,1080.0
9801,178.60134738727183,168.78249223150323,-0.038993947,-0.015399141,-0.032851268,-0.08450221,84.75062,1080.0
9802,179.89398194517472,171.24249064235426,-0.036250193,-0.016039163,-0.025207803,-0.08760353,90.08119,1080.0
9803,178.14691227197753,174.49831912418242,-0.035541844,-0.014919394,-0.005602745,-0.12076266,129.99309,1080.0
9804,174.90962571302742,176.92572567761303,-0.039113984,-0.0141732395,-0.022080768,-0.11179976,119.02267,1080.0
9805,172.67202005445566,176.97117613355596,-0.036117665,-0.014276802,-0.015755208,-0.114823855,119.28315,1080.0
9806,173.06606413241704,174.70147616422395,-0.03420676,-0.012054726,-0.017126238,-0.11328071,115.37285,1080.0
9807,175.62687237605223,172.12270885615968,-0.035489965,-0.014827389,-0.026511354,-0.10725513,103.35815,1080.0
9808,178.3534250737629,171.57045953222845,-0.03715713,-0.016157135,-0.028877484,-0.10161065,98.411156,1080.0
9809,179.57310123055967,173.28209766489877,-0.03613479,-0.016218312,-0.027212411,-0.10343812,98.85334,1080.0
9810,178.79434120161153,175.30363181419128,-0.035307087,-0.016157221,-0.024554726,-0.10929461,99.6214,1080.0
9811,175.91453245245017,175.5683144404156,-0.0358182,-0.020990668,-0.020991515,-0.12807795,117.25873,1080.0
9812,170.89440184056596,173.40532746314662,-0.034320634,-0.018655311,-0.013295718,-0.14308785,131.53589,1080.0
9813,164.1493952412887,170.09911882354405,-0.03442066,-0.016658925,-0.016787438,-0.14956108,137.3689,1080.0
9814,156.5975473816847,168.30657189944728,-0.032909703,-0.013387213,-0.0161256,-0.15615636,147.65265,1080.0
9815,150.58059700961536,169.89442709329822,-0.03217824,-0.01336037,-0.01695794,-0.16047578,151.8041,1080.0
9816,150.03790130620058,174.12029594854644,-0.030040883,-0.012539956,-0.010378633,-0.1714794,165.98691,1080.0
9817,156.87566960895643,178.34633175253012,-0.029544406,-0.012085243,-0.0070960717,-0.16787474,165.72101,1080.0
9818,167.55202789698748,180.43074774854335,-0.03026626,-0.012820321,-0.0072516548,-0.16571714,166.69835,1080.0
9819,175.78297824185339,180.15420735086502,-0.030457899,-0.009051599,-0.013423665,-0.16152816,162.65698,1080.0
9820,178.37226038430165,178.69021618295017,-0.029040866,-0.010621388,-0.010278603,-0.17169584,168.41914,1080.0
9821,176.4886182308885,177.336334654417,-0.028130595,-0.013001025,-0.015306995,-0.16232266,161.80638,1080.0
9822,172.50060691562908,176.79141724979434,-0.028637188,-0.015962135,-0.019157974,-0.15845405,156.85089,1080.0
9823,167.99141081048666,177.02788516068298,-0.028777907,-0.015949475,-0.01942732,-0.15416786,154.06972,1080.0
9824,163.99174798032874,177.5391959738238,-0.030929565,-0.0157712,-0.022454439,-0.15375067,156.55263,1080.0
9825,161.31272044610714,177.8500360976983,-0.03050362,-0.015542801,-0.021990288,-0.15369043,161.00621,1080.0
9826,160.40828998653,177.9103266015758,-0.031029256,-0.014137861,-0.021429555,-0.15152791,158.10129,1080.0
9827,161.19364202713544,178.06138430633897,-0.030927587,-0.013050418,-0.021290531,-0.14995484,162.82568,1080.0
9828,163.15565957450872,178.3762881641929,-0.032507494,-0.013617423,-0.021807013,-0.14599429,152.12782,1080.0
9829,165.64465702587165,177.94031901475836,-0.03352955,-0.013510669,-0.020240106,-0.14414272,145.13307,1080.0
9830,167.84928500255253,175.61893101899508,-0.03532319,-0.012380868,-0.023343178,-0.15257397,156.37437,1080.0
9831,169.1717252563006,171.94700922787246,-0.036943506,-0.010164077,-0.027151376,-0.13504443,137.72351,1080.0
9832,170.38999131881076,168.9007719349283,-0.03600684,-0.012242098,-0.025200173,-0.14052394,136.10907,1080.0
9833,172.8922932189983,167.44838145214672,-0.03496755,-0.009875743,-0.029612053,-0.1325631,136.90982,1080.0
9834,176.27699379235685,166.87379513886194,-0.03631445,-0.010798391,-0.032340214,-0.13658594,139.11543,1080.0
9836,178.46852534377138,166.2969673992503,-0.037204828,-0.004994004,-0.041410375,-0.13781874,141.82248,1080.0
9837,177.79113549743568,165.48213685073156,-0.035325848,-0.005307487,-0.035612207,-0.14318797,158.80573,1080.0
9838,174.37420954867338,164.6476867185705,-0.039963618,-0.008306121,-0.04030564,-0.1382044,152.05205,1080.0
9839,170.1995370135761,164.3126913738036,-0.03541989,-0.0020007945,-0.032706425,-0.12639123,143.97044,1080.0
9840,167.2610740073705,164.8717569309817,-0.037829533,-0.0035309969,-0.03548471,-0.11260972,134.5965,1080.0
9841,165.88582488684165,166.12908231074846,-0.037294853,-0.0045293737,-0.037252355,-0.11269469,132.5612,1080.0
9842,165.5349509836089,167.35646147515726,-0.039770734,-0.0047037196,-0.0469852,-0.100694045,124.66844,1080.0
9843,166.28566059991343,167.23347641949766,-0.040836815,-0.005522523,-0.054439854,-0.09173813,109.89841,1080.0
9844,168.66680127150957,164.11458435393052,-0.04310738,-0.0043137725,-0.058476426,-0.08918423,106.74278,1080.0
9845,172.3708566366327,158.14850253145661,-0.04447547,-0.002012408,-0.057753555,-0.08174611,100.08779,1080.0
9846,175.74131398282614,152.8978558026232,-0.043590404,-0.002338805,-0.052712504,-0.077755995,95.85767,1080.0
9847,176.9595056109894,152.51922077986626,-0.045822144,-0.010961716,-0.05798662,-0.06445719,71.62002,1080.0
9848,175.6715684008826,157.23485850483416,-0.04824818,-0.009482348,-0.061731465,-0.06481724,72.688286,1080.0
9849,173.05605055458724,163.1541931466287,-0.0464781,-0.0075854547,-0.06834553,-0.06020635,66.60744,1080.0
9850,170.6722567033131,166.5464118015448,-0.04583938,-0.008467272,-0.06952464,-0.062811844,62.10301,1080.0
9851,169.79573440149716,166.97599138875694,-0.045987505,-0.009764805,-0.066489555,-0.080409944,71.01391,1080.0
9852,171.03019699124275,165.88806871888386,-0.04706387,-0.008755946,-0.06383848,-0.08832047,84.07105,1080.0
9853,173.3532477822381,164.17604830416772,-0.048469204,-0.013108769,-0.06540013,-0.0956094,74.886284,1080.0
9854,173.8461689057768,162.7251595518817,-0.048840616,-0.018343918,-0.06326944,-0.122650824,96.08755,1080.0
9855,169.70163896816064,162.82670632965863,-0.047832575,-0.015889203,-0.05156301,-0.13826051,114.22974,1080.0
9856,160.99729453996872,163.07505800657378,-0.048794556,-0.011264208,-0.049789656,-0.16066344,142.45946,1080.0
9857,151.54180272290222,158.67088693767204,-0.049610224,-0.01048372,-0.054224536,-0.14340094,134.64163,1080.0
9858,146.79179989787775,148.04482569805302,-0.051546168,-0.012028136,-0.050986394,-0.14144394,122.42596,1080.0
9859,149.02454338157278,137.194670663943,-0.050928753,-0.013120807,-0.04405885,-0.1537828,133.05695,1080.0
9860,154.5983917413047,133.18784705772126,-0.05019893,-0.013219197,-0.045875266,-0.14615145,133.84792,1080.0
9861,158.69581274568614,136.22947003230095,-0.05192357,-0.011934125,-0.052369352,-0.1502041,134.66933,1080.0
9862,160.93000668989367,141.08204389444924,-0.05203162,-0.011608039,-0.053221073,-0.14700857,132.48741,1080.0
9863,163.4347088680856,143.61367495845383,-0.052137192,-0.011420582,-0.051176056,-0.15455619,139.00127,1080.0
9864,166.9231753716184,143.64479810021737,-0.05126563,-0.013563029,-0.048639536,-0.16273072,147.73087,1080.0
9865,170.8559784431729,143.34426111617293,-0.05395525,-0.012741089,-0.05432564,-0.14973989,137.15962,1080.0
9866,174.5110055603336,144.66472670277636,-0.054247595,-0.011858566,-0.06490739,-0.14789423,133.06194,1080.0
9867,176.87589642208013,147.28283358501676,-0.05473774,-0.012873332,-0.052010655,-0.14138588,128.28949,1080.0
9868,177.17427476581813,149.08133058724613,-0.05778684,-0.013173251,-0.05117436,-0.13161545,128.25363,1080.0
9869,175.92030434514527,148.8205787001148,-0.060155854,-0.012933124,-0.053547725,-0.12839895,120.511536,1080.0
9870,174.78547554332403,146.02178691252297,-0.06424193,-0.014996479,-0.045295943,-0.12851211,123.72688,1080.0
9871,175.04799474449476,139.0730009597907,-0.061639007,-0.01214464,-0.03739319,-0.14139433,138.47829,1080.0
9872,176.10389611890687,127.2675359347632,-0.059986763,-0.010937896,-0.032569263,-0.14267863,143.36356,1080.0
9873,175.61005750020402,113.60336089154315,-0.05806444,-0.01107675,-0.02019902,-0.15868418,163.3573,1080.0
9874,171.32516458462933,102.68875937217453,-0.05731987,-0.008945437,-0.014402149,-0.16714737,180.98134,1080.0
9875,163.543029268201,97.74147372982742,-0.05941812,-0.012073489,-0.019609466,-0.15722224,164.70135,1080.0
9876,155.8110542020817,100.17712259513861,-0.057412494,-0.00026787652,-0.008842638,-0.14378764,161.58057,1080.0
9877,152.09736793589727,108.5931890151637,-0.06347114,-0.007614249,-0.025166152,-0.14149986,154.74435,1080.0
9878,153.3904241593326,117.79547034788182,-0.05926966,-0.007836123,-0.020293625,-0.13611244,152.37312,1080.0
9879,157.49588225335853,122.38162684245972,-0.059298027,-0.004103286,-0.012699381,-0.1325184,152.74734,1080.0
9880,161.3838658232285,122.31344383834666,-0.0631429,-0.0009533635,-0.018488001,-0.12007565,141.03969,1080.0
9881,163.98112616353967,122.8101909171034,-0.060052376,0.0023260894,-0.0244248,-0.107028365,129.35997,1080.0
9882,166.7405271082903,128.19223879738342,-0.05549192,-0.0053871437,-0.0068044025,-0.122959815,152.33232,1080.0
9883,170.82042209774593,137.1818861478476,-0.059283223,-0.0057769776,-0.0155424895,-0.12367209,147.57637,1080.0
9884,174.9300858138615,145.18964471384928,-0.05731642,-0.013128012,-0.013932857,-0.13122372,144.51457,1080.0
9885,176.81894511130952,149.73334381220639,-0.054239117,-0.010729048,-0.008525255,-0.1272915,149.20963,1080.0
9886,175.3486602664483,151.4762224423547,-0.0571115,-0.00020636099,-0.014015141,-0.13937646,161.4452,1080.0
9887,170.8789723399902,151.7055538178486,-0.055717524,0.004602446,-0.011226739,-0.14379287,169.36392,1080.0
9888,165.15662434235503,151.04055646719007,-0.055884127,0.005115283,-0.011812563,-0.1444006,169.41713,1080.0
9889,160.4577885953977,149.65237977996657,-0.057385705,-0.00814387,-0.013297187,-0.17013836,180.87717,1080.0
9890,158.0532901818847,147.63358321135073,-0.05551238,-0.008502649,-0.0045420327,-0.16365439,180.2723,1080.0
9891,158.33548862493393,145.20550915314848,-0.055523682,-0.0052971733,-0.0018090142,-0.16619942,187.49254,1080.0
9892,161.44934618166192,143.01538038545507,-0.0493415,0.0046568695,0.017739981,-0.16131148,202.7908,1080.0
9893,165.7281241137047,141.59079605781372,-0.051867336,0.0018305461,0.014359764,-0.15729825,202.02415,1080.0
9894,167.12742230623513,139.39177857483588,-0.053237125,0.00059910526,0.017645603,-0.18203263,216.65616,1080.0
9895,163.38905737673824,134.15602409596525,-0.054775547,-0.0058779963,0.0026656538,-0.17212118,205.14719,1080.0
9896,157.84590337621245,128.19095439303507,-0.053440347,-0.00089961867,-0.0016410545,-0.16628811,198.98288,1080.0
9897,155.69155463300518,127.59124502703237,-0.053111777,0.0044677453,-0.0042659054,-0.16456096,193.98146,1080.0
9898,157.39435589209867,134.79308903145767,-0.05064539,0.004260339,-0.0034479212,-0.15256882,186.98262,1080.0
9899,159.75533691784693,146.92377175223714,-0.05282525,0.00473435,-0.0062889946,-0.15166089,187.13136,1080.0
9900,161.95065761617295,160.1822241847226,-0.057621934,0.01578307,-0.013244516,-0.15470536,196.12668,1080.0
9901,165.09157394150597,170.61858366255902,-0.056628644,0.0109501025,-0.013636723,-0.1726927,220.82344,1080.0
9902,167.37518148777497,173.72499194783254,-0.057097483,0.0059438352,-0.02937995,-0.17648296,215.59123,1080.0
9903,166.00677259997752,168.65045387661877,-0.05483048,0.0049348054,-0.027567433,-0.17880347,215.4006,1080.0
9904,162.39454129119005,160.60352623824326,-0.05734298,-0.0008554529,-0.02858344,-0.18743806,213.81563,1080.0
9905,160.28368405281645,155.83503182997188,-0.059843615,-0.008292191,-0.035023555,-0.18535566,203.02254,1080.0
9906,159.98848800457552,155.8655659850916,-0.058726277,-0.013105124,-0.031027561,-0.20311587,211.46037,1080.0
9907,154.8607358684005,157.57595172771485,-0.05841799,-0.014701278,-0.030442188,-0.20834035,214.70775,1080.0
9908,136.17593900700123,157.39371548697792,-0.057041932,-0.012582765,-0.028379992,-0.20389311,209.58589,1080.0
9909,110.20006825347896,154.85664252786225,-0.055593025,-0.011947151,-0.02972853,-0.20242877,206.50261,1080.0
9910,101.03831327960137,152.41359626449136,-0.054637656,-0.00767291,-0.031933367,-0.18980849,204.57547,1080.0
9911,121.48008234888326,151.60532558389028,-0.05062499,-0.0010709974,-0.022519656,-0.19250964,206.02646,1080.0
9912,153.25309177098154,150.22672713399487,-0.05341164,0.002664015,-0.042646676,-0.18157612,200.08829,1080.0
9913,169.1658749133777,145.3974061051495,-0.0524908,0.0023147583,-0.045097522,-0.1805173,202.24007,1080.0
9914,163.43718272523992,138.5697032387121,-0.0524023,-0.0054233694,-0.04379583,-0.20770179,219.0194,1080.0
9915,150.56000177759483,133.70796593005338,-0.051914018,0.0047609117,-0.052244738,-0.22078447,231.39247,1080.0
9916,144.24835311751065,130.9852850294426,-0.05161924,-5.2218966e-05,-0.06423843,-0.20638247,219.8135,1080.0
9917,146.6706386535482,126.95965517495395,-0.05341209,0.00028918232,-0.075611934,-0.19968355,205.85037,1080.0
9918,152.67340923469618,121.43446055493318,-0.058911923,-0.001453654,-0.08407977,-0.18417293,187.62234,1080.0
9919,157.72458967503727,119.61026522277115,-0.058950804,5.984836e-05,-0.094148025,-0.16696489,169.60745,1080.0
9920,160.91061130929492,126.35855793010025,-0.060651425,0.005646854,-0.10155176,-0.14253244,148.35643,1080.0
9921,162.80336339223692,140.76453626549556,-0.05812898,0.0038079722,-0.10910763,-0.14331383,149.83626,1080.0
9922,164.36564994397654,156.68531731970359,-0.055674914,0.0073215063,-0.12884058,-0.13148849,155.70724,1080.0
9923,166.95035828821585,167.76274326123243,-0.06189801,0.009614393,-0.1366429,-0.1273735,157.32637,1080.0
9924,170.07643929717915,171.3908158288916,-0.06452467,0.008137569,-0.13817392,-0.12553428,153.57759,1080.0
9925,171.0467255671893,169.15156707404907,-0.06709097,0.0026263767,-0.13547967,-0.12906606,150.43991,1080.0
9926,168.52967981714727,165.4035958019277,-0.06648333,0.002744378,-0.13976435,-0.12926458,150.46452,1080.0
9927,164.49075360037557,164.4469075312138,-0.06552915,-0.0009550024,-0.13247494,-0.108514294,126.482315,1080.0
9928,162.3703830171061,167.51205461228255,-0.068933785,0.0017273232,-0.1353836,-0.09581186,115.23411,1080.0
9929,164.45713321244256,172.57360370755896,-0.06670069,0.0013525786,-0.13414837,-0.10007516,119.04392,1080.0
9930,170.00644357224624,176.7098287662781,-0.06835576,0.0034963537,-0.13546085,-0.07807866,100.81066,1080.0
9931,175.56379676003465,178.45512982204556,-0.06772144,0.0027316906,-0.12977351,-0.07827357,105.37413,1080.0
9932,177.98550422478857,178.40835756516364,-0.06746905,0.00366307,-0.1293682,-0.077710696,87.832405,1080.0
9933,176.99826185690168,177.90246061707094,-0.06945631,0.00035456906,-0.1334441,-0.075197205,87.79386,1080.0
9934,174.98232683183969,177.57075054082807,-0.0710534,0.0010222541,-0.14442727,-0.0919622,108.72235,1080.0
9935,174.47649305367568,177.38884166930248,-0.07425141,0.0024175008,-0.15232635,-0.09804967,122.76367,1080.0
9936,175.53081307167588,177.43542751661582,-0.07010102,0.0054374975,-0.15273789,-0.09660032,124.13696,1080.0
9937,175.7324169638656,177.78769320580244,-0.06750104,0.009351094,-0.15168118,-0.11295774,138.22185,1080.0
9938,172.82868423631976,177.7856835464125,-0.06909361,0.011642117,-0.15245192,-0.11869761,147.51926,1080.0
9939,166.75700768999226,176.48823567580567,-0.07007684,0.013138439,-0.15579835,-0.14484446,174.51703,1080.0
9940,159.11141234005356,174.10180931573075,-0.07463379,0.01143731,-0.15947244,-0.13960688,166.14256,1080.0
9941,152.26936467149886,172.35128321225912,-0.073734425,0.015517737,-0.15702368,-0.12940547,154.83049,1080.0
9942,149.59896176830537,173.02559261410966,-0.07490223,0.015730286,-0.1584328,-0.11520092,138.15466,1080.0
9943,153.4403848827382,175.94708117917003,-0.074339464,0.012256029,-0.16090845,-0.12892795,138.58528,1080.0
9944,161.710833689412,179.01068992907028,-0.08006716,0.011916436,-0.16856384,-0.118723944,134.90334,1080.0
9945,168.9902354741654,180.45070717589488,-0.07925325,0.012515655,-0.1808926,-0.14422512,172.96303,1080.0
9946,171.48570367447638,180.16367066036366,-0.07842283,0.012994441,-0.18550132,-0.13650714,164.42548,1080.0
9947,169.74432629482814,179.05047075900356,-0.07752844,0.011759214,-0.17777348,-0.127414,158.9829,1080.0
9948,166.77082720853093,178.0660702848161,-0.07649141,0.011707956,-0.18812142,-0.1239769,142.44711,1080.0
9949,164.63985081136633,177.68586135329517,-0.07561397,0.017886182,-0.19384144,-0.11952424,151.25166,1080.0
9950,163.46310168244455,177.69947314984344,-0.075976335,0.015316942,-0.19753836,-0.116027266,166.20897,1080.0
9951,162.72247694713653,177.52296660901712,-0.07545132,0.014191663,-0.20518425,-0.11830142,168.92648,1080.0
9952,162.29069554710713,176.7649048655522,-0.07987569,0.020012975,-0.20442483,-0.09803509,156.03676,1080.0
9953,162.21889032992289,175.60804018184817,-0.07499299,0.022878662,-0.20255156,-0.081155196,142.0676,1080.0
9954,162.28860750965868,174.88787637714725,-0.07518887,0.021464454,-0.19264832,-0.0644503,127.835304,1080.0
9955,162.25738538067878,175.41061632930794,-0.07593881,0.024298688,-0.1765686,-0.046238117,116.476395,1080.0
9956,162.54664964299621,176.71761069387594,-0.07013764,0.026306124,-0.16543286,-0.03674616,102.975845,1080.0
9957,163.917829714411,177.35147079797704,-0.07008825,0.023042975,-0.16440605,-0.050258383,113.02877,1080.0
9958,166.13978145243144,176.81824321665445,-0.07007446,0.023842508,-0.18280776,-0.055758864,130.39139,1080.0
9959,167.6720145131159,176.15834499997777,-0.070582636,0.023134105,-0.18370418,-0.06224097,131.16486,1080.0
9960,167.09494708674936,176.38787664195925,-0.06996155,0.026660495,-0.18146385,-0.061657064,122.68449,1080.0
9961,164.65220067100208,177.39045125273142,-0.07036167,0.022425532,-0.17853382,-0.07473662,130.79442,1080.0
9962,162.03852408312645,178.37509574776143,-0.07066809,0.020998213,-0.20207785,-0.08639085,143.91287,1080.0
9963,160.73155364360912,178.77684789474844,-0.06857593,0.025466664,-0.1985017,-0.07606908,132.99362,1080.0
9964,160.8990464411886,178.47572443374168,-0.07205799,0.021870337,-0.19692829,-0.078535944,137.78828,1080.0
9965,161.63160245736307,177.40890064414106,-0.07196576,0.022478824,-0.19427004,-0.06975877,146.56519,1080.0
9966,161.89181055460077,175.73562717697467,-0.07049278,0.026315365,-0.18817964,-0.057307914,149.02562,1080.0
9967,161.56888518332974,174.47740206629777,-0.07227975,0.023252727,-0.18994468,-0.06520903,144.22661,1080.0
9968,161.4804490471252,174.78640057709313,-0.071617976,0.022917882,-0.18264833,-0.06432919,136.84769,1080.0
9969,162.2731127303177,176.38289739758008,-0.073173694,0.02244147,-0.17454025,-0.05186352,116.01345,1080.0
9970,163.970675972735,177.82705261526706,-0.06808291,0.014276321,-0.1546667,-0.047527935,85.76079,1080.0
9971,166.32436386405755,178.10850565972706,-0.069021836,0.0154911745,-0.1582662,-0.053163685,87.70667,1080.0
9972,168.86267875837152,177.3387396925468,-0.06862341,0.014725862,-0.16038683,-0.06461459,102.0781,1080.0
9973,171.0148737980198,176.43653109090593,-0.061406907,0.0144435745,-0.15381566,-0.07484939,116.51847,1080.0
9974,172.58575670976063,176.19817660991765,-0.057631996,0.011444488,-0.14817347,-0.08656836,128.49251,1080.0
9975,173.8491919033328,176.54332406642175,-0.047016736,0.0015624717,-0.15903331,-0.11795828,145.16264,1080.0
9976,175.206418036552,176.95432907531998,-0.039040007,-0.0029309308,-0.17168014,-0.14665096,180.95995,1080.0
9977,176.61128260201025,177.1017487383787,-0.039534055,0.002145075,-0.17106284,-0.1371731,177.84126,1080.0
9978,176.8528952914962,176.4266710080628,-0.04043014,-0.009118624,-0.19428597,-0.176162,195.50465,1080.0
9979,174.21417129890136,173.6894381232172,-0.0413607,-0.004684929,-0.20069331,-0.16576281,200.24887,1080.0
9980,169.20600153508218,168.76725691781013,-0.038193878,-0.0015904462,-0.20026307,-0.14977068,205.87735,1080.0
9981,164.96285424081427,164.82713489438117,-0.03469114,0.0033731814,-0.17835444,-0.12229462,188.62602,1080.0
9982,163.2665611731678,165.34431736843968,-0.046429668,0.0067528337,-0.16617127,-0.09066467,161.3484,1080.0
9983,162.5351595062592,169.00888137826817,-0.044461682,0.0078781415,-0.16861624,-0.09233424,172.30219,1080.0
9984,160.373560460923,171.01400460933328,-0.046793733,0.01085759,-0.16901714,-0.081267804,153.48857,1080.0
9985,156.2827582801328,169.21498397996945,-0.046740778,0.010788953,-0.1911617,-0.0838694,193.1832,1080.0
9986,152.21068972571737,166.75762631789365,-0.037308306,0.009289607,-0.1563424,-0.07109327,148.82169,1080.0
9987,150.71710516191712,167.71153471041845,-0.04435131,0.014715322,-0.21782672,-0.07830957,200.2002,1080.0
9988,151.3185481318211,171.34615908777224,-0.038809713,0.008091058,-0.2270731,-0.075597465,188.91159,1080.0
9989,149.4999060070846,173.29765185924487,-0.043207068,0.009074317,-0.21190237,-0.07372027,201.72185,1080.0
9990,142.04692036637329,172.09529187602567,-0.024528278,0.014524954,-0.20630606,-0.07663484,232.00003,1080.0
9991,132.26697352784268,171.0931658924813,-0.027187942,0.013245307,-0.19588849,-0.07570784,219.75546,1080.0
9992,126.72774496956819,172.72701350708874,-0.020211792,0.022231378,-0.19901682,-0.067765385,231.76576,1080.0
9993,128.12532118135664,174.33142695841312,-0.020032642,0.021251312,-0.20063747,-0.06750644,228.2213,1080.0
9994,133.94090357188955,172.49588830885918,-0.023080332,0.013866425,-0.2054167,-0.06790218,219.21416,1080.0
9995,139.91448075540302,167.95957793395593,-0.022876484,0.022451838,-0.24775012,-0.07904448,287.23865,1080.0
9996,142.68875010943447,163.04685468794693,-0.034270618,0.02348596,-0.2458491,-0.04326446,253.18877,1080.0
9997,141.8127845323296,158.6255030550133,-0.022143329,0.027015572,-0.23375018,-0.03481304,254.46158,1080.0
9998,140.9024240135488,155.58565979523263,-0.022661619,0.033161446,-0.22272542,-0.026162747,248.43225,1080.0
9999,144.85725391672162,155.2056632808911,-0.02631593,0.036460593,-0.25512657,-0.027503572,276.60526,1080.0
10000,155.11101134636806,157.09267770911225,-0.03141084,0.040593408,-0.27349553,-0.0065215784,289.2854,1080.0
10001,168.07744293733248,159.06742394534504,-0.020868372,0.041093726,-0.26737288,0.0015306826,282.47037,1080.0
10002,177.8989615892874,159.58027125169923,-0.017680189,0.03899728,-0.26226133,0.008022196,284.06613,1080.0
10003,181.09435155137328,159.5720146198492,-0.014602096,0.038937066,-0.2694849,-0.00897214,300.10666,1080.0
10004,178.82403188714935,161.53695805436382,-0.006808811,0.03522243,-0.28313684,0.00078673183,321.82483,1080.0
10005,174.6240012509997,165.95523265452195,-0.006761226,0.040450063,-0.2716014,0.009339142,312.55072,1080.0
10006,170.9358096999605,168.8281991539214,-0.0035911277,0.037075665,-0.21846043,0.013864616,251.00058,1080.0
10007,167.65434449509942,165.1012267054517,0.005384544,0.027325891,-0.22219357,0.00643076,260.64413,1080.0
10008,164.43115887657504,156.0895449497475,0.010019712,0.030873334,-0.23526657,0.015840912,286.93695,1080.0
10009,163.5942807012659,150.409105577757,0.0041521993,0.038580943,-0.23981024,0.03987466,297.51123,1080.0
10010,165.91647630159204,153.40328056338146,0.011970577,0.029941672,-0.26094514,0.025044335,318.5979,1080.0
10011,165.91777893887678,158.4289135128546,0.015650319,0.027539995,-0.26843777,0.02803144,325.8972,1080.0
10012,159.14900118139116,155.272927427689,0.016500855,0.024491346,-0.26989344,0.02588727,337.35117,1080.0
10013,149.97792536894136,145.07546693957164,0.017951004,0.018045807,-0.2770382,0.029056096,350.92413,1080.0
10014,145.79948639497238,138.2764780201588,0.016443323,-0.0042926082,-0.2703612,0.027452623,342.10883,1080.0
10015,147.6639791553659,139.8682013281909,0.01644174,0.0043886537,-0.28297198,0.052591648,356.57922,1080.0
10017,150.09566865639536,145.8743283159536,-0.03855229,-0.010345798,0.020661473,-0.23624861,242.98766,1080.0
10018,150.02204976745927,152.1514371183564,-0.038384333,-0.010011405,0.023282142,-0.23786098,245.46214,1080.0
10019,151.6057262893148,158.18001377471333,-0.037630774,-0.009982921,0.026062634,-0.23891218,247.75725,1080.0
10020,158.2163633291338,163.9587419130121,-0.03830832,-0.012606868,0.028460184,-0.24232621,252.81987,1080.0
10021,166.30138905548938,168.80175981148977,-0.04268488,-0.015128411,0.028989607,-0.24079163,242.61661,1080.0
10022,170.8441616596204,171.06930030850043,-0.047967132,-0.014254026,0.016848415,-0.2186582,227.12225,1080.0
10023,171.18162772486048,167.28232651082905,-0.04969426,-0.010098775,0.014967347,-0.19170535,207.35732,1080.0
10024,169.83807332965816,155.42945233119158,-0.047328018,-0.010543823,0.033247657,-0.21769884,225.24704,1080.0
10025,168.96680990334627,139.40321877946093,-0.0544437,-0.0116068525,0.018595716,-0.21199909,219.24355,1080.0
10026,169.30634401876097,126.88212634002622,-0.06452756,-0.013742065,-0.026209343,-0.18520065,188.9832,1080.0
10027,170.84008055470363,123.61940030589604,-0.06149128,-0.015623983,-0.026713222,-0.16734461,167.46999,1080.0
10028,173.16966431199256,130.01531226440122,-0.06742271,-0.019509153,-0.050866585,-0.15387082,153.78528,1080.0
10029,175.63173854238906,140.94074838169735,-0.06564082,-0.016561946,-0.021336986,-0.15985388,166.40215,1080.0
10030,177.33271648121743,149.51603286173733,-0.06902545,-0.028634163,-0.05227582,-0.1427035,143.58466,1080.0
10031,177.5264512253773,152.67429316321966,-0.06940381,-0.022751024,-0.05047873,-0.13036454,127.77109,1080.0
10032,176.54081027557018,152.62786323894167,-0.073899955,-0.02664549,-0.070057735,-0.12625526,116.28389,1080.0
10033,175.86272130252462,152.9731676733499,-0.07267066,-0.022988863,-0.05846665,-0.11168628,107.34349,1080.0
10034,176.60667801313832,154.8602633874681,-0.07097168,-0.025056966,-0.050728973,-0.10460739,107.44695,1080.0
10035,178.24717374284882,156.77320892539436,-0.06876215,-0.0251245,-0.034435242,-0.15257761,135.16095,1080.0
10036,179.45917056516205,156.33856290446337,-0.06803798,-0.020709794,-0.020164942,-0.16850682,154.61952,1080.0
10037,179.60871468300357,152.42431786901568,-0.066882774,-0.012078405,0.001127794,-0.1536568,162.08762,1080.0
10038,178.85046193429713,146.52286108306762,-0.06490236,-0.011572266,-0.0019543117,-0.15450075,165.10555,1080.0
10039,177.66085632050564,141.8836268938265,-0.06722333,-0.01734896,-0.0103317825,-0.16577533,174.70033,1080.0
10040,176.75934794419354,140.72386043118945,-0.06766663,-0.017067747,-0.019330285,-0.16242124,175.28593,1080.0
10041,176.8174354513513,142.54752310945523,-0.06580963,-0.01779299,-0.027405916,-0.16966784,186.57092,1080.0
10042,177.8538373991254,145.45853770549678,-0.06581206,-0.027786989,-0.041126844,-0.18231992,180.12653,1080.0
10043,179.10081020881208,148.3306812047951,-0.06512101,-0.023976106,-0.027516117,-0.17958221,183.14795,1080.0
10044,179.6153336217796,151.32092785757095,-0.06233317,-0.022868996,-0.050101046,-0.158479,154.52434,1080.0
10045,178.75844159765578,155.0791351134258,-0.060497932,-0.008843655,-0.037113838,-0.14193706,156.83853,1080.0
10046,176.3730721465935,159.3122659261966,-0.0651192,-0.009534652,-0.027527872,-0.1463629,160.00821,1080.0
10047,173.25423559880676,161.96796097616524,-0.05940953,-0.007999477,-0.010253059,-0.14373013,165.0998,1080.0
10048,170.77990839879487,160.91843611235709,-0.05765149,-0.0021562083,-0.011683202,-0.13945118,162.66463,1080.0
10049,169.15729427469978,156.44973801783095,-0.056734946,-0.0014903316,0.0021777118,-0.14521402,173.71553,1080.0
10050,166.8494174000324,151.19341057978986,-0.05575217,-0.00010638767,0.007787464,-0.15035556,181.48695,1080.0
10051,162.2423975047332,147.59579415832613,-0.057604924,-0.0012993142,0.0035187332,-0.14652719,176.63245,1080.0
10052,155.4008931485522,145.81147479655436,-0.056716975,0.004543728,0.0060259784,-0.15109947,185.92552,1080.0
10053,148.6919755205288,144.000788012582,-0.053201463,0.001587677,0.01140374,-0.16589457,192.40182,1080.0
10054,145.09004098334208,140.89081544632162,-0.051733173,-0.00023682206,0.005499833,-0.16443871,187.29463,1080.0
10055,145.0097120444949,138.1211200226218,-0.05139324,-0.00012351142,-0.0018650197,-0.16079967,180.60876,1080.0
10056,146.40241110829407,138.6219759771471,-0.047736105,0.0017058761,0.015428218,-0.15762149,191.15904,1080.0
10057,147.00110448550674,141.8369225017926,-0.04892742,0.005263152,0.015890276,-0.13782103,179.36938,1080.0
10058,145.79761992001193,142.58436220251727,-0.0528682,-0.0023896112,0.0021562364,-0.120213516,146.3021,1080.0
10059,145.10303478483232,137.02976099047387,-0.055473723,-0.0032477202,-0.0034459997,-0.12097931,146.03517,1080.0
10060,149.20117969891032,128.92450434872725,-0.055207994,-0.0040973523,-0.011050415,-0.114767425,149.92697,1080.0
10061,158.9597680946584,127.02547606666988,-0.054821324,-0.002924686,-0.009038176,-0.11801006,147.89165,1080.0
10062,170.392415705623,135.33182719266074,-0.053112455,0.0017638877,-0.007216729,-0.12205884,150.56679,1080.0
10063,177.46051216625364,147.59350240900136,-0.051855866,0.0037768611,-0.010221128,-0.121037886,142.43661,1080.0
10064,175.32350426778186,152.5080473297589,-0.04920321,0.0023004885,3.2213e-05,-0.13846374,161.25049,1080.0
10065,165.14833574657746,143.93610771713193,-0.050033625,0.0015039797,-0.002230722,-0.1346307,163.09204,1080.0
10066,155.34831400910412,127.59092885112251,-0.04953178,0.0014374909,-0.0050367,-0.13626477,164.28601,1080.0
10067,153.26887259667686,117.13523371218696,-0.048617497,-0.0013118603,-0.005315427,-0.14094806,165.94138,1080.0
10068,156.23112266450568,120.82554189119988,-0.046273973,-0.0011832908,-0.0021242495,-0.14850667,168.42209,1080.0
10069,154.32567134241367,133.82102231088464,-0.046684604,0.0021885908,0.00095350476,-0.16336899,184.90396,1080.0
10070,144.33747520357807,144.45833880406835,-0.04647087,0.0017294707,-0.003513308,-0.16111664,188.87027,1080.0
10071,136.696128727284,145.55648678536272,-0.04729394,0.0043336092,-0.01213232,-0.16281354,185.0332,1080.0
10072,140.7688905192339,139.5075312781553,-0.047195606,-0.0041276435,-0.010930097,-0.17730694,182.70312,1080.0
10073,150.02129905769243,133.51861532193323,-0.0515985,-0.0025068778,-0.019109994,-0.16281554,172.27893,1080.0
10074,152.21872084141333,131.79493624764416,-0.050121956,-0.0016531203,-0.02718291,-0.15534504,164.6204,1080.0
10075,145.90163593172596,133.88817904158435,-0.051903393,-0.011900104,-0.052767944,-0.13276435,135.05861,1080.0
10076,136.91097541493423,138.46974148105974,-0.049629383,-0.015856002,-0.054822795,-0.11470563,112.48666,1080.0
10077,125.54126367646239,145.03364448942435,-0.051587876,-0.015745262,-0.06418999,-0.10803596,101.1244,1080.0
10078,110.05336789234084,152.32167656285492,-0.049555574,-0.0109561775,-0.067746595,-0.10295365,96.88094,1080.0
10079,99.32178519809564,158.5538378123623,-0.050085053,-0.0077943024,-0.08146882,-0.09696163,91.47051,1080.0
10080,105.04986877751205,163.07509740040078,-0.052947488,-0.007663981,-0.08432549,-0.11348173,104.61921,1080.0
10081,124.28612777285815,166.20346670950497,-0.05396542,-0.007969553,-0.083277725,-0.12407645,111.12753,1080.0
10082,143.0306365298581,168.661877135083,-0.0558878,-0.008261052,-0.08293486,-0.12706712,112.95875,1080.0
10083,152.61903152277375,171.35759900394453,-0.056171387,-0.0073286267,-0.08293977,-0.12207294,109.68769,1080.0
10084,155.2622365187398,174.58030323343002,-0.05670392,-0.0041264286,-0.085829444,-0.11575258,103.178955,1080.0
10085,156.9925787940108,177.53398524700728,-0.056778803,-0.0027333577,-0.091972634,-0.10073022,92.53124,1080.0
10086,160.60022195530112,179.08835096817435,-0.05750947,0.0016941212,-0.094201945,-0.09562743,90.912254,1080.0
10087,165.64194995835328,178.9392078660877,-0.057438433,0.0027533355,-0.093994536,-0.08857232,86.69317,1080.0
10088,170.90261578042688,177.81162987122673,-0.0565493,-0.0002494247,-0.101499714,-0.083531864,80.22954,1080.0
10089,174.99243816424058,176.5025083795795,-0.057380166,-0.0011472631,-0.104320556,-0.09993001,91.16828,1080.0
10090,176.75823703781884,175.073969169156,-0.057596445,-0.0028654027,-0.10548689,-0.08354097,80.98703,1080.0
10091,175.9044375329691,173.43130500900645,-0.054709654,0.0013138665,-0.10992296,-0.07943746,86.6988,1080.0
10092,173.12587585627128,172.4057526955134,-0.055020366,0.006919776,-0.113051124,-0.079166725,86.08856,1080.0
10093,169.99101484836146,172.83643914602524,-0.05522201,0.0063047623,-0.11351437,-0.07688607,84.84833,1080.0
10094,168.0129846337911,173.89602494829603,-0.05949029,0.007108109,-0.11799757,-0.07410945,80.99673,1080.0
10095,167.6174218629575,174.4760472070593,-0.060022198,0.0073824283,-0.12197209,-0.07914931,98.489265,1080.0
10096,168.2034406712791,175.0122237985277,-0.05921043,0.006559838,-0.12065758,-0.08116054,96.14677,1080.0
10097,168.85249533654383,176.03647561548357,-0.05720509,0.0057333205,-0.12056314,-0.08591258,101.99571,1080.0
10098,168.9813811721229,176.89624924983372,-0.055478357,0.009657712,-0.12464339,-0.0829884,102.39449,1080.0
10099,168.61989769007974,176.90847093998914,-0.056588408,0.013053697,-0.12263839,-0.0755817,97.11573,1080.0
10100,168.3672629285004,176.3067478718956,-0.057317212,0.013962838,-0.121857256,-0.06965027,95.885284,1080.0
10101,168.96674896146544,175.74704212812958,-0.058177467,0.015843794,-0.12096976,-0.052651186,79.3592,1080.0
10102,170.50244237883874,175.51858650610177,-0.056330476,0.013834437,-0.12280494,-0.05500426,83.44139,1080.0
10103,172.024159458429,175.46354335264436,-0.055243935,0.012210931,-0.12534428,-0.05215655,81.71766,1080.0
10104,172.23514215206464,175.34231628950937,-0.058032792,0.013485831,-0.13600227,-0.059440784,94.7393,1080.0
10105,170.6068581937682,174.98991738382094,-0.058074273,0.0129990475,-0.1416452,-0.0611264,94.103615,1080.0
10106,167.7039379374685,174.52963304605856,-0.059561834,0.012631339,-0.14450029,-0.05360229,87.57288,1080.0
10107,164.7148207960105,174.51207835184226,-0.06090992,0.013345365,-0.14922509,-0.053595226,82.33331,1080.0
10108,162.8759398092933,175.349778827558,-0.062182277,0.012657335,-0.14843157,-0.054031175,82.29314,1080.0
10109,162.62137626522076,176.76269911272095,-0.06338614,0.011424482,-0.14914568,-0.04591011,61.432243,1080.0
10110,163.0238374460873,178.07559526828186,-0.06351996,0.012207313,-0.15821522,-0.047162544,81.09599,1080.0
10111,162.793391770296,178.8410598208937,-0.06489936,0.014595682,-0.15322672,-0.042934388,74.30248,1080.0
10112,161.719590935279,179.04422844509472,-0.06424651,0.017708277,-0.14942135,-0.031535055,83.313576,1080.0
10113,160.53249938798052,178.88253367287234,-0.06279636,0.018216422,-0.15298869,-0.02802593,96.584045,1080.0
10114,159.774569074819,178.58068665828137,-0.05940224,0.016199691,-0.14514652,-0.02989406,101.06336,1080.0
10115,159.41943303352045,178.2958238325998,-0.05670494,0.023137636,-0.1362312,-0.026041836,95.5291,1080.0
10116,159.37914017207908,177.94638651439868,-0.051986128,0.02334411,-0.13566466,-0.025397293,89.93346,1080.0
10117,159.8747436486295,177.3999215925856,-0.054486252,0.02412714,-0.13569234,-0.022484787,86.12821,1080.0
10118,161.11462435464276,176.97813885784032,-0.055752225,0.025836747,-0.13666925,-0.011927597,78.94953,1080.0
10119,162.76392724758074,177.2447623737133,-0.05771309,0.026338562,-0.13486537,-0.0028764796,68.88641,1080.0
10120,164.013220430847,178.0451591673909,-0.06069624,0.024139574,-0.13830034,-0.004059092,64.98869,1080.0
10121,164.26368261499653,178.3984098011787,-0.062382847,0.024636218,-0.14717543,-0.006641501,73.624756,1080.0
10122,163.64196799298583,177.6884272972075,-0.061729148,0.025022436,-0.14857975,-0.0014533149,69.28535,1080.0
10123,162.85718570425797,176.2896790925501,-0.063183255,0.027298935,-0.14362262,0.008135845,59.599186,1080.0
10124,162.6812166092961,174.95067184338166,-0.05392846,0.031422537,-0.12720394,0.0111104045,63.585087,1080.0
10125,163.4781982887913,174.3397273848288,-0.0569974,0.030120455,-0.13557693,0.0074328952,71.86775,1080.0
10126,164.94283589716605,174.90233918429558,-0.0534842,0.025871899,-0.14095137,0.005520856,77.840355,1080.0
10127,166.3611395262922,176.4407466544747,-0.05861432,0.03065177,-0.14735882,-0.003292875,88.86828,1080.0
10128,167.32822429119693,177.97524126697436,-0.055572737,0.029063642,-0.14940123,-0.0076894974,90.81368,1080.0
10129,167.97698617595358,178.27941702843827,-0.050335806,0.024440879,-0.13772249,-0.015685838,93.74678,1080.0
10130,168.62208866015686,176.7652004148113,-0.04526537,0.017682888,-0.13320793,-0.019824982,90.39278,1080.0
10131,169.46739272485456,173.88873473855534,-0.04172753,0.020732695,-0.12703128,-0.03142443,103.4333,1080.0
10132,170.4850892650672,170.52258217732782,-0.028788248,0.014483996,-0.14514533,-0.066679835,145.05167,1080.0
10133,171.47388054735114,167.38192284179527,-0.030481353,0.016020188,-0.14028168,-0.04978861,125.588974,1080.0
10134,172.05046129719625,165.24213906470354,-0.027033545,0.0051393295,-0.13424926,-0.057491556,116.622635,1080.0
10135,171.64539292363338,164.67898898566526,-0.026881238,0.01602509,-0.13736448,-0.03322248,118.47524,1080.0
10136,169.33553609145707,165.1909352209036,-0.013710926,0.008917067,-0.11601229,-0.045781933,125.952896,1080.0
10137,164.1257019037565,165.67068963634358,-0.014702521,0.008378685,-0.113350086,-0.05413372,134.8145,1080.0
10138,157.248174433004,166.17742408315723,-0.016104974,0.021539673,-0.122773685,0.010299513,116.05855,1080.0
10139,152.63449598893922,168.06926556538673,-0.022871682,0.02179475,-0.13391916,-0.0012311583,122.57441,1080.0
10140,153.3400289309207,171.66423144307186,-0.025885122,0.022751532,-0.1329748,0.017145539,116.13284,1080.0
10141,159.2137508579869,175.05244081005048,-0.02594644,0.04022584,-0.14119127,0.053851433,111.44532,1080.0
10142,166.65901394561294,176.4070867082485,-0.03286387,0.049909804,-0.13078094,0.061035242,97.02446,1080.0
10143,170.70575437344885,175.79552616985646,-0.027873343,0.04158845,-0.11895091,0.04775289,86.800995,1080.0
10144,170.20274335948798,173.53406039561222,-0.03484808,0.04029668,-0.12532885,0.038191844,83.44942,1080.0
10145,168.48465189738988,169.52012135226764,-0.032440696,0.0421785,-0.12561685,0.037450083,93.34605,1080.0
10146,168.21094050386614,164.3093103304758,-0.03584103,0.04408722,-0.1314361,0.03311225,95.1315,1080.0
10147,168.9372762739004,158.47412024221074,-0.03100716,0.036987558,-0.1291014,0.024881547,92.396255,1080.0
10148,169.10978478905938,153.90025152172262,-0.030375162,0.031277128,-0.13603583,0.014334417,101.994736,1080.0
10149,168.237317907013,154.93278740494952,-0.024008349,0.029077996,-0.11867834,0.0073228623,90.43094,1080.0
10150,167.3882646667831,162.7148654842896,-0.025021758,0.031883918,-0.09687783,0.027274407,69.26684,1080.0
10151,168.08847913299553,171.53481676848503,-0.02217232,0.028266229,-0.096169084,0.029214194,64.23554,1080.0
10152,169.9497491788423,174.47333190863284,-0.02327638,0.026606694,-0.10322396,0.020140273,72.09918,1080.0
10153,170.22577976955614,170.57537732172875,-0.028452724,0.025800776,-0.10036175,0.026053082,60.83234,1080.0
10154,167.76204999340143,165.37201276438716,-0.026348256,0.029590521,-0.09247069,0.023774352,57.127167,1080.0
10155,165.643724376871,162.54378547153894,-0.032357845,0.03470993,-0.111879535,0.007763898,74.81752,1080.0
10156,167.1044955686337,157.81972507636567,-0.036813073,0.029397272,-0.10691167,0.0058915317,70.308044,1080.0
10157,171.13101943290258,149.48719906506994,-0.0348387,0.031537205,-0.10641875,-0.0015148587,86.12587,1080.0
10158,174.72198617969525,147.1308865153984,-0.038413946,0.027903324,-0.105902836,0.0003376996,81.431496,1080.0
10159,176.33683548365326,157.36666139150867,-0.046102002,0.025451124,-0.116609365,-0.006039796,92.71104,1080.0
10160,175.7502996217153,172.11079629307207,-0.047174864,0.02520995,-0.11354862,-0.011027866,93.233574,1080.0
10161,173.78097986200055,179.87854858356457,-0.048970427,0.022177039,-0.117044464,-0.017256418,94.87801,1080.0
10162,172.25834621779865,178.8955159043695,-0.054136716,0.019933404,-0.12036675,-0.030291239,103.952675,1080.0
10163,172.54992869307048,175.0657186069729,-0.04843518,0.017263003,-0.11121821,-0.04296971,101.59152,1080.0
10164,174.43872739118314,172.73760567369018,-0.058093883,0.014847621,-0.11730929,-0.04982105,101.616135,1080.0
10165,176.5795920373871,171.67631838352878,-0.056548733,0.012753664,-0.105964266,-0.04808036,95.54152,1080.0
10166,177.9056482098964,170.88139359574436,-0.050969385,0.010702401,-0.094463035,-0.053791415,100.632286,1080.0
10167,178.12707049177055,170.50805562075848,0.0086351745,-0.0066595008,0.057660874,-0.15043306,154.39235,1080.0
10168,176.84464742941213,170.86131720104552,-0.018158637,-0.0030742504,0.010372247,-0.15941367,171.48027,1080.0
10169,173.97369998563855,171.88038087885994,-0.030850276,0.0015533448,-0.04949143,-0.13580248,142.16298,1080.0
10170,170.93205584851904,172.65623043876275,-0.035762362,-0.0041981167,-0.07134354,-0.1470281,151.43289,1080.0
10171,169.38620523853598,171.57927611776518,-0.04096222,-0.007020908,-0.0823115,-0.16507918,171.25618,1080.0
10172,169.32356489109256,167.63179377691796,-0.041171435,-0.0062467223,-0.08161485,-0.17489444,190.84636,1080.0
10173,169.53673562447565,161.42517096648223,-0.04126559,-0.005458154,-0.07989604,-0.17193945,175.92833,1080.0
10174,169.26283188774514,155.16356397851723,-0.041406192,-0.0061284667,-0.07992384,-0.17042184,165.62904,1080.0
10175,168.9351385758892,151.5016170638788,-0.040475067,-0.005115933,-0.074309684,-0.18310858,186.59,1080.0
10176,169.65254166211616,152.4672542505019,-0.05830943,-0.010419493,-0.09326884,-0.13101721,125.4786,1080.0
10177,171.35572406307148,157.9785973331722,-0.05849943,-0.012623879,-0.090105355,-0.12192682,117.43957,1080.0
10178,172.04506886842512,164.40700498792987,-0.057580568,-0.008493975,-0.07077145,-0.11432506,103.08454,1080.0
10179,170.21346899420323,167.3931872875635,-0.059409134,-0.0092639495,-0.07281319,-0.107100844,90.65377,1080.0
10180,166.9542204252236,166.80401357568482,-0.05218975,-0.008961176,-0.040694457,-0.09814365,91.493675,1080.0
10181,164.52059655312115,166.5313116032262,-0.053177953,-0.013447373,-0.050884556,-0.11458545,105.63001,1080.0
10182,163.96689629189527,169.37205855378534,-0.04398233,-0.011135073,-0.00907638,-0.11719261,119.8618,1080.0
10183,164.40603601223722,173.73385279630034,0.042198125,0.0011180736,0.17510173,-0.10829513,153.3093,1080.0
10184,163.79862605860393,175.30439315967192,-0.023846379,-0.009090282,0.035117425,-0.11136644,132.757,1080.0
10185,161.52218229186138,170.58848163733492,-0.042077694,-0.010592143,0.016063323,-0.13468955,145.61636,1080.0
10186,160.0492802304309,159.78419117986414,-0.047509313,-0.014381267,0.0074610957,-0.14131339,142.67139,1080.0
10187,161.8895514810989,147.70981797545113,-0.051323388,-0.016899504,0.0030136674,-0.14440192,135.40182,1080.0
10188,165.92152245791823,140.08438225518447,-0.051770527,-0.017618194,0.0034239592,-0.1472234,125.42433,1080.0
10189,168.8452834893335,137.95437346011443,-0.05109089,-0.017474506,0.015412169,-0.13926356,129.03366,1080.0
10190,169.0790825843924,137.66723601922234,-0.05165247,-0.01915238,0.012039806,-0.14732522,128.55238,1080.0
10191,167.89470436392233,135.95629164140564,-0.05176742,-0.018362116,0.022385322,-0.14996822,135.2844,1080.0
10192,167.31300323858937,132.5533352294462,-0.054387297,-0.022466335,0.03885266,-0.17789815,160.33873,1080.0
10193,168.03149651909757,128.2536450437339,-0.055341594,-0.020179663,0.042099,-0.18345918,168.23055,1080.0
10194,169.50031043929474,123.3680273771425,-0.056283627,-0.018161321,0.043950796,-0.19806942,177.04376,1080.0
10195,170.8951657372392,118.64095491293853,-0.057640526,-0.022081587,0.03825842,-0.18730813,164.2668,1080.0
10196,171.66571633358828,115.51469857378878,-0.05604005,-0.024609573,0.045178846,-0.19349182,174.71783,1080.0
10197,171.89587845630442,114.51859740771063,-0.053820744,-0.023818575,0.063018456,-0.19214135,190.66467,1080.0
10198,172.22914293996803,114.36636500525977,-0.05425466,-0.022817457,0.062256426,-0.18922362,191.23569,1080.0
10199,173.07069626231294,113.19844770033473,-0.053926706,-0.022726102,0.074956656,-0.18990421,204.7721,1080.0
10200,174.09584548270553,110.52928072538747,-0.053879973,-0.01937643,0.073873565,-0.18162847,199.59097,1080.0
10201,174.77290301192514,107.83681782081989,-0.053721506,-0.01636262,0.071087986,-0.17445742,196.31776,1080.0
10202,174.97012778597514,106.9828360658188,-0.05461539,-0.015964678,0.071830295,-0.1740735,199.84244,1080.0
10203,174.85023412071064,108.39904020490161,-0.056254465,-0.018867493,0.060056727,-0.16450405,182.36671,1080.0
10204,174.6260210728981,111.585792818659,-0.05602236,-0.01854022,0.056088764,-0.1711363,181.823,1080.0
10205,174.48129955258182,116.34026789722532,-0.051457893,-0.015390213,0.07726565,-0.17138003,198.19745,1080.0
10206,174.4174767774619,121.98969869087945,-0.053168572,-0.017800903,0.06618325,-0.19025931,196.00963,1080.0
10207,174.26104229504224,126.617830623665,-0.053473126,-0.018150358,0.06353274,-0.18681906,195.18755,1080.0
10208,173.7677081518805,128.9060730720732,-0.05600524,-0.017000947,0.039964803,-0.16774696,169.92404,1080.0
10209,172.69291380771165,130.1622490766728,-0.048142157,-0.012136389,0.04704358,-0.15134676,161.33366,1080.0
10210,171.2132040227924,133.02708386819185,-0.045341887,-0.007666694,0.045030665,-0.13402806,155.23895,1080.0
10211,170.023760809699,138.42161416453928,-0.047495015,-0.014666719,0.044384483,-0.13621372,159.23232,1080.0
10212,169.39159024186503,144.34098524191424,-0.044519156,-0.014871442,0.039662454,-0.16696836,175.1647,1080.0
10213,168.67358797029976,147.27609474046147,-0.04907441,-0.015412733,0.03459795,-0.18238212,178.72679,1080.0
10214,167.01920087918893,145.84417557577038,-0.051489484,-0.017010244,0.0380687,-0.17709526,177.88884,1080.0
10215,163.8946075996793,142.9302234542507,-0.052473787,-0.018316565,0.040898755,-0.19050619,181.753,1080.0
10216,159.39000190496822,142.01359058687393,-0.0516831,-0.02156502,0.037381943,-0.19548336,181.10495,1080.0
10217,154.46475647191096,142.46729097876621,-0.052142616,-0.020377407,0.0370801,-0.19923635,183.08432,1080.0
10218,150.16057842458528,140.88854599732372,-0.051746283,-0.023655107,0.029083196,-0.19833979,170.70142,1080.0
10219,146.55246126060925,136.04586089975888,-0.051129263,-0.01868696,0.028145514,-0.18552922,174.85286,1080.0
10220,143.20170422609985,130.81365226918845,-0.04887701,-0.01866414,0.019861687,-0.18666582,172.8189,1080.0
10221,140.7408532242194,129.58651469979733,-0.049781404,-0.023689143,0.007963788,-0.18267538,154.07826,1080.0
10222,141.06766552639795,134.21866586589732,-0.052950654,-0.016250456,0.008172721,-0.18309906,147.31104,1080.0
10223,144.92971985192509,141.76060119483802,-0.052123457,-0.018028753,0.01961184,-0.18705404,169.83582,1080.0
10224,150.14774998627095,146.41101306208714,-0.053316243,-0.019839011,0.016747652,-0.18823765,166.98097,1080.0
10225,153.78659995670998,145.4063094358314,-0.054741245,-0.014510713,0.0078464085,-0.17135774,148.0436,1080.0
10226,155.41473870140035,142.01219277415564,-0.054704905,-0.014857059,0.00631906,-0.17385484,146.68567,1080.0
10227,157.17263233464,141.21659865913193,-0.05408421,-0.016306136,0.010775192,-0.17551094,156.05789,1080.0
10228,161.0724473999731,145.4110534652773,-0.053671207,-0.01930785,-0.0015376903,-0.16338362,144.6451,1080.0
10229,165.62141704420287,153.92453339513244,-0.051154412,-0.012638248,-0.0221639,-0.15476914,124.91276,1080.0
10230,165.26759251227156,162.74859906837753,-0.05286509,-0.014472989,-0.01737654,-0.15887627,128.42134,1080.0
10231,155.54346632571637,165.96681753927717,-0.047685638,-0.01546094,0.009094012,-0.18403913,172.162,1080.0
10232,138.40683310337903,160.25983867888482,-0.04911177,-0.016461266,-0.0047375713,-0.18196984,163.9006,1080.0
10233,121.42394842540097,148.36472993742305,-0.05070716,-0.015719308,-0.005280332,-0.18448207,168.38257,1080.0
10234,112.47272641793751,137.90259959155946,-0.051057998,-0.0128360465,-0.016731657,-0.17836674,165.43268,1080.0
10235,113.94434238683982,135.88764833857388,-0.053259842,-0.012106125,-0.02982449,-0.17905991,171.82697,1080.0
10236,120.82407711230243,143.2498655251635,-0.051884066,-0.011345008,-0.035131156,-0.18021195,176.45111,1080.0
10237,125.19633272670433,154.09444604907256,-0.05146428,-0.009402212,-0.036686085,-0.19581951,194.22916,1080.0
10238,122.70580165494182,160.557092097263,-0.052209813,-0.009554573,-0.047158588,-0.1963783,194.15071,1080.0
10239,114.54069820430682,159.24095451346037,-0.051681407,-0.008539299,-0.045518324,-0.21416892,214.22946,1080.0
10240,105.56028157974261,152.82720464435442,-0.05020006,-0.0033276875,-0.05411004,-0.21055551,213.4525,1080.0
10241,102.40741980732084,146.4899213057952,-0.047391653,0.006718558,-0.060734387,-0.2030829,206.22557,1080.0
10242,108.89306828423452,144.78860732192624,-0.05396412,0.00032210173,-0.07749589,-0.20339458,201.03844,1080.0
10243,121.06289805143483,149.84148409931143,-0.054617763,0.003716815,-0.08992513,-0.17913426,178.53674,1080.0
10244,131.45948188933667,159.1046660535344,-0.05706516,0.0029699397,-0.10549158,-0.17594738,177.49692,1080.0
10245,136.02853868625738,166.23094510780115,-0.055755954,0.008152262,-0.118866645,-0.18272367,191.63412,1080.0
10246,134.25765904588448,166.9829780743293,-0.056016598,0.010002136,-0.124111935,-0.16761053,190.90778,1080.0
10247,128.89220339107186,163.56623733508306,-0.056893583,0.009820938,-0.121159986,-0.12580566,148.9341,1080.0
10248,126.00046289449867,161.53968430346808,-0.05792632,0.008447492,-0.122329034,-0.09946016,122.69905,1080.0
10249,130.4903259212957,164.22128487406667,-0.059206024,0.012324877,-0.12730667,-0.07538859,103.70462,1080.0
10250,141.96639168283997,170.78093894852955,-0.057149816,0.008216406,-0.14459918,-0.13324502,157.35115,1080.0
10251,155.3047425508854,177.56879948282486,-0.059930872,0.0100876065,-0.14741589,-0.11083369,145.53445,1080.0
10252,164.586754710354,180.99358358360982,-0.05969419,0.00955545,-0.15187457,-0.09515666,132.13127,1080.0
10253,167.69639775005362,180.26194456336387,-0.060049664,0.013304423,-0.14914359,-0.054172665,82.02148,1080.0
10254,167.2407386115425,177.36344315580143,-0.06631176,0.019005409,-0.14708726,-0.013933365,39.173397,1080.0
10255,166.92345209553693,174.55271377211585,-0.0691569,0.013535637,-0.14434995,-0.030755863,45.714977,1080.0
10256,168.22441426903703,172.71614102199524,-0.07018071,0.012923992,-0.14570822,-0.047906093,79.15686,1080.0
10257,170.53141148143,171.87124622429033,-0.06444239,0.013336796,-0.1534608,-0.13124025,175.53851,1080.0
10321,172.84120744059143,171.93607670613787,-0.004739493,-0.002603093,-0.070824064,0.11334684,146.2924,1080.0
10322,174.51722086568677,172.86536307359827,-0.008863378,-0.0035999864,-0.084696054,0.10519748,144.27913,1080.0
10323,175.04659953207636,174.52144270438438,-0.009229477,-0.0047245873,-0.08065282,0.09926875,137.15529,1080.0
10324,174.00789870336627,176.39284816808507,-0.007014126,-0.0044600875,-0.07003445,0.09165546,125.97119,1080.0
10325,171.6613102953311,177.6771306402297,-0.006368849,-0.0031555882,-0.062963866,0.08993929,119.263374,1080.0
10326,169.39435199604523,178.03643628899982,-0.0059175845,-0.0030497515,-0.058527913,0.08875238,115.67423,1080.0
10327,169.10390387020212,177.99121350962247,-0.0077707362,-0.0034853334,-0.0630804,0.08557386,116.49691,1080.0
10328,171.59866107961918,178.169224328509,-0.006949022,-0.005121245,-0.059540983,0.08316981,114.56575,1080.0
10329,175.6832163472317,178.49671980229408,-0.0062897857,-0.0054052,-0.06298568,0.08440369,115.99626,1080.0
10330,179.16685936452907,178.51932508301584,-0.004415498,-0.004021609,-0.0609249,0.082204975,114.706726,1080.0
10331,180.60058408504378,178.04485119381124,-0.00022379558,-0.0015903473,-0.05763609,0.0827946,113.19464,1080.0
10332,179.99701525010784,177.22515763385903,-0.00018672236,-0.001867266,-0.061794817,0.083359726,113.37191,1080.0
10333,178.40509918326427,176.62849381116314,-0.0045415806,-0.0047611236,-0.07232635,0.07962307,113.35753,1080.0
10334,177.04475352737117,176.96486486767802,-0.0061861956,-0.0069073006,-0.07325168,0.07697449,113.13214,1080.0
10335,176.4862818006542,178.10341135739708,-0.0079186335,-0.0057598115,-0.071809016,0.07623725,112.05769,1080.0
10336,176.58978094001534,178.94096724060861,-0.0065455684,-0.0056621693,-0.07140562,0.07632235,116.75575,1080.0
10337,177.17091937430965,178.53943560041776,-0.0066910353,-0.007506943,-0.070559464,0.08064838,119.72346,1080.0
10338,178.05927259277462,177.06596289139776,-0.0062917075,-0.0072163474,-0.072296456,0.08289665,120.894485,1080.0
10339,178.7429549769327,175.6505112656451,-0.006893808,-0.0073568416,-0.072311796,0.08570028,124.134186,1080.0
10340,178.8336424179913,175.2696107959456,-0.0015816018,-0.00396802,-0.06317268,0.096457444,125.614,1080.0
10341,178.5909775391582,175.6874229549139,-0.00045878094,-0.002240174,-0.058374815,0.0924904,119.69977,1080.0
10342,178.09443925371406,175.4624361432289,0.0020662097,0.004611757,-0.046378016,0.08452389,104.967834,1080.0
10344,175.9915207975264,173.1876438535868,-0.020069828,-0.00101697,-0.019222684,-0.22832395,246.55286,1080.0
10345,170.77675343392795,169.50701450600235,-0.019618507,-0.0013488204,-0.012894355,-0.22821899,246.42255,1080.0
10346,163.8090997454492,167.23882868304892,-0.019310053,-0.001525992,-0.0063356753,-0.2338446,252.52875,1080.0
10347,158.7515188713175,168.07056928059424,-0.019511243,-0.0014634309,-0.006333641,-0.23562995,255.01952,1080.0
10348,157.46371321057353,170.4725619565428,-0.02120463,-0.0011516995,-0.005331195,-0.23617516,255.43507,1080.0
10349,158.35146977488222,172.24392831356585,-0.021795541,0.0008598045,-0.0034239592,-0.24004216,260.46472,1080.0
10350,158.74346668518123,173.43076765010449,-0.021264423,0.0009156404,-0.00062606245,-0.2399683,261.39368,1080.0
10351,157.62408494333545,175.30855100002833,-0.020503404,0.0010180438,0.0005242242,-0.24080361,263.57544,1080.0
10352,156.08995543689002,177.82180558045857,-0.022614317,0.0016557481,0.0006486681,-0.2470268,270.86096,1080.0
10353,155.74259408687547,179.5940512112084,-0.024389083,0.002804735,-0.0024827744,-0.24926303,273.04572,1080.0
10354,157.24580305262234,179.72734028773036,-0.026262524,0.0029554013,-0.0055953413,-0.24798587,270.76678,1080.0
10355,160.39198852822565,178.6463223331332,-0.025033908,0.001677167,-0.0068714283,-0.2476476,269.46698,1080.0
10356,164.40970812634842,177.53711528469577,-0.024333587,0.00041837338,-0.0066765677,-0.24784678,269.91205,1080.0
10357,168.23158229582882,177.22745999707948,-0.023863163,0.0024722628,-0.006334771,-0.2514624,274.5177,1080.0
10358,171.44372560105236,177.61612926609175,-0.02217848,0.0019904242,-0.0052207666,-0.251277,275.2477,1080.0
10359,174.39348626656394,177.96437281249493,-0.024007274,-0.00063849555,-0.005675704,-0.25659314,277.46063,1080.0
10360,176.64254344752968,177.48643225704015,-0.026189508,-0.00037824843,-0.0041625975,-0.26490682,286.6742,1080.0
10361,176.66712794500899,175.93919699353978,-0.023790035,-0.002605523,-0.010086964,-0.26484382,287.16815,1080.0
10362,174.4890404004432,173.8242087685775,-0.022471562,-0.0028597796,-0.009382347,-0.26667157,286.59164,1080.0
10363,172.72748124287148,172.1316883054932,-0.023745276,-0.0060428763,-0.0119497795,-0.26620993,284.6417,1080.0
10364,173.1667685203712,171.79474814760957,-0.021864941,-0.0026691577,-0.011436293,-0.26531464,287.07864,1080.0
10365,174.50027847148937,172.7078173820841,-0.021677991,-0.0024332681,-0.011052563,-0.25697944,280.43607,1080.0
10366,174.61764375160203,173.2633645433267,-0.021273013,-0.002434342,-0.011292408,-0.2644776,287.9939,1080.0
10367,173.26165344575827,171.83411089215122,-0.019927414,-0.00370879,-0.00807303,-0.27212757,296.0439,1080.0
10368,172.17067266691285,169.1823685638763,-0.018476585,-0.0030241224,-0.008348593,-0.26844963,297.0198,1080.0
10369,173.15615931701495,168.2357751126166,-0.015392049,-0.0017275775,-0.008217366,-0.26021186,288.27292,1080.0
10370,175.6550067567403,170.62261562625147,-0.016170587,0.0008674339,-0.008229912,-0.2702269,294.48795,1080.0
10371,176.50816691365483,174.78585555967646,-0.017660523,-0.0016473276,-0.008619181,-0.26771897,292.10736,1080.0
10372,173.32082289267893,178.00124026613523,-0.01840515,-0.003804129,-0.004410016,-0.27286315,297.09018,1080.0
10373,167.4479917005578,178.73028626211845,-0.015640937,-0.0015418724,0.0028909189,-0.27284524,298.8405,1080.0
10374,162.17956942935174,176.75538141670512,-0.01892621,-0.0008869878,0.0038210268,-0.27575254,304.9121,1080.0
10375,159.19125743772165,172.30233917942786,-0.012934932,-0.004402952,0.021635154,-0.28161073,306.3332,1080.0
10376,157.72942421254822,166.15195861141524,-0.02244681,-0.001025108,0.008847159,-0.27544245,300.39465,1080.0
10377,156.0048892009798,160.91612937895505,-0.029141914,0.0061364635,0.0012162951,-0.2738916,298.50946,1080.0
10378,153.3648396276053,160.17584477136887,-0.032041196,0.0015432852,-0.0050766557,-0.27326083,294.62903,1080.0
10379,151.1866349009108,164.66300867973376,-0.03430119,-0.0035689743,-0.0014895969,-0.27218357,294.50757,1080.0
10380,150.77492328703275,171.09820323846768,-0.037179112,-0.0014974524,-0.010034971,-0.27410486,294.54187,1080.0
10381,151.38065862835737,175.3435363737297,-0.036828954,-0.0010232431,-0.012751487,-0.27243233,291.70764,1080.0
10382,150.8686051340142,175.4509066031119,-0.035283405,-0.0030957258,-0.016119724,-0.26341835,281.3283,1080.0
10383,147.104571435717,170.68056022677274,-0.031888157,-0.0024542916,-0.0152539285,-0.2624073,281.28183,1080.0
10384,139.9315419306432,158.007784133799,-0.03136902,-0.0037354082,-0.014872459,-0.2674097,282.09442,1080.0
10385,132.37607855729405,135.65959828115402,-0.025026787,-0.0035367047,-0.011477774,-0.26990107,288.2461,1080.0
10386,128.74378129259645,112.23400202261608,-0.024450006,-0.0028322008,-0.009919456,-0.27188867,294.85202,1080.0
10387,132.64862935259202,104.17244162620625,-0.028149527,-0.003163486,-0.0056161387,-0.2771312,299.76233,1080.0
10388,145.04180243540273,119.67814311395597,-0.033826023,0.002323405,-0.016880855,-0.2620199,294.9864,1080.0
10389,161.73777451492327,148.246784122035,-0.037159786,0.0003536083,-0.016697975,-0.2783734,309.94882,1080.0
10390,174.96550466280837,170.10457975163527,-0.036853705,-0.0038896913,-0.014808259,-0.30205095,322.25235,1080.0
10391,178.31170043252635,175.18019902808527,-0.0350309,-0.0059935395,-0.009390372,-0.30085772,318.22897,1080.0
10392,171.3922631596396,167.87827638086432,-0.03500649,-0.0054455227,-0.017680867,-0.28913438,304.15485,1080.0
10393,160.3942332315343,156.1043274741507,-0.034546465,-0.0071550156,-0.017314205,-0.2914566,302.7226,1080.0
10394,151.0182861459249,141.96038866914608,-0.03172517,-0.0059540924,-0.013189019,-0.28976792,304.6277,1080.0
10395,143.0243518699467,123.84126080700665,-0.037100106,-0.0040350454,-0.02986586,-0.28200558,298.2271,1080.0
10396,135.68486546959122,105.94108425520241,-0.038306907,-0.003929421,-0.032347728,-0.28471065,299.09622,1080.0
10397,132.61265034262652,98.63332559141506,-0.03908307,-0.0043563843,-0.039488617,-0.28163728,297.7229,1080.0
10398,136.453147934222,106.30385894766174,-0.03833867,-0.0019747133,-0.03826633,-0.28081867,296.7637,1080.0
10399,144.5195059144306,122.54597660737569,-0.043905526,-0.0010748969,-0.030015621,-0.2838136,303.96066,1080.0
10400,152.44109637375513,139.0028383906245,-0.037534248,0.0018428096,-0.035313983,-0.28513584,297.7182,1080.0
10401,158.19100631180157,152.75854031700078,-0.039364792,0.0016866048,-0.033989463,-0.29111344,304.5401,1080.0
10402,161.84831400048367,163.99072673418925,-0.035963215,-0.0006713867,-0.024250397,-0.30104065,315.67947,1080.0
10403,163.81934601686487,171.3912594391063,-0.038346298,-0.00120211,-0.025897669,-0.30794027,322.2155,1080.0
10404,164.01667812572123,173.81421420406969,-0.040162377,-0.0013831245,-0.022213237,-0.31369454,328.33612,1080.0
10405,162.55754632797573,173.44081518323927,-0.04222887,-0.0014061822,-0.033523954,-0.31572622,329.0944,1080.0
10406,160.63197647437798,172.98124807434112,-0.041079488,-0.0031017163,-0.030020537,-0.31256905,325.98648,1080.0
10407,159.70659721731428,172.24262059182496,-0.03979679,-0.003042659,-0.0399895,-0.31131417,324.28558,1080.0
10408,160.01488920551964,170.0936554742254,-0.039370444,-0.0025279857,-0.032279234,-0.30867264,322.52338,1080.0
10409,160.64236276641932,167.04605955193605,-0.04162253,-0.0025407579,-0.025072055,-0.2980795,318.2443,1080.0
10411,161.05824567993176,164.49352287631734,-0.034317866,-0.0076259472,-0.030890232,-0.24084489,252.3363,1080.0
10412,161.85519976171776,163.13579415360243,-0.036053073,-0.006171841,-0.03283177,-0.24972579,261.49255,1080.0
10413,163.50422959267422,162.50245197010236,-0.035594232,-0.0038495664,-0.031887423,-0.25793344,268.86218,1080.0
10414,164.99000486321773,161.17336110431808,-0.037239864,-0.0040650545,-0.0374614,-0.26100498,271.24005,1080.0
10415,164.85878366255406,158.00374755171148,-0.03963216,-0.003612151,-0.04240542,-0.27132824,279.528,1080.0
10416,163.2447062275362,154.0469822845469,-0.041615747,-0.004523101,-0.04388914,-0.27523667,281.54422,1080.0
10417,161.70599037354947,152.1853011544696,-0.042811755,-0.0046389545,-0.041897073,-0.28170884,287.2025,1080.0
10418,161.30050294445022,153.85678029091835,-0.043206166,-0.00508615,-0.041702837,-0.28800794,293.64685,1080.0
10419,161.68870231942353,157.43383566192642,-0.04475465,-0.0055192737,-0.040229797,-0.2922536,298.65903,1080.0
10420,162.10818472840415,160.3843593473358,-0.045275822,-0.0060620345,-0.040486768,-0.29529995,302.16333,1080.0
10421,162.35572375890447,161.6606617247404,-0.045863118,-0.0071256286,-0.039620914,-0.3025662,310.64224,1080.0
10422,162.56367910806068,161.7229334184618,-0.046720546,-0.007341851,-0.040538196,-0.30369517,312.82248,1080.0
10423,162.78344777080756,161.35226428088473,-0.047747634,-0.007158972,-0.040756226,-0.3057763,315.98755,1080.0
10424,163.0039775978448,160.88024073285547,-0.049133472,-0.0089196665,-0.042487476,-0.30589572,315.7995,1080.0
10425,163.1564522156211,160.2252379276313,-0.04950714,-0.008703726,-0.03983324,-0.3099284,319.53207,1080.0
10426,163.16192127346932,159.32550918789966,-0.051768664,-0.009325098,-0.041419473,-0.3115493,322.12564,1080.0
10427,163.15513816508604,158.33598744629876,-0.052207835,-0.009415351,-0.03737058,-0.31513664,325.11832,1080.0
10428,163.49101565333817,157.4696277576556,-0.053804185,-0.009483733,-0.039591584,-0.31128094,322.3981,1080.0
10429,164.39370132748195,156.9882166666083,-0.0541561,-0.010397,-0.03812109,-0.30951357,319.5915,1080.0
10430,165.6578410465653,157.09060232369447,-0.054540057,-0.010388183,-0.037345942,-0.3125345,321.3739,1080.0
10431,166.79375912834152,157.45543668057996,-0.0543496,-0.01044741,-0.033384874,-0.31647724,326.05728,1080.0
10432,167.49991991850138,157.49948774020754,-0.054668117,-0.010811644,-0.031029651,-0.3156751,325.51593,1080.0
10433,167.9467425832085,157.15597599996545,-0.054643136,-0.010625938,-0.029009614,-0.31797788,327.32944,1080.0
10434,168.4354006081022,156.93881608657188,-0.054040246,-0.010600224,-0.026748318,-0.31689107,327.30908,1080.0
10435,168.8741834195096,157.4827176104108,-0.053936258,-0.010946995,-0.022860887,-0.3193178,329.14517,1080.0
10436,168.93830370326125,159.2647809775454,-0.053593952,-0.011564749,-0.024649896,-0.3229422,330.7379,1080.0
10437,168.60453762378717,162.53499122709897,-0.053579148,-0.012336674,-0.02639358,-0.32839084,334.6677,1080.0
10438,168.14298605940039,166.67929684435637,-0.053870138,-0.011639857,-0.026039293,-0.3287204,336.9194,1080.0
10439,167.71666688031087,169.91526563868953,-0.05427653,-0.011457656,-0.022947805,-0.32567546,335.6528,1080.0
10440,167.3734215090389,170.9166244014885,-0.05425494,-0.0118262395,-0.022325022,-0.3280435,338.38843,1080.0
10441,167.28014059020484,169.91748202898904,-0.054417137,-0.012079988,-0.022977984,-0.33531976,342.73593,1080.0
10442,167.552383462546,167.74508161736216,-0.0539093,-0.01217171,-0.020950317,-0.3335212,339.77173,1080.0
10443,168.0666396706622,165.31500008155265,-0.054332253,-0.012512546,-0.020108372,-0.33424586,345.79227,1080.0
10444,168.78789960647018,163.73904479460484,-0.054453928,-0.013122559,-0.017464306,-0.33052307,343.5165,1080.0
10445,169.91384541980008,163.59212121727893,-0.054489363,-0.012618623,-0.017279731,-0.33215702,344.22824,1080.0
10446,171.38729522404108,164.39301521896462,-0.054956846,-0.01305429,-0.018262848,-0.33450797,345.89462,1080.0
10447,172.6833788070724,165.40169335156736,-0.055367928,-0.01356009,-0.018584132,-0.33893043,347.76172,1080.0
10448,173.33840749597144,166.62278126763576,-0.05533775,-0.014241875,-0.016539058,-0.33690757,348.39807,1080.0
10449,173.44790844167034,168.46648661588728,-0.055524077,-0.013929184,-0.01622224,-0.33438292,344.23306,1080.0
10450,173.4913397634118,170.73038397688225,-0.055998627,-0.016072026,-0.01607067,-0.33263394,341.80496,1080.0
10451,173.7743828288386,172.62885521415245,-0.056577723,-0.016913295,-0.014819167,-0.32833493,337.80246,1080.0
10452,174.18383715337535,173.86439579957636,-0.057188585,-0.016568728,-0.012517972,-0.33008713,340.2349,1080.0
10453,174.44366549962572,175.07502847999004,-0.057617188,-0.016334929,-0.011377971,-0.32906395,341.51913,1080.0
10454,174.5348487025235,176.66736270814934,-0.057792097,-0.017108267,-0.011213967,-0.32861146,340.95236,1080.0
10455,174.8004175385157,177.8866027171271,-0.05756186,-0.01701615,-0.010860754,-0.3273568,338.93893,1080.0
10456,175.52234016037002,177.92569191095814,-0.057914563,-0.018259345,-0.008317001,-0.33161867,342.4517,1080.0
10457,176.5112597567099,177.0894497282958,-0.05813107,-0.017873185,-0.0059313173,-0.3344215,346.6089,1080.0
10458,177.16158910480812,175.82086932741865,-0.05854464,-0.017606495,-0.0060488665,-0.33835438,351.6276,1080.0
10459,176.7877217930421,173.7392545755457,-0.05819651,-0.017596379,-0.0016408284,-0.34278244,358.08966,1080.0
10460,175.20932569771978,170.88387631231723,-0.05955251,-0.018145526,-0.0018588596,-0.34343165,358.99377,1080.0
10461,173.24908298796473,168.55035898229087,-0.0597537,-0.018949382,-0.0043077823,-0.3430695,357.85748,1080.0
10462,172.2454657673142,167.92045920234816,-0.059320915,-0.019310959,-0.002003818,-0.34368178,357.7666,1080.0
10463,172.71990140965804,168.7671659495553,-0.059292942,-0.018839575,-0.00023334645,-0.34358573,358.53064,1080.0
10464,173.843588372819,169.88460780371375,-0.059875205,-0.018286586,-0.0015224881,-0.34325358,358.12646,1080.0
10465,174.49121188467075,170.4619319554219,-0.060049776,-0.01841233,-0.00010093406,-0.3446571,359.20312,1080.0
10466,174.3991472556011,170.62465740805177,-0.059712898,-0.019015672,0.0009784275,-0.3476407,362.49335,1080.0
10467,174.12425026278552,170.84151844013653,-0.05930238,-0.019305138,0.002299895,-0.3487517,364.2686,1080.0
10468,174.2434397877918,171.44908216502265,-0.059048407,-0.01937058,0.0051829587,-0.35292616,369.47073,1080.0
10469,174.72511255317576,172.53779367554833,-0.05968611,-0.019423421,0.007002202,-0.36003986,377.3551,1080.0
10470,175.1142444459985,173.89675545315544,-0.0594353,-0.020731835,0.009928442,-0.361693,379.4817,1080.0
10471,175.26017790766048,175.07726294738023,-0.059529226,-0.020749692,0.012984495,-0.36143923,378.97614,1080.0
10472,175.4655964545434,175.63833482025578,-0.059475537,-0.019975169,0.013817342,-0.3635186,380.67792,1080.0
10473,175.94424505375756,175.60962967488095,-0.059279323,-0.020091191,0.014515573,-0.36316198,380.21463,1080.0
10474,176.5828132607457,175.40580775487302,-0.059323177,-0.019973416,0.015275065,-0.36260608,378.43268,1080.0
10475,177.19043194432027,175.04584363627706,-0.06007289,-0.019865248,0.016795801,-0.36168662,376.6241,1080.0
10476,177.65838434913078,174.43651103299487,-0.06018671,-0.020514425,0.020344036,-0.36001602,376.4127,1080.0
10477,177.86570805010322,174.33967686752658,-0.060791977,-0.020917539,0.021973109,-0.35619605,373.47656,1080.0
10478,177.6102515377429,175.53620812302233,-0.06201347,-0.020538613,0.024804292,-0.35688293,375.45972,1080.0
10479,176.78799504961904,177.32913083362791,-0.06265355,-0.023252191,0.02592943,-0.3619051,380.32623,1080.0
10480,175.5686988402468,178.17649943835704,-0.06376642,-0.023599187,0.023832195,-0.36581263,383.2178,1080.0
10481,174.23812884375857,177.42601212116398,-0.06453456,-0.023929624,0.022568088,-0.3659844,382.66873,1080.0
10482,172.99338910422208,175.88696992417127,-0.0644724,-0.024003262,0.023766298,-0.36979213,386.91266,1080.0
10483,171.9903956656945,175.1171497882764,-0.06493197,-0.023455754,0.028050572,-0.370924,389.56882,1080.0
10484,171.39704823728383,176.0359718630601,-0.064438485,-0.023360133,0.033441104,-0.37191823,391.7979,1080.0
10485,171.25148163908108,177.9441370282322,-0.064196326,-0.022821667,0.039073803,-0.37258074,393.9964,1080.0
10486,171.2845012462428,179.2830744723888,-0.06398948,-0.022207584,0.040928256,-0.37356058,395.4248,1080.0
10487,171.03194873378015,179.38771773172638,-0.063857526,-0.022165878,0.043235496,-0.37547985,398.6916,1080.0
10488,170.29080409994057,178.90493190928757,-0.06304123,-0.02348514,0.047197696,-0.37423226,399.0723,1080.0
10489,169.36341921471322,178.50945278562793,-0.063033156,-0.023400031,0.04777753,-0.3776344,401.31134,1080.0
10490,168.76841683673072,178.032114137446,-0.06375308,-0.024579875,0.047328357,-0.3819515,403.30887,1080.0
10491,168.86395165899498,177.08166640093128,-0.06408132,-0.023894077,0.047737688,-0.38081416,401.00534,1080.0
10492,169.5337400017346,175.81664974068906,-0.06506461,-0.025306702,0.048383586,-0.38467336,407.84882,1080.0
10493,170.12840707880065,174.86148219549065,-0.06634143,-0.026340399,0.050025318,-0.38430038,409.95532,1080.0
10494,170.2386383911183,174.76995298830383,-0.06807726,-0.027516965,0.048782688,-0.3844548,410.33582,1080.0
10495,170.31187493151043,175.40306475447963,-0.069365606,-0.02818383,0.045823783,-0.38425753,410.4545,1080.0
10496,170.95134584076547,175.85762098445466,-0.06976087,-0.028355181,0.041544598,-0.38671595,412.01175,1080.0
10497,172.12938989845082,175.43485801770933,-0.06946564,-0.028747614,0.04170436,-0.3852932,410.70383,1080.0
10498,173.40381185583874,174.45616285759274,-0.06946094,-0.027021732,0.038100462,-0.38267908,406.03937,1080.0
10499,174.44829205827529,173.74537173821886,-0.069141924,-0.028799439,0.03904323,-0.38720167,406.84973,1080.0
10500,175.2635087432439,173.65109733062957,-0.06850128,-0.028709864,0.04124699,-0.38121098,402.75757,1080.0
10501,175.97476526815663,173.93545628326993,-0.06977319,-0.027163584,0.040933963,-0.37629712,396.7452,1080.0
10502,176.4975259856677,174.22668844280162,-0.06689628,-0.0256138,0.040355258,-0.37026942,389.91043,1080.0
10503,176.60439786029326,174.39424187440096,-0.06822091,-0.023221107,0.034891706,-0.36564723,384.55908,1080.0
10504,176.30786510285145,174.82500644065627,-0.068084374,-0.023317408,0.031994514,-0.3678318,385.29434,1080.0
10505,175.9819742522639,176.02561887456767,-0.067492165,-0.023928382,0.033999633,-0.3727832,388.6628,1080.0
10506,176.01517840016098,177.7857919233866,-0.06948824,-0.02234062,0.022975216,-0.3681709,380.87595,1080.0
10507,176.4072502320143,179.21962872519663,-0.070216596,-0.022953458,0.017133359,-0.36969975,381.0845,1080.0
10508,176.87134049533728,179.55292283746172,-0.07021343,-0.021147156,0.019911928,-0.36845928,381.8686,1080.0
10509,177.22427360048425,178.7472440086154,-0.06831778,-0.022810703,0.017299341,-0.36652023,379.09735,1080.0
10510,177.491024714967,177.5892719664936,-0.0682976,-0.020754665,0.014847423,-0.3600846,372.59134,1080.0
10511,177.86128515359303,177.0741192596367,-0.06823657,-0.021644987,0.011252792,-0.3595395,370.9152,1080.0
10512,178.5305046498723,177.56386766309402,-0.06812999,-0.021117711,0.013452544,-0.35682607,371.7532,1080.0
10513,179.3366193571149,178.55269344094472,-0.068156995,-0.021366091,0.0077086836,-0.35742536,370.98596,1080.0
10514,179.84529405648598,179.1259112342571,-0.067980394,-0.021356598,0.0017132794,-0.35356814,367.16953,1080.0
10515,179.8747851416951,178.62553140849533,-0.06806437,-0.019752108,-0.0022057428,-0.35135174,364.83118,1080.0
10516,179.58982113702265,177.12195101842963,-0.0682507,-0.019669652,-0.003924278,-0.35162506,365.37195,1080.0
10517,179.17700536255927,175.39342970293424,-0.06772495,-0.019620147,-0.0063893637,-0.34960407,362.63715,1080.0
10518,178.71630335804562,174.35555958013353,-0.066847734,-0.019903677,-0.012832359,-0.3471832,358.20065,1080.0
10519,178.32837945862286,174.3604354236945,-0.06730398,-0.018977413,-0.017275322,-0.3505708,360.7294,1080.0
10520,178.25651030638912,174.90454874353654,-0.06791246,-0.019157296,-0.02386808,-0.34974104,358.77747,1080.0
10521,178.6544286692736,175.08826231900022,-0.07008384,-0.018114952,-0.038033832,-0.3481857,354.26108,1080.0
10522,179.27863881549865,174.5192666666752,-0.071680255,-0.016310006,-0.043278728,-0.35743228,363.7942,1080.0
10523,179.5991114100231,173.54050690416938,-0.07163798,-0.016543183,-0.050088897,-0.36028534,369.3253,1080.0
10524,179.3848402979316,172.5666147908453,-0.069277674,-0.016809873,-0.05265277,-0.35760912,365.9472,1080.0
10525,178.9643059429242,171.73372013023518,-0.069359675,-0.016323796,-0.0570989,-0.3600667,368.3246,1080.0
10526,178.72746050765716,171.13981754288264,-0.069933854,-0.01585292,-0.055261455,-0.36346915,373.26492,1080.0
10527,178.669703172011,171.05176013809165,-0.0731399,-0.0135991415,-0.064238764,-0.362819,371.2228,1080.0
10528,178.64015337478028,171.8295358043946,-0.071544394,-0.015326662,-0.060690083,-0.36519226,376.20285,1080.0
10529,178.65945711906681,173.3171665385513,-0.07114185,-0.015107501,-0.064554684,-0.36340615,373.84274,1080.0
10530,178.65718526515124,174.52608554092336,-0.070506625,-0.013463677,-0.064150885,-0.36625478,378.15958,1080.0
10531,178.28832775293642,174.60793238498582,-0.07139531,-0.011965659,-0.0679713,-0.36237997,374.8276,1080.0
10532,177.3137854400208,173.7111889841873,-0.0718563,-0.011837938,-0.067984916,-0.36046192,372.73874,1080.0
10533,175.9112970651698,172.53004516526747,-0.071165636,-0.011833699,-0.06697484,-0.3549851,368.13852,1080.0
10534,174.67713199544846,171.67385618755057,-0.07086464,-0.012463662,-0.0718793,-0.34707916,359.4545,1080.0
10535,174.31906193353203,171.5051491636235,-0.07078473,-0.010858889,-0.0790073,-0.34380442,354.62033,1080.0
10536,174.94790601914318,172.00004465869287,-0.07141978,-0.010300304,-0.08840372,-0.33530036,346.32034,1080.0
10537,175.909796473384,172.72845848861303,-0.07161916,-0.009897981,-0.09028326,-0.3335255,344.49493,1080.0
10538,176.5999107202845,173.17376726120014,-0.06889886,-0.01016987,-0.08528267,-0.32717073,339.79785,1080.0
10539,177.05020687306654,173.13440634048646,-0.06749008,-0.010335286,-0.08521542,-0.3224905,336.46814,1080.0
10540,177.60562374645056,172.84192355683015,-0.06707215,-0.010541845,-0.08327179,-0.31647643,330.26886,1080.0
10541,178.14533850756075,172.7069131242361,-0.06717247,-0.009410095,-0.08124429,-0.31207138,325.14563,1080.0
10542,177.81392789959236,173.08533318617594,-0.06738524,-0.009193929,-0.07534445,-0.3066433,322.1646,1080.0
10543,176.0521267611631,174.20147170528278,-0.06888665,-0.011211762,-0.08249546,-0.2908241,304.844,1080.0
10544,173.67369567698546,175.84535476415084,-0.0687405,-0.010576262,-0.081453115,-0.27913052,292.4685,1080.0
10545,172.13183610145455,177.30201471259406,-0.067235254,-0.0107550165,-0.07840463,-0.27559978,287.61337,1080.0
10546,171.9669734057453,178.08875865580958,-0.06727922,-0.011095514,-0.07948196,-0.2742052,284.63974,1080.0
10547,172.5243211265027,178.41158525675604,-0.06806008,-0.011866365,-0.0837317,-0.27330208,283.4872,1080.0
10548,172.86520097816305,178.6436667461887,-0.069219634,-0.012564087,-0.08225646,-0.275441,284.75095,1080.0
10549,172.54791388371336,178.867135892424,-0.06797406,-0.014002595,-0.07997154,-0.2728075,282.15604,1080.0
10550,171.7700319574533,178.99383817612707,-0.067186594,-0.013834014,-0.07797823,-0.27142212,281.98492,1080.0
10551,171.12112349440272,178.99083674158882,-0.06698665,-0.013385349,-0.077892445,-0.26678887,278.99313,1080.0
10552,171.01563765103415,178.89751297484835,-0.06660077,-0.013018007,-0.07207546,-0.26905358,282.8937,1080.0
10553,171.33884119162423,178.73099888938322,-0.06613148,-0.013483966,-0.06827545,-0.27467006,286.4819,1080.0
10554,171.86609489963243,178.50557240102574,-0.066593766,-0.012534417,-0.06685955,-0.27229962,284.32736,1080.0
10555,172.58055553533728,178.30044792991546,-0.06683271,-0.013143921,-0.06223156,-0.27087358,282.13232,1080.0
10556,173.39657023452037,178.21747043463446,-0.067341276,-0.015065794,-0.06304525,-0.27869442,284.97528,1080.0
10557,174.04578042254724,178.27284035780235,-0.06791365,-0.016012065,-0.064169936,-0.2746801,281.10468,1080.0
10558,174.32978602575312,178.4179663912051,-0.06787759,-0.015067658,-0.062417038,-0.27807006,283.56772,1080.0
10559,174.2812244697136,178.62756393207283,-0.06834954,-0.015339152,-0.05683017,-0.27937526,285.01337,1080.0
10560,173.9804666338404,178.8052744050428,-0.06853288,-0.015462466,-0.050615948,-0.27897948,284.2399,1080.0
10561,173.29228563449863,178.8330201890684,-0.069959626,-0.015304961,-0.04541524,-0.27930444,284.76318,1080.0
10562,172.14936406319325,178.76037722191043,-0.07023773,-0.017274363,-0.048828125,-0.27729452,279.83234,1080.0
10563,171.21707437089242,178.6697438756798,-0.0709124,-0.01742192,-0.046462223,-0.28166693,283.76154,1080.0
10564,171.5454661918265,178.63199291104343,-0.072280146,-0.01997432,-0.044110447,-0.2874807,289.44882,1080.0
10565,173.27226312178212,178.78450846256223,-0.072804146,-0.022241324,-0.03849527,-0.29672936,299.09213,1080.0
10566,175.2816600307971,179.08861834365624,-0.07366163,-0.02432138,-0.033895195,-0.30384278,302.38495,1080.0
10567,176.25922828848147,179.24996172949722,-0.074171,-0.025919257,-0.028276967,-0.3095029,305.94635,1080.0
10568,176.11812893047298,178.91990540516787,-0.07352069,-0.027165392,-0.02406752,-0.30968562,308.06516,1080.0
10569,176.0937266450179,177.8106494303769,-0.07514626,-0.028196547,-0.022644099,-0.3168736,313.1187,1080.0
10570,176.84617916519375,175.8753940284619,-0.07865013,-0.029253472,-0.016996821,-0.32858178,324.69073,1080.0
10571,177.39207316484786,173.5123113392507,-0.08001935,-0.02677358,-0.013695441,-0.33126155,334.57706,1080.0
10572,176.39689091827333,171.42001603518088,-0.08075025,-0.024268935,-0.012885426,-0.33292624,336.44247,1080.0
10573,173.3516382298898,169.97067261021311,-0.07676963,-0.023768503,-0.0012784605,-0.3327587,346.0026,1080.0
10574,168.4974466327283,168.77084920450594,-0.076660894,-0.020322276,0.016954549,-0.34126827,359.6988,1080.0
10575,162.7519140510426,167.29718621766014,-0.077862605,-0.020101193,0.017611751,-0.34761095,367.78693,1080.0
10576,157.4108358049595,165.84657159823323,-0.077563874,-0.02143662,0.034396138,-0.34958103,376.59564,1080.0
10577,153.06706777955583,165.2788980111075,-0.07856982,-0.026781209,0.030555611,-0.36144277,386.73813,1080.0
10578,149.59851212700966,165.7466946308382,-0.0775984,-0.02675736,0.041863337,-0.3677836,396.8314,1080.0
10579,147.9713375366148,166.1482223727985,-0.08325659,-0.024596095,0.049612425,-0.3814398,410.4503,1080.0
10580,150.57165035848487,165.3781872993074,-0.08846396,-0.028683528,0.061449066,-0.37897083,416.70538,1080.0
10581,158.0993827646886,163.558701981137,-0.090414315,-0.021753496,0.09512284,-0.37967235,423.13382,1080.0
10582,167.582879625792,161.07306220958196,-0.08765829,-0.0261413,0.11395456,-0.37192398,423.71368,1080.0
10583,174.64063618248215,157.71081409394253,-0.08095997,-0.026457837,0.117085434,-0.369631,418.81583,1080.0
10584,176.21639837603166,153.81621467474446,-0.084761105,-0.025148915,0.13469826,-0.37217298,434.0558,1080.0
10585,172.0137065666808,150.38333239017305,-0.082632504,-0.02372007,0.1574958,-0.37004393,450.5462,1080.0
10586,165.08363828110828,146.8079869589721,-0.08537253,-0.025083415,0.18160468,-0.3669915,467.44653,1080.0
10587,159.3890804884913,140.01601091906838,-0.08794748,-0.027819881,0.19535737,-0.36833972,474.9934,1080.0
10588,155.65372106257527,128.34189669266388,-0.08749621,-0.029117782,0.2151175,-0.36767775,490.51965,1080.0
10589,151.20767277352454,115.30677410401306,-0.08598548,-0.022737743,0.22908427,-0.3535472,501.45316,1080.0
10590,143.90420831383966,105.7130192861361,-0.08581967,-0.026320055,0.2387805,-0.35181883,504.6829,1080.0
10597,134.9583042559039,101.4095925858848,-0.006860069,-0.03000679,0.2691709,-0.10894943,284.56097,1080.0
10599,125.88938852666391,102.0457517094419,0.058353394,-0.0052085877,0.08118354,0.22895938,248.4594,1080.0
10600,111.46404213745659,100.72826309263498,0.015430987,-0.014369032,-0.011814654,0.21100964,255.20996,1080.0
10601,85.99542770995566,86.16651266085252,0.04031338,-0.010639502,0.014785315,0.22909701,263.48907,1080.0
10602,58.5454827244242,59.926121580741864,0.055998288,0.0051278854,0.064447306,0.21231256,240.59924,1080.0
10603,44.48179513155329,38.31445389403943,0.08679844,0.007397828,0.14899892,0.11824813,121.505714,1080.0
10604,46.093443024342854,33.91547336967219,0.09194912,-0.0011770178,0.1672652,0.057901368,58.480713,1080.0
10605,55.314057190343746,45.82616989147693,0.093531914,-0.0015154238,0.17378472,0.039408762,39.842007,1080.0
10606,63.372067150973976,64.44560984952231,0.09275936,0.005746347,0.17217633,-0.047442514,38.79932,1080.0
10607,62.737930629896226,80.09632223704973,0.09442777,0.0019241899,0.17769295,-0.04124965,47.803368,1080.0
10608,53.73677681510254,89.15404506943717,0.09049129,0.0051891184,0.17009231,-0.040023632,47.094063,1080.0
10609,47.04688767373188,93.61411289069025,0.09138703,0.0034015232,0.18205447,-0.032466464,43.026318,1080.0
10614,52.84559033389799,98.01933403683543,-0.0828216,-0.017881606,-0.090324625,-0.5018467,522.01965,1080.0
10615,76.54973600647483,110.06082590745334,-0.083874285,-0.014480478,-0.08439953,-0.5374141,562.819,1080.0
10616,117.91351069627977,135.2817434373875,-0.08817676,-0.008099365,-0.079824775,-0.56983346,599.54095,1080.0
10617,162.6204994083695,165.9524310393928,-0.095207274,-0.0059213145,-0.08765055,-0.57818085,609.00244,1080.0
10618,189.75751734012124,186.00661054655936,-0.09418917,-0.010302847,-0.083586626,-0.59166044,625.3755,1080.0
10619,192.8031892981696,188.4009470740783,-0.100422665,-0.010672449,-0.099565916,-0.60331196,638.37476,1080.0
10620,182.87488257365354,179.9614358946102,-0.10178477,-0.0032323766,-0.11145037,-0.60650736,641.0367,1080.0
10621,174.32043661483647,171.58335173707027,-0.10054994,-0.008125814,-0.100403905,-0.6105974,647.0879,1080.0
10622,173.19353684899644,168.6506205022605,-0.10134588,-0.015670551,-0.09019979,-0.60387653,641.7867,1080.0
10623,176.99598318534206,169.9428509953397,-0.10220721,-0.012496609,-0.101570524,-0.6105161,648.758,1080.0
10624,180.7405275920034,172.0712770400437,-0.09955919,-0.0100168865,-0.10874589,-0.61075866,646.5836,1080.0
10625,181.8216001039572,172.8998299731904,-0.098619476,-0.0095859105,-0.11208451,-0.6072253,642.1133,1080.0
10626,180.77976569445656,172.04540580746195,-0.09576009,-0.0030649821,-0.1225387,-0.6054802,640.8952,1080.0
10627,179.43150667810198,170.24160326074065,-0.09445473,-0.00525637,-0.11864918,-0.6022643,638.5722,1080.0
10628,178.96076700050287,168.78577813904016,-0.11556329,-0.005102313,-0.14049467,-0.5963881,633.0614,1080.0
10629,179.33553632291643,168.87973256365268,-0.1019633,-0.0062684235,-0.123397715,-0.5874336,626.0094,1080.0
10630,179.81815683221842,170.52867434609936,-0.10059114,-0.0085244635,-0.11906761,-0.58593684,625.1073,1080.0
10631,179.68813866995032,172.55202788861777,-0.11871146,-0.0074074073,-0.146377,-0.6040395,645.02655,1080.0
10632,178.69933452195286,174.2429347731906,-0.10858957,-0.009148831,-0.14575693,-0.61037266,652.56506,1080.0
10633,177.28137399844917,175.58909821316524,-0.107926436,-0.0074998643,-0.15851203,-0.6278389,674.867,1080.0
10634,176.36648794593177,175.95161711701815,-0.109067,-0.006934046,-0.16926382,-0.61710835,666.0348,1080.0
10635,176.69891129281672,174.55116015894723,-0.109428346,-0.007046735,-0.1800493,-0.60752064,657.5744,1080.0
10636,178.09764988043585,171.9950963132001,-0.111594416,-0.007293588,-0.17846985,-0.60614127,655.5561,1080.0
10637,179.51810828898095,170.00246324817152,-0.10924174,-0.0044735377,-0.18137173,-0.6122373,661.16095,1080.0
10638,179.96142225873655,169.7842872531981,-0.11144183,-0.0049568457,-0.1861007,-0.6110756,659.3285,1080.0
10639,179.25840250815233,171.15873297937446,-0.11064826,-0.0050520157,-0.18753064,-0.61058325,661.71014,1080.0
10640,178.053546994891,173.04425627330474,-0.11356574,-0.004235388,-0.18673559,-0.60970545,663.711,1080.0
10641,177.20645296469758,174.40813596674835,-0.11231859,-0.0040253815,-0.18268399,-0.6055542,659.878,1080.0
10642,177.03350493531016,174.89912379692856,-0.112203866,-0.008241667,-0.18088311,-0.60444975,655.30475,1080.0
10643,176.9115044828345,175.10652496831312,-0.1085977,-0.0066410773,-0.18436256,-0.602193,653.0995,1080.0
10644,175.91741452789347,176.03158072553308,-0.11074716,-0.0040207473,-0.18296035,-0.5872411,636.8315,1080.0
10645,174.0292529208977,177.85582523993193,-0.11132767,-0.0023645472,-0.19476794,-0.58145195,632.2169,1080.0
10646,172.2336174987598,179.63260979760156,-0.11151903,-0.0016056767,-0.19804417,-0.57630473,629.68713,1080.0
10647,171.37713539240744,180.4429828346273,-0.11101583,-0.0011341237,-0.20448835,-0.5717158,627.7642,1080.0
10648,171.43322870132798,180.2996226112219,-0.10828292,0.000559828,-0.20871367,-0.56892025,628.91736,1080.0
10649,171.90028547841356,179.78475707822744,-0.10582128,0.0018024585,-0.20614211,-0.5653255,627.7096,1080.0
10650,172.45243071081316,179.32336482035043,-0.1154602,-0.00013518157,-0.2095697,-0.5617142,625.0794,1080.0
10651,173.1878819460701,178.98220546704408,-0.124784455,0.0057766386,-0.21957754,-0.5647848,629.0387,1080.0
10652,174.42756602053385,178.68630346020575,-0.12236848,0.0015433982,-0.21932097,-0.5613167,621.4795,1080.0
10653,176.01142007094046,178.47612654114963,-0.10787647,0.00067217794,-0.21127099,-0.5587872,617.70135,1080.0
10654,176.9394094613279,178.4530849839479,-0.11529174,-0.006503522,-0.21916454,-0.5590298,613.966,1080.0
10655,176.3447300498346,178.53674023291782,-0.10730133,-0.0059694643,-0.1933418,-0.556435,611.68805,1080.0
10656,174.64868443358063,178.61577876952438,-0.105332494,-0.0073713516,-0.18752001,-0.55738044,613.1675,1080.0
10657,173.24756706457995,178.74063733781438,-0.11646649,-0.0072508636,-0.20080312,-0.5552181,612.96014,1080.0
10658,173.1014027406047,178.90248703608734,-0.09800986,-0.0073113334,-0.16707838,-0.5553542,612.9032,1080.0
10659,173.90783808485466,178.9943303081086,-0.09905876,-0.008419687,-0.16723107,-0.5545564,611.9761,1080.0
10660,174.77048647993536,179.01015093791744,-0.11469427,-0.009350812,-0.17966455,-0.55582553,613.29193,1080.0
10661,175.26634372804776,178.99221559063412,-0.113136746,-0.005976924,-0.19384387,-0.5588423,620.1056,1080.0
10662,175.52142432498636,178.89235165002302,-0.11577504,-0.010741283,-0.18197288,-0.56402487,625.88495,1080.0
10663,175.59152226798872,178.4943711369046,-0.10367031,-0.009970093,-0.17606398,-0.5930462,635.0812,1080.0
10664,175.22241395693726,177.52078082821234,-0.09484157,-0.02049798,-0.15331902,-0.6011225,621.44763,1080.0
10665,174.4314768869857,176.18066728120812,-0.09532567,-0.020072542,-0.12744774,-0.5908762,616.4287,1080.0
10666,173.98663320762807,175.38611900038154,-0.08862322,-0.0143585205,-0.09891906,-0.587937,615.9256,1080.0
10667,174.58885124176706,175.91865140095962,-0.07453167,-0.007728633,-0.10285707,-0.5809674,613.7237,1080.0
10668,175.7449715807396,177.3704241569811,-0.07798185,-0.006865325,-0.12042276,-0.5807435,614.9815,1080.0
10669,176.21950934117262,178.1700343043076,-0.08166278,-0.005336846,-0.12770453,-0.5755145,610.40375,1080.0
10670,175.48953458010473,177.15072206139462,-0.085425034,-0.0053432886,-0.14661685,-0.5834306,619.136,1080.0
10671,173.90755130490555,174.0201843619759,-0.08831267,-0.006113462,-0.14438364,-0.59059525,620.23535,1080.0
10672,171.00450712778894,166.65413415693544,-0.07884335,-0.010703758,-0.1277064,-0.57557166,606.00543,1080.0
10673,165.4969919083369,152.31226973268582,-0.071250126,-0.00849485,-0.10423703,-0.5709204,605.07324,1080.0
10674,159.42539713896775,135.8555084216178,-0.06594679,-0.008110329,-0.08372091,-0.5681946,606.2724,1080.0
10675,158.79233694219167,129.39600411007416,-0.06407878,-0.006460119,-0.08994898,-0.5679864,606.2218,1080.0
10676,165.99074932983817,138.45639131805493,-0.05987707,-0.0097327335,-0.08830323,-0.5552466,591.24866,1080.0
10677,175.74008268065901,155.45714939361343,-0.058331694,-0.012444504,-0.09766959,-0.55850327,591.3367,1080.0
10678,181.22081576573905,168.76334722480925,-0.054002494,-0.009933584,-0.09794995,-0.56231713,594.7122,1080.0
10679,180.61211653807177,172.62211512374554,-0.059413485,-0.009096612,-0.107081376,-0.56434363,596.49725,1080.0
10680,177.04484196459163,169.2616185784308,-0.06970073,-0.00875425,-0.10391721,-0.5680012,599.1475,1080.0
10681,174.53276006705843,165.36778689283224,-0.0782998,-0.00891102,-0.11346825,-0.563542,593.575,1080.0
10682,174.40666686991068,166.2103739556258,-0.09468028,-0.008783863,-0.10614867,-0.5642436,588.45874,1080.0
10683,175.25976739902876,171.71762214809806,-0.09523185,-0.013215016,-0.1432876,-0.5608243,585.7313,1080.0
10684,175.5156743345022,177.73524375680304,-0.106032535,-0.010379819,-0.15059781,-0.5739593,603.522,1080.0
10685,175.11599355531317,180.44312741849964,-0.1136942,-0.008242345,-0.15713337,-0.59008384,624.2838,1080.0
10686,175.00506979376223,179.39480879350586,-0.11340264,-0.0046235262,-0.16408709,-0.6014114,641.8434,1080.0
10687,175.73046393430565,177.06983387687933,-0.12204087,0.0017432319,-0.18214495,-0.5941619,640.95325,1080.0
10688,176.84152896248224,176.17013646926387,-0.12694708,0.0004720052,-0.18764564,-0.6073833,657.3974,1080.0
10689,177.63497960214136,177.32298571027314,-0.13828905,0.0020286278,-0.19751891,-0.61951125,673.1952,1080.0
10690,178.0808703181349,179.123729530534,-0.1400875,6.0470014e-05,-0.19919191,-0.62216353,673.6359,1080.0
10691,178.5619857679995,180.0343775635592,-0.1377538,5.741826e-05,-0.1978185,-0.62424314,674.81335,1080.0
10692,178.98084379229545,179.8037618387568,-0.12910761,-0.005895883,-0.18793882,-0.62287813,667.19147,1080.0
10693,178.76985713762426,179.17319254752164,-0.12589015,-0.0033533168,-0.16930954,-0.6187309,661.50165,1080.0
10694,177.86563330807084,178.86818879282012,-0.127444,-0.001941144,-0.17082146,-0.6223404,664.3609,1080.0
10695,177.11484877573045,179.0686507916066,-0.13373707,-0.003797743,-0.1626899,-0.6196593,656.48517,1080.0
10696,177.31798041969364,179.5046678659483,-0.1312057,-0.007365135,-0.13811453,-0.6229079,656.2411,1080.0
10697,178.26760136678902,179.80239441314734,-0.12781349,-0.009237897,-0.107085615,-0.62477463,658.97107,1080.0
10698,179.05029118471614,179.56027147360575,-0.12393934,-0.007330661,-0.10864687,-0.6281251,662.38715,1080.0
10699,178.78471962651483,178.26722801920846,-0.11376795,-0.008719211,-0.08109617,-0.6307671,665.86536,1080.0
10700,176.7511405600111,175.71252168267907,-0.1148745,-0.0096780285,-0.07246998,-0.6349908,671.69305,1080.0
10701,171.45234888294308,171.1925193312532,-0.11072942,-0.0036630137,-0.06394246,-0.6447765,680.80725,1080.0
10702,159.74121574537202,161.67778724572435,-0.10284582,0.002883459,-0.04587504,-0.64702356,699.79193,1080.0
10703,140.808825642104,145.41858296939208,-0.08279227,0.012365044,-0.04478997,-0.6392221,694.68085,1080.0
10704,119.15011610332644,125.35911980338497,-0.057582263,0.01842041,0.00823466,-0.60230297,678.2511,1080.0
10705,96.8074751236901,102.98184582011862,-0.06251543,0.008920853,0.04891572,-0.61726576,680.6074,1080.0
10706,71.64102455573321,78.64331082139493,-0.040493265,-0.000559715,0.067492,-0.58051056,628.16425,1080.0
10707,49.10246240504753,61.07498274806242,-0.02713527,0.0104289865,0.075595036,-0.5292868,594.0124,1080.0
10708,42.91584633549482,62.147121497130726,-0.031017954,0.0012232462,0.076372616,-0.46701247,501.8733,1080.0
10709,58.05317839571173,79.35400631068731,-0.011866082,0.009086778,0.111632794,-0.46980587,519.8129,1080.0
10710,78.55963699267934,92.1005157678367,-0.0149535565,0.009214161,0.08916355,-0.46058762,516.01697,1080.0
10711,83.10003110623221,83.74828622596397,-0.02086419,0.007759716,0.07832975,-0.4398214,493.25867,1080.0
10712,74.17410515425246,65.12090229833342,-0.009824004,0.0053331163,0.07041027,-0.4422146,499.32098,1080.0
10713,77.0422407945525,64.75408398293786,-0.019265013,0.0010342633,0.04939835,-0.40777233,445.44016,1080.0
10714,107.09319954628377,96.6738895692566,-0.014200225,0.0053787795,0.05939444,-0.37108824,407.81332,1080.0
10715,150.9335937198611,145.17395346270902,-0.022699201,0.0041839033,0.021828037,-0.3506903,382.28397,1080.0
10716,181.53568430488414,181.4238640467406,-0.029583514,0.0022618612,0.02485781,-0.34006032,386.56836,1080.0
10717,182.95930533301188,190.60644377894977,-0.015221659,0.0072534066,0.009338322,-0.32325742,367.76764,1080.0
10718,161.29481848492696,178.84814878537907,-0.00838007,0.010119572,0.024120528,-0.32204324,377.34808,1080.0
10719,139.76852451730414,160.0110117934635,-0.012184369,0.011166665,0.004892307,-0.3239726,372.3721,1080.0
10720,138.7261506318153,145.60601186525471,-0.0064061484,0.022829635,0.014474035,-0.30100283,347.02112,1080.0
10722,156.20407138579915,142.18055718657598,-0.14908424,0.009199015,-0.24875872,-0.6419229,711.7233,1080.0
10723,174.55860609004876,149.7724901005334,-0.13677956,0.009036933,-0.25867355,-0.6335095,700.7906,1080.0
10724,182.30357492514526,163.3075697689322,-0.14307772,0.008597254,-0.23793934,-0.6200939,691.74493,1080.0
10725,181.1805985846014,175.88720050142334,-0.14713518,0.0027088306,-0.23236835,-0.6605875,697.8961,1080.0
10726,175.89814204162946,181.10152095551103,-0.09036928,-0.0050575538,-0.11712245,-0.6291552,668.23206,1080.0
10727,161.4387403711965,172.62359143806458,0.05386138,0.0019073486,0.1423541,-0.5927765,639.1596,1080.0
10728,126.2550134504783,147.20420245106922,0.07354883,-0.0038371899,0.18145797,-0.5987025,639.0381,1080.0
10729,74.36422361763805,117.391974357701,0.06341728,-0.01672951,0.15821482,-0.55191517,580.4658,1080.0
10730,30.930920836540967,107.9588046116637,0.0081491545,-0.013088876,-0.004933562,-0.50250876,538.996,1080.0
10731,15.653280999427537,125.149059549137,-0.05601682,-0.00053778756,-0.1428868,-0.48251987,538.31177,1080.0
10732,27.745921295031042,148.79403282728975,-0.08042698,0.0038273565,-0.18140705,-0.47365052,530.1495,1080.0
10733,61.5530784959816,162.20443816257642,-0.11546343,-8.906612e-05,-0.1702837,-0.45395502,507.4397,1080.0
10734,112.21894433460346,167.53163201159518,-0.12404423,0.00023385507,-0.20032753,-0.4947349,546.9465,1080.0
10735,163.13962465436796,171.93180840595446,-0.13831341,0.009381669,-0.21645293,-0.5265246,584.7329,1080.0
10736,192.48777973976522,176.5506000417209,-0.13845094,0.011284609,-0.24467818,-0.5233677,585.7747,1080.0
10737,194.53928408620334,179.0410984784816,-0.13756783,0.010343085,-0.23704141,-0.5245918,584.89105,1080.0
10738,182.1808287489739,178.6105590263295,-0.14071587,0.009070164,-0.24011773,-0.5226761,582.34045,1080.0
10739,171.60557096336402,176.98136702603634,-0.13279077,0.011173276,-0.25658777,-0.53625166,599.7617,1080.0
10740,169.95707189660868,176.2909203434771,-0.12713021,0.014739764,-0.26939207,-0.54034394,610.8224,1080.0
10741,174.56127280523287,177.18528100496033,-0.12238214,0.011728244,-0.24682608,-0.5440889,609.28796,1080.0
10742,179.44550393213586,178.70274763264715,-0.12027945,0.012414889,-0.25575718,-0.54457927,612.3598,1080.0
10743,179.79542969166823,178.11003103794374,-0.065546125,0.02499401,-0.21329547,-0.54770553,613.43,1080.0
10744,171.37553421201855,170.36831229835573,-0.037120197,0.038702507,-0.15183277,-0.46620375,559.00476,1080.0
10745,153.35198283967122,152.69759270045495,-0.04454891,0.04044879,-0.15647192,-0.40167287,504.1333,1080.0
10749,131.93894808372147,128.90262264298204,-0.05539562,-0.01155842,-0.09542982,-0.38127604,397.01105,1080.0
10750,112.52632392180938,103.14805300636925,-0.063850574,-0.006062204,-0.11006628,-0.36551315,399.61542,1080.0
10751,93.9015607678551,77.1968042859246,-0.07798756,0.0020452428,-0.13089848,-0.334682,369.05347,1080.0
10752,75.84588808736146,58.204235819462966,-0.05963971,0.011625162,-0.09921558,-0.3043303,342.94162,1080.0
10753,63.337836015510995,55.78895327768238,-0.025766218,0.015098515,-0.039699413,-0.22401363,273.45938,1080.0
10754,64.94372291526113,69.71966710043851,-0.027503345,0.014211641,-0.04187475,-0.16250856,192.77432,1080.0
10755,88.66372654539495,90.97601916152038,-0.028785197,0.0052558617,-0.037402004,-0.13441007,153.18958,1080.0
10756,129.94605898014123,112.2182556725538,-0.036614764,0.0072625056,-0.055139273,-0.17615998,182.64557,1080.0
10757,168.2645667470269,130.940344485362,-0.051525652,0.0034266154,-0.09056668,-0.1336742,146.90787,1080.0
10758,184.6069807576457,146.90259796969866,-0.017916191,0.0013521548,-0.02907455,-0.21210045,231.10245,1080.0
10759,179.24057748866542,159.80968739090278,-0.04589787,0.0050387345,-0.067528166,-0.20549327,219.89009,1080.0
10760,168.00865950590503,166.75810906134123,-0.07247778,0.010363939,-0.12861018,-0.23965766,255.40756,1080.0
10761,163.30783888403738,163.44180907359774,-0.059837002,0.004292693,-0.09507113,-0.24161892,246.46895,1080.0
10762,163.46704038009884,150.35757411505836,-0.0588922,0.0031262997,-0.08603708,-0.23195662,231.49225,1080.0
10763,161.40574352393378,136.08332684678882,-0.014294772,0.004619627,-0.037277393,-0.10401385,97.810486,1080.0
10764,157.38293850314537,131.94126596351794,0.0042850636,0.006959986,0.017456394,-0.08074445,91.04717,1080.0
10765,156.24346243680034,141.76338707742636,0.07446391,-0.00022554751,0.16316399,-0.065067634,125.80972,1080.0
10767,156.51695817129047,156.25912442242702,0.03154958,0.010486914,0.20257314,-0.40610257,485.2467,1080.0
10768,151.09273652911367,158.0267515104078,-0.009441658,0.005667114,0.13094698,-0.41178295,471.28638,1080.0
10769,137.23712606718314,139.21069485926125,-0.044667337,-0.010397678,0.075274885,-0.43566403,481.97913,1080.0
10770,122.67462240215644,116.41124287213165,-0.037096463,-0.0030666776,0.10801719,-0.45166948,506.3648,1080.0
10771,120.359142801653,114.84599068566531,-0.06571387,-0.015031602,0.048442077,-0.47789222,508.87128,1080.0
10772,135.0926234960382,137.3520120451967,-0.06947112,-0.016857967,0.044188775,-0.47893947,505.62863,1080.0
10773,157.88281483225492,163.39640707493191,-0.06383401,-0.019323448,0.043314673,-0.48090944,503.84268,1080.0
10774,175.40940549295917,175.26447149943,-0.058615394,-0.018585939,0.0581179,-0.4741732,498.29437,1080.0
10775,181.53425600311067,172.9619768429971,-0.049493294,-0.017991582,0.069893196,-0.45142326,484.11627,1080.0
10777,177.9859796657275,165.87518477213888,-0.06252224,-0.014136194,-0.020348217,-0.36879647,361.91953,1080.0
10778,168.2251940662236,159.2314033921971,-0.02893236,0.0055535776,0.02079886,-0.33813748,381.11948,1080.0
10779,155.12435099892247,152.31567230933646,-0.022636103,-0.0006818418,0.05568175,-0.3887857,427.24426,1080.0
10780,142.4910661666502,145.00129161663912,0.022892818,0.022036573,0.114881724,-0.3801941,432.14612,1080.0
10781,132.1330871186878,137.76046554808957,0.019900767,0.025604473,0.10958246,-0.37715262,439.34125,1080.0
10782,122.04527455584524,128.72378797702214,-0.026520299,0.014085501,0.029910872,-0.3790335,434.9865,1080.0
10783,114.6212674960634,118.44889393580759,-0.020178886,0.01649509,0.050631743,-0.38385472,435.6895,1080.0
10784,117.38290510831516,112.38921054715871,-0.007429985,0.027607275,0.05532676,-0.3656666,425.5133,1080.0
10785,129.8524512080494,114.71342264979009,-0.013660092,0.029443868,0.057597734,-0.36757004,432.00632,1080.0
10786,141.2300692573127,122.55735212844237,-0.011843547,0.034708094,0.063211374,-0.36220562,438.9209,1080.0
10787,141.44319571207262,126.76263854852304,0.019213669,0.047664613,0.117702544,-0.32767418,413.76062,1080.0
10788,128.68352496605567,120.44604852853395,0.010448992,0.04250754,0.08382416,-0.35162687,440.83554,1080.0
10789,112.1710334533502,108.0443493902944,0.01359657,0.029911805,0.09603565,-0.39680177,479.68045,1080.0
10790,104.77690421233598,99.70623565340003,-0.0031018292,0.019348484,0.06289113,-0.3803726,449.80188,1080.0
10791,104.57880623582544,94.33112712178735,-0.017695758,0.012115083,0.035838373,-0.39472914,451.66336,1080.0
10792,95.86574057789598,79.61682510249967,-0.037598137,0.0075410632,0.0021507828,-0.38409978,439.54263,1080.0
10793,74.64204306838973,54.12321118301562,-0.043534428,0.0020222417,-0.007969411,-0.36735442,418.58817,1080.0
10794,55.854710777852326,34.06932471039494,-0.045754466,-0.00026765047,0.0020247565,-0.37644866,423.40106,1080.0
10795,53.07036422533799,32.89174221827524,-0.048741516,-0.0017935294,-0.03772247,-0.38851094,419.27103,1080.0
10796,65.89219917625087,49.14174933123279,-0.06474612,-0.011141346,-0.05297046,-0.39766976,425.3624,1080.0
10797,86.15790710394204,74.61416825137839,-0.059048235,-0.0061974986,-0.040652268,-0.41062775,435.44473,1080.0
10798,104.48370188276526,99.87541286274065,-0.005135939,0.0057256627,0.10344685,-0.4354842,474.90863,1080.0
10799,113.68435758805663,115.92978831492242,0.011743051,0.012702546,0.115731135,-0.45712104,500.73328,1080.0
10800,114.76613752903148,121.2859425595582,0.035344157,0.014613851,0.14431316,-0.4526331,501.0817,1080.0
10801,112.89049451146184,121.48394791517002,-0.0031395806,0.010701328,0.07887454,-0.44771993,495.2648,1080.0
10802,106.73761750949606,118.75791735316626,0.0006945575,0.0128505,0.08250489,-0.44476986,492.35077,1080.0
10803,94.60151047121383,112.53292069478094,-0.054051775,0.005514074,0.018539429,-0.44621938,478.29703,1080.0
10804,86.29255768396685,109.42040235863817,-0.009278361,0.012616871,0.1342405,-0.45764905,505.89966,1080.0
10805,95.64198351387103,118.87415745640882,0.008635119,0.01687543,0.16277653,-0.44332647,501.2338,1080.0
10806,122.59852236162247,137.9900660636957,0.033936057,0.02979759,0.21370013,-0.42013583,500.55237,1080.0
10807,151.20892965478112,153.22133878886513,-0.06681756,0.010926763,0.03970139,-0.45644397,505.90393,1080.0
10808,166.5710171658273,157.99277157392208,-0.050463982,-0.0032988372,0.077741325,-0.47310436,510.1192,1080.0
10809,166.89004993468575,157.0247092497409,-0.077301815,-0.019469367,0.033408385,-0.50573564,517.29517,1080.0
10810,157.38799992021845,153.86300738445757,-0.050970912,-0.01610147,0.07661121,-0.50396705,518.7426,1080.0
10811,142.96561429175458,147.62342229166669,-0.012666886,0.0019632976,0.16736016,-0.50870585,542.7127,1080.0
10812,132.2300745464337,142.4762772371712,-0.014118957,0.006564218,0.14067201,-0.53654313,579.56506,1080.0
10813,135.26688910258298,146.30995358944662,-0.07753951,-0.013886854,0.03245115,-0.5586261,593.934,1080.0
10814,150.67913352493764,159.04507199287218,0.011015659,0.008855523,0.18613689,-0.56165147,623.9375,1080.0
10815,166.05392636680708,171.976691013437,0.028683867,0.01087556,0.20307279,-0.569672,635.2016,1080.0
10816,171.66995357063152,177.16253070510334,0.03523605,0.01413303,0.21578743,-0.5646199,639.09125,1080.0
10817,166.65373849899424,172.88114547076515,0.023724874,0.01787991,0.20697151,-0.5889304,666.0274,1080.0
10818,155.1636466249558,162.02385120548527,-0.006737716,0.014060466,0.14904095,-0.59245205,665.7003,1080.0
10819,142.46505277011056,148.96966510675998,0.0045623216,0.016997388,0.1877816,-0.60833216,697.4883,1080.0
10820,133.9771709136651,138.9530030071667,0.016260501,0.013763993,0.19728653,-0.6134866,710.81854,1080.0
10821,131.62090049991923,135.80937935251987,0.020948622,0.00799391,0.19339329,-0.64738065,743.49335,1080.0
10822,129.65070994326783,137.685934624416,0.0507036,0.011077768,0.24132222,-0.63732415,739.4295,1080.0
10823,120.96191246137161,138.76923513158022,0.05378514,0.010264757,0.22824267,-0.65091866,751.81006,1080.0
10824,109.06238221684902,136.8099968549919,0.05675207,0.015379955,0.21859176,-0.6743023,773.56104,1080.0
10825,105.686368733698,135.36430203662582,0.051773466,0.017184786,0.17839694,-0.6768786,766.75604,1080.0
10826,112.68464753766021,136.16551850999642,-0.02591502,0.010870362,-0.012880453,-0.6661746,728.56287,1080.0
10827,117.3931183222296,134.75360677690819,-0.07894485,0.0044197366,-0.10761001,-0.6641975,710.8102,1080.0
10828,115.46519311443159,130.79990975197356,-0.11009499,0.0047866255,-0.20140344,-0.6530602,694.8773,1080.0
10829,120.41351935029374,133.94614878118995,0.005091858,0.0042367443,0.09159744,-0.63354355,680.76654,1080.0
10830,137.55460680571073,149.13193839417295,-0.02260454,0.0038481536,0.0052831015,-0.6337747,679.68665,1080.0
10831,153.9987760819196,167.1285060124075,-0.085693106,-0.004844383,-0.16814974,-0.62335485,670.6414,1080.0
10832,161.96113264766356,176.56091572222712,-0.12475871,-0.004847774,-0.20943293,-0.61670977,665.7306,1080.0
10833,166.8660019960619,176.1325330490711,-0.12651542,-0.0054053413,-0.2097986,-0.61835486,668.25037,1080.0
10834,173.22807367573458,172.6297113525435,-0.12149661,-0.006668091,-0.2017488,-0.6138261,664.7113,1080.0
10835,178.90847809104557,171.98091829290237,-0.11254826,-0.0062212907,-0.19940835,-0.59717536,648.99176,1080.0
10836,180.62892481905573,174.3174362961191,-0.050309837,-0.008530455,-0.12556174,-0.62035275,658.90173,1080.0
10837,178.18841046229466,176.4700412169055,-0.109248124,-0.02241064,-0.14374208,-0.57110125,613.4998,1080.0
10838,174.55974270871306,176.69889086184534,-0.115064554,-0.015819408,-0.17791143,-0.54742205,585.2842,1080.0
10839,173.39345408548124,175.73307434841539,-0.11292595,-0.012571886,-0.16944167,-0.5508462,587.5463,1080.0
10840,175.5770333088872,174.67270132537197,-0.111663535,-0.009674524,-0.16639574,-0.53953254,576.33466,1080.0
10841,178.74956485525757,173.81855268020368,-0.111720785,-0.012640607,-0.1728853,-0.54361236,580.72675,1080.0
10842,180.42201605212634,173.1176682116478,-0.10859923,-0.01183596,-0.17251965,-0.54885024,586.5442,1080.0
10843,180.2736414457569,172.5279452809041,-0.108207025,-0.010080747,-0.18129645,-0.55277264,591.1713,1080.0
10844,179.46209554063114,172.09415358974434,-0.10960428,-0.0098707415,-0.17290565,-0.55778044,595.8236,1080.0
10845,178.99468949368298,172.0710691917991,-0.110938236,-0.009883626,-0.16657992,-0.5594686,597.96844,1080.0
10846,179.07203469745934,172.76885263928958,-0.112609245,-0.009907362,-0.17426887,-0.55912256,598.21295,1080.0
10847,179.3320234763949,174.13123243598733,-0.1134947,-0.005774491,-0.18477353,-0.55489075,600.05615,1080.0
10848,179.3161277073004,175.67192985307108,-0.113384955,-0.0052933306,-0.18244363,-0.545128,595.753,1080.0
10849,178.81222896986867,176.92029627848015,-0.12227421,-0.010912182,-0.20056175,-0.5429748,597.1543,1080.0
10850,177.94294160848625,177.77933420572987,-0.12533478,-0.00096548576,-0.21037169,-0.5469271,608.319,1080.0
10851,177.0179087876504,178.33874877153042,-0.12751397,0.003346987,-0.21885341,-0.53756136,600.6504,1080.0
10852,176.33024681821652,178.59772608905047,-0.11569937,0.0010717321,-0.22207941,-0.5272039,588.0947,1080.0
10853,176.07790818021897,178.65511702537063,-0.12314396,-0.00017417625,-0.22510213,-0.51747745,586.6891,1080.0
10854,176.4049288690467,178.77216657515552,-0.12916306,0.0030966299,-0.23667835,-0.54941714,616.06116,1080.0
10855,177.2875327594138,179.02029123176476,-0.1286551,0.0021436904,-0.22845696,-0.55469185,621.77484,1080.0
10856,175.15131385741483,176.41124336707935,-0.022120949,0.030649142,-0.046217404,-0.60571706,670.5281,1080.0
10857,159.33920252186365,162.2385187754629,-0.025457367,0.01559064,-0.012580137,-0.572593,631.4576,1080.0
10858,123.52685073761846,133.0049546846117,0.051384594,0.0096061425,0.21601845,-0.62257034,702.335,1080.0
10859,81.76666176197747,103.54100113326751,0.07502769,0.014569092,0.28490317,-0.6265469,729.3885,1080.0
10860,59.551271476550326,94.58365997742887,0.08985064,0.010605197,0.35918072,-0.61678046,751.78064,1080.0
10861,70.85000796806172,111.64100684497645,0.004029677,0.0030996818,0.16038863,-0.65896887,748.3947,1080.0
10862,108.43885952534164,143.4637304698666,0.07463763,0.023476947,0.32861632,-0.6499389,762.79846,1080.0
10863,150.50708740093566,172.34848209710694,0.07976176,0.029523835,0.3361961,-0.6416496,759.8053,1080.0
10864,177.16190226287026,185.09814693418463,0.08132799,0.026429579,0.326121,-0.6684592,785.48157,1080.0
10865,179.58517516649437,180.55908191816394,0.09065179,0.004538529,0.34146094,-0.7216361,829.3276,1080.0
10866,152.9678512627823,166.0213862782472,0.08888946,-0.0037844058,0.2840402,-0.73343235,834.7134,1080.0
10867,102.43679776341052,149.4322134414062,-0.06188931,-0.0076330113,-0.1792676,-0.77993834,863.24646,1080.0
10868,61.93407090438787,139.2881084971155,-0.1455772,0.001481798,-0.34571642,-0.7071792,834.43427,1080.0
10869,70.30030281132319,141.71022484649558,-0.18436883,0.0075840703,-0.34994575,-0.6647132,797.3548,1080.0
10870,122.47453664568201,152.43702857368757,-0.16448839,0.0026182951,-0.3382734,-0.65258074,781.04,1080.0
10871,176.07252350987636,161.33769661271316,-0.14236642,0.023260046,-0.31548208,-0.59371674,712.41394,1080.0
10872,199.5197945985518,164.3170279451355,-0.12827589,0.021256058,-0.3230845,-0.58317965,702.0109,1080.0
10873,193.8912114327869,164.77813776402726,-0.12580667,0.022162318,-0.31397632,-0.5738513,691.79395,1080.0
10874,178.66813040405506,166.8161994208784,-0.120961845,0.019963583,-0.29756075,-0.5642002,679.093,1080.0
10875,169.64951974694412,170.8418644652963,-0.11986321,0.019273773,-0.2794813,-0.5683634,678.6074,1080.0
10876,169.6776584612746,174.69174185959886,-0.12040089,0.018723212,-0.27860418,-0.56987846,677.1385,1080.0
10877,173.5980326116919,176.6742372115747,-0.1229543,0.017026547,-0.26738766,-0.57038474,674.0592,1080.0
10878,176.46649623653292,176.9187651632286,-0.12050261,0.014735017,-0.2593499,-0.573117,673.4952,1080.0
10879,176.94590194507182,176.6280511767707,-0.11922833,0.013114986,-0.2543865,-0.5754769,672.86224,1080.0
10880,176.15836979090423,176.77452063216586,-0.1205771,0.010930493,-0.2484557,-0.57499415,665.57043,1080.0
10881,175.54665154619607,177.58097742684578,-0.12104763,0.0062530516,-0.24873471,-0.5799256,664.27997,1080.0
10882,175.7274139503901,178.69346577156708,-0.1223665,0.011231147,-0.25425816,-0.5835926,664.47437,1080.0
10883,176.49974918303303,179.4591725564701,-0.12735325,0.009451068,-0.25571215,-0.5774117,654.95605,1080.0
10884,177.46131535771963,179.3935289842241,-0.12966761,0.008822293,-0.24260107,-0.5771713,650.0267,1080.0
10885,178.36950811523056,178.67992257195365,-0.12778224,0.010794293,-0.22125238,-0.5695271,639.4807,1080.0
10886,179.02850090231524,178.00385663513637,-0.12809448,0.006471874,-0.21458893,-0.56598866,633.9959,1080.0
10887,179.26516268235585,177.83935639535156,-0.124985985,0.005753468,-0.20567994,-0.56653494,630.44543,1080.0
10888,179.039412624863,178.07686515615245,-0.11843409,-0.001199793,-0.20614003,-0.5646671,622.04736,1080.0
10889,178.39604026766608,178.25634344264975,-0.11581443,-0.0015322085,-0.20804195,-0.56749123,621.71313,1080.0
10890,177.47577085486057,178.0346939237332,-0.11774292,-0.0026207818,-0.19969845,-0.57229644,624.45734,1080.0
10891,176.60841489521775,177.52256086103597,-0.11862635,-0.0048521818,-0.19394237,-0.57719857,627.38666,1080.0
10892,176.10617919697452,177.1440514528994,-0.11836446,-0.0064012315,-0.18145277,-0.5854349,632.6999,1080.0
10893,176.00348771091177,177.13755966372284,-0.11730776,-0.0074149803,-0.18206437,-0.5883387,634.5288,1080.0
10894,176.17427943675946,177.3541429594937,-0.11815038,-0.0094883675,-0.1746434,-0.58852845,634.0049,1080.0
10895,176.45828553849364,177.5819749901823,-0.11814575,-0.008407705,-0.17301512,-0.58464587,628.2953,1080.0
10896,176.64267413617063,177.81486990418855,-0.117695674,-0.011614312,-0.17216322,-0.5841212,626.6912,1080.0
10897,176.63159026793954,178.08070311305642,-0.1175224,-0.014539931,-0.16793586,-0.5826912,624.5799,1080.0
10898,176.57104657453723,178.27651321488227,-0.11861855,-0.015576398,-0.1659747,-0.58236384,623.8699,1080.0
10899,176.6922880863388,178.28729555758122,-0.11726504,-0.015786178,-0.16732009,-0.57186425,610.89575,1080.0
10900,177.13692970120653,178.07906557289354,-0.11651871,-0.011414591,-0.1668925,-0.56939614,606.694,1080.0
10901,177.87024910737657,177.66381540289225,-0.11547908,-0.013044117,-0.16528015,-0.5602757,595.7401,1080.0
10902,178.66382009070915,177.08687236948057,-0.11500775,-0.010534329,-0.16531847,-0.5573355,590.8065,1080.0
10903,179.2259785704946,176.44083204750575,-0.11442249,-0.008420591,-0.16663569,-0.55336744,586.2278,1080.0
10904,179.40566621450407,175.84771563067656,-0.113198176,-0.007982721,-0.1675258,-0.53733265,570.43976,1080.0
10905,179.29985250993954,175.4009150042919,-0.111876085,-0.007755195,-0.17135066,-0.53017515,564.60034,1080.0
10906,179.1884514327944,175.1029290994477,-0.10946192,-0.004507333,-0.18052877,-0.522947,558.5218,1080.0
10907,179.2978477338018,174.87675850722573,-0.108817205,-0.0017751058,-0.19610551,-0.51123744,550.1066,1080.0
10908,179.5794208642071,174.67654306165142,-0.10897206,0.001501691,-0.2123881,-0.5035399,545.50195,1080.0
10909,179.75758767635475,174.56484894355492,-0.1062335,0.0025660761,-0.22390816,-0.4958807,542.3455,1080.0
10910,179.51190083088136,174.65908482433136,-0.100513935,0.0020504422,-0.22572315,-0.48750386,538.0465,1080.0
10911,178.60214148861024,175.04865936968363,-0.10007177,0.0029092294,-0.23035696,-0.47397205,527.7422,1080.0
10912,177.1347826748552,175.74980155786898,-0.10127462,0.0025500262,-0.22398229,-0.46668598,520.66205,1080.0
10913,175.73151147498842,176.6759139425418,-0.09981599,0.007030685,-0.2327956,-0.4588405,519.58496,1080.0
10914,175.00616157002995,177.64040803126156,-0.104007125,-0.00022379558,-0.23505673,-0.4621568,524.55145,1080.0
10915,174.90725288980875,178.38070430473186,-0.101458006,0.0043666135,-0.24950415,-0.45624706,521.8298,1080.0
10916,174.98377528043434,178.55471142174622,-0.101736,0.007405373,-0.2452427,-0.45961225,526.0391,1080.0
10917,175.10006261653416,177.93600600048194,-0.102393486,0.007843357,-0.2474827,-0.46194157,530.0416,1080.0
10918,175.4386558589878,176.83356803759864,-0.104847945,0.0080637615,-0.24996614,-0.46449026,536.5347,1080.0
10919,175.98896917841043,175.98560171989396,-0.106318384,0.007902358,-0.24542558,-0.461507,539.8292,1080.0
10920,176.44716264189466,175.81149568488607,-0.106868096,0.007776557,-0.24856138,-0.45932454,545.75366,1080.0
10921,176.5952093770193,176.09948833955394,-0.10957862,0.012441338,-0.26244807,-0.45867297,552.827,1080.0
10922,176.45115960973536,176.5033827200456,-0.10758887,0.010391123,-0.26382124,-0.45992687,557.4949,1080.0
10923,176.01729108220837,176.93685079511235,-0.10967983,0.010423674,-0.2744144,-0.4640313,565.25977,1080.0
10924,175.28323020890215,177.4017712445152,-0.10980242,0.010338112,-0.2743988,-0.47074428,573.94916,1080.0
10925,174.48103267392162,177.7863982101199,-0.10896104,0.010285102,-0.27585596,-0.47506467,578.5679,1080.0
10926,173.97224270078942,177.93615627085953,-0.10932352,0.014291947,-0.28139785,-0.48005083,585.1883,1080.0
10927,173.92634468198693,177.81601641044048,-0.109259374,0.014399663,-0.28352225,-0.47985703,585.0259,1080.0
10928,174.22666832078167,177.5609428674311,-0.1088449,0.015321972,-0.28211302,-0.47915068,584.41205,1080.0
10929,174.63455157793402,177.31618161630874,-0.10796424,0.018486645,-0.29090592,-0.47639933,584.06494,1080.0
10930,175.0448420006862,177.07607431097696,-0.1072464,0.02000009,-0.29681915,-0.4756311,585.8878,1080.0
10931,175.48977084960296,176.79012703856844,-0.10611623,0.01825471,-0.2977153,-0.47188437,582.77325,1080.0
10932,175.90419197764803,176.50249991913978,-0.10388381,0.017244805,-0.29911828,-0.4712334,582.5644,1080.0
10933,176.12558548421183,176.23373217742267,-0.10330172,0.016653443,-0.29340842,-0.47186035,581.5269,1080.0
10934,176.10427924781033,175.92633095935645,-0.10338321,0.0150119355,-0.28389388,-0.47147143,578.12396,1080.0
10935,175.94090334346276,175.6130707039675,-0.10346233,0.013709061,-0.27654892,-0.47125107,574.356,1080.0
10936,175.77679393518116,175.44168093289346,-0.10358836,0.013095771,-0.2676647,-0.47251377,570.61487,1080.0
10937,175.6908122359654,175.52683926561886,-0.10392586,0.010104257,-0.25616783,-0.4788957,570.18744,1080.0
10938,175.678806369716,175.84516099938259,-0.10283152,0.008892144,-0.24247013,-0.47991648,562.5151,1080.0
10939,175.7459448945708,176.2437324584246,-0.10377017,0.0074081984,-0.23393045,-0.48150194,557.6063,1080.0
10940,175.92816781251707,176.5599333063677,-0.10256709,0.005694467,-0.22183555,-0.486829,555.81665,1080.0
10941,176.15959267908036,176.71405558070853,-0.10385725,0.0027378788,-0.21110693,-0.49264452,557.7389,1080.0
10942,176.24839972303567,176.7212154166438,-0.103271544,0.0039254646,-0.2070694,-0.49376595,556.5369,1080.0
10943,176.0820234736014,176.6635775687473,-0.103490874,0.0028403953,-0.20025578,-0.49722165,557.99023,1080.0
10944,175.76338882369907,176.6102756910407,-0.104168646,0.0030091463,-0.196338,-0.4990339,558.30865,1080.0
10945,175.5003632683584,176.53987600549368,-0.103696756,0.00053699635,-0.1827075,-0.5039418,560.0364,1080.0
10946,175.47688061993608,176.29007615116265,-0.10361345,0.001723339,-0.18355837,-0.5083916,561.71594,1080.0
10947,175.8063834143417,175.64857390549437,-0.10214906,-0.00061747234,-0.17782338,-0.510453,560.549,1080.0
10948,176.43983323691583,174.68386630517935,-0.10267877,0.0008872703,-0.18393509,-0.5146431,562.64325,1080.0
10949,177.11880978946542,173.86770161183935,-0.09828378,-0.002376415,-0.1719122,-0.5128665,558.4743,1080.0
10950,177.55134623983835,173.63234696027612,-0.10251646,-0.0022120723,-0.18111493,-0.50746554,551.0057,1080.0
10951,177.70353688892826,173.93402796801774,-0.09950884,-0.003725518,-0.1712334,-0.5062433,545.8805,1080.0
10952,177.7965511450159,174.4588434112537,-0.10163088,-0.0012248851,-0.1691444,-0.5075711,544.9164,1080.0
10953,178.00896140436475,175.00697760961467,-0.10055983,-0.0038196705,-0.16460481,-0.50512475,541.04407,1080.0
10954,178.35806389020996,175.44243061086053,-0.0995996,-0.0060983165,-0.15904021,-0.5056876,539.8367,1080.0
10955,178.75921799076906,175.63035334617834,-0.10059532,-0.0077532735,-0.15274449,-0.50664216,540.0732,1080.0
10956,179.08848857292006,175.6460860397327,-0.10262485,-0.008660888,-0.15222603,-0.50854516,541.2331,1080.0
10957,179.26558463735358,175.7960406594544,-0.10187469,-0.009063947,-0.1463363,-0.5095945,540.885,1080.0
10958,179.29344491400326,176.2694308583176,-0.102180876,-0.010299005,-0.14181395,-0.5105611,540.9083,1080.0
10959,179.2213717368995,176.79274254418323,-0.10358796,-0.009346517,-0.14662091,-0.51031655,540.9293,1080.0
10960,179.12716899273792,176.71633290794918,-0.09904163,-0.008417991,-0.13897005,-0.50837016,537.74603,1080.0
10961,179.09631494998865,175.58499430722753,-0.09529995,-0.0064199944,-0.13680929,-0.49957737,527.9053,1080.0
10962,179.04931132028162,173.66030733134647,-0.095240615,-0.0086445,-0.14172918,-0.49550188,523.41077,1080.0
10963,178.78757866465412,171.81862116172567,-0.09692044,-0.008876207,-0.14381172,-0.4965966,524.8049,1080.0
10964,178.38228595872167,170.91568478456978,-0.1000937,-0.009408569,-0.15099284,-0.4961246,526.6347,1080.0
10965,178.17800685385743,171.17040146651215,-0.1013534,-0.009257112,-0.15591182,-0.49298808,525.5992,1080.0
10966,178.33823379477099,172.09324652672078,-0.10183128,-0.0067659733,-0.15687245,-0.49252433,527.03625,1080.0
10967,178.62364614185736,172.9320504253848,-0.10205519,-0.005794271,-0.16087127,-0.4853298,523.8713,1080.0
10968,178.70387620675703,173.19823400734515,-0.101812854,-0.0030711987,-0.16368318,-0.4814661,523.13556,1080.0
10969,178.6037300112862,173.03205362458957,-0.10153277,-0.00066709163,-0.17367949,-0.46979144,515.4185,1080.0
10970,178.66448787232082,173.10464780181647,-0.10072937,0.0022437202,-0.19418584,-0.4584702,509.71667,1080.0
10971,179.07444590443123,173.86337706288083,-0.097105235,0.0056837294,-0.21360032,-0.44885796,506.33032,1080.0
10972,179.6101681505285,174.8644882504073,-0.09489848,0.011549208,-0.2195712,-0.43619978,495.99258,1080.0
10973,179.88846084113104,175.23090323649095,-0.09343906,0.011271837,-0.22125222,-0.42417336,487.4312,1080.0
10974,179.73240692449556,174.7350333874857,-0.09369371,0.006511434,-0.22046249,-0.42238656,489.47794,1080.0
10975,179.23212191504584,174.02577024107475,-0.09514047,0.0060065943,-0.22284658,-0.42460278,496.25418,1080.0
10976,178.5946395360058,173.88458874542357,-0.09520783,0.0062130964,-0.22400439,-0.42616877,499.6893,1080.0
10977,177.99510933510336,174.5440776482397,-0.09775537,0.0078119347,-0.23080015,-0.42838275,504.64297,1080.0
10978,177.49167200447215,175.643571662416,-0.1004668,0.009657909,-0.240356,-0.43245527,510.976,1080.0
10979,177.0009052783644,176.6843719765284,-0.102570035,0.010869231,-0.24668737,-0.4383217,520.45795,1080.0
10980,176.37194734308324,177.4671251521825,-0.10343164,0.010854877,-0.24886581,-0.447343,532.27826,1080.0
10981,175.55237784617034,178.0908383157591,-0.10276829,0.010836453,-0.2472112,-0.45119634,537.53296,1080.0
10982,174.66723559401734,178.65032527265925,-0.101675645,0.010727833,-0.24686098,-0.45418465,540.89716,1080.0
10983,173.9749808960017,179.0478166038667,-0.10168355,0.010552639,-0.25172505,-0.45559737,544.8498,1080.0
10984,173.74110085952202,179.10984019233177,-0.10205575,0.010681491,-0.26275074,-0.457892,549.5476,1080.0
10985,174.0120586699321,178.82007111619635,-0.10049585,0.010356649,-0.25771117,-0.4614297,551.19946,1080.0
10986,174.59152363415149,178.34811422479407,-0.10389517,0.010535573,-0.25611752,-0.4683145,559.17316,1080.0
10987,175.34560257120324,177.91070874368916,-0.10583745,0.010834306,-0.26055542,-0.4712442,563.78424,1080.0
10988,176.29068461794515,177.6994702875353,-0.10645356,0.011657037,-0.25969124,-0.47840214,573.34,1080.0
10989,177.30756972321632,177.82046727564284,-0.10517262,0.011807364,-0.2580008,-0.48352027,579.00885,1080.0
10990,178.10684642008263,178.13920126723403,-0.101903506,0.01194684,-0.257228,-0.48721224,582.0278,1080.0
10991,178.50197993033248,178.34996908428292,-0.10429676,0.011953848,-0.25507542,-0.48810872,583.43,1080.0
10992,178.47807632845942,178.36069456770133,-0.10336857,0.011743843,-0.25535622,-0.48796272,584.4083,1080.0
10993,178.13556444751973,178.34423878374594,-0.10008822,0.011597019,-0.23811193,-0.48813656,583.3825,1080.0
10994,177.74492653805677,178.35598702033047,-0.0997389,0.011445561,-0.23961075,-0.4869395,583.6417,1080.0
10995,177.6616753040663,178.27631066549233,-0.09753435,0.006402588,-0.22129318,-0.48164305,574.75543,1080.0
10996,177.98577538573704,178.14298689118144,-0.10061753,0.0057366267,-0.24141473,-0.4799755,574.7677,1080.0
10997,178.40530976447548,178.16905410587583,-0.10093028,0.0060870135,-0.24428135,-0.48266235,575.279,1080.0
10998,178.45182757507607,178.45289051040905,-0.10132876,0.007942143,-0.24576196,-0.48007128,570.4999,1080.0
10999,177.90907464503462,178.91728409069896,-0.101322256,0.01076841,-0.2443191,-0.47511065,562.9378,1080.0
11000,177.0723740959325,179.42088627342773,-0.10107128,0.010083799,-0.24833883,-0.47357053,561.036,1080.0
11001,176.46705496939026,179.7915015750139,-0.09846751,0.011986061,-0.24090604,-0.47735924,561.56165,1080.0
11002,176.23826038653266,179.84287219768458,-0.09917292,0.010754055,-0.23538823,-0.479585,561.70166,1080.0
11003,176.11248474937543,179.517956999403,-0.09979904,0.012714189,-0.23598225,-0.48340216,565.6558,1080.0
11004,175.90018933009844,179.01494648711,-0.09913262,0.010919415,-0.23303623,-0.48518553,566.90643,1080.0
11005,175.69407567113487,178.60270970101192,-0.09727252,0.010054299,-0.22379676,-0.48635027,565.7521,1080.0
11006,175.69036058083273,178.38116966814042,-0.095518775,0.0070948848,-0.20517617,-0.48209527,556.6438,1080.0
11007,176.00541643327782,178.3321376967779,-0.09511804,0.0071083917,-0.18626618,-0.484725,556.54584,1080.0
11008,176.54901568536306,178.41226641367368,-0.09836652,0.0038210833,-0.1786569,-0.48147368,549.5883,1080.0
11009,177.08686583169148,178.4677371814592,-0.09834228,0.0031057852,-0.18317871,-0.48520258,551.7301,1080.0
11010,177.4638246810099,178.2859926883905,-0.0992747,0.0005203812,-0.1861384,-0.48754397,552.3377,1080.0
11011,177.65226367838991,177.96799628800503,-0.10258806,0.003793222,-0.19821823,-0.49727127,563.4337,1080.0
11012,177.61449295324385,177.96717116738398,-0.10610069,0.003805768,-0.2051373,-0.49783596,564.3216,1080.0
11013,177.2713847735951,178.48321900842865,-0.101637326,-0.0025337501,-0.19984713,-0.5184611,585.22546,1080.0
11014,176.6477830780713,179.1572283702559,-0.10084477,-0.0022042734,-0.18675487,-0.5166003,582.22253,1080.0
11015,175.97748594112605,179.53477177162176,-0.098430835,-0.004063133,-0.18241028,-0.5124715,576.2914,1080.0
11016,175.58766171561024,179.4946137758494,-0.100094944,-0.0050366437,-0.18660443,-0.5106776,571.9576,1080.0
11017,175.69256403197167,179.09614568908088,-0.10019023,-0.0046289517,-0.18562548,-0.5160968,573.16364,1080.0
11018,176.27743357383076,178.25334204760722,-0.10128535,-0.0044915094,-0.17345904,-0.5211576,573.7908,1080.0
11019,177.01591585102378,176.90984623992463,-0.10255104,-0.0044762506,-0.1699598,-0.5235272,572.9252,1080.0
11020,177.42003404425947,175.5244382341051,-0.104828104,-0.0051031043,-0.15806365,-0.5255018,573.62537,1080.0
11021,177.31506272806675,174.88131673319774,-0.10536968,-0.005060719,-0.15051642,-0.52869636,575.01044,1080.0
11022,176.99099897240367,175.22609826945532,-0.10229831,-0.005259648,-0.14409836,-0.53139335,575.55194,1080.0
11023,176.78722359852713,175.92855308227038,-0.10163286,-0.005353574,-0.14343221,-0.53087294,574.171,1080.0
11024,176.73424636558212,176.1948648922487,-0.099362575,-0.0053261085,-0.13636774,-0.5306884,572.64325,1080.0
11025,176.6117935508123,175.91063399611505,-0.09880032,-0.0052663167,-0.13195592,-0.5340324,574.24786,1080.0
11026,176.2564894444294,175.59402544655651,-0.09924034,-0.0069196913,-0.13072419,-0.53145754,569.6411,1080.0
11027,175.79479808921707,175.71641070580816,-0.10025505,-0.0071890373,-0.12790765,-0.5314832,568.1546,1080.0
11028,175.4627431187108,176.31494367131162,-0.10084879,-0.006325503,-0.13182594,-0.53035724,566.347,1080.0
11029,175.2955180575284,177.09114170126557,-0.10138691,-0.008579057,-0.13318379,-0.52555215,561.03864,1080.0
11030,175.26016662675664,177.70360133485286,-0.10172283,-0.008111233,-0.13257718,-0.52435666,559.51685,1080.0
11031,175.464286138589,178.0538790309855,-0.10607368,-0.0076065627,-0.1375949,-0.52285415,556.54095,1080.0
11032,175.96354905937537,178.188478337994,-0.10852237,-0.007637363,-0.14110565,-0.5208468,553.81335,1080.0
11033,176.60793952148535,177.9897845293427,-0.10722334,-0.0080776075,-0.13757731,-0.51956135,553.0731,1080.0
11034,177.14643210879643,177.36537585993315,-0.103613734,-0.008077324,-0.14304493,-0.51902103,552.27954,1080.0
11035,177.3421295654558,176.58874392412199,-0.10252087,-0.008084389,-0.1509808,-0.5164519,550.4037,1080.0
11036,177.15990849196018,176.01311956590268,-0.10215138,-0.008184362,-0.15960762,-0.5135751,548.76483,1080.0
11037,176.89329307443737,175.6278370773611,-0.104602955,-0.008425169,-0.15856515,-0.51286936,549.5244,1080.0
11038,176.9098237766508,175.24061048116627,-0.10334371,-0.008782111,-0.16164833,-0.51236767,550.07117,1080.0
11039,177.2797376214064,174.87821582235884,-0.10068868,-0.007990236,-0.17540804,-0.51043993,549.22375,1080.0
11040,177.79595605551458,174.68566065342011,-0.102330975,-0.005539449,-0.18072769,-0.50082797,541.93176,1080.0
11041,178.29848012647273,174.62781588298014,-0.1046953,-0.004612506,-0.18384546,-0.49846512,541.1863,1080.0
11042,178.78181436798482,174.5524543626692,-0.106351614,-0.0045128153,-0.18247895,-0.4916129,539.1,1080.0
11043,179.23355401285778,174.40680613677728,-0.106406316,-0.0008400246,-0.18797879,-0.49230585,541.8658,1080.0
11044,179.56950250211352,174.24350912046006,-0.10608125,0.0019746004,-0.19935428,-0.49516478,546.8527,1080.0
11045,179.71903500288124,174.08729904737348,-0.10630516,0.002274464,-0.2130935,-0.49824592,552.4784,1080.0
11046,179.677114909039,173.88921195586232,-0.107373044,0.0019870335,-0.21924134,-0.50128865,559.1682,1080.0
11047,179.52211691646644,173.6112021612714,-0.10607582,0.003406892,-0.2245653,-0.49913964,560.8396,1080.0
11048,179.41452514705725,173.2469177690975,-0.10707488,0.0042856853,-0.23386395,-0.49775532,563.3974,1080.0
11049,179.44975306630946,172.78845917981457,-0.10789433,0.0046051024,-0.23876846,-0.49636033,565.5453,1080.0
11050,179.5168953509369,172.30753723761975,-0.10585672,0.0070376927,-0.24361171,-0.49475658,567.9352,1080.0
11051,179.4429218218303,171.9526676777309,-0.10409693,0.0067031295,-0.242676,-0.49248585,567.81146,1080.0
11052,179.1740330915549,171.79586501676428,-0.10134164,0.0066634566,-0.24555156,-0.48846295,567.14703,1080.0
11053,178.7216039046501,171.82051159712853,-0.10269176,0.007482797,-0.25769037,-0.4871326,569.7884,1080.0
11054,178.10181688928978,172.10763883887304,-0.1047304,0.009747088,-0.269182,-0.48212466,569.1481,1080.0
11055,177.33109843507296,172.94340723601363,-0.10467145,0.011026566,-0.27119225,-0.4793794,569.0372,1080.0
11056,176.38847784197648,174.52640428179637,-0.10581354,0.011648446,-0.27144262,-0.4787709,570.14166,1080.0
11057,175.2869096261269,176.5631819166422,-0.10671811,0.011525472,-0.26851943,-0.47906035,570.19037,1080.0
11058,174.2288206564128,178.34127627810622,-0.108196855,0.011604591,-0.27405825,-0.47942,576.0905,1080.0
11059,173.61433921402025,179.15307507415588,-0.10777888,0.0123311365,-0.2776969,-0.47949028,579.89355,1080.0
11060,173.75633187179892,178.73541776228325,-0.10881393,0.012579798,-0.28364873,-0.48023212,581.99396,1080.0
11061,174.53174473570542,177.49986900905236,-0.108249635,0.013016425,-0.28059217,-0.48269066,584.57874,1080.0
11062,175.3762217873515,176.28839008137334,-0.10779899,0.013012356,-0.27097687,-0.48424286,584.97107,1080.0
11063,175.67742131877935,175.8390727682659,-0.10932741,0.013070453,-0.2757453,-0.48437545,586.489,1080.0
11064,175.27339992918044,176.3276165438813,-0.10710534,0.012663664,-0.2723282,-0.48545143,587.6059,1080.0
11065,174.525396111128,177.30099985798097,-0.10878618,0.015543055,-0.27598113,-0.48903424,592.4714,1080.0
11066,173.8716535901258,178.15370607771493,-0.10714851,0.012980708,-0.26828846,-0.49201953,595.22906,1080.0
11067,173.51777293909325,178.60101582716354,-0.108450145,0.012769007,-0.273313,-0.49211222,596.2334,1080.0
11068,173.5185554600269,178.67306574804905,-0.10712693,0.012519667,-0.270243,-0.492515,596.7092,1080.0
11069,173.79992327354358,178.53391524344312,-0.1074646,0.011896656,-0.26674223,-0.49267754,596.31805,1080.0
11070,174.1080582839507,178.36578841722184,-0.109096386,0.011003622,-0.27210942,-0.49518105,599.6314,1080.0
11071,174.23864450553145,178.2427871118341,-0.108708985,0.010976382,-0.27358648,-0.49415836,599.25934,1080.0
11072,174.2347429107935,178.1104044876812,-0.10850531,0.011081498,-0.27860278,-0.49296597,599.25574,1080.0
11073,174.22725326488566,177.93640224615748,-0.10803477,0.011444431,-0.2803152,-0.49250787,599.3068,1080.0
11074,174.27223399140468,177.795171625447,-0.108946905,0.01188038,-0.28073967,-0.4916656,598.5442,1080.0
11075,174.4119285125167,177.73501908139144,-0.10958427,0.012277335,-0.27977836,-0.49052113,597.2316,1080.0
11076,174.7556105346554,177.6369841205147,-0.110384054,0.012151082,-0.27695194,-0.49085653,596.11774,1080.0
11077,175.3998343335067,177.32168452832846,-0.11024549,0.014318734,-0.27790487,-0.49059448,594.99445,1080.0
11078,176.26744546571575,176.78215949645082,-0.11044645,0.014090644,-0.27600646,-0.4893527,591.50726,1080.0
11079,177.11863386196336,176.2073282615512,-0.11040875,0.013593207,-0.27202737,-0.48930606,590.1449,1080.0
11080,177.78121267674223,175.75516869409307,-0.109373815,0.013372124,-0.2677229,-0.48932654,587.80853,1080.0
11081,178.2895878779596,175.39288482296044,-0.109571666,0.0142849395,-0.26663858,-0.49038616,588.16583,1080.0
11082,178.74202756437188,175.02895349741988,-0.110861264,0.015461449,-0.2659885,-0.4937917,591.06067,1080.0
11083,179.1189245991647,174.71286057017264,-0.1112507,0.015772162,-0.26536086,-0.4994017,595.9995,1080.0
11084,179.31900998686203,174.5617252494549,-0.11208722,0.013920424,-0.26543337,-0.50269663,598.51843,1080.0
11085,179.30703602959892,174.5579128797065,-0.11240291,0.014387682,-0.2637384,-0.50951463,604.07776,1080.0
11086,179.14522692370707,174.57762817890344,-0.11334167,0.012446538,-0.26167908,-0.51379246,607.44446,1080.0
11087,178.90815009916352,174.55395317174967,-0.11340123,0.012071284,-0.26180917,-0.51570433,609.18304,1080.0
11088,178.65942073259552,174.47717723087314,-0.112587936,0.011860487,-0.2598353,-0.51611495,609.2421,1080.0
11089,178.50227113743168,174.31218528452837,-0.11215651,0.011697048,-0.2596735,-0.51717,609.967,1080.0
11090,178.52222325082562,174.04307645088124,-0.11207541,0.011083871,-0.25779158,-0.51998734,612.03516,1080.0
11091,178.67433663937766,173.73937135428852,-0.11129043,0.011382718,-0.25864872,-0.5216333,613.7414,1080.0
11092,178.83097242422122,173.4823253355512,-0.11126132,0.011283253,-0.2539835,-0.5221868,613.93915,1080.0
11093,178.9220695564996,173.25980888579363,-0.10934918,0.0108400695,-0.25019723,-0.52342474,614.53986,1080.0
11094,178.9907795316152,172.96939985840586,-0.10735355,0.012490732,-0.24910843,-0.52627766,617.2349,1080.0
11095,179.13910377693713,172.537391157835,-0.107398815,0.012877175,-0.25237942,-0.52944386,619.63086,1080.0
11096,179.37571690074026,172.08652336314546,-0.10737005,0.011743051,-0.2565193,-0.5320711,622.47565,1080.0
11097,179.52859914089743,171.92078466233949,-0.106307924,0.011143438,-0.25661406,-0.5354612,625.15765,1080.0
11098,179.44263619592513,172.2018628510885,-0.10515385,0.0115106655,-0.2564015,-0.53665763,625.9537,1080.0
11099,179.22140229408052,172.69903074398638,-0.10470152,0.011330159,-0.25841662,-0.53792053,627.35944,1080.0
11100,179.12172692283374,172.97908713296914,-0.10694461,0.011808042,-0.25873357,-0.5391299,628.67163,1080.0
11101,179.2618724811822,172.81237803058897,-0.106763884,0.012928263,-0.26110864,-0.54083717,630.591,1080.0
11102,179.51194514120738,172.39268006082918,-0.10777062,0.012522605,-0.2579599,-0.5405011,629.6481,1080.0
11103,179.6304474046908,172.18997617801708,-0.10832955,0.0136140045,-0.26330832,-0.539321,628.93524,1080.0
11104,179.52094996503212,172.49720172425577,-0.10840748,0.0127202915,-0.26261184,-0.5376233,627.10486,1080.0
11105,179.36271295335206,173.09068108792334,-0.10826693,0.013170822,-0.26221466,-0.53705376,626.4099,1080.0
11106,179.4064792394834,173.4587451479871,-0.10866637,0.012589971,-0.26465935,-0.5367206,627.0034,1080.0
11107,179.64834108223798,173.37477038577248,-0.1098322,0.012358602,-0.2643713,-0.53485537,625.8416,1080.0
11108,179.81518619424332,173.09800573540926,-0.111533664,0.011915306,-0.26392826,-0.5350914,628.0721,1080.0
11109,179.67881484382616,173.01450981725284,-0.11290911,0.01155339,-0.2603761,-0.5332979,626.82697,1080.0
11110,179.29339218227233,173.2435713343828,-0.11303626,0.012687175,-0.25915432,-0.5327015,627.3806,1080.0
11111,178.89972958374807,173.60237452947933,-0.11166659,0.012058965,-0.25869778,-0.5314614,626.2403,1080.0
11112,178.66818637693626,173.83358888054983,-0.1112433,0.0125488285,-0.26421148,-0.5291015,625.76294,1080.0
11113,178.60152060040147,173.81931376133087,-0.11152225,0.012184313,-0.26394737,-0.5283929,625.1287,1080.0
11114,178.64254400146015,173.59624882246754,-0.11176018,0.011043068,-0.26429597,-0.52569646,622.1472,1080.0
11115,178.7543723230496,173.2564920288778,-0.11216742,0.01115847,-0.26622704,-0.52242273,619.02545,1080.0
11116,178.87618955551287,172.89993017645457,-0.112402454,0.011302467,-0.26860192,-0.52029145,617.9923,1080.0
11117,178.91376458052702,172.63512296440925,-0.11276341,0.011244484,-0.27565464,-0.5182634,617.35156,1080.0
11118,178.8412243173934,172.56114115738055,-0.11258816,0.012393979,-0.28605154,-0.51406276,615.59033,1080.0
11119,178.7194123972225,172.74672107045743,-0.11370505,0.012711588,-0.28724274,-0.5100208,613.3531,1080.0
11120,178.53329207891258,173.26627719404263,-0.114769325,0.012553802,-0.2827284,-0.5087043,612.0724,1080.0
11121,178.18531335005773,174.1286990363497,-0.114758074,0.009929742,-0.27461216,-0.51116765,612.0266,1080.0
11122,177.7672442649051,175.02853318736715,-0.111132585,0.010056785,-0.2788898,-0.5060732,609.53845,1080.0
11123,177.54165777929367,175.4784888726335,-0.11087737,0.011921522,-0.2849437,-0.5094498,615.42316,1080.0
11124,177.5252058879968,175.46306314375266,-0.11246281,0.008386005,-0.28089425,-0.5124024,618.4154,1080.0
11125,177.440009448768,175.5566558815081,-0.11357224,0.009093108,-0.28350756,-0.5105994,618.00476,1080.0
11126,177.1380698700979,176.1315014221326,-0.11236295,0.011760796,-0.28708896,-0.5120166,620.89044,1080.0
11127,176.78143602449688,176.8817737721073,-0.115592614,0.011814033,-0.2877906,-0.51197433,621.1024,1080.0
11128,176.61342997323752,177.31886005542816,-0.115058616,0.011935311,-0.2897412,-0.50385493,614.0463,1080.0
11129,176.70039712604424,177.3598549022544,-0.11360914,0.012207483,-0.28499022,-0.50226325,611.8068,1080.0
11130,176.87845979007707,177.28661574224867,-0.11463403,0.011174746,-0.28306618,-0.4925636,601.7547,1080.0
11131,176.9459263842789,177.37388414912112,-0.11502561,0.011121962,-0.28086638,-0.49331042,602.09393,1080.0
11132,176.89175121478155,177.65927239450843,-0.11701237,0.011220183,-0.28414285,-0.49419335,603.36346,1080.0
11133,176.8350266894886,177.99719902233616,-0.115766905,0.011065448,-0.28317532,-0.49540615,604.9625,1080.0
11134,176.77401227369413,178.26161483074137,-0.11460933,0.0117334435,-0.28053692,-0.4962273,605.4602,1080.0
11135,176.5877328420391,178.4192964848095,-0.11433513,0.010764228,-0.2771862,-0.49698827,605.18695,1080.0
11136,176.29205255303094,178.45375241526224,-0.114293866,0.009904649,-0.2734155,-0.50138897,608.2898,1080.0
11137,176.06261766706422,178.33315397478236,-0.11006379,0.007619787,-0.26955447,-0.5043375,608.26746,1080.0
11138,175.94953528601388,178.05861931013783,-0.108314626,0.0062282984,-0.26556313,-0.5068277,607.1746,1080.0
11139,175.78885255282404,177.70809828881147,-0.10790908,0.005823545,-0.25973397,-0.5079446,606.50714,1080.0
11140,175.4681094744721,177.40771132178156,-0.108911075,0.005922671,-0.2562165,-0.50953454,607.02295,1080.0
11141,175.09050482015047,177.2747497799295,-0.1099758,0.005085698,-0.25155905,-0.5133924,608.6768,1080.0
11142,174.8259330963586,177.39536991434807,-0.11106901,0.004159885,-0.2530761,-0.51474667,609.61163,1080.0
11143,174.7685334479164,177.73937721899944,-0.112306215,0.0031999375,-0.25150383,-0.5177207,611.5248,1080.0
11144,174.9509225267246,178.090070009995,-0.11179171,0.0031854701,-0.25061154,-0.5181595,611.54236,1080.0
11145,175.33287122902445,178.21378013568062,-0.11200432,0.003346422,-0.24832453,-0.5196419,611.5922,1080.0
11146,175.72948638493284,178.10611003673827,-0.11077785,0.0034403482,-0.24205711,-0.5207708,610.7152,1080.0
11147,175.8875414897157,177.9618465384052,-0.111105345,0.0032694498,-0.23578197,-0.52350837,611.0576,1080.0
11148,175.77888739941275,177.8880097803391,-0.1125052,0.0034314191,-0.24364522,-0.5233306,611.5478,1080.0
11149,175.6776547865416,177.80465384118062,-0.11213221,0.0040493435,-0.24599434,-0.5225483,610.4859,1080.0
11150,175.7734050266902,177.66979983154164,-0.1112815,0.0036374691,-0.23790425,-0.52235097,607.74817,1080.0
11151,175.9201496454343,177.61081128099786,-0.1122228,0.0036956787,-0.23288676,-0.52265257,607.6764,1080.0
11152,175.91563115859992,177.75851329063326,-0.11185274,0.00338293,-0.22947676,-0.52162427,604.847,1080.0
11153,175.80659737586404,178.01560269754802,-0.11267966,0.003459789,-0.23328733,-0.5223739,605.4407,1080.0
11154,175.76974827193834,178.12270922957447,-0.11261218,0.0032847086,-0.2296814,-0.5207613,601.9312,1080.0
11155,175.86521706738768,177.95852875642512,-0.112345435,0.0025863082,-0.22714725,-0.51859313,598.6252,1080.0
11156,176.06866791676137,177.57720544185582,-0.11031794,0.0025432445,-0.22524934,-0.5186647,598.1276,1080.0
11157,176.36503169274084,177.06812549230787,-0.10983147,0.004163954,-0.22591819,-0.51352596,591.56195,1080.0
11158,176.7305832740133,176.52925272650862,-0.10993127,0.007833297,-0.22788668,-0.50262755,579.7094,1080.0
11159,177.24150390231162,175.96043117652943,-0.10978625,0.0036431206,-0.22605602,-0.50290674,576.6491,1080.0
11160,178.04504393683587,175.2352794392083,-0.108032905,0.0059995297,-0.22616045,-0.4961362,568.899,1080.0
11161,179.0052593698976,174.31995847900188,-0.10389557,0.0067430283,-0.22639392,-0.4906788,559.56244,1080.0
11162,179.6208039112903,173.39530704418533,-0.10198935,0.004796233,-0.22879943,-0.4928816,558.20496,1080.0
11163,179.4863166646594,172.76902747594264,-0.10367822,0.0004907679,-0.23155767,-0.4885469,550.4163,1080.0
11164,178.78450310728192,172.66044085277562,-0.10550102,0.0009438974,-0.22575474,-0.49069786,548.9676,1080.0
11165,178.08118433373605,173.06758875902233,-0.10668663,0.0019451,-0.2264979,-0.496666,554.02844,1080.0
11166,177.68923773029292,173.8370329672032,-0.10689731,0.0034924543,-0.23017754,-0.50312,560.4342,1080.0
11167,177.61097463170285,174.6910640694448,-0.10781425,0.0036235668,-0.23374617,-0.5051142,563.2075,1080.0
11168,177.77294725728777,175.2634994545577,-0.10651092,0.005019124,-0.22981493,-0.5054236,561.6244,1080.0
11169,178.00164137710058,175.38631924734955,-0.10943457,0.0047210692,-0.22184035,-0.50816345,562.59393,1080.0
11170,178.21746158424162,175.27148331629587,-0.11063498,0.003986839,-0.21738863,-0.5067788,559.86365,1080.0
11171,178.5415970010368,175.1807130529063,-0.11321654,0.0039573386,-0.21633634,-0.5108556,562.55536,1080.0
11172,178.892559457959,175.0918163461175,-0.112294346,0.0020883065,-0.21584196,-0.5237191,576.26227,1080.0
11173,178.88609490814113,174.85816039406077,-0.112063766,0.0012897633,-0.20831819,-0.52875227,579.1371,1080.0
11174,178.21305390533513,174.55914569539462,-0.11704412,0.00014049388,-0.20177579,-0.5325518,581.9529,1080.0
11175,176.95568333137146,174.55251860595538,-0.11965315,-0.0011086923,-0.19541281,-0.53426456,582.8654,1080.0
11176,175.63432858017296,175.05507352397834,-0.12069324,-0.0022338866,-0.19161902,-0.5342258,581.51086,1080.0
11177,174.8258287583201,175.78947283233796,-0.11940302,-0.0021709302,-0.1964022,-0.5339368,580.864,1080.0
11178,174.70504872429353,176.2393576427041,-0.11896187,-0.003112567,-0.18896191,-0.53556067,580.75037,1080.0
11179,175.01534855004797,176.17674838500025,-0.11970266,-0.00288798,-0.18816862,-0.54194957,584.646,1080.0
11180,175.38808734578873,175.8390911521651,-0.11896781,-0.0045896177,-0.1810345,-0.54938126,588.33856,1080.0
11181,175.66187906626078,175.60152330770174,-0.11740095,-0.0042746086,-0.17637458,-0.54773337,584.7399,1080.0
11182,175.867205471706,175.60689369860722,-0.11572983,-0.0069733798,-0.17424113,-0.5434218,578.3455,1080.0
11183,175.98998124423355,175.82226877734024,-0.11484742,-0.008892483,-0.16987757,-0.54333633,575.5083,1080.0
11184,175.94141505885256,176.24212539431642,-0.11528812,-0.009562739,-0.16934882,-0.5370263,568.80774,1080.0
11185,175.67351276833972,176.80037055789617,-0.115449525,-0.008263143,-0.16123036,-0.5373242,569.9538,1080.0
11186,175.2359532887933,177.27199632260275,-0.115978554,-0.006114479,-0.15774876,-0.5341839,567.1522,1080.0
11187,174.90242187345942,177.45881692471548,-0.11272916,-0.006210666,-0.14906599,-0.5442714,581.3312,1080.0
11188,175.07661850777546,177.3410359869084,-0.11021231,-0.0055231163,-0.15317637,-0.54279137,580.26434,1080.0
11189,175.84616785118524,176.98774538252206,-0.106926866,-0.0043950966,-0.15737802,-0.5428748,581.2756,1080.0
11190,176.8968587831165,176.44223135815523,-0.10737898,-0.0015560574,-0.16498034,-0.5395247,581.1873,1080.0
11191,177.85551486171948,175.75492612756557,-0.10906892,-0.0009858308,-0.1604161,-0.5369555,581.78125,1080.0
11192,178.4891010685996,175.08917936585203,-0.11158323,-0.001348877,-0.16926603,-0.53602856,580.6307,1080.0
11193,178.71238260389572,174.707951105299,-0.110222206,-0.0015006736,-0.15550922,-0.535919,580.9943,1080.0
11194,178.57817053945703,174.78743577196985,-0.11051703,-0.0006104646,-0.1604239,-0.53634185,581.23303,1080.0
11195,178.2491290952097,175.25281837273022,-0.1093455,-0.00082860875,-0.15769558,-0.5361475,581.72,1080.0
11196,177.90996633734068,175.8302969574768,-0.1114702,-0.0012749566,-0.15933114,-0.5372213,583.06354,1080.0
11197,177.69271796274472,176.24099612460327,-0.11136361,0.0006842719,-0.16648802,-0.5406294,586.2567,1080.0
11198,177.6329881035913,176.35348591688106,-0.11057089,0.0006625705,-0.16276374,-0.5404241,586.0988,1080.0
11199,177.58426758411943,176.26293690207928,-0.10900483,-0.00022662127,-0.15778549,-0.53699005,582.6577,1080.0
11200,177.34314994362768,176.1736503876353,-0.10754524,-0.00011766222,-0.15855092,-0.537943,583.08246,1080.0
11201,177.01521994651105,176.10856590446204,-0.10970945,0.001518532,-0.15797311,-0.5397039,584.70703,1080.0
11202,176.92223218138227,175.96277821632927,-0.11078226,0.0005372224,-0.1548984,-0.5418919,585.75726,1080.0
11203,177.0939674334643,175.81250916057687,-0.11083894,0.001425397,-0.15443245,-0.5425621,585.5138,1080.0
11204,177.23060721517402,175.83922477177182,-0.11141527,0.0007967348,-0.14963548,-0.54644614,589.35,1080.0
11205,177.0880756503135,176.06437163748538,-0.109581165,0.0006962529,-0.15482314,-0.5475255,589.8574,1080.0
11206,176.66452773830437,176.36252948632568,-0.10918444,-0.0008063422,-0.15152735,-0.5539737,596.9231,1080.0
11207,176.11771880343915,176.62044080900645,-0.10859307,-0.0013578061,-0.14948256,-0.55418485,597.1394,1080.0
11208,175.68016673432,176.75524746203854,-0.10851124,-0.0012144865,-0.14648539,-0.5543258,597.3083,1080.0
11209,175.63821807379088,176.61537232200052,-0.10896211,-0.0015209056,-0.1525772,-0.554337,596.18164,1080.0
11210,176.15698213105043,176.0535201393218,-0.10916511,-0.0015433982,-0.15139692,-0.55448675,596.29034,1080.0
11211,177.0264446859889,175.1752436273603,-0.109558105,-0.002234452,-0.15227231,-0.55362254,595.1758,1080.0
11212,177.77130312385793,174.3536083562587,-0.10924434,-0.0038466842,-0.1516211,-0.5521876,593.5247,1080.0
11213,178.1021089708077,173.94283340553508,-0.10905411,-0.003685167,-0.1557338,-0.55395204,594.7587,1080.0
11214,178.1155181942705,174.08490475498445,-0.110183604,-0.0029608833,-0.16164568,-0.5547605,595.2639,1080.0
11215,178.03600912689865,174.72204083270586,-0.110812716,-0.0029355648,-0.16509801,-0.5546697,595.40704,1080.0
11216,177.96362990579723,175.63922174779586,-0.11138577,-0.0030211273,-0.16565795,-0.5553359,596.71564,1080.0
11217,177.94925592702697,176.45876620526624,-0.1142716,-0.0012876157,-0.17912377,-0.5554428,598.05505,1080.0
11218,178.14644469693252,176.79676633283844,-0.12316352,-2.8257016e-05,-0.19786869,-0.5541895,603.74866,1080.0
