frame,right_knee_angle,left_knee_angle,right_hip_x,right_hip_y,right_shoulder_x,right_shoulder_y,right_knee_filtered,left_knee_filtered
1,118.23927958768401,179.91994188282408,357.8496551513672,185.9963893890381,350.09735107421875,139.51703310012817,5.5079293217934415,8.38119385476196
2,154.3334114636951,174.29261969081563,366.80213928222656,175.65235376358032,356.2354278564453,138.65237474441528,33.52874125789751,48.19872371703832
3,166.8284195823332,153.86872044673325,369.6607208251953,176.86726570129395,365.6040954589844,140.05388259887695,92.05351807983493,121.92800120811302
4,167.45796661491954,160.70307029592254,369.4121551513672,175.1386570930481,363.5892105102539,139.7229301929474,154.25555546246878,182.5119890095738
5,163.53553979040194,165.0314907503363,368.58924865722656,172.78730392456055,357.19554901123047,138.6597454547882,183.7210242949484,189.88067650467218
6,153.5893476555982,149.584372614056,370.5384826660156,175.74141383171082,362.95997619628906,138.83538722991943,177.30822216996,164.64654669096385
7,143.27613010538772,174.34059365901834,371.0314178466797,176.26893997192383,362.35591888427734,139.27453994750977,159.12635472620337,148.55384847109895
8,165.96151565640236,178.17558743262876,377.71610260009766,176.4155387878418,365.98541259765625,143.66458654403687,148.42973225581954,154.24681908459172
9,160.24577000687344,176.9361238985886,380.7071304321289,176.73557996749878,367.9396438598633,145.669527053833,149.41052739111123,169.7098414180674
10,170.7052230086125,165.69912732555872,377.98484802246094,176.91174745559692,364.4837188720703,146.72361373901367,157.70055079219927,179.96334088246255
11,167.19385521113034,170.24136021822437,378.12255859375,177.08087682724,364.21566009521484,146.28325939178467,166.04522910949544,178.6318448129527
12,167.92516585484873,167.31211959603928,377.9680633544922,177.11500525474548,361.07643127441406,143.61345291137695,169.73076677294932,170.7884724206456
13,170.56644789831628,170.99155617785055,378.2135009765625,175.5822193622589,361.9264602661133,147.67757892608643,169.3844088065164,165.71051908649287
14,133.49022980056031,171.5231746314113,383.2111358642578,178.6999225616455,368.7160110473633,147.1616506576538,166.68450986351624,166.73489929290633
15,132.61486117447882,157.22965282457022,382.3746871948242,180.22676467895508,361.8815231323242,146.9792926311493,158.99205259876487,169.7236678854312
16,141.03944532583986,160.31117878734207,379.42596435546875,176.17045998573303,359.78870391845703,142.66601085662842,145.030262260876,168.85116791667383
17,119.48313882229108,162.3110036082847,384.34478759765625,182.4112629890442,362.36610412597656,143.39475631713867,132.3942591653294,163.41935985563595
18,134.521285440979,168.7979827910925,384.1254425048828,181.92627668380737,359.6433639526367,143.25412273406982,127.82983413242103,159.17709304673195
19,130.28353254464434,174.8224646253422,383.89183044433594,190.23138284683228,360.04772186279297,144.1190493106842,128.64217061614306,161.260011630148
20,156.99655808810354,177.25516623820627,388.9370346069336,182.86949157714844,363.20323944091797,144.13145184516907,131.52711525379948,168.372866910583
21,174.47916959879842,173.97977829443172,396.35589599609375,180.8896780014038,373.2470703125,148.95407438278198,139.18317608700235,175.19452430045988
22,163.21955113584622,166.69993463318346,396.2728500366211,180.8611822128296,371.6638946533203,148.4272027015686,153.60528669915217,177.35663491819238
23,161.7921843625853,169.70186472374309,396.49879455566406,180.72237253189087,370.9880828857422,145.6863284111023,167.68324169546494,174.24747944093463
24,157.886927681027,176.74800808952475,397.4622344970703,179.53250169754028,370.52345275878906,145.81549286842346,171.10551963495922,169.73345554200517
25,161.62051392089742,162.25253801591649,399.76383209228516,180.14649152755737,371.4353561401367,145.86645483970642,164.37700780508595,168.4743903062441
26,156.12785859454195,173.53156936317635,404.36073303222656,188.10593605041504,373.3187484741211,140.7211947441101,157.48276077978363,169.94009608498052
27,172.33046439720036,159.83826935299456,402.0439910888672,186.74850225448608,372.6610565185547,139.85811352729797,156.84787483788364,170.07667441014175
28,157.46022148572257,165.19760797839533,405.3306579589844,186.61462783813477,375.58143615722656,140.31818747520447,161.01200541720468,167.5706843219124
29,157.15018717362713,174.15850407140616,408.75396728515625,179.9529218673706,378.397216796875,137.74196863174438,164.5375184661774,164.83875733515163
30,155.38143168575976,173.33591797568042,406.5216827392578,176.0267472267151,377.61634826660156,138.04961800575256,163.0217908979596,165.49017045622767
31,154.2490536613216,164.84047109249445,411.7159652709961,177.5536322593689,377.69615173339844,134.0684688091278,157.73387156639677,169.71166381446668
32,164.4135820421915,171.3126198958742,414.23851013183594,189.11197900772095,380.3315734863281,138.15770030021667,154.16514854828915,172.55470977258
33,134.83561060083244,172.85640206088814,412.1772003173828,186.90922021865845,379.85137939453125,137.10843086242676,154.44229901112942,171.27657244418023
34,160.14868593211014,170.34727088060666,415.6560516357422,188.19560766220093,382.0806121826172,140.82773208618164,154.38080287849377,169.45371454077699
35,164.6683639874188,170.37106248087716,411.52462005615234,184.8412799835205,377.03453063964844,137.32520699501038,152.15302049300087,170.06466519419874
36,172.95818837512417,175.5367800248252,411.1334991455078,198.91659021377563,377.02754974365234,146.49346947669983,153.87605778957413,171.595795494022
37,127.02207442427984,175.85168808460588,409.8276138305664,192.55346775054932,374.93408203125,140.6502664089203,160.72575567791455,172.6715949855766
38,136.85125230850167,178.87403841414388,413.2204055786133,196.9213056564331,380.08872985839844,144.49804544448853,160.74295476147097,174.1691676691287
39,173.91041997695933,174.98361178014412,420.4001235961914,208.20394277572632,383.2720184326172,148.2328498363495,148.95459435053027,176.30378357243163
40,172.79224432497264,178.35274268803636,418.01937103271484,210.79201698303223,382.43812561035156,152.79147863388062,142.34990712727495,177.6814306895545
41,151.63134700300077,175.80789167109225,417.0066833496094,219.62232112884521,382.1309280395508,155.07996082305908,153.85258546053245,177.54825075783685
42,149.62042775324772,179.1577665245399,417.4085235595703,214.25092935562134,382.7027893066406,153.54506134986877,168.19987601066734,176.89156264246353
43,147.98483649471598,178.9095771904035,417.5762176513672,215.33859729766846,382.5841522216797,152.4575650691986,165.90045227738375,177.00379510041367
44,156.11904069333838,179.1755125556771,421.1191177368164,213.0200743675232,386.2795639038086,151.01926803588867,152.16349348759496,178.0574651122933
45,166.29628425692206,177.3638295937148,422.4362564086914,210.65788507461548,387.1643829345703,148.2739520072937,145.43006388372413,179.09070147775196
46,159.96498769038746,172.72824106367273,421.5505599975586,211.10523462295532,386.42005920410156,147.4767565727234,152.12900939565878,178.85321516310688
47,157.8814725185121,176.9291721637519,427.8572463989258,212.83753395080566,390.00755310058594,147.41722226142883,162.51386302407494,177.01756417370765
48,164.80289653662652,175.3171969940914,429.5998764038086,212.77410507202148,390.2532958984375,148.11630249023438,165.70424719058224,174.9872626816869
49,164.06386174950515,177.08997953530178,429.8970413208008,215.39777755737305,389.52674865722656,153.22808861732483,162.53177317482755,174.5812926812709
50,151.26293290143875,176.81692976916977,429.58717346191406,212.62493133544922,389.29786682128906,152.50131726264954,160.0938547331124,175.750061113326
51,156.80536236133784,178.0694423241932,431.1107635498047,212.9733395576477,389.6885681152344,153.596431016922,159.47344043168505,177.02288685145206
52,165.49040740345555,176.8586910973795,432.89527893066406,208.28940868377686,389.3495559692383,153.24905276298523,158.01451708315307,177.56651050156918
53,166.53927044939633,174.1734308186991,436.4514923095703,210.572247505188,389.1136169433594,157.95007467269897,157.7421796578328,177.38300386070838
54,170.88998937045227,178.03593767474055,437.4135971069336,213.18564176559448,389.1919708251953,161.79142713546753,161.7432939277141,176.6289833913173
55,171.27942288890577,178.5330750404496,439.06421661376953,213.40641975402832,391.20452880859375,160.17956972122192,167.80835918426936,176.05010527393085
56,179.954694403521,179.1578494871315,439.36412811279297,213.76431226730347,390.71598052978516,161.07582449913025,172.11804645414503,176.70473744412305
57,168.20377952225536,179.61754516688248,438.18607330322266,211.1007285118103,390.70308685302734,162.2807478904724,174.14109384718873,178.34953038557956
58,161.0867702032946,177.26251120112937,437.6389694213867,208.11832666397095,391.70326232910156,161.57490849494934,173.95909669278234,179.53087609727638
59,177.07459469630672,162.98794817463096,443.3935546875,199.17974710464478,396.1578369140625,144.1136634349823,170.81463417816386,178.63768673213443
60,154.48840553589125,178.19418609108016,442.4948501586914,201.66793584823608,395.3459930419922,147.0505964756012,166.87115136157522,174.92166671914404
61,162.42784472389695,176.71473926706656,438.77601623535156,200.7798671722412,393.2767105102539,148.32026839256287,164.58732211848638,171.14637768151096
62,159.60211635549877,170.72636591410168,442.10426330566406,196.42728567123413,399.33380126953125,143.5429859161377,162.59616083001728,171.44778539677566
63,158.52369978161528,173.75834772334912,441.64615631103516,195.55355072021484,396.2868881225586,146.03427529335022,160.1446997476719,174.37907169870297
64,152.68041842933803,174.1491191596463,443.79085540771484,190.23908615112305,400.0848388671875,138.26528906822205,158.4472581807223,175.23104002722772
65,160.4658943041478,176.8129859410329,444.9491882324219,184.48448181152344,402.7526092529297,130.29402136802673,157.3074746647184,173.93251055541654
66,173.896556708159,171.91206583835165,450.39379119873047,186.2747597694397,408.1377410888672,128.3177375793457,157.29299218343837,173.52729483928644
67,174.6735574017823,166.0209587197024,448.4589385986328,187.08912134170532,405.95909118652344,133.02585124969482,161.396196547527,173.9316708350655
68,179.6133699769713,179.38161183111552,446.0112762451172,191.91565990447998,388.7009811401367,150.8450210094452,169.7652647764047,172.93004900342666
69,158.7959611198345,178.5175666479884,443.3414840698242,188.528094291687,390.6185531616211,148.1647753715515,176.5853702614216,171.85041294372724
70,174.59344488549488,179.79679662560184,441.52687072753906,196.0769248008728,387.06409454345703,160.48937559127808,175.98658236398765,174.0800513821602
71,167.9234698296753,177.6255227829402,439.78992462158203,194.77993726730347,386.5314483642578,155.1392161846161,170.05707922598788,178.47362459085886
72,169.15834819870167,178.29876481033224,439.84039306640625,190.19808053970337,388.09471130371094,143.67146372795105,166.40182918139072,180.67236049040548
73,148.03401668427657,177.39269679698432,438.0070114135742,187.5932478904724,388.2996368408203,142.7489447593689,166.6158711940236,179.51874880840577
74,159.05306558108117,173.95648601760607,430.8404541015625,182.85294771194458,386.0090637207031,135.48723936080933,164.61900168792567,177.37115117774943
75,157.20896452142154,173.77916042385863,431.98986053466797,183.85300397872925,385.5067825317383,136.04796051979065,158.4050674854723,175.8678059478872
76,163.41994611781814,171.89191620668836,430.18848419189453,179.47121858596802,385.7582473754883,130.30580163002014,154.19910041820674,174.6565725060108
77,147.46185007182498,178.1447361972806,431.75968170166016,180.8657956123352,384.38926696777344,132.49359369277954,155.7314201836025,173.5815238830553
78,148.99964377616485,174.91673991090929,430.86658477783203,181.8066930770874,382.95909881591797,133.59699010849,157.7185914402261,173.6485435252835
79,153.3368316616129,174.91107819065638,430.92933654785156,182.15683937072754,383.46412658691406,134.4080364704132,154.74936288700485,175.04197741248845
80,153.80003761161126,174.101630102196,433.18359375,182.61704206466675,383.8945007324219,134.85796093940735,150.05787602793313,176.0625058763207
81,150.7192113946409,175.65337527924885,435.2278518676758,179.1613483428955,387.6313781738281,127.9712176322937,149.42274858195057,175.5674465971768
82,155.84886992358972,176.84515485458945,434.30065155029297,183.46200227737427,382.5636672973633,137.85242199897766,152.18802561451474,174.70584630604554
83,157.29582476340224,176.67236758535208,430.0847625732422,186.4735221862793,376.9425964355469,145.76360821723938,154.46550439208528,175.00971620263306
84,167.36132574535907,176.87336356316632,430.72547912597656,187.0123028755188,376.5341567993164,146.15134835243225,156.01140284834938,176.27376795997952
85,146.37532291979244,179.1972111229575,431.1896514892578,179.61999535560608,377.55687713623047,145.1523756980896,158.31074028918243,177.30502986846696
86,132.08866334587572,178.31033432245914,431.5299987792969,186.39522314071655,374.13829803466797,153.71849298477173,158.13659573450758,177.8046985614275
87,159.2871538696258,177.27249611198593,432.0111846923828,187.97525882720947,372.17445373535156,155.68081855773926,151.33301970788114,178.18132411121096
88,164.8951272296082,176.86836230993563,431.4039993286133,185.1267957687378,372.3285675048828,153.70466351509094,144.39847662993526,178.26871350347238
89,161.83690877114006,177.24342813911738,431.12720489501953,182.60669946670532,371.81556701660156,152.65532970428467,148.364968992016,177.73627392173523
90,159.80063055495378,177.63764582915542,430.8116912841797,181.5667748451233,371.4076614379883,151.49598240852356,160.25002151733577,177.054784135376
91,158.42614867061852,177.3867312062632,430.7952117919922,179.48318123817444,371.96949005126953,151.04907274246216,166.79999087263127,176.93141050958505
92,145.75239998847286,178.1109975590973,426.06815338134766,177.8774070739746,369.7775650024414,149.8776662349701,163.05032117524584,177.3466520040643
93,175.56708662384582,177.2933240641409,431.1924362182617,180.40112972259521,370.3739929199219,150.2468454837799,155.83681462502597,177.7645076629289
94,154.39004912401987,177.89206548851166,429.9492645263672,179.69936728477478,370.66497802734375,150.61163663864136,154.25910206105752,177.85651736098416
95,142.92532881923125,176.24694022237358,427.1669387817383,176.89685583114624,370.1687240600586,150.44366598129272,158.47552813955429,177.65357272666694
96,149.50678133082567,173.97574638188988,427.3944854736328,174.20831680297852,371.43272399902344,143.38154911994934,158.8576433298513,177.13250056860022
97,152.90865782419687,173.0719905092149,426.1631393432617,175.60302257537842,369.1806411743164,148.23837518692017,151.84181254483926,176.0155648602631
98,159.81369516000916,175.76235474979939,423.3633041381836,178.9596140384674,366.2574768066406,153.5435163974762,146.5849974311655,174.49997447334755
99,150.15010954854563,175.1011395521649,424.06665802001953,175.99383115768433,366.6889190673828,150.86759448051453,149.66664846322766,173.70312725853412
100,146.63295191755117,175.34247483139936,422.19512939453125,175.21039009094238,366.9393539428711,150.47275185585022,155.2641132456271,174.2879324948765
101,161.67978369340838,176.1391508970568,422.61451721191406,176.29818677902222,367.1934127807617,149.56939458847046,155.5871397586196,175.40039646940838
102,165.4058109072539,176.36193028859435,416.6782760620117,176.38723611831665,364.04056549072266,154.03131365776062,153.27015184407938,176.00127338962392
103,157.24542109932068,177.44406941016248,418.4266662597656,174.5820450782776,363.3983612060547,149.25345182418823,155.58227793718203,176.1743505972422
104,153.98055397796927,179.8925117259208,418.46683502197266,175.41467785835266,363.81187438964844,153.85250687599182,160.86515300626428,176.62438312205043
105,160.44477740189572,178.88281283274395,419.0564727783203,177.23451375961304,363.6664581298828,155.84316730499268,161.7988496824793,177.72518703830826
106,142.4033749436437,175.76852097953758,418.0875778198242,176.9521951675415,361.71730041503906,155.69785594940186,157.5335788473592,178.85676351402742
107,156.8357715157164,174.60892219896178,411.32904052734375,176.1160111427307,358.6852264404297,154.88803267478943,152.58712190749796,178.6603527521329
108,160.0837428027831,172.70849830030986,413.15494537353516,176.51040315628052,359.22889709472656,154.4235384464264,150.4806520429831,176.67571171040157
109,156.83002470382687,174.95302244911647,414.1928482055664,175.51193475723267,359.8609161376953,148.22715282440186,152.81628183098746,174.2296618455682
110,160.0623086237237,173.87363572149005,414.1154479980469,170.34405827522278,360.10765075683594,139.50486660003662,157.60107785005357,173.07180855722683
111,170.99403209887495,178.76759888678845,413.61351013183594,176.7880117893219,357.3149871826172,149.54559803009033,160.99885165427014,173.71895176824958
112,165.623155345015,179.00676746729616,411.23775482177734,172.62512683868408,357.9184341430664,142.16719508171082,163.12796218932007,175.57639005314306
113,160.61381730440672,173.62884906921852,405.2661895751953,172.960102558136,353.4116744995117,148.3186161518097,165.55841956847217,177.51652909142555
114,163.55008295888186,178.38038699644855,404.49012756347656,173.00829648971558,352.76268005371094,148.79186511039734,166.37782757319835,178.07170526081762
115,160.57355111590635,178.56953803624876,403.73329162597656,172.7796757221222,353.7421417236328,148.16824078559875,164.16945718384295,177.17006887273178
116,158.23155454309799,177.0773092475606,404.2700958251953,174.8841691017151,352.98633575439453,150.83277940750122,161.23835109249868,176.68870784789658
117,148.93546751711494,171.0562673533515,403.24432373046875,174.9923586845398,351.9359588623047,152.25865244865417,159.13648463937895,177.0974963752164
118,154.14686870512088,175.30112881273317,401.8275451660156,170.29069304466248,352.45243072509766,146.92326664924622,156.4958018544937,176.47843333992586
119,152.28468811737312,174.57309274620457,396.7319869995117,170.56578040122986,347.26539611816406,153.28848123550415,153.10185938055372,174.46045690220157
120,155.9967981257156,175.2400452239398,402.6459503173828,170.24008512496948,348.5768127441406,151.44863605499268,151.3886615588984,173.28274804018878
121,152.09014300306495,177.181115441516,399.2028045654297,171.32017850875854,347.1322250366211,156.08185172080994,152.46473860007637,174.13013334132725
122,141.24868433343954,175.84637279982505,395.1439666748047,168.57111811637878,342.9391098022461,155.27462482452393,153.63115886347518,175.79169621135767
123,156.92039845991386,173.49578407900793,389.50645446777344,164.86871480941772,343.25767517089844,154.88282918930054,151.82392836508754,176.63531557431554
124,166.0364346377806,178.73473858071824,389.31053161621094,163.15388202667236,343.15589904785156,154.5316207408905,149.62514902819402,176.18129803495373
125,167.6696832122224,179.66359064471294,387.22896575927734,161.11573576927185,343.60748291015625,154.29660558700562,153.26783991650765,175.73475884896126
126,178.72204559768974,164.15831495761302,389.02587890625,155.83637595176697,346.23294830322266,144.0937614440918,163.02882047268938,176.21321208998714
127,168.37946999382112,166.23334945832042,387.5652313232422,157.13900685310364,340.5760955810547,151.93416953086853,172.3013991759392,175.11653362543493
128,169.34761383114775,152.1269193945267,390.9144973754883,152.2657334804535,346.34544372558594,137.1011459827423,175.58387146833684,169.67855279978562
129,171.87101209390846,159.1511777595264,394.00569915771484,152.62937664985657,346.53446197509766,131.51429772377014,173.06200882620533,161.70495148722813
130,162.34516269431936,164.49850339524517,387.92613983154297,154.63868379592896,345.6098175048828,142.86685466766357,169.14228962419833,156.23138751725622
131,177.73846698539677,174.71835366095326,379.8141860961914,154.82500076293945,340.867919921875,157.77801632881165,167.45784656031879,157.3159563985962
132,176.73906427290584,153.94248871635983,379.2833709716797,145.11743187904358,349.00245666503906,131.53805136680603,168.9207709076719,163.67606910241162
133,169.25941052988668,163.88714173700012,379.8915100097656,144.32785391807556,349.2723083496094,128.51232647895813,172.6805453611855,167.92512631559336
135,176.0946235715948,169.36456397747455,340.60420989990234,174.43490982055664,328.0899429321289,134.17239904403687,175.50653570184997,165.74126731068006
136,171.40019113193947,174.71961636939574,343.5700988769531,174.46245074272156,335.3741455078125,120.75807094573975,174.97337404609902,162.9276316193697
137,177.32468621760626,178.84421095371036,334.05670166015625,174.45237636566162,334.2481231689453,113.88962030410767,173.1489682963573,166.40279785242757
138,177.641986005227,172.71388972320565,334.7058868408203,177.87024021148682,340.00232696533203,111.24718308448792,173.21945943362854,173.97057124589938
139,178.31963696515263,179.99534633876462,333.5692596435547,182.9206681251526,341.82918548583984,112.78448581695557,175.52288962473776,178.68074675950504
140,177.77604941834718,168.18065662596646,328.5601043701172,181.2496519088745,340.2350616455078,112.40318298339844,178.0341133861464,178.0491912657701
141,177.41495148394773,162.2385774467749,325.7331085205078,180.49279689788818,339.34940338134766,112.91900396347046,178.9060687816247,174.23697841669323
142,177.25002035223991,159.10673828563245,323.1648635864258,182.28601455688477,338.6580276489258,112.71487712860107,178.21325056626765,168.83334550169954
143,175.41749539397162,176.08622547784424,321.5896987915039,181.87937021255493,329.29237365722656,112.83168196678162,177.18110987467688,163.62651632242614
144,175.54083641395283,176.19203740244402,320.5747985839844,181.52757167816162,329.88330841064453,112.34354138374329,176.4542134758008,163.18710127236
145,176.26961262499438,174.24891223359438,321.7596435546875,181.33228540420532,328.8959503173828,113.08286547660828,175.9319133687387,169.32623894102886
146,175.02422968745395,171.84527766009325,320.1408386230469,182.2924304008484,329.23255920410156,112.68967509269714,175.61313246117209,176.21147752029177
147,175.46652906502197,177.9089938537571,317.7626609802246,184.59627628326416,327.01698303222656,110.3152871131897,175.54712735241532,177.60062499875275
148,174.77715896079079,173.00650610728604,318.5384178161621,184.21439409255981,325.2907943725586,110.7526159286499,175.482510807673,175.01250574507475
149,173.57255587332435,176.86952145194772,316.8996238708496,184.13515090942383,324.77294921875,111.21718525886536,175.17530460534445,173.53948705124085
150,174.20074983605463,172.28392252509008,316.7660140991211,176.68306231498718,319.4242286682129,111.13896131515503,174.61305283983432,174.34755201462377
151,174.24059282956517,171.89013328357092,314.38297271728516,176.81136846542358,320.2536392211914,111.92856073379517,174.04677324625456,175.04242472788755
152,173.04312234158715,168.10636564159054,312.98791885375977,176.12623572349548,320.37586212158203,110.83328604698181,173.8026873352228,173.805413398195
153,174.14091054563403,167.61249205972018,313.6629867553711,172.78162837028503,319.1410446166992,111.02823972702026,173.80347589784324,171.044837395793
154,175.00808088774616,167.86009967401029,314.14859771728516,169.47656750679016,319.25464630126953,108.9881944656372,173.83049982949595,168.40451438155355
155,174.271122994288,168.5480193478807,313.5110855102539,169.9383580684662,313.69760513305664,111.62932276725769,174.0363760420009,167.18652874129512
156,173.68739078792152,169.19485387361053,312.37573623657227,169.31463718414307,313.2931900024414,113.57983589172363,174.41314318060745,167.5215133725621
157,172.34025374714048,168.19760071742724,311.80639266967773,170.07583737373352,313.35880279541016,113.26339960098267,174.40795266253144,168.50200354912656
158,176.09357334884416,167.04837178068234,309.84827041625977,169.02278065681458,307.7651023864746,114.58446264266968,173.84824566519393,168.97923487520825
159,174.33947301626745,168.18037562677708,308.11792373657227,169.51305627822876,308.3258628845215,114.55382108688354,173.57468867922768,168.4960765019632
160,174.68833523194186,167.9419599798957,308.1173324584961,169.5686638355255,308.1557083129883,113.52614879608154,174.18927751835975,167.68564307929506
161,179.4565672710962,166.61824739339525,306.138858795166,171.09081745147705,304.5237350463867,115.76746702194214,175.18733304802,167.3877043884038
162,178.22005640061298,169.00278176626557,306.01083755493164,171.68328523635864,305.09408950805664,114.25187945365906,176.29326022925122,167.5583164836869
163,171.65754274774898,167.79285615734565,306.0404968261719,171.62286043167114,304.0511131286621,114.14027810096741,177.3799534888519,167.78713468376628
164,168.69013996967317,166.44440620696938,303.32523345947266,173.1183421611786,300.11173248291016,114.82367277145386,176.83974183445406,167.94051643717
165,171.21598494953295,169.1677491152218,303.2853126525879,176.24354481697083,300.87169647216797,115.20094156265259,173.57253399750286,167.86510740332386
166,173.60769567882693,160.2262787363647,302.1812057495117,180.10786771774292,300.81790924072266,115.37916898727417,170.02207397724152,167.3381630016947
167,179.12143542963994,167.54029675445184,299.4290542602539,178.3855140209198,294.0750503540039,111.89430356025696,169.88533652997177,166.12662235678482
168,170.99524190552836,171.20745526450776,299.44692611694336,179.48714017868042,295.3450584411621,115.1970899105072,173.2617964639572,164.99816992331742
169,172.74458038356278,157.65408225547472,299.7247314453125,178.9593780040741,296.4351272583008,115.17077207565308,176.11702106514417,165.4024295363177
170,175.93350576507962,163.3520332240846,299.2325210571289,178.92804980278015,296.97256088256836,114.36366319656372,175.47816866158638,165.99175409077594
171,174.8026400289829,175.5089160700704,298.72386932373047,178.4043323993683,294.81876373291016,116.50333642959595,173.43108283196327,164.87201772646983
172,178.5878907729349,166.21940167516902,297.49048233032227,178.94173979759216,295.11722564697266,115.8789074420929,173.48868150202887,164.77383212033408
173,177.07361511509814,167.38856938900702,294.75072860717773,177.4829077720642,292.1322250366211,114.73020315170288,175.71739000329822,167.70562123974807
174,179.043923527287,158.14674016914336,294.525089263916,177.1878969669342,290.5277442932129,115.5542528629303,177.87200154429715,169.56461015721933
175,177.8070488647021,155.47347447738952,295.0748634338379,175.2910280227661,290.70201873779297,115.17856121063232,178.652727059816,166.3563303290214
176,174.4321875328711,155.1799307715907,292.74410247802734,175.1409101486206,286.8009948730469,114.15881752967834,178.26082220261665,159.8118660691738
177,176.28100396868498,155.82627009517577,292.7909851074219,175.97156882286072,287.5362777709961,115.27635455131531,177.15807563370294,154.68698242796114
178,177.74852036875296,161.36645023190457,292.4708557128906,173.72510075569153,285.35953521728516,115.25226831436157,175.97073770376872,153.85470652253736
179,174.36753934569074,162.4189644210137,292.67040252685547,173.30806016921997,284.46313858032227,115.04706859588623,175.64309196706185,156.67247873694276
180,174.04994030963053,162.3501218953769,293.250675201416,174.7178077697754,284.04666900634766,116.03000164031982,175.9572356612377,160.55123010396392
181,169.02752666397373,156.32101779718795,293.4234619140625,176.77862405776978,284.30057525634766,116.017245054245,175.3634887529119,162.73399089989803
182,166.6158685686189,152.92981250965326,289.8451614379883,174.905766248703,277.2371292114258,112.22112536430359,172.96285237080104,161.4970238080704
183,171.40233261161552,154.02238366311028,289.85973358154297,174.4262409210205,279.05160903930664,111.82568192481995,169.7094888798342,157.4391416114061
184,175.25527007795793,154.4700122388878,290.2418518066406,173.683762550354,280.102596282959,111.17238163948059,168.12617452486631,153.53849576222856
185,175.84007566199216,158.56129495124367,290.48303604125977,170.77590465545654,278.6006164550781,116.2731385231018,170.07907804106208,152.62200605757843
186,172.07990537272897,163.4179186437868,292.18902587890625,168.5554540157318,278.7992286682129,119.30015087127686,173.95127014590628,155.0128492869315
187,177.16947592548215,164.35974272256416,293.5038185119629,163.69304895401,278.9665222167969,113.88244271278381,176.1013066547112,159.14219629938026
188,176.13663958435527,165.81328332243268,292.33455657958984,164.43861722946167,276.11995697021484,113.78934860229492,175.69199433360038,163.07988222965187
189,177.54060498629423,161.2490359843296,290.96654891967773,165.09795784950256,274.67992782592773,114.8015820980072,175.18050656325144,165.23300131057357
190,171.49540896444657,157.3892425630882,288.0672264099121,163.63293528556824,272.40381240844727,113.29907298088074,175.79944491263103,164.69944947434925
191,169.2501154085348,128.39887490675616,280.08846282958984,187.05852270126343,257.34256744384766,112.13903903961182,175.6978243716574,160.38239550804084
192,159.80316726757792,118.09849507322646,273.6907958984375,189.3531847000122,255.54988861083984,112.1892499923706,172.78181261199492,149.90037612742688
193,170.78037567442146,132.76208671823593,277.33068466186523,186.42558574676514,260.1894187927246,110.19037127494812,167.7613048767477,134.20486178122857
194,163.251635845755,79.14662486678114,268.1883239746094,194.15848016738892,251.16106033325195,115.50271153450012,164.13473062726754,120.05864689339802
195,176.39270515702398,32.16778764349246,265.02466201782227,194.48036670684814,249.4936752319336,115.47057867050171,164.59516898888097,106.53281469046132
196,165.707020602522,41.50977761065431,263.82335662841797,196.45005226135254,249.23686981201172,116.29668831825256,168.0438683369287,81.97058505461385
197,165.259642306067,13.597637880869438,256.44739151000977,202.92183637619019,244.01561737060547,118.29364657402039,170.68619840124998,47.84925158337631
198,176.79409165097746,53.84233823345319,256.91822052001953,201.28789901733398,242.8475570678711,121.76009058952332,170.16626199969505,23.853792288915358
199,165.97935832247708,58.89683141603926,258.4211730957031,200.0733518600464,243.83609771728516,122.30206847190857,168.72049833361638,23.694532547143375
200,179.66144689060246,63.7285473437498,257.82079696655273,199.5568871498108,241.3242530822754,122.21239686012268,169.58708033740174,42.0424623297158
201,170.84441486425638,88.38537092722314,255.80974578857422,199.40595388412476,240.93013763427734,121.63063645362854,172.31773954165666,62.80513000090826
202,170.26112341816687,70.50549511773224,255.9923553466797,199.05183792114258,240.50884246826172,121.31621718406677,174.29189857296984,75.1893665200202
203,171.99780838542276,55.27248399067337,256.1440086364746,200.16323804855347,237.5527000427246,125.28056502342224,173.7344379118031,78.09945711484471
204,175.32567102108771,39.712611934234026,256.63766860961914,199.69091176986694,236.29573822021484,124.40765619277954,171.7388413749208,71.45345198416027
205,178.80266863440735,49.71111030666538,255.8014678955078,201.38739824295044,236.02035522460938,124.51228380203247,171.58358777213567,57.039670428913894
206,126.86484425758657,29.72774797469795,254.5034408569336,200.8535099029541,231.0477066040039,124.4584572315216,172.11285031141017,43.35638605882717
207,145.78910242188329,7.22542625284375,254.99378204345703,196.97121620178223,230.90875625610352,124.42301988601685,165.16128169471634,35.5680092633565
208,118.56581752382016,14.415581664570656,256.32299423217773,198.6491847038269,230.75824737548828,126.07900500297546,147.9408054199268,28.04317723324713
209,64.53780276909097,17.79639775154233,255.75815200805664,199.00727033615112,227.60478973388672,127.35255002975464,127.48528061815081,17.338621573625666
210,66.23993465520225,6.310911576405728,253.2508087158203,198.63678216934204,224.6990966796875,127.34835505485535,105.4209404790082,10.053520511596492
211,66.2432352990877,53.7665943725476,253.44549179077148,200.0303292274475,225.15161514282227,128.94054651260376,80.16306548837117,11.801692710806103
212,154.7868697356581,144.62317635338226,244.42394256591797,177.5333547592163,218.85162353515625,128.81360292434692,65.45992312607417,27.223404940824274
213,165.24739894391783,166.3199988733064,241.90074920654297,163.5146176815033,220.1028823852539,128.52206826210022,82.5080202206017,66.30880724545383
214,135.03583071569045,166.6353335810876,244.2253875732422,170.6323742866516,221.46453857421875,124.06396865844727,127.25903850623692,124.68878988752408
215,164.39945351797266,171.20691330789322,234.76224899291992,169.9287450313568,216.56251907348633,127.90018200874329,163.90188361785385,172.0107777427437
216,172.75107276065077,178.30996507322013,233.03125381469727,170.88008165359497,215.68851470947266,127.4141013622284,169.17756607223706,185.54542495506448
217,162.89310799048604,175.9729423902007,232.25358963012695,172.41427302360535,215.95151901245117,125.64193367958069,160.21068487877588,177.0021282658935
218,175.61467407062946,177.40570540670785,226.27845764160156,167.88572788238525,211.04242324829102,126.77659392356873,160.11032839043924,170.4865101295006
219,171.09485610242655,174.12553561434402,225.70133209228516,170.95821976661682,210.79082489013672,125.15965104103088,168.31784605181699,173.24455887882743
220,165.6955968985666,177.25397560448187,225.09822845458984,174.9220311641693,211.2221908569336,127.0474648475647,174.02235657845048,177.69420056159512
221,169.12828103190196,165.4272114553548,216.28162384033203,178.10930013656616,205.7784080505371,127.03217625617981,172.95642233379056,177.6392063814387
222,170.71972464887182,167.24904327326715,215.20147323608398,178.1403386592865,205.48748016357422,126.52205228805542,168.70124730938625,173.48170635040807
223,172.38570758952025,172.54292249127684,214.14356231689453,177.86747217178345,206.9809913635254,124.60541009902954,167.00995201989636,168.7079588104608
224,176.65761837692875,178.5527466726667,207.29970932006836,179.6893036365509,200.79164505004883,126.22133374214172,169.55642419841536,167.37498138794106
225,176.58100147936224,178.04787015231878,204.98544692993164,174.71564054489136,201.17986679077148,124.50696229934692,173.66734171092216,171.1851613336215
226,177.02801866833954,176.2624465402378,202.07889556884766,173.8568079471588,201.30046844482422,124.34157729148865,176.5552214114779,176.8984214927897
227,170.07977816884053,177.810541802089,194.8699188232422,171.95692420005798,194.80697631835938,124.67296957969666,177.14640950480975,179.64091839928165
228,176.95284669645878,157.12708054540468,194.59644317626953,172.44804739952087,195.7668685913086,123.21377277374268,175.65449912241817,177.64891554457148
229,177.98924779604266,151.26040242614283,193.50387573242188,176.88664197921753,195.5501937866211,123.89392733573914,173.9560747811353,171.10427538635983
230,173.42962342731494,161.86258375814143,192.8526496887207,177.35069632530212,193.96469116210938,124.32032346725464,174.291093502951,161.49422064542378
231,167.92249448358461,175.71145592345667,192.36089706420898,165.851948261261,192.59855270385742,123.1991171836853,175.5581923829083,155.18101901627145
232,178.0704161199274,174.89560851931603,191.4247703552246,171.78664684295654,193.37921142578125,123.18730473518372,174.74149847318245,159.09169283260448
233,175.5469154744237,177.32883340987019,186.0519027709961,172.1371042728424,190.3840446472168,123.91366839408875,172.78629512721915,170.418934935279
234,179.72723025585083,165.06083110262682,183.90253067016602,175.02424478530884,187.22747802734375,123.89178156852722,173.35614058605586,178.48316147928097
235,177.57790859133846,173.38778368172785,185.52520751953125,175.02291440963745,187.15864181518555,123.6672055721283,176.55178845500092,177.26756403805584
236,175.18353710260655,171.55544987314363,180.02805709838867,175.1514458656311,181.37619018554688,123.9311671257019,178.98991199863676,171.23750314423864
237,173.25459535198652,172.68416872328186,178.8796615600586,177.0071268081665,180.04898071289062,126.0071861743927,178.4114103335246,168.34592511085606
238,177.0901868515584,171.75621798249404,180.78632354736328,176.25991702079773,181.83347702026367,125.67522525787354,175.8119734608095,170.35485437795475
239,174.01020543816148,171.62839004500603,174.96845245361328,173.01312446594238,178.40229034423828,124.99722719192505,174.00728612677145,173.01039090544376
240,167.13272327338376,161.47251098646078,169.83356475830078,173.46840262413025,178.70262145996094,123.76404404640198,173.89110566156953,172.74333409844942
241,168.56885710469084,152.50375665089734,168.66954803466797,175.59776544570923,178.0150604248047,123.92648935317993,173.11935620699947,168.71662881185867
242,164.93617632620456,155.96571601053472,166.3552474975586,175.3947651386261,177.4262809753418,122.93480157852173,170.12430720242583,161.75806845607656
243,163.5481723701458,152.7488528989779,164.00753021240234,175.28661847114563,176.65367126464844,122.43574976921082,166.57468684742057,155.01528013288222
244,167.6230407657267,157.94068325965716,165.31415939331055,176.76547050476074,175.95277786254883,123.61128687858582,164.56072342307348,152.2117146782894
245,168.13348399080442,157.53012879037328,162.01826095581055,176.68859839439392,174.36798095703125,123.33574891090393,164.66052668171065,153.73058507930972
246,169.340993063643,159.39503738507656,161.9890594482422,174.19337153434753,173.10245513916016,122.81241774559021,166.41223876382156,156.82603275075613
247,178.1683003563282,154.77746324343806,161.56217575073242,176.09753608703613,173.43647003173828,122.78754830360413,168.92687462997344,158.74030404127888
248,169.84441590742253,155.9819833019112,159.78739738464355,174.20803785324097,170.31179428100586,122.51234292984009,171.66080502568263,158.3768078149893
249,176.51847715070565,152.56709364592672,157.3723316192627,175.6366467475891,169.15233612060547,122.80665636062622,173.88196882363022,156.4137033613066
250,172.4495858302468,158.3145553803016,158.43708992004395,173.54984521865845,168.43124389648438,124.14339423179626,174.59531898307858,154.57656242971484
251,174.43892938188372,143.33819315584182,154.46948051452637,176.42521619796753,166.7607307434082,124.15697693824768,174.12665566970475,153.77873322974148
252,171.25464355937146,150.18532157526084,154.95709419250488,172.74874448776245,166.45458221435547,123.33477258682251,173.53940086946042,152.61090600201302
253,179.37426538985056,146.25914248562628,155.94671249389648,173.7900424003601,167.02693939208984,123.31429123878479,173.35585837522154,149.78253340491386
254,179.70784070461974,148.88961113487056,155.53959846496582,169.90602135658264,164.5554542541504,121.05876803398132,174.32415097429342,147.05604477216787
255,175.9546970318605,143.60963543716443,153.9988899230957,170.4167675971985,163.9742088317871,121.18426322937012,176.76916440437566,146.38261977697996
256,179.14235427419663,141.51433177083072,149.1114044189453,173.81874203681946,162.9302978515625,121.74171209335327,178.9141416671535,146.46955501688203
257,178.02771627817012,148.11273343718358,149.90907669067383,169.65029954910278,160.1678466796875,121.78608655929565,179.04500852333067,145.33104374091536
258,177.93105783884846,147.60325809647122,149.07773971557617,169.98241066932678,160.44994354248047,122.11084842681885,178.10125767320113,144.09944031037978
259,175.16846496350865,151.82896513494333,148.25132369995117,169.0118908882141,159.37764167785645,121.92445635795593,177.55325259837664,145.25630892563052
260,178.4155299186802,152.1904141179757,146.00862503051758,169.3435513973236,158.75473022460938,121.15237712860107,177.27597420810346,148.58166620410336
261,178.057453960753,152.17878345268016,144.0739917755127,169.18407797813416,157.70849227905273,121.18831872940063,177.00168532437675,151.66539625455943
262,179.8881889346204,149.07051924139273,143.5814380645752,169.2556607723236,158.00524711608887,121.4012861251831,177.31087152900898,152.7821364132605
263,179.36494897524832,149.19371142515217,141.7198371887207,167.86027908325195,155.55007934570312,120.86240887641907,178.3980581613978,151.8187967675284
264,177.4226400643743,146.9889670042115,141.42578125,167.98429369926453,154.58379745483398,120.90079665184021,179.40459506474997,149.83535013735184
265,174.81440967072146,149.13678023557225,140.60806274414062,168.00310134887695,153.49409103393555,120.9215247631073,179.21206810295297,148.19423908592822
266,179.5275468929186,145.56055780213248,139.90260124206543,168.11323285102844,153.43159675598145,120.23802280426025,177.7448307010751,147.54537832624078
267,179.36553497639957,145.32828074804274,138.48718643188477,167.6329243183136,152.65851974487305,120.1959228515625,176.6347287718727,147.33856477850708
268,178.5161668026281,143.50104510285715,137.47390747070312,167.4624001979828,152.15106010437012,120.21838903427124,177.36980915313632,146.54753496055386
269,174.7285865805834,146.79838697347773,136.68858528137207,166.41327023506165,150.61482429504395,120.04802584648132,178.81405255010492,145.18229561367065
270,178.72466956370982,146.98134645004018,136.53475761413574,166.38106226921082,150.58752059936523,119.51344013214111,178.7175230306033,144.5365376901284
271,176.83148784672449,148.43505365242012,136.63166999816895,165.31583905220032,150.31265258789062,119.32857155799866,177.25966622258113,145.49366975110175
272,175.82233008370503,150.71773792802577,137.3926830291748,163.96987438201904,150.56509017944336,116.08789443969727,176.39862360098556,147.41339206729785
273,174.22009051074508,153.52542193547544,137.5745964050293,164.18556690216064,150.56325912475586,115.84839463233948,176.43173076170837,149.33724832010446
274,171.4209520160017,153.54852387533234,137.73584365844727,163.35017681121826,150.50686836242676,114.95254755020142,175.902099165277,151.17244667988768
275,173.96437225889954,156.57523399292663,137.80855178833008,161.1288034915924,148.28187942504883,113.95596742630005,174.22484422979292,153.04451668597582
276,175.06572618685482,157.9614379782622,137.64198303222656,161.5347933769226,147.94822692871094,113.13718557357788,172.70250526791972,154.81887663720752
277,173.52422090927402,156.09928465532144,137.5407600402832,161.06402277946472,146.96165084838867,113.33368420600891,172.80272435805884,156.363530946297
278,173.95260745201242,158.9896995290795,137.08541870117188,160.90908765792847,146.7664623260498,111.43012046813965,174.00989875569869,157.39193289114385
279,176.06466773350917,160.1636749060653,136.55778884887695,159.42755341529846,146.74166679382324,111.19965434074402,174.7293579918905,157.8857395537503
280,177.9735196156449,162.40056898486858,136.2263011932373,159.63674426078796,146.68728828430176,111.00643873214722,174.90161918630642,158.6497898919022
281,177.5823817734477,161.1667462250473,135.80110549926758,157.8517770767212,144.15987968444824,110.44286370277405,175.70041869155136,160.1921962225226
282,177.1005705371708,159.90076290151143,135.49969673156738,157.368346452713,142.80134201049805,110.6457781791687,177.154783832514,161.62792460187504
283,178.54766541507354,159.12976591693143,135.10418891906738,157.5910234451294,142.70916938781738,110.7638168334961,178.0812445172821,161.68153119843424
284,175.94887131910778,156.55290693847968,133.3543872833252,157.85099387168884,142.6837158203125,110.07678508758545,177.9875745187213,160.2627030328781
285,175.0833337380476,155.8315490144491,132.47014045715332,155.6265413761139,140.9022331237793,110.16836643218994,177.2978660327358,158.30979740391982
286,177.43963734145075,156.0983129960855,132.59982109069824,155.96867322921753,140.9204387664795,109.09370183944702,176.41690545907176,156.66891712798898
287,176.80734321284737,157.0960814045101,131.88237190246582,155.9897017478943,139.8974323272705,108.97063136100769,175.9027388004784,155.83122866179343
288,176.63327699707463,156.7646374833741,131.69883728027344,155.89159727096558,139.64181900024414,107.39159345626831,176.22679356783422,155.96841166023881
289,176.01516812269455,157.0518312371117,131.3708782196045,155.88252067565918,139.1327953338623,107.64007329940796,176.85048337607208,156.6509795334518
290,174.54707965498028,155.9718479689999,128.69885444641113,156.57020688056946,138.88638496398926,107.2848629951477,176.81026064080828,157.09683648337307
291,176.66452809442004,156.70942972580667,128.2395362854004,154.75881457328796,138.897705078125,107.36156344413757,176.01982761119737,156.92981184987
292,171.67713614113174,156.431853873849,128.60432624816895,154.7622799873352,138.7305450439453,106.47120952606201,175.1617688242603,156.47729191695754
293,169.43296970117805,153.84721697649678,126.62872314453125,153.93426060676575,137.4682331085205,106.41629934310913,174.25765824990225,156.14401490185645
294,171.13089888329054,152.83777298393247,126.21318817138672,153.7949788570404,136.72571182250977,106.4699649810791,172.58396961456523,155.62804621124454
295,171.13119197166242,155.01291640131132,125.84891319274902,153.72037053108215,136.87530517578125,106.08660221099854,170.61530284519657,154.54696829749318
296,172.5315376191474,153.40147080205085,125.0407600402832,151.47942781448364,135.46710014343262,105.21445512771606,169.96374233137195,153.55862315502998
297,178.71859546394793,153.56396568842862,123.90153884887695,151.63774251937866,135.55953979492188,104.18533444404602,171.2753595143692,153.44329790118732
298,179.16674661629852,157.40994946371788,123.74935150146484,151.4540433883667,135.11677742004395,104.3097460269928,174.07926106293021,153.96052507818553
299,178.58119140358679,155.4872324336671,122.84317016601562,150.22017359733582,133.20541381835938,104.44576621055603,177.36701426886816,154.76901967038083
300,173.7668417911133,154.69849351340838,122.53186225891113,149.46282505989075,132.83032417297363,104.07026767730713,179.3009422410109,155.6934867495814
301,173.8142573653345,153.9513218598554,122.01403617858887,149.51717734336853,133.029203414917,103.94315242767334,178.36375452676765,155.9697383294327
302,174.79835467531797,152.64097076807903,122.21298217773438,148.4011209011078,130.65462112426758,104.06848669052124,175.45274474388583,155.08947154437988
303,165.65372766812715,150.5618139821852,123.4499454498291,146.011723279953,130.94633102416992,103.81249666213989,172.9138789264964,153.57132236281174
304,167.26882834668416,154.940168855729,123.43927383422852,145.59208631515503,129.4245147705078,103.95336627960205,171.10914331267443,152.27950882560532
305,171.8190910188989,157.99939584749754,122.18557357788086,145.13312816619873,129.69273567199707,103.77205967903137,169.06308495916358,152.23062216377892
306,176.5774979960614,157.8888632512719,119.0071964263916,147.27325201034546,126.39276504516602,107.44579553604126,168.17678493166792,154.16014545184808
307,178.6378538266535,158.17839443450512,119.15517807006836,147.35001683235168,126.97234153747559,106.42597675323486,170.7510429990232,157.07911065283778
308,176.47661876270325,159.15242682673775,118.73563766479492,148.28298568725586,126.72077178955078,102.74124383926392,175.5839036668927,158.92237821838205
309,173.94712081144755,157.82744449057648,117.8897476196289,148.30177187919617,128.08972358703613,102.81570196151733,178.6668726204502,159.05571139966526
310,176.03777434921895,158.44538302558996,118.22197914123535,146.38220071792603,127.80173301696777,102.88076162338257,177.9163285702521,158.48465591642304
311,178.5879465977474,158.3086088518799,116.50304794311523,146.53026938438416,125.1637077331543,102.93115496635437,175.53292344978001,158.12959793255175
312,173.82948567203314,155.58820744010129,115.61349868774414,146.64448857307434,125.57209014892578,100.67600727081299,174.86269580049384,158.02804366648854
313,173.59491084880625,153.53070266665998,114.12210464477539,148.17767143249512,125.48286437988281,100.75074434280396,175.81612774319356,157.49416712303062
314,175.01268864466604,156.79959209114355,115.93339920043945,146.8134570121765,125.64639091491699,100.31256794929504,175.86968236365547,156.10986959485075
315,174.9885187352866,156.76917396945936,116.08796119689941,145.6103789806366,125.83817481994629,100.21216750144958,174.6422356519832,154.90172922550772
316,173.58573448422666,159.29966559165044,115.15993118286133,145.69273352622986,124.93565559387207,102.28192090988159,173.90123905768948,155.3194270743364
317,178.49123773179159,160.24349228589443,116.00789070129395,143.87614846229553,125.44506072998047,100.32385468482971,174.3510371830228,157.25104626309133
318,179.94510274216267,162.52360932847506,116.08912467956543,143.50938320159912,124.54386711120605,100.319584608078,175.63208786269558,159.43467807149528
319,177.35838168576979,162.04565381410185,116.07072830200195,143.75895738601685,124.59386825561523,100.26710987091064,177.48871629484174,161.0782016876007
320,173.87802794557174,163.6220336137358,115.69823265075684,143.7298285961151,124.62525367736816,100.23335695266724,178.78511793667954,162.13445358757795
321,174.26655516820242,163.8805974654187,115.5523681640625,143.19942712783813,124.74199295043945,100.34063458442688,177.90305985551487,162.8247114595859
322,173.28749056231894,164.15467579585032,115.54594039916992,143.3153200149536,122.66241073608398,102.92075872421265,175.2720328664717,163.3994898628622
323,173.16668281307872,164.6998099971575,115.3382682800293,143.3699083328247,123.65172386169434,100.89547634124756,173.14653849048108,163.9433074177055
324,173.522407028153,166.28406633271558,115.87743759155273,143.28550457954407,124.18744087219238,100.46523928642273,172.7037488961191,164.44565793852337
325,171.1600804593767,166.2726216767236,114.55909729003906,144.06851649284363,124.22301292419434,101.19810461997986,173.10681892529112,165.0631095290274
326,168.5449147387231,163.45766669616503,112.97317504882812,146.4508330821991,124.20891761779785,100.89850187301636,172.88342073585193,165.71033586929312
327,166.61961444892253,162.76066554587612,111.34349822998047,147.54648327827454,124.06801223754883,99.30510878562927,171.24117042281262,165.63247148175694
328,165.71636306263048,161.87297667193332,111.04611396789551,148.37185263633728,124.2662239074707,98.27827334403992,168.64028971678627,164.34280683964786
329,167.08693464935433,158.47164806144661,109.99490737915039,149.14799809455872,124.33066368103027,96.01003646850586,166.42999120466473,162.44304141611343
330,169.71852832918438,159.47075820123004,110.24258613586426,149.1037094593048,124.93585586547852,95.79749822616577,165.8215449742095,160.70412805521045
331,164.29533033920836,157.14470506983113,109.03491973876953,149.65595483779907,124.86964225769043,96.0460638999939,166.78578433073045,159.33196277116699
332,160.67517688423678,158.60506464901667,110.36530494689941,144.61347699165344,124.78793144226074,94.84732031822205,167.39788733200174,158.37175794744417
333,156.00589980003568,159.0849851957188,110.59450149536133,143.50586414337158,123.18937301635742,96.92185878753662,165.322738262873,157.96545429907417
334,159.32170051534465,159.3336139209104,110.66563606262207,143.3727729320526,123.16357612609863,97.03621745109558,160.86270205581778,158.22461487117553
335,157.64779359212022,158.2568013511801,112.07597732543945,141.4457881450653,123.32886695861816,94.92231488227844,157.17599519316693,158.86356261437146
336,158.26450295506407,159.38748277185823,112.19420433044434,140.92951655387878,122.05609321594238,95.10261297225952,156.53276601304958,159.2207248903178
337,158.29848413733538,159.1967669922404,112.45068550109863,141.03026032447815,121.89597129821777,95.0677764415741,157.83331473459097,159.09468353845986
338,155.86780298856402,157.63429547734424,112.5606632232666,140.82177758216858,123.34610939025879,94.9018120765686,158.65673929899134,158.88079845137554
339,153.99120925121994,157.44384892516894,113.14547538757324,140.22892355918884,125.78556060791016,94.65824604034424,157.91603231621224,158.65243250926
340,153.81865791310483,157.0326813078317,113.52937698364258,140.1762557029724,125.65898895263672,93.309406042099,156.03175392320514,158.11127150998917
341,161.8204022512566,161.44600955131813,118.10196876525879,136.10905051231384,130.40865898132324,88.67814838886261,154.53774203868724,157.58376149291186
342,164.56435757803038,160.49355235178612,119.38426971435547,134.9325692653656,131.4588737487793,88.45453798770905,155.59811641635218,158.0586847995165
343,168.47354593233214,161.9394471182963,120.02969741821289,134.5114302635193,132.07365036010742,86.33844673633575,159.93170862609665,159.734746625487
344,167.41642527796637,168.8662442895168,122.42973327636719,134.15292620658875,135.84077835083008,85.32302141189575,165.31282141368763,161.77165094894673
345,177.3450408001534,170.21737907656072,123.16922187805176,132.93672680854797,134.5292091369629,85.58644652366638,169.05548388878057,164.1135207555244
346,174.70720249953732,174.16756218073215,124.07905578613281,132.6161813735962,134.6265983581543,85.57304620742798,171.3711670163836,167.4487462197658
347,172.10476025739794,172.42395577271844,126.02170944213867,132.0856511592865,139.61359977722168,84.04527068138123,173.6372041044084,171.17689654705893
348,168.5136525228664,174.29483166111748,126.67421340942383,132.32606291770935,141.054105758667,84.2335993051529,174.76776718591682,173.63199412328228
349,167.3297555562357,170.56874083654236,126.76713943481445,132.42850184440613,139.63233947753906,83.88556122779846,172.94074164735457,174.04246364327363
350,167.0418169633953,167.05127478315907,128.47722053527832,132.23790407180786,141.72450065612793,83.96522283554077,169.24176791045267,172.79855013078753
351,167.01803281839253,168.2594627612101,128.9130401611328,131.748948097229,142.90179252624512,84.07768785953522,166.55340991802183,170.50959383887582
352,163.43745291107913,164.64600909726136,128.55344772338867,131.65132641792297,142.0029640197754,84.17792737483978,165.95869095979583,168.03282259389974
353,169.10026901529196,166.78310119441653,131.13405227661133,131.37768745422363,143.84613037109375,83.73342633247375,166.1820712913741,166.3475465727544
354,177.90631831581902,164.1309195725446,134.63857650756836,129.9161410331726,148.7427043914795,83.5718983411789,166.82824878862854,165.6589604478873
355,172.08424040867467,163.93392000240468,133.46275329589844,132.20013856887817,148.91932487487793,83.61630499362946,169.4381524638871,165.35979677655328
356,174.34424887089364,169.23783381771972,137.11291313171387,131.26002430915833,151.57135009765625,81.20567500591278,173.46875386411853,165.0597538455553
357,177.0007186194276,168.37088783369293,140.46567916870117,132.70634651184082,151.29785537719727,85.04859387874603,175.77993955784996,165.4516950447035
358,175.13214433415772,166.399397497035,141.91438674926758,132.69833207130432,153.82654190063477,84.08238172531128,175.66906963647864,166.99714217931816
359,166.2128687027375,166.74822673798093,143.35365295410156,132.96809792518616,155.59913635253906,83.41698467731476,174.7972056853629,168.27921665582377
360,175.72267185234514,169.22978641970548,146.59744262695312,132.83687353134155,159.09835815429688,81.48532211780548,173.35056602069554,168.02678711679485
361,165.6011616797624,164.41348661422646,146.0951805114746,131.73295140266418,157.54130363464355,81.48611605167389,171.30528591545374,167.1558877006957
362,172.27317992062171,169.72934106515237,151.36001586914062,128.2692003250122,160.70714950561523,80.36479711532593,169.8672604216245,166.85101355819367
363,176.505305773698,168.3060721834998,152.62248039245605,127.25768566131592,160.32474517822266,82.14907765388489,169.86323565192495,167.1767493459509
364,175.14551893369236,167.96510466536634,152.51439094543457,127.16451644897461,160.67869186401367,82.18007862567902,171.6549474507715,167.91017807889656
365,177.75676843372835,167.56386081667594,156.05260848999023,129.54004168510437,169.69221115112305,82.70970225334167,174.68073791401793,168.5189636584422
366,170.6973172745751,168.6282362451011,158.7941551208496,130.29560923576355,170.5044174194336,82.13335990905762,176.74847760712115,168.4270083056288
367,164.2894915944974,172.91330421378424,161.20721817016602,130.84568738937378,171.688232421875,82.00923800468445,175.69531459188445,168.22125621804014
368,176.27061805032022,166.7723969688058,167.79556274414062,135.65356850624084,180.08338928222656,81.98596179485321,171.77864843595177,168.9312113516943
369,155.131224451743,172.77981261917267,171.14704132080078,135.1732063293457,182.38990783691406,80.9121984243393,167.9811613494633,170.10413578266144
370,165.30325336735697,170.06255919613207,172.82238006591797,136.91277980804443,187.22707748413086,80.59812247753143,165.78051745017376,170.62835528691625
371,176.71490076886465,167.56917347261313,173.14695358276367,137.00042366981506,185.44496536254883,80.70448815822601,164.41037410482397,170.48863356345743
372,178.97694513382058,168.1157827718897,174.86984252929688,137.5240981578827,184.86173629760742,80.73031783103943,165.95339671073475,169.85049248509915
373,173.29782135010205,167.8449992131694,174.11365509033203,136.45662188529968,183.39128494262695,80.47541677951813,172.06133005456678,168.67272260378948
374,156.2489671369695,167.3389105361083,178.46397399902344,135.57043075561523,188.76955032348633,80.08187770843506,176.98512572892915,167.63177509781457
375,150.56877812854748,174.94291401108688,181.77906036376953,134.4957447052002,191.86779022216797,79.80736434459686,172.93031617446675,167.6760830669218
376,159.04385613115133,175.61958306056837,182.1671485900879,134.83487248420715,193.15702438354492,79.84934091567993,161.09874667926832,169.50457239140803
377,162.11448995421972,164.9734923508807,186.5064239501953,134.40614819526672,195.9234619140625,80.23689866065979,152.01133515222995,172.39835822313955
378,169.24563069538178,171.23066974807537,187.4692153930664,137.94509768486023,198.92269134521484,80.60543954372406,153.4808371006844,173.34787953923504
379,158.35286934971757,172.5707397834028,190.62843322753906,137.118558883667,197.48327255249023,81.2644636631012,161.76430852682856,171.18855016137456
380,151.11427281846105,179.69898697743545,196.17639541625977,137.43838548660278,203.8011360168457,84.16864156723022,166.5330710404336,169.70608200144417
381,158.9579403444287,174.03317379155732,196.90174102783203,137.5288724899292,203.49231719970703,87.03737676143646,162.6161580706924,172.21006346081742
382,151.00206676167852,164.55311701459144,197.75667190551758,137.50982880592346,205.7431411743164,87.47554242610931,155.14930205155372,175.78957933168985
383,155.023840180199,176.60644450823156,204.98119354248047,139.10426259040833,214.45358276367188,85.05165696144104,151.63557877700376,175.28278014935307
384,147.72814761982596,171.97400790361502,205.65959930419922,139.3009650707245,212.00191497802734,86.30261778831482,152.41587104252943,171.61129429077326
385,148.04329771139572,177.55152185721423,206.85619354248047,139.93798971176147,213.5367202758789,88.21211457252502,152.83163781817495,170.39808594172777
386,179.74241818779282,175.36395599442804,212.08196640014648,142.36228823661804,213.8814926147461,88.12364995479584,152.08425455694916,173.19229959499006
387,173.25080931318,172.04422873324862,212.43022918701172,141.88773036003113,218.66405487060547,87.7408504486084,155.98554899009505,176.24212448373783
388,179.23286276575794,169.36893776628042,211.97694778442383,144.7321915626526,217.0535659790039,93.03553104400635,167.24514644035148,176.08519275983727
389,150.4201508735524,162.87137600144993,214.69364166259766,146.14826917648315,217.93859481811523,91.66299104690552,177.12868301671588,172.55879938196585
390,144.8528888813256,161.3117908074936,216.39019012451172,145.06042957305908,219.24888610839844,87.83286094665527,174.24840208673552,167.6289429785928
391,164.3889783149654,160.87136460329103,217.54703521728516,145.79095602035522,221.59252166748047,86.00754797458649,159.84636716100778,163.27037070665634
392,121.12060218229193,168.98267505144116,221.63164138793945,150.39841175079346,224.55646514892578,87.81207919120789,146.98602060601326,161.09884792959076
393,123.83487903009356,171.72445675313526,221.90963745117188,147.5356149673462,225.55267333984375,87.24409461021423,141.04216361461894,162.49263246413497
394,133.91588671677573,174.96820126043758,223.64933013916016,147.52964973449707,227.2932243347168,87.12126016616821,134.85692013284134,167.1859288658009
395,134.433005287418,171.28586273003228,225.74481964111328,150.54804682731628,228.66260528564453,88.84076535701752,127.65458014119207,172.33345720575892
396,129.69478805192347,175.78361280078187,229.65349197387695,149.9073314666748,233.4347915649414,88.78301739692688,126.7124786649521,174.80671750447337
397,137.44074323664833,163.88740803704127,230.9823989868164,150.64374804496765,232.98311233520508,89.28684890270233,131.54956294320522,174.04304719241824
398,148.60630221242616,172.3052841680341,235.44883728027344,152.6408565044403,237.05293655395508,90.54403781890869,136.04891141345286,171.4605584411596
399,145.02738381587923,172.71075747602097,236.45702362060547,151.73800349235535,238.1949234008789,89.5331346988678,139.5435082863549,169.18583754791973
400,139.56392131534884,174.48966307878857,236.44271850585938,153.33705067634583,237.52635955810547,90.30849695205688,143.55112015287114,169.45290334253846
401,174.02084276728607,172.69115618378828,240.59337615966797,158.65627884864807,239.1543960571289,93.98500084877014,147.01355244365314,172.1351507391933
402,179.6267303441597,173.21687763469376,243.05126190185547,157.70320415496826,242.5636863708496,93.60833287239075,152.50706418735362,174.36782209074963
403,159.04091053450776,165.25528744570641,244.12275314331055,157.19563364982605,241.62471771240234,93.23823094367981,163.60746958348287,173.98217241232499
404,158.06824234656844,168.08069980210064,249.67815399169922,159.57525730133057,245.38414001464844,97.26109385490417,172.91701327211644,171.187132315722
405,177.59303166122527,173.143358279548,251.07032775878906,166.52266144752502,244.5498275756836,105.27032017707825,171.17342826696827,168.14167870774278
406,177.04244259613722,175.21170035592044,251.9681167602539,167.47501730918884,245.1187515258789,106.99546337127686,165.10773360308377,167.893088817243
407,174.4451856620543,168.68046372252905,256.6535949707031,169.08977150917053,249.47402954101562,105.36259889602661,167.00904148850907,170.9222836580627
408,177.973081258886,169.55915447930045,255.14856338500977,167.23533511161804,248.7240219116211,105.48742890357971,175.14096011507996,173.46529293309234
409,174.14093408353577,166.75137758165127,255.96527099609375,167.3948621749878,249.35001373291016,106.56036615371704,179.71235449111919,172.26939557649462
410,150.02397873577308,172.85102433990184,264.2315101623535,171.47958755493164,253.5738182067871,107.74667501449585,176.92705521993346,169.05167272145604
411,136.06118891980447,175.35608852762675,261.96462631225586,170.14338612556458,252.59836196899414,107.41668820381165,167.38959124705798,168.04956941380507
412,174.5977943350626,172.01679327812488,263.3192443847656,169.39002871513367,253.37596893310547,108.02942276000977,154.31758847792784,170.6925663050751
413,173.14584142632623,177.9115378435864,270.89406967163086,173.84921193122864,258.0290222167969,111.20235800743103,148.47094094677007,174.24756926858345
414,176.9614185427141,175.42936559523744,272.8725242614746,173.48536491394043,262.265625,111.0993504524231,158.08154563102715,175.94493118615532
415,160.8147459696732,166.07667184051323,270.51910400390625,173.18254351615906,260.6345558166504,113.40130805969238,173.55601630188335,175.6119576563349
416,167.97582514074216,177.58931065247478,276.6111373901367,175.32646536827087,264.51908111572266,114.81436014175415,178.3651887892922,173.80983156953172
417,173.34746517593933,177.66199605946107,278.8094139099121,176.29790782928467,265.1802062988281,114.79889988899231,171.25076508329653,172.17639414039343
418,179.88154001629775,177.08514228946837,277.312068939209,177.17185735702515,264.75513458251953,115.43152570724487,165.4297143946556,173.35844450951998
419,174.682567202082,178.41827545367306,288.97558212280273,181.3090467453003,271.2113380432129,123.72642874717712,169.1860570003778,176.758870509039
420,173.74700835099455,177.4376784108864,286.29934310913086,179.88275527954102,271.7763900756836,121.26166105270386,176.78601819242724,178.96177960163388
421,178.48975518860547,176.37359506552684,285.9230041503906,179.1378629207611,271.63461685180664,120.83493232727051,179.38783151530689,178.67379950189144
422,160.86575479559826,177.8488359981952,295.24993896484375,184.08167839050293,276.661319732666,122.89365649223328,176.25330621150826,177.3541215465376
423,179.95406025873484,173.2308078113755,295.2329444885254,185.70467233657837,276.8338394165039,123.89272570610046,171.822181455737,176.45956826015734
424,178.6321140809103,176.7318490202936,295.99365234375,184.9592113494873,278.8197708129883,122.58491277694702,170.14387034606273,176.00931758830225
425,171.62597289988926,178.3399524600986,302.37600326538086,187.43686437606812,282.4607467651367,128.95169377326965,172.89284366210583,175.694909998828
426,174.95173419971158,178.88191219101103,304.41051483154297,191.05967044830322,283.1412887573242,131.34262561798096,176.68472279135094,176.14316314201608
427,169.2857019648009,179.3743343675025,305.8726501464844,191.24525785446167,286.71499252319336,129.7726321220398,176.64838837217127,177.66284028138733
428,169.3487244288961,170.2917925608161,310.3816795349121,191.07239484786987,289.6409606933594,130.43182253837585,173.10396523253618,178.78556457130577
429,173.439235888345,178.9692156616188,309.3503189086914,189.3188738822937,290.68416595458984,129.4096863269806,169.87846130207075,177.7470284934994
430,171.02890247724852,177.5582555449955,309.6052551269531,189.6995973587036,289.6626281738281,130.209059715271,169.41178580354693,175.56507764650965
431,176.48790235973343,173.49153025775541,317.49073028564453,192.43849754333496,293.4499168395996,132.66793727874756,171.28995397494074,175.02763490753847
432,166.047710157341,175.40012823256222,317.90958404541016,187.81870365142822,296.6952896118164,131.1021387577057,173.21601769192154,175.99802867675967
433,168.8500358198502,178.65275713730563,317.7961730957031,191.43241167068481,295.8243179321289,131.857191324234,172.90957266679737,176.26693151478437
434,164.3694942406702,178.34658592817047,322.4707794189453,191.3081932067871,298.6326217651367,131.59393787384033,170.01771518552675,176.08669976123713
435,162.4115728545087,179.15274958928254,325.3207015991211,192.28526830673218,300.4862976074219,131.72715783119202,166.42578875992757,177.01214554557026
436,165.99812847582447,178.6524821828596,325.4111099243164,192.50257015228271,300.92554092407227,133.85565161705017,164.05474741869097,178.61469229958337
437,161.87358638351012,170.21001171033222,333.97010803222656,193.8560128211975,307.55544662475586,133.38829278945923,163.3483533503525,179.0310279022188
438,163.85826277290678,179.7058627657157,333.330078125,193.43226671218872,307.49948501586914,133.00098180770874,163.59189811357416,177.30680249875047
439,168.72105562419134,179.6570640964868,335.052490234375,194.70073699951172,306.51214599609375,133.18650484085083,163.9583743766144,175.29186089406875
440,169.20195698821013,179.15003789726256,338.3341598510742,186.15320205688477,310.4109764099121,132.96991109848022,164.90350596476867,175.94115988621797
441,167.5326079245891,178.02564046173646,344.3302917480469,191.9439196586609,314.8252296447754,133.57803225517273,167.00791533079644,178.7071876340824
442,161.83849284983634,178.04179862759528,344.6692657470703,193.08025360107422,312.5563430786133,138.0235469341278,168.62735945768964,180.1956071214009
443,154.1699100488597,170.89525920963243,353.63277435302734,195.03820180892944,320.2611541748047,137.13780641555786,167.05591324065566,178.91724209654868
444,156.173279505192,177.8298695297724,350.40672302246094,195.66613912582397,317.1419334411621,138.5244119167328,161.8659455549812,176.1538701525298
445,156.3277823201376,177.45038101660722,348.64784240722656,195.484778881073,315.49551010131836,137.99536228179932,156.20627924149514,174.27815256362757
446,166.7673999742175,167.61980290939746,356.2464904785156,197.39985466003418,320.8890914916992,137.2335183620453,154.35399229933537,174.49052528183105
447,172.1468355118013,171.1429349375117,356.02622985839844,200.52700996398926,320.6959915161133,137.1458637714386,158.10809839849014,174.65130536215392
448,172.86406588352287,173.07030281490952,361.22215270996094,201.6857886314392,324.4390869140625,139.16810989379883,165.5018421824201,172.62417893727851
449,170.25448730688515,170.72643542992128,358.09959411621094,201.17146968841553,323.47869873046875,139.64477062225342,172.03188466414338,170.40996246198526
450,176.03153048899804,164.20417572323055,360.3411102294922,201.66407346725464,325.05943298339844,140.69137930870056,174.32498047862717,170.07627698480692
451,162.6662066764389,171.87849902603185,362.7728271484375,203.5287880897522,327.3059844970703,143.73499989509583,173.0244110239777,169.95610499786602
452,163.36003332435104,160.20435067081985,364.5381546020508,206.5593409538269,332.0652770996094,147.4074912071228,170.1219451768039,168.46183351759504
453,129.89669201041366,157.85223772866857,367.83470153808594,209.1363000869751,335.2299118041992,148.6737620830536,164.74828767488947,165.91625381181578
454,163.83966484431065,164.15701080721493,365.9626770019531,207.65679359436035,335.9787368774414,147.9886293411255,155.53107772655716,162.64820877401408
455,171.88366685514808,176.5126808507946,368.27598571777344,207.7911615371704,337.9108428955078,146.941237449646,148.33840583824048,160.82903967692823
456,145.32805470481605,150.405052662265,367.8611373901367,203.83503198623657,337.87322998046875,144.7314727306366,151.63216893822795,163.0746289702091
457,152.0898681893904,156.922544268798,367.0690155029297,200.97811460494995,337.1416473388672,144.9937927722931,159.95809805959018,165.50508247252625
458,174.05601140282684,167.8938705867518,366.1609649658203,201.03931188583374,339.58606719970703,144.55186128616333,161.13473991024372,162.66951043711583
459,174.22127112596758,172.52287886781994,364.3255615234375,192.65118598937988,341.3399124145508,139.10336136817932,158.62901610901866,159.05661904534267
460,172.96497017347326,172.14013515933402,361.74720764160156,191.0179567337036,340.2867889404297,136.3805651664734,163.42560469404003,162.44487684931883
461,168.15255301145567,177.3401715568193,390.6597137451172,191.3647985458374,374.3472671508789,137.2835898399353,172.84090503514574,170.77293324544354
462,174.62891492047206,176.55278751507214,396.1505126953125,179.6840786933899,373.25340270996094,139.3704879283905,176.55770426333171,176.6066240232331
463,170.02467859750325,169.1969847313033,409.9113464355469,178.73548865318298,386.12552642822266,137.7263045310974,173.43490652402042,177.3423376692221
464,168.24954947555668,178.08872278424406,416.34498596191406,175.827534198761,388.5783004760742,136.2111246585846,169.95500983912262,175.1448487250669
465,159.8135530951151,161.8583900792271,413.72535705566406,175.33291339874268,383.61106872558594,136.40812754631042,168.7241918730961,172.6811216923308
466,167.41095344803537,168.7595849492748,414.1008758544922,173.67195010185242,381.1268615722656,130.17523169517517,167.17506994473686,170.58236481678807
467,171.07347937605624,168.80481025986398,415.38185119628906,173.4545624256134,383.6721420288086,130.67851066589355,164.94196778132724,168.25847042062196
468,166.69629857461842,173.9902063418769,413.34415435791016,168.00524711608887,382.09644317626953,131.31953716278076,165.07622194764457,167.0530189577573
469,169.83736645252807,176.51500090310128,416.39549255371094,170.6917369365692,384.8698425292969,140.0572407245636,167.83080913625037,169.0075629616615
470,169.43026438876268,173.42652096235895,418.28540802001953,170.34727692604065,383.0418395996094,137.12404131889343,169.91185177916537,173.10036497310605
471,156.59184126639258,178.1332242710795,429.5986557006836,174.5973765850067,392.68497467041016,139.66543436050415,169.317165856561,176.13981827647433
472,163.70648348807887,177.13986310285998,423.6237335205078,173.13502550125122,390.4485321044922,149.79323029518127,166.14296404292193,176.80680885374187
473,157.26228077917366,177.33845195463692,434.05494689941406,182.89923191070557,397.7461624145508,151.47847294807434,161.86965140636295,176.63228134498232
474,164.79054200756758,176.45490849636062,436.8498992919922,187.35944509506226,395.0391387939453,150.06654739379883,159.241875401335,176.92554937734332
475,163.92868685809538,175.94921906248086,433.6161422729492,186.00578784942627,394.27284240722656,151.45808815956116,159.81962605262345,177.20535973118473
476,157.77077789623468,179.21481462848493,438.9994430541992,193.06450366973877,393.48236083984375,151.5923273563385,162.16063385115405,176.9744877576283
477,152.55634599178154,177.28564056240117,446.04515075683594,197.7384352684021,395.17845153808594,151.69902563095093,162.71870389748506,176.88438543037134
478,155.20307435008178,173.8507314027084,451.1292266845703,200.84617137908936,398.2368469238281,153.47413301467896,159.36867577737544,177.27105391448316
479,147.8653164396742,169.77465264865882,449.8765563964844,203.75241994857788,398.3823776245117,157.3340141773224,154.28577708675977,176.79995108547828
480,141.89100382488633,171.56422187716518,447.98290252685547,203.27674627304077,399.81937408447266,162.60324597358704,150.45558063890837,174.31553908524538
481,144.43007343282184,174.684737468897,446.8939971923828,201.8370223045349,399.0996551513672,160.10267615318298,147.49194229831843,171.3758446227211
482,151.9893427639204,173.02614875409287,450.5712127685547,201.54142141342163,399.13639068603516,157.7799689769745,144.86239589560142,170.7532238978419
483,153.37256854766923,171.25627849277646,448.93245697021484,201.08842849731445,398.8140106201172,158.26597452163696,145.00206969985555,172.44981235430905
484,153.58139884311169,173.4411830919539,448.79600524902344,200.92734575271606,398.61461639404297,158.09818625450134,149.04839068774982,173.71113090498005
485,159.38389305469605,165.95393910159004,453.8855743408203,206.59064769744873,401.19861602783203,159.41348791122437,153.94955593577913,172.9187411687178
486,177.66114519124702,164.63887607949812,462.6944351196289,211.58661603927612,403.1044387817383,162.02947854995728,157.7368710402801,170.51728629171674
487,161.18687166239548,162.23820170871562,463.90289306640625,213.7201738357544,404.64141845703125,162.8473162651062,162.46452177987922,167.23237825843526
488,164.25913373488044,167.07224866575302,469.09252166748047,213.82649660110474,405.1818084716797,162.16209769248962,167.63295292099542,164.2304398713651
489,164.99647052785028,166.59491233451726,468.53221893310547,212.9264760017395,405.2724075317383,161.7528998851776,168.68290672919204,163.31518600017057
490,170.22138738558667,169.28092609143562,467.6991271972656,213.53267669677734,404.8408508300781,160.43375730514526,165.76040530301327,164.99158244041402
491,170.10618260464753,169.56536636930926,467.6634979248047,213.171865940094,404.5836639404297,160.0899839401245,164.54186464314932,167.64482409738488
492,170.0954987078101,170.21533860030118,467.2260284423828,211.65390729904175,404.1725540161133,158.15109014511108,167.33111273701655,169.47347132898625
493,168.07384595386497,169.63466740580537,466.138916015625,210.94013929367065,404.10770416259766,159.3744993209839,170.65520824240988,170.0851184595682
494,167.34675461065487,171.45130579407396,466.0806655883789,209.94085550308228,404.13368225097656,159.11267280578613,171.03213477888977,170.09045049905907
495,169.65742825225763,177.11850932948224,467.08744049072266,209.9729561805725,406.7405700683594,161.46296381950378,169.01259625514106,170.50740682633744
496,169.40458479998136,174.66092235050047,466.81522369384766,206.21657609939575,406.49906158447266,160.20809769630432,167.53840306676614,172.25786063833692
497,171.23976654496863,172.6813042255841,466.55357360839844,204.82826471328735,406.48380279541016,159.07636642456055,168.18197194563533,174.67118688769975
498,168.99639813689774,170.47870450455943,464.9700164794922,200.3549838066101,406.4494323730469,159.08412337303162,169.87091280655935,175.4266192651359
499,172.4964519597811,174.3140262775785,465.6892395019531,197.7441430091858,406.86466217041016,159.00823831558228,170.86422524269577,173.70465327162262
500,168.02349134751594,172.80227591405384,477.39917755126953,199.03271913528442,408.5894775390625,159.5305609703064,170.80157775012447,171.77762052394976
501,168.53668584921303,169.99036630571283,474.81605529785156,197.87097930908203,408.4960174560547,159.40600991249084,170.20248096290726,171.66336826472147
502,168.51448981470134,167.86176800345746,464.17266845703125,195.4596734046936,407.43343353271484,157.9967987537384,169.2991917074053,172.11344280162487
503,170.19532479228664,165.73707857704977,464.96925354003906,196.27626657485962,407.4166488647461,160.21289348602295,168.50593240061002,170.85842724769975
504,171.85031745798165,166.67508222956752,467.28477478027344,197.36605882644653,407.181396484375,158.06480884552002,168.66353606067202,168.06650444317754
505,174.0577971428075,168.14128085183657,464.2116928100586,196.813223361969,407.0368194580078,158.50576400756836,170.0799991842646,165.94361965975588
506,174.95990072780447,171.12154572478295,464.5588684082031,195.7235813140869,406.70650482177734,158.5128664970398,172.19100880546654,166.11809770099327
507,176.56571074249788,168.8078590183064,463.9771270751953,193.37611198425293,406.5583038330078,158.51789832115173,174.17809152229492,168.158999065074
508,170.03727275640892,165.3684257243533,469.51499938964844,193.7779712677002,407.1739959716797,161.30756735801697,175.2863975714723,169.89136572043654
509,176.54224290175353,170.68910956295278,469.47723388671875,195.47999382019043,405.87615966796875,162.72155284881592,174.95129969602763,169.53820966141066
510,179.6699146358624,171.64592573278696,480.35850524902344,206.21945142745972,407.0148468017578,163.87850761413574,174.1093392329803,168.233990420704
511,177.97276372425344,177.7666945793401,481.46350860595703,207.83287525177002,406.9939422607422,163.3866012096405,175.00151451244597,168.910969362572
512,173.88249790701911,173.95325808458531,481.98097229003906,207.3521375656128,407.6900863647461,163.2441759109497,177.4525753124451,172.2720548584245
513,171.25399338438345,174.3508747606011,480.20362854003906,206.5552854537964,407.8618621826172,163.22839379310608,178.1460311980649,175.65763561438408
514,178.3887952629876,171.86347304749765,480.18348693847656,206.16636514663696,407.9141616821289,163.2582414150238,175.73887926088148,176.26040183495684
515,166.47091606384492,174.4893005127576,479.59911346435547,206.0831093788147,408.4757995605469,163.52524995803833,173.0040054996911,174.3678282708929
516,165.30081774437627,171.6710679534856,479.5930862426758,205.91054677963257,409.59815979003906,163.74822735786438,171.59340430397344,172.55423713424145
517,160.94044118611808,174.75658741343605,479.42955017089844,205.7911992073059,409.54437255859375,163.24386477470398,169.34405483994763,172.33844565099008
518,154.73656975319966,177.50631551131465,474.6736526489258,201.5347695350647,408.8650131225586,159.9521827697754,164.80010577320536,173.32773306355338
519,168.86339125534252,178.95308184863381,480.9596252441406,207.38269329071045,410.0232696533203,161.11955523490906,160.11068421683083,175.0132302323694
520,171.3557018745373,177.42667618388165,475.02830505371094,205.35908460617065,409.1927719116211,161.149080991745,159.3119060487982,177.08462301331403
521,175.89998937814093,176.62177221020994,469.4792938232422,199.27722930908203,409.1716003417969,158.71889233589172,164.378966635977,178.48431448794747
522,177.69174468970985,176.57216121176938,470.52520751953125,199.3699049949646,409.15027618408203,158.94214868545532,172.13534102501154,178.26735909009878
523,168.43507263095208,176.1070388087774,468.69712829589844,197.314453125,408.9323425292969,157.6919388771057,177.04663395055954,177.00064449064993
524,176.5105639913192,179.56936284252689,466.6936492919922,193.3879566192627,406.71607971191406,155.85169672966003,176.67825533685988,176.19044817049166
525,172.70435549288908,173.6559875231997,451.591796875,177.8703796863556,399.90848541259766,150.2851688861847,173.60060724778634,176.52928550799072
526,165.48995838394484,176.22919195080004,457.14080810546875,183.53429317474365,401.1394500732422,151.78327918052673,171.67809255657613,177.0170923068997
527,177.58065266279928,176.99288939833025,457.5323486328125,185.37229299545288,402.90760040283203,152.7293050289154,171.2806617784404,176.54409545515853
528,172.09959023437912,179.16517561480356,458.5557556152344,182.4097180366516,403.1769561767578,153.29139947891235,171.37409764983113,175.95090100779393
529,172.72370170169543,176.52365361007173,458.7947463989258,181.88177347183228,404.33162689208984,153.37473034858704,172.32443751911958,176.586673717948
530,169.1298524976374,174.32312224613764,459.5621109008789,180.8427929878235,404.7414779663086,153.5973858833313,173.32321040700515,177.6607812926167
531,169.68104154743756,175.77824042374135,460.2942657470703,177.50305652618408,404.62982177734375,152.43157982826233,172.55956399593924,177.33420508081275
532,179.7628144439718,174.026254120225,463.6729049682617,183.70616912841797,404.67376708984375,155.48576831817627,170.88280397482166,175.66589923457101
533,174.67049854963582,173.66263584901043,466.47159576416016,171.41353011131287,404.30152893066406,147.0261561870575,171.399328895312,174.29048923711395
534,168.17311650155003,160.7701715511446,472.5038528442383,162.27160692214966,410.8338928222656,135.89619040489197,174.27547508650986,173.2678210441016
535,166.04199926027613,162.37526566095073,477.84435272216797,167.60554432868958,410.61798095703125,144.10041332244873,175.06136469523491,170.42052250571152
536,177.68226397556566,163.9866306097314,486.0075378417969,170.02394199371338,410.5274200439453,144.852397441864,171.7150661665778,165.30941481391753
537,169.5223609283181,173.6199865193833,484.69478607177734,171.24829530715942,409.8637008666992,152.40107774734497,168.81871196242585,161.88115849990388
538,176.7727427906163,171.59396861986684,488.4986877441406,172.2012197971344,409.70054626464844,154.51837062835693,170.2567935942164,164.0355533330202
539,177.44628989113318,166.9701399825376,498.4920120239258,167.64427542686462,414.68265533447266,145.75454235076904,173.88736650708327,169.67833205613158
540,177.8772545827225,163.99886410842086,494.5466995239258,162.60982275009155,413.81431579589844,145.93120336532593,176.51447998101085,172.45807961889622
541,175.52898122638746,131.00868849331937,495.80310821533203,161.52671456336975,413.66477966308594,147.09487438201904,177.58038977565937,167.98041858338334
542,170.33388659253802,141.69747523496346,493.4880828857422,162.18664526939392,408.8661575317383,149.7793471813202,177.15169631042806,156.11859768706287
543,178.68093098456941,156.82653408313132,493.78379821777344,163.4737515449524,406.5439987182617,153.68369936943054,175.3383433518804,142.93078694489202
544,174.46634909231057,170.14094094121165,492.99903869628906,164.23402905464172,405.7475280761719,154.33114171028137,173.81671440247283,139.92197496207115
545,175.12916608160788,164.80095319904203,493.51734161376953,161.93944215774536,405.9370422363281,154.21671867370605,174.25042464836542,151.41977828424874
546,173.4197410746787,154.11694932788836,493.17230224609375,162.62706398963928,404.9122619628906,154.1503608226776,175.48518329202543,165.9518337334869
547,177.20474581897938,150.77807552808534,496.8900680541992,159.81985330581665,407.90565490722656,153.3330273628235,175.5791918875619,168.89342580118407
548,175.46001325199404,149.03994304295747,496.0868453979492,161.93331599235535,405.0574493408203,154.89319324493408,175.01155202520724,159.43949484271113
549,174.73823322034292,148.90502930970874,495.7011032104492,162.0080852508545,405.0609588623047,154.81874585151672,175.12771098717252,148.8508734884726
550,171.56647696478413,151.7436241548096,495.8112335205078,167.40931391716003,404.6527862548828,155.8726930618286,175.4402725619599,145.59915982446927
551,174.39324510707857,154.3813845520631,486.91505432128906,160.60287594795227,400.8856964111328,154.37526941299438,174.68937699669254,148.57512745304624
552,174.04771052228915,170.05367894184494,487.41729736328125,165.94784259796143,401.39408111572266,155.52136659622192,173.3362435009783,153.37300412795696
553,172.78733386312874,172.6111129632554,485.6404495239258,167.41466760635376,399.6731185913086,155.4532814025879,172.88451329388732,159.12597406710543
554,178.19521678987113,167.53627001205874,474.68555450439453,169.8074233531952,396.9178009033203,155.38405895233154,173.6041921359105,166.24869028525464
555,169.99395928807527,170.24104583749943,478.3653259277344,174.80266213417053,397.7428436279297,159.00867819786072,174.59029208257792,171.63256657526517
556,162.0134934450901,174.0697302965318,475.39905548095703,175.80090522766113,397.47650146484375,158.59687328338623,174.19102313397298,172.3769202211975
557,172.72042085506826,169.63367036960213,469.625244140625,176.15654468536377,395.9198760986328,158.51154685020447,171.02176721511623,170.86229686140797
558,170.07529862333735,173.1945532859601,469.7881317138672,180.82309484481812,395.0038528442383,159.65974688529968,167.33812547130302,170.61753772996363
559,176.31126753426557,177.3289158589709,466.97837829589844,181.15010976791382,394.25010681152344,159.5941936969757,167.43068280400595,171.88547283558617
560,173.69263417078363,172.82244224150432,465.9406280517578,177.57681727409363,393.23646545410156,157.07941889762878,171.36490392066625,173.65191428406456
561,170.571458165719,172.9290236698713,467.8959655761719,182.23552465438843,393.5828399658203,157.35377669334412,174.9169445154584,174.9498488281266
562,176.99144454626196,176.75620208960157,462.34928131103516,181.3696002960205,393.79322052001953,157.17289924621582,175.17197490087426,174.87763927480404
563,178.2033526757639,167.60475180732004,464.44530487060547,180.6404685974121,393.95618438720703,157.28283762931824,173.85491582324573,173.8925985846396
564,179.18796087848014,167.1865652564013,465.50743103027344,180.10063648223877,393.5694885253906,157.24572658538818,174.544307363983,172.51013826567907
565,176.51247160892981,170.0699303556112,465.9455108642578,180.61459064483643,393.3599090576172,157.79568672180176,177.3670633106122,170.263122422542
566,177.60760614250668,178.59394172930214,461.0321807861328,177.49334692955017,390.5809783935547,155.5892050266266,179.21024001640606,168.55854707123004
567,167.26435382615068,171.4084852237024,455.19168853759766,176.40774965286255,387.6964569091797,155.48354744911194,178.1123345472227,170.0856998947372
568,172.73403163884552,171.8720768930644,456.40064239501953,176.53391003608704,387.83538818359375,154.59224939346313,174.67617599107595,173.6532551526684
569,170.99534617371083,174.81302795542808,455.92430114746094,176.03137135505676,386.5951919555664,152.607661485672,171.11370491656044,175.09895653149283
570,177.25385885761776,168.09476436231967,454.94285583496094,176.2950325012207,384.7272491455078,152.8328812122345,170.02802046121062,173.5568893301433
571,173.3457920838578,168.27711967830783,455.8900833129883,175.9428584575653,385.4330062866211,152.10712909698486,172.04218752023968,171.3038298945762
572,179.87967409630963,159.5920152141306,452.0997619628906,173.56722593307495,384.7864532470703,150.8291745185852,175.06464681217696,169.0681905906808
573,176.692817129414,155.79149792755138,447.97916412353516,173.60154747962952,381.58935546875,151.0023057460785,177.0297637866144,165.66729088786488
574,179.52318558253776,158.95572440059541,444.398193359375,172.2402834892273,380.7831573486328,150.98721027374268,177.83968500140537,160.89531656005897
575,171.4657437868976,154.83058716356823,447.37030029296875,172.26620435714722,382.04044342041016,149.35458183288574,177.92509805166344,156.860564499394
576,166.9850449371166,157.05308850183704,446.79447174072266,172.49316215515137,382.1955108642578,149.58746194839478,176.5006716924776,155.50246383742885
577,172.48499709611326,161.2838761988838,446.3931655883789,174.12060856819153,382.31483459472656,150.24003267288208,172.9655290442237,156.28534783169982
578,171.1558180197841,150.28968635703902,443.86592864990234,174.6020543575287,380.2694320678711,150.52632093429565,169.50154396840767,157.50391928582636
579,169.12118684688343,141.81807360618782,442.5005340576172,174.5085310935974,378.7592315673828,150.11285305023193,168.9179587916347,156.759302185187
580,164.1343243320393,145.37969641255944,441.7066955566406,174.26987886428833,378.9759063720703,150.1579248905182,170.04726278577544,151.9386502192946
581,160.7754566815271,154.4289519867226,437.84778594970703,173.0055069923401,378.4281921386719,149.67783093452454,169.15518546742993,145.739695545788
582,155.7921285060919,144.59078950801398,438.54827880859375,173.03507566452026,376.53419494628906,148.78090023994446,164.99446846827777,144.12940329528672
583,170.09138240577195,145.26017661354732,431.60316467285156,171.45498633384705,376.21620178222656,149.7008228302002,160.34562344596563,147.22324416420804
584,174.36542843157326,159.00153860016076,427.8691101074219,167.45936393737793,373.4407424926758,148.70733261108398,159.95451551527412,149.61785324565483
585,178.74509140758374,170.10605875214623,431.1412811279297,168.6338496208191,372.28397369384766,147.7183485031128,165.98854792821157,151.1326673819056
586,177.78891772439596,162.4080975988379,437.0917510986328,170.32343745231628,372.8888702392578,146.5291428565979,174.64814442974696,156.52042639362264
587,170.68141609056585,162.79628331460407,432.31143951416016,175.27338981628418,370.93502044677734,149.11468505859375,179.56367473077577,164.32740611416662
588,167.7514449783614,149.92490038788338,430.7512664794922,177.31482982635498,370.88279724121094,149.3274700641632,177.92087872000923,167.0046641230065
589,128.57390561435793,119.90779269412837,429.8114776611328,176.63124203681946,372.02857971191406,145.8516490459442,170.36213394266815,160.12331859926354
590,130.72057273581814,115.97317649732037,424.08863067626953,176.88815474510193,369.0111541748047,148.10994029045105,156.8168428294817,144.52464251499418
591,154.21972647124426,133.60850919363813,417.93846130371094,174.73118662834167,365.8071517944336,146.29443883895874,140.58236522477947,126.57648654643535
592,125.63930122156368,116.53309422878809,418.63658905029297,177.86127090454102,364.2637634277344,146.86424732208252,131.97540855395653,117.00655382250491
593,148.82948387775951,94.85344584979407,419.0256881713867,178.6938178539276,365.45345306396484,146.93745017051697,134.9340812373992,117.69008729561628
594,132.32420188808618,127.05192034635559,419.5619201660156,178.28160524368286,363.34747314453125,146.11067533493042,140.58559335041238,117.71364094624406
595,121.47278772927689,126.85699250578794,420.28663635253906,178.20287704467773,364.2696762084961,145.54028749465942,140.58033431896837,113.63058100212241
596,119.66502088174288,147.19082018157027,418.0113983154297,177.99664735794067,361.5506362915039,145.64364910125732,133.80337225239083,115.90957616790914
597,128.87352529696832,130.42468978111475,412.56492614746094,173.96926760673523,358.3173370361328,144.9597179889679,124.5139831794898,128.3951072039332
598,144.83085554086975,131.70179374459903,413.96400451660156,173.5812270641327,359.76722717285156,143.4133493900299,120.84888995614789,139.9459890156908
599,160.21703648425319,102.3168820050104,409.4641876220703,173.9962935447693,351.90711975097656,148.95556569099426,128.48270255447684,138.99207403173233
600,168.45936277415174,110.5813957995134,406.35066986083984,169.91703987121582,352.57835388183594,144.70489740371704,144.79496542283567,125.69357483781975
601,156.46653793611853,130.39873292160473,407.76771545410156,170.63535690307617,351.2649917602539,143.94385814666748,160.6519995302697,111.38257106249688
602,175.70103542702807,114.08735024609891,395.3570556640625,167.82678365707397,351.5025329589844,144.43713784217834,168.04195809689122,108.53736927652373
603,150.40102995131411,139.5777901119001,400.43121337890625,172.0073390007019,350.13790130615234,145.5845332145691,167.09512133182517,117.50083711778703
604,174.8399709892946,159.2155902498081,402.76214599609375,172.02573895454407,350.2263641357422,145.58127164840698,163.68452696606383,129.41511459703617
605,162.4218910897027,134.5311070824551,393.3967971801758,174.37025785446167,340.4376983642578,149.48544144630432,162.46264115139365,140.06713390453143
606,156.53568827061548,151.33865062986885,395.57716369628906,170.2633774280548,343.85730743408203,146.0724377632141,163.85495136886263,147.68167892415335
607,176.79291649920532,144.77138600698524,396.0871887207031,170.16276240348816,341.12789154052734,144.73270654678345,164.93144470123224,149.0734798316078
608,160.21722222941685,134.71411498746866,387.11673736572266,170.37382006645203,336.52137756347656,147.01565265655518,164.88793386900298,145.89205924363992
609,175.95474369134618,133.0618641788408,390.83545684814453,175.3579866886139,336.7551040649414,146.15556478500366,166.04416581653115,141.72307022526817
610,168.4403983463096,123.25053139936374,391.71825408935547,175.14838814735413,336.71424865722656,147.54270672798157,168.58260971656725,136.63409494196392
611,141.4534376540694,166.28528707206706,391.9239807128906,170.9358823299408,336.3188171386719,144.6812081336975,169.33770065865914,132.4005797149346
612,177.67548663808554,173.6904655999952,394.66907501220703,171.2728750705719,336.73084259033203,143.87213587760925,165.13351000186856,136.72929440492592
613,144.9796406688485,106.02590914580892,379.2051315307617,177.15211629867554,330.6779479980469,151.12871289253235,158.77727330046676,150.54017701118053
614,178.33675723049913,141.00081036576094,378.19324493408203,170.85902094841003,326.60194396972656,149.86313939094543,156.93333907134394,156.43069256041136
615,173.42210198540894,153.1578099364003,379.77149963378906,170.04284620285034,329.7437286376953,148.73260974884033,161.3628893347339,144.1204638465697
616,169.0225735342676,140.008743889557,373.97789001464844,169.82477188110352,325.8726119995117,149.36465620994568,168.84413883968708,132.0448206099689
617,160.71658144318587,166.0345452547946,397.78099060058594,169.96562004089355,344.79480743408203,144.88911151885986,173.6498859573557,137.15633438267773
618,156.89119343510055,153.27256540171072,385.7880401611328,180.88701725006104,325.13553619384766,148.31954956054688,170.86864918624232,151.41328308747825
619,155.77196561259709,145.95990365744336,379.9870300292969,179.32100415229797,323.3687973022461,150.18444657325745,162.52374042143026,159.92445914826973
620,167.30282862454413,156.83203027700148,363.7757110595703,178.63916516304016,314.45556640625,153.75807166099548,156.04777060050975,157.99788682168855
621,161.82758555685234,145.1436684422443,370.2121353149414,179.5302700996399,316.60375595092773,153.3555793762207,156.48547879454372,151.42602184849522
622,176.33057587896664,153.1373615833044,373.2456588745117,178.59334230422974,319.155216217041,151.80359959602356,162.28216633714985,147.9977266639111
623,171.09975924997386,111.13166026198525,360.55736541748047,179.63695764541626,309.7676658630371,155.08535742759705,168.61124290369892,147.12795450541103
624,176.04875848673908,138.37966050411032,365.34523010253906,180.8717393875122,312.88806915283203,154.49911236763,172.72091884576022,141.64144411243686
625,178.28729520888663,137.3847449996722,361.9452667236328,183.50244998931885,308.44701766967773,157.4524712562561,174.6889169767053,131.74890018534163
626,176.9405743611498,54.76847342647412,364.5616912841797,185.61862707138062,309.63497161865234,157.91563510894775,175.85369974844332,123.81430332514877
627,175.65987733453665,105.41493746270604,365.3319549560547,184.5934009552002,309.8581314086914,158.60267758369446,176.98014598651187,113.16693056457747
628,172.15486009188476,120.71093455568717,357.25589752197266,182.51668453216553,305.8774948120117,161.18247985839844,177.17416920017567,96.735587560329
629,169.22117157630595,175.89903578510692,358.6247253417969,179.484543800354,307.55741119384766,160.301696062088,175.41909220487224,94.10932912301459
630,167.45228704718292,173.75271697353816,359.71385955810547,178.90166759490967,307.32067108154297,161.01896166801453,172.1751650882402,121.56930118830314
631,173.3802766073072,165.4226946945258,361.04217529296875,180.66829919815063,302.9532814025879,161.9210958480835,169.24686723941844,161.9968494636883
632,148.82064662777498,148.01118326870477,344.26780700683594,177.15816736221313,299.6083641052246,164.50854778289795,167.59220810544636,182.99069410594316
633,156.2725625628159,169.1818425549811,350.48973083496094,174.75157141685486,298.8166809082031,163.9757215976715,164.71105623367504,174.59993476409647
634,170.01075103953315,178.7773212752477,361.4793014526367,174.77784633636475,302.50783920288086,162.96687841415405,159.33193927323043,158.1934131763495
635,177.46990514815744,171.82922305305124,361.4672088623047,175.0456702709198,301.78003311157227,165.01788854599,157.56003685205442,157.43399226875746
636,162.21726071066436,163.25386234173294,365.396728515625,176.42782330513,303.98609161376953,165.39175629615784,164.11906552675725,169.95251703813045
637,176.51551655523244,179.22913420212237,364.9946594238281,178.52341175079346,298.79940032958984,165.93500018119812,172.37365871969848,177.49370253573204
638,165.64976551480822,166.6350360164498,369.6303939819336,178.93407940864563,299.2494201660156,163.9730179309845,174.1326922019151,174.3802898705632
639,174.85103336939773,129.06710776868246,367.8418731689453,179.26445245742798,298.39359283447266,166.45584225654602,171.0527542403341,167.57398569145263
640,165.74774732255963,161.64513688279146,376.03832244873047,179.18115377426147,298.9017105102539,165.5338490009308,168.96539240108189,158.94311014924227
641,168.07505567128536,162.8224103704521,373.5945510864258,178.94450783729553,299.3124008178711,167.57102966308594,169.12521676801492,150.04772167637324
642,160.10658409101677,170.33361673136895,368.9629364013672,177.50238060951233,295.66905975341797,167.1182084083557,168.7804063184836,149.89788719026112
643,163.04959236856155,169.03671266612932,362.77721405029297,172.57074236869812,296.56185150146484,164.72744822502136,166.1486926099554,160.44622304521562
644,167.0016268268937,175.87274204585486,363.08326721191406,171.29629611968994,295.55187225341797,164.48328137397766,162.93186966725787,171.34598445826668
645,165.29196478027902,178.60425434426065,360.1991271972656,169.4804084300995,292.8229331970215,163.9687478542328,162.24066025919134,175.43148662691934
646,167.30962739786608,179.89010722590774,360.6696319580078,169.07012701034546,293.35208892822266,164.08044576644897,164.4742633352537,175.7343301888243
647,167.9930304814051,178.52334451151583,361.6181182861328,168.08549880981445,294.55846786499023,165.8918809890747,166.9862159941677,177.01927933563687
648,177.1244266890124,178.523496744658,350.72925567626953,164.85020756721497,296.54727935791016,167.6199209690094,168.38479116770694,179.16847598932586
649,167.51233421743385,172.28082942542324,353.49998474121094,161.31412267684937,295.74947357177734,162.0158851146698,169.94041112041265,179.60194291219796
650,170.15450331637052,179.50320683899596,354.5518112182617,160.6246018409729,295.5384826660156,159.89859223365784,171.7032251730269,177.68365858202696
651,172.7878064214499,178.1221706872228,358.5615539550781,157.60697722434998,300.77905654907227,159.90652084350586,171.86568807357006,175.71550990025017
652,169.24015060457688,179.17127395658096,360.13214111328125,159.2778754234314,300.53417205810547,163.66910219192505,170.73434145667088,176.1420512069586
653,178.32558352547755,174.42496081151126,363.86951446533203,153.64500045776367,303.04983139038086,156.22248530387878,170.55696651109332,178.09381022136918
654,172.10591909024876,177.46941317109943,363.6096954345703,154.30352568626404,304.01391983032227,156.82971596717834,172.18947816680378,178.65823776691784
655,161.88494074965973,161.0545077818278,366.2368392944336,146.57670378684998,309.23473358154297,146.12109303474426,173.74124471959945,176.51690659820375
656,161.03595063152693,160.70952038007982,366.7087936401367,148.80508303642273,308.04882049560547,148.40121746063232,171.69169695525946,171.7427872929698
657,165.0929397459677,157.46701642763227,363.6991500854492,142.85366892814636,311.59542083740234,134.69282269477844,165.77551113517458,165.05228247738418
658,158.97937137151203,150.88433454118137,361.23130798339844,133.56524348258972,322.4765396118164,123.63342046737671,160.8160851720625,158.73375914559273
659,22.244896848505437,82.02913579798285,364.09236907958984,128.2197618484497,318.28807830810547,118.87626528739929,153.530042310989,151.3646061690503
660,179.91320085347974,172.41190946865208,368.78612518310547,133.02440285682678,318.04630279541016,121.86411738395691,131.05931412437099,137.7395825109434
661,140.61753307200473,146.23628201839435,360.48187255859375,135.75999855995178,316.52536392211914,122.27274656295776,106.09262522671335,126.14102611206496
662,160.05710250168826,159.7504315307228,359.67655181884766,141.86285018920898,309.6925926208496,143.48539352416992,112.55296818400495,133.0561093549033
663,54.44393639565189,168.4795863066106,361.7853546142578,139.27379965782166,314.5041847229004,143.129700422287,141.42547726434697,153.32653788079926
664,82.88107462333849,155.90992665742812,366.9271469116211,125.29647588729858,316.40377044677734,117.98675894737244,142.83116283063404,166.92053216240924
665,64.06583946778994,155.42173988814565,366.6211700439453,129.24297094345093,319.8577308654785,117.76098132133484,102.92533331732606,166.7551135860142
666,37.33616443976064,156.04340326698383,366.58363342285156,126.34214043617249,324.28123474121094,114.00862455368042,60.26263378741286,159.55760898563432
667,178.30052807403808,165.6167351272644,356.17210388183594,141.82239174842834,320.3301239013672,148.95122051239014,50.12473149029849,154.4035726616324
668,170.80287439179918,149.7420273275977,351.114501953125,134.0316903591156,329.79793548583984,118.94621729850769,80.13827555430775,155.3687022806845
669,175.09740267682238,172.45193114932883,347.6695251464844,132.06050276756287,333.26892852783203,116.32139682769775,136.25888857849634,159.18708193449092
670,124.31853600407266,148.57565402395858,346.09519958496094,143.61122131347656,330.6520080566406,145.44145345687866,180.5351666260792,161.28759459515896
671,164.8800505033316,161.6728437078636,348.83460998535156,145.02321124076843,329.024658203125,146.61847114562988,181.58826048294617,160.6620718781607
672,171.61250394999755,167.06424224137157,350.09605407714844,139.3436872959137,326.39137268066406,133.5621213912964,155.78275069593641,158.92329923837366
673,177.97759336268393,167.87315908428928,351.27037048339844,148.95151019096375,326.3288116455078,157.52569556236267,144.9083700684822,159.56935135643386
674,179.93352404300165,150.5392207466094,351.7560577392578,133.98388266563416,333.9957809448242,126.32604718208313,161.16088436694915,163.25775871258128
675,160.45277240817688,141.2329007319357,361.2260437011719,134.33810591697693,332.48043060302734,128.40585350990295,180.90043571710783,163.58175840966678
676,155.77120182207364,143.16254819282568,360.99830627441406,137.24167227745056,331.35169982910156,132.8928244113922,182.27638219114377,155.41041637380926
677,110.12577160536624,137.78003313033844,364.9720001220703,130.3399622440338,336.6440963745117,119.97589588165283,165.44401020013743,143.76920950183396
678,27.96543632205808,139.0164013040934,364.8347473144531,128.77220034599304,336.6690444946289,116.90096855163574,137.28059902731664,137.22157620406773
