frame,time_s,n_candidates,full_body,body_height_px,center_x,frame_corr
0,0.0,1,True,466.4648848772049,0.27249763544761774,1.0
3,0.12,1,True,446.226282119751,0.2718426955468727,0.9996884559477988
6,0.24,1,True,460.91723442077637,0.27500196704358765,0.9996536434786222
9,0.36,1,True,467.13241696357727,0.27889645189949963,0.9994188733007119
12,0.48,1,True,475.85737466812134,0.2793725178097234,0.9990168456715797
15,0.6,1,True,429.88427460193634,0.27766830270940607,0.9981275530358908
18,0.72,1,True,431.10995292663574,0.27649381485852326,0.9983509018221154
21,0.84,2,True,422.8114342689514,0.2765158703832915,0.999528457323977
24,0.96,2,True,427.5374275445938,0.2774588104450341,0.9997537080756445
27,1.08,1,True,433.9677929878235,0.27917871782273956,0.9997491881134055
30,1.2,2,True,423.6065536737442,0.28186152830268396,0.9997565521496082
33,1.32,1,True,445.15986263751984,0.2861784759796027,0.9996107890967344
36,1.44,1,True,432.5239545106888,0.28684158848993707,0.9996582259494835
39,1.56,1,True,443.54120314121246,0.29070656407963147,0.9996924242225242
42,1.68,1,True,461.9548308849335,0.29198747873306274,0.9997213231483654
45,1.8,1,True,472.66379714012146,0.29453567573518463,0.9997650639241327
48,1.92,2,True,435.93781650066376,0.29680349790688715,0.9996659007057018
51,2.04,2,True,437.06490755081177,0.2957489336981918,0.9996512454830991
54,2.16,2,True,423.3965688943863,0.292589241808111,0.9994143027775064
57,2.28,2,True,424.718114733696,0.28814453609061963,0.9995281957246551
60,2.4,2,True,429.01791036129,0.28430928967215796,0.9995581918556705
63,2.52,2,True,427.9468238353729,0.2808499002095425,0.9996238391692897
66,2.64,2,True,425.94128251075745,0.27862783724611456,0.9995644089516275
69,2.76,2,True,427.1327143907547,0.2768473891597806,0.9995609119134016
72,2.88,2,True,429.15867805480957,0.2748559234720288,0.9996298125824788
75,3.0,2,True,426.76479041576385,0.2728338851170106,0.9996309811442669
78,3.12,2,True,432.84908652305603,0.27054499270338,0.9995688392731576
81,3.24,2,True,434.92168843746185,0.27037371604731586,0.9996218223715361
84,3.36,2,True,432.7953189611435,0.2695303916028052,0.9996074067274126
87,3.48,2,True,438.52828323841095,0.2685529567075498,0.999603885750882
90,3.6,2,True,437.5369870662689,0.26789753951809625,0.9995542634621657
93,3.72,2,True,436.30292415618896,0.26651665116801404,0.999622071572211
96,3.84,2,True,440.91146886348724,0.2671022645451806,0.9996863647398899
99,3.96,2,True,434.1047143936157,0.2667834749727538,0.9996228055030361
102,4.08,2,True,440.49297988414764,0.2650801313645912,0.9996800139860841
105,4.2,2,True,439.48623418807983,0.2645712833512913,0.9996614253970169
108,4.32,2,True,435.93706011772156,0.26432042681809625,0.9997051240762304
111,4.44,2,True,439.1196942329407,0.2637430727481842,0.9996565062875626
114,4.56,2,True,437.0605945587158,0.2633691393967831,0.999698236789546
117,4.68,2,True,443.30278158187866,0.26247108614805975,0.9995542405404432
120,4.8,2,True,443.24336528778076,0.26189700852740894,0.998500507141016
123,4.92,2,True,449.25940990448,0.26112024169979675,0.999679644427263
126,5.04,2,True,444.3297243118286,0.2602036613406557,0.9995836931769311
129,5.16,2,True,452.6586592197418,0.2594187693162398,0.9996441700304101
132,5.28,2,True,451.040096282959,0.25865433116753894,0.9995289554774297
135,5.4,2,True,453.9394247531891,0.2580672199978973,0.9996638391869161
138,5.52,2,True,453.2727938890457,0.25720374737725116,0.9996109155380257
141,5.64,2,True,455.3042936325073,0.2564806089256749,0.9995701329553327
144,5.76,2,True,457.8161931037903,0.2555209362145626,0.9996332926200694
147,5.88,2,True,462.15969800949097,0.2547072172164917,0.999720088819442
150,6.0,2,True,463.98256480693817,0.25372935154221277,0.9997017113714027
153,6.12,2,True,466.9026052951813,0.25258660226157215,0.9997395327793653
156,6.24,2,True,463.06170880794525,0.25147800779703894,0.9996255756406797
159,6.36,2,True,467.9380130767822,0.25099069647716754,0.9997157861992679
162,6.48,2,True,463.7350022792816,0.24970144259207178,0.9996340823868808
165,6.6,2,True,465.5497097969055,0.249464956648422,0.9997486099546055
168,6.72,2,True,468.70099425315857,0.2491547420169368,0.9995491934561697
171,6.84,2,True,467.12972939014435,0.2485574118115685,0.9996780855005214
174,6.96,2,True,472.1489417552948,0.24784812556974817,0.9997082675021859
177,7.08,2,True,476.08205258846283,0.24746377495202151,0.9996702054569034
180,7.2,2,True,481.1632078886032,0.24711511487310583,0.9997370748450416
183,7.32,2,True,474.4141960144043,0.24720638358231747,0.9997011156568553
186,7.44,2,True,484.3239390850067,0.24576547425804715,0.9945194448915566
189,7.56,2,True,479.78116750717163,0.24546324303655914,0.9950612576941684
192,7.68,2,True,485.08815944194794,0.2450340697259614,0.9950699819618495
195,7.8,2,True,479.84946727752686,0.24271294248826575,0.9919854876920147
198,7.92,2,True,486.9656628370285,0.24240852576313596,0.9997160591423279
201,8.04,2,True,488.93270909786224,0.24155437901164545,0.9996623512451583
204,8.16,2,True,487.70171999931335,0.24145063441811185,0.9998251656391937
207,8.28,2,True,486.8628269433975,0.2405615999843135,0.9998942302597064
210,8.4,2,True,486.4696365594864,0.24070860987359827,0.999879834126705
213,8.52,2,True,488.393794298172,0.2397831610657952,0.9998292831692632
216,8.64,2,True,475.89516162872314,0.24030259387059646,0.9999006150288531
219,8.76,2,True,483.0181646347046,0.2402771995826201,0.999913590521733
222,8.88,2,True,484.0916168689728,0.24005432697859677,0.9999456634048485
225,9.0,2,True,485.8440113067627,0.2395583029949304,0.7498395400921009
228,9.12,2,True,477.718865275383,0.24064653660311844,0.33504281506516237
231,9.24,0,False,,,0.11544490692714032
234,9.36,1,False,2202.021288871765,0.5041943463412198,0.9950721958552247
237,9.48,1,False,2082.814886569977,0.503624677658081,0.9988977551250955
240,9.6,1,False,2032.8677344322205,0.4996586803233985,0.9983175174329506
243,9.72,1,False,2050.1157760620117,0.498826523621877,0.9990197451230193
246,9.84,1,False,1999.9454426765442,0.502233270442847,0.9993635955514641
249,9.96,1,False,2098.8408064842224,0.5089306497212612,0.9989755921011735
252,10.08,1,False,2112.871549129486,0.513219902009675,0.999191410612665
255,10.2,1,False,2119.1848039627075,0.5070941235983011,0.9990937322825287
258,10.32,1,False,1854.5488142967224,0.515657873767795,0.9989466070627513
261,10.44,1,False,2051.0283279418945,0.5127409136656559,0.9987119668052655
264,10.56,1,False,1958.249430656433,0.5027247676343629,0.9988863002649492
267,10.68,1,False,1930.001585483551,0.5052024857564406,0.9990540394166403
270,10.8,1,False,1883.987045288086,0.5114517970518633,0.999168338117595
273,10.92,1,False,1672.024405002594,0.5086118551817808,0.9991945858460636
276,11.04,1,False,1933.4577083587646,0.5042955292896791,0.9979924453028058
279,11.16,1,False,1812.3346638679504,0.5058574486862529,0.9960685128211509
282,11.28,1,False,1717.4187755584717,0.522424494678324,0.996035454243466
285,11.4,1,False,1439.981825351715,0.5192886843825831,0.9985691260331176
288,11.52,1,False,1841.543469429016,0.5127783255143599,0.9951677474037249
291,11.64,1,False,1840.1344084739685,0.4922868004350951,0.9960701438622307
294,11.76,1,False,1873.5859751701355,0.5108954888401609,0.9991484874534479
297,11.88,1,False,1916.3915848731995,0.5121021930015448,0.9989906102541288
300,12.0,1,False,1957.6973676681519,0.5233416205102747,0.9991651301175425
303,12.12,1,False,1976.0394930839539,0.5183170501029852,0.9990648128128106
306,12.24,1,False,1984.8941946029663,0.5110221387762012,0.9971842814290561
309,12.36,1,False,2017.610878944397,0.5134327420682618,0.9985647575860978
312,12.48,1,False,1912.2048926353455,0.5043124710068558,0.9990727686969686
315,12.6,1,False,1943.921799659729,0.5036826811053536,0.9996022130408474
318,12.72,1,False,1988.3453607559204,0.5020636455579237,0.9991649056413918
321,12.84,1,False,1950.7469487190247,0.5104201661817955,0.9994866578194089
324,12.96,1,False,1931.1787748336792,0.5179254051410791,0.9995672238904669
327,13.08,1,False,2008.3259725570679,0.5192958387461576,0.9995056219617705
330,13.2,1,False,1973.5246324539185,0.5229442977544033,0.9991152438623778
333,13.32,1,False,1912.4775123596191,0.5177456664316582,0.999103747813273
336,13.44,1,False,1929.5683550834656,0.5179023300156449,0.9993164689551011
339,13.56,1,False,1955.120837688446,0.5186784538355741,0.9996551406557823
342,13.68,1,False,1983.2468247413635,0.5163698927922682,0.9995094889463224
345,13.8,1,False,2015.2224469184875,0.5233286465659286,0.9988456187452318
348,13.92,1,False,1989.8766660690308,0.5207006425568552,0.9996197015404604
351,14.04,1,False,2025.344009399414,0.5210464587717345,0.9992902332128146
354,14.16,1,False,1974.3657302856445,0.5256056153413021,0.9996434822112864
357,14.28,1,False,2003.3870816230774,0.5215306688438762,0.9995488898066347
360,14.4,1,False,2048.244388103485,0.5226793921355045,0.9996078939225113
363,14.52,1,False,1987.4416279792786,0.5221482181187832,0.999595884239604
366,14.64,1,False,1947.5538539886475,0.526304666743134,0.9994943514758469
369,14.76,1,False,1918.5945582389832,0.5262699858708815,0.9991861277126618
372,14.88,1,False,1878.7911128997803,0.5237344241503513,0.9993737967482378
375,15.0,1,False,1918.6691665649414,0.5281501836848982,0.9994379747432752
378,15.12,1,False,1861.2513327598572,0.5233706524877837,0.999552078986709
381,15.24,1,False,1918.3361649513245,0.5274997516111894,0.9989312666155074
384,15.36,1,False,2010.5880403518677,0.5326102421139226,0.9988455085813281
387,15.48,1,False,2118.3413887023926,0.5345840183171359,0.9993089749029077
390,15.6,1,False,1886.3300943374634,0.5318953729037083,0.9989093330023117
393,15.72,1,False,1818.8139367103577,0.5247612776178302,0.9989849499850256
396,15.84,1,False,1990.8970427513123,0.5353424946467081,0.9993637429235672
399,15.96,1,False,1996.6865587234497,0.5352545290282278,0.999006169675548
402,16.08,1,False,1956.1932277679443,0.5351915621396267,0.999270493639483
405,16.2,1,False,2058.8590478897095,0.5380961389252634,0.999029010085615
408,16.32,1,False,2057.3424196243286,0.5401752157644792,0.9992106544335877
411,16.44,1,False,1932.8828573226929,0.5329726482882644,0.9991799345911537
414,16.56,1,False,1987.6624917984009,0.5349470963983824,0.999250313393447
417,16.68,1,False,1996.5280723571777,0.535648892323176,0.9986489743382834
420,16.8,1,False,1990.4210686683655,0.534880488207846,0.9985604710105104
423,16.92,1,False,1948.0669713020325,0.5218920770919684,0.9982259924006635
426,17.04,1,False,2003.6934971809387,0.5251692136128744,0.9987788785226821
429,17.16,1,False,1912.0903730392456,0.508471566619295,0.9989033525642844
432,17.28,1,False,2079.815683364868,0.49967894861192413,0.9986696317780148
435,17.4,1,False,2054.902231693268,0.4789050609776468,0.9975348624598228
438,17.52,1,False,1927.6205563545227,0.4564883898605,0.9975726999841962
441,17.64,1,False,1987.3683714866638,0.43804671637939685,0.9972510499063709
444,17.76,1,False,1900.674011707306,0.4268904581214442,0.995665746523168
447,17.88,1,False,1787.634994983673,0.4222862828861583,0.9968493036487702
450,18.0,1,False,1661.8979501724243,0.4186581608020898,0.995867382790799
453,18.12,2,False,1835.6053805351257,0.41266033414638403,0.9969870672281197
456,18.24,2,False,1859.6611261367798,0.41872142977786786,0.9978361472642345
459,18.36,2,False,2014.2040014266968,0.4176739865180218,0.9979994574133204
462,18.48,1,False,1726.7038106918335,0.4188489466905594,0.998522349703807
465,18.6,2,False,1817.834243774414,0.434640393112645,0.9964135748392319
468,18.72,1,False,1887.3698472976685,0.453882016918876,0.9959913073057987
471,18.84,1,False,1676.8953824043274,0.4619720803968834,0.9978437799528634
474,18.96,1,False,1871.9385409355164,0.48137454282153735,0.9985888891717132
477,19.08,1,False,1612.7537870407104,0.4939898306673223,0.9974391017754759
480,19.2,1,False,1804.6433758735657,0.5146586181539478,0.9966500355114419
483,19.32,1,False,1758.530023097992,0.5379908509326704,0.9969537656336872
486,19.44,1,False,2058.5674381256104,0.5109901076013391,0.9978592390404275
489,19.56,1,False,2257.645754814148,0.47930154655918933,0.9981716609622311
492,19.68,1,False,2191.52681350708,0.4597421749071641,0.9978084015508591
495,19.8,1,False,2196.2317085266113,0.45677873040690564,0.9988500859062897
498,19.92,1,False,2138.875801563263,0.458820692969091,0.9974705634286296
501,20.04,1,False,2142.6474809646606,0.4604513898040309,0.8961111517517619
504,20.16,1,False,1208.3094549179077,0.464797087691047,0.42067966085920283
507,20.28,0,False,,,0.6372742333220832
510,20.4,0,False,,,0.9134098505175169
513,20.52,0,False,,,0.9946726788002974
516,20.64,0,False,,,0.9955895668758827
519,20.76,1,True,668.932489156723,0.13876969570463354,0.9948296461769165
522,20.88,1,False,680.5649507045746,0.1301297816363248,0.9957157105087387
525,21.0,1,True,698.0070447921753,0.11943289682720647,0.9938941966342337
528,21.12,1,True,708.2206606864929,0.15204992213032462,0.994598897988445
531,21.24,1,False,748.9610230922699,0.11382037807594646,0.9954614895492047
534,21.36,1,False,742.8400504589081,0.10991356702465,0.9943391359057232
537,21.48,1,False,729.7537565231323,0.11614042486656796,0.9943691067994579
540,21.6,1,False,796.2680125236511,0.1261551517880324,0.9924270854242465
543,21.72,1,False,759.2294204235077,0.12052522509387045,0.9946296445690229
546,21.84,1,False,825.1786422729492,0.10857908021319997,0.9932472835387938
549,21.96,1,False,791.3054966926575,0.10233893821185286,0.9945258418261889
552,22.08,2,False,832.4832737445831,0.08869079839099538,0.9947289894020876
555,22.2,2,False,868.802078962326,0.08509502029328635,0.9935843106032411
558,22.32,2,False,892.1236181259155,0.07865391874855215,0.9949423943084346
561,22.44,1,False,861.8387532234192,0.07897248576310548,0.9942589128568501
564,22.56,1,False,870.6257021427155,0.0815437739771424,0.9957609663906047
567,22.68,1,False,892.728853225708,0.08357463404536247,0.9946448358682485
570,22.8,1,False,822.54279255867,0.07797604302565257,0.9942844427523739
573,22.92,1,False,821.7697370052338,0.07788175479932265,0.99516007621467
576,23.04,1,False,724.2297792434692,0.08411060815507715,0.9940520004638581
579,23.16,1,False,795.1836812496185,0.0816433656622063,0.9956112620259575
582,23.28,1,True,792.2086822986603,0.08445061178821506,0.995591959909903
585,23.4,2,False,728.4166324138641,0.0845487481265357,0.9948604942406857
588,23.52,2,False,756.0219061374664,0.08794401676365823,0.9963925462834028
591,23.64,2,False,739.6166682243347,0.08706784056443156,0.9961695339728417
594,23.76,2,False,757.4649238586426,0.08530331617503455,0.99458033684004
597,23.88,2,False,747.2168362140656,0.07464652621384824,0.9947949461795245
600,24.0,2,False,777.0625805854797,0.07337975236728336,0.9939301703715295
603,24.12,2,False,787.1575891971588,0.07340932919672041,0.9943333264554388
606,24.24,2,False,758.5279476642609,0.08985641847054164,0.9938935914719307
609,24.36,2,False,762.9535603523254,0.0767592355383165,0.5319722360853834
612,24.48,0,False,,,0.587895332722966
615,24.6,1,False,553.2163596153259,0.4930223696159594,0.8075906936659681
618,24.72,1,False,703.3383536338806,0.5020838984937379,0.9949177478951945
621,24.84,1,False,773.0986833572388,0.48988078579758154,0.9962148572471367
624,24.96,1,False,780.0140190124512,0.490784637855761,0.9960269083054027
627,25.08,2,False,783.149596452713,0.4858009426882773,0.9969664701206337
630,25.2,2,False,841.5048944950104,0.4812984078219443,0.9933300719818112
633,25.32,1,False,1018.6208438873291,0.48567995880589343,0.9932783197650347
636,25.44,1,False,1197.0079350471497,0.4790609298330365,0.9843361284884755
639,25.56,1,False,1356.3097786903381,0.4842265618569923,0.9665787882609267
642,25.68,1,False,1853.3180665969849,0.4522933088468783,0.9383150934507531
645,25.8,1,False,1935.918173789978,0.44007289003242145,0.9523146601946156
648,25.92,1,False,2085.241620540619,0.4139899399244424,0.93355830995047
651,26.04,1,False,1925.3978204727173,0.39187087841106183,0.9790306663944844
654,26.16,1,False,1978.1832432746887,0.37570752609859814,0.9835891883320743
657,26.28,1,False,2061.079659461975,0.38939945128830994,0.9827198665568453
660,26.4,1,False,2121.0035347938538,0.4150951807246064,0.9832786189960052
663,26.52,1,False,2162.9352164268494,0.45151262572317413,0.9904935993242435
666,26.64,1,False,1689.8913288116455,0.5030458117976333,0.9924179962572465
669,26.76,1,False,1875.5055785179138,0.5243158385609136,0.994300676736888
672,26.88,1,False,1884.4796919822693,0.5763577258948124,0.9948026092175071
675,27.0,1,False,1931.3168549537659,0.6018720323389227,0.9813887645061103
678,27.12,1,False,1958.6053490638733,0.6128702570091594,0.9858335304737187
681,27.24,1,False,1965.8024454116821,0.580908890023376,0.9841143848455156
684,27.36,1,False,2044.2018914222717,0.5382715553948374,0.9820242465763875
687,27.48,1,False,1976.2982726097107,0.49966510317542334,0.9813685754176059
690,27.6,1,False,1995.2189826965332,0.4799449344476064,0.993740384227043
693,27.72,1,False,2017.1826696395874,0.472745598265619,0.9934801056238253
696,27.84,1,False,1987.3249197006226,0.46281706203113904,0.9914670721254153
699,27.96,1,False,2149.5313382148743,0.4324042900945201,0.9827535513594129
702,28.08,1,False,2210.7655262947083,0.41316863171982043,0.9828812129571364
705,28.2,1,False,2251.2038826942444,0.3988979716192592,0.9623582667076716
708,28.32,1,False,2275.496907234192,0.4045490753470045,0.9861288707098472
711,28.44,1,False,2244.7900772094727,0.42790938281651697,0.9929696352860704
714,28.56,1,False,2276.8829870224,0.46842360586831067,0.9905571310194812
717,28.68,1,False,2121.246864795685,0.4730618225805687,0.9923702918937065
720,28.8,1,False,2224.4168543815613,0.49740882353349164,0.9961234228623413
723,28.92,1,False,2247.5479459762573,0.5187821487585703,0.9847980910000591
726,29.04,1,False,2162.5345587730408,0.533946642369935,0.9781753009657477
729,29.16,1,False,2247.554512023926,0.5266637088674487,0.9588514395994796
732,29.28,1,False,2143.1873774528503,0.48375477077382983,0.9786070360409594
735,29.4,1,False,1993.7993001937866,0.4790860373865474,0.9889553921638676
738,29.52,1,False,2180.2637887001038,0.49910995996359625,0.9924595538538266
741,29.64,1,False,2153.9233803749084,0.48770780364672345,0.9894564265208599
744,29.76,1,False,2139.148292541504,0.49336560747840186,0.9929207990094014
747,29.88,1,False,2023.9126753807068,0.4756774432731397,0.987807482784779
750,30.0,1,False,2229.1995763778687,0.5217447407317884,0.9872081304830612
753,30.12,1,False,2227.981960773468,0.5100233455499014,0.989184069021256
756,30.24,1,False,2294.066913127899,0.49110612453836383,0.9866317972435873
759,30.36,1,False,2315.4258799552917,0.4911497578476415,0.9789981592335368
762,30.48,1,False,2342.9316329956055,0.48167324698332586,0.985373138186905
765,30.6,1,False,2391.618103981018,0.4873508160764521,0.9864756445121853
768,30.72,1,False,2404.3127846717834,0.4778654873371124,0.987804438555909
771,30.84,1,False,2469.1350603103638,0.482312562790784,0.9924285875618675
774,30.96,1,False,2486.900339126587,0.475790975671826,0.9910010443531224
777,31.08,2,False,2541.287684440613,0.47284431529767584,0.990111102927133
780,31.2,2,False,2607.141537666321,0.4830638685009696,0.9850492782434005
783,31.32,2,False,2549.9085187911987,0.503177029616905,0.9887447833269029
786,31.44,2,False,2876.5728664398193,0.47631890484780975,0.9904934367275706
789,31.56,2,False,2664.2772245407104,0.4556335617195476,0.9854976843349934
792,31.68,2,False,2627.8408098220825,0.4670079838145863,0.9807416989184153
795,31.8,1,False,1952.61376619339,0.5076330864068234,0.9851073121511661
798,31.92,1,False,2082.2149300575256,0.507060805053422,0.9770559081146146
801,32.04,1,False,2048.876016139984,0.4991650301398653,0.9879853214102747
804,32.16,1,False,1929.1984677314758,0.49597197048591846,0.9865041532423771
807,32.28,1,False,2044.7544693946838,0.502914003350518,0.9843225980464697
810,32.4,2,False,1791.3081192970276,0.5105969056938634,0.9831790958290545
813,32.52,2,False,1955.867371559143,0.5402790118347515,0.9883617368637604
816,32.64,2,False,1966.5340447425842,0.5610320893200961,0.9881944330485928
819,32.76,2,False,2091.25586271286,0.5677469544338457,0.7504704221650046
822,32.88,1,False,989.8975396156311,0.6460626793630195,0.19222866686636578
825,33.0,2,False,1697.314052581787,0.5923999963384686,0.349962439424704
828,33.12,2,False,1410.622901916504,0.5776811982646133,0.98730551181037
831,33.24,2,False,1566.4187979698181,0.6017416273102616,0.989510403292505
834,33.36,2,False,1066.926805973053,0.5729146364963416,0.995679454254774
837,33.48,2,False,1341.1326169967651,0.5921212994691097,0.9873746412792336
840,33.6,1,False,402.193803191185,0.353686096090259,0.9936346540082066
843,33.72,1,False,578.7405502796173,0.2887916727499528,0.9893906658172772
846,33.84,1,False,765.8446490764618,0.2760436534881592,0.9955071972985781
849,33.96,1,False,484.18598771095276,0.3280540691180663,0.9809894362890215
852,34.08,1,False,554.7875118255615,0.2925735499822732,0.9863591886885591
855,34.2,1,False,688.4271168708801,0.3385732453880888,0.9824144119275952
858,34.32,1,False,566.4255738258362,0.33430194493496057,0.9964213073077074
861,34.44,1,False,416.7305016517639,0.39114473444042785,0.984849156881318
864,34.56,2,False,514.4012975692749,0.3958155946298079,0.9863618447686741
867,34.68,1,False,490.0478991866112,0.4296888835502393,0.9750818947917688
870,34.8,2,False,1016.301999092102,0.4609513120217757,0.9895647439271889
873,34.92,1,False,879.7748619318008,0.30137457450230914,0.9926909176546846
876,35.04,1,False,1045.118064880371,0.30100182647054846,0.9903494836618482
879,35.16,2,False,1039.8475241661072,0.32504702201395325,0.989938718043722
882,35.28,2,False,1205.8050870895386,0.29931137643077155,0.9928500845010074
885,35.4,2,False,1263.1625390052795,0.2995100725780834,0.9960019481380447
888,35.52,2,False,927.2717678546906,0.30523888766765594,0.9953679319992593
891,35.64,2,False,1284.559292793274,0.2848889353600415,0.9978999238339058
894,35.76,2,False,1238.756604194641,0.33652913028543646,0.9977896382425929
897,35.88,2,False,787.6094073057175,0.3265263889775132,0.9971356889192614
900,36.0,2,False,1027.0815825462341,0.30143736031922425,0.9946289544033685
903,36.12,2,False,1454.227123260498,0.3265117601011739,0.9959618332863677
906,36.24,2,False,1377.6997089385986,0.31056265036265057,0.9968110840129867
909,36.36,1,False,993.8896000385284,0.3230103416876359,0.9968410940545912
912,36.48,2,False,986.5551960468292,0.43128134806950885,0.6842430592064689
915,36.6,1,False,771.5611982345581,0.7257643414266182,0.39472048518542113
918,36.72,2,True,839.0382814407349,0.6595075040152578,0.6666687923338079
921,36.84,2,True,763.7386536598206,0.6477910207979607,0.9484375807666822
924,36.96,2,True,757.5586831569672,0.629594208616199,0.9965775399435909
927,37.08,2,True,767.9840540885925,0.6249068289092092,0.9970440052194908
930,37.2,2,True,778.6971724033356,0.6196262493278041,0.9957083240656037
933,37.32,2,True,787.2710144519806,0.6208217956803062,0.9963388195255466
936,37.44,2,True,784.0633392333984,0.6144274256446145,0.9959214179482826
939,37.56,2,True,782.5529229640961,0.6132658683892452,0.9967881931019738
942,37.68,2,True,784.906142950058,0.6092282660079725,0.995776619252827
945,37.8,2,True,809.870513677597,0.606473193024144,0.9956503081407015
948,37.92,2,True,795.0434446334839,0.602452070424051,0.9951666841978135
951,38.04,2,True,807.494570016861,0.5994745926423506,0.995625937347281
954,38.16,2,True,816.2895655632019,0.5979720227646105,0.9958041879071547
957,38.28,2,True,818.3429682254791,0.5917542197487571,0.9953018819696998
960,38.4,2,True,830.2384901046753,0.5884429198322874,0.9951737032075297
963,38.52,2,True,807.9295706748962,0.5887277054064202,0.9943088815072935
966,38.64,2,True,808.8031446933746,0.5867770079410437,0.9962424063006913
969,38.76,2,True,806.3603174686432,0.5858822230136755,0.9957711697389
972,38.88,2,True,831.2078833580017,0.5825975410866014,0.9956331280095964
975,39.0,2,True,840.9513187408447,0.5814793200203867,0.9955334488985932
978,39.12,2,True,836.4418601989746,0.5810558217944521,0.9957755149405696
981,39.24,2,True,824.3337142467499,0.5649327527392994,0.9946268960920923
984,39.36,2,True,832.8389668464661,0.5619990915963144,0.9939157188373466
987,39.48,2,True,848.0452573299408,0.5597122004537871,0.9933262048150888
990,39.6,2,True,858.6868572235107,0.5642986153111313,0.9943925742685488
993,39.72,2,False,879.1145074367523,0.5699808037642277,0.9940462695684232
996,39.84,2,False,869.2853271961212,0.5646657997911627,0.9943912100728758
999,39.96,1,True,957.7459537982941,0.3797011881163626,0.995621405325931
1002,40.08,1,False,866.0712468624115,0.5601595929174712,0.9941901018386048
1005,40.2,1,False,857.7674174308777,0.5619490598187302,0.9938470190226382
1008,40.32,1,True,827.5452840328217,0.5617229559204795,0.9945417246755036
1011,40.44,1,True,767.2203969955444,0.5586079322930538,0.9958599215286026
1014,40.56,1,True,728.0417239665985,0.5570924300135989,0.9952243331378673
1017,40.68,1,False,890.7690489292145,0.42549266056580975,0.9954808766257675
1020,40.8,1,True,913.3773350715637,0.4225684341156121,0.9912769866985681
1023,40.92,1,False,890.5575513839722,0.44839100675149396,0.9935890138038959
1026,41.04,1,False,937.4122881889343,0.45745490807475464,0.9956003551029154
1029,41.16,1,False,859.3719148635864,0.47084272449666803,0.9952184592437279
1032,41.28,1,False,989.2980337142944,0.480531630190936,0.9959021616319731
1035,41.4,1,False,985.5393254756927,0.49864721749768115,0.9960710298669506
1038,41.52,2,True,971.8115866184235,0.5063694417476654,0.9965252036503983
1041,41.64,2,False,1027.348473072052,0.5148438784209165,0.9961774249957942
1044,41.76,2,False,1076.6713678836823,0.5273847218715784,0.9965650732581348
1047,41.88,2,False,1111.5316092967987,0.5411570731437567,0.9952837047057816
1050,42.0,2,False,1145.3611743450165,0.5550997437852802,0.9957262886747177
1053,42.12,2,False,1176.922459602356,0.5669438974423842,0.9961404585037766
1056,42.24,2,False,1246.9182014465332,0.5770605170365536,0.9971058077321122
1059,42.36,2,False,1223.627529144287,0.5850863140640836,0.9961708110664433
1062,42.48,2,False,1305.3311777114868,0.5957857180725444,0.9967225422633172
1065,42.6,2,False,1279.886519908905,0.6083199246363207,0.9970445600938427
1068,42.72,2,False,1316.141209602356,0.6194167317766132,0.8167889608007745
1071,42.84,2,False,665.3546690940857,0.6736405473766904,0.8645424406158991
1074,42.96,2,False,587.0416116714478,0.7055640166456049,0.9306770047372981
1077,43.08,2,False,538.6453664302826,0.7098049485322201,0.9995261121400053
1080,43.2,2,True,404.95625853538513,0.7118589155601732,0.9991884670789898
1083,43.32,2,True,510.1826763153076,0.7302074269814924,0.9997550180475272
1086,43.44,1,True,449.2743444442749,0.7505070801937219,0.999861957366078
1089,43.56,2,True,451.5451508760452,0.7449619083693533,0.9997761260929621
1092,43.68,1,True,423.71698558330536,0.7464807575399225,0.9998509067974921
1095,43.8,1,True,424.0885627269745,0.7470075506152529,0.9997312059870944
1098,43.92,1,True,431.1130428314209,0.7463605078783903,0.9997908946567937
1101,44.04,1,True,431.73451602458954,0.7461241339192246,0.999619114461235
1104,44.16,2,True,422.7881795167923,0.747840632091869,0.9997051773575625
1107,44.28,2,True,414.32819724082947,0.7483765537088568,0.9998676707849563
1110,44.4,2,True,411.772797703743,0.7494759631879402,0.999583602079237
1113,44.52,2,True,413.41945946216583,0.749678600918163,0.9998447457757994
1116,44.64,2,True,415.43961346149445,0.7504400592861753,0.9998412870578884
1119,44.76,2,True,412.4386078119278,0.7506672739982605,0.999842869924341
1122,44.88,2,True,416.3173073530197,0.7508879466490312,0.999872335016822
1125,45.0,2,True,412.5176578760147,0.7515842137914716,0.9998969741382768
1128,45.12,2,True,415.57761311531067,0.7517184687383247,0.9998891861623261
1131,45.24,2,True,411.92935287952423,0.7516821333856294,0.999841716572968
1134,45.36,2,True,411.1284399032593,0.7512960650704124,0.999913495298048
1137,45.48,2,True,411.42420172691345,0.7513519561651981,0.999927529264594
1140,45.6,2,True,411.0724514722824,0.7512118220329285,0.9998940148075797
1143,45.72,2,True,410.90469539165497,0.7507889343030525,0.9998868049210757
1146,45.84,2,True,409.98131275177,0.7507014852581602,0.9999387661293971
1149,45.96,2,True,406.8671715259552,0.7505309744314714,0.9998815699273803
1152,46.08,2,True,404.62242007255554,0.7500579032030973,0.9999383042900769
1155,46.2,2,True,400.093794465065,0.7494948668913408,0.9999196451529724
1158,46.32,2,True,399.5249944925308,0.7494810909935923,0.9999303961680096
1161,46.44,2,True,401.67997777462006,0.7493955258167151,0.9999131984086818
1164,46.56,2,True,402.8633791208267,0.7496267864198396,0.9999442105454736
1167,46.68,2,True,402.20841586589813,0.7494926524884773,0.9999496805201096
1170,46.8,2,True,400.6920772790909,0.7498387604048757,0.9999217244215481
1173,46.92,2,True,403.2052481174469,0.7493616812156908,0.9998858254683186
1176,47.04,2,True,398.42054665088654,0.7494298255804813,0.9998889689928675
1179,47.16,2,True,402.80243396759033,0.7497241966652147,0.9998927297456122
1182,47.28,2,True,399.30260181427,0.7495795957969896,0.9998772142033
1185,47.4,2,True,399.2448753118515,0.7499658519571478,0.9999160514828659
1188,47.52,2,True,385.20545840263367,0.750622323065093,0.9999022082402402
1191,47.64,2,True,374.6735340356827,0.7503510695515256,0.9998861061238894
1194,47.76,2,True,359.6463131904602,0.7497101588682695,0.9999070535736779
1197,47.88,2,True,329.30296540260315,0.7488922639326616,0.9998468575495962
1200,48.0,2,True,316.04045033454895,0.7480040391286215,0.9998231061591324
1203,48.12,2,True,310.9676957130432,0.7477938514767271,0.9998538075646539
1206,48.24,2,True,302.38667607307434,0.747181854464791,0.9998915500101583
1209,48.36,2,True,299.0820550918579,0.7470077149795763,0.9998915938699056
1212,48.48,2,True,294.10444378852844,0.7488053441047668,0.9997195321402422
1215,48.6,2,True,296.2845003604889,0.7481710116068522,0.9998518531357838
1218,48.72,2,True,291.3640522956848,0.7478009950030934,0.9998869147677603
1221,48.84,2,True,290.4040575027466,0.7479214957266143,0.9997584498794804
1224,48.96,2,True,286.9860112667084,0.7481243646506107,0.9999325257682248
1227,49.08,2,True,291.7425334453583,0.7482524044585951,0.9999037547973447
1230,49.2,2,True,289.46582078933716,0.7486540368109038,0.9999210504805333
1233,49.32,2,True,289.14244294166565,0.7480239037311438,0.9998603748774071
1236,49.44,2,True,288.98537278175354,0.7472686171531677,0.9998898381965706
1239,49.56,2,True,284.2949616909027,0.7476042129776694,0.999934513116889
1242,49.68,2,True,288.0814468860626,0.7473040746920037,0.9999118259842852
1245,49.8,1,True,281.61491990089417,0.7470694906783827,0.9997439273711631
1248,49.92,2,True,280.4934775829315,0.7480409036983143,0.9992655454870302
1251,50.04,1,True,282.3999488353729,0.748017020297773,0.9990476828465218
1254,50.16,2,True,284.9463200569153,0.7467590841380033,0.9980639859974816
1257,50.28,2,True,293.30280661582947,0.7485930991895271,0.9982562850508154
1260,50.4,2,True,315.28871834278107,0.7542008468599031,0.9977595437126501
1263,50.52,2,True,277.1463704109192,0.7340073386828104,0.9991734110236036
1266,50.64,2,True,298.81683826446533,0.6945148038141655,0.9977322782496227
1269,50.76,2,True,295.2939283847809,0.6541613123633645,0.9975977387956637
1272,50.88,2,True,263.12179148197174,0.6268405336322207,0.995312696079693
1275,51.0,2,True,282.44451105594635,0.5943135131489147,0.9924973436594876
1278,51.12,2,True,240.38912057876587,0.5622357364856836,0.9941262416591629
1281,51.24,2,True,294.14554595947266,0.5095574720339342,0.9950301571704038
1284,51.36,2,True,283.8598644733429,0.47399107615152997,0.9969171085329559
1287,51.48,2,True,215.26866137981415,0.4471016110795917,0.9957924010995663
1290,51.6,2,True,250.0905203819275,0.42479520855527936,0.9932661702671944
1293,51.72,2,True,235.4023039340973,0.3846531772252285,0.9911374757640271
1296,51.84,2,True,233.0473780632019,0.35834218787424493,0.9902571489115618
1299,51.96,2,True,231.92189633846283,0.33230102784705884,0.9791252036048178
1302,52.08,2,True,238.33735942840576,0.301357778635892,0.9817400714048872
1305,52.2,2,True,238.72848987579346,0.27880139558604267,0.9812624203582425
1308,52.32,2,True,232.77199029922485,0.2542093617446495,0.987549151704541
1311,52.44,2,True,209.69027280807495,0.24654013099092426,0.9868838091645519
1314,52.56,2,True,224.92569208145142,0.23446605648055222,0.993900749374623
1317,52.68,2,True,224.7920536994934,0.2335986571781563,0.9786663784769398
1320,52.8,2,True,239.17498111724854,0.2450231250488397,0.9649702796284966
1323,52.92,2,True,249.60875272750854,0.24853300867658673,0.9699568912144209
1326,53.04,2,True,179.2707395553589,0.26046764760306385,0.9904215767582415
1329,53.16,2,True,203.1115436553955,0.2833287332094077,0.9925831352534631
1332,53.28,2,True,202.68320560455322,0.3135075189850547,0.9952323324619052
1335,53.4,2,True,171.68598890304565,0.35246511751955206,0.9916381524210791
1338,53.52,2,True,162.16354608535767,0.37572307026747503,0.9968998148947882
1341,53.64,2,True,178.05933594703674,0.39250959772052185,0.9958439052979114
1344,53.76,2,True,164.8721694946289,0.41501014521627716,0.9952905147825922
1347,53.88,2,False,170.22005438804626,0.433074799450961,0.9935214965108525
1350,54.0,2,True,174.54794883728027,0.441418547521938,0.9966030027339183
1353,54.12,2,True,158.82802605628967,0.44705738894867175,0.9968886385897957
1356,54.24,2,True,156.12889766693115,0.44673431822747894,0.997946923327868
1359,54.36,2,True,158.00411581993103,0.44502950075900916,0.9980565240032016
1362,54.48,2,True,155.3843915462494,0.44341173045562976,0.9990094170288937
1365,54.6,2,True,161.6671335697174,0.43824004404472583,0.9986846294109926
1368,54.72,2,True,155.12094497680664,0.4312891616965785,0.9991593957680078
1371,54.84,2,True,153.8141405582428,0.4268301318992268,0.9974619949775496
1374,54.96,2,True,157.4706244468689,0.4176775822133729,0.9981503043251957
1377,55.08,2,True,157.2563910484314,0.40689781669414404,0.9984687209440843
1380,55.2,2,True,155.28673768043518,0.3998517294724782,0.9985390962344877
1383,55.32,2,True,166.87687397003174,0.38696371244661737,0.99824456931961
1386,55.44,2,True,165.76309204101562,0.37687988805048395,0.9971702234972094
1389,55.56,2,True,160.46908736228943,0.36832828503666504,0.9931723229173641
1392,55.68,2,True,159.95316982269287,0.35661209442398767,0.9985420580962282
1395,55.8,2,True,162.85768032073975,0.34840126651706116,0.9968821123243495
1398,55.92,2,True,164.84896302223206,0.34391592488144385,0.9948273594572749
1401,56.04,2,False,169.72100257873535,0.33427469296888873,0.9950427288380964
1404,56.16,2,True,167.9757535457611,0.3274714567444541,0.9773148529247447
1407,56.28,2,True,163.7618637084961,0.3173911553440672,0.996786489754999
1410,56.4,2,True,156.5970504283905,0.3076898491743839,0.9948195398538675
1413,56.52,2,True,165.07088899612427,0.3002594339125084,0.9964519535221859
1416,56.64,2,True,157.7150809764862,0.2990805082248919,0.9936754866117126
1419,56.76,2,False,149.29203271865845,0.29581690737695404,0.9966209889567108
1422,56.88,2,True,167.64246225357056,0.2975573142369588,0.9935569502134594
1425,57.0,1,True,155.19864320755005,0.29754069447517395,0.9867340434881452
1428,57.12,1,True,152.26178526878357,0.29779079827395355,0.996025733561735
1431,57.24,2,True,155.2705156803131,0.2925691044691837,0.9925047547777949
1434,57.36,1,True,142.2276735305786,0.2939976914362474,0.9954694604189137
1437,57.48,2,True,135.12404680252075,0.2801446634711641,0.9970271614873346
1440,57.6,1,True,163.29100728034973,0.2774971705494505,0.9964522447187383
1443,57.72,2,True,174.01561617851257,0.2712210592898456,0.9965604659764179
1446,57.84,2,True,157.26739883422852,0.2625616066383593,0.9942665376325368
1449,57.96,2,True,151.43169522285461,0.25179808699723444,0.992731206370904
1452,58.08,2,True,160.5903661251068,0.2348948915799459,0.9924448763598012
1455,58.2,1,True,149.53513741493225,0.21411683478138663,0.9872208940866336
1458,58.32,2,True,141.59115314483643,0.19728509178667358,0.9910382650785207
1461,58.44,2,True,151.23081922531128,0.17872177741744302,0.9940983987665784
1464,58.56,2,True,151.08511090278625,0.1608535543535695,0.9974348826257902
1467,58.68,1,True,133.50706100463867,0.15130141761266824,0.9974988073884448
1470,58.8,1,True,145.83909630775452,0.13840834660963577,0.9961802873930161
1473,58.92,1,True,139.5944631099701,0.13620359292536072,0.9921390275108767
1476,59.04,2,True,133.8582158088684,0.12609811669046228,0.993929001686807
1479,59.16,1,True,149.2397940158844,0.12491806032079639,0.9914548055748358
1482,59.28,1,True,156.5107262134552,0.11964738075480316,0.9900531718104318
1485,59.4,1,True,137.33654737472534,0.12301606481725519,0.9917500800400557
1488,59.52,1,True,123.00566554069519,0.13107002233013962,0.9907007853032213
1491,59.64,2,True,142.8147554397583,0.1413881230083379,0.9850978410461715
1494,59.76,1,False,119.45143818855286,0.1541355134862842,0.9871915056235103
1497,59.88,0,False,,,0.9786414773391882
1500,60.0,0,False,,,0.9875436176387957
1503,60.12,0,False,,,0.9784706070826947
1506,60.24,1,False,120.08374214172363,0.21062211872953357,0.9867107584868058
1509,60.36,0,False,,,0.9857456757800118
1512,60.48,1,False,51.93817734718323,0.6025302951986139,0.07910121451529191
1515,60.6,1,True,408.1437849998474,0.5579556289947394,0.9930226464742051
1518,60.72,1,True,418.06952476501465,0.5593728739203829,0.9940889012614522
1521,60.84,1,True,367.3642838001251,0.5714759068055586,0.9928013933234254
1524,60.96,2,True,407.74628162384033,0.599524873675722,0.9961363005733707
1527,61.08,1,True,415.2747702598572,0.6232244300119805,0.9978672775304194
1530,61.2,1,False,295.9473145008087,0.6291070399862347,0.9954575513093334
1533,61.32,1,False,234.58656907081604,0.6484608830827655,0.9951829447983407
1536,61.44,1,True,256.1407470703125,0.7007403753020547,0.9957277926670743
1539,61.56,1,False,182.9084587097168,0.7396993311968717,0.9937884864040868
1542,61.68,2,True,239.114727973938,0.7537049452463785,0.9953165970624799
1545,61.8,1,True,352.3269724845886,0.7623601646134348,0.9972577149794528
1548,61.92,1,False,342.1360158920288,0.7582506158135154,0.9942969408715562
1551,62.04,1,True,379.64115142822266,0.7315035552689524,0.9972085432660418
1554,62.16,1,True,407.92961597442627,0.6948895382158684,0.9937924800964035
1557,62.28,2,True,358.44926476478577,0.6628327098759738,0.9951972951939279
1560,62.4,2,True,297.61576652526855,0.6324506257519578,0.9970502573478277
1563,62.52,2,True,305.0152516365051,0.6303653698979002,0.9965868653817322
1566,62.64,2,True,327.6204800605774,0.6357570958859993,0.9961527036936751
1569,62.76,1,True,328.5246956348419,0.44352188435467804,0.9981327750078158
1572,62.88,2,True,311.5462803840637,0.4396443249601306,0.9980886507272413
1575,63.0,2,True,320.30513048171997,0.42730311913923785,0.9983524470078766
1578,63.12,2,True,358.21391701698303,0.3934071958065033,0.9974373423125233
1581,63.24,2,True,398.8907593488693,0.36647053920861444,0.9987426246376312
1584,63.36,2,True,328.11853408813477,0.35777487989627954,0.9952397496548878
1587,63.48,1,True,313.08202743530273,0.34335821144508594,0.9977690043043965
1590,63.6,2,True,323.0453932285309,0.3628472152984504,0.9950339618079366
1593,63.72,2,True,338.7507355213165,0.41289612921801483,0.9958945950548957
1596,63.84,2,True,287.0629692077637,0.454147455367175,0.9983094719754195
1599,63.96,1,True,288.7534689903259,0.5150809567986112,0.9985334284136419
1602,64.08,1,True,397.87712574005127,0.5081724957986311,0.9978814757956557
1605,64.2,1,True,367.02436208724976,0.5170030124259718,0.9976904904592746
1608,64.32,1,True,389.93809819221497,0.5175238034941934,0.9982216475850361
1611,64.44,1,True,357.18971014022827,0.5519688282952164,0.9985411302014712
1614,64.56,1,True,433.08414459228516,0.5587530136108398,0.9982982058562495
1617,64.68,1,True,413.08621644973755,0.4924488130844001,0.9981473041290813
1620,64.8,1,True,405.49914836883545,0.6107087171438969,0.9961299711502177
1623,64.92,1,True,419.5559620857239,0.616846704121792,0.9961883117775654
1626,65.04,1,True,441.7890501022339,0.5678442716598511,0.9957086271290639
1629,65.16,1,True,431.0788607597351,0.5296586336511554,0.9939974767205446
1632,65.28,1,True,457.5162470340729,0.494122918808099,0.997248853342959
1635,65.4,1,True,355.023558139801,0.4580852073250395,0.9946102766624846
1638,65.52,1,True,319.77131724357605,0.42860835790634155,0.9975370760253242
1641,65.64,1,True,401.14553689956665,0.4165906075275306,0.9976096258174337
1644,65.76,1,True,367.59676694869995,0.44571501739097363,0.9956215972731822
1647,65.88,1,True,426.22127294540405,0.4920129523132787,0.9981095903681587
1650,66.0,1,True,385.22364377975464,0.5315960997884924,0.9981901287400783
1653,66.12,1,False,391.1179107427597,0.5812812158555696,0.9970944446136364
1656,66.24,1,True,401.7459923028946,0.6060161915692416,0.9978224892339977
1659,66.36,1,True,370.81631898880005,0.6168016863591743,0.9979028987027001
1662,66.48,1,True,380.12678146362305,0.6161878217350353,0.997030247534413
1665,66.6,1,True,368.0431938171387,0.5910938752420021,0.9980649663038625
1668,66.72,1,True,381.20972871780396,0.5580267599134734,0.9983031648629601
1671,66.84,1,True,404.5269548892975,0.5078715483347574,0.9982250791731758
1674,66.96,1,True,382.1159076690674,0.47060813596754364,0.9984251485222972
1677,67.08,1,True,332.0310938358307,0.43623963269320404,0.9975634408764891
1680,67.2,1,True,344.8282563686371,0.42676205346078583,0.9980164972083843
1683,67.32,2,True,305.21615982055664,0.4311307135856513,0.9985236286021927
1686,67.44,2,True,338.62987518310547,0.452581193410989,0.9980315774770807
1689,67.56,1,True,350.933940410614,0.492212075175661,0.998110217322524
1692,67.68,1,True,356.87891721725464,0.5274646760839404,0.9971162308424228
1695,67.8,1,True,328.8086450099945,0.5676910046375159,0.9977388942369787
1698,67.92,1,True,466.75842583179474,0.5896757660490094,0.996979948638768
1701,68.04,1,True,335.97703099250793,0.5729030515208389,0.9963756828862191
1704,68.16,1,True,348.9240860939026,0.5419903316281058,0.9965754088235135
1707,68.28,1,True,370.48428297042847,0.5283157843531985,0.996404429944489
1710,68.4,1,True,378.6018168926239,0.49502575036251184,0.996434468237018
1713,68.52,1,True,369.88365054130554,0.47254411560116394,0.9952471253833757
1716,68.64,0,False,,,0.9957195018038962
1719,68.76,1,True,114.92759227752686,0.46059091705264465,0.9938456499034477
1722,68.88,2,True,187.09338068962097,0.44937867106813373,0.9879808683386261
1725,69.0,2,True,369.6393871307373,0.4798092047373454,0.9877856025054268
1728,69.12,2,True,121.77169919013977,0.5261649751301968,0.9854825791799303
1731,69.24,2,False,122.35012292861938,0.5413739401282687,0.9843938192742749
1734,69.36,2,True,122.2607409954071,0.5487586657206217,0.9869139535249595
1737,69.48,2,False,187.71435499191284,0.5179642285361434,0.9908712631475686
1740,69.6,1,True,320.6294095516205,0.4847587211565538,0.9903334261791197
1743,69.72,1,True,335.36442518234253,0.46288641022913385,0.9901345148244105
1746,69.84,1,True,325.57937264442444,0.44126142606590735,0.9889454629356564
1749,69.96,0,False,,,0.12171036936146869
1752,70.08,0,False,,,0.9141245986753743
1755,70.2,1,True,555.667233467102,0.663130370053378,0.5717954007769716
1758,70.32,1,True,552.4797874689102,0.6573679970972466,0.9259995954147638
1761,70.44,1,True,501.3582944869995,0.6470335378791346,0.9270893718451636
1764,70.56,1,True,491.1948573589325,0.648200967095115,0.9742009113939996
1767,70.68,1,True,508.8847875595093,0.6563794847690698,0.8734719874765665
1770,70.8,1,False,509.0812861919403,0.6481800061283689,0.9011164888595629
1773,70.92,1,False,450.1713663339615,0.631952860138633,0.7850796883613045
1776,71.04,1,True,510.150682926178,0.6109046177430586,0.9532944044616851
1779,71.16,1,True,454.7591829299927,0.5816360721082399,0.9820362284575098
1782,71.28,2,True,473.6910939216614,0.5516422381906798,0.9689536161632629
1785,71.4,1,True,502.2013235092163,0.5096095159198298,0.9543207967930234
1788,71.52,1,True,536.3768774271011,0.4855477204828551,0.8298961669374626
1791,71.64,1,False,458.6556816101074,0.4200435226613825,0.821984941079647
1794,71.76,1,True,418.8017678260803,0.41259478077743994,0.9012911239705698
1797,71.88,1,True,418.32350850105286,0.37414874542843213,0.9631392998776503
1800,72.0,1,True,394.66529846191406,0.34112909165295685,0.9608566388940017
1803,72.12,1,True,377.9928159713745,0.3028464118639628,0.9691604769247648
1806,72.24,1,True,269.18741941452026,0.27055986180449976,0.9592962988181409
1809,72.36,2,False,93.65391969680786,0.23921010078805865,0.9813628437104657
1812,72.48,1,True,300.2609181404114,0.22823963246562265,0.9775050729530718
1815,72.6,2,True,281.33476853370667,0.2181425622918389,0.9765731912787523
1818,72.72,2,True,257.33930826187134,0.21264242629210153,0.979414536059382
1821,72.84,1,False,220.6464958190918,0.20239556603359454,0.9886133428597509
1824,72.96,1,True,224.87457990646362,0.18862711209239383,0.9813689616508774
1827,73.08,1,True,213.07358980178833,0.17726238026763452,0.9890112177668107
1830,73.2,1,True,209.96936202049255,0.16256282139908185,0.9861000489991074
1833,73.32,1,True,200.0581705570221,0.15460679160826135,0.9892282764079937
1836,73.44,1,True,169.24229264259338,0.14154294923399435,0.9910251782502296
1839,73.56,1,True,167.05647468566895,0.1472595218907703,0.9928258073986679
1842,73.68,1,True,166.04588270187378,0.14510465029514197,0.9846155832572423
1845,73.8,1,True,135.8649480342865,0.14123622982790976,0.9754039653036776
1848,73.92,1,True,160.70247173309326,0.13955718685280194,0.9858422566821197
1851,74.04,1,True,125.92552900314331,0.13765352354808288,0.9876613121021176
1854,74.16,1,True,145.98148941993713,0.1356741894375194,0.9915612790818957
1857,74.28,1,True,147.49184131622314,0.12501690378694824,0.9915222177935724
1860,74.4,0,False,,,0.9925012774792168
1863,74.52,0,False,,,0.9940833245782147
1866,74.64,0,False,,,0.9959909694370133
1869,74.76,0,False,,,0.9962681982404892
1872,74.88,0,False,,,0.9980692855491524
1875,75.0,0,False,,,0.9964035526647117
1878,75.12,0,False,,,0.9980177164444016
1881,75.24,0,False,,,0.9973535985493237
1884,75.36,0,False,,,0.9941659544767064
1887,75.48,1,True,293.9814269542694,0.5089221894741058,0.9955413027547652
1890,75.6,0,False,,,0.9972950852695822
1893,75.72,1,True,158.82673859596252,0.44840255921537225,0.9974151954414004
1896,75.84,1,True,261.71606183052063,0.4343366532614737,0.9934329042081599
1899,75.96,1,True,298.25511932373047,0.411241813139482,0.9965718603934992
1902,76.08,1,True,321.43577814102173,0.38660964821324206,0.9978340210557215
1905,76.2,1,True,363.4509837627411,0.377747197042812,0.9971721749569303
1908,76.32,1,True,452.4913215637207,0.3763199773701755,0.9944619561025104
1911,76.44,1,True,495.0118714570999,0.3757068596102975,0.9937431717946127
1914,76.56,1,True,515.1985895633698,0.3774209094770027,0.9941987908876093
1917,76.68,1,True,563.060474395752,0.3903954489664598,0.9675997702617852
1920,76.8,1,True,682.5496029853821,0.41585231414346985,0.9571695583469688
1923,76.92,1,True,747.4097621440887,0.41721613705158234,0.9213974473166789
1926,77.04,1,True,671.0169839859009,0.4121840280113798,0.8781722443688675
1929,77.16,1,False,995.6918835639954,0.3908201496709477,0.8922500864577411
1932,77.28,1,False,1246.9717597961426,0.39138006667296094,0.858655886731598
1935,77.4,1,True,673.256778717041,0.42086880766984186,0.8470728228334947
1938,77.52,2,False,183.65840435028076,0.21795587196494592,0.012288063395991283
1941,77.64,2,False,312.29886531829834,0.28751261712926807,0.998761767527307
1944,77.76,2,False,412.6014232635498,0.3044876189845981,0.9985553717022696
1947,77.88,2,False,491.2329339981079,0.31963466785170813,0.9984947050333843
1950,78.0,1,False,623.638025522232,0.05132287966482567,0.9983283229875616
1953,78.12,1,False,594.1698610782623,0.043898204736637345,0.998499608181204
1956,78.24,1,False,532.7829802036285,0.026407586692860634,0.9983640973778934
1959,78.36,2,True,190.8483874797821,0.33271505254687683,0.998739657541273
1962,78.48,2,True,187.67734050750732,0.3616181720386852,0.9980122255199394
1965,78.6,2,True,183.87460112571716,0.3828047721674948,0.99811210315861
1968,78.72,2,True,167.98215866088867,0.39438429745760833,0.9988725420238747
1971,78.84,2,True,159.89362478256226,0.3967323185819568,0.9985417795260801
1974,78.96,1,True,153.84848356246948,0.38917536717472656,0.9983739994770356
1977,79.08,1,True,179.92950081825256,0.3796784751343005,0.9977767320818851
1980,79.2,2,True,147.47230410575867,0.3485929785352765,0.9987238219977329
1983,79.32,1,False,380.6856679916382,0.21153894924756253,0.9987330066779877
1986,79.44,1,True,395.9955668449402,0.20283415913581848,0.9983732940330731
1989,79.56,0,False,,,0.9986091961405305
1992,79.68,0,False,,,0.9980596335045211
1995,79.8,0,False,,,0.9992636907817718
1998,79.92,1,True,562.3942458629608,0.22186522817972934,0.9985083475797145
2001,80.04,0,False,,,0.9986484079974425
2004,80.16,0,False,,,0.9993414573390659
2007,80.28,0,False,,,0.998384280563843
2010,80.4,2,True,240.3571593761444,0.29627991896687134,0.9970329571306903
2013,80.52,2,True,246.47851824760437,0.312840866320061,0.997659529583605
2016,80.64,2,True,241.7647397518158,0.32814810312155523,0.9981527570658928
2019,80.76,2,True,216.30975008010864,0.33620354081645154,0.9989271559718264
2022,80.88,2,True,196.19202375411987,0.3318716522419091,0.9989172320213472
2025,81.0,2,True,206.20685577392578,0.3241240617000695,0.9972137376605953
2028,81.12,2,True,200.9256935119629,0.3014645314577854,0.9989042166368252
2031,81.24,2,True,216.54828429222107,0.2772628466288249,0.9985599406059579
2034,81.36,1,True,219.7133445739746,0.2498165170351664,0.9932578831947446
2037,81.48,1,True,241.794673204422,0.21782891903862808,0.9864841546554398
2040,81.6,2,True,244.10817503929138,0.1938141038020452,0.9867171504597968
2043,81.72,2,True,241.70387506484985,0.16992574839880972,0.9972153008164445
2046,81.84,2,True,233.56558084487915,0.1550340297998804,0.9988563223052448
2049,81.96,2,True,185.07628440856934,0.14103474219640097,0.9984170462079438
2052,82.08,2,True,172.60626554489136,0.13905520217888284,0.9955998879520883
2055,82.2,2,False,180.2814280986786,0.14328883091608682,0.9973152878660237
2058,82.32,2,False,231.60951018333435,0.16163100956967383,0.9957827588551182
2061,82.44,2,True,233.40957283973694,0.17691091019095798,0.9898792645647615
2064,82.56,2,True,259.0845572948456,0.19213845377618616,0.9946802338435475
2067,82.68,1,True,261.6243624687195,0.20785265122399185,0.9946173664707512
2070,82.8,2,True,251.402667760849,0.22425388702840515,0.987174079328505
2073,82.92,2,True,250.0439465045929,0.24623325421954645,0.9966815962227346
2076,83.04,2,True,234.40465092658997,0.26303837064540747,0.9973675113996169
2079,83.16,2,True,208.45566272735596,0.27149030927455786,0.9980366872181621
2082,83.28,2,True,203.55645775794983,0.2719990114370982,0.9973478712195727
2085,83.4,2,True,218.55836391448975,0.2656172261093602,0.9911776108550486
2088,83.52,2,True,218.36891412734985,0.25075715960878314,0.9979713344547717
2091,83.64,1,True,237.54663348197937,0.23576046616742105,0.9978682602771531
2094,83.76,1,False,237.98053979873657,0.22160172236688208,0.9860493021523398
2097,83.88,1,True,127.20796823501587,0.20225076151616644,0.9954172332784786
2100,84.0,1,False,73.19234490394592,0.18195699652036032,0.9973516009736443
2103,84.12,2,False,37.90489196777344,0.1747297111785773,0.9957116820098301
2106,84.24,2,False,51.85214281082153,0.16858424426931323,0.9945900924000947
2109,84.36,2,False,37.239049673080444,0.1807844963940707,0.989628137904041
2112,84.48,2,False,41.082730293273926,0.21236196386091638,0.9919200206146075
2115,84.6,1,True,251.91662192344666,0.24481841109015726,0.9923640788694811
2118,84.72,1,True,245.6581163406372,0.27783915490815136,0.9925026530417045
2121,84.84,1,True,243.3603858947754,0.3105272686842716,0.9952977421524069
2124,84.96,2,True,210.87518692016602,0.3406711455547448,0.9956299676372868
2127,85.08,1,False,177.80226230621338,0.35711405855236633,0.9887128547334689
2130,85.2,0,False,,,0.9903211902694069
2133,85.32,0,False,,,0.988833927233027
2136,85.44,0,False,,,0.9835667326237222
2139,85.56,1,True,192.73770332336426,0.45011572675271466,0.9770666579452569
2142,85.68,1,True,281.83401346206665,0.49270367802995624,0.9643511929019142
2145,85.8,1,True,280.44413566589355,0.5409028512058836,0.971285929580117
2148,85.92,1,True,259.93051528930664,0.5738689176964037,0.9791567249308578
2151,86.04,2,False,240.6163251399994,0.5817176934444543,0.971206856071179
2154,86.16,2,True,215.0891089439392,0.5756763779755795,0.9793335513005587
2157,86.28,2,True,185.0615429878235,0.5760517192609382,0.980645884665569
2160,86.4,0,False,,,0.5347146476715596
2163,86.52,0,False,,,0.9910385338857752
2166,86.64,1,True,244.49888706207275,0.6944746320897882,0.9925987438804911
2169,86.76,2,True,259.7388446331024,0.6917030305573435,0.9902918559210165
2172,86.88,2,True,266.36369705200195,0.6871933521646442,0.9913784203143282
2175,87.0,1,True,269.13727283477783,0.6881505594109044,0.996058138616235
2178,87.12,1,True,254.13301706314087,0.6916259364648298,0.9851858866609636
2181,87.24,1,True,233.7398386001587,0.6955357392628988,0.9931216320806882
2184,87.36,1,True,252.38187789916992,0.7070501844088236,0.9953021583825131
2187,87.48,2,True,258.9608645439148,0.7101910096226316,0.9962939855979693
2190,87.6,1,True,242.75733947753906,0.7257594430085385,0.9930736098544979
2193,87.72,1,True,245.39328575134277,0.7511530663027908,0.9966813726599468
2196,87.84,1,True,244.32227969169617,0.7717703598918337,0.990875981448116
2199,87.96,2,True,242.8166913986206,0.7828392548994585,0.9736704763698679
2202,88.08,2,True,230.9550940990448,0.7802568945017728,0.981323545948458
2205,88.2,2,True,251.37366771697998,0.7778699452226813,0.9669019895636881
2208,88.32,2,True,217.5332236289978,0.7837651426141913,0.9767639557937157
2211,88.44,2,True,204.4601583480835,0.7892279931993196,0.9834755452245326
2214,88.56,2,True,201.2319803237915,0.7923879370544896,0.9765779878548105
2217,88.68,2,True,160.76343297958374,0.8052506464900393,0.9730877565283215
2220,88.8,2,True,184.59371209144592,0.8398244940873348,0.9282803011120397
2223,88.92,2,True,172.70198822021484,0.8564510598327174,0.9465467105308586
2226,89.04,2,True,173.89662265777588,0.8543727018616416,0.9559986174469634
2229,89.16,1,True,162.6370096206665,0.845924310611956,0.9835766268402475
2232,89.28,1,False,357.67006158828735,0.4662043976061272,0.9887980103031897
2235,89.4,2,False,322.3301124572754,0.5435807822328625,0.9705915923654838
2238,89.52,1,False,295.7640767097473,0.6399263378345605,0.9799874635567527
2241,89.64,2,False,149.06148076057434,0.691729005539056,0.9712814302070751
2244,89.76,1,True,250.1195526123047,0.7323653770215584,0.9889463455735421
2247,89.88,2,True,259.1507649421692,0.766403550451452,0.9807135556945351
2250,90.0,1,True,235.71467399597168,0.7816706877766233,0.9558177684079363
2253,90.12,1,True,239.82411861419678,0.7822114084706162,0.9773801355052275
2256,90.24,2,True,236.96338176727295,0.7798919840292498,0.9852002227138198
2259,90.36,1,True,191.55697345733643,0.7841578595566027,0.9848305245741107
2262,90.48,0,False,,,0.9820048223339672
2265,90.6,1,True,249.05405044555664,0.7548254385139003,0.989672456367947
2268,90.72,2,True,265.2916932106018,0.7424684835202766,0.9848645444939262
2271,90.84,2,True,277.24032282829285,0.7442337057807229,0.9851316040888017
2274,90.96,0,False,,,0.9743702906162842
2277,91.08,1,True,311.18728816509247,0.7436837590101993,0.9863433448596305
2280,91.2,1,True,292.6828944683075,0.7496021877635609,0.971468472260344
2283,91.32,1,True,371.32795572280884,0.7383535992015492,0.9851023752689788
2286,91.44,0,False,,,0.9734909720688586
2289,91.56,0,False,,,0.9595875572361392
2292,91.68,1,False,235.37652254104614,0.8114826606981682,0.5312422186693484
2295,91.8,1,True,196.49341821670532,0.8069679755153079,0.9988105802701118
2298,91.92,1,False,206.505868434906,0.8297504132444208,0.998633750019586
2301,92.04,2,False,186.83669328689575,0.7766415043310686,0.9983366409225188
2304,92.16,1,False,262.7085328102112,0.8566705692898143,0.9987020186251223
2307,92.28,2,False,224.1405987739563,0.8783599192445929,0.9981256026185699
2310,92.4,2,False,252.32934951782227,0.8927262389298641,0.9965319924974577
2313,92.52,2,False,212.08778142929077,0.9132640379847903,0.9982434881262466
2316,92.64,1,False,181.39543533325195,0.9119764945723794,0.9983861695459169
2319,92.76,1,False,414.0480136871338,0.8702751795450846,0.9954054631596553
2322,92.88,1,True,409.3876004219055,0.8928175098968275,0.9985122529248742
2325,93.0,1,False,351.39897108078003,0.7192670630686211,0.9980543759915295
2328,93.12,2,False,284.50748920440674,0.7482814228895939,0.9977754741768458
2331,93.24,1,False,420.12856006622314,0.9776282617540071,0.997710579918996
2334,93.36,1,True,264.6009063720703,0.8275930646694067,0.9967229101053633
2337,93.48,1,False,409.6830081939697,0.8329854264403834,0.9977753549913859
2340,93.6,1,False,413.6110496520996,0.8710253780538385,0.9905684798417994
2343,93.72,1,False,491.0551357269287,0.8995365807504365,0.997926722858154
2346,93.84,1,False,347.5085234642029,0.9316827979954806,0.9976815121851296
2349,93.96,1,False,461.25622272491455,0.9543446194041859,0.9980006732526221
2352,94.08,1,False,346.203875541687,0.9754867914951209,0.9981665933781282
2355,94.2,1,False,433.2238984107971,1.006722957798929,0.9961446655082341
2358,94.32,0,False,,,0.9897323693414297
2361,94.44,0,False,,,0.9961237765108929
2364,94.56,0,False,,,0.9979867729460479
2367,94.68,0,False,,,0.9982404390612168
2370,94.8,0,False,,,0.9901460538434261
2373,94.92,0,False,,,0.9963441139556265
2376,95.04,1,False,153.5552966594696,0.35640152114810364,0.998724162113847
2379,95.16,0,False,,,0.9975271427500791
2382,95.28,0,False,,,0.9986535999035806
2385,95.4,0,False,,,0.9976078712231683
2388,95.52,0,False,,,0.998332783068332
2391,95.64,1,True,113.62101316452026,0.46087516979737714,0.9976090920302867
2394,95.76,1,True,246.82368636131287,0.4938919047514598,0.9982695969464818
2397,95.88,2,True,242.03523516654968,0.5081651174660885,0.996955621816077
2400,96.0,0,False,,,0.9921613436659736
2403,96.12,0,False,,,0.9910599463321121
2406,96.24,0,False,,,0.9938656573954568
2409,96.36,0,False,,,0.9952761001200714
2412,96.48,1,False,148.24597120285034,0.5243846837318304,0.9966926985252765
2415,96.6,1,False,192.57477521896362,0.7303846406214165,0.9942375376502562
2418,96.72,1,True,233.93508195877075,0.7251520156860352,0.9786262996085058
2421,96.84,1,True,243.81717681884766,0.7070171381487991,0.9915150488573213
2424,96.96,1,True,256.98931217193604,0.6728042364120483,0.985599764833915
2427,97.08,1,True,256.6913938522339,0.6051025517059095,0.9889613347786844
2430,97.2,1,True,277.5669836997986,0.5618652087269407,0.9861578425767682
2433,97.32,2,True,295.98262310028076,0.5034860426729376,0.9748432168296403
2436,97.44,1,True,242.27415561676025,0.4509853485858802,0.983067555044194
2439,97.56,1,True,226.23420238494873,0.40183192220601166,0.9865333156555304
2442,97.68,1,False,220.5241870880127,0.36981888341181207,0.961876679792773
2445,97.8,2,False,212.53279209136963,0.3403318903662942,0.9798752622661173
2448,97.92,1,True,230.33714532852173,0.3202106293403741,0.9740998380695146
2451,98.04,1,True,202.09213256835938,0.30834981979745807,0.9794591906026893
2454,98.16,2,True,226.26999378204346,0.2984795462001454,0.9768219865667075
2457,98.28,1,True,202.0712113380432,0.29938655188589386,0.9859368129215056
2460,98.4,1,True,199.19103384017944,0.3039399529948379,0.9930506699084936
2463,98.52,1,True,191.18000507354736,0.29260408426776074,0.9934646407963462
2466,98.64,1,True,171.7648458480835,0.2778702333117976,0.9943965375183794
2469,98.76,1,True,162.44781732559204,0.26801018732966797,0.9976893443863449
2472,98.88,1,True,150.9604525566101,0.2648744560552366,0.9957005488807688
2475,99.0,1,True,148.88468027114868,0.2783194635853623,0.9914293582708678
2478,99.12,1,True,138.42052459716797,0.29467391877463367,0.9975002784197645
2481,99.24,1,True,114.55963611602783,0.3195617433750268,0.99679454040693
2484,99.36,1,True,105.02464056015015,0.34367020563645795,0.9977364611526937
2487,99.48,1,True,114.52223539352417,0.36472180937275744,0.9971264473341067
2490,99.6,1,True,104.75047588348389,0.38084018952918774,0.9959043432695425
2493,99.72,1,True,84.76696729660034,0.39326714927499945,0.9983665818727936
2496,99.84,1,True,89.49490785598755,0.40562079259843536,0.9978361976709301
2499,99.96,1,True,91.92704916000366,0.41368635043953406,0.9956504240885302
2502,100.08,1,True,97.38446474075317,0.4183686782013286,0.9973536820365846
2505,100.2,1,True,90.25508880615234,0.41887682856935443,0.9926286578621117
2508,100.32,1,True,91.74107551574707,0.4230427850376476,0.9949535159412012
2511,100.44,1,True,91.79128646850586,0.42432019566044665,0.997736891428882
2514,100.56,1,True,96.26408457756042,0.4243501497037483,0.9975636649701505
2517,100.68,1,True,103.56137752532959,0.4267759621143341,0.9967167446871165
2520,100.8,2,False,80.77407002449036,0.4397180477778117,0.9963581530516911
2523,100.92,1,False,459.59527015686035,0.2598093409429897,0.997184346082788
2526,101.04,0,False,,,0.9970263170063377
2529,101.16,0,False,,,0.9967616309560732
2532,101.28,0,False,,,0.9959384748384713
2535,101.4,1,True,435.02949714660645,0.4170364294991349,0.9956390011739737
2538,101.52,1,False,412.44261503219604,0.5033360222975413,0.30601976527694824
2541,101.64,1,True,126.71570777893066,0.603571203621951,0.9788491034492505
2544,101.76,1,True,143.27334880828857,0.6387373064503525,0.9856686754325439
2547,101.88,1,False,166.5958857536316,0.6811497843626774,0.9841214722620754
2550,102.0,1,True,378.1952691078186,0.7118138020688837,0.9900019734126166
2553,102.12,1,True,140.0969910621643,0.7814857851375233,0.9904962670695043
2556,102.24,1,False,95.0662636756897,0.844939390818278,0.9893418139990777
2559,102.36,1,False,190.20687818527222,0.9490225351218021,0.9812449911096249
2562,102.48,1,False,123.74354124069214,0.9932423866156376,0.9890008877279867
2565,102.6,0,False,,,0.9818581596652405
2568,102.72,1,False,373.7869727611542,0.18223967922456336,0.9842535435975379
2571,102.84,1,False,208.84061336517334,0.22468651018359445,0.985402953180089
2574,102.96,0,False,,,0.9912427798005214
2577,103.08,0,False,,,0.9790051689203364
2580,103.2,1,False,219.12774324417114,0.48963403340541956,0.9842228581208483
2583,103.32,1,False,208.00801277160645,0.6041314186471881,0.9850521870942033
2586,103.44,1,False,193.96973848342896,0.6843611290960601,0.9868022831827057
2589,103.56,0,False,,,0.9840163619518615
2592,103.68,1,False,286.93300008773804,0.867377960320675,0.9901563315713382
2595,103.8,1,False,322.41727352142334,0.8594186287937742,0.9940875092854637
2598,103.92,1,False,195.92748284339905,0.8706082015326528,0.9871113261904276
2601,104.04,0,False,,,0.9809771311329534
2604,104.16,1,False,255.61745882034302,0.8348164702906753,0.9814427167238671
2607,104.28,1,False,146.31178736686707,0.9169318567622792,0.9839740724704581
2610,104.4,1,False,136.37085556983948,0.9751676266843622,0.9860164632490697
2613,104.52,0,False,,,0.9907506346965809
2616,104.64,0,False,,,0.9916529000833989
2619,104.76,0,False,,,0.9909095726235487
2622,104.88,0,False,,,0.9916231967854126
2625,105.0,0,False,,,0.9953023117152736
2628,105.12,0,False,,,0.9958648098219788
2631,105.24,0,False,,,0.9961291001535503
2634,105.36,0,False,,,0.9953838732889103
2637,105.48,0,False,,,0.9963806968081396
2640,105.6,1,False,150.3377401828766,0.690335335153522,0.998391629722321
2643,105.72,1,True,218.37831258773804,0.6584395405017969,0.9987124324805784
2646,105.84,1,True,209.18169379234314,0.6371311310565833,0.9981547452371027
2649,105.96,1,True,244.90759134292603,0.606953886422244,0.9982167486693161
2652,106.08,1,True,303.6011052131653,0.5793895188606146,0.9964470645222359
2655,106.2,1,True,287.4926429986954,0.5247998490478053,0.9982649346121325
2658,106.32,1,True,329.56618666648865,0.4862552285194397,0.9978405045679342
2661,106.44,1,True,365.4976111650467,0.4407504173842343,0.9974118128186831
2664,106.56,1,True,427.0111459493637,0.42535382780161773,0.9962910692320054
2667,106.68,1,True,502.9956865310669,0.4026461275237979,0.9943833012331343
2670,106.8,1,True,563.0313938856125,0.3832785938725327,0.9784848585174738
2673,106.92,1,True,601.707136631012,0.3205260824073445,0.9819191718302103
2676,107.04,1,True,795.2846664190292,0.2875227883006587,0.9437574337835773
2679,107.16,1,True,925.777702331543,0.26425781394496106,0.9102635358372355
2682,107.28,1,True,848.4134870767593,0.282949465016524,0.8532100521069531
2685,107.4,1,False,631.0313791036606,0.2745868866190766,0.6787070624154533
2688,107.52,1,False,680.0749754905701,0.2555504041639241,0.980846204004409
2691,107.64,1,False,606.4079922437668,0.286804543977434,0.5800452993487065
2694,107.76,1,False,246.2642526626587,0.1810218348647609,0.01952940470893872
2697,107.88,1,False,325.03928303718567,0.1795415556566282,0.9988516712702965
2700,108.0,2,False,223.66913080215454,0.1834829698006312,0.998601828016968
2703,108.12,2,False,238.3407711982727,0.28846720854441327,0.9984481383853165
2706,108.24,2,False,435.20349740982056,0.3195591103849989,0.9985860821865855
2709,108.36,2,False,653.3801937103271,0.3218830598123146,0.9974665904754725
2712,108.48,2,False,474.6260476112366,0.31568327500964655,0.9987875415944362
2715,108.6,2,False,344.03489112854004,0.2514542413480354,0.9984857795028557
2718,108.72,1,False,344.7944927215576,0.01689339955478455,0.9986118381839789
2721,108.84,1,True,188.3456289768219,0.6071386535962423,0.9985118879803588
2724,108.96,2,True,196.4246678352356,0.6180803179740906,0.9981117907347975
2727,109.08,2,True,193.1334686279297,0.6326547626293066,0.9982219971152856
2730,109.2,2,True,190.434308052063,0.6525907335859357,0.9987744029798488
2733,109.32,2,True,154.67100977897644,0.6746171152952946,0.998471047624511
2736,109.44,2,True,147.12945342063904,0.6858953020789407,0.9983066306706044
2739,109.56,2,True,150.99685549736023,0.6952784946470549,0.9989186940104489
2742,109.68,2,False,163.65793347358704,0.6988072034084436,0.9990486767075406
2745,109.8,2,True,162.28540420532227,0.6962439706831267,0.9987827561232159
2748,109.92,2,True,177.68330097198486,0.6839636347510598,0.9991610253849142
2751,110.04,2,True,200.47804355621338,0.6714546192776073,0.9990229196437477
2754,110.16,2,True,205.17321825027466,0.649488324468786,0.9987407873974039
2757,110.28,2,True,201.80972814559937,0.6261788444085554,0.9991522119282729
2760,110.4,2,False,198.99157404899597,0.5955395445679174,0.9984651068869863
2763,110.52,2,False,195.3411090373993,0.5684250123573072,0.9986890990623949
2766,110.64,2,True,183.9537799358368,0.5506521066029867,0.997978698528261
2769,110.76,2,True,180.97865223884583,0.548480414982998,0.9987273900810498
2772,110.88,2,True,178.22499990463257,0.5604714724150571,0.9991095707867892
2775,111.0,2,True,201.33845329284668,0.5893118146694067,0.9985924318372482
2778,111.12,2,True,199.33603405952454,0.6184740500016646,0.9983943346856561
2781,111.24,2,True,218.57606649398804,0.6489950743588534,0.9989857077973608
2784,111.36,2,True,206.28294467926025,0.6832094535683141,0.9986623213734045
2787,111.48,1,True,184.38913464546204,0.7105095729683385,0.9983418776089866
2790,111.6,1,False,197.55698919296265,0.7251495718955994,0.9855222342623594
2793,111.72,1,True,182.20441102981567,0.7321559732610529,0.9977436969682724
2796,111.84,1,True,191.14266872406006,0.7272213282007159,0.9979110895336913
2799,111.96,1,True,582.5343096256256,0.38904187805724866,0.4056964517776413
2802,112.08,1,True,638.5104131698608,0.38926432755860413,0.9895683705391658
2805,112.2,1,True,618.9658963680267,0.4068314947865226,0.9920075939648624
2808,112.32,1,True,550.2730965614319,0.4320349652658809,0.9923065447467485
2811,112.44,1,False,553.1482690572739,0.48689561811360443,0.9963076280202239
2814,112.56,1,True,594.5925664901733,0.5419968782049237,0.996254629140018
2817,112.68,1,True,630.4129636287689,0.5917910807060472,0.997015589818279
2820,112.8,1,False,682.5611579418182,0.6184548229882212,0.9951743005508895
2823,112.92,1,True,599.4403374195099,0.6162999127850388,0.9969077552515495
2826,113.04,1,True,611.7387700080872,0.603237403161598,0.9924697755654063
2829,113.16,1,True,648.4824049472809,0.5582198717377402,0.9936552494882389
2832,113.28,1,True,691.1983269453049,0.49880437688394025,0.9919030761298702
2835,113.4,1,True,552.8348207473755,0.4645452824505893,0.9933195106452961
2838,113.52,1,True,696.5063166618347,0.42416924147894886,0.9769869951853951
2841,113.64,1,False,644.5646953582764,0.39158740729996655,0.9381875429957539
2844,113.76,1,True,645.6413018703461,0.36782843055147113,0.9627500553040569
2847,113.88,0,False,,,0.33460267533087273
2850,114.0,1,False,97.69139528274536,0.21802474829283627,0.9951631137459208
2853,114.12,2,True,192.7574336528778,0.2395743876695633,0.98380529048386
2856,114.24,1,True,270.60137271881104,0.2977299861835711,0.9942729068792274
2859,114.36,1,True,269.3936061859131,0.35754698605248425,0.9943787248348557
2862,114.48,2,True,228.66463780403137,0.41078339652581647,0.9935448417902062
2865,114.6,2,True,161.16888642311096,0.46922185294555896,0.9926516031081252
2868,114.72,2,True,138.2939350605011,0.5023526621587349,0.9915891175044973
2871,114.84,0,False,,,0.9946460641533101
2874,114.96,1,True,168.87440085411072,0.5577964042172288,0.9797895393376336
2877,115.08,1,True,147.99578547477722,0.5971101522445679,0.9885851898936495
2880,115.2,0,False,,,0.9903000528336757
2883,115.32,1,True,237.4365234375,0.6228751016385627,0.9742689869591001
2886,115.44,1,False,184.28462505340576,0.6249271884109034,0.9520102624317885
2889,115.56,1,True,172.32901096343994,0.6419007796229739,0.954270881111285
2892,115.68,1,False,127.94664859771729,0.7471853566892219,0.9369028329052941
2895,115.8,1,True,202.30849027633667,0.8079844803521128,0.9607654781161484
2898,115.92,1,False,323.01175832748413,0.8151815967126326,0.9541253327192376
2901,116.04,0,False,,,0.40729362178582423
2904,116.16,0,False,,,0.9966082270331726
2907,116.28,0,False,,,0.9931901014388989
2910,116.4,0,False,,,0.9899195198977159
2913,116.52,0,False,,,0.9970583968368072
2916,116.64,1,True,286.0961991548538,0.5111177437233202,0.9960802093810472
2919,116.76,0,False,,,0.99799113023064
2922,116.88,0,False,,,0.9975270502852069
2925,117.0,0,False,,,0.9969983782094465
2928,117.12,0,False,,,0.9972379571924946
2931,117.24,1,False,390.261025428772,0.2769481824202971,0.9971530055593729
2934,117.36,1,False,241.95000529289246,0.2864068891062881,0.997784573983124
2937,117.48,1,False,210.66088914871216,0.31428231524698663,0.9931964076659817
2940,117.6,2,False,192.4133276939392,0.29463723753437854,0.9923144455180749
2943,117.72,2,False,196.84248089790344,0.28288860483603046,0.9969060317674495
2946,117.84,2,True,218.7094795703888,0.2791247869079763,0.995814124564763
2949,117.96,2,True,205.6648027896881,0.28960615848049975,0.9936667672255575
2952,118.08,2,False,194.4242763519287,0.2990674548076861,0.9913587939825268
2955,118.2,1,False,168.88521552085876,0.315105831081217,0.9834630279674715
2958,118.32,1,False,171.96140885353088,0.3195395451603514,0.9826082157190406
2961,118.44,1,True,210.23316264152527,0.33890939029780304,0.9837568627918619
2964,118.56,2,True,165.97536206245422,0.33584044377009076,0.9865947298166976
2967,118.68,2,False,185.4712450504303,0.35475543863845593,0.9819053819110418
2970,118.8,1,True,255.68089842796326,0.5052846670150757,0.968666132441052
2973,118.92,1,True,369.13209557533264,0.5192467272281647,0.9675629320125264
2976,119.04,1,True,376.32149934768677,0.56104402198936,0.9554907255143229
2979,119.16,1,True,143.21261286735535,0.6543597524816339,0.9528857561666105
2982,119.28,1,True,435.09618759155273,0.8003105268333898,0.9098719901349573
2985,119.4,1,True,447.2878897190094,0.8760494914921847,0.9696502411383763
2988,119.52,1,True,364.6387302875519,0.9337846022663694,0.9909807481727713
2991,119.64,2,True,273.7300944328308,0.9349336244843223,0.9849808738559066
2994,119.76,2,True,232.55997776985168,0.9178757468859354,0.9823883978751827
2997,119.88,2,False,244.58411693572998,0.8951615420254794,0.9874978017630551
3000,120.0,2,True,176.6569697856903,0.8755107359452681,0.9583207198519599
3003,120.12,1,True,158.77050876617432,0.517557397033229,0.9883525912569042
3006,120.24,1,True,148.75912070274353,0.514509073712609,0.991874527920896
3009,120.36,1,True,151.96396350860596,0.5124960054050792,0.9894809383026139
3012,120.48,1,True,148.76594424247742,0.504238815018625,0.9843437145640833
3015,120.6,2,True,151.95398569107056,0.48646489959774597,0.9905944180796336
3018,120.72,1,True,190.24534106254578,0.4639752958760117,0.9790798778715202
3021,120.84,1,True,209.7531008720398,0.4284990908521594,0.972313047817925
3024,120.96,2,True,210.21249890327454,0.407296595248309,0.984426955283177
3027,121.08,1,True,211.7631483078003,0.3839511654593728,0.9872145220910927
3030,121.2,1,True,239.23214435577393,0.35124670375477185,0.9808849575621803
3033,121.32,2,True,275.74052810668945,0.3276234639413429,0.9862026447346821
3036,121.44,2,True,280.1936602592468,0.3193204872535937,0.9747473150706482
3039,121.56,2,True,268.01650643348694,0.3163095089522275,0.9763529689526205
3042,121.68,1,True,280.9408378601074,0.3045513964060581,0.9711541441593878
3045,121.8,1,True,328.3017075061798,0.2710376941796505,0.9797301253981696
3048,121.92,1,False,284.73607778549194,0.18747934473283362,0.9555539806112536
3051,122.04,1,True,465.1497280597687,0.17943090471354398,0.9617319875219751
3054,122.16,1,True,408.0253064632416,0.16403079642490906,0.9459240558381249
3057,122.28,2,True,377.49295949935913,0.12792858210476962,0.929198201442855
3060,122.4,2,True,422.1802246570587,0.14321161580808234,0.9431421411772699
3063,122.52,1,True,306.8422544002533,0.6688579031915376,0.07330129095762809
3066,122.64,1,True,365.85505843162537,0.644112765789032,0.9930838383175558
3069,122.76,2,True,350.5395269393921,0.6048319195256089,0.9947677976357009
3072,122.88,1,True,363.5133934020996,0.5928126952864907,0.9923338500932881
3075,123.0,1,True,433.1900382041931,0.5555572961315964,0.9964455407744999
3078,123.12,1,True,355.06556153297424,0.524840258287661,0.9978317718446421
3081,123.24,2,True,337.67634987831116,0.5027331565365647,0.9967103724930803
3084,123.36,1,True,394.38122034072876,0.41691342447743274,0.9984154451917985
3087,123.48,1,True,377.3185729980469,0.48024668567108386,0.9978867313485379
3090,123.6,1,True,394.2151379585266,0.46044952670733136,0.9980678542649646
3093,123.72,1,True,395.20236253738403,0.4839159232197386,0.9974905016628438
3096,123.84,1,True,433.8446795940399,0.530217828172626,0.9983478242245742
3099,123.96,1,True,398.8115322589874,0.5359580607125254,0.9982236700918551
3102,124.08,1,True,394.07718658447266,0.5626488255731987,0.9987758219481657
3105,124.2,1,True,410.5981993675232,0.5668607769590436,0.9984421640533234
3108,124.32,1,True,425.8420515060425,0.563907776818131,0.9959519372305833
3111,124.44,1,True,425.16645669937134,0.5698680552569303,0.9977412113393588
3114,124.56,1,True,507.05678701400757,0.5568870044115818,0.9973068238452749
3117,124.68,0,False,,,0.993753515116566
3120,124.8,1,True,479.31529998779297,0.4527495395053517,0.989943564690834
3123,124.92,1,True,454.5714068412781,0.4388379391395684,0.9926286981378863
3126,125.04,0,False,,,0.9951847864427841
3129,125.16,1,True,504.678590297699,0.456393607638099,0.9839687234712932
3132,125.28,1,True,496.0846960544586,0.4087422453995907,0.988895375125218
3135,125.4,2,True,663.5770243406296,0.10726073587482626,0.9935853344128318
3138,125.52,2,True,648.4187239408493,0.11104551708382188,0.9948687380130267
3141,125.64,2,True,692.2167724370956,0.09716335678416671,0.9959405337163499
3144,125.76,2,True,702.9392087459564,0.08668600395321846,0.9937902397225985
3147,125.88,2,True,694.1557520627975,0.0704358619722453,0.9937056044298544
3150,126.0,2,False,398.6728245019913,0.07310536994852802,0.9924740118313289
3153,126.12,2,False,330.8382296562195,0.0639709085226059,0.99358576894976
3156,126.24,2,False,270.66228568553925,0.07929250851950863,0.9945442161127961
3159,126.36,2,False,256.2442910671234,0.09285885129462589,0.9953233837055981
3162,126.48,2,False,199.5823895931244,0.11223965217218254,0.9883716493512068
3165,126.6,2,False,208.20591151714325,0.16536392587603946,0.981990665526888
3168,126.72,2,True,579.9625754356384,0.2082147284439116,0.9825659715306669
3171,126.84,2,True,421.7986214160919,0.2948324942227566,0.9708735590400046
3174,126.96,1,True,790.5512863397598,0.4653810199463006,0.9432583580659102
3177,127.08,1,True,777.562952041626,0.3810765878720717,0.9722114476840408
3180,127.2,1,True,808.8289904594421,0.3420568560108994,0.9444419743458686
3183,127.32,1,True,847.3701775074005,0.35805695932922943,0.9655542334233935
3186,127.44,0,False,,,0.9485244205290875
3189,127.56,1,True,726.5127038955688,0.38241218346537964,0.9663312448291521
3192,127.68,1,True,811.4903318881989,0.38406747669884655,0.991482389764341
3195,127.8,1,True,802.0941889286041,0.4792349117271828,0.9819517604900523
3198,127.92,1,True,816.2999939918518,0.546729382240411,0.9652243567912747
3201,128.04,1,False,961.5225577354431,0.647344865582206,0.9856520658347189
3204,128.16,1,False,634.6948635578156,0.7061376571655273,0.9618958633481269
3207,128.28,1,False,176.3396430015564,0.7937849164009094,0.9474799307810761
3210,128.4,1,True,911.6461193561554,0.7596687186848033,0.9545831378487533
3213,128.52,1,False,701.5918493270874,0.7199791182171215,0.9788652606082362
3216,128.64,1,False,307.7346897125244,0.689494151057619,0.9931971447802926
3219,128.76,1,False,614.4088339805603,0.6421130805304556,0.9829685312052107
3222,128.88,0,False,,,0.9082435360544416
3225,129.0,1,False,739.8788595199585,0.5686332682768503,0.8336338405012241
3228,129.12,0,False,,,0.8830552879188877
3231,129.24,0,False,,,0.9029825491976885
3234,129.36,1,False,282.3594582080841,0.42681579066045355,0.8899560223527408
3237,129.48,1,False,271.960608959198,0.32184195202408417,0.959484956599263
3240,129.6,1,False,427.6457190513611,0.17892675824237592,0.9675204661935026
3243,129.72,1,False,1277.562460899353,0.301485662207459,0.9911100615487088
3246,129.84,2,False,1394.6251773834229,0.3534819172187285,0.9939164284881197
3249,129.96,1,False,937.4002182483673,0.4202162072514043,0.9786421671845184
3252,130.08,1,False,1026.1184656620026,0.4335501595880046,0.9202964360578197
3255,130.2,1,False,684.7514176368713,0.35899376191876153,0.8537204043964869
3258,130.32,0,False,,,0.8571750562535821
3261,130.44,1,False,888.4534871578217,0.27783162756399676,0.9102963923885036
3264,130.56,1,False,1231.3471412658691,0.3862348636894515,0.9496902449932986
3267,130.68,1,False,782.284197807312,0.48902281441471795,0.7779988209602298
3270,130.8,1,False,405.01532077789307,0.4885160173430587,0.8718861712645012
3273,130.92,1,False,991.3906717300415,0.4514157315998366,0.8706272459694742
3276,131.04,1,False,878.1140542030334,0.40047070971041016,0.838261681237015
3279,131.16,1,False,1007.6627540588379,0.4013131942712899,0.9256110470352539
3282,131.28,2,False,556.6734158992767,0.4246877133846283,0.14455466608707318
3285,131.4,0,False,,,0.766574339132759
3288,131.52,0,False,,,0.9609362737513983
3291,131.64,1,True,396.8931841850281,0.43234102021564136,0.8314842536098714
3294,131.76,2,True,420.7520127296448,0.47160548332965735,0.7754093046487899
3297,131.88,2,True,409.1719186306,0.49212865486289514,0.9460441392222344
3300,132.0,2,True,405.3980505466461,0.5286547090068008,0.928259767822381
3303,132.12,1,True,431.47504448890686,0.5979999701182047,0.8825346071453772
3306,132.24,1,True,461.93370044231415,0.5322925032991351,0.9072177712169862
3309,132.36,1,True,473.14640164375305,0.5450479559826128,0.8888959216085544
3312,132.48,2,True,372.36355662345886,0.5537147648406752,0.9398094793915542
3315,132.6,1,True,377.7419865131378,0.5440448278730566,0.9851355200618594
3318,132.72,1,True,394.8523986339569,0.5537834944147052,0.9571060455585109
3321,132.84,1,True,465.6024634838104,0.5507154175729463,0.9069630452586278
3324,132.96,1,True,426.11632883548737,0.5829524253353928,0.8580921190219911
3327,133.08,1,True,439.15466487407684,0.5761301752292749,0.8250356585748926
3330,133.2,1,True,421.21828258037567,0.6076111594835917,0.970732443902973
3333,133.32,1,True,460.1841062307358,0.6003848567153468,0.9149471007063231
3336,133.44,1,False,432.92268097400665,0.5712085113380895,0.9587204797603007
3339,133.56,0,False,,,0.9575728246020504
3342,133.68,1,True,271.53571486473083,0.5920902887980143,0.9686616095753071
3345,133.8,1,False,297.3938888311386,0.574142291690364,0.8818245476233348
3348,133.92,1,True,474.77680921554565,0.5598500136173132,0.8409981282801625
3351,134.04,1,True,490.37305533885956,0.5717854644313003,0.9400004813439646
3354,134.16,1,True,476.8668884038925,0.5618646497076208,0.9547336710913735
3357,134.28,1,True,472.0154643058777,0.5526698719371449,0.9565573797827134
3360,134.4,1,True,487.1573656797409,0.5564885527798624,0.9869956856359167
3363,134.52,1,True,513.2930678129196,0.5317739618547035,0.9719390809244804
3366,134.64,1,True,533.6519032716751,0.5218513318986604,0.9717160661055263
3369,134.76,1,True,523.1564623117447,0.5173200675935457,0.9630268359700014
3372,134.88,1,True,558.146705031395,0.5065255011572982,0.983459616929157
3375,135.0,1,True,569.5187616348267,0.5043891063242247,0.9843528577981078
3378,135.12,1,True,627.5456768274307,0.47916136998118775,0.9782706029237883
3381,135.24,1,True,588.215566277504,0.44763231006535614,0.9700701181024811
3384,135.36,1,True,607.1675777435303,0.3930332227186723,0.9802481360093437
3387,135.48,2,True,686.4926433563232,0.3265362282594045,0.971229480639397
3390,135.6,1,True,513.5300409793854,0.4838852006377596,0.9762114917684843
3393,135.72,1,True,584.2870581150055,0.473417987426122,0.9885683112527126
3396,135.84,1,True,645.7712709903717,0.45017978729623737,0.985324950974899
3399,135.96,1,True,644.9514806270599,0.41660199517553503,0.9948063293368832
3402,136.08,1,True,686.8484330177307,0.36634616057078045,0.9965109140087764
3405,136.2,1,True,785.9641778469086,0.33915795250372455,0.9914081977440393
3408,136.32,1,True,799.8438370227814,0.3099467677600456,0.9919096453165346
3411,136.44,1,False,551.1117482185364,0.25315629442532855,0.9867476224587124
3414,136.56,1,False,668.2553815841675,0.23862901758967023,0.9804341662380494
3417,136.68,1,True,817.4243330955505,0.27267577453996195,0.95503792722089
3420,136.8,1,False,718.6114954948425,0.2726665204673102,0.9157425906473381
3423,136.92,1,False,801.4952301979065,0.2719366977160627,0.8577909831176569
3426,137.04,1,False,1050.6784451007843,0.24451568429217194,0.833495374818958
3429,137.16,1,False,945.1692688465118,0.27305490083315154,0.6021541020761901
3432,137.28,1,False,725.8251357078552,0.24368126904874138,0.7047336390997821
3435,137.4,1,False,465.14898777008057,0.23061417630224518,0.6489897856507947
3438,137.52,1,False,523.2765340805054,0.3070003279682362,0.5580763376414577
3441,137.64,1,False,346.8942439556122,0.4586874865221255,0.03155436209853942
3444,137.76,2,False,362.3705470561981,0.42712555961175397,0.9972825520619968
3447,137.88,1,True,280.60168862342834,0.42607801565618225,0.9961617586387922
3450,138.0,1,False,292.7230954170227,0.48042399368502875,0.9902034357202282
3453,138.12,1,False,252.63689160346985,0.4857733358036388,0.9981418894067748
3456,138.24,1,True,415.6949007511139,0.561938951864387,0.9973329720086763
3459,138.36,2,False,292.22455859184265,0.5705888582901522,0.9969826599714853
3462,138.48,2,True,295.411376953125,0.5673892832163608,0.9948799820882667
3465,138.6,2,False,355.10305881500244,0.6574320170012388,0.9969893239821712
3468,138.72,2,False,298.413702249527,0.6327915327115492,0.996806906102785
3471,138.84,1,True,235.7139015197754,0.12880842139323553,0.9979266810144728
3474,138.96,1,True,225.28853058815002,0.11314831312858697,0.9959466138449818
3477,139.08,1,True,241.70226573944092,0.11834548639528679,0.9979761207403647
3480,139.2,2,True,233.38266491889954,0.12589991160414435,0.9967688006043538
3483,139.32,1,False,183.073832988739,0.12027231016845415,0.9989139803387466
3486,139.44,2,True,227.36810088157654,0.1369940551618735,0.9988595720603063
3489,139.56,1,True,221.15710258483887,0.15216246789151971,0.9991031380768353
3492,139.68,1,True,176.6773760318756,0.17886641011996704,0.9989165943702282
3495,139.8,1,True,72.2844922542572,0.2036931790185697,0.9972568076017642
3498,139.92,1,True,269.69223260879517,0.226295220580968,0.9977063377403134
3501,140.04,1,False,129.73538160324097,0.2703062431378798,0.998504994292391
3504,140.16,1,True,500.5001378059387,0.45391103173747205,0.35817628794198814
3507,140.28,1,False,563.7645864486694,0.4036637851686189,0.9968542442196652
3510,140.4,1,True,534.0746569633484,0.37539166392702045,0.9989260786689588
3513,140.52,1,True,561.3843297958374,0.38355112527356006,0.9975860255650397
3516,140.64,1,True,588.3584260940552,0.40183741080038476,0.9965263640982557
3519,140.76,1,True,652.0094990730286,0.40978298178224853,0.9946623464946107
3522,140.88,1,True,588.2582938671112,0.4330941095496669,0.9973203812235316
3525,141.0,1,True,578.9634740352631,0.474910989855275,0.9963178005805893
3528,141.12,1,True,528.1702351570129,0.5263726042978691,0.9981726703722761
3531,141.24,1,False,562.6447534561157,0.5704401740522096,0.9967884927100034
3534,141.36,1,True,559.7339022159576,0.6084564581061854,0.9987115119713681
3537,141.48,1,True,532.784686088562,0.6211512197147716,0.9988182236215779
3540,141.6,1,True,632.1981883049011,0.5887226697170374,0.9983457498961971
3543,141.72,1,True,637.472140789032,0.5507799666939359,0.9975758589350538
3546,141.84,1,True,692.8126734495163,0.5170414953520803,0.9965928186221151
3549,141.96,1,True,716.6901701688766,0.49564122160275775,0.9951850326671523
3552,142.08,1,True,680.5683302879333,0.46495827851873456,0.9974768599533964
3555,142.2,0,False,,,0.14485069139081888
3558,142.32,0,False,,,0.9968740120627755
3561,142.44,1,True,498.7236678600311,0.11483043883786057,0.9962061703112356
3564,142.56,1,True,453.6907196044922,0.10681668059392409,0.992764665384553
3567,142.68,1,False,334.0134930610657,0.0967714236767003,0.99504859231875
3570,142.8,1,False,415.31500339508057,0.0736350053074685,0.9797929465715746
3573,142.92,1,False,228.98531198501587,0.09722920845855366,0.9910252525786356
3576,143.04,1,False,278.0988335609436,0.09596489640799435,0.9964003816678991
3579,143.16,1,True,452.807457447052,0.07008266110311855,0.9969163027892411
3582,143.28,1,False,352.9526138305664,0.07252912832932039,0.9942802380329782
3585,143.4,1,False,379.30988788604736,0.06631572025291847,0.9952588049713952
3588,143.52,1,False,334.0911591053009,0.06430600081203562,0.9926435521222695
3591,143.64,0,False,,,0.9835177424243191
3594,143.76,0,False,,,0.9803121250603221
3597,143.88,0,False,,,0.9850152803427714
3600,144.0,0,False,,,0.981142849202653
3603,144.12,0,False,,,0.9937099137478806
3606,144.24,0,False,,,0.9942563389237876
3609,144.36,0,False,,,0.9931435109914514
3612,144.48,0,False,,,0.9878018769415742
3615,144.6,0,False,,,0.9844359124138822
3618,144.72,0,False,,,0.9762185005252657
3621,144.84,0,False,,,0.9619586777688165
3624,144.96,1,True,185.9751570224762,0.39191153464895306,0.9726682980136362
3627,145.08,1,True,195.38983941078186,0.3741126367540071,0.9775436217628403
3630,145.2,1,True,167.82238483428955,0.36402231816089514,0.9856645165933289
3633,145.32,1,False,156.83059573173523,0.3532003236539436,0.8800413593458511
3636,145.44,1,True,158.1633424758911,0.34690365195274353,0.8592917126842973
3639,145.56,1,False,163.28428030014038,0.3282904417225809,0.8443608975267023
3642,145.68,1,True,163.71866941452026,0.33516631343147973,0.9732652078726421
3645,145.8,1,True,162.37497925758362,0.343263125780857,0.9302887772120886
3648,145.92,1,True,89.13699388504028,0.3326114298719348,0.9715936403324975
3651,146.04,0,False,,,0.961359016953571
3654,146.16,1,True,237.00329303741455,0.40887876441984466,0.9888012339011755
3657,146.28,1,True,226.4953315258026,0.4353438209403645,0.9688574089294619
3660,146.4,1,False,217.09828734397888,0.4456159499558536,0.9815315617013199
3663,146.52,1,True,208.0993902683258,0.45193517659649707,0.9719959047523902
3666,146.64,1,True,185.70697903633118,0.4614538216229641,0.9917291789342864
3669,146.76,1,True,185.9503412246704,0.47500593824820087,0.9924700253640343
3672,146.88,1,False,178.10771226882935,0.49338482184843585,0.9959107669321985
3675,147.0,1,False,168.89290809631348,0.5186880655360945,0.9926720464941531
3678,147.12,1,False,176.5582537651062,0.5410333781531362,0.9960984962756347
3681,147.24,0,False,,,0.9977493728952247
3684,147.36,0,False,,,0.99817227923166
3687,147.48,1,False,610.0095176696777,0.6446393403139982,0.13214118952992931
3690,147.6,1,True,551.4981472492218,0.6339704574960651,0.915236644203177
3693,147.72,1,True,568.6232042312622,0.6579023057764227,0.964640551689566
3696,147.84,1,True,561.5578311681747,0.6721980969111124,0.936753140500718
3699,147.96,1,True,610.4304206371307,0.6851575862277638,0.9326651928264845
3702,148.08,1,True,544.2708277702332,0.7056979302204016,0.93433749898797
3705,148.2,0,False,,,0.9840146510918057
3708,148.32,0,False,,,0.9662254690731203
3711,148.44,1,True,497.5833159685135,0.7301591923742583,0.8926220795167596
3714,148.56,1,True,439.23009395599365,0.7372090924869884,0.906149448813131
3717,148.68,0,False,,,0.9776270679111965
3720,148.8,1,True,435.45783519744873,0.7617856571168611,0.9130199269636642
3723,148.92,1,True,495.34611225128174,0.721777592644547,0.9194818633463704
3726,149.04,1,True,497.9883670806885,0.6967992909026869,0.9160100863928389
3729,149.16,1,True,430.51923394203186,0.6869144584193374,0.9655471411641716
3732,149.28,1,True,413.6140751838684,0.6008326573805376,0.9831074733394366
3735,149.4,1,True,432.1872675418854,0.5836206186901439,0.9801869970944083
3738,149.52,1,True,457.007474899292,0.539304259148511,0.9289323665796241
3741,149.64,1,True,414.56377029418945,0.5629999854347922,0.9097591322558022
3744,149.76,1,False,411.05302691459656,0.5655188488237786,0.9253694610856121
3747,149.88,1,True,407.75912404060364,0.552298243298675,0.9563404547138199
3750,150.0,1,True,439.02220129966736,0.5602628751234575,0.9404112394313041
3753,150.12,1,True,436.2939119338989,0.5588098547675393,0.9477539035908682
3756,150.24,1,False,364.42922830581665,0.5689134092041941,0.9557749050485802
3759,150.36,1,True,350.8308148384094,0.5751609766122067,0.9649859750919815
3762,150.48,1,True,383.2053565979004,0.5753112661116051,0.9622963707200153
3765,150.6,1,True,375.07118225097656,0.6044630769527319,0.97112884700797
3768,150.72,1,True,360.1940631866455,0.6168131105827562,0.9522923193675783
3771,150.84,1,False,397.79868721961975,0.6192920280225349,0.8550560279758728
3774,150.96,1,True,470.21580398082733,0.6155783660484083,0.9450911148034542
3777,151.08,1,True,459.685263633728,0.5979126149957831,0.9358297379918373
3780,151.2,1,False,428.55347514152527,0.6030537630572463,0.9688850743451836
3783,151.32,1,False,432.4201691150665,0.5747367306189104,0.9256609253221341
3786,151.44,1,True,504.1044634580612,0.5686355766021844,0.8748121809084082
3789,151.56,1,True,540.904843211174,0.5625406431429314,0.8571477668941556
3792,151.68,1,True,551.6438394784927,0.5543011101809415,0.7713112084221674
3795,151.8,1,False,577.2559958696365,0.5703864838137771,0.9428311865682922
3798,151.92,1,True,578.1354761123657,0.6589816501646331,0.8375932380575755
3801,152.04,1,True,389.08554196357727,0.4737281790285399,0.2970731292274479
3804,152.16,1,True,389.3680429458618,0.46063272519545123,0.9958206099240579
3807,152.28,1,True,397.72732973098755,0.44809366717483057,0.9969866658197671
3810,152.4,1,True,412.47467279434204,0.44344097195249615,0.9956709962663433
3813,152.52,1,True,417.25630044937134,0.43778806473269605,0.9932831822033146
3816,152.64,1,True,427.69547939300537,0.4312925401962165,0.9949346180231293
3819,152.76,1,True,226.3231658935547,0.44007216710032837,0.9964358385357713
3822,152.88,1,True,422.0886540412903,0.45223993153283093,0.9965979710573769
3825,153.0,1,True,413.83838295936584,0.4512184533205899,0.9975191582364689
3828,153.12,1,False,384.0802502632141,0.4552104157028776,0.9963938190182545
3831,153.24,1,True,124.08973932266235,0.4409389414570548,0.9886500956962048
3834,153.36,1,True,362.92579650878906,0.48415680545749085,0.9941114312604545
3837,153.48,1,True,403.2033169269562,0.5184268490834669,0.9943387255846525
3840,153.6,1,True,405.16170501708984,0.5665157807595802,0.9920636677392667
3843,153.72,1,False,256.1109745502472,0.5539112208467541,0.9976087694337669
3846,153.84,1,True,235.37021398544312,0.5304280844601718,0.996300399125585
3849,153.96,1,True,255.96198320388794,0.40027573704719543,0.996259309202753
3852,154.08,1,True,337.07797050476074,0.3681688227436759,0.998148865804933
3855,154.2,2,True,320.3709840774536,0.34784707246404706,0.9970205756283282
3858,154.32,1,False,253.86696338653564,0.31927964181611035,0.9965699706802061
3861,154.44,1,True,312.34827160835266,0.3493062158425649,0.9968073367326685
3864,154.56,1,True,294.13827180862427,0.378384350827246,0.9927494257910965
3867,154.68,1,True,291.0080051422119,0.4256718131628903,0.9965793894895515
3870,154.8,1,True,320.5439221858978,0.46627942991979193,0.9945904314673221
3873,154.92,1,False,398.65050315856934,0.503622647487756,0.9976466292942214
3876,155.04,1,False,396.2211298942566,0.5132680797215664,0.9979509458106639
3879,155.16,1,True,386.6482186317444,0.4108054348916719,0.9982622942949353
3882,155.28,2,True,403.58810663223267,0.4216655826929844,0.9984289682997758
3885,155.4,2,True,415.80230712890625,0.4489917177142519,0.998678229252466
3888,155.52,2,True,430.44610619544983,0.5060403419263435,0.9926488467475791
3891,155.64,2,True,371.3550889492035,0.547463261719906,0.998136737167692
3894,155.76,2,True,427.6127600669861,0.5908832911289099,0.9974467869239111
3897,155.88,1,False,295.13701915740967,0.6149722139040629,0.9982154689834021
3900,156.0,1,True,466.8603444099426,0.6178274497841344,0.9969918301855992
3903,156.12,1,True,453.5706317424774,0.6069058414661523,0.9979407705028308
3906,156.24,0,False,,,0.9973899065609373
3909,156.36,1,True,437.87468791007996,0.5809299647808075,0.9960075407905115
3912,156.48,2,True,415.79277992248535,0.547820250193278,0.9968569743638687
3915,156.6,2,True,486.6157793998718,0.49918355002547754,0.9982776353526238
3918,156.72,2,True,428.6322355270386,0.45935213565826416,0.9969474567524031
3921,156.84,2,True,429.7603726387024,0.40900096026333893,0.9971713188185343
3924,156.96,2,False,380.11393904685974,0.3746548322114078,0.9973448327213201
3927,157.08,2,True,408.4925901889801,0.32647225576819794,0.9983614671100474
3930,157.2,2,True,430.01818656921387,0.3157933381470767,0.9964507529977861
3933,157.32,2,True,456.20126724243164,0.35604304978341766,0.9976086757034957
3936,157.44,2,True,464.9758565425873,0.38172050588058704,0.9982049890344347
3939,157.56,2,True,494.4954711198807,0.43145554625626764,0.9985078293706166
3942,157.68,2,True,484.0778249502182,0.4680269170891155,0.9986753923237651
3945,157.8,2,False,465.0068521499634,0.5192258529590837,0.9977050628111738
3948,157.92,2,True,457.06547498703003,0.5463080361033931,0.9989095618329048
3951,158.04,2,True,449.3731892108917,0.5679289508949626,0.997942360326831
3954,158.16,2,True,493.2147216796875,0.5837072946808555,0.9979414729242063
3957,158.28,2,True,549.3355679512024,0.5785954016627688,0.9982601340998792
3960,158.4,2,True,459.4169569015503,0.5798531662334095,0.9957637910199849
3963,158.52,1,True,506.44661128520966,0.4979244949239673,0.9977244801399053
3966,158.64,1,True,399.7102439403534,0.45188692392724933,0.9965048307244551
3969,158.76,2,True,290.3360152244568,0.39661043792059925,0.9967198904522738
3972,158.88,1,True,371.0253703594208,0.37232689423994586,0.9985472175837734
3975,159.0,1,True,336.1678969860077,0.33893027540409204,0.9960314976983514
3978,159.12,0,False,,,0.9929293631361579
3981,159.24,0,False,,,0.9950041794397503
3984,159.36,1,True,215.8246350288391,0.42443549091165717,0.9947506644446947
3987,159.48,1,True,263.32982897758484,0.43033081112485944,0.9959168356850779
3990,159.6,1,True,397.0425617694855,0.38088604085373157,0.9947769537328309
3993,159.72,1,True,373.14868211746216,0.415390796733625,0.9921443097730221
3996,159.84,1,False,379.51414346694946,0.441920434886759,0.9900287216152279
3999,159.96,1,True,389.42469120025635,0.4603860242800279,0.9921279275934977
4002,160.08,1,True,401.0963559150696,0.4715947084354632,0.9922285251288202
4005,160.2,1,True,428.7176585197449,0.4638300682559158,0.9925934792722264
4008,160.32,1,True,373.7577474117279,0.4597190157933669,0.9912123078560722
4011,160.44,1,True,319.1209888458252,0.450401605981769,0.9903779222180247
4014,160.56,1,True,284.0875840187073,0.44164659489284863,0.9920022035297351
4017,160.68,1,True,318.07692289352417,0.4273078107472622,0.9929289888646123
4020,160.8,1,False,345.374493598938,0.5121951897939047,0.1362297039429268
4023,160.92,1,False,360.53433895111084,0.509080988891197,0.9978928598463193
4026,161.04,1,False,375.91424345970154,0.5118252499537035,0.9990030409977003
4029,161.16,1,False,381.44980788230896,0.5009272107572267,0.9974411369731377
4032,161.28,1,False,430.51347255706787,0.49797202691887366,0.9977096275629908
4035,161.4,1,True,445.88401079177856,0.48223351348530163,0.9976713616731384
4038,161.52,1,True,416.00472807884216,0.48816995548479486,0.9973013898039425
4041,161.64,1,True,405.3654134273529,0.4933058059576786,0.9957634634448486
4044,161.76,1,True,406.0756731033325,0.49297801472923974,0.9959719863408049
4047,161.88,1,True,420.40867924690247,0.5005207170139659,0.9981800395391904
4050,162.0,1,True,412.4050533771515,0.5057753116795511,0.998305208855758
4053,162.12,1,True,436.53968811035156,0.507710932782202,0.9978416296554942
4056,162.24,1,True,447.49285340309143,0.5013023307829192,0.9970833349921033
4059,162.36,1,True,480.392324924469,0.5043067272865411,0.9975920749926428
4062,162.48,1,True,465.30531764030457,0.5060761643178535,0.9962830064348547
4065,162.6,1,True,478.7579584121704,0.5039107718250968,0.9965068438473911
4068,162.72,1,True,466.88676953315735,0.5108893938136824,0.9968398849457398
4071,162.84,1,True,476.804655790329,0.5176941616968675,0.9969492718441275
4074,162.96,1,True,485.1319169998169,0.5145749829032205,0.9973956299376189
4077,163.08,1,True,474.6004271507263,0.5125745498772823,0.9974628639542925
4080,163.2,1,True,472.9772937297821,0.5094076873678149,0.9954636521579159
4083,163.32,1,True,476.4142334461212,0.505082450129769,0.9976767926351375
4086,163.44,1,True,487.0728600025177,0.5014296155987363,0.9979880032428157
4089,163.56,1,True,483.9116621017456,0.5042085674676028,0.9982559205682726
4092,163.68,1,True,513.8205242156982,0.5081805794528036,0.9963354283425078
4095,163.8,1,True,535.8294653892517,0.5096469223499298,0.9965651046956697
4098,163.92,1,True,529.1473853588104,0.51026609991536,0.9965096066997102
4101,164.04,1,True,541.6252899169922,0.5031952939250253,0.9975435040993479
4104,164.16,1,True,550.4857850074768,0.49495577721884754,0.997625077638915
4107,164.28,1,True,506.7638897895813,0.48055640675804834,0.9964838648700782
4110,164.4,1,True,512.3971724510193,0.4704535043600834,0.9971939506069076
4113,164.52,1,True,545.3454065322876,0.46257110888307745,0.9977360282631882
4116,164.64,1,True,509.4397795200348,0.4601702635938471,0.9969355831471586
4119,164.76,1,True,495.3573453426361,0.4623885452747345,0.9985630793448498
4122,164.88,1,True,504.67270016670227,0.46437114206227387,0.998288526948274
4125,165.0,1,True,503.5659348964691,0.4687774461327177,0.9966007316190796
4128,165.12,1,True,518.2183921337128,0.4771723675005364,0.996873639208189
4131,165.24,1,True,518.9983677864075,0.4822201367580529,0.9983064042283537
4134,165.36,1,True,529.8855185508728,0.4797615309556325,0.9979395681953438
4137,165.48,1,True,528.4277594089508,0.4826885877233563,0.9977905846579952
4140,165.6,1,True,549.8267340660095,0.48650528987248737,0.9974205466007295
4143,165.72,1,True,553.3254396915436,0.48408166296554334,0.9976151921938864
4146,165.84,1,True,550.5579793453217,0.4829922146869428,0.9929187809769897
4149,165.96,1,True,554.9398505687714,0.48333702755696845,0.9948338122166995
4152,166.08,1,True,562.6436269283295,0.4852854952667699,0.9977908950441154
4155,166.2,1,True,560.4110097885132,0.4841063112923593,0.9982129411537479
4158,166.32,1,True,559.2815208435059,0.4766299832950939,0.9981541334585537
4161,166.44,1,True,563.0641436576843,0.472975029186769,0.9972829110629503
4164,166.56,1,True,552.2619652748108,0.4776671519785216,0.9974240766716946
4167,166.68,1,True,538.2880640029907,0.4812628581668391,0.99843395481607
4170,166.8,1,True,534.3768560886383,0.48429356470252527,0.9974836968729306
4173,166.92,1,True,543.0426228046417,0.48542094591892126,0.9983408804846305
4176,167.04,1,True,576.0532987117767,0.4950739687139338,0.9971495650966522
4179,167.16,1,True,569.9369609355927,0.4930025745521892,0.9964981507454704
4182,167.28,1,True,598.4852349758148,0.4885455478321422,0.9971848459054228
4185,167.4,1,True,587.8642022609711,0.48054715358849726,0.9953037905898066
4188,167.52,1,True,572.1639776229858,0.48033754392103717,0.996832563712572
4191,167.64,1,True,548.575644493103,0.48457417795152374,0.997984532015391
4194,167.76,1,True,564.3846917152405,0.48965277726000006,0.9972141845199748
4197,167.88,1,True,574.4958257675171,0.4845379753546281,0.9883160058309293
4200,168.0,1,True,611.6298186779022,0.49014137369213684,0.9659120703722808
4203,168.12,1,True,660.2752840518951,0.48490924004352454,0.983160286613463
4206,168.24,1,True,712.854745388031,0.481202682762435,0.9812931626193265
4209,168.36,1,True,742.7115941047668,0.4789250899444927,0.9639459705242401
4212,168.48,1,True,755.3983891010284,0.4792471401619189,0.9784233986869735
4215,168.6,1,True,747.3209595680237,0.4765319625536601,0.9882183119962983
4218,168.72,1,True,733.6583983898163,0.4750941874402942,0.9920601047535992
4221,168.84,2,True,729.2450487613678,0.4772767686482632,0.9958558045409914
4224,168.96,2,True,741.0575616359711,0.4760007749904286,0.9973451000946595
4227,169.08,2,True,752.8029334545135,0.47886642813682556,0.9982025667798341
4230,169.2,2,True,760.8195304870605,0.479796107971307,0.9971149836093791
4233,169.32,2,True,761.3406300544739,0.4824467364585761,0.9960378384707536
4236,169.44,2,True,778.8039672374725,0.48197156642422534,0.9972112365006733
4239,169.56,2,True,789.803352355957,0.4822394017017249,0.9967278342245678
4242,169.68,2,True,819.1044044494629,0.48390993204983795,0.9963431122250962
4245,169.8,2,True,823.3816373348236,0.48233152880813135,0.9954353297068397
4248,169.92,2,True,845.8193671703339,0.4815986734448057,0.9968691226427384
4251,170.04,2,True,859.6818709373474,0.47749597105112945,0.9965347987392578
4254,170.16,2,True,861.78342461586,0.48063884991588013,0.9966269765291201
4257,170.28,2,True,859.1597092151642,0.47888006134466693,0.9964731661300904
4260,170.4,2,True,846.2446475028992,0.474989397056175,0.9965397919150673
4263,170.52,2,True,834.4392800331116,0.4752556076555541,0.9979901406043021
4266,170.64,2,True,800.629734992981,0.46769209160949243,0.9977801271140742
4269,170.76,2,True,781.4638924598694,0.4652647917920893,0.9978992473534584
4272,170.88,2,True,777.818706035614,0.4652878271810936,0.997344241344576
4275,171.0,2,False,807.508989572525,0.46500730514526367,0.9959267052000632
4278,171.12,2,False,839.0922904014587,0.46381447261030023,0.9968828101498945
4281,171.24,2,True,818.4503746032715,0.46360158107497473,0.9970016809185799
4284,171.36,2,True,831.1185014247894,0.46482469547878613,0.99660990890338
4287,171.48,2,False,846.1136162281036,0.46694931749141577,0.9968784508776368
4290,171.6,2,False,872.6323056221008,0.4675984626466578,0.9974939578689994
4293,171.72,2,False,890.0065183639526,0.47006086779363226,0.9973608723694266
4296,171.84,0,False,,,0.40874806808643477
4299,171.96,1,True,469.92488622665405,0.45374321576320764,0.9977721947292991
4302,172.08,1,True,427.984482049942,0.4286120488788142,0.9983983728533614
4305,172.2,1,True,398.1590795516968,0.4166622252175302,0.9982852217306416
4308,172.32,1,True,318.6107039451599,0.3814258945710731,0.998564350446866
4311,172.44,0,False,,,0.9984520630901225
4314,172.56,0,False,,,0.9963272538328004
4317,172.68,0,False,,,0.9907210182105964
4320,172.8,0,False,,,0.9634937457419247
4323,172.92,0,False,,,0.9925474959380814
4326,173.04,1,True,390.77916383743286,0.19172332548733914,0.9960401454171881
4329,173.16,1,True,299.6736431121826,0.3891942492037108,0.9919079286269584
4332,173.28,1,True,295.8000934123993,0.41593783551996405,0.9933670254820383
4335,173.4,1,True,278.9137315750122,0.4446843347766183,0.9935811458221664
4338,173.52,1,True,264.3821346759796,0.467365714636716,0.991582035879139
4341,173.64,2,False,227.65060186386108,0.48110589746272925,0.9907193876172625
4344,173.76,2,True,235.58348178863525,0.4821940199895339,0.983167783848006
4347,173.88,1,True,271.34552478790283,0.4765042472969402,0.9786295938055004
4350,174.0,1,True,277.6840138435364,0.4682969396764582,0.9952102781750378
4353,174.12,2,True,290.86174964904785,0.4568373470595389,0.9956350122055603
4356,174.24,2,True,287.78858184814453,0.4483400989662517,0.9918283833848089
4359,174.36,2,False,293.83211374282837,0.4424874556787086,0.9965003739056026
4362,174.48,2,False,285.10313272476196,0.4371911540175929,0.988186087470599
4365,174.6,1,False,264.07427072525024,0.42597820271145215,0.9890626470143105
4368,174.72,1,False,235.10190725326538,0.41025623137300665,0.9785097982244034
4371,174.84,1,True,238.44672918319702,0.3903064682628169,0.9563100378303091
4374,174.96,2,True,249.10377860069275,0.37167568369345233,0.9297248170103654
4377,175.08,1,True,258.84302973747253,0.36810749317660474,0.9825612266703954
4380,175.2,2,True,277.6451325416565,0.3485470378037655,0.9831216040743924
4383,175.32,1,True,282.39885449409485,0.3313218761574138,0.974843304464123
4386,175.44,0,False,,,0.9748095813229366
4389,175.56,1,True,157.05113768577576,0.32659742868307867,0.9560090447701651
4392,175.68,1,True,184.43615913391113,0.3506348440141389,0.9894081107171357
4395,175.8,1,False,177.7938938140869,0.3701841316439889,0.9816171526364205
4398,175.92,1,False,210.74270725250244,0.378887979370175,0.9809813394571788
4401,176.04,1,True,208.62863302230835,0.37399183800726227,0.9751335453872366
4404,176.16,1,True,299.31875467300415,0.43519359375491284,0.9815860992684494
4407,176.28,2,True,212.5210440158844,0.4688374734286106,0.9649776700593024
4410,176.4,0,False,,,0.950199426117321
4413,176.52,1,True,317.6078689098358,0.6089063684145609,0.9815502177207522
4416,176.64,1,True,286.429603099823,0.6262474276802756,0.9519582598046158
4419,176.76,1,True,278.8118290901184,0.6149084405465559,0.9376313598864107
4422,176.88,1,True,243.904048204422,0.6008056926004814,0.967407932269307
4425,177.0,1,True,216.5143918991089,0.5987005667252974,0.986285992303242
4428,177.12,1,True,188.8553023338318,0.6084985841404308,0.987745883313445
4431,177.24,1,True,196.08304023742676,0.6173760710340558,0.991360428297568
4434,177.36,1,True,183.6462378501892,0.6347392400105795,0.9958006632905614
4437,177.48,1,True,167.19899654388428,0.6520371130018523,0.9948031287881202
4440,177.6,1,True,146.30180954933167,0.6660306255022684,0.9844278086208769
4443,177.72,1,True,150.98996758460999,0.6749129674651406,0.998323623385365
4446,177.84,1,True,149.3734645843506,0.6815834551146536,0.9974216053258901
4449,177.96,2,False,65.90490102767944,0.6556665536129114,0.16876628438814026
4452,178.08,1,False,375.2622413635254,0.4833004501732913,0.9533625226822194
4455,178.2,1,True,141.43617510795593,0.5816750725110372,0.92304711950874
4458,178.32,1,True,313.82418394088745,0.6314682364463806,0.5627836781682408
4461,178.44,1,True,223.6454737186432,0.6422373209938859,0.7246353312074074
4464,178.56,1,False,570.809633731842,0.5775898821426161,0.756704342447013
4467,178.68,1,True,277.6177418231964,0.6377093710682609,0.852454365968291
4470,178.8,1,True,297.63288974761963,0.6549191149798307,0.7975186523638418
4473,178.92,1,True,467.938334941864,0.6710822166818561,0.9034305363643655
4476,179.04,1,False,258.4722089767456,0.662482267076319,0.6437250943956859
4479,179.16,1,True,214.6062469482422,0.7659829674345074,0.8460678834630061
4482,179.28,1,False,512.2895085811615,0.8082743937318976,0.8078131031066164
4485,179.4,0,False,,,0.7347516245111224
4488,179.52,0,False,,,0.8336751557807088
4491,179.64,1,False,541.4295959472656,0.8328007260958353,0.5764772618592311
4494,179.76,0,False,,,0.7240581813526221
4497,179.88,1,True,384.63868618011475,0.7674190365906918,0.9394938055508062
4500,180.0,0,False,,,0.8664670285404276
4503,180.12,1,False,389.42272782325745,0.7605562517137239,0.9311698664786012
4506,180.24,1,False,384.97171998023987,0.7558039679671779,0.7027881364850483
4509,180.36,1,False,439.0848684310913,0.6957839221665354,0.7428552923288454
4512,180.48,1,False,290.9855389595032,0.6202281731547732,0.8218423068023644
4515,180.6,1,False,179.1858959197998,0.6105654050003398,0.650125577254309
4518,180.72,1,False,313.5454487800598,0.6512365720488809,0.7383474872377949
4521,180.84,1,False,208.0402958393097,0.6424376585266807,0.8156211851964941
4524,180.96,1,False,335.8277499675751,0.6269070352568771,0.4082825915698206
4527,181.08,1,False,463.737416267395,0.6116230424606439,0.8541867972675745
4530,181.2,1,True,386.44872665405273,0.6581060254212582,0.7469046753997525
4533,181.32,1,False,245.23016452789307,0.6323061431899215,0.6084314142733432
4536,181.44,1,True,209.06810760498047,0.7419314095468232,0.8886704568328125
4539,181.56,1,True,264.91607666015625,0.7484996300755125,0.6084221536367844
4542,181.68,1,False,355.53574204444885,0.6054838408123363,0.5855915137379198
4545,181.8,1,False,278.3357584476471,0.6840214422254851,0.9244049220845704
4548,181.92,1,False,354.4900667667389,0.6524401117454875,0.6504520088063043
4551,182.04,1,False,341.58318042755127,0.6480602035016725,0.6717603743048759
4554,182.16,1,False,368.7210416793823,0.6679986796595834,0.5511815661532444
4557,182.28,1,False,283.61000061035156,0.6428274981903307,0.7094434560360421
4560,182.4,1,False,235.2175533771515,0.6481786641207609,0.6439622204316486
4563,182.52,2,False,117.73638010025024,0.576275393818364,0.041712113726604536
4566,182.64,2,False,128.41451168060303,0.5538943310578665,0.9817295132092714
4569,182.76,2,True,83.09288263320923,0.6742158559235659,0.9937849942118779
4572,182.88,2,False,218.68579030036926,0.7906749700054978,0.9977370773458326
4575,183.0,2,False,199.85368967056274,0.7929696856123029,0.9967676167676675
4578,183.12,2,False,80.00375032424927,0.7726997805364204,0.9962272268644488
4581,183.24,1,True,300.20381927490234,0.24203972202358823,0.995861861858254
4584,183.36,1,True,322.22054958343506,0.23423373067017758,0.9962682913047337
4587,183.48,2,True,288.0423402786255,0.21379540680032788,0.9968221802846778
4590,183.6,2,True,282.17860221862793,0.19553394615650177,0.9951242664190356
4593,183.72,2,True,309.24140453338623,0.17869954398184112,0.9951558372469504
4596,183.84,2,True,309.81921672821045,0.1738088751832644,0.9974298268417384
4599,183.96,2,True,278.29076170921326,0.17793589649778424,0.9979603837936281
4602,184.08,2,True,265.0912356376648,0.18362259729342026,0.9972305146795112
4605,184.2,2,True,251.60106539726257,0.19760994297085385,0.9970989367831558
4608,184.32,2,True,248.69932293891907,0.2140412718960733,0.9980239193691917
4611,184.44,2,True,211.90689325332642,0.22304016983870303,0.9980669259781974
4614,184.56,2,False,195.43670296669006,0.25018074611822766,0.9982813024223132
4617,184.68,2,True,250.52252769470215,0.277849507151228,0.9983214429551767
4620,184.8,2,True,261.442186832428,0.3049224813779195,0.9983801857879115
4623,184.92,2,True,286.9582986831665,0.37083656137639825,0.9951967196954086
4626,185.04,2,False,197.89002299308777,0.42664655049641925,0.9970581693608734
4629,185.16,2,True,269.89574790000916,0.4584512999563506,0.997723796674087
4632,185.28,2,True,255.76863884925842,0.47949498530590173,0.9973437370465941
4635,185.4,2,True,284.73987579345703,0.5145694026441285,0.9986118628837766
4638,185.52,1,True,487.0683056116104,0.5553686600742918,0.9988559820179768
4641,185.64,1,True,287.92550325393677,0.5373486668774576,0.9988069114828062
4644,185.76,1,True,325.38329243659973,0.5311385519576796,0.9989658610480376
4647,185.88,1,False,437.04192638397217,0.5886591907703516,0.9985802855457822
4650,186.0,1,False,219.27364468574524,0.6266687801389983,0.9981825356164498
4653,186.12,1,False,874.9652481079102,0.5942471623420715,0.4293020469191538
4656,186.24,1,False,996.2537956237793,0.6424884091724049,0.9555535013396109
4659,186.36,1,False,974.5736718177795,0.6411941539157521,0.9781130349616165
4662,186.48,1,False,1003.527238368988,0.6166754653959563,0.9896538901907181
4665,186.6,1,False,1050.9319138526917,0.5759435106407512,0.9852890214148088
4668,186.72,1,False,995.7903742790222,0.5894984205563863,0.9945589738433036
4671,186.84,1,False,1233.6115264892578,0.5598459939161936,0.9922621914988119
4674,186.96,1,False,1422.4779653549194,0.564304092616746,0.9894102036731399
4677,187.08,1,False,1633.3313298225403,0.6012100297393221,0.991982106489359
4680,187.2,1,False,1697.3757219314575,0.6240234230503892,0.9917437814046913
4683,187.32,1,False,1089.0144753456116,0.6536059542135759,0.9849278294611676
4686,187.44,1,False,957.6772999763489,0.6828187866644426,0.9785398422352445
4689,187.56,1,False,1034.8769617080688,0.6986463286659934,0.9828502408880083
4692,187.68,1,False,1211.50705575943,0.7067619291218844,0.9791517852882201
4695,187.8,1,False,1038.826310634613,0.6863633412303347,0.9855003948764782
4698,187.92,1,False,744.6479344367981,0.6382514111923449,0.9827766252106662
4701,188.04,1,False,835.1670491695404,0.6158836845195654,0.9815047693312814
4704,188.16,1,False,833.6387372016907,0.6095283103711677,0.9823164101665449
4707,188.28,1,False,738.0499577522278,0.6529980103174845,0.984481483929123
4710,188.4,1,False,644.6446788311005,0.6054811911149458,0.9792763271887447
4713,188.52,1,True,790.9950095415115,0.6215336973016913,0.9863895001665532
4716,188.64,1,True,611.4402723312378,0.543465489690954,0.9861000466146432
4719,188.76,1,False,649.3157136440277,0.5273944347193746,0.9862419367176949
4722,188.88,1,False,606.06853723526,0.5298846752354593,0.9858205994475391
4725,189.0,1,False,1093.401882648468,0.6206289746544578,0.9821399338120196
4728,189.12,1,False,953.2188248634338,0.6028291745619341,0.9861570370927468
4731,189.24,0,False,,,0.9866069253995721
4734,189.36,0,False,,,0.9879782270238109
4737,189.48,0,False,,,0.9877467767558911
4740,189.6,0,False,,,0.37780782071896124
4743,189.72,1,False,588.8353979587555,0.5229555657415679,0.93195152652296
4746,189.84,1,True,572.6102757453918,0.5525856234810569,0.8746956015781093
4749,189.96,1,True,660.9039187431335,0.5914077686541008,0.8988257608365245
4752,190.08,1,True,633.9416670799255,0.6167657962351134,0.9590675276289772
4755,190.2,1,True,554.7610545158386,0.6250174018469724,0.9411775677382944
4758,190.32,1,True,542.3816728591919,0.6116808002645319,0.979937550474432
4761,190.44,2,False,515.0907969474792,0.5989954688332297,0.914138191731739
4764,190.56,1,False,287.3993504047394,0.5806799819975188,0.8477331059569565
4767,190.68,0,False,,,0.8260225434403464
4770,190.8,0,False,,,0.9173703041113698
4773,190.92,1,True,547.5055396556854,0.6131478800918116,0.9615775180524111
4776,191.04,1,True,508.94800186157227,0.6825691642183246,0.8998889058728092
4779,191.16,1,False,455.8658516407013,0.6573375156431487,0.782278730237131
4782,191.28,0,False,,,0.8865684168427851
4785,191.4,1,True,553.4455275535583,0.5885297538656177,0.848341539214016
4788,191.52,1,True,602.0111703872681,0.5845717245882208,0.9149186640795895
4791,191.64,2,True,597.1253550052643,0.5450893197998856,0.8678798673592543
4794,191.76,1,False,416.88557624816895,0.6199403965111935,0.7477432524979014
4797,191.88,2,True,537.8750467300415,0.5965970248887034,0.8040995038992143
4800,192.0,2,True,538.5503840446472,0.5862371939601321,0.7912742274998159
4803,192.12,2,False,442.3538589477539,0.5531384737202616,0.7154126541168042
4806,192.24,0,False,,,0.7697247374245969
4809,192.36,0,False,,,0.9363066925481277
4812,192.48,1,True,535.768632888794,0.5389952180963574,0.5402294393638485
4815,192.6,1,True,498.0585980415344,0.5550272220915015,0.8992993357772622
4818,192.72,1,False,493.65870237350464,0.5931835851886056,0.9194827730738209
4821,192.84,1,True,493.773672580719,0.5949295072844534,0.9814695103554123
4824,192.96,1,True,549.0144914388657,0.614149146007769,0.7172133981371279
4827,193.08,1,True,540.8839863538742,0.6108050039320281,0.7867319115019673
4830,193.2,1,True,520.9744262695312,0.6135651974967031,0.9425109995417735
4833,193.32,1,True,488.35076093673706,0.5997378970637466,0.9539749430672979
4836,193.44,1,True,531.3668704032898,0.576294479045001,0.9683811383923132
4839,193.56,1,True,558.0747681856155,0.5659589090130546,0.9211508237529201
4842,193.68,1,True,531.6547304391861,0.5794129371643066,0.7150129025696762
4845,193.8,1,True,497.7337718009949,0.5953221826842336,0.7238770223393973
4848,193.92,1,False,516.7704176902771,0.568763716654344,0.9244381636355786
4851,194.04,2,False,529.8621511459351,0.5799515590523229,0.9092169901658125
4854,194.16,1,True,580.9234875440598,0.5708562767866886,0.9335350282860583
4857,194.28,1,False,202.20391631126404,0.5064015677480986,0.8458503196980429
4860,194.4,0,False,,,0.8856578788027437
4863,194.52,1,False,114.03055429458618,0.5787097775574886,0.8521477449668572
4866,194.64,1,True,538.5398751497269,0.5818300608432654,0.900942497545242
4869,194.76,1,True,274.48203563690186,0.6207562414082614,0.8389082274016552
4872,194.88,1,True,570.1817071437836,0.5870664300340594,0.8264085974402255
4875,195.0,1,True,662.5430005788803,0.5871822788859858,0.959867558794874
4878,195.12,0,False,,,0.94642339803368
4881,195.24,1,False,367.1811103820801,0.6207366405111371,0.9656596871385825
4884,195.36,1,True,574.2879492044449,0.5857022034399437,0.9619544852692866
4887,195.48,1,True,573.5717189311981,0.5364282275691177,0.9514592200315268
4890,195.6,1,True,622.8634250164032,0.5057029976989283,0.9543282013166594
4893,195.72,1,True,653.1386661529541,0.4675496717294057,0.9580802902990866
4896,195.84,1,True,678.6275804042816,0.4528272964737632,0.9768749215667829
4899,195.96,1,True,713.3930969238281,0.4369054635365804,0.968623044702969
4902,196.08,1,True,651.6681289672852,0.4327647956934842,0.9815325454475313
4905,196.2,1,True,681.2018251419067,0.40816466284520697,0.9760992124265202
4908,196.32,1,True,703.0037426948547,0.38125018685153034,0.9799246504346623
4911,196.44,1,True,711.9008660316467,0.38640791900230176,0.951971255539655
4914,196.56,1,True,831.3473474979401,0.38472418080676685,0.9711391430541556
4917,196.68,1,True,827.9254227876663,0.40789992384838336,0.9834530894399351
4920,196.8,1,True,862.2232854366302,0.3936597912600546,0.9822169845891264
4923,196.92,1,True,817.1217155456543,0.4031496219562762,0.9814000506598934
4926,197.04,1,True,947.2904562950134,0.4171756040869337,0.9548890883604724
4929,197.16,1,True,563.2099968194962,0.41015810225949145,0.9895803917664594
4932,197.28,1,True,801.5876054763794,0.34409748966043646,0.9837517417893211
4935,197.4,1,False,512.7855670452118,0.3219294006174261,0.9457983751043664
4938,197.52,1,True,730.646288394928,0.39854402569207276,0.922510076553682
4941,197.64,1,False,865.470694899559,0.3881553519855846,0.8955849585923489
4944,197.76,1,False,634.1359126567841,0.3650206828659231,0.8593815964937948
4947,197.88,1,False,838.3969008922577,0.2977587682279674,0.7916487091459184
4950,198.0,1,False,923.1148159503937,0.26828215745362366,0.540869977265739
4953,198.12,1,False,843.3029937744141,0.32816850394010544,0.9927460840939442
4956,198.24,1,False,596.2585079669952,0.3448509172056661,0.6556550884891768
4959,198.36,2,False,413.19400906562805,0.4488954715656512,0.025057336877687304
4962,198.48,1,True,304.5743930339813,0.5526574624307228,0.9983494168932402
4965,198.6,1,True,333.71827840805054,0.5349292141018491,0.9985147851895161
4968,198.72,1,True,317.4795091152191,0.5262884479580503,0.9990953990098697
4971,198.84,1,True,305.04376888275146,0.5239266780289736,0.9988527559906726
4974,198.96,1,True,381.96614384651184,0.5288369474988995,0.9991357102922197
4977,199.08,1,True,315.7097339630127,0.5387790889450998,0.9992720160430849
4980,199.2,0,False,,,0.9974220435693874
4983,199.32,1,True,475.8232408761978,0.5495639605955644,0.9986280562654926
4986,199.44,1,True,362.77748107910156,0.608459290229913,0.9987753610515131
4989,199.56,1,True,326.41091108322144,0.6600307768041437,0.9983322898322895
4992,199.68,1,True,320.86594820022583,0.7102406241677024,0.9959113132790886
4995,199.8,1,True,323.3839952945709,0.7578983469442888,0.9982695432921618
4998,199.92,1,True,280.72325706481934,0.8017142216364542,0.9992283929908745
5001,200.04,1,True,260.58103680610657,0.8262166326696222,0.9990145575180526
5004,200.16,1,True,259.91944313049316,0.8375735626076207,0.9989612118040959
5007,200.28,1,False,233.51388931274414,0.240142257827701,0.9981698783447313
5010,200.4,1,False,258.14390659332275,0.1961700263800043,0.9960119835988754
5013,200.52,1,False,248.99714469909668,0.24390911198023593,0.9990446104306306
5016,200.64,1,False,409.09045457839966,0.22462642734700983,0.998626387331165
5019,200.76,1,False,395.8918619155884,0.2307222043022965,0.9976297413237668
5022,200.88,1,False,514.3639612197876,0.23258298725792856,0.99825839405185
5025,201.0,1,False,560.5331254005432,0.22485939164956412,0.9979223556677695
5028,201.12,1,False,463.8532876968384,0.2742129889401523,0.9973660376118639
5031,201.24,1,True,392.835431098938,0.27535217052156274,0.9982003382068217
5034,201.36,1,True,385.3212332725525,0.2490925138646906,0.9983437280539117
5037,201.48,1,False,473.76563787460327,0.24010618888970578,0.9986719997380924
5040,201.6,1,True,403.9811682701111,0.2196887582540512,0.9949608171795625
5043,201.72,1,True,461.2772727012634,0.19696741077032956,0.9984370754358884
5046,201.84,1,True,648.9783024787903,0.15629555488174612,0.9987382134303914
5049,201.96,1,False,216.22902631759644,0.1201612933567076,0.9988969013611672
5052,202.08,1,False,391.20705127716064,0.1255945305932652,0.9985877502849214
5055,202.2,1,True,412.6636075973511,0.1225534135645086,0.9975670133228591
5058,202.32,1,True,421.07529401779175,0.11742131570071886,0.9978548098532376
5061,202.44,1,True,404.0933382511139,0.1422480708270362,0.9984492617192402
5064,202.56,1,True,448.6312258243561,0.16385596335837335,0.9974564522194977
5067,202.68,0,False,,,0.9979082012088765
5070,202.8,0,False,,,0.9873238147486476
5073,202.92,1,False,134.41060066223145,0.5875530947338451,0.9950003591596622
5076,203.04,0,False,,,0.9984394285548617
5079,203.16,1,True,483.09019804000854,0.13478284667838702,0.9974416143939714
5082,203.28,1,True,360.6768608093262,0.1365026691646287,0.981858171264946
5085,203.4,1,False,426.1771774291992,0.14955775688091913,0.9975598250380011
5088,203.52,1,True,396.8408489227295,0.1304299102136583,0.9900068984961898
5091,203.64,1,False,409.86956119537354,0.11431360493103664,0.9916172092357453
5094,203.76,0,False,,,0.9951713292444404
5097,203.88,0,False,,,0.9949322955874308
5100,204.0,0,False,,,0.9541793598766852
5103,204.12,1,True,93.01184713840485,0.36966365214550134,0.9948363307026705
5106,204.24,1,True,114.55078482627869,0.3242938297264504,0.9949229920386119
5109,204.36,0,False,,,0.9945777217761012
5112,204.48,0,False,,,0.993314616595652
5115,204.6,0,False,,,0.9941814711800837
5118,204.72,0,False,,,0.9886110371681077
5121,204.84,0,False,,,0.9910058159577396
5124,204.96,0,False,,,0.9584508389634946
5127,205.08,0,False,,,0.9624344056301505
5130,205.2,0,False,,,0.9821612102458646
5133,205.32,0,False,,,0.9922480874138664
5136,205.44,0,False,,,0.9888276503266707
5139,205.56,0,False,,,0.9965647617700426
5142,205.68,0,False,,,0.995611754624083
5145,205.8,0,False,,,0.9977747959594832
5148,205.92,1,True,263.8017797470093,0.3644502740917784,0.9966690229792449
5151,206.04,0,False,,,0.9953822080003528
5154,206.16,0,False,,,0.9898015169883966
5157,206.28,0,False,,,0.9956295835704676
5160,206.4,0,False,,,0.9849087307820563
5163,206.52,0,False,,,0.9772763767868464
5166,206.64,0,False,,,0.9822123402861886
5169,206.76,0,False,,,0.9737696898179283
5172,206.88,0,False,,,0.9822147675840472
5175,207.0,1,True,194.03446555137634,0.42811792456742487,0.9809886178452718
5178,207.12,1,True,204.20244097709656,0.43038042205752747,0.9794597528694501
5181,207.24,1,True,190.0073218345642,0.4394716647538272,0.9905523797585527
5184,207.36,1,True,180.24441361427307,0.45300760503971216,0.9901769328779817
5187,207.48,1,True,157.3626708984375,0.4681165435097434,0.9914216102624828
5190,207.6,0,False,,,0.9938534168844023
5193,207.72,0,False,,,0.9957516559719388
5196,207.84,0,False,,,0.9962687125108752
5199,207.96,0,False,,,0.992476915651554
5202,208.08,0,False,,,0.9984210642348049
5205,208.2,1,False,273.2623279094696,0.6173003297863584,0.08701138096655875
5208,208.32,1,False,226.09087586402893,0.5261172435500405,0.8215824866587023
5211,208.44,1,True,245.7867980003357,0.6234631204243862,0.86416061333223
5214,208.56,1,True,388.6118531227112,0.5779893642122095,0.9332365415127087
5217,208.68,1,True,369.62673783302307,0.5943481308041196,0.8705315543084714
5220,208.8,1,True,339.58343267440796,0.6250651966441761,0.7328529362383557
5223,208.92,1,False,229.28351998329163,0.5331906820788528,0.7538795060619877
5226,209.04,1,True,226.09126210212708,0.6135770904295372,0.8180204392975498
5229,209.16,1,True,268.8668417930603,0.5312346066489364,0.7987788781873446
5232,209.28,1,False,361.8353819847107,0.5463456646962599,0.8968326176775607
5235,209.4,1,True,341.9982576370239,0.6294972255374446,0.7218346219839451
5238,209.52,2,False,318.73584508895874,0.6359161273999647,0.756609211723899
5241,209.64,2,True,356.56683683395386,0.6852747292229624,0.8692994067985073
5244,209.76,1,True,495.54656982421875,0.701055002935005,0.7635298281381769
5247,209.88,1,True,469.4880187511444,0.6665588274146571,0.5616158725784421
5250,210.0,1,False,207.62666702270508,0.5139728865840218,0.90746737659628
5253,210.12,1,True,128.1117331981659,0.6484913753740715,0.9504195318661319
5256,210.24,1,True,216.2948477268219,0.6533405130559747,0.9616473253303391
5259,210.36,1,True,254.09529447555542,0.6082976180495638,0.6747451283309025
5262,210.48,0,False,,,0.852995849496842
5265,210.6,0,False,,,0.7579954052269631
5268,210.72,0,False,,,0.6904039789858318
5271,210.84,1,False,173.68090867996216,0.5338715251648065,0.43693289781975975
5274,210.96,1,False,211.93785667419434,0.5566269945014607,0.9036977128052841
5277,211.08,1,False,146.8291211128235,0.5982869466145834,0.7168208129121417
5280,211.2,1,False,362.69286274909973,0.6775771677494049,0.6575094134284957
5283,211.32,1,True,347.401921749115,0.8119944839766531,0.7800931750108273
5286,211.44,1,True,236.20995998382568,0.6898428111365347,0.9141095679592227
5289,211.56,1,False,322.87065267562866,0.7727960438439341,0.5812698714904861
5292,211.68,0,False,,,0.4146794935515455
5295,211.8,0,False,,,0.7581049449397796
5298,211.92,1,False,165.59231042861938,0.7446112397945288,0.6412039308523003
5301,212.04,1,True,305.87051153182983,0.7530877897233674,0.6648785766549462
5304,212.16,1,False,191.49324417114258,0.7035815462921605,0.7094997390791605
5307,212.28,1,True,389.43196535110474,0.6870171987649166,0.7251869963988606
5310,212.4,2,False,187.06154823303223,0.6072885701150605,0.10832882568709835
5313,212.52,2,True,312.93036460876465,0.4794789959083904,0.9444627924515416
5316,212.64,2,False,324.89721179008484,0.49282740011359705,0.9736689631052942
5319,212.76,1,True,499.8814648389816,0.44098168792146625,0.9711968193728516
5322,212.88,1,False,440.1344704627991,0.4416217605272929,0.9748973260128173
5325,213.0,1,True,476.14554047584534,0.4442953855702371,0.9839642214845765
5328,213.12,1,True,486.25335931777954,0.4422080489722165,0.9887146810976258
5331,213.24,1,True,490.29340982437134,0.44073523806803155,0.9905805212906356
5334,213.36,1,True,455.60227632522583,0.43739350546490063,0.9885274780815363
5337,213.48,1,True,450.9363269805908,0.4321013725165165,0.9919650548447797
5340,213.6,1,True,373.9839220046997,0.44320189772230206,0.9931527221989633
5343,213.72,1,False,295.01216769218445,0.4520571484710231,0.9941961773537689
5346,213.84,1,True,268.97106170654297,0.45236610734101496,0.9958207514917476
5349,213.96,1,False,167.9591292142868,0.4656318426132202,0.9967243000857005
5352,214.08,1,True,417.56860613822937,0.451296585075783,0.9972469380335389
5355,214.2,1,True,648.6217725276947,0.4939429470987031,0.9977542586339431
5358,214.32,1,True,505.40886998176575,0.5205634624669047,0.9962575297811306
5361,214.44,1,True,456.63578510284424,0.5677126754413951,0.9971797814759639
5364,214.56,1,False,464.9516522884369,0.6016367150075508,0.9966169798796232
5367,214.68,1,False,446.7348289489746,0.6394955371365403,0.9958646338660623
5370,214.8,1,True,458.046133518219,0.6472234093781674,0.997340948188893
5373,214.92,1,True,475.8955478668213,0.647195369908304,0.9974392870168798
5376,215.04,1,False,490.86491346359253,0.6376663681232568,0.9962160258784922
5379,215.16,1,True,480.439510345459,0.6025829712549845,0.9945537918833067
5382,215.28,1,True,512.0147967338562,0.5618405911055478,0.9941436951183079
5385,215.4,1,True,542.3152559995651,0.5245461951602589,0.9748523052001221
5388,215.52,1,True,574.6951246261597,0.482307235399882,0.9759353342248352
5391,215.64,1,True,501.22669994831085,0.6037537581992872,0.988640204686797
5394,215.76,1,True,478.200826048851,0.5328446843407371,0.986661581691379
5397,215.88,1,True,626.3267576694489,0.4498613016171889,0.984731159411654
5400,216.0,1,True,642.2869527339935,0.4632866292288809,0.9866152270521751
5403,216.12,1,True,593.7147438526154,0.48447530377994885,0.992060365860881
5406,216.24,1,True,381.69326663017273,0.3463550273216132,0.9932241672182012
5409,216.36,1,False,382.068110704422,0.2742834515643842,0.9920967379218217
5412,216.48,2,True,357.45203018188477,0.1896220323714343,0.9875409200062473
5415,216.6,1,True,577.1820795536041,0.7355111494208827,0.9927185884454639
5418,216.72,1,False,646.2036323547363,0.7706294276497581,0.9948847186972356
5421,216.84,1,True,602.892050743103,0.7834271120302605,0.9955498749141595
5424,216.96,1,True,661.0628879070282,0.761056099877213,0.9942030829611952
5427,217.08,1,True,785.2855896949768,0.6815807620684305,0.9889664982416521
5430,217.2,1,False,646.6795420646667,0.6872612364364393,0.981787524979929
5433,217.32,2,True,523.7531518936157,0.6032168503963586,0.9865968099067577
5436,217.44,1,False,475.84662437438965,0.5333745073188435,0.9834134594586017
5439,217.56,1,False,444.6213984489441,0.46633415059609845,0.9720212934454008
5442,217.68,1,False,619.7422993183136,0.4598854924693252,0.9865221518363885
5445,217.8,1,True,766.9302034378052,0.4211276995413231,0.9888686704006742
5448,217.92,2,True,453.06607604026794,0.398022652575464,0.9925440517469947
5451,218.04,2,False,589.294924736023,0.36143786347273626,0.9812616192491098
5454,218.16,2,False,669.0795493125916,0.3506404965212851,0.9896748111870552
5457,218.28,2,False,717.0617473125458,0.39346850550535956,0.9866325750976473
5460,218.4,2,False,682.214605808258,0.4180832767125332,0.9868794723534625
5463,218.52,1,False,725.5986070632935,0.509211773222143,0.9810626693846608
5466,218.64,1,False,621.5469002723694,0.5652107677676461,0.987522278448315
5469,218.76,1,False,694.1707992553711,0.6229205420522979,0.9870341304126061
5472,218.88,1,False,386.71526312828064,0.6642349398497379,0.9613468966738243
5475,219.0,1,False,374.2200744152069,0.6588141773686265,0.9469132819789006
5478,219.12,0,False,,,0.9354569513345125
5481,219.24,1,True,588.409538269043,0.5557708406087124,0.9248176561044559
5484,219.36,1,True,713.0099165439606,0.5214585950880339,0.8970422822448005
5487,219.48,1,False,150.64457416534424,0.4694038783058976,0.910882611366828
5490,219.6,1,False,351.40923857688904,0.46698896270809753,0.9329116860285322
5493,219.72,2,False,272.2312331199646,0.44077664252483484,0.9472821616009813
5496,219.84,1,False,241.7467474937439,0.4289102716879411,0.9788107325113526
5499,219.96,1,False,932.115740776062,0.33696933135841833,0.9845436083605695
5502,220.08,1,False,905.6327140331268,0.30869281630624423,0.9767963082165771
5505,220.2,1,True,792.8828930854797,0.37983730728879117,0.9804366491408432
5508,220.32,1,True,666.0715913772583,0.4883477868455829,0.9876384462063797
5511,220.44,1,False,641.4311134815216,0.5180993310429833,0.9846765853572074
5514,220.56,2,False,181.24217927455902,0.5924506733814875,0.9748518297347573
5517,220.68,1,False,1005.3762567043304,0.7021260713085984,0.992068960371906
5520,220.8,1,False,299.7238862514496,0.7314132668755271,0.9942599693517057
5523,220.92,1,False,387.37183570861816,0.7479485706849531,0.9672065301544084
5526,221.04,1,False,580.6242334842682,0.7117549271294565,0.8675186149239971
5529,221.16,1,False,659.014345407486,0.7067418441627965,0.9216966723845768
5532,221.28,1,False,404.8075568675995,0.6082946522669359,0.9346931963107161
5535,221.4,2,False,238.66299033164978,0.5702456597125891,0.78184788150743
5538,221.52,1,False,569.7525644302368,0.6646897594134012,0.29049440912900326
5541,221.64,2,False,564.1052484512329,0.7017316547307101,0.8662557284358241
5544,221.76,2,False,543.6205315589905,0.6657014380801808,0.625212635033353
5547,221.88,1,False,501.9201421737671,0.79302640394731,0.68727182568466
5550,222.0,0,False,,,0.9414827536580979
5553,222.12,1,False,459.0906500816345,0.664953305865779,0.5418690731298063
5556,222.24,1,False,497.9029440879822,0.6545312224012433,0.9106220440518499
5559,222.36,1,True,498.8022994995117,0.7029697046135411,0.942077884482455
5562,222.48,1,True,416.39907717704773,0.6970722350207242,0.9439207575492535
5565,222.6,1,False,470.147488117218,0.6359510385628903,0.8313532287233945
5568,222.72,1,True,505.70350527763367,0.6179926305106191,0.859651206883685
5571,222.84,1,True,509.77802753448486,0.6027715025526105,0.9021227244169937
5574,222.96,1,False,503.24674129486084,0.5714133553432695,0.9565255458167087
5577,223.08,1,False,498.54632019996643,0.5860063921321522,0.9862458192365616
5580,223.2,1,False,503.05021047592163,0.6109834945563114,0.9484481396465125
5583,223.32,1,True,564.1930210590363,0.6216399994763461,0.8669129122959831
5586,223.44,1,True,523.8575327396393,0.6483804980913798,0.8328165065906288
5589,223.56,1,True,467.6070713996887,0.6435399488969282,0.7784968778797822
5592,223.68,1,True,469.91458654403687,0.5666631243445657,0.9230091085063545
5595,223.8,1,True,442.44327306747437,0.6140210122773142,0.9191756677187725
5598,223.92,1,False,460.21833658218384,0.6013756069270048,0.9749563106179183
5601,224.04,1,True,508.69643211364746,0.5845721797509627,0.8671925539974287
5604,224.16,1,True,438.104692697525,0.5817091446934324,0.9402471862402604
5607,224.28,1,True,465.75711965560913,0.5986799037817753,0.9049220916229224
5610,224.4,1,True,530.653327703476,0.6190659620545127,0.9519269990368312
5613,224.52,1,True,557.9476636648178,0.5582749807473385,0.8371844772677018
5616,224.64,1,True,542.8970593214035,0.5399284182172833,0.8264079684728348
5619,224.76,1,True,493.6602795124054,0.49674231897700916,0.9278034246970739
5622,224.88,1,True,480.39589762687683,0.48551701686599036,0.9474903982946111
5625,225.0,1,False,534.4530415534973,0.4680010297081687,0.9707840720894291
5628,225.12,1,False,508.5414218902588,0.4686732870159727,0.9579823246790646
5631,225.24,1,True,557.7808570861816,0.4887732953736276,0.928840321371604
5634,225.36,1,True,569.9283027648926,0.5249919457869097,0.9367972287869781
5637,225.48,1,True,615.5132979154587,0.5157886147499084,0.9729676205090059
5640,225.6,1,True,552.21320271492,0.49928032719727716,0.9950094412848607
5643,225.72,1,True,533.8101160526276,0.4939233922597134,0.9808796628384207
5646,225.84,1,True,594.2424899339676,0.4944887495402134,0.9933955729027885
5649,225.96,1,True,609.9963855743408,0.449124018351237,0.9389509249030333
5652,226.08,1,True,643.6544609069824,0.4408536995902206,0.9452217531629834
5655,226.2,1,True,646.8653225898743,0.4386135357798952,0.9382783282333663
5658,226.32,1,True,673.5349988937378,0.47051557266350946,0.9355970521513481
5661,226.44,1,True,668.4187924861908,0.491068959236145,0.832960052742242
5664,226.56,1,True,652.2762608528137,0.4738105752251365,0.8675774644159256
5667,226.68,1,False,710.8665686845779,0.4166646961009864,0.9116460815779533
5670,226.8,1,True,720.6358981132507,0.3936754284483014,0.9879645173255324
5673,226.92,2,False,341.6149163246155,0.39563502687396424,0.9809848183843429
5676,227.04,2,False,460.3904700279236,0.3867790983481841,0.9847561240894753
5679,227.16,2,False,314.6855592727661,0.3780208415154255,0.9726112356808964
5682,227.28,1,False,501.4531481266022,0.34488951843796356,0.9455332792937087
5685,227.4,1,False,440.56963205337524,0.32589541149861884,0.9198866659391655
5688,227.52,1,False,679.7324466705322,0.3160046230662953,0.9363908178834168
5691,227.64,1,True,705.4053711891174,0.2345340053240458,0.9220880941266615
5694,227.76,1,False,879.3167996406555,0.2184703332005125,0.895015525959698
5697,227.88,2,False,874.9041903018951,0.22582467690561758,0.9333346918230075
5700,228.0,1,False,558.2860565185547,0.12422887168147347,0.9419904325003564
5703,228.12,1,False,857.1581268310547,0.26552226349259866,0.9363662457593909
5706,228.24,1,False,1267.6276445388794,0.272819658176917,0.9196984424569975
5709,228.36,0,False,,,0.8071990278016196
5712,228.48,0,False,,,0.6062718026297327
5715,228.6,1,False,767.9885601997375,0.3399783553499164,0.973217903093375
5718,228.72,1,False,752.9917073249817,0.539703205453627,0.8417873158494844
5721,228.84,2,False,627.684223651886,0.31376921543569275,0.24064212530555265
5724,228.96,2,False,656.7509579658508,0.22164175094980182,0.9979980037847963
5727,229.08,2,False,774.4422125816345,0.2337215445709951,0.9964536945829302
5730,229.2,2,False,494.463107585907,0.285707537875031,0.9977163613536715
5733,229.32,2,False,667.2774910926819,0.28029152480038727,0.9984135574437085
5736,229.44,1,False,481.3648724555969,0.091699966878602,0.9982011025559363
5739,229.56,1,True,607.6413631439209,0.09615610844709656,0.9977103826127824
5742,229.68,1,True,558.6839461326599,0.08950037870443228,0.998038846298833
5745,229.8,1,False,530.792019367218,0.07643976615685405,0.9978941837747551
5748,229.92,1,False,592.1561121940613,0.06061804226853631,0.9982620962104727
5751,230.04,1,True,545.3077161312103,0.04721105189034433,0.9979917373805077
5754,230.16,1,False,577.6961624622345,0.03433334195252621,0.9975215448072413
5757,230.28,1,False,545.7367622852325,0.02333352424091462,0.9980792779238357
5760,230.4,1,False,542.1425914764404,0.018901106760357365,0.9958375070557443
5763,230.52,0,False,,,0.9984546159503536
5766,230.64,0,False,,,0.998521881911601
5769,230.76,0,False,,,0.9980481410173505
5772,230.88,0,False,,,0.9987977724786725
5775,231.0,0,False,,,0.9985359680485887
5778,231.12,1,False,616.5281867980957,0.07149727382894719,0.9979138373298223
5781,231.24,1,False,628.7784039974213,0.09737100045789372,0.9985279475762999
5784,231.36,1,False,656.9231557846069,0.09864371473138983,0.9982665112295666
5787,231.48,2,False,608.6658275127411,0.10521584252516429,0.9981696486339571
5790,231.6,2,False,603.0850088596344,0.11568268670728712,0.9968062815694708
5793,231.72,2,False,553.4437251091003,0.09657250818881122,0.9965666687255776
5796,231.84,2,False,560.3141927719116,0.09429963531367706,0.996296102465255
5799,231.96,0,False,,,0.9978299614815546
5802,232.08,1,False,448.72653007507324,0.30846650266286096,0.9985441824964176
5805,232.2,1,False,183.3946681022644,0.30803378332744946,0.998933372843567
5808,232.32,1,False,203.35757732391357,0.30951018360528076,0.9986511374960237
5811,232.44,1,False,190.06435632705688,0.30443065726395807,0.9987073039022449
5814,232.56,2,False,190.81958055496216,0.29041871338179615,0.9991367623773645
5817,232.68,2,False,237.22853422164917,0.28540602236083057,0.9983083971652501
5820,232.8,2,False,234.93756294250488,0.2723989102876548,0.9976095551101269
5823,232.92,2,False,277.7278518676758,0.2524994896216826,0.9983299268184056
5826,233.04,1,True,270.11770606040955,0.4500816780509371,0.998826848900316
5829,233.16,2,True,203.3353042602539,0.4223817857829007,0.9976218154859458
5832,233.28,2,True,253.03275346755981,0.39808071472428064,0.9980126660829045
5835,233.4,2,False,257.62666940689087,0.39119995724071155,0.9988803988691606
5838,233.52,2,True,245.11039853096008,0.38245795712326514,0.996124020949083
5841,233.64,1,True,242.5551438331604,0.4016318456693129,0.9964540318504571
5844,233.76,1,True,250.52857875823975,0.42770465847217676,0.9940458876042197
5847,233.88,1,True,303.2717728614807,0.4620281466932008,0.9978058053389771
5850,234.0,2,True,303.4294867515564,0.4944002456737287,0.9828299893079396
5853,234.12,2,True,302.85199642181396,0.5262249211470286,0.9938454743413286
5856,234.24,1,False,199.20004606246948,0.5577426462462454,0.998706465101291
5859,234.36,1,False,127.59639501571655,0.5799816160491018,0.9984052898746758
5862,234.48,1,False,229.48986768722534,0.5960338458870397,0.99229793529237
5865,234.6,1,False,287.0902633666992,0.6007195006717335,0.9979783443155786
5868,234.72,1,True,276.76013231277466,0.5827948794220433,0.997459919498712
5871,234.84,1,True,273.228178024292,0.5614385442300276,0.9969206645551866
5874,234.96,1,True,261.19943618774414,0.5364209883140795,0.99433206517569
5877,235.08,1,True,278.29060077667236,0.5068655402371378,0.9810460216530283
5880,235.2,1,False,284.2955732345581,0.48292984474789014,0.986348631045233
5883,235.32,1,True,227.08379745483398,0.4526536184729952,0.9990387720870685
5886,235.44,1,True,228.53495836257935,0.43404890009851166,0.9954198065974331
5889,235.56,2,True,152.51203536987305,0.42904014027479925,0.985926528494748
5892,235.68,1,True,344.8368501663208,0.4110264787168214,0.9959432592481532
5895,235.8,1,True,313.07729601860046,0.40268159364209033,0.98448768352248
5898,235.92,0,False,,,0.9932117303085003
5901,236.04,1,True,273.25634121894836,0.3312335339459506,0.9827149235255727
5904,236.16,2,True,277.02380418777466,0.3255081790866274,0.987012139521923
5907,236.28,2,True,259.7606027126312,0.32814569906754926,0.9737833083270971
5910,236.4,1,True,222.85960793495178,0.34006926597970905,0.9882036984392791
5913,236.52,0,False,,,0.9949532949884605
5916,236.64,1,True,271.26550912857056,0.33765138098687836,0.9867779120451349
5919,236.76,1,False,273.7689757347107,0.3465921463388385,0.9906278881481402
5922,236.88,1,True,288.3264183998108,0.37012381264657684,0.9920111959711762
5925,237.0,2,True,217.2429656982422,0.407217722047459,0.978649334660998
5928,237.12,1,True,200.6290626525879,0.4487197317860343,0.9730445913975755
5931,237.24,2,True,213.08730125427246,0.525670430876992,0.9713774922341766
5934,237.36,1,False,265.62289237976074,0.5949426979729624,0.9698635997118576
5937,237.48,0,False,,,0.967162633414682
5940,237.6,1,False,224.05279397964478,0.5919979774590695,0.9575434540638782
5943,237.72,1,False,206.89648389816284,0.5842554352500222,0.9713198674579635
5946,237.84,1,True,194.02149438858032,0.5791275013576854,0.9709680817348144
5949,237.96,1,True,149.47964787483215,0.5697547233465946,0.9872448562960946
5952,238.08,1,True,104.89132404327393,0.5714464657234423,0.9863645360510509
5955,238.2,1,False,95.6176507472992,0.5862316904645978,0.9787668560361146
5958,238.32,1,True,115.32297134399414,0.599441490390084,0.99542415950601
5961,238.44,1,False,95.85737586021423,0.607856091224786,0.988687351245424
5964,238.56,1,True,118.47158432006836,0.6151546221790891,0.9960822089415851
5967,238.68,1,True,80.76142072677612,0.6252729712110577,0.9954858418688951
5970,238.8,1,True,87.75094628334045,0.6346899198763298,0.9962155582551435
5973,238.92,1,True,91.97359085083008,0.6334690939296376,0.9971255863275481
5976,239.04,1,True,81.97932600975037,0.631059857932004,0.997352763724263
5979,239.16,1,True,62.34983682632446,0.6353671008890326,0.9975346595722853
5982,239.28,1,False,94.84276056289673,0.6406346685958632,0.9981031446673577
5985,239.4,1,True,67.30717062950134,0.6412806637359388,0.9958767503877775
5988,239.52,1,True,69.61075901985168,0.6431053461450519,0.996607810592535
5991,239.64,1,True,74.93559837341309,0.6422273552778995,0.9959487904230278
5994,239.76,1,True,67.28064894676208,0.6472454974145601,0.9975313896230983
5997,239.88,1,True,81.02055430412292,0.643824678478819,0.996452658733269
6000,240.0,1,False,67.45442390441895,0.6525240648876537,0.9958513288998733
6003,240.12,1,False,71.99639081954956,0.6552659905318058,0.9942643075512035
6006,240.24,1,False,656.5387845039368,0.3763076802997878,0.5726471580362885
6009,240.36,1,False,491.7221689224243,0.4195657634373867,0.9979856080356563
6012,240.48,1,False,592.6223659515381,0.4458122086344343,0.9979223945675706
6015,240.6,1,False,580.5115163326263,0.41822930177052814,0.9984507477915713
6018,240.72,1,False,544.0073812007904,0.41183848182360333,0.9979220848899725
6021,240.84,1,False,570.61439037323,0.4026557356119156,0.9983185346919872
6024,240.96,1,False,543.9445853233337,0.40897447683594446,0.998827616100572
6027,241.08,1,False,535.783953666687,0.40095564452084625,0.99758083510276
6030,241.2,1,False,604.057137966156,0.4184671545570547,0.9981994856122648
6033,241.32,1,False,483.3152461051941,0.4192862045584303,0.9978255507254564
6036,241.44,1,False,526.4273357391357,0.39878095957365906,0.9977747483671099
6039,241.56,1,False,587.2345054149628,0.4413912215016105,0.9984223752130692
6042,241.68,1,False,600.5030715465546,0.41064569173437176,0.9980310651875564
6045,241.8,1,False,609.2808794975281,0.4007946668249188,0.99804234271028
6048,241.92,1,False,559.1262853145599,0.43301919057513727,0.9983317339153864
6051,242.04,1,False,613.9310896396637,0.4282079880887812,0.9975930802325575
6054,242.16,1,False,581.0444927215576,0.39279644417040277,0.9974774210952666
6057,242.28,2,False,527.9620850086212,0.40091486500971246,0.9972411453614554
6060,242.4,1,False,739.7931146621704,0.3980910647096056,0.997874494947479
6063,242.52,1,False,1188.6698269844055,0.4157029620625756,0.9981112993241911
6066,242.64,1,False,912.961163520813,0.3932014952103297,0.9980089126954259
6069,242.76,1,False,1222.0181393623352,0.4021353396502408,0.9984205137004675
6072,242.88,1,False,1474.466643333435,0.4321081918297392,0.9984636313836264
6075,243.0,1,False,977.5534987449646,0.4174470626043551,0.9975582839954097
6078,243.12,1,False,913.1318807601929,0.3901294627875993,0.9986203046676062
6081,243.24,1,False,1271.1617231369019,0.4055311959801298,0.9978046381734381
6084,243.36,1,False,1254.1476774215698,0.41440454667264764,0.9976342972584478
6087,243.48,1,False,1308.187279701233,0.41521745152545697,0.9969876104683537
6090,243.6,1,False,573.9996385574341,0.39051821511803253,0.9978052984957184
6093,243.72,1,False,806.5736174583435,0.41600433533841913,0.9986424792928853
6096,243.84,1,False,675.7480788230896,0.40918674116784876,0.9989647098251405
6099,243.96,1,False,822.9360151290894,0.4435416536800789,0.9984042844944843
6102,244.08,1,False,676.8364334106445,0.4379836375063116,0.9981459163697499
6105,244.2,1,False,707.5949549674988,0.431310977899667,0.9983853186658762
6108,244.32,1,False,699.2718458175659,0.45065969635139813,0.998087363293703
6111,244.44,1,False,562.6235103607178,0.42389225688847626,0.9979439089196736
6114,244.56,1,False,555.692982673645,0.4314518191597678,0.9977887136951342
6117,244.68,2,False,483.4252595901489,0.29800286572990997,0.2847257991857401
6120,244.8,1,True,451.1801075935364,0.29471743061687006,0.9922617842970167
6123,244.92,1,True,423.69946002960205,0.2903211283864397,0.9946075280065086
6126,245.04,1,True,491.6034007072449,0.31192231133128656,0.9948656854995771
6129,245.16,1,True,423.7128818035126,0.3128041959170139,0.99742161914402
6132,245.28,1,True,405.082848072052,0.3152559327356743,0.9957545630418704
6135,245.4,1,False,414.97923374176025,0.3214896470308304,0.9957638356122525
6138,245.52,1,True,401.97694659233093,0.35434523089365527,0.9953413059378847
6141,245.64,1,True,425.8018183708191,0.3837110318920829,0.9927640029319995
6144,245.76,1,True,428.29714179039,0.4115100223006624,0.9865942226583566
6147,245.88,1,True,419.7320222854614,0.4315369020808827,0.9897301165428097
6150,246.0,1,True,437.9629111289978,0.473837468660239,0.9942457185666232
6153,246.12,1,True,393.6795222759247,0.48590361710750696,0.9949393962287587
6156,246.24,2,False,368.64997386932373,0.8070877627892927,0.9961359427128589
6159,246.36,2,True,301.6262537240982,0.7636685588143088,0.9961329580455444
6162,246.48,2,False,170.05014181137085,0.6941116488341129,0.9965734153093758
6165,246.6,2,False,237.61580228805542,0.6756700476010641,0.9976627973046612
6168,246.72,2,False,199.0285563468933,0.6622569073330272,0.9948402762011485
6171,246.84,2,True,264.49060320854187,0.6723099061937043,0.997238104473132
6174,246.96,1,False,327.8386402130127,0.39514201247330866,0.9985438397999561
6177,247.08,1,False,350.25866746902466,0.36644715341654693,0.9977402365380446
6180,247.2,1,False,284.323832988739,0.3381391257950754,0.9981847024733767
6183,247.32,2,True,325.2489137649536,0.7082628372943762,0.997515640788355
6186,247.44,2,True,298.8761258125305,0.7118563724286628,0.997402339208632
6189,247.56,2,True,316.6270172595978,0.727897564570109,0.995977675872386
6192,247.68,2,True,346.1488366127014,0.7446889642513159,0.9927923478377937
6195,247.8,2,True,366.3396906852722,0.7672354940212134,0.9964456138227953
6198,247.92,2,True,305.41710019111633,0.7843123981446931,0.9962107904588273
6201,248.04,2,True,399.50333297252655,0.7929336771820531,0.9976390224061246
6204,248.16,2,True,405.6191396713257,0.7939959475488374,0.9972224515865892
6207,248.28,2,True,407.10778176784515,0.7850801529306354,0.9988464312847541
6210,248.4,2,True,322.1890711784363,0.7754484523426403,0.9989034861649358
6213,248.52,2,True,392.90400445461273,0.7444936849854209,0.9914302492175125
6216,248.64,1,True,443.3552134037018,0.48362179416598694,0.9975973524269942
6219,248.76,1,True,459.23362255096436,0.4358271522955461,0.9974609201102925
6222,248.88,2,True,462.9765594005585,0.38490706411274994,0.997165655322502
6225,249.0,1,False,477.3349928855896,0.4358562375559951,0.9949417574593004
6228,249.12,1,False,456.05475425720215,0.34395905155124085,0.9966548574692576
6231,249.24,1,True,438.61504197120667,0.3893518303379868,0.9968750119390916
6234,249.36,1,True,544.6817529201508,0.41865335540337995,0.9975970019394181
6237,249.48,1,True,486.2823110818863,0.4279845745274515,0.9962928246602798
6240,249.6,1,True,436.6665995121002,0.44483335000095947,0.996699869366094
6243,249.72,1,True,414.7016090154648,0.4989143745465712,0.9972179332426249
6246,249.84,1,True,345.16693890094757,0.5581944566784482,0.9986955653889692
6249,249.96,1,True,387.20070004463196,0.6120375936681574,0.9970532870569643
6252,250.08,1,False,492.293221950531,0.6535099076502251,0.9979698432077758
6255,250.2,1,False,470.5835348367691,0.6713386665691029,0.9974344655605718
6258,250.32,1,True,469.54447388648987,0.6785822619091381,0.9986726397519835
6261,250.44,1,True,459.6935033798218,0.6669456200166182,0.9988814383743084
6264,250.56,1,True,436.65172934532166,0.6272379232175422,0.9989525598231035
6267,250.68,1,True,401.53666734695435,0.5975662253119729,0.9986746747481042
6270,250.8,1,True,403.84669303894043,0.5634159355452566,0.9987677762472106
6273,250.92,1,True,284.1761773824692,0.5274077680977908,0.9983152219556705
6276,251.04,1,False,406.80918753147125,0.5088743088823376,0.9992659493804409
6279,251.16,1,False,481.4775574207306,0.4603589050697558,0.9991372533918563
6282,251.28,1,True,434.6650815010071,0.44347761977802624,0.9960830360617167
6285,251.4,1,True,403.98799180984497,0.44240436770699243,0.9984172334027637
6288,251.52,1,False,416.6608500480652,0.4323932555588809,0.9953880586165649
6291,251.64,1,True,227.5571644306183,0.45855815121621796,0.9975216061481803
6294,251.76,1,True,399.03236389160156,0.5920457460663535,0.9973128482229248
6297,251.88,1,True,387.30897545814514,0.6276594906142263,0.9955443821324885
6300,252.0,1,False,382.49873399734497,0.6541171164223643,0.9936969680774499
6303,252.12,1,True,374.8429799079895,0.6693339438149424,0.9956381223203742
6306,252.24,1,True,399.8898768424988,0.6716623956506903,0.9922970238376503
6309,252.36,1,True,363.144793510437,0.6635328820257476,0.988085047127162
6312,252.48,1,True,359.46407318115234,0.6420636357683124,0.9843361855074063
6315,252.6,1,True,355.0643062591553,0.6109766436345649,0.9846975804140847
6318,252.72,1,True,325.9088337421417,0.5802655220031738,0.9883042612207116
6321,252.84,1,False,335.82916617393494,0.5586391723517216,0.9835380785840567
6324,252.96,1,True,308.95545959472656,0.5418800801941843,0.990378212408241
6327,253.08,1,True,275.7238554954529,0.5483647891969392,0.9908145547713626
6330,253.2,0,False,,,0.09608109547176784
6333,253.32,1,True,519.9934458732605,0.5539314087593195,0.597264927783756
6336,253.44,1,True,500.68482398986816,0.5589490948301373,0.8776760040317272
6339,253.56,1,True,486.09245896339417,0.560481068762866,0.9045226656809692
6342,253.68,1,True,490.4446220397949,0.5791866670955311,0.9338386533051545
6345,253.8,1,True,547.0693159103394,0.5944441493713495,0.909122222576891
6348,253.92,1,True,526.8824529647827,0.5891286080533807,0.7639005134123987
6351,254.04,1,True,512.4609017372131,0.6100424221067717,0.902278682801907
6354,254.16,1,True,478.8512670993805,0.5638211821064805,0.9597036180617478
6357,254.28,1,False,508.9361572265625,0.552333905841365,0.9471946732105222
6360,254.4,1,False,339.86905574798584,0.5919000488339048,0.8981817642507532
6363,254.52,1,False,488.600013256073,0.5498619476954142,0.8426805436419604
6366,254.64,1,True,491.5006613731384,0.5560631508176977,0.8432250167703023
6369,254.76,1,True,550.886378288269,0.5642870574286489,0.8425568002735498
6372,254.88,1,True,569.0030694007874,0.5507801337675615,0.9378451385374764
6375,255.0,1,False,332.4206471443176,0.5544596224120169,0.9485377319868142
6378,255.12,1,True,522.3792707920074,0.5214951815027179,0.8920632767991358
6381,255.24,0,False,,,0.7790480190648573
6384,255.36,1,False,157.04511880874634,0.5735028205495892,0.8549439313932544
6387,255.48,1,True,489.6531879901886,0.5961035733873193,0.9380136191520627
6390,255.6,1,True,537.8550589084625,0.5860261619091034,0.7911648816248237
6393,255.72,1,True,560.7859826087952,0.5789377391338348,0.8729101782727381
6396,255.84,1,True,576.3570427894592,0.5692539594390176,0.9531656311474118
6399,255.96,1,True,503.33667039871216,0.5611247221628824,0.9761221706945965
6402,256.08,1,False,465.16488790512085,0.5605066662484949,0.9595153561070436
6405,256.2,1,False,505.86028575897217,0.5036456214659142,0.9555521396255825
6408,256.32,1,True,608.4650480747223,0.5324429535504543,0.962071772191589
6411,256.44,1,True,629.0343832969666,0.46932812983339484,0.9582058675202597
6414,256.56,1,True,699.9074006080627,0.4850955768065019,0.9020905701835769
6417,256.68,1,True,658.9861822128296,0.46244488791985944,0.9760563532035188
6420,256.8,1,True,770.6678938865662,0.4706240206053763,0.9764806815265379
6423,256.92,1,True,712.5963842868805,0.4666269475763494,0.9921468129027858
6426,257.04,1,True,704.7593235969543,0.4151795912872661,0.9823601894960691
6429,257.16,1,False,623.9516186714172,0.39437819294857257,0.978693646836766
6432,257.28,1,False,358.8397514820099,0.41751966241634253,0.9437721036456107
6435,257.4,1,False,558.9972496032715,0.4026053656231273,0.9674978940502732
6438,257.52,1,False,564.8135125637054,0.3759377585216002,0.9714540225506046
6441,257.64,1,False,573.3129394054413,0.321176369081844,0.969632870995276
6444,257.76,0,False,,,0.9213508915504155
6447,257.88,1,False,635.0907576084137,0.31223764473741705,0.9457735902619886
6450,258.0,1,False,722.9910171031952,0.24593191255222668,0.9641294682579896
6453,258.12,1,False,803.796501159668,0.2128499218008735,0.9090332938330081
6456,258.24,1,False,738.9976894855499,0.2625660282192808,0.9410226746201542
6459,258.36,1,False,689.7505939006805,0.32288249694939813,0.9716525472210893
6462,258.48,1,True,667.2563767433167,0.3477750863089706,0.8383180867023701
6465,258.6,1,False,1306.528193950653,0.2967971913290746,0.7375276165517828
6468,258.72,1,False,814.1698908805847,0.3047519595446912,0.86659031237651
6471,258.84,1,False,837.1199011802673,0.2594333818238793,0.5867785914010282
6474,258.96,1,False,605.1648688316345,0.28267395022240555,0.7936666782563071
6477,259.08,1,False,366.5967643260956,0.20691948542089172,0.5503388663634442
6480,259.2,1,False,463.21483612060547,0.03734859564539158,0.9986770516841023
6483,259.32,1,False,282.9687166213989,0.1424859045355609,0.0113617479005809
6486,259.44,1,False,456.58917903900146,0.17593475628757116,0.9982379065702373
6489,259.56,2,False,343.4403419494629,0.2341513023429522,0.9980569576406815
6492,259.68,1,False,406.46268367767334,0.28164472272901825,0.9984942239200302
6495,259.8,1,False,274.2565369606018,0.2806033185034087,0.9985225695350458
6498,259.92,1,False,204.65237617492676,0.27961830839966284,0.9990089951108446
6501,260.04,1,False,362.26075887680054,0.28462844409725885,0.9988781571545318
6504,260.16,1,False,310.92926502227783,0.2751060141758485,0.9989901862193791
6507,260.28,1,False,307.42074251174927,0.2825513089245016,0.9987518885751361
6510,260.4,1,False,296.70591831207275,0.26683748174797406,0.9987474359589047
6513,260.52,1,False,274.62339878082275,0.2687024979880362,0.9988602683363336
6516,260.64,1,False,241.0390305519104,0.26529068928776367,0.9990689709800264
6519,260.76,1,False,215.18579721450806,0.254854368892583,0.9992342822316892
6522,260.88,0,False,,,0.9991532730095728
6525,261.0,1,True,230.20350694656372,0.22490429494417075,0.9991091746194857
6528,261.12,0,False,,,0.9990603201411771
6531,261.24,0,False,,,0.9990197710556276
6534,261.36,0,False,,,0.9989081853229602
6537,261.48,1,False,176.8987226486206,0.22921961455634146,0.9989483690747794
6540,261.6,0,False,,,0.9989541021454957
6543,261.72,0,False,,,0.9990937091093527
6546,261.84,0,False,,,0.9989179115098397
6549,261.96,1,False,317.73497343063354,0.19844387245900702,0.998710836120696
6552,262.08,1,False,351.51503562927246,0.2121085524559021,0.9989833063156515
6555,262.2,1,False,319.8276114463806,0.22179291600530798,0.9989687120795561
6558,262.32,0,False,,,0.9987926898096658
6561,262.44,0,False,,,0.9987100074202401
6564,262.56,1,False,256.3560748100281,0.2650722111716415,0.9981691916303503
6567,262.68,1,False,220.75174570083618,0.2549640247316072,0.998820721737583
6570,262.8,0,False,,,0.9979498681144574
6573,262.92,0,False,,,0.9965546858742839
6576,263.04,0,False,,,0.997848736421322
6579,263.16,0,False,,,0.9964185588230342
6582,263.28,0,False,,,0.997281023128878
6585,263.4,0,False,,,0.9972448733356001
6588,263.52,1,True,237.06830978393555,0.1858693997968327,0.995244273282778
6591,263.64,0,False,,,0.9952411626685118
6594,263.76,0,False,,,0.99181370939952
6597,263.88,0,False,,,0.9944056302893695
6600,264.0,0,False,,,0.9712263016038392
6603,264.12,0,False,,,0.9910868324618908
6606,264.24,0,False,,,0.9939237420290509
6609,264.36,1,True,296.17104291915894,0.6718286366173716,0.9891512127095722
6612,264.48,0,False,,,0.991793023794869
6615,264.6,0,False,,,0.9905586861029602
6618,264.72,0,False,,,0.9957500405482173
6621,264.84,0,False,,,0.9941721593893147
6624,264.96,0,False,,,0.9907258280736447
6627,265.08,0,False,,,0.9846901666488534
6630,265.2,0,False,,,0.9792938284303787
6633,265.32,0,False,,,0.9874563891881409
6636,265.44,0,False,,,0.9870912576306174
6639,265.56,0,False,,,0.9925089912527554
6642,265.68,0,False,,,0.9863579807480045
6645,265.8,0,False,,,0.9773738005032626
6648,265.92,0,False,,,0.9877731661259814
6651,266.04,1,True,242.03436613082886,0.37796398997306824,0.9830604100038585
6654,266.16,1,True,234.2647683620453,0.34272961273337854,0.8474603072666338
6657,266.28,1,True,211.83032155036926,0.31424062089486554,0.8946032796236778
6660,266.4,1,True,249.4926881790161,0.27740419272220496,0.8768204702399581
6663,266.52,1,True,290.3282743692398,0.2899997712987842,0.9636485879601646
6666,266.64,0,False,,,0.9629498888602454
6669,266.76,1,True,179.77439403533936,0.3105789468143926,0.9947104805214665
6672,266.88,1,False,186.65770411491394,0.3257783434607766,0.9935078194376556
6675,267.0,1,False,215.59417963027954,0.35621901443510345,0.9926419030871727
6678,267.12,1,False,210.31813502311707,0.36920852101210394,0.9854605188257248
6681,267.24,1,True,207.43873000144958,0.38931909745389764,0.9828698638764742
6684,267.36,2,True,219.66229677200317,0.4021281735463576,0.9320457645687357
6687,267.48,1,True,198.49792957305908,0.4223670480829297,0.9662041706824952
6690,267.6,1,True,189.00715827941895,0.44553201668190234,0.9480373164218334
6693,267.72,2,True,186.7489206790924,0.46464128747130884,0.9723589987663062
6696,267.84,2,True,191.4966881275177,0.4670057775396289,0.954785529783594
6699,267.96,2,True,173.50961208343506,0.4673279343229352,0.9824483515152249
6702,268.08,2,True,151.83483123779297,0.4685961071288947,0.9884462760951525
6705,268.2,1,False,152.97133684158325,0.4725973985411904,0.9891401736746366
6708,268.32,1,False,157.18873500823975,0.47603954419945227,0.9914951536612594
6711,268.44,1,False,138.57147932052612,0.4885323562405326,0.9952410793452673
6714,268.56,1,True,117.51300573348999,0.5006156428293749,0.9955309254930645
6717,268.68,1,False,128.1554102897644,0.5229385711930015,0.9980706645195351
6720,268.8,1,True,114.62246417999268,0.5345022281010946,0.9958708564224249
6723,268.92,1,False,513.3351838588715,0.5279601595618508,0.182819483679224
6726,269.04,1,True,564.1822385787964,0.5773919441483237,0.8896243989482066
6729,269.16,1,True,475.53879261016846,0.621296510551915,0.9425156779307167
6732,269.28,1,True,552.0821070671082,0.6401617274139867,0.932512184794516
6735,269.4,1,True,689.1379880905151,0.6364270448684692,0.7829717724615819
6738,269.52,1,True,534.7280430793762,0.6400173956697638,0.8208263108314631
6741,269.64,1,False,223.1049656867981,0.6186180584358446,0.7211497163288436
6744,269.76,1,False,288.66102933883667,0.627728364684365,0.8625678301192836
6747,269.88,1,True,242.36476063728333,0.7140917308402784,0.8511383918696146
6750,270.0,1,True,395.389301776886,0.7504634911363776,0.8741640594326691
6753,270.12,1,True,443.2555639743805,0.7797240307836821,0.6731793648951068
6756,270.24,1,True,226.53051137924194,0.7494443907882228,0.6230429378644428
6759,270.36,1,True,379.69152331352234,0.6825648094668533,0.8700748856983949
6762,270.48,1,False,350.51585376262665,0.7153949954292991,0.6755950706434721
6765,270.6,1,True,298.3516466617584,0.6861016976110863,0.5106944736709833
6768,270.72,1,True,256.11029863357544,0.7031377517815792,0.8006890682823917
6771,270.84,1,True,445.70576190948486,0.7051636477311453,0.9151895649313243
6774,270.96,1,True,327.6118862628937,0.69661509810072,0.9240679957488768
6777,271.08,0,False,,,0.5633107720023045
6780,271.2,0,False,,,0.8104640065810982
6783,271.32,0,False,,,0.7034645063820348
6786,271.44,1,False,389.65785026550293,0.6749673088391622,0.5026154402839138
6789,271.56,1,False,174.98517036437988,0.6272226219827478,0.45080878939039337
6792,271.68,1,False,246.99520826339722,0.44665697849158087,0.8605045753341146
6795,271.8,1,True,226.0929036140442,0.5405161687822053,0.7456069731379545
6798,271.92,1,True,271.9610595703125,0.4610709123539202,0.9035006561798562
6801,272.04,1,True,204.39903616905212,0.42606252296404407,0.8834833334228669
6804,272.16,1,True,254.2403268814087,0.347372904419899,0.669920407652689
6807,272.28,1,False,364.26172971725464,0.5531786598942496,0.5852626526399796
6810,272.4,1,True,350.40183305740356,0.540129899075537,0.5894524748989585
6813,272.52,1,True,262.91871070861816,0.5166348164731805,0.8681402904600969
6816,272.64,1,True,278.6263704299927,0.4637890774192232,0.42127571820460785
6819,272.76,1,True,232.147958278656,0.4976777768496311,0.5912522478563743
6822,272.88,1,True,339.80416774749756,0.4868504585641803,0.7061319686915781
6825,273.0,1,False,285.0562047958374,0.5536049821160056,0.784116401509591
6828,273.12,1,False,229.1818106174469,0.45867212974663935,0.6176052274912102
6831,273.24,1,True,357.8444802761078,0.5973613478920676,0.09759599845876046
6834,273.36,2,True,373.33224177360535,0.590295515277169,0.9919085525246809
6837,273.48,1,True,365.5269491672516,0.559892683318167,0.9670097654392533
6840,273.6,1,True,505.22698402404785,0.5740867627389503,0.9863691470868617
6843,273.72,1,True,542.7882689237595,0.5401369107492042,0.9944196278625553
6846,273.84,1,True,586.9657158851624,0.5283996101581689,0.9930434107540019
6849,273.96,1,True,459.1893661022186,0.5014279042229508,0.9895446404350023
6852,274.08,2,True,420.0279450416565,0.49065545652851916,0.9922808640535342
6855,274.2,2,True,422.44808077812195,0.49681639671325684,0.9920177025232262
6858,274.32,2,True,488.2492929697037,0.5025154234785022,0.9922333205543287
6861,274.44,2,True,470.5223321914673,0.5012156710480199,0.9937712482638946
6864,274.56,2,True,401.93716406822205,0.4807400306065877,0.9949911259435451
6867,274.68,2,True,384.7283899784088,0.4622742876862035,0.995571039948566
6870,274.8,2,True,404.11020398139954,0.468417280551159,0.9938854987602352
6873,274.92,2,True,411.6076326370239,0.4817638704271028,0.9960490048710873
6876,275.04,2,True,446.90548181533813,0.5048980974789822,0.9963771044558318
6879,275.16,2,True,446.2687039375305,0.5356808232538628,0.9958905700225469
6882,275.28,2,True,428.8941693305969,0.5605543490612146,0.9962595048800623
6885,275.4,2,True,436.19770646095276,0.5839656808159568,0.9966602214359894
6888,275.52,2,True,474.73733246326447,0.6376067219358502,0.9950792832170164
6891,275.64,1,False,523.4630066156387,0.6738660461974867,0.9964791083268472
6894,275.76,2,True,500.97588658332825,0.6632047945802862,0.9962433963916884
6897,275.88,2,True,440.86989998817444,0.6633522673086687,0.9947759185422858
6900,276.0,2,False,413.70937943458557,0.692581447688016,0.9949371096944717
6903,276.12,2,False,420.65316796302795,0.704348927194422,0.9917711893402202
6906,276.24,2,False,414.27302956581116,0.7197589043414954,0.9961975774573212
6909,276.36,2,False,406.7896342277527,0.7342379237666274,0.9970569990492478
6912,276.48,2,False,402.87181198596954,0.7403030792872111,0.9967800333143528
6915,276.6,2,False,399.4546991586685,0.7264226458289407,0.9968093430878092
6918,276.72,2,False,390.7822859287262,0.7111863259113196,0.9975713899727872
6921,276.84,2,False,389.5709627866745,0.6916221073179534,0.9973874008307895
6924,276.96,2,False,372.36251056194305,0.6734566002181082,0.9978976069407696
6927,277.08,2,False,350.0907826423645,0.661667242194667,0.9966070208261775
6930,277.2,2,False,327.3795157670975,0.6606972795544248,0.9966442898783987
6933,277.32,2,False,344.7089731693268,0.6507690187656519,0.9970309395005887
6936,277.44,2,False,329.0685349702835,0.6623795628547668,0.9986252898557768
6939,277.56,2,False,341.3702827692032,0.672479839035959,0.9980856873077595
6942,277.68,2,False,328.7640827894211,0.6860143921592019,0.997219271982577
6945,277.8,2,False,168.76612544059753,0.713741558970827,0.9956358937122572
6948,277.92,2,False,123.00811171531677,0.7429474014224429,0.9960503435072623
6951,278.04,2,False,123.06810736656189,0.778053778590578,0.994821999998985
6954,278.16,1,False,263.46845626831055,0.2573648226080519,0.9983549800544647
6957,278.28,1,True,304.63738203048706,0.25861967558210547,0.9980392418806039
6960,278.4,0,False,,,0.9981241439579136
6963,278.52,1,True,521.8617761135101,0.24839057524998984,0.9984637623692071
6966,278.64,1,True,556.9477736949921,0.29357860350247583,0.9982007798066782
6969,278.76,1,True,512.221691608429,0.37425565177744086,0.9978193244475287
6972,278.88,2,False,456.2530553340912,0.23890645666555924,0.9982119956655332
6975,279.0,2,True,486.4682686328888,0.2314394884037249,0.998078677290541
6978,279.12,2,True,523.8114738464355,0.22680175530188013,0.9973526590642388
6981,279.24,2,True,540.9882062673569,0.22899411934794803,0.9980552612768786
6984,279.36,2,True,549.2340838909149,0.23347703886754584,0.9975719823159023
6987,279.48,2,True,555.9803599119186,0.24078556217930533,0.9958879945760095
6990,279.6,1,False,125.75812697410583,0.6492129979711591,0.0051608641976521406
6993,279.72,2,False,147.27361679077148,0.6528986854986711,0.9999264488604775
6996,279.84,2,False,150.51222324371338,0.6431251312747146,0.9998989158573948
6999,279.96,2,False,200.49490928649902,0.6467693556438793,0.9999394437356204
7002,280.08,2,False,150.76083183288574,0.6525534879077565,0.9999272989936527
7005,280.2,2,False,151.13123416900635,0.6590364322517858,0.9999541690274124
7008,280.32,1,False,141.4360785484314,0.6547505169203787,0.9999535534937509
7011,280.44,1,False,164.78693962097168,0.6575377980868021,0.9999314736840093
7014,280.56,1,False,153.82009506225586,0.6602736892122211,0.9999622859871774
7017,280.68,1,False,151.80853486061096,0.6575320561726888,0.9999460909945171
7020,280.8,1,False,147.91020154953003,0.6560430942159711,0.9999665813439308
7023,280.92,1,False,147.82426357269287,0.6594437288515496,0.9999599356924862
7026,281.04,0,False,,,0.9999518978961575
7029,281.16,0,False,,,0.9999370520140903
7032,281.28,0,False,,,0.9999485279590604
7035,281.4,1,False,871.6134095191956,0.36910201699444745,0.999953172859726
7038,281.52,0,False,,,0.9999416175632455
7041,281.64,1,False,919.5431113243103,0.3643201079332467,0.9999535613048393
7044,281.76,1,False,912.280547618866,0.3645925544428103,0.9999410479448736
7047,281.88,1,False,946.0030603408813,0.3562605566147602,0.9999552266281839
7050,282.0,0,False,,,0.9999553818117412
7053,282.12,0,False,,,0.9999636560632245
7056,282.24,0,False,,,0.999937064726857
7059,282.36,1,False,161.97412848472595,0.41470348925301526,0.9999371981115974
7062,282.48,0,False,,,0.9998575455814339
7065,282.6,0,False,,,0.999945490451498
7068,282.72,0,False,,,0.9998638523318671
7071,282.84,0,False,,,0.9997407114374233
7074,282.96,0,False,,,0.9996446730917148
7077,283.08,0,False,,,0.9997058298278083
7080,283.2,1,False,2112.8554558753967,0.40737332448814856,0.9998447378717426
7083,283.32,1,False,2053.093156814575,0.40108143064108764,0.9998850128513792
7086,283.44,2,False,626.2989163398743,0.3417311735225446,0.00962747728856455
7089,283.56,2,True,758.5301685333252,0.3161356124010953,0.9968346806592279
7092,283.68,2,True,830.8799350261688,0.3143729310144078,0.9982774937304378
7095,283.8,2,True,782.5552725791931,0.34658524800430646,0.9972191202368968
7098,283.92,2,True,827.0235085487366,0.3962954395648205,0.9930409688576728
7101,284.04,1,True,832.4289429187775,0.435480252811403,0.9938702789002535
7104,284.16,1,True,832.4641066789627,0.4954129692279931,0.9897355108152507
7107,284.28,1,True,834.2676615715027,0.5365997209693446,0.988581217520602
7110,284.4,1,True,680.9823131561279,0.5696663648793192,0.9897842120814891
7113,284.52,1,True,724.8507213592529,0.6114731647751548,0.9977153969039773
7116,284.64,0,False,,,0.9980383592245872
7119,284.76,1,True,752.3372268676758,0.5936161622856603,0.9961598265667342
7122,284.88,1,True,870.3685641288757,0.5646609311754053,0.991120986998855
7125,285.0,1,True,806.3755416870117,0.5606692306923143,0.9759169751337273
7128,285.12,1,True,923.3446598052979,0.5076989504424009,0.9939037108203378
7131,285.24,1,True,830.4085636138916,0.4995463553703193,0.978883405199942
7134,285.36,1,False,511.38757824897766,0.5013485523787412,0.983248328540937
7137,285.48,1,False,394.20886158943176,0.4154910914825671,0.9897988801344848
7140,285.6,1,False,858.4959590435028,0.36988932165232574,0.9683005505124699
7143,285.72,2,False,895.0216269493103,0.3919250883839347,0.9672621669123553
7146,285.84,2,False,973.8416540622711,0.3786619391405221,0.9784196418130983
7149,285.96,2,False,1146.3423800468445,0.40362203346960474,0.9837684555748857
7152,286.08,2,False,1073.9128071069717,0.41579453827756824,0.9508699302377381
7155,286.2,1,False,761.9580316543579,0.43691640369819873,0.9107810534063264
7158,286.32,1,False,448.85460019111633,0.4103457589041103,0.9206043774525079
7161,286.44,1,True,545.3864121437073,0.5929217826236378,0.3391124281241737
7164,286.56,1,True,516.7697578668594,0.6672387032797842,0.8086087992062707
7167,286.68,1,True,530.5997371673584,0.5957764107169528,0.8730726701432432
7170,286.8,1,True,573.9318537712097,0.5796858885071494,0.5905041532808366
7173,286.92,0,False,,,0.6815725568498189
7176,287.04,0,False,,,0.9523070274151595
7179,287.16,1,True,507.49149799346924,0.5149575291257916,0.483785025142725
7182,287.28,1,True,502.233864068985,0.49469254594860657,0.9075473125257059
7185,287.4,1,True,488.77201795578003,0.49971044424808386,0.9205940858307486
7188,287.52,1,False,496.8651866912842,0.5341988576181007,0.9764258359460172
7191,287.64,1,False,475.1220738887787,0.5530071673971234,0.7795911397216364
7194,287.76,1,True,523.61452460289,0.5511198079947269,0.8021238296915089
7197,287.88,1,True,528.8392639160156,0.5695457124348843,0.9321112565884273
7200,288.0,1,True,474.30437564849854,0.5762281183040503,0.9433512010887899
7203,288.12,1,True,495.9848213195801,0.5576210103251718,0.9578347844043646
7206,288.24,1,True,492.9392373561859,0.5269327687494683,0.9234679164411601
7209,288.36,1,True,553.0803233385086,0.5374053210923166,0.7543678314937766
7212,288.48,1,True,549.4709926843643,0.5414404860048583,0.7218006227895044
7215,288.6,1,True,552.5755745172501,0.533928040302161,0.9289255524844298
7218,288.72,1,True,511.4370006322861,0.5184057147213907,0.9354852333219384
7221,288.84,1,True,486.4135193824768,0.5381808271913817,0.9104300261775807
7224,288.96,1,False,508.0920660495758,0.542148954037464,0.858586178760527
7227,289.08,1,False,506.38597190380096,0.5428033498200503,0.8696100314072226
7230,289.2,1,False,531.7191678285599,0.5442243272607977,0.8641371841047628
7233,289.32,1,True,482.5939464569092,0.5221155674168558,0.9341276798667503
7236,289.44,1,True,475.7638728618622,0.5067806189710443,0.7806162702811008
7239,289.56,1,True,450.64249634742737,0.5197631779945258,0.8575875605176373
7242,289.68,1,True,568.0881839990616,0.5342970833633885,0.948642437361036
7245,289.8,1,True,535.8635026216507,0.5358742023959304,0.9750451632492289
7248,289.92,1,True,524.792937040329,0.5183764533563093,0.9027005482633393
7251,290.04,1,True,590.3552770614624,0.5356412457697319,0.9308782815239547
7254,290.16,1,True,554.1173565387726,0.5173438426220056,0.9178906406590461
7257,290.28,1,True,568.195429444313,0.5054424910834341,0.9574618238508328
7260,290.4,1,True,511.2451207637787,0.4711672898494836,0.925339463594362
7263,290.52,0,False,,,0.9305757041326644
7266,290.64,1,True,689.9874544143677,0.45239566853552154,0.979127681630747
7269,290.76,1,True,695.5305826663971,0.3994600316791823,0.9631839614868548
7272,290.88,1,True,774.0865194797516,0.42498711744944256,0.9834243681956053
7275,291.0,1,True,794.6975362300873,0.4190801151774146,0.9746898458386172
7278,291.12,1,True,723.857831954956,0.3653825277631933,0.976437477079265
7281,291.24,1,False,810.814608335495,0.3697812950069254,0.9924207598237151
7284,291.36,1,True,866.6215395927429,0.3498830000559489,0.9799289298256363
7287,291.48,2,True,876.6958522796631,0.34587606968301715,0.9939650934166661
7290,291.6,0,False,,,0.3355522003923018
7293,291.72,0,False,,,0.9983801749672028
7296,291.84,1,True,201.2661623954773,0.21349449500893103,0.9986743672544576
7299,291.96,0,False,,,0.9986991762680826
7302,292.08,1,False,321.8930196762085,0.2690793691259442,0.9984646109531743
7305,292.2,1,False,283.2939291000366,0.2526470038926963,0.9985669115970885
7308,292.32,0,False,,,0.9986899539225954
7311,292.44,0,False,,,0.9990221052983175
7314,292.56,0,False,,,0.9988485152102285
7317,292.68,1,True,282.07560539245605,0.38257811828093097,0.9984942898333975
7320,292.8,0,False,,,0.13230948076551083
7323,292.92,0,False,,,0.9836794899948951
7326,293.04,1,False,745.9066843986511,0.11990865929560228,0.9897757016456871
7329,293.16,1,False,860.5874705314636,0.10006389191204851,0.9920668729684727
7332,293.28,0,False,,,0.9908318471813803
7335,293.4,0,False,,,0.9784843502908083
7338,293.52,0,False,,,0.9611268907947401
7341,293.64,0,False,,,0.9816227377071632
7344,293.76,0,False,,,0.9818280101485466
7347,293.88,1,False,235.4884672164917,0.05290552152490074,0.9848956310322048
7350,294.0,1,False,127.65400886535645,0.08369906003953832,0.9619063819983033
7353,294.12,1,True,158.76986503601074,0.0606561748480255,0.9740666854004426
7356,294.24,1,False,207.22304821014404,0.06204028455822757,0.9843002535309674
7359,294.36,1,False,159.65261220932007,0.08588294428067678,0.955806817654504
7362,294.48,0,False,,,0.9619138112346305
7365,294.6,1,False,619.6470272541046,0.25411104162534076,0.9833054620760443
7368,294.72,1,False,425.25546848773956,0.2437952643994129,0.9935114458255592
7371,294.84,1,False,290.3011894226074,0.27671018513766205,0.9877635817912432
7374,294.96,1,False,457.83999502658844,0.335199913066445,0.9936791527728851
7377,295.08,1,False,448.5614937543869,0.3418168570056106,0.9931756650958794
7380,295.2,0,False,,,0.9925382134306939
7383,295.32,0,False,,,0.9909979993724458
7386,295.44,0,False,,,0.994243875153904
7389,295.56,1,True,357.33731746673584,0.09099282595244321,0.17878275373843033
7392,295.68,0,False,,,0.9918243749838679
7395,295.8,0,False,,,0.9942614346189464
7398,295.92,0,False,,,0.99695367611034
7401,296.04,0,False,,,0.9957048357589263
7404,296.16,0,False,,,0.9964248611298938
7407,296.28,0,False,,,0.9975948202075966
7410,296.4,0,False,,,0.7239508262120192
7413,296.52,1,False,212.94471502304077,0.19143866725040204,0.8698343987578053
7416,296.64,1,False,169.66947197914124,0.3660109747539867,0.9206701983836899
7419,296.76,1,False,215.37859439849854,0.36283494396643207,0.9670350581863053
7422,296.88,1,True,210.861314535141,0.3593375366745573,0.9785470008002861
7425,297.0,0,False,,,0.9873044732539765
7428,297.12,1,True,180.76026678085327,0.34149555545864685,0.9830534747308125
7431,297.24,1,True,192.60087847709656,0.3302691009911624,0.9879944793934613
7434,297.36,1,True,113.59079003334045,0.34320191090757196,0.9838534082448381
7437,297.48,0,False,,,0.9756914682021712
7440,297.6,1,False,123.06067228317261,0.3825359552195578,0.9776774235716417
7443,297.72,1,True,271.57301902770996,0.43161973808750964,0.9858192861482535
7446,297.84,1,True,309.50855255126953,0.5042514764901364,0.9560209423331851
7449,297.96,1,False,295.3735899925232,0.5641213095549381,0.961876961457482
7452,298.08,1,False,312.4531674385071,0.6017914504715891,0.9493128758165905
7455,298.2,1,True,288.5304808616638,0.6069459409424753,0.9690237543357169
7458,298.32,2,True,219.51662063598633,0.6020513231104071,0.9569103214070025
7461,298.44,1,False,232.86661863327026,0.6133676622853135,0.9765942172121804
7464,298.56,1,False,187.51640796661377,0.6077363256252173,0.9793037070590104
7467,298.68,1,True,125.4467225074768,0.6194623004306447,0.9873002838469184
7470,298.8,1,False,96.93320989608765,0.6382383758371527,0.9834875870151374
7473,298.92,1,True,135.91763734817505,0.6595998171604041,0.9939735139334848
7476,299.04,1,True,152.33410835266113,0.6709663091283856,0.9955775502732382
7479,299.16,1,True,147.04322576522827,0.690425941438386,0.9947995073603396
7482,299.28,1,True,541.2286233901978,0.6346165050159801,0.17718368584158045
7485,299.4,1,True,604.6284806728363,0.6546422098622178,0.8860010113824435
7488,299.52,1,True,586.4590036869049,0.6771147395625259,0.9461427197890687
7491,299.64,1,True,634.7908115386963,0.6952335744193106,0.9646430663503489
7494,299.76,1,True,585.7766497135162,0.7046569007815737,0.8147961872728474
7497,299.88,1,False,626.9134050607681,0.6358286539713541,0.8642365401862435
7500,300.0,1,True,429.69303846359253,0.7268211877707279,0.8744243251846114
7503,300.12,2,False,247.9773473739624,0.7233359037023602,0.8214332724115613
7506,300.24,2,False,137.0157766342163,0.6971401608351505,0.955780175090524
7509,300.36,2,False,196.59498274326324,0.6783269228357257,0.9550612986855733
7512,300.48,2,True,300.2737605571747,0.636685969251575,0.9018858820584366
7515,300.6,2,False,199.89062368869781,0.6699342492854956,0.6769139196957473
7518,300.72,1,False,251.38536751270294,0.5874024584437861,0.742842972692306
7521,300.84,1,False,281.8000566959381,0.7141775759783658,0.8496505020283741
7524,300.96,1,True,304.84540343284607,0.7151215961485198,0.650949102377242
7527,301.08,1,False,303.80709886550903,0.631571094195048,0.8699558338593084
7530,301.2,1,False,470.35212993621826,0.665655381751783,0.5018746052725038
7533,301.32,1,False,382.52766966819763,0.7663411678689899,0.7972705513297422
7536,301.44,1,False,445.66451489925385,0.7823648543068857,0.8649033460549136
7539,301.56,1,False,402.3280692100525,0.7454324834274523,0.778783501346753
7542,301.68,1,False,283.2648968696594,0.7129526716290098,0.9518940103348786
7545,301.8,1,False,486.8330383300781,0.7370555093794158,0.661890679340668
7548,301.92,1,False,377.2881889343262,0.7466837709600275,0.8681422944185688
7551,302.04,1,True,504.51910614967346,0.7579746607578162,0.6836907351673576
7554,302.16,0,False,,,0.653890065048101
7557,302.28,1,False,294.9679434299469,0.7332715446298773,0.6646895002736461
7560,302.4,1,False,299.4812321662903,0.70808330449191,0.6670181863371601
7563,302.52,2,True,400.8413100242615,0.662696153828592,0.5814431909943736
7566,302.64,2,True,268.73465180397034,0.6180810034275055,0.8896085461928527
7569,302.76,1,False,429.731662273407,0.7370928020188303,0.7123692272119903
7572,302.88,1,False,313.7687909603119,0.7351892825328943,0.7498078915747807
7575,303.0,1,False,289.40955877304077,0.7525675947015936,0.7172783514834741
7578,303.12,0,False,,,0.944877556636845
7581,303.24,1,False,223.2003664970398,0.7008031173185869,0.9113638715874822
7584,303.36,0,False,,,0.7475646191858855
7587,303.48,0,False,,,0.7495149705499033
7590,303.6,1,False,198.64556908607483,0.703121798508095,0.46245887733604896
7593,303.72,1,False,247.69062995910645,0.6625999257420049,0.8419149147576372
7596,303.84,1,True,250.3201711177826,0.659625976374655,0.35747230407071673
7599,303.96,0,False,,,0.03581993299657875
7602,304.08,0,False,,,0.9981684877570832
7605,304.2,0,False,,,0.9986582677746577
7608,304.32,0,False,,,0.998584800979816
7611,304.44,0,False,,,0.9985422163227894
7614,304.56,1,False,184.90756273269653,0.8835666269967051,0.9988537151109356
7617,304.68,0,False,,,0.9989613301322436
7620,304.8,0,False,,,0.9987221668847187
7623,304.92,0,False,,,0.9993184536383304
7626,305.04,0,False,,,0.9990715913967695
7629,305.16,0,False,,,0.9988616479564528
7632,305.28,0,False,,,0.9991108391475527
7635,305.4,0,False,,,0.998954700202344
7638,305.52,0,False,,,0.9988235354073833
7641,305.64,0,False,,,0.9986346746336476
7644,305.76,0,False,,,0.9987368341831602
7647,305.88,0,False,,,0.99882580626182
7650,306.0,0,False,,,0.997411348357857
7653,306.12,0,False,,,0.9985829480375129
7656,306.24,0,False,,,0.9987106122061138
7659,306.36,0,False,,,0.9985606425559258
7662,306.48,0,False,,,0.996782178879256
7665,306.6,0,False,,,0.9989260955937026
7668,306.72,0,False,,,0.9989663924652135
7671,306.84,0,False,,,0.9978234897274939
7674,306.96,0,False,,,0.996384117100595
7677,307.08,0,False,,,0.9973879747713486
7680,307.2,0,False,,,0.9946300462632882
7683,307.32,0,False,,,0.9948657753122644
7686,307.44,0,False,,,0.9957983468852382
7689,307.56,0,False,,,0.9945304997945082
7692,307.68,1,True,271.92320823669434,0.5410206913948059,0.989521047692182
7695,307.8,1,True,318.92329931259155,0.6027889576825228,0.991522705620562
7698,307.92,1,True,326.30566120147705,0.6650322802139051,0.9857739966132076
7701,308.04,0,False,,,0.9845284277261626
7704,308.16,0,False,,,0.9948505367211332
7707,308.28,0,False,,,0.9891149866317575
7710,308.4,0,False,,,0.9903025635741892
7713,308.52,0,False,,,0.9932737598315083
7716,308.64,0,False,,,0.9874044280826337
7719,308.76,1,False,434.7707176208496,0.657433240702658,0.9676239998337884
7722,308.88,0,False,,,0.9650950972108328
7725,309.0,1,False,341.4320969581604,0.5338063474857446,0.9740095176261961
7728,309.12,1,False,197.72950887680054,0.4745919198700876,0.9832465705662283
7731,309.24,2,False,158.43712091445923,0.43139372901483014,0.9767753242792282
7734,309.36,1,False,132.64002084732056,0.39184901840759045,0.9631608006217234
7737,309.48,1,False,77.98211574554443,0.3592085495139613,0.9543938538807145
7740,309.6,1,False,59.14367437362671,0.3157623184449745,0.9793411291177371
7743,309.72,1,False,66.2436318397522,0.28648794961698126,0.9876870841993949
7746,309.84,2,True,106.5099835395813,0.2656385979869149,0.9592770006585342
7749,309.96,2,False,147.61923551559448,0.26809937664956757,0.9323703113660493
7752,310.08,1,True,275.9570789337158,0.2389492324807427,0.9589715064294626
7755,310.2,1,True,290.91344118118286,0.2857637825337323,0.9744749566794346
7758,310.32,0,False,,,0.977862706943313
7761,310.44,0,False,,,0.9797911450660813
7764,310.56,0,False,,,0.9887459039496078
7767,310.68,0,False,,,0.9916296198740914
7770,310.8,0,False,,,0.9850272461399819
7773,310.92,0,False,,,0.9917039980809301
7776,311.04,0,False,,,0.9948905593349276
7779,311.16,1,True,743.0710208415985,0.5705561872684595,0.05754758563646072
7782,311.28,1,False,742.3978078365326,0.47797342773639795,0.9675603243026801
7785,311.4,1,False,823.9413285255432,0.36242281487493805,0.957933698999879
7788,311.52,2,False,670.4564237594604,0.28333620275511884,0.9731827866096693
7791,311.64,2,False,638.8880896568298,0.2991113089250796,0.9874239970618678
7794,311.76,1,False,581.6250729560852,0.3026437104651422,0.9551570890796007
7797,311.88,1,False,552.3420131206512,0.24864585200945535,0.9598399286336458
7800,312.0,1,False,860.8864510059357,0.42124489175550867,0.9515152145242795
7803,312.12,1,True,934.5933938026428,0.38315674188462173,0.9230382747071215
7806,312.24,1,False,522.7232158184052,0.36253193336905853,0.9614162440471241
7809,312.36,2,False,229.22326683998108,0.5914403254335577,0.9255884833363179
7812,312.48,2,False,483.50109100341797,0.6684239858930762,0.9024788725496979
7815,312.6,2,False,501.2623143196106,0.6969698161789866,0.8982859153307119
7818,312.72,2,False,235.67704796791077,0.735600112062512,0.9353046942967805
7821,312.84,1,False,547.1359741687775,0.6290508337093123,0.9293001045764597
7824,312.96,1,False,2114.802031517029,0.5908637471271284,0.9443887084392316
7827,313.08,1,False,1588.3989644050598,0.5065136163523702,0.9182463430737766
7830,313.2,2,False,1866.5166592597961,0.4535745752580238,0.9570882147462799
7833,313.32,1,False,583.6695599555969,0.648849120645812,0.2844608726833068
7836,313.44,2,False,503.63349437713623,0.6280267762415337,0.8550368701109883
7839,313.56,1,True,430.92500925064087,0.657813133615436,0.6093704152273443
7842,313.68,0,False,,,0.8339583809360495
7845,313.8,0,False,,,0.7591934956433494
7848,313.92,1,False,429.1235947608948,0.6928412534973838,0.7793915574246585
7851,314.04,1,True,445.09515166282654,0.7142974517562173,0.8883215862561612
7854,314.16,1,True,497.09641456604004,0.7242376533421603,0.9437375961284131
7857,314.28,1,True,488.5369920730591,0.7343070019375194,0.9080175090053823
7860,314.4,1,True,500.8705723285675,0.7403411052443765,0.7795182666654463
7863,314.52,1,True,426.034140586853,0.7179417989470742,0.9246552345650312
7866,314.64,1,True,462.2701621055603,0.7304933107260502,0.9371088432830522
7869,314.76,1,True,457.87052392959595,0.7223242738030173,0.9842285574855227
7872,314.88,1,False,435.62050580978394,0.708260203852798,0.9525873281797179
7875,315.0,1,True,460.9498393535614,0.7161866137475679,0.8567733537733185
7878,315.12,1,True,446.15508556365967,0.7463192271463799,0.8098171714772183
7881,315.24,1,True,493.96589040756226,0.6985970609115831,0.8555746160801313
7884,315.36,1,False,411.9119882583618,0.6786236799124515,0.9376509877698295
7887,315.48,1,False,403.06398153305054,0.675809919834137,0.943184876829167
7890,315.6,1,False,167.89052367210388,0.6333991614255038,0.9308696925702655
7893,315.72,1,False,276.5884494781494,0.6537994941075643,0.8600787472574598
7896,315.84,1,False,277.0213580131531,0.6386436765844171,0.9059198471754322
7899,315.96,1,True,353.1044375896454,0.6186123725139734,0.8869503085290799
7902,316.08,1,True,499.2251658439636,0.6458639574773384,0.8612060659438513
7905,316.2,1,True,559.9451100826263,0.6426708662148678,0.9110079865725056
7908,316.32,1,True,492.23174571990967,0.6133826772371928,0.8883535945402213
7911,316.44,2,True,500.53517282009125,0.5901872732422568,0.9917912921405175
7914,316.56,1,True,476.26801013946533,0.5611826506527987,0.9503772377562034
7917,316.68,2,True,552.0893812179565,0.5444815944541584,0.9788003689649118
7920,316.8,1,True,532.903003692627,0.5210098299113187,0.9565427375520219
7923,316.92,1,True,560.2612298727036,0.5253394191915338,0.9614870502623247
7926,317.04,1,True,533.3259665966034,0.5091753936175144,0.9586812569095777
7929,317.16,1,True,523.8691842556,0.48305801550547284,0.9408756057274082
7932,317.28,1,True,554.3472003936768,0.4785841775662971,0.9919623391950831
7935,317.4,1,True,591.9834637641907,0.4340978544769865,0.9637633591570137
7938,317.52,1,False,602.2313261032104,0.40614122874809033,0.9811053375544562
7941,317.64,1,True,645.4113614559174,0.41069229353557934,0.9881627032750461
7944,317.76,1,True,721.4528238773346,0.4221678123329625,0.9706358141503957
7947,317.88,1,True,727.2016561031342,0.41794267974116583,0.950225169856124
7950,318.0,1,True,725.6166315078735,0.41872803099227673,0.984866358857424
7953,318.12,1,True,852.0168149471283,0.4703433188525113,0.9904205391751489
7956,318.24,1,True,833.7538039684296,0.4797494745615757,0.993742306210452
7959,318.36,1,True,945.2446174621582,0.44293453747575934,0.983094525487173
7962,318.48,1,True,715.6041812896729,0.4162015942010013,0.9843843925028766
7965,318.6,1,False,574.1882514953613,0.4564626090454333,0.9860252076243529
7968,318.72,1,False,690.9184491634369,0.4450108264431809,0.9516375624414194
7971,318.84,1,True,695.8124399185181,0.40502530246069934,0.9113554802127408
7974,318.96,1,True,912.0043551921844,0.3580872046224999,0.9054777738287002
7977,319.08,1,False,1132.5414490699768,0.35061971120762103,0.8027693336523801
7980,319.2,1,False,1139.8923003673553,0.3608461507793629,0.8263665558705104
7983,319.32,1,False,692.5668811798096,0.4064229537140239,0.4923063671751523
7986,319.44,1,False,540.4678308963776,0.46125410903583874,0.9405224705256476
7989,319.56,2,False,533.4675550460815,0.4478139466408527,0.6539867965721136
7992,319.68,2,False,760.6218409538269,0.5569201888460101,0.9300470541260747
7995,319.8,1,False,546.7663443088531,0.41202884822180774,0.06743554623932613
7998,319.92,1,False,617.927817106247,0.5636330380132704,0.9993397168103093
8001,320.04,2,False,447.41251587867737,0.5707996008974133,0.9987458563117855
8004,320.16,1,False,305.80440044403076,0.6082438627878824,0.9991333376303633
8007,320.28,1,False,258.7414973974228,0.615381425077265,0.9975121992884572
8010,320.4,1,False,174.93248105049133,0.6045173442724979,0.994399001475718
8013,320.52,1,False,203.3208042383194,0.5919128484798201,0.9951393543936801
8016,320.64,1,False,160.02823680639267,0.5186233601786874,0.9917903166411745
8019,320.76,1,False,244.69194173812866,0.4997320238387946,0.9972731455765808
8022,320.88,1,False,170.95663860440254,0.45391086466384656,0.9903443323803323
8025,321.0,1,False,173.01194429397583,0.511541875925931,0.9943965344238292
8028,321.12,2,False,152.16912031173706,0.5354083469419768,0.9932516710457756
8031,321.24,2,True,174.51292991638184,0.5572902704730178,0.9957886032308823
8034,321.36,1,True,171.1464786529541,0.5515755866513108,0.9945501367666124
8037,321.48,1,True,166.28158450126648,0.5483888947602474,0.9918399437634017
8040,321.6,1,True,182.31069087982178,0.5476618824583112,0.9994245270661789
8043,321.72,1,True,202.54538297653198,0.5239293548193845,0.9991973423571152
8046,321.84,1,True,202.3861563205719,0.5039835662552805,0.9990452836381318
8049,321.96,2,False,207.34822154045105,0.48873357971509296,0.9932862426975296
8052,322.08,0,False,,,0.9958144514404836
8055,322.2,0,False,,,0.9974971334623419
8058,322.32,0,False,,,0.989598231756022
8061,322.44,0,False,,,0.9810483351340825
8064,322.56,1,False,43.67909520864487,0.8468556909850149,0.834218114320372
8067,322.68,0,False,,,0.9840915610065523
8070,322.8,0,False,,,0.9956739185618287
8073,322.92,1,True,124.26998376846313,0.41169961112918274,0.998534894766855
8076,323.04,1,True,169.5157492160797,0.39629192063302704,0.9983359768949204
8079,323.16,1,True,167.15280890464783,0.4051153361797333,0.9983222210674801
8082,323.28,1,False,158.10617923736572,0.4058625887740742,0.9961734663773979
8085,323.4,1,True,159.57185626029968,0.4094481215332494,0.9990676403024019
8088,323.52,1,True,172.79832243919373,0.41419667186159076,0.9974868037732573
8091,323.64,1,True,178.00159335136414,0.4387987879189578,0.9963289174674554
8094,323.76,1,False,117.69299268722534,0.4743492233030724,0.9717248958022505
8097,323.88,1,False,125.02215027809143,0.5055272082487742,0.9840698857960334
8100,324.0,1,False,152.16203927993774,0.5396892455491152,0.9769866365100617
8103,324.12,1,True,181.69431924819946,0.5768144528071085,0.9882866625908738
8106,324.24,1,True,211.86537265777588,0.6039193868637085,0.9910648828302566
8109,324.36,1,True,209.59126710891724,0.6201954971660267,0.9960919638037485
8112,324.48,1,True,646.5522766113281,0.4263603687286377,0.062469175838838806
8115,324.6,1,True,727.7688789367676,0.4814226004210385,0.9966042678156661
8118,324.72,1,True,778.9587199687958,0.5238770264567751,0.9954853538782585
8121,324.84,1,True,701.8187803030014,0.5440736900676381,0.9937461151003538
8124,324.96,1,True,641.9515371322632,0.559209487654946,0.9974483924786598
8127,325.08,1,False,569.5611834526062,0.5655883397116805,0.9970675630760196
8130,325.2,1,True,579.6032130718231,0.5781620289340164,0.995605100389693
8133,325.32,1,True,566.3917779922485,0.5820383610147418,0.9946685821347564
8136,325.44,1,True,572.9558300971985,0.5445355890375195,0.997531367839653
8139,325.56,1,True,527.9817509651184,0.5024614370230472,0.9952110541206748
8142,325.68,1,True,604.7305119037628,0.45996857953794074,0.996512981845608
8145,325.8,1,True,455.4310441017151,0.4419585105144616,0.9990636752864315
8148,325.92,1,False,523.0445981025696,0.4242256789496451,0.9932572635248418
8151,326.04,1,False,609.4057631492615,0.40243741689306317,0.9975609490529188
8154,326.16,1,False,432.26577043533325,0.40361571402260754,0.998589201883286
8157,326.28,1,False,555.5754375457764,0.40177158243728406,0.9982096089600705
8160,326.4,1,True,636.4933490753174,0.43351138721812854,0.9985966242195395
8163,326.52,1,True,642.6777935028076,0.48787793968663073,0.9988860977082907
8166,326.64,1,True,670.7450723648071,0.536835104227066,0.9988111845593357
8169,326.76,1,True,700.0127148628235,0.5896025950258429,0.9953125479166803
8172,326.88,1,False,548.0875039100647,0.6033778136426752,0.9982253171019426
8175,327.0,1,False,478.83424043655396,0.6149015119581511,0.9987701337062102
8178,327.12,1,False,573.0096459388733,0.6136387640779669,0.9975260451309877
8181,327.24,1,True,650.4803824424744,0.586341097499385,0.9972556405203136
8184,327.36,1,True,628.721272945404,0.5559997865647981,0.9957794330236946
8187,327.48,1,True,574.4784450531006,0.5144426235646913,0.991512419091743
8190,327.6,1,True,596.8795466423035,0.4879539663141424,0.9906879433237556
8193,327.72,1,True,574.4838362932205,0.47398095510222693,0.9675869437890638
8196,327.84,1,False,626.3549852371216,0.4537273049354553,0.9928432103175115
8199,327.96,1,True,644.2127519845963,0.4334355818502831,0.9874120264076445
8202,328.08,1,False,614.0829133987427,0.4747838621789759,0.9876644732470314
8205,328.2,1,True,637.0611190795898,0.513852981003848,0.9249025311428033
8208,328.32,1,True,630.1356768608093,0.5105473074046049,0.9492832300619777
8211,328.44,1,True,645.0428259372711,0.4926046178196416,0.9416838263746637
8214,328.56,2,True,512.2022187709808,0.5211074812845751,0.6863021405049674
8217,328.68,2,True,473.8347101211548,0.496850643194083,0.9617667011996331
8220,328.8,1,True,496.23309195041656,0.5195107089750695,0.9731421219279318
8223,328.92,1,True,469.0270757675171,0.534754272663232,0.9750134510921024
8226,329.04,1,False,477.20190167427063,0.5258157488071558,0.984007304407407
8229,329.16,1,True,476.51127576828003,0.5384951387390946,0.9932846791639588
8232,329.28,1,True,509.34685707092285,0.5588924406152783,0.9913097454615596
8235,329.4,1,True,509.711594581604,0.5504016370484324,0.9956459286228128
8238,329.52,1,True,457.0141053199768,0.5128160715103149,0.9866778985904603
8241,329.64,1,True,472.691992521286,0.4901610360001073,0.9920588648530746
8244,329.76,1,True,490.1933741569519,0.4753355329686945,0.9968180058501992
8247,329.88,1,True,507.43948459625244,0.4601601308042353,0.9957265046883249
8250,330.0,1,True,434.6916353702545,0.447294988415458,0.9870911364000181
8253,330.12,1,True,423.94468903541565,0.4655778805414836,0.983267151911499
8256,330.24,1,True,456.0768985748291,0.4832872540661783,0.9766330646865439
8259,330.36,1,True,458.7184774875641,0.4834411351969748,0.9575972563988336
8262,330.48,1,True,454.1758507490158,0.4565129234935298,0.9665935756889763
8265,330.6,1,True,434.33310985565186,0.4552435197613456,0.9483181871272077
8268,330.72,1,True,470.82554519176483,0.4764877584847537,0.9595237119215279
8271,330.84,1,True,482.6896369457245,0.5299300741065632,0.9774031903440501
8274,330.96,1,True,416.75885796546936,0.59170791145527,0.8893660692595969
8277,331.08,1,True,395.5920445919037,0.6699095783811627,0.9581944509989814
8280,331.2,1,True,393.00299406051636,0.7321386283094232,0.9360476112207691
8283,331.32,1,False,362.52336859703064,0.752787293809833,0.9709119951458797
8286,331.44,1,True,326.26845359802246,0.7085333303971724,0.91779207776619
8289,331.56,1,True,337.7405619621277,0.7156058911121252,0.930296110318381
8292,331.68,1,True,300.72089552879333,0.6844499653035944,0.958218401063945
8295,331.8,1,True,278.41175079345703,0.6567879246942925,0.9589543133772445
8298,331.92,1,False,261.0673427581787,0.6270797577771273,0.9389636660969005
8301,332.04,1,True,275.1410222053528,0.587927343267383,0.9587525633351542
8304,332.16,1,True,274.6070158481598,0.5492286068020444,0.9621695526937832
8307,332.28,1,True,285.7613790035248,0.528983142339822,0.9801871581506354
8310,332.4,1,True,317.9257106781006,0.5240564517902605,0.9658922496569059
8313,332.52,1,True,349.8264670372009,0.5370564740715604,0.9813111745592069
8316,332.64,1,True,312.333562374115,0.5346365616177068,0.9611759234235946
8319,332.76,1,True,408.2527685165405,0.5157541605559263,0.9745935142070437
8322,332.88,1,True,477.1773433685303,0.4851739993601134,0.9692308984809896
8325,333.0,2,True,426.03108286857605,0.5029473774360887,0.9421447863974524
8328,333.12,1,True,436.01009130477905,0.5327592067646257,0.9198105810324777
8331,333.24,1,True,497.9748487472534,0.5432845037994962,0.9620579230817066
8334,333.36,0,False,,,0.9071912634653402
8337,333.48,1,False,506.11584663391113,0.5862276987595991,0.8759898418895935
8340,333.6,1,True,657.208456993103,0.5562722845511003,0.9503476435791748
8343,333.72,1,False,691.308581829071,0.5757088688286868,0.922583504293383
8346,333.84,1,False,436.73621892929077,0.6077822013334795,0.8751730538753858
8349,333.96,1,False,521.8574631214142,0.6599275758772185,0.7970941635270463
8352,334.08,1,False,522.1113181114197,0.631596995122505,0.9212894452606664
8355,334.2,1,False,388.60860228538513,0.5742967191970709,0.7957918640794333
8358,334.32,1,True,334.195636510849,0.5109414259592692,0.8649533004705675
8361,334.44,0,False,,,0.8095681070835414
8364,334.56,0,False,,,0.06485066382462776
8367,334.68,0,False,,,0.9977323827642169
8370,334.8,0,False,,,0.9976516087482037
8373,334.92,0,False,,,0.9981608764034093
8376,335.04,0,False,,,0.998470338543091
8379,335.16,0,False,,,0.9983270073777062
8382,335.28,1,False,274.4576382637024,0.8356596086964463,0.9987766848256953
8385,335.4,1,True,267.36019134521484,0.6734493121956334,0.9980407990649969
8388,335.52,2,True,259.61721181869507,0.6897799155928872,0.998410633650382
8391,335.64,2,True,273.49236488342285,0.7069913835236521,0.9985083954730171
8394,335.76,2,True,270.5984115600586,0.7239142240899982,0.9979074116226784
8397,335.88,2,False,273.8697838783264,0.7381909868933938,0.9987623524032857
8400,336.0,2,False,279.7058415412903,0.743151711695122,0.9985290891505103
8403,336.12,2,False,261.65584087371826,0.7600979245070255,0.9986209546451916
8406,336.24,2,False,246.6299557685852,0.7713915777928901,0.998822163209774
8409,336.36,2,False,249.8919939994812,0.7791016788193674,0.9988407411972706
8412,336.48,1,False,467.3417901992798,0.7823326045816595,0.9984699035125969
8415,336.6,1,False,477.97260761260986,0.796287148287802,0.9948578506170815
8418,336.72,1,False,495.0189685821533,0.8187827883344708,0.9965918066502797
8421,336.84,1,False,504.0436792373657,0.8524839354283882,0.9966928616177231
8424,336.96,1,False,547.7940273284912,0.901433552756454,0.9978488585418885
8427,337.08,1,False,397.1432089805603,0.9630334575970968,0.9945260761324913
8430,337.2,0,False,,,0.9938948618483593
8433,337.32,0,False,,,0.9947987277507413
8436,337.44,0,False,,,0.9938765519530512
8439,337.56,0,False,,,0.9935200784206732
8442,337.68,0,False,,,0.993670328840824
8445,337.8,0,False,,,0.9956912306799637
8448,337.92,0,False,,,0.992219152464994
8451,338.04,0,False,,,0.9877538888622897
8454,338.16,0,False,,,0.99079494442774
8457,338.28,0,False,,,0.9471272742425383
8460,338.4,1,True,315.50325751304626,0.41180212569959235,0.9749408101597301
8463,338.52,0,False,,,0.9858949522719649
8466,338.64,0,False,,,0.9868838471442889
8469,338.76,1,False,148.1828212738037,0.31076873567971314,0.9852529686237947
8472,338.88,1,True,140.54711937904358,0.43079282478852704,0.98435920705009
8475,339.0,0,False,,,0.9886002883130843
8478,339.12,1,False,82.47177958488464,0.5918207782687563,0.9912454288977226
8481,339.24,1,False,97.64367878437042,0.713083231087887,0.9901944602533541
8484,339.36,0,False,,,0.9902606331782808
8487,339.48,0,False,,,0.9934890941600101
8490,339.6,0,False,,,0.9896684113941109
8493,339.72,0,False,,,0.9898780018498132
8496,339.84,0,False,,,0.9828780067108334
8499,339.96,0,False,,,0.9908262853779706
8502,340.08,0,False,,,0.40643827873252053
8505,340.2,0,False,,,0.6469343311359547
8508,340.32,0,False,,,0.9701798716998001
8511,340.44,0,False,,,0.9913881742920908
8514,340.56,0,False,,,0.9971386761575167
8517,340.68,0,False,,,0.9928976600833372
8520,340.8,0,False,,,0.9956654465277838
8523,340.92,0,False,,,0.9986590572165792
8526,341.04,0,False,,,0.9989243254411084
8529,341.16,1,True,446.08111694455147,0.38533578858231055,0.9969797585589427
8532,341.28,0,False,,,0.9968225545393627
8535,341.4,1,False,707.3984885215759,0.5359221543326522,0.998914493543013
8538,341.52,1,False,736.8425452709198,0.5601171282204714,0.9961135437196689
8541,341.64,1,False,792.0477819442749,0.5796495116118229,0.995907282273368
8544,341.76,1,True,821.876403093338,0.5954360040751371,0.9951272751242162
8547,341.88,0,False,,,0.9952400122586045
8550,342.0,1,True,858.0978602170944,0.5320479779532461,0.9701334180082394
8553,342.12,1,True,913.1471693515778,0.5057938794294993,0.9718250221000885
8556,342.24,1,True,692.334076166153,0.4534376651951761,0.9754381667945278
8559,342.36,1,True,511.9878727197647,0.4218417433175174,0.9739959493194958
8562,342.48,1,False,671.4874541759491,0.3247616629708897,0.9700824817238312
8565,342.6,2,False,496.2251901626587,0.26387225497852673,0.9795035735228773
8568,342.72,1,True,799.9515008926392,0.21234812768119754,0.9816568908242902
8571,342.84,1,False,908.8539719581604,0.2598891540458708,0.9808591160208636
8574,342.96,1,False,753.3828377723694,0.2740037057435874,0.9880775281184462
8577,343.08,1,False,893.1000280380249,0.22779493011308438,0.9727488146382705
8580,343.2,1,False,1074.3857717514038,0.3439249021537376,0.9639564678811692
8583,343.32,1,False,847.3996603488922,0.35593243936697644,0.8899379344194083
8586,343.44,2,False,910.3617811203003,0.2957611327821558,0.8757020552917507
8589,343.56,1,False,384.4447946548462,0.5644564086740668,0.0743842478865649
8592,343.68,2,False,359.1257929801941,0.4914155900478363,0.9753516418033116
8595,343.8,2,False,390.81529319286346,0.4566246478846579,0.8144886231184958
8598,343.92,2,False,310.49394249916077,0.38055852913495264,0.846715228517157
8601,344.04,2,False,363.51181626319885,0.2936261774915637,0.9279764511277698
8604,344.16,2,False,257.60735750198364,0.4227224945118933,0.9587297584756829
8607,344.28,2,False,588.8713502883911,0.5117934531334675,0.9855704294496077
8610,344.4,2,False,532.5284171104431,0.4509295920530955,0.9534424040817782
8613,344.52,2,True,541.0212135314941,0.5284875757766493,0.8893795556775939
8616,344.64,2,False,419.30110931396484,0.5128986794840206,0.8188758580990456
8619,344.76,2,False,368.595095872879,0.5020469896721117,0.8565795212390626
8622,344.88,2,False,363.72650027275085,0.44677881490100513,0.9287761652117431
8625,345.0,1,False,462.94878244400024,0.5663177750327371,0.9424016168596236
8628,345.12,1,True,471.21736764907837,0.601231985019915,0.9699617823507011
8631,345.24,1,False,90.18958926200867,0.6211769580841064,0.8601771497320765
8634,345.36,1,True,517.1244210004807,0.62203315893809,0.9217018445970451
8637,345.48,1,True,496.42316937446594,0.6024765263904225,0.9340710180005456
8640,345.6,0,False,,,0.9116181390481524
8643,345.72,1,True,557.7712976932526,0.5560478712573196,0.8301060843503949
8646,345.84,1,False,400.2079439163208,0.5564007506226049,0.8697607573306715
8649,345.96,1,True,475.31899094581604,0.542664680517081,0.9491714932949191
8652,346.08,1,True,430.6409955024719,0.5616802699638136,0.9617995967359093
8655,346.2,1,True,547.0821261405945,0.5635661627307083,0.9724678480033812
8658,346.32,1,True,565.7105827331543,0.606536070505778,0.9494510718526104
8661,346.44,1,False,465.8114504814148,0.5928247155565204,0.9603608761696829
8664,346.56,0,False,,,0.9589560884448911
8667,346.68,1,True,462.3118758201599,0.5443477675770269,0.9954891550788344
8670,346.8,1,True,563.5119545459747,0.5300279485456871,0.985985668937094
8673,346.92,1,True,570.4910516738892,0.49214831175226154,0.9784157744430773
8676,347.04,1,True,583.3377814292908,0.5104742546876272,0.9866848097539275
8679,347.16,1,True,593.7715208530426,0.46077993150913354,0.9779257799733928
8682,347.28,1,True,659.1037917137146,0.4570799171924591,0.9121731898118198
8685,347.4,1,True,596.3585114479065,0.42006588072487805,0.9519492255070561
8688,347.52,1,False,632.4383157491684,0.44132781660918036,0.9104385411159812
8691,347.64,1,True,635.0145399570465,0.33231522504127387,0.9154846628163936
8694,347.76,1,False,563.5781621932983,0.3441941747159669,0.8534392157616385
8697,347.88,1,False,760.6097388267517,0.33448921685869043,0.9098712950144767
8700,348.0,1,True,744.8021078109741,0.3165504187345505,0.9797621556892814
8703,348.12,1,True,809.7378087043762,0.3407496480327664,0.978792854650487
8706,348.24,1,False,531.0409498214722,0.37042572462197504,0.9825874996424081
8709,348.36,0,False,,,0.9653758913782574
8712,348.48,1,False,523.7836003303528,0.39587935624700604,0.8596773606190654
8715,348.6,1,False,657.0213890075684,0.32355603530551447,0.9160899189961133
8718,348.72,1,True,624.5733976364136,0.3402332388090365,0.9120896579297346
8721,348.84,1,False,744.3981993198395,0.34622382846745575,0.9092049643677143
8724,348.96,1,False,696.4066028594971,0.3242499715451038,0.9242328694957118
8727,349.08,1,False,613.6740481853485,0.3481702036929853,0.9004593501572319
8730,349.2,1,False,960.0625133514404,0.32788132108522183,0.917549724205343
8733,349.32,1,False,828.3322763442993,0.36540483751080255,0.9302849138210235
8736,349.44,0,False,,,0.9229211791393808
8739,349.56,0,False,,,0.6339599540785409
8742,349.68,0,False,,,0.8024751397428176
8745,349.8,1,False,437.1238088607788,0.49596498048666754,0.978829109625874
8748,349.92,0,False,,,0.36429337775521975
8751,350.04,1,False,594.2027235031128,0.039988402390118805,0.9980259482040728
8754,350.16,1,True,562.085931301117,0.03507451131714113,0.9978952527647376
8757,350.28,1,False,603.0157434940338,0.05038881188992298,0.9982492181969606
8760,350.4,2,False,383.44109058380127,0.30954497691356775,0.9969275364736616
8763,350.52,2,True,348.4718334674835,0.2825620332450578,0.9979891550565219
8766,350.64,2,True,425.475994348526,0.29868584780982044,0.9974179303636894
8769,350.76,2,True,408.3492314815521,0.304895303014553,0.9978879371222372
8772,350.88,2,True,340.445419549942,0.28190493267593963,0.9986798992655568
8775,351.0,1,False,454.0013515949249,0.04118685446905367,0.9966929733400963
8778,351.12,2,False,438.8397681713104,0.037026249718937004,0.9989497437487196
8781,351.24,2,False,388.9394634962082,0.030386810021644287,0.9984568154723392
8784,351.36,1,True,287.6220166683197,0.26976445362423407,0.9956762890196104
8787,351.48,1,True,266.0880517959595,0.2747293236580762,0.9986171680790211
8790,351.6,1,True,257.2347021102905,0.28280801664699207,0.9944791545409333
8793,351.72,1,True,287.86537885665894,0.3038875496748722,0.9985634241339588
8796,351.84,1,True,253.8141131401062,0.32908628203652124,0.9988397132952367
8799,351.96,1,True,245.8138346672058,0.35434688221324573,0.9990260973574112
8802,352.08,1,True,253.0940043926239,0.3724602162837982,0.9988034926219561
8805,352.2,2,False,234.97583270072937,0.3869391092748353,0.9988474564310817
8808,352.32,1,True,223.96469950675964,0.3968300512342742,0.9987088510532977
8811,352.44,2,True,220.29775500297546,0.3953311461390871,0.9988326436581279
8814,352.56,1,True,270.35720586776733,0.3783593204888431,0.9987981324931626
8817,352.68,1,True,252.31270909309387,0.3568554041963635,0.9984224043031654
8820,352.8,1,True,255.71723699569702,0.3296703479506753,0.9984674612041443
8823,352.92,2,False,265.34557342529297,0.30673063885081897,0.9984669736641707
8826,353.04,2,False,225.62719702720642,0.2886783941225572,0.9982889149586993
8829,353.16,2,True,220.77141165733337,0.2721506853898366,0.9986346309776146
8832,353.28,2,True,223.93553853034973,0.27120909004500415,0.9979661490357886
8835,353.4,2,True,234.06492233276367,0.29529048457290186,0.9982355276731915
8838,353.52,2,True,255.47603130340576,0.3270567872307517,0.9991941233544231
8841,353.64,2,True,259.1345751285553,0.3599633746074908,0.9985250443382796
8844,353.76,2,True,225.89222073554993,0.39065862153515674,0.9981839085903926
8847,353.88,2,False,203.16854596138,0.4208762248357137,0.9987626502126679
8850,354.0,2,False,189.54583168029785,0.440427176880114,0.9935484316172049
8853,354.12,2,True,219.31757926940918,0.4456389573487369,0.998120968405257
8856,354.24,2,True,238.80132794380188,0.44025428638313757,0.9980988182918606
8859,354.36,2,True,223.58599305152893,0.41661806810985913,0.9971488620680873
8862,354.48,2,True,235.88162541389465,0.3924291422872832,0.9964025558050434
8865,354.6,2,True,243.19411039352417,0.36930266654852667,0.9961899254336207
8868,354.72,2,False,161.01011037826538,0.3530806546861475,0.9976977373550648
8871,354.84,2,False,127.17903256416321,0.33667136773918616,0.9947118968963476
8874,354.96,2,False,124.19276833534241,0.3324580797643373,0.9969172461656758
8877,355.08,2,False,208.48939418792725,0.33606027653723053,0.9941628695454754
8880,355.2,2,True,237.87973165512085,0.3558580604466525,0.9268552670734398
8883,355.32,2,True,237.4013113975525,0.3794448104771701,0.9973803152439208
8886,355.44,2,True,246.2920618057251,0.40719006007367914,0.9962903158626348
8889,355.56,2,True,241.1222004890442,0.4329769087560249,0.9955512599154749
8892,355.68,2,True,228.59163880348206,0.4546749004811952,0.9887690431839645
8895,355.8,1,True,365.41947841644287,0.12052207846533168,0.9954072568432316
8898,355.92,1,True,361.8996262550354,0.10923550842386304,0.994792572729441
8901,356.04,2,False,343.0764412879944,0.1054871834137223,0.9882987764155204
8904,356.16,2,False,348.8413667678833,0.10310894025094582,0.9903142160258
8907,356.28,2,True,337.61954069137573,0.10141480307687413,0.9941679143707978
8910,356.4,2,False,311.25125885009766,0.10393288573532393,0.986297393414807
8913,356.52,2,False,286.23023986816406,0.10156062177636406,0.9953797443807597
8916,356.64,2,True,278.18959951400757,0.09777160553318082,0.9953324298297884
8919,356.76,2,False,276.3603436946869,0.08441325875394272,0.9952494587193085
8922,356.88,1,False,300.08011043071747,0.06434176884817355,0.9863926573695903
8925,357.0,1,False,216.81655883789062,0.042511972852728584,0.98914143435846
8928,357.12,1,False,277.14807629585266,0.021295289650107876,0.9859247032835061
8931,357.24,1,True,242.60220050811768,0.36750984011274396,0.9820305923671152
8934,357.36,1,False,301.4786946773529,0.3538060450192654,0.979719524041817
8937,357.48,1,True,250.45232892036438,0.36684387470736646,0.978551701976596
8940,357.6,0,False,,,0.9849423585690867
8943,357.72,2,True,99.38562870025635,0.3524662581357089,0.9790318511735747
8946,357.84,1,True,188.16483736038208,0.35329642350023444,0.977880357920493
8949,357.96,1,False,201.23278498649597,0.35349358934344666,0.9620406514715646
8952,358.08,1,True,175.79176425933838,0.377897608460802,0.9730529597497208
8955,358.2,1,True,288.0202281475067,0.4176372632835851,0.987902594138284
8958,358.32,1,True,311.7998135089874,0.46523901278322394,0.9543432617574067
8961,358.44,2,True,266.8817067146301,0.515367632562464,0.9712497373771872
8964,358.56,1,True,287.31685638427734,0.5646339131124092,0.9734908673331382
8967,358.68,1,True,256.7713451385498,0.6046748685114312,0.9836803667373786
8970,358.8,1,True,232.95101165771484,0.6048761118542064,0.962590933304296
8973,358.92,1,False,224.65506792068481,0.5990773927081715,0.9859165083623948
8976,359.04,1,True,201.0904884338379,0.6002394629247261,0.9849731697922323
8979,359.16,1,True,163.47933053970337,0.6064263419671492,0.9865138997401032
8982,359.28,1,True,146.4568841457367,0.6125766056956667,0.9933180335030535
8985,359.4,1,True,144.48681235313416,0.6199834617701444,0.9954390890639077
8988,359.52,1,True,131.40463829040527,0.6291629220500137,0.9965020611572869
8991,359.64,1,False,87.70398616790771,0.6408928723046274,0.9968927295153933
8994,359.76,1,True,113.82414221763611,0.6482103412801569,0.9966112635614284
8997,359.88,1,True,111.40210747718811,0.652029938770063,0.9984075554918275
9000,360.0,1,True,106.82933807373047,0.65431521878098,0.9929381403758876
9003,360.12,1,True,103.99335265159607,0.6563956105347836,0.9986903054014952
9006,360.24,1,True,474.3000626564026,0.6889800880894517,0.07774800819297306
9009,360.36,1,True,474.12657737731934,0.6724185022440824,0.9990496600439079
9012,360.48,1,True,485.56559801101685,0.6403468702778672,0.9990696818417073
9015,360.6,1,True,533.6414104700089,0.5828524286096747,0.9992949061014389
9018,360.72,1,True,479.38001096248627,0.5300003290176392,0.9992537243981013
9021,360.84,1,True,556.4817452430725,0.4857378186601581,0.9986250237053322
9024,360.96,1,True,571.8659788370132,0.4502463990991766,0.9992700777219811
9027,361.08,1,True,535.4453033208847,0.4295510405843908,0.9992455814985801
9030,361.2,1,True,565.7471305131912,0.42900432781739667,0.9995826182207708
9033,361.32,1,True,528.8345968723297,0.4167500707236203,0.9992422575228415
9036,361.44,1,True,549.0659415721893,0.4307565454280738,0.9994276625031654
9039,361.56,1,True,580.9422039985657,0.4628699674750819,0.9992292692272274
9042,361.68,1,True,573.0316615104675,0.49500633279482525,0.9993640420920977
9045,361.8,1,True,594.2232102155685,0.5467689687555487,0.9991683854055953
9048,361.92,1,True,572.9651641845703,0.5888943527684067,0.9986701572077531
9051,362.04,1,True,563.7061679363251,0.6115326176990162,0.9976060979426772
9054,362.16,1,True,564.6192026138306,0.6167750972690005,0.9937978221445909
9057,362.28,1,True,542.6815223693848,0.6122121052308516,0.9924992596502608
9060,362.4,1,True,522.1228408813477,0.5971208034139691,0.9910104412633985
9063,362.52,1,True,562.6725625991821,0.5653095678849653,0.9880532540631384
9066,362.64,1,True,571.7647683620453,0.5036984971075347,0.9936888599057722
9069,362.76,1,True,577.0228046178818,0.4622196139711322,0.9842485006165834
9072,362.88,1,True,549.6564191579819,0.41014795592336944,0.9692448915973151
9075,363.0,1,True,535.407886505127,0.3633737031257514,0.9900728934679863
9078,363.12,1,True,518.5894864797592,0.3385098553968198,0.9870643909968296
9081,363.24,1,True,503.24625849723816,0.34084018793973053,0.984175810603062
9084,363.36,1,True,522.4959951639175,0.33971785550767725,0.9757665387874913
9087,363.48,1,True,550.7122331857681,0.31066862335710815,0.9475654442408044
9090,363.6,1,True,547.6029843091965,0.27555092537041864,0.9079363823612037
9093,363.72,1,True,517.0975613594055,0.24561213972893628,0.94762380186423
9096,363.84,1,True,556.849250793457,0.2370737377892841,0.975334793881444
9099,363.96,1,True,603.1792509555817,0.24196581429604327,0.9861364759887388
9102,364.08,1,True,640.1001691818237,0.26941502274888934,0.9857244726692685
9105,364.2,1,True,654.4568967819214,0.3370556061466535,0.9424574446933113
9108,364.32,1,True,499.374543428421,0.4364480845855944,0.9736141577697971
9111,364.44,1,False,505.7509481906891,0.5303189510648901,0.9689771631365013
9114,364.56,1,False,585.4031896591187,0.6185334785418077,0.9362368578586183
9117,364.68,1,False,540.7156670093536,0.6816093343676943,0.798671249193639
9120,364.8,1,True,381.57333970069885,0.6228778849948536,0.920960327878926
9123,364.92,1,True,447.18711376190186,0.6081319776448336,0.8802364024872789
9126,365.04,1,True,390.01888632774353,0.540890243920413,0.8174314961530501
9129,365.16,1,True,433.7798881530762,0.47537248062364984,0.9369634736002839
9132,365.28,1,True,379.50506687164307,0.4206294489629341,0.9728879149697983
9135,365.4,1,True,361.7174506187439,0.4165901306903724,0.9632037121616965
9138,365.52,1,True,329.89168882369995,0.4304905678286697,0.9770738441616744
9141,365.64,1,True,366.80027961730957,0.4540424717195106,0.9941700990521627
9144,365.76,1,True,394.3923568725586,0.4825524317495751,0.9943851889774139
9147,365.88,1,True,459.5232689380646,0.5000306232409044,0.9920272069777173
9150,366.0,1,True,486.3929361104965,0.516207979484038,0.9924282489044813
9153,366.12,1,True,476.20869040489197,0.5247357550895575,0.9958996962725339
9156,366.24,1,True,544.2069858312607,0.5096205671628317,0.9929307771407505
9159,366.36,1,True,632.3695975542068,0.4934059742725257,0.9751361401438468
9162,366.48,1,True,625.5396044254303,0.5121101448030183,0.9536977879982628
9165,366.6,1,True,667.9157495498657,0.4934269171772581,0.9279067049924195
9168,366.72,0,False,,,0.9433456688483066
9171,366.84,1,False,689.0361016988754,0.5350291936686544,0.8933785782153062
9174,366.96,1,True,516.5914124250412,0.5799533661567804,0.2928419137396875
9177,367.08,1,False,505.8050858974457,0.5986985004309452,0.9833082736808139
9180,367.2,1,True,465.6463497877121,0.604512510877667,0.9867199095838143
9183,367.32,1,True,433.1870770454407,0.5878343004168887,0.9922592778375043
9186,367.44,1,True,435.4271936416626,0.5713552408146135,0.9953117261432232
9189,367.56,1,True,454.31410789489746,0.5191449342351971,0.9946622024527964
9192,367.68,0,False,,,0.9954823024010133
9195,367.8,1,True,468.33558082580566,0.4286281710321253,0.9960961330745949
9198,367.92,1,True,579.2488878965378,0.376601081905943,0.9921932474975693
9201,368.04,1,True,456.24343156814575,0.32744299146262085,0.9965459375432661
9204,368.16,1,True,438.6469227075577,0.43495660478418524,0.9973982901867703
9207,368.28,2,False,437.02803790569305,0.44314121025981323,0.9959683474010058
9210,368.4,2,False,422.4570447206497,0.45206964106270764,0.9961626098148157
9213,368.52,2,False,371.6344517469406,0.450720977602583,0.9976048555911731
9216,368.64,1,True,419.7105699777603,0.43945900147611444,0.9979504628444016
9219,368.76,1,True,384.52828645706177,0.34550952008276276,0.9975312129830766
9222,368.88,1,True,434.82871770858765,0.3747911322297472,0.9960138137332054
9225,369.0,1,True,505.1470649242401,0.41389124953385553,0.9983581803832526
9228,369.12,1,True,343.8598608970642,0.4671337405840556,0.9969936305611835
9231,369.24,1,False,310.4532265663147,0.5056364147952108,0.9982095449423907
9234,369.36,1,True,322.425674200058,0.514067738345175,0.99806578355627
9237,369.48,1,True,313.2417368888855,0.5132723378412651,0.997977820982702
9240,369.6,1,True,332.2523760795593,0.4857034340049281,0.998251715027991
9243,369.72,1,True,357.1978533267975,0.46375957492626074,0.9988810272605575
9246,369.84,1,True,373.72140884399414,0.4254575154998086,0.9980218525876172
9249,369.96,2,False,340.18503069877625,0.39230327624263184,0.9988893818470242
9252,370.08,1,True,250.02827167510986,0.2916618174675739,0.9988130968416581
9255,370.2,0,False,,,0.9981382072238928
9258,370.32,1,True,357.1920919418335,0.20299454439770093,0.9988931836092168
9261,370.44,1,True,341.2763786315918,0.3435482689828584,0.9979514638723676
9264,370.56,1,True,349.4309592247009,0.36904209129738086,0.9981582958968749
9267,370.68,1,True,378.3787965774536,0.42285018346526404,0.9988922583345289
9270,370.8,1,True,354.3773818016052,0.47148025848648767,0.9983595963367894
9273,370.92,1,True,320.27667760849,0.5202520390351614,0.9977230758575739
9276,371.04,1,True,312.57489681243896,0.5648926749373927,0.9984531675434285
9279,371.16,1,False,327.8168821334839,0.6014935699376193,0.9975243438643069
9282,371.28,2,False,427.5442510843277,0.6953442674694639,0.9989370055582744
9285,371.4,1,True,346.39963388442993,0.6310737277522231,0.9987961049626923
9288,371.52,1,True,419.32904720306396,0.6477802395820618,0.9983311728615746
9291,371.64,1,True,385.2014994621277,0.5946774663347186,0.9978616941062184
9294,371.76,1,True,374.09045934677124,0.5578028866738984,0.9963746234214509
9297,371.88,1,True,366.8859601020813,0.5222113105383787,0.9963484817680112
9300,372.0,1,True,360.9326148033142,0.531045776424986,0.9988159140319173
9303,372.12,2,False,344.4332957267761,0.09121060314955133,0.9979650502523728
9306,372.24,2,True,436.4028149843216,0.09536048363555562,0.998122776242988
9309,372.36,2,True,285.94011068344116,0.11580728423414809,0.9978889777717426
9312,372.48,2,True,360.6055676937103,0.13463349437171762,0.9977685982072132
9315,372.6,2,False,251.41155123710632,0.13082832459247473,0.9967948608808019
9318,372.72,2,True,248.73287737369537,0.12129373983903365,0.9967829421500102
9321,372.84,2,True,222.4220323562622,0.11112921504360257,0.9952021161055923
9324,372.96,2,True,274.47627425193787,0.0965430677840204,0.9883774304887349
9327,373.08,2,True,234.92684483528137,0.09012227449001688,0.987597408011435
9330,373.2,2,True,216.3066279888153,0.09022047540003603,0.9925505532598454
9333,373.32,2,True,210.31774878501892,0.09573585540056229,0.9914709804926832
9336,373.44,2,False,181.37921333312988,0.10206429366812561,0.9950638914600769
9339,373.56,2,False,163.73851239681244,0.10755886792233496,0.994819348215398
9342,373.68,2,True,159.51639890670776,0.12445735321803526,0.9928794140015331
9345,373.8,2,True,136.42150104045868,0.13464716325203577,0.9933441517971783
9348,373.92,0,False,,,0.32220277449530577
9351,374.04,0,False,,,0.6305461448054995
9354,374.16,0,False,,,0.889358156192179
9357,374.28,1,True,474.8404097557068,0.6694833943338105,0.6361792299730616
9360,374.4,1,True,503.5892379283905,0.683169859828371,0.8462653516517769
9363,374.52,1,False,223.63192319869995,0.6663086938135552,0.8648567850176224
9366,374.64,1,True,481.6536498069763,0.6823158209974115,0.9054677919221514
9369,374.76,1,True,563.1587719917297,0.6817037481250185,0.9193108299332904
9372,374.88,1,True,555.9749525785446,0.6759719324834419,0.7773945282052468
9375,375.0,1,True,506.17899656295776,0.6441091949289496,0.8696581354996488
9378,375.12,1,True,498.8074815273285,0.5940306493730256,0.9470012596512977
9381,375.24,1,False,527.6345872879028,0.5829265117645264,0.9657303615288525
9384,375.36,1,True,488.4308409690857,0.6030122800306841,0.9572580619805013
9387,375.48,1,False,407.9957753419876,0.6265412298115817,0.8574339231877213
9390,375.6,1,False,477.5290775299072,0.639699354316249,0.7498701159434801
9393,375.72,1,True,507.071270942688,0.6503543293837345,0.8577269846468192
9396,375.84,1,True,527.674064040184,0.6360311472054684,0.9312339074214714
9399,375.96,0,False,,,0.9065020843765451
9402,376.08,1,False,357.221896648407,0.625186461390871,0.8965664967596255
9405,376.2,0,False,,,0.8596145728508985
9408,376.32,1,False,335.62141835689545,0.5689401120850535,0.8396889411885565
9411,376.44,1,True,436.4757978916168,0.5829302126711066,0.9287741204662624
9414,376.56,2,True,419.46136593818665,0.6080896113858079,0.8311174887201631
9417,376.68,1,True,392.74794816970825,0.6176152482177272,0.9304108215086805
9420,376.8,1,True,479.8700827360153,0.6494351697690559,0.9176734016036147
9423,376.92,1,False,338.1429898738861,0.6335597851059653,0.9754753416865981
9426,377.04,1,False,359.6024751663208,0.5884518695600105,0.9111013304396088
9429,377.16,2,False,405.15867948532104,0.5824480381878939,0.961533588698156
9432,377.28,0,False,,,0.9301818027104383
9435,377.4,1,True,509.2646527290344,0.5736550706805605,0.9809724908305313
9438,377.52,1,True,498.3653998374939,0.5475019044948347,0.973379394896201
9441,377.64,1,True,515.6097078323364,0.5502584648854805,0.9761466919155477
9444,377.76,1,True,539.4882345199585,0.5408872284672477,0.9884692254645588
9447,377.88,1,True,473.4340524673462,0.5316247506575151,0.9624117284471946
9450,378.0,1,True,525.2308183908463,0.48773729620557843,0.983477640201005
9453,378.12,1,True,567.7739632129669,0.4683644338087602,0.9747355306717548
9456,378.24,1,True,624.1907966136932,0.4593563206268079,0.9704591091891385
9459,378.36,1,True,657.6165175437927,0.445621955575365,0.9772335360533942
9462,378.48,1,True,667.1110224723816,0.4298545894297687,0.9858840629841783
9465,378.6,1,True,692.561007142067,0.4051988165486943,0.9952578063024926
9468,378.72,1,True,759.1616034507751,0.4318752541686549,0.9903174944859344
9471,378.84,1,True,790.3670024871826,0.41995986302693683,0.9834931217232435
9474,378.96,1,True,749.4322335720062,0.38773635120102856,0.9888453553159497
9477,379.08,1,True,786.1713624000549,0.33436028704498755,0.9880184213991126
9480,379.2,1,False,764.9702382087708,0.4217494581684922,0.9870000050266662
9483,379.32,1,True,936.5779334306717,0.4335476128440915,0.9869114627673596
9486,379.44,1,True,911.7190057039261,0.4179341147343318,0.9500548441757865
9489,379.56,1,False,982.4762320518494,0.4814388792623173,0.9609535635038781
9492,379.68,1,False,1081.581838130951,0.4507753420056719,0.9052440827395316
9495,379.8,1,False,1387.1465456485748,0.49090730286005774,0.8904022870730555
9498,379.92,1,False,726.5878593921661,0.4088349753257,0.9795852150282008
9501,380.04,1,False,603.9889347553253,0.4260772606640151,0.9952960479405425
9504,380.16,1,False,617.173365354538,0.39024553718892013,0.994030413841169
9507,380.28,1,False,822.1079206466675,0.404962882399559,0.8941289699237809
9510,380.4,2,False,425.2254867553711,0.3710279315710068,0.03619064342709113
9513,380.52,1,True,289.8260521888733,0.49861551053596265,0.9988020002988913
9516,380.64,1,True,303.700110912323,0.4988051210388993,0.9989948907110132
9519,380.76,1,True,335.9176468849182,0.5006123320622877,0.998568679478867
9522,380.88,1,True,267.25346088409424,0.5039154932354436,0.9980931536232218
9525,381.0,1,False,263.1504213809967,0.5033357920068683,0.9986231090968338
9528,381.12,2,True,282.3723006248474,0.5026246995636912,0.9988789426200837
9531,381.24,2,True,254.32855010032654,0.506215900182724,0.9988275235014112
9534,381.36,2,True,268.59505891799927,0.5099289083119595,0.9988640606150756
9537,381.48,2,True,275.2518403530121,0.5163500453486587,0.9976671878501588
9540,381.6,2,True,272.7451229095459,0.5293881405483593,0.9973373951244155
9543,381.72,2,True,262.3405122756958,0.5407525644157872,0.9990384400275851
9546,381.84,2,True,237.91697144508362,0.5409957658160817,0.9985972460181506
9549,381.96,2,False,229.37747240066528,0.5329972803592682,0.9991989560886397
9552,382.08,1,True,243.65450620651245,0.5228948692480723,0.998593449418871
9555,382.2,1,True,252.53965616226196,0.49755857207558374,0.9989753469528606
9558,382.32,1,True,244.4749402999878,0.46481008872841345,0.998927477494148
9561,382.44,1,True,261.6846799850464,0.43842155825008045,0.9973951929974937
9564,382.56,2,True,251.09734654426575,0.41079252416437323,0.9983275154903836
9567,382.68,2,False,261.6237187385559,0.38999016628120886,0.9976784739677041
9570,382.8,1,False,147.84463763237,0.37773757540818415,0.9949679862125662
9573,382.92,1,True,234.94126439094543,0.3749685784180959,0.9982940294323372
9576,383.04,1,True,244.57404255867004,0.4003300802274184,0.9986466593462332
9579,383.16,1,True,267.8151476383209,0.43643294139341876,0.9991980751055508
9582,383.28,1,True,273.5512661933899,0.4911421203252041,0.998666796399667
9585,383.4,1,True,267.6280474662781,0.5419841201016398,0.9989170465782119
9588,383.52,1,True,253.06062698364258,0.5900596163489602,0.9989627216549235
9591,383.64,0,False,,,0.9978116664300106
9594,383.76,0,False,,,0.9982892906560393
9597,383.88,0,False,,,0.9984087700979427
9600,384.0,0,False,,,0.9974855702988729
9603,384.12,1,True,291.5958595275879,0.13473316304611438,0.9973433739702152
9606,384.24,0,False,,,0.9937419851519085
9609,384.36,0,False,,,0.9942141241633945
9612,384.48,0,False,,,0.998024182084489
9615,384.6,0,False,,,0.9960066371753188
9618,384.72,0,False,,,0.9960663648477802
9621,384.84,0,False,,,0.9970053459678643
9624,384.96,0,False,,,0.9971892606395067
9627,385.08,0,False,,,0.9958539418288528
9630,385.2,0,False,,,0.9860652858933742
9633,385.32,0,False,,,0.993170035140978
9636,385.44,0,False,,,0.989634948442678
9639,385.56,0,False,,,0.9914007257179207
9642,385.68,0,False,,,0.9859753411517898
9645,385.8,0,False,,,0.9948156382118585
9648,385.92,0,False,,,0.9930730384405051
9651,386.04,0,False,,,0.9912803456851224
9654,386.16,1,False,399.6763515472412,0.11985805303309903,0.9904021386320666
9657,386.28,1,True,380.4331970214844,0.10174217887900093,0.9926866221528209
9660,386.4,1,False,195.27432203292847,0.10264525178707007,0.9754323498943959
9663,386.52,1,False,411.78221225738525,0.0662583319300955,0.9921614509775841
9666,386.64,1,True,271.3857579231262,0.0747845455101042,0.9905118807740186
9669,386.76,0,False,,,0.9850119482029914
9672,386.88,0,False,,,0.9855071188842083
9675,387.0,0,False,,,0.9735712275788513
9678,387.12,0,False,,,0.9696168589583618
9681,387.24,1,False,262.9895210266113,0.4462088066520113,0.9802917720967625
9684,387.36,1,False,176.2657105922699,0.4153485054319555,0.9659966554084992
9687,387.48,1,True,166.36475443840027,0.40212076812079456,0.9512258964231776
9690,387.6,1,True,114.27246809005737,0.39792617523308954,0.9832398698353276
9693,387.72,2,True,184.5369029045105,0.39873117208480835,0.9751575021945945
9696,387.84,1,False,68.16732287406921,0.38750039718367835,0.9901475648898752
9699,387.96,1,True,157.17811346054077,0.3912917772928874,0.9737477043807818
9702,388.08,0,False,,,0.9864979871502836
9705,388.2,0,False,,,0.9370808233839725
9708,388.32,1,True,169.43756818771362,0.4362504346804185,0.9789106489774708
9711,388.44,1,True,183.87971878051758,0.44493731675725995,0.9746077199319373
9714,388.56,0,False,,,0.9660218743651706
9717,388.68,1,True,249.6834897994995,0.47706756989161175,0.9342083412269179
9720,388.8,1,True,253.21338415145874,0.4743741624283068,0.974804917774069
9723,388.92,1,True,207.26476192474365,0.46589687286001263,0.9665442731690063
9726,389.04,1,True,219.44890022277832,0.4637203135273673,0.9697875076363939
9729,389.16,1,True,206.59695625305176,0.46537464315241034,0.9649836511564648
9732,389.28,1,True,206.40209913253784,0.46676008719386475,0.9882941663039319
9735,389.4,1,True,205.99873781204224,0.4781842159502434,0.9929170318016858
9738,389.52,1,True,199.67981815338135,0.49551575834100897,0.993258946001016
9741,389.64,0,False,,,0.35327826551766633
9744,389.76,0,False,,,0.9385690282177994
9747,389.88,1,True,955.2644383907318,0.4975406243042512,0.9798700522281557
9750,390.0,1,False,763.8975584506989,0.5408360958099365,0.978717042230965
9753,390.12,1,False,643.0368661880493,0.5413269915364005,0.9841256709930734
9756,390.24,1,False,520.0950264930725,0.5135417499325492,0.9727829613932468
9759,390.36,1,False,645.0720834732056,0.5559344147190903,0.9799622884591755
9762,390.48,1,True,688.2643175125122,0.5445573077057347,0.9678402422656414
9765,390.6,1,True,677.6606011390686,0.5394190911090735,0.957478345177761
9768,390.72,1,True,601.6038823127747,0.5340006721742225,0.9866385616472171
9771,390.84,1,True,675.4421782493591,0.5262904058803212,0.897562725474876
9774,390.96,1,True,556.7724537849426,0.5361138546105587,0.9377932270175207
9777,391.08,1,True,556.584130525589,0.5406449789350684,0.9323271393767465
9780,391.2,1,True,504.4558918476105,0.5645266590696393,0.956952233454541
9783,391.32,1,True,562.154552936554,0.6392242989756844,0.9292235452001347
9786,391.44,1,True,546.5085625648499,0.6872051863959341,0.886534746023457
9789,391.56,1,True,468.4994101524353,0.7313341642871047,0.9502232682352267
9792,391.68,1,True,450.8665466308594,0.7696004365429734,0.9193561829567327
9795,391.8,1,True,409.7216320037842,0.8277534499312892,0.9190283265979453
9798,391.92,2,True,399.8946726322174,0.8218596794388511,0.9580947740778709
9801,392.04,2,True,381.09031677246094,0.79209339799303,0.9258971742251609
9804,392.16,1,True,366.80668473243713,0.7822430079633539,0.9576968183898181
9807,392.28,2,True,336.90590143203735,0.7204638809868784,0.9541236423465461
9810,392.4,2,True,326.2461805343628,0.6450297633806864,0.9725443408278227
9813,392.52,2,True,302.7423048019409,0.6028100396647598,0.9625200781307708
9816,392.64,1,True,323.7779903411865,0.6056334538893267,0.9705772556220112
9819,392.76,1,True,358.02519142627716,0.5954342954086534,0.9757350737810473
9822,392.88,1,True,352.0306634902954,0.5710827870802446,0.963739021615052
9825,393.0,1,True,385.7226634025574,0.5404395912632798,0.9818735335167222
9828,393.12,1,True,380.71865916252136,0.5287113785743713,0.9844692025048005
9831,393.24,1,True,411.40546917915344,0.52561913746776,0.9674179061315639
9834,393.36,1,True,529.4876933097839,0.5210426937450062,0.9736330288612538
9837,393.48,1,True,529.9013704061508,0.5427416626251105,0.9600733397516893
9840,393.6,1,True,406.65181159973145,0.5855684244271481,0.9215320792240923
9843,393.72,1,True,419.5174026489258,0.6224579413731893,0.9311255198644061
9846,393.84,1,True,400.563862323761,0.6006719126845851,0.02155378077266618
9849,393.96,1,True,414.320729970932,0.5998681964296283,0.9844502752175137
9852,394.08,1,True,416.25723123550415,0.6004052324728533,0.9890527137516751
9855,394.2,1,True,397.1873366832733,0.5855900437542887,0.976566761734739
9858,394.32,1,True,405.5633282661438,0.5749728246168657,0.9859660714000826
9861,394.44,1,True,422.8058820962906,0.5557829484795079,0.9936768609663618
9864,394.56,2,True,399.5351976156235,0.5244623801924966,0.9920578655992276
9867,394.68,2,True,438.6848223209381,0.4932696557406223,0.9908880400633208
9870,394.8,2,True,445.93499422073364,0.49591609925934765,0.9845220259854355
9873,394.92,2,True,470.2659022808075,0.5000121042583928,0.990751814779415
9876,395.04,2,True,457.1294295787811,0.4920537869135539,0.9801898917388553
9879,395.16,1,True,369.0663868188858,0.4884043832619985,0.9904872136269599
9882,395.28,1,True,433.98158490657806,0.46858185981259204,0.9954988670187636
9885,395.4,1,True,454.3538421392441,0.44077150839747803,0.9961335900672195
9888,395.52,2,True,424.0469455718994,0.41946188789425476,0.9953898908957621
9891,395.64,2,True,396.43832445144653,0.40594740076498553,0.9958822721978284
9894,395.76,2,True,406.9590640068054,0.40959642059875256,0.9947897746490033
9897,395.88,2,True,444.8006772994995,0.4309945964451992,0.9951626168884828
9900,396.0,2,True,453.1742709875107,0.4589442177252336,0.9943769587845801
9903,396.12,2,True,465.79880118370056,0.4925013545787696,0.9967160330623316
9906,396.24,2,True,435.61355352401733,0.5391572948658105,0.9946593224880416
9909,396.36,2,True,452.0478719472885,0.5715629422303402,0.9971625549377402
9912,396.48,2,True,436.91421031951904,0.5897965702143583,0.996918280137103
9915,396.6,2,True,428.1001281738281,0.6073992053667704,0.9975230924129458
9918,396.72,2,True,476.0164725780487,0.5939344763755798,0.9964625265848399
9921,396.84,2,True,481.35425090789795,0.5591644825357379,0.9951179818489596
9924,396.96,2,True,512.8440821170807,0.5229499656142611,0.9957036459843623
9927,397.08,1,True,528.6854285001755,0.47486025546536303,0.9893890927308284
9930,397.2,1,True,519.8366814851761,0.4412759407000108,0.9931479035645278
9933,397.32,1,False,487.9600006341934,0.4098566427375331,0.9964639914595819
9936,397.44,1,True,505.33326387405396,0.39162339676510205,0.9945246990061651
9939,397.56,1,True,492.58779287338257,0.3969070252143975,0.9968305983452969
9942,397.68,1,True,557.2739517688751,0.428155319257216,0.9970187357700707
9945,397.8,1,True,555.6619548797607,0.4672285101630471,0.9962115880653728
9948,397.92,1,True,568.8951802253723,0.5120978897268121,0.996816445272534
9951,398.04,1,True,552.6392233371735,0.554714894655979,0.9964062858309041
9954,398.16,1,False,553.127943277359,0.6018358505133427,0.9977190638863742
9957,398.28,1,False,548.8403463363647,0.6385619586164301,0.9975105712472884
9960,398.4,1,True,528.6061692237854,0.6472033045508645,0.9967445993944407
9963,398.52,1,True,551.369047164917,0.6110640800360477,0.997530268398536
9966,398.64,1,True,560.9864723682404,0.5756467047965887,0.9960028843616914
9969,398.76,1,True,547.6063799858093,0.5379982301683137,0.9900436542862643
9972,398.88,1,True,525.2891564369202,0.46811950026136456,0.9922244424627139
9975,399.0,1,True,559.3742340803146,0.4164584315184391,0.9908430003037801
9978,399.12,1,False,431.90972328186035,0.38654832316167426,0.9888354100141734
9981,399.24,1,False,382.9074704647064,0.3678836605765603,0.9927123809043628
9984,399.36,1,True,653.0772542953491,0.3356336797728683,0.9960560179609292
9987,399.48,1,True,647.2732543945312,0.3619661602106961,0.9951550381980266
9990,399.6,1,False,659.7359991073608,0.38677299880620203,0.9974182704845792
9993,399.72,1,False,571.7079269886017,0.4251561769933412,0.9963637499270661
9996,399.84,1,False,635.0596654415131,0.5077154302235806,0.9957197097917541
9999,399.96,1,False,598.7543141841888,0.5593022966023647,0.9963156213212052
10002,400.08,1,False,455.4051983356476,0.6146340984286685,0.9956972701355759
10005,400.2,1,False,642.3544800281525,0.6665882179231355,0.9928814098178579
10008,400.32,2,True,750.5959689617157,0.6654039151740797,0.9954990137493752
10011,400.44,1,True,657.926344871521,0.16468689861622723,0.9944968134180516
10014,400.56,1,True,640.2365273237228,0.20712649325529733,0.9856597887211637
10017,400.68,2,True,638.3221220970154,0.2663311186161908,0.9727091438363679
10020,400.8,1,True,707.0505201816559,0.4088320822426767,0.9719282962062461
10023,400.92,1,True,574.3957901000977,0.38179561405470874,0.9855120529052838
10026,401.04,1,False,654.2327177524567,0.345135231812795,0.9441823643924443
10029,401.16,1,False,612.5311374664307,0.31480130192005273,0.976112761891001
10032,401.28,1,False,519.8217630386353,0.324887960246115,0.9812216867988951
10035,401.4,1,False,417.9543936252594,0.3012813812855518,0.9950925538383565
10038,401.52,1,False,659.4180607795715,0.3082170689647848,0.9885909834415826
10041,401.64,1,False,672.8309834003448,0.3745579994989164,0.9901899554928771
10044,401.76,1,False,755.8136594295502,0.5409421649846163,0.9916691683918335
10047,401.88,1,False,595.0994557142258,0.5340809361501173,0.9818212728410466
10050,402.0,2,False,103.3962607383728,0.5803082169908466,0.9783756535405804
10053,402.12,1,False,212.79096007347107,0.5914959934624758,0.9781530247773909
10056,402.24,1,False,578.5805189609528,0.6509866217772166,0.9944917330667689
10059,402.36,1,False,310.02482414245605,0.6551125302459254,0.9882963957075048
10062,402.48,1,False,301.73686265945435,0.6723584045063365,0.9678849417179124
10065,402.6,1,False,442.28047370910645,0.6084088475415201,0.9305254379594946
10068,402.72,1,False,894.0282869338989,0.5900256895657742,0.9293722100510438
10071,402.84,2,False,446.07014536857605,0.4595740798747901,0.9193618637229634
10074,402.96,1,True,799.7737991809845,0.273322093667406,0.9038035138301765
10077,403.08,0,False,,,0.8080886649036044
10080,403.2,1,False,480.9314489364624,0.09976780662933986,0.8919683111745438
10083,403.32,1,True,453.97502303123474,0.6582723404421951,0.35453381810446744
10086,403.44,1,False,417.80054211616516,0.5900227517792673,0.6695953222317608
10089,403.56,0,False,,,0.9590682369394549
10092,403.68,0,False,,,0.9568908540454336
10095,403.8,2,True,483.83946776390076,0.627469646208214,0.5928623232761002
10098,403.92,1,False,508.6819803714752,0.6348317410006667,0.8975996205473121
10101,404.04,0,False,,,0.8768505063737445
10104,404.16,0,False,,,0.9618766513346736
10107,404.28,1,True,453.94087314605713,0.6017948334867304,0.8221966583944156
10110,404.4,1,True,498.9794862270355,0.5869310344710494,0.8054828258861578
10113,404.52,1,True,499.3012225627899,0.5666143316211123,0.9064413918966175
10116,404.64,1,True,468.34497928619385,0.5673070549964905,0.9550411309117798
10119,404.76,1,True,488.9200758934021,0.5832733331304608,0.9868567338112272
10122,404.88,1,True,494.444922208786,0.5569082480488401,0.9609896491823278
10125,405.0,1,True,482.4823397397995,0.5741961300373077,0.8965705664228799
10128,405.12,0,False,,,0.8200839822376226
10131,405.24,0,False,,,0.7466783720577147
10134,405.36,1,False,246.5546715259552,0.517291143988118,0.9324291712843414
10137,405.48,1,True,463.1033420562744,0.5157624754038724,0.945466821874398
10140,405.6,0,False,,,0.9689497910207394
10143,405.72,1,True,88.08124423027039,0.6101254712451588,0.8532736989655931
10146,405.84,2,False,164.27707314491272,0.6074897050857544,0.9420862898088495
10149,405.96,1,True,411.73792362213135,0.589494040518096,0.9088539323836755
10152,406.08,0,False,,,0.9242727574129017
10155,406.2,1,True,434.1174280643463,0.6375715895132585,0.8200067226645286
10158,406.32,1,False,458.3695435523987,0.5992739814700503,0.8459375428528858
10161,406.44,1,True,472.53064155578613,0.6096734765804175,0.934583737830842
10164,406.56,1,False,557.282030582428,0.6248747236800917,0.9542567213181162
10167,406.68,1,True,495.2492308616638,0.6853278387676586,0.9849564762455743
10170,406.8,1,True,577.7417707443237,0.6619923602450978,0.9388157644022485
10173,406.92,1,True,663.0823659896851,0.6401996612548828,0.9184186100326964
10176,407.04,1,False,592.5138491392136,0.6257008946303165,0.9060029600295324
10179,407.16,1,True,522.0564079284668,0.5871884479667201,0.9694237810904582
10182,407.28,1,False,614.5791810750961,0.5804346808881471,0.9690449213209513
10185,407.4,1,True,659.1125786304474,0.4977984581932877,0.9889494783734478
10188,407.52,1,True,683.3200514316559,0.5063592746402278,0.981379143466402
10191,407.64,1,True,730.4071909189224,0.49551174315539276,0.9064215190686894
10194,407.76,1,True,708.7827336788177,0.42296846346421674,0.9102575412497363
10197,407.88,1,True,734.4091486930847,0.4412412643432617,0.8946017476915836
10200,408.0,0,False,,,0.924671934782015
10203,408.12,1,True,665.4844129085541,0.4197755284381635,0.800492493617292
10206,408.24,1,False,509.26993131637573,0.3850391579396797,0.8079010097105721
10209,408.36,1,False,505.0734543800354,0.3907999739502416,0.9310404043693998
10212,408.48,1,True,564.9823951721191,0.4153861268000169,0.9656091072139218
10215,408.6,1,False,594.179356098175,0.3855083083564585,0.9642522748783219
10218,408.72,1,False,487.9740500450134,0.3749772400567026,0.9645920949805667
10221,408.84,1,False,591.3801598548889,0.41878263155619305,0.9674702273171276
10224,408.96,1,False,614.3204498291016,0.40752520073543896,0.9623318950318451
10227,409.08,0,False,,,0.9066842821333511
10230,409.2,1,False,743.2848036289215,0.25748324845776416,0.9401707442555567
10233,409.32,1,False,755.4935324192047,0.23617320869005087,0.9239661872162745
10236,409.44,1,False,744.302476644516,0.22894593012152295,0.9122380350987545
10239,409.56,1,False,799.1895496845245,0.16781463835275534,0.9485624860615117
10242,409.68,1,False,709.1493701934814,0.15304597636515443,0.9590894907483727
10245,409.8,1,False,850.8110761642456,0.18702382944298512,0.9539173971072381
10248,409.92,1,False,682.027280330658,0.21949721285791107,0.9577874544478326
10251,410.04,0,False,,,0.8841307386461612
10254,410.16,1,False,425.39353251457214,0.2625738298238227,0.6218186415600958
10257,410.28,2,False,655.8610332012177,0.3312458179213784,0.7713466105515148
10260,410.4,2,False,721.8487179279327,0.6002677733247931,0.7445149404385277
10263,410.52,0,False,,,0.9473996147256821
10266,410.64,1,True,584.6457123756409,0.40889079372088116,0.20858000496253143
10269,410.76,1,True,548.4904789924622,0.4564250201889963,0.984777087579704
10272,410.88,1,True,604.1690504550934,0.4860967126759616,0.9940041826111458
10275,411.0,1,True,606.1281788349152,0.510012784690568,0.9946263840174346
10278,411.12,1,False,569.3450510501862,0.5148102334051421,0.9940121628226463
10281,411.24,1,True,533.6539149284363,0.4936538880521601,0.9970864349746742
10284,411.36,1,True,553.3812832832336,0.48196452946373913,0.9979280982416233
10287,411.48,1,True,553.4163665771484,0.48492664550289966,0.9889484510128914
10290,411.6,1,True,568.5179382562637,0.4557010928789775,0.9936713188286226
10293,411.72,1,False,295.0296449661255,0.4799237504149928,0.9950914655023062
10296,411.84,1,False,565.0001460313797,0.5222335150747588,0.9970819336485004
10299,411.96,1,False,525.3196692466736,0.5780413069508292,0.9970631821066435
10302,412.08,1,True,507.3057174682617,0.5951364726731272,0.9983332660609018
10305,412.2,1,True,546.6428446769714,0.6056431802836332,0.9966077911717838
10308,412.32,1,True,560.2067220211029,0.5992643778974359,0.992497089021362
10311,412.44,1,True,558.403730392456,0.6044346798549999,0.9919705301353353
10314,412.56,1,True,606.1855351924896,0.5605119268099467,0.9942047197694684
10317,412.68,1,True,595.1201677322388,0.5186751259095741,0.9966393551208287
10320,412.8,1,True,562.3001003265381,0.4767799034263148,0.9906377613719349
10323,412.92,1,True,578.041877746582,0.4587011933326721,0.9861595382009235
10326,413.04,1,True,540.0336670875549,0.434529286442381,0.9934619642752376
10329,413.16,1,True,527.5847625732422,0.4408663240346042,0.9931976122690707
10332,413.28,1,True,602.6129293441772,0.45673695929122693,0.9913754158526656
10335,413.4,1,True,598.7509989738464,0.4779121559677702,0.9940478758453516
10338,413.52,1,True,531.4731824398041,0.4328969802820321,0.31365091319136384
10341,413.64,1,False,374.2516493797302,0.43494851390520733,0.9934402906893601
10344,413.76,1,False,499.2519450187683,0.42390907488086005,0.9925821020641864
10347,413.88,1,False,523.2569324970245,0.4113122473160426,0.9937992591526797
10350,414.0,1,False,580.0207686424255,0.4352113622607607,0.9906115678070572
10353,414.12,1,False,689.7887349128723,0.44461464972207043,0.9905148645367678
10356,414.24,1,False,676.0732591152191,0.46114204598195624,0.9919202854241879
10359,414.36,1,False,699.8095536231995,0.47167118751641474,0.9930707565807768
10362,414.48,1,False,682.3395538330078,0.4761333366235097,0.9885360189841165
10365,414.6,1,False,704.2508733272552,0.48716658173185406,0.9909618581386184
10368,414.72,1,False,655.4840970039368,0.4941104758869518,0.988925674310005
10371,414.84,1,False,698.4376037120819,0.47909891515067127,0.9909947876780981
10374,414.96,1,False,666.245881319046,0.47308957847681915,0.9871721580937651
10377,415.08,1,False,710.3105306625366,0.473866318211411,0.9910342228172201
10380,415.2,1,False,739.4713139533997,0.46639182260542206,0.9892266166030295
10383,415.32,0,False,,,0.1728064977019916
10386,415.44,0,False,,,0.9961312683848852
10389,415.56,0,False,,,0.997105746382279
10392,415.68,0,False,,,0.9958962564582285
10395,415.8,0,False,,,0.9946639143590944
10398,415.92,1,False,310.4890179634094,0.14014651423150842,0.9954514248786616
10401,416.04,1,False,540.7357835769653,0.11858837938669956,0.9946391478129574
10404,416.16,1,False,479.52335357666016,0.09068253015478452,0.9910410400890528
10407,416.28,0,False,,,0.9963516011096053
10410,416.4,1,False,349.77989315986633,0.160595166638042,0.9895933061186839
10413,416.52,1,False,517.2667336463928,0.1408169659023935,0.9961379761744259
10416,416.64,1,True,531.1940288543701,0.1321564591066404,0.996236674399569
10419,416.76,1,False,188.02823781967163,0.10070623062325246,0.9953608782297927
10422,416.88,1,False,300.7289743423462,0.09152034399184314,0.9951234922931161
10425,417.0,1,False,446.9760990142822,0.10449019785631787,0.9955799642783286
10428,417.12,1,False,359.54299449920654,0.0899569033221765,0.9916970342373636
10431,417.24,1,False,393.0817222595215,0.05209525826979767,0.9901334087014702
10434,417.36,0,False,,,0.9818831488597899
10437,417.48,0,False,,,0.9803710679172728
10440,417.6,1,True,223.97750973701477,0.30237811623197614,0.9779333494911219
10443,417.72,1,True,189.56620573997498,0.2765046105240331,0.973952885924583
10446,417.84,1,True,202.33282327651978,0.2612975456497886,0.9761925272414199
10449,417.96,2,True,211.2354826927185,0.2443595506025083,0.9925633659702661
10452,418.08,1,True,232.10572957992554,0.22968713307019437,0.9972603309958337
10455,418.2,1,True,187.00300097465515,0.23044108531691812,0.9910383191211496
10458,418.32,1,False,90.13670682907104,0.2390179525722157,0.9880542472260422
10461,418.44,2,True,180.7437229156494,0.2599510545983459,0.9959275319185202
10464,418.56,1,True,224.5628535747528,0.2950977249578996,0.9819297111723566
10467,418.68,1,False,329.14270877838135,0.36457406571417145,0.976550492266504
10470,418.8,1,True,311.7701053619385,0.46037023627396784,0.9701756441519214
10473,418.92,2,False,253.90893459320068,0.5535873951333942,0.9333278327597502
10476,419.04,1,True,249.57849740982056,0.6187680995825565,0.9843518419900692
10479,419.16,1,True,311.6792106628418,0.6363910888180588,0.960717606898629
10482,419.28,2,True,262.6879334449768,0.6348519325256348,0.9440259329234687
10485,419.4,1,True,230.20563125610352,0.6238173138011586,0.9703448023758988
10488,419.52,1,True,222.22711086273193,0.6210629307862484,0.9894505526872155
10491,419.64,1,True,188.11649322509766,0.621926952492107,0.9899827178400984
10494,419.76,1,True,158.1948208808899,0.6292616345665671,0.9950307132315217
10497,419.88,1,True,150.90985536575317,0.6341963211695353,0.9962435382113979
10500,420.0,1,False,203.84288549423218,0.7092830466501641,0.14794169983497682
10503,420.12,1,False,437.6308751106262,0.6827583294926267,0.9300560930614272
10506,420.24,1,True,216.1630117893219,0.7894749785914565,0.5780986368319251
10509,420.36,1,False,153.0124068260193,0.6687575867681792,0.7966530606265881
10512,420.48,1,False,271.21259450912476,0.6700820922851562,0.7177144757614324
10515,420.6,1,True,203.2465499639511,0.7289213158867576,0.9397570531467527
10518,420.72,1,False,621.8030726909637,0.6813796451597502,0.9293009250593882
10521,420.84,1,True,466.2805366516113,0.7180714363401587,0.3845392779374515
10524,420.96,1,False,251.81974053382874,0.6540734587293683,0.6267988870813448
10527,421.08,1,False,520.5205321311951,0.6495345993475481,0.7669930728773087
10530,421.2,1,True,616.691951751709,0.746990801710071,0.6666222801553
10533,421.32,1,True,341.1393928527832,0.7757572477514093,0.7414089732414425
10536,421.44,1,True,171.13154411315918,0.7245843121499727,0.8559488321775316
10539,421.56,1,False,345.5839955806732,0.6280792951583862,0.5223018473824821
10542,421.68,0,False,,,0.8076425720445576
10545,421.8,1,False,372.71841287612915,0.5443939927852515,0.5112169169712513
10548,421.92,1,False,207.54661917686462,0.6356390696583372,0.6671848401835188
10551,422.04,1,True,350.3934967517853,0.744083968075839,0.8025356123745928
10554,422.16,1,False,343.43132972717285,0.7078930735588074,0.7246273409288987
10557,422.28,1,False,422.55889892578125,0.7025012699040499,0.5444369082108007
10560,422.4,1,False,401.5027105808258,0.7400063041484717,0.936092145317686
10563,422.52,1,False,318.75560760498047,0.7463760177294413,0.8938691405888537
10566,422.64,1,False,291.0231328010559,0.6654465650067185,0.9344862842775099
10569,422.76,1,False,500.8044934272766,0.7233334418499109,0.6561477419426838
10572,422.88,1,False,438.00353050231934,0.8112637996673584,0.7697323927777293
10575,423.0,1,True,483.8698196411133,0.808297979109215,0.6492820327099231
10578,423.12,2,False,468.0933451652527,0.8474429809685909,0.5801489203844798
10581,423.24,1,False,293.27667117118835,0.8144449952876929,0.6147050727711464
10584,423.36,1,True,306.18510246276855,0.810892950404774,0.6918099019545547
10587,423.48,2,False,260.8684301376343,0.7993886958469044,0.2687076585723281
10590,423.6,2,False,250.90818643569946,0.7979495380863999,0.8643398843000887
10593,423.72,1,False,118.68156909942627,0.7937314853523717,0.8504786954215668
10596,423.84,0,False,,,0.7352054561321384
10599,423.96,0,False,,,0.8843162023890742
10602,424.08,0,False,,,0.6908763436206514
10605,424.2,1,True,414.26958560943604,0.6961607517618121,0.6570053785148602
10608,424.32,1,False,389.70014333724976,0.7350651874686732,0.8738386322827428
10611,424.44,1,True,318.749041557312,0.7030323906378313,0.7974973291174723
10614,424.56,1,False,364.1698694229126,0.6465005757230701,0.6673198385576125
10617,424.68,0,False,,,0.256337351855511
10620,424.8,1,True,418.62905502319336,0.37814782785646844,0.9560266188056115
10623,424.92,1,True,445.03872871398926,0.38235614877758606,0.9586688990858587
10626,425.04,1,True,513.1073033809662,0.39968653068397986,0.9734607461889475
10629,425.16,1,True,464.2744642496109,0.4298877851529555,0.9773110736493802
10632,425.28,2,True,464.09312546253204,0.4634582996368408,0.9755659954764581
10635,425.4,1,True,436.04393541812897,0.47902412577108905,0.9694089322201017
10638,425.52,1,True,489.38417315483093,0.48562687093561346,0.9581731655042401
10641,425.64,1,True,477.6189261674881,0.4793200104525595,0.9773603597367987
10644,425.76,1,True,485.9551191329956,0.47969940665996436,0.9825163950221223
10647,425.88,1,True,518.3750921487808,0.4820637820344983,0.9751004695111087
10650,426.0,1,True,511.99551701545715,0.48840780781977106,0.9854445746667768
10653,426.12,1,True,475.59204518795013,0.5024274677941294,0.9877470729630806
10656,426.24,1,True,443.1467092037201,0.5244845937598835,0.9882094578742829
10659,426.36,1,True,491.49308145046234,0.5436232920848962,0.9894244379346973
10662,426.48,1,True,471.12261056900024,0.5359468017563676,0.996272957111716
10665,426.6,1,True,422.89878845214844,0.5246282554034031,0.995668635356317
10668,426.72,1,True,428.5094118118286,0.5307861078869213,0.9957758026720568
10671,426.84,1,True,454.39125895500183,0.5497900699124192,0.9935124795316321
10674,426.96,1,True,499.5425248146057,0.5673069953918457,0.989769788587372
10677,427.08,1,True,513.4967601299286,0.5917863322026802,0.9838318146258351
10680,427.2,1,True,535.3051149845123,0.6099127675547744,0.9736888280010042
10683,427.32,1,False,518.4303081035614,0.6242350141207377,0.9926597090051306
10686,427.44,1,True,471.1487942934036,0.6239719535365249,0.9896175111996356
10689,427.56,1,False,469.6285128593445,0.6277099432367267,0.9912249605292509
10692,427.68,1,True,492.88625836372375,0.6310959765405366,0.9974443561102856
10695,427.8,1,False,505.04315078258514,0.6221152327277444,0.9960095566054767
10698,427.92,1,False,463.7280982732773,0.6024569128498887,0.9965977957328696
10701,428.04,1,True,559.6845602989197,0.5427024075479219,0.9914976040619283
10704,428.16,1,True,576.2968218326569,0.49879293459834473,0.9938216108965452
10707,428.28,1,True,571.3476955890656,0.4499908342505946,0.9962493696056494
10710,428.4,1,False,529.8035073280334,0.412740044521563,0.992110353596114
10713,428.52,1,True,502.1239149570465,0.38395376548622595,0.9952734904740533
10716,428.64,1,True,522.2551596164703,0.375907094189615,0.9976252737628961
10719,428.76,1,True,627.5877606868744,0.42287599859815656,0.9950266332543208
10722,428.88,1,True,576.1171245574951,0.46643639965490863,0.9919871506934418
10725,429.0,1,False,452.79891192913055,0.5203877551989122,0.9936322371930082
10728,429.12,1,False,442.80933022499084,0.5914089173981638,0.9961223399237413
10731,429.24,1,True,637.7717006206512,0.6699504220124447,0.99646990845386
10734,429.36,1,False,630.2674162387848,0.7309755159146858,0.9976345745028827
10737,429.48,1,True,668.6114609241486,0.7609794446916291,0.9963179191413588
10740,429.6,1,True,638.0810451507568,0.7423850785602223,0.997628913557091
10743,429.72,1,True,646.9993472099304,0.7090427532340541,0.995118413836657
10746,429.84,1,True,567.1294283866882,0.6468328418153705,0.9953935814641435
10749,429.96,1,True,492.7094095945358,0.5811863108114763,0.9950658530126787
10752,430.08,1,False,471.9312483072281,0.5298156828591318,0.9928394666676742
10755,430.2,1,False,470.90144097805023,0.467717297149427,0.9912324147253565
10758,430.32,1,False,458.93203496932983,0.413037663156336,0.9922723960167763
10761,430.44,1,False,506.5507185459137,0.3720566612301451,0.9965128460196409
10764,430.56,1,True,603.7558078765869,0.3568874015049501,0.9905875777272612
10767,430.68,1,True,695.7398915290833,0.38405792595762195,0.9733281481509723
10770,430.8,1,False,669.9636161327362,0.4003823354388728,0.9753857416835584
10773,430.92,1,True,729.5725464820862,0.4195756022677277,0.993282501200509
10776,431.04,1,True,754.3277049064636,0.46677795775008923,0.9862119414179483
10779,431.16,1,False,558.4031188488007,0.5057161197517858,0.9734437883165273
10782,431.28,1,True,752.6228177547455,0.5551374428199999,0.9850713162889462
10785,431.4,0,False,,,0.9892013952500648
10788,431.52,1,True,721.7753648757935,0.5827604920575113,0.9953467383062715
10791,431.64,0,False,,,0.9811428691443015
10794,431.76,1,True,752.3624449968338,0.4746627482500943,0.9764508172746812
10797,431.88,1,False,966.98814868927,0.5104001381180503,0.9702074569485997
10800,432.0,1,True,676.6766917705536,0.43266767263412476,0.9852150327399795
10803,432.12,1,True,655.6334102153778,0.3792571019042622,0.992558949210056
10806,432.24,1,False,630.5795288085938,0.35460270083311834,0.9892579068382368
10809,432.36,1,False,445.8549463748932,0.30273265459320764,0.9895074912551276
10812,432.48,1,True,551.8142509460449,0.22920676004706006,0.992901543711629
10815,432.6,1,False,558.4315717220306,0.26882287634141516,0.9839742702091095
10818,432.72,1,False,290.5872309207916,0.3230779198083011,0.9660711319939074
10821,432.84,1,False,530.7472640275955,0.2922036051750183,0.9798182961506056
10824,432.96,1,False,588.7006974220276,0.3386422736626683,0.932034521301722
10827,433.08,1,False,758.4923815727234,0.40141171397584857,0.9462329349959115
10830,433.2,1,False,406.5287947654724,0.5697157464244149,0.9112872220438263
10833,433.32,0,False,,,0.9455489132694751
10836,433.44,0,False,,,0.9742284374376355
10839,433.56,0,False,,,0.9613917678950878
10842,433.68,1,False,320.32363772392273,0.5917141238848368,0.9664977921212567
10845,433.8,1,False,642.2710847854614,0.5535723458636891,0.9716043869266936
10848,433.92,0,False,,,0.9814882054902978
10851,434.04,1,False,306.64863646030426,0.35865604516231653,0.9809516175647761
10854,434.16,2,False,160.236314535141,0.3595392193758126,0.9731225464850107
10857,434.28,2,False,223.6468255519867,0.353622091087428,0.9766822512579973
10860,434.4,1,False,1083.0139446258545,0.29256746488990204,0.9163262366224081
10863,434.52,1,False,899.0864610671997,0.03292048428997849,0.8778237648605336
10866,434.64,0,False,,,0.0430911906236425
10869,434.76,0,False,,,0.9564602215026459
10872,434.88,1,True,500.0191104412079,0.6747314062985507,0.5118487118229279
10875,435.0,1,True,501.6224491596222,0.6624283465472135,0.914849783848999
10878,435.12,1,True,575.8221995830536,0.658503299409693,0.8326286078701408
10881,435.24,1,True,539.1041207313538,0.6520333001107881,0.9611135606276457
10884,435.36,1,True,491.3951861858368,0.65882613622781,0.7691943368183886
10887,435.48,1,True,494.89331245422363,0.6093963583310446,0.7798132556489499
10890,435.6,1,True,534.3133521080017,0.5909474979747426,0.9368111863114928
10893,435.72,1,True,497.6605796813965,0.6019129825360847,0.9572667698410138
10896,435.84,1,True,485.4416799545288,0.6159564076047955,0.9697333702502133
10899,435.96,1,True,518.5417699813843,0.616693812789339,0.9048687776664377
10902,436.08,1,True,528.3548086881638,0.6863607872616161,0.6951761535152641
10905,436.2,1,True,490.4256319999695,0.6379903157552084,0.7770130590974977
10908,436.32,1,True,434.83023047447205,0.6418607361388929,0.9358104064966036
10911,436.44,1,True,439.4551420211792,0.6292422359639948,0.9076279897000687
10914,436.56,1,False,336.0753929615021,0.6116829117139181,0.9348795506800726
10917,436.68,1,True,477.6306903362274,0.6186663941903547,0.8788616683474324
10920,436.8,1,False,406.74692273139954,0.6985267382679563,0.846766754426564
10923,436.92,1,False,456.21851921081543,0.6769345366593563,0.9159524779087742
10926,437.04,1,True,555.9072482585907,0.6602717439333597,0.8877671853071027
10929,437.16,1,True,411.775324344635,0.6350661227197358,0.83381799184897
10932,437.28,1,False,342.2084838151932,0.6177341901894772,0.8927022486635928
10935,437.4,0,False,,,0.9679240456509294
10938,437.52,1,True,409.4194006919861,0.5849680430961378,0.9513195096936677
10941,437.64,1,True,509.5289361476898,0.5843305605830569,0.9258868988804467
10944,437.76,1,False,145.45427441596985,0.5896678657242747,0.9034355213970644
10947,437.88,1,True,428.4594261646271,0.5389906989805626,0.9397111077184179
10950,438.0,1,True,506.77109956741333,0.5179156462351481,0.9808991453049372
10953,438.12,0,False,,,0.9736710042273331
10956,438.24,1,True,515.3413689136505,0.44902506019129895,0.9790509287963244
10959,438.36,1,False,556.1482930183411,0.4037786866679336,0.9858797940141694
10962,438.48,1,True,582.0200979709625,0.38286829988161725,0.9743503529196315
10965,438.6,1,True,639.4559562206268,0.3762660965774999,0.980756776821492
10968,438.72,1,True,615.8837485313416,0.34787308221513574,0.9728602353219781
10971,438.84,1,True,646.4989757537842,0.34894115635842987,0.9638391218653354
10974,438.96,1,True,711.2589061260223,0.36446192544518097,0.9784195877625581
10977,439.08,1,True,698.6927783489227,0.38591231541200116,0.9895647570128708
10980,439.2,1,True,784.2356979846954,0.3666264076124538,0.9951119968192834
10983,439.32,1,False,721.2058568000793,0.3269680363662315,0.993215885561359
10986,439.44,1,True,714.8305785655975,0.33192743135221076,0.993547735420079
10989,439.56,1,False,870.1704239845276,0.3167191513560035,0.9951678124244827
10992,439.68,1,False,497.0126974582672,0.25695998153903266,0.9835167773995978
10995,439.8,1,True,766.431650519371,0.33017502996054565,0.9938828570841535
10998,439.92,1,False,782.2199535369873,0.29787715614745114,0.9870428157582369
11001,440.04,1,False,1001.4291286468506,0.28898066688667645,0.9475185263534354
11004,440.16,1,False,1048.9095389842987,0.3215232037685134,0.947866523692151
11007,440.28,1,False,775.4923939704895,0.3022517284209078,0.8528650272292727
11010,440.4,1,False,652.4178493022919,0.32987538996067917,0.9502389052342622
11013,440.52,1,False,950.8623540401459,0.30869171153189556,0.9985861781633827
11016,440.64,1,False,892.4267184734344,0.23157130212833485,0.9993805094803898
11019,440.76,1,False,547.1534514427185,0.23768050178433908,0.9951490774104198
11022,440.88,1,False,372.1893310546875,0.28958132682424603,0.4371890175774481
11025,441.0,1,True,292.0799124240875,0.48028015729152795,0.04703689638389309
11028,441.12,1,True,323.1918740272522,0.48688202464219293,0.9983465086351714
11031,441.24,1,True,286.8292307853699,0.489910804864132,0.9990981999994232
11034,441.36,1,True,263.5095262527466,0.5004555149511858,0.9984442960243394
11037,441.48,1,True,269.9012517929077,0.5162982191100265,0.9988423389119626
11040,441.6,1,True,278.8478136062622,0.5312655902270115,0.9967723845686983
11043,441.72,1,True,296.5743398666382,0.5515523760607748,0.9985739354106107
11046,441.84,1,True,294.79719400405884,0.5733349792885057,0.9992681517404307
11049,441.96,1,True,292.4706244468689,0.5972276492552324,0.9990813128893812
11052,442.08,1,True,270.9670114517212,0.6195439244761611,0.998294118442248
11055,442.2,1,True,236.88156366348267,0.6283726619951653,0.9990825271948505
11058,442.32,1,True,208.20196866989136,0.6257373202930797,0.9989178267245886
11061,442.44,1,True,263.3334016799927,0.6258543838154186,0.9981420996591104
11064,442.56,1,True,270.827933549881,0.5967766172958143,0.9993036538827933
11067,442.68,1,True,275.0856614112854,0.5578676913723801,0.9986149598635459
11070,442.8,1,True,274.36352491378784,0.5182311272982395,0.9968535658263058
11073,442.92,1,True,263.22506189346313,0.47826217611630756,0.9984511772777441
11076,443.04,1,True,276.65085911750793,0.4565070370833079,0.9981676461760759
11079,443.16,1,True,236.59053325653076,0.43247418602307636,0.9965808320825672
11082,443.28,1,True,257.12340116500854,0.423746258020401,0.9962179590199433
11085,443.4,1,True,281.63230061531067,0.42630441170750244,0.9965339410461711
11088,443.52,1,True,305.98039627075195,0.44445365486723004,0.9968135905802324
11091,443.64,1,True,309.2003345489502,0.46600565494913043,0.9970874558862347
11094,443.76,1,True,327.56962537765503,0.4844326918775385,0.9971470866110685
11097,443.88,1,True,260.48109769821167,0.5051381822788354,0.9954419086834955
11100,444.0,1,False,255.75212717056274,0.5031005451173494,0.9917489215545053
11103,444.12,2,False,265.6209933757782,0.4997359315554301,0.9966881322560422
11106,444.24,1,True,212.94864177703857,0.5037290038484515,0.9898627631580529
11109,444.36,2,True,326.37125730514526,0.46765364841981366,0.9975703774914229
11112,444.48,1,True,289.73235726356506,0.4246227325815143,0.9976612608692462
11115,444.6,1,True,296.1659896373749,0.38944739283937396,0.9966509685741904
11118,444.72,1,False,272.2130799293518,0.3578828780940085,0.9984495931720951
11121,444.84,1,False,194.51735973358154,0.3332278177593694,0.9946041708360894
11124,444.96,1,False,178.33951950073242,0.3192092523430333,0.9972573809748285
11127,445.08,1,True,306.83069944381714,0.3054312083757285,0.9937096468036939
11130,445.2,1,True,302.23758816719055,0.3164377776962338,0.986960352239299
11133,445.32,1,True,326.2475323677063,0.33835934779860755,0.9942987219256867
11136,445.44,1,True,343.4087026119232,0.3683975104129676,0.9942130158528927
11139,445.56,1,True,354.4679546356201,0.39741901285720593,0.9974221355899955
11142,445.68,2,True,359.3288254737854,0.42824901685570227,0.9903874355622242
11145,445.8,1,True,412.8640329837799,0.4633254490115426,0.9897459596179287
11148,445.92,0,False,,,0.9954887672254771
11151,446.04,0,False,,,0.9929989097041708
11154,446.16,1,True,316.35278820991516,0.49863549254157324,0.9945662167564232
11157,446.28,1,True,346.82855129241943,0.4835593086300474,0.9952498026005366
11160,446.4,1,True,348.39574456214905,0.4525150178056775,0.9962262147340188
11163,446.52,1,True,342.67900228500366,0.4328231224507997,0.9818794263086363
11166,446.64,1,False,372.38637685775757,0.41235423629934137,0.9858180014064927
11169,446.76,1,False,385.00458240509033,0.3915765420957045,0.9888951851540082
11172,446.88,1,True,323.03924560546875,0.3621432708971428,0.9936828651621054
11175,447.0,1,True,352.7640974521637,0.3419888498205127,0.9939748812888815
11178,447.12,1,True,382.52992272377014,0.35161808584675647,0.9952910860454226
11181,447.24,1,True,388.1951665878296,0.36503585721507215,0.995296820496441
11184,447.36,1,True,408.91433000564575,0.3907470441225803,0.9895787547984024
11187,447.48,1,True,407.33773827552795,0.4235951069629554,0.9849788484578219
11190,447.6,1,True,404.8942029476166,0.4482353618650725,0.9885809867898651
11193,447.72,1,True,398.7252724170685,0.48882218743815564,0.9916806474381464
11196,447.84,1,True,383.6392629146576,0.5058628943833438,0.9886273837591569
11199,447.96,1,True,365.04624366760254,0.5132277517607717,0.9868034522698232
11202,448.08,1,False,331.74054622650146,0.4876923886212436,0.9876454201598471
11205,448.2,1,True,286.9140100479126,0.4563217443047148,0.9810033545983248
11208,448.32,2,False,305.3660845756531,0.42084823232708557,0.9717014283188948
11211,448.44,1,False,347.28646874427795,0.39067383336298395,0.987556463604263
11214,448.56,1,True,363.9849901199341,0.36755561557683075,0.9716059361834312
11217,448.68,1,True,376.4293885231018,0.3424453581824447,0.9776111120070613
11220,448.8,1,True,372.00828194618225,0.32039899672522687,0.9544386345646315
11223,448.92,1,True,379.3600022792816,0.373680905862288,0.9669149718983903
11226,449.04,1,False,325.0726282596588,0.41550760196916986,0.9513218355597116
11229,449.16,1,False,302.0725357532501,0.45614061482024915,0.941219697982905
11232,449.28,1,True,295.26885509490967,0.4396691331357667,0.9471382203959043
11235,449.4,1,True,282.27580547332764,0.4463422578392607,0.9713533084562691
11238,449.52,1,True,242.23456621170044,0.43683486273794464,0.940829215017518
11241,449.64,1,True,243.82554531097412,0.4300417737527327,0.9479928142547718
11244,449.76,1,True,204.64825630187988,0.42484247142618353,0.9820620235189448
11247,449.88,1,True,200.59327125549316,0.43900173541271326,0.992673889743731
11250,450.0,1,True,672.2769731283188,0.35283926219651196,0.3277886906606168
11253,450.12,1,True,667.4775463342667,0.37708199656370917,0.990973887983722
11256,450.24,1,True,630.9501242637634,0.3959408989458373,0.9920256146132244
11259,450.36,1,True,708.8347148895264,0.434080931724924,0.9921698004241811
11262,450.48,1,True,711.9178122282028,0.4582950779885957,0.9887801473866672
11265,450.6,1,True,621.1806339025497,0.51041805563551,0.9705119580149699
11268,450.72,1,True,648.0773538351059,0.5476638322526758,0.9868207760954962
11271,450.84,1,True,628.1365889310837,0.5675409056923606,0.9881441588051255
11274,450.96,1,True,624.5670086145401,0.5892499414357272,0.9932111333241256
11277,451.08,1,True,615.71562230587,0.5973301493760311,0.9861637954742515
11280,451.2,1,True,667.7389490604401,0.5762024955316023,0.9958250380717208
11283,451.32,1,True,582.4145758152008,0.5143493115901947,0.9963005064923516
11286,451.44,1,True,561.5905809402466,0.46542882287141046,0.9923092185047591
11289,451.56,1,True,590.9431475400925,0.4433905157175931,0.9904718066929187
11292,451.68,1,True,584.3712419271469,0.43358738314021716,0.9874381912103612
11295,451.8,1,True,599.249085187912,0.44002405441168585,0.9835409711434253
11298,451.92,1,True,597.9008728265762,0.449102088357463,0.9898944081673474
11301,452.04,1,True,519.9902111291885,0.45285205497886194,0.9913628765629133
11304,452.16,1,True,498.7342894077301,0.44270589315530023,0.9941451735938838
11307,452.28,1,True,453.23103189468384,0.43736435789050476,0.9945763042492473
11310,452.4,2,True,463.9128005504608,0.45408739736585907,0.9960420685581788
11313,452.52,1,True,495.73634147644043,0.4813457935145407,0.9929598430219005
11316,452.64,1,True,573.4090322256088,0.5234799421194828,0.9975109851139472
11319,452.76,1,False,434.3980622291565,0.5524146349141092,0.9969766073519076
11322,452.88,1,True,494.8191547393799,0.5891629457473755,0.9956570783271659
11325,453.0,1,True,518.4013724327087,0.6277145454377839,0.9944446062005898
11328,453.12,1,True,471.5741229057312,0.6130342718326685,0.9906636482989688
11331,453.24,1,True,465.4437518119812,0.6014238957202795,0.9913063238619756
11334,453.36,1,True,493.30383002758026,0.5686236069057927,0.9957551433415713
11337,453.48,1,True,470.48111736774445,0.5246716638406118,0.9972170811974508
11340,453.6,1,True,509.47624683380127,0.46757017933961115,0.994042473959051
11343,453.72,2,True,554.1896957159042,0.4369729883743055,0.994026177158298
11346,453.84,2,True,560.2779024839401,0.42224353461554553,0.9926637438206025
11349,453.96,1,True,494.2001277208328,0.4417642309810176,0.9815426719113655
11352,454.08,1,True,488.69728088378906,0.45861119664076605,0.957140815268103
11355,454.2,2,True,463.6842119693756,0.45523573954900104,0.978025835536383
11358,454.32,1,True,453.669251203537,0.4675261107358066,0.9876976367277741
11361,454.44,1,True,474.32503938674927,0.4885864429401629,0.9933995831783791
11364,454.56,1,True,467.0874845981598,0.5327085075956403,0.9913969166553668
11367,454.68,1,True,508.86351227760315,0.5561484531922773,0.9889163880680203
11370,454.8,1,True,530.2579808235168,0.5772944634610956,0.995895241343931
11373,454.92,1,True,632.0113295316696,0.6040164105819933,0.9940846752585943
11376,455.04,1,False,547.7047419548035,0.6247155395421115,0.9947461810941945
11379,455.16,1,True,525.292729139328,0.6417122916741804,0.9905206701801639
11382,455.28,1,True,497.7654755115509,0.6424774039875377,0.9953442990718742
11385,455.4,1,True,535.3659796714783,0.6318465128089442,0.9847392140527503
11388,455.52,1,True,560.3846651315689,0.5970132657975862,0.9850129210896048
11391,455.64,1,True,505.0503122806549,0.5766984621683756,0.9843974100670897
11394,455.76,1,True,490.6369525194168,0.558956037868153,0.9632643411667945
11397,455.88,1,True,467.32640504837036,0.5357692097172593,0.9869514207852162
11400,456.0,1,True,430.7270622253418,0.49732515848044195,0.983190176091018
11403,456.12,1,True,399.1881787776947,0.4573573876510967,0.985699612624799
11406,456.24,1,True,388.65029990673065,0.4341348201939554,0.9923337612422685
11409,456.36,1,True,408.134161233902,0.4149767593903975,0.9791808447752696
11412,456.48,1,True,412.26090610027313,0.38129673627289856,0.9852798772849518
11415,456.6,1,True,404.0186333656311,0.3236033482985063,0.963871574473687
11418,456.72,1,True,404.1338610649109,0.2801607327930855,0.9199693171439836
11421,456.84,1,True,452.64195442199707,0.22478821444692035,0.9080746840586263
11424,456.96,1,True,509.30514335632324,0.17440769031192316,0.9674834244483094
11427,457.08,1,True,457.39953875541687,0.17667900172598433,0.9562523065907301
11430,457.2,1,False,408.60366582870483,0.24462793970649893,0.9862163550140567
11433,457.32,1,False,377.90095567703247,0.36312242123213684,0.9896812542504356
11436,457.44,1,False,540.5596590042114,0.5721460029934392,0.9843311129412221
11439,457.56,1,True,646.0613358020782,0.7656756133744211,0.9867753005518527
11442,457.68,2,False,439.85390067100525,0.8873184359434879,0.9751243630744902
11445,457.8,2,True,455.7793664932251,0.918155368530389,0.9566117707578704
11448,457.92,1,True,414.580442905426,0.8469616824930365,0.8907970944197697
11451,458.04,2,True,353.69924426078796,0.7719357591686826,0.9621955522220811
11454,458.16,1,True,270.87347745895386,0.715895105491985,0.9664608359856822
11457,458.28,1,True,271.8714201450348,0.6258840055176706,0.9629257382121206
11460,458.4,2,True,273.8805019855499,0.5675292863990321,0.9763739659642974
11463,458.52,0,False,,,0.9832740681155182
11466,458.64,0,False,,,0.987887917164035
11469,458.76,0,False,,,0.0967495897598808
11472,458.88,0,False,,,0.988831113187694
11475,459.0,0,False,,,0.9929592243159853
11478,459.12,0,False,,,0.9892949937396227
11481,459.24,0,False,,,0.9678121471337037
11484,459.36,0,False,,,0.9838511990752334
11487,459.48,0,False,,,0.9882422687042038
11490,459.6,1,True,146.99835777282715,0.2633251579421939,0.9839993431078711
11493,459.72,0,False,,,0.9859915736524265
11496,459.84,0,False,,,0.9815096630996305
11499,459.96,0,False,,,0.9910337639812921
11502,460.08,1,False,74.91100788116455,0.5671171103463029,0.9940995425230922
11505,460.2,1,True,73.87714505195618,0.6140173005335259,0.9893271511827195
11508,460.32,0,False,,,0.9919381327873011
11511,460.44,0,False,,,0.9954348218897265
11514,460.56,0,False,,,0.9979320288635551
11517,460.68,0,False,,,0.9975069767889626
11520,460.8,0,False,,,0.9933231571184874
11523,460.92,0,False,,,0.9975117919193508
11526,461.04,0,False,,,0.9953409571498746
11529,461.16,0,False,,,0.9945189276795253
11532,461.28,0,False,,,0.9970103539763823
11535,461.4,1,True,610.6771302223206,0.42359874736179004,0.1263042956827888
11538,461.52,1,False,440.3115123510361,0.40465508446548926,0.9978975784191386
11541,461.64,1,True,465.7996863126755,0.36704975637522613,0.9975947772744426
11544,461.76,1,True,426.4851379394531,0.3808598148100304,0.9988506565193355
11547,461.88,1,True,477.25539565086365,0.4070403774579366,0.9980037090623761
11550,462.0,1,True,504.6017450094223,0.445356752836343,0.9983531060749283
11553,462.12,1,True,549.0952152013779,0.4900977485107653,0.9987595438505698
11556,462.24,1,True,471.59219563007355,0.5450768362392079,0.9991066396958894
11559,462.36,1,False,558.4443336725235,0.6023381587230798,0.9980943505622314
11562,462.48,1,True,580.9713006019592,0.6449186187801939,0.9964811295330402
11565,462.6,1,True,577.7191114425659,0.6768305030736056,0.9990085644652786
11568,462.72,1,True,838.7466716766357,0.6917381720109419,0.9978361163813687
11571,462.84,1,True,665.6406140327454,0.6524756081176527,0.9966264595443116
11574,462.96,1,True,713.0030286312103,0.5664719343185425,0.9960343631704468
11577,463.08,1,True,761.4251357316971,0.5087181979959662,0.9884438593949687
11580,463.2,1,False,496.620215177536,0.4167489626190879,0.9769303367101575
11583,463.32,1,False,505.19193291664124,0.37038195178364264,0.9870109619580696
11586,463.44,1,True,557.2959190607071,0.347681412191102,0.9838311314629155
11589,463.56,2,False,394.50824439525604,0.33441017613266455,0.9918011509982606
11592,463.68,1,False,602.9034447669983,0.20688987952290158,0.9884519025203068
11595,463.8,1,False,533.3536791801453,0.16991691629994998,0.9868892838547516
11598,463.92,1,False,776.519079208374,0.13473968930316693,0.9954982983144955
11601,464.04,1,False,501.84112429618835,0.1386293854677316,0.9886293200955141
11604,464.16,2,False,642.3123478889465,0.2279026670889421,0.22208879476063398
11607,464.28,2,False,532.0821833610535,0.27281949319171184,0.8433325423787363
11610,464.4,2,False,512.1074295043945,0.2808724364096468,0.8902569974636567
11613,464.52,1,True,437.61722803115845,0.6213202928051804,0.9162535808079889
11616,464.64,1,True,437.9638123512268,0.6029965317610538,0.9498333455461083
11619,464.76,1,True,496.54106855392456,0.5892231211517797,0.8247635733654763
11622,464.88,1,True,453.3369576931,0.5926251592058124,0.8174625540564963
11625,465.0,1,True,432.53275752067566,0.6239351846955039,0.9261710983551856
11628,465.12,1,True,496.50843143463135,0.6269752473542185,0.9764234547337717
11631,465.24,1,True,518.7997770309448,0.6258241191054835,0.9448967476426828
11634,465.36,1,True,423.41628313064575,0.6109184496330492,0.9325008897790776
11637,465.48,1,False,245.99086046218872,0.6072404222054915,0.7498136481867941
11640,465.6,0,False,,,0.8328590419271513
11643,465.72,1,True,398.428190946579,0.5873072165431399,0.9486163633344351
11646,465.84,1,True,482.450008392334,0.5504201786084608,0.9182375314511289
11649,465.96,0,False,,,0.948432988482769
11652,466.08,1,False,301.4542007446289,0.4516068651820674,0.9271381341903802
11655,466.2,1,True,332.7898907661438,0.447509866772276,0.873023736154378
11658,466.32,1,False,350.9563422203064,0.6150398380828627,0.9355837579196356
11661,466.44,0,False,,,0.945209765712479
11664,466.56,0,False,,,0.7867622476443368
11667,466.68,0,False,,,0.9399961995198107
11670,466.8,1,True,439.9796533584595,0.5403286372170304,0.9489353302172521
11673,466.92,1,True,433.44218730926514,0.5365617202989983,0.9840699869776977
11676,467.04,1,True,403.60310554504395,0.5263497540445039,0.9315659993095147
11679,467.16,1,False,439.36295986175537,0.5444202585653826,0.9646466295228796
11682,467.28,1,True,494.0302312374115,0.5496225627985868,0.8968566034608145
11685,467.4,1,True,459.82749581336975,0.5363758639855818,0.9682921210924882
11688,467.52,1,True,451.32649183273315,0.5293559224316569,0.9309215124907931
11691,467.64,0,False,,,0.9903054236890692
11694,467.76,1,True,534.0224665403366,0.47632983236601856,0.9392426700075522
11697,467.88,1,True,519.8748064041138,0.44033677740530536,0.9842950604158466
11700,468.0,1,True,541.606348156929,0.44836918512980145,0.948347030052678
11703,468.12,1,True,525.4813742637634,0.4340574380123254,0.9672828952846076
11706,468.24,1,True,542.0819842815399,0.4472546532298579,0.9561220245274955
11709,468.36,1,True,512.8758502006531,0.40788057627099933,0.9169255238467116
11712,468.48,1,True,593.088104724884,0.4340297661044381,0.871685003089219
11715,468.6,1,True,635.4898059368134,0.427858930645567,0.9001260837777062
11718,468.72,1,True,713.734370470047,0.37287766283208673,0.9179985371323638
11721,468.84,1,True,698.8222002983093,0.3522231691714489,0.9682781859785914
11724,468.96,1,True,746.1138367652893,0.3501740942398707,0.9836446699340575
11727,469.08,1,True,760.6907844543457,0.3572811263077187,0.9605074150545023
11730,469.2,1,True,805.5826431512833,0.3770476710615736,0.9741878687045253
11733,469.32,1,True,828.2004404067993,0.38114254853942175,0.9522636910471642
11736,469.44,1,True,833.39186668396,0.3399957594546405,0.9522903858216284
11739,469.56,1,True,705.061297416687,0.31843871103994775,0.9430338889621885
11742,469.68,1,False,675.1323187351227,0.3397947120847124,0.9584637113415801
11745,469.8,1,False,631.2017583847046,0.343405956120202,0.9580349086228017
11748,469.92,1,False,594.6645033359528,0.3099774998245817,0.955749034414406
11751,470.04,1,False,686.4402115345001,0.26972363798907306,0.9690744423869361
11754,470.16,1,True,789.4836115837097,0.28043277606819617,0.9838769041718599
11757,470.28,1,False,763.9551723003387,0.2541526108980179,0.9726194164554046
11760,470.4,1,False,864.9410176277161,0.28934453202016425,0.9801453137016227
11763,470.52,1,False,518.9798927307129,0.33710448759974854,0.7641528637853143
11766,470.64,1,False,752.8566205501556,0.38422659129807446,0.7140839973989166
11769,470.76,1,False,648.682701587677,0.4940130507404154,0.6928116229103736
11772,470.88,0,False,,,0.8249412485339372
11775,471.0,0,False,,,0.9426155555869227
11778,471.12,1,False,213.96560668945312,0.0637686417409868,0.3157136302000059
11781,471.24,0,False,,,0.9985315470462437
11784,471.36,0,False,,,0.9984707168634943
11787,471.48,1,False,224.11736011505127,0.09708059838775432,0.9981541237707178
11790,471.6,1,False,486.83664321899414,0.13136473365805365,0.997646865738936
11793,471.72,1,False,519.3165636062622,0.12938263560786392,0.9982546897420719
11796,471.84,1,False,402.8003740310669,0.12608138155756574,0.9984015006448029
11799,471.96,1,True,485.9139847755432,0.12624047177307535,0.9984234548831433
11802,472.08,1,False,636.0089099407196,0.04295009408484806,0.9985405343264
11805,472.2,1,True,451.18374466896057,0.03770943922978459,0.9988520938391633
11808,472.32,0,False,,,0.9980604319523527
11811,472.44,0,False,,,0.998586114932951
11814,472.56,1,False,453.8042414188385,0.07055494595657695,0.998792022793026
11817,472.68,1,True,387.57459461688995,0.05783911083232273,0.9987284073767957
11820,472.8,0,False,,,0.9948506815871985
11823,472.92,0,False,,,0.9981211038831951
11826,473.04,0,False,,,0.9987272682794285
11829,473.16,0,False,,,0.9984511537362815
11832,473.28,0,False,,,0.9985082499968325
11835,473.4,1,True,550.0226211547852,0.43514843601169007,0.9990473163432559
11838,473.52,0,False,,,0.9987258792412631
11841,473.64,0,False,,,0.9987142320760481
11844,473.76,0,False,,,0.9989162356568151
11847,473.88,0,False,,,0.998597718642234
11850,474.0,1,False,141.988205909729,0.3589053849379222,0.9985782461801663
11853,474.12,0,False,,,0.9980083373588743
11856,474.24,1,True,509.06564354896545,0.320178924184857,0.9987262136202153
11859,474.36,0,False,,,0.9980934389074541
11862,474.48,1,True,526.3555920124054,0.2882344894336932,0.9980913723664698
11865,474.6,1,True,445.36561489105225,0.29353972005121637,0.9981766551849887
11868,474.72,0,False,,,0.998074318299454
11871,474.84,1,True,227.32091546058655,0.42133342587586603,0.9975207171980613
11874,474.96,1,True,238.54354619979858,0.4348703514445912,0.9974763496055167
11877,475.08,2,True,247.45586156845093,0.4298035836581028,0.9976156547503809
11880,475.2,1,True,242.86081910133362,0.41459940870602924,0.9798460820541697
11883,475.32,1,True,248.56822729110718,0.3947182975032113,0.9968154783786596
11886,475.44,2,True,273.89183163642883,0.37224819894992944,0.9973538010231897
11889,475.56,1,False,233.6533534526825,0.35220377643903095,0.9978195150922218
11892,475.68,2,False,220.03163695335388,0.3343554265571363,0.9957313587434232
11895,475.8,2,False,173.80749821662903,0.32420255559863465,0.9983636730212927
11898,475.92,2,False,173.23905229568481,0.316671427452203,0.9976593195653884
11901,476.04,2,True,250.41396260261536,0.3228206074599064,0.996621405332531
11904,476.16,2,True,255.32211542129517,0.35785648317048047,0.9831262093468321
11907,476.28,1,True,270.3636109828949,0.38912236509901105,0.9884902669499058
11910,476.4,1,True,276.8574643135071,0.4257934003165274,0.9721485075667624
11913,476.52,1,True,286.67125940322876,0.46557629830909497,0.9933426609607552
11916,476.64,1,True,243.54729294776917,0.49797516880613385,0.9978962606122287
11919,476.76,1,False,213.772873878479,0.5302731268333666,0.9926096593803216
11922,476.88,1,False,86.08429670333862,0.5364338556925455,0.9946482794279101
11925,477.0,1,True,259.694459438324,0.5454763011498884,0.9960386057242324
11928,477.12,1,True,297.0206379890442,0.5213836883053635,0.9907513706883379
11931,477.24,1,True,306.61041498184204,0.4891359842184818,0.9921569157416507
11934,477.36,1,True,295.35611271858215,0.4508507044026346,0.9942903056255779
11937,477.48,1,True,252.95032382011414,0.40826318209821527,0.9831992535541667
11940,477.6,1,False,328.3182191848755,0.37198184114513977,0.9840250908995724
11943,477.72,1,True,336.4549684524536,0.3333554647185586,0.9743102048138648
11946,477.84,1,True,336.50196075439453,0.31224163779706665,0.9614617669493631
11949,477.96,1,True,341.8366813659668,0.29429407372619165,0.9786442101850437
11952,478.08,1,True,366.28291368484497,0.2914722421855638,0.9793561917719682
11955,478.2,1,True,350.53791761398315,0.288662081415003,0.9375210350909635
11958,478.32,1,True,305.30985474586487,0.3047783067732146,0.9660405334918168
11961,478.44,0,False,,,0.9780260485012038
11964,478.56,1,True,264.75977897644043,0.3313838676972823,0.9537453090387727
11967,478.68,0,False,,,0.9226460683073708
11970,478.8,0,False,,,0.9377518217898213
11973,478.92,0,False,,,0.9458076217250769
11976,479.04,1,False,141.37495636940002,0.3374062008929975,0.9161373532733644
11979,479.16,2,True,119.50432062149048,0.3585158469098987,0.8847776144029694
11982,479.28,1,True,194.8257064819336,0.41657206777370337,0.9493858021807915
11985,479.4,2,True,209.10274028778076,0.4896965649994937,0.899935503466826
11988,479.52,1,True,276.6007447242737,0.5464541451497511,0.9571116839730046
11991,479.64,1,True,263.14266443252563,0.5786374066815232,0.9662779703606289
11994,479.76,0,False,,,0.9898580223404979
11997,479.88,1,True,256.43036127090454,0.60856068314928,0.9923492091831516
12000,480.0,1,True,236.30845069885254,0.6309819004752419,0.9918961825315661
12003,480.12,1,False,211.2141752243042,0.6436666069608746,0.9951200025930254
12006,480.24,1,True,136.842999458313,0.6591094840656627,0.9957184548627879
12009,480.36,0,False,,,0.9970849523134739
12012,480.48,0,False,,,0.9979914074762124
12015,480.6,0,False,,,0.9952706194181468
12018,480.72,0,False,,,0.9983352483430145
12021,480.84,0,False,,,0.9991146197498113
12024,480.96,0,False,,,0.9981793364511018
12027,481.08,0,False,,,0.9983340446321417
12030,481.2,0,False,,,0.9826176698101077
12033,481.32,0,False,,,0.9984947043820847
12036,481.44,1,False,945.4717898368835,0.5961787619374015,0.1855174756785194
12039,481.56,1,False,916.9698643684387,0.5546809344580679,0.9894812918558843
12042,481.68,1,False,922.9729700088501,0.5588791930314266,0.9873925236151789
12045,481.8,1,False,417.05294609069824,0.6470519611329744,0.9828067605781029
12048,481.92,1,False,315.06259202957153,0.7109065543521534,0.988530212365436
12051,482.04,1,False,1760.7687878608704,0.4921626557003368,0.9903969956785176
12054,482.16,1,False,1939.3935441970825,0.4673243711392085,0.9896861167316225
12057,482.28,1,False,1281.8183541297913,0.4516446256276333,0.9899928766254216
12060,482.4,1,False,1431.414291858673,0.4320249476216056,0.9892784065232295
12063,482.52,1,False,1777.7239322662354,0.4480315058520346,0.9875071159746143
12066,482.64,1,False,1749.997444152832,0.46535812905340485,0.9854720508894198
12069,482.76,1,False,1828.47909450531,0.4693757024678317,0.9836004745785709
12072,482.88,1,False,1910.414743423462,0.42226009116028296,0.988581379615669
12075,483.0,1,False,1399.5464944839478,0.4057593038587859,0.9904924542584274
12078,483.12,1,False,1335.707516670227,0.4401650952570366,0.982926602487565
12081,483.24,1,False,1148.2941055297852,0.48448252045747003,0.9857742639713637
12084,483.36,1,False,1399.351122379303,0.5145957804087437,0.9679405004989681
12087,483.48,1,False,1331.500997543335,0.5015838019775621,0.9862062495440644
12090,483.6,1,False,1503.220009803772,0.5315800218871145,0.9842198766151423
12093,483.72,1,False,1213.8725066184998,0.5901544238581802,0.9922412626514417
12096,483.84,1,False,1690.1636910438538,0.6004320112141696,0.9801483284520293
12099,483.96,1,False,1271.01224899292,0.5235094518372507,0.9800873699693892
12102,484.08,1,False,989.1741156578064,0.5473532703789797,0.9855423193376629
12105,484.2,1,False,665.799036026001,0.5197891592979431,0.9780625682826474
12108,484.32,1,False,532.3141515254974,0.5459621413187548,0.9867203920341104
12111,484.44,1,True,493.9606761932373,0.48976954637151776,0.9867341245347008
12114,484.56,0,False,,,0.9902625482812222
12117,484.68,1,False,557.8185153007507,0.49865945089947095,0.9912806428326504
12120,484.8,1,False,456.38691902160645,0.49002203887159174,0.9907239282521858
12123,484.92,1,False,655.3460490703583,0.47564476457509125,0.9948421295521688
12126,485.04,1,False,640.4578900337219,0.4973656950574933,0.9920293151138144
12129,485.16,1,False,654.0500593185425,0.5026229285832607,0.9925299874449678
12132,485.28,1,False,602.3003339767456,0.5218051951943021,0.9920964263487101
12135,485.4,1,True,626.394864320755,0.5122538768883907,0.9936929546359361
12138,485.52,1,False,694.7991764545441,0.47367377534057153,0.992914818590349
12141,485.64,1,False,611.3171911239624,0.49473076697551843,0.9856450846392147
12144,485.76,1,False,595.3832602500916,0.5384299429980192,0.9840896349721437
12147,485.88,1,False,690.8239817619324,0.6156761980418003,0.9833978677085021
12150,486.0,1,False,652.9836559295654,0.6007799018513073,0.985404984337052
12153,486.12,1,False,720.1851260662079,0.6211981935934587,0.978524230771619
12156,486.24,1,False,699.8842906951904,0.49892978234724566,0.9778416158443467
12159,486.36,1,False,826.4263844490051,0.4991852216648333,0.9765451135129165
12162,486.48,0,False,,,0.980398995266212
12165,486.6,0,False,,,0.9496664843327218
12168,486.72,1,False,1321.4863586425781,0.6644471937959845,0.9479897952718683
12171,486.84,2,False,754.7610640525818,0.6635960322437864,0.25535946713771773
12174,486.96,2,False,588.27103972435,0.6136050946784742,0.9940880055014754
12177,487.08,2,False,466.39962673187256,0.5099090139071146,0.9923892607606475
12180,487.2,2,False,431.35862588882446,0.4933509284799749,0.9946701646173797
12183,487.32,2,False,339.37042236328125,0.387855305816188,0.9963880898216128
12186,487.44,1,True,491.57427191734314,0.514671499078924,0.9968273159422484
12189,487.56,1,True,510.5895137786865,0.5159221932743535,0.9946501470520304
12192,487.68,1,True,542.9768335819244,0.534421261512872,0.9918838960914222
12195,487.8,1,True,569.6845865249634,0.5570000545545057,0.9860683210277215
12198,487.92,1,True,569.0566599369049,0.5974162293202949,0.9859847621859302
12201,488.04,1,True,551.9996452331543,0.6316499962951198,0.9896346497280581
12204,488.16,1,True,554.3945467472076,0.6540956912618695,0.9878785411695093
12207,488.28,1,False,545.6294202804565,0.6690784132841862,0.9916295259990849
12210,488.4,1,True,563.1271648406982,0.6693082849184672,0.9949285441510743
12213,488.52,1,True,632.2517144680023,0.6510024630662167,0.9910796767733733
12216,488.64,1,True,662.097555398941,0.6380322972933451,0.988473468341322
12219,488.76,1,True,614.6329808235168,0.6323909633087389,0.9819475367363999
12222,488.88,1,False,511.775763630867,0.5908446980245186,0.9832332282082236
12225,489.0,1,False,449.0375804901123,0.5296749553897164,0.9954015207653637
12228,489.12,2,False,413.5329008102417,0.47601763768629596,0.9955775459957806
12231,489.24,1,True,584.9239647388458,0.4308647034746228,0.9954738940405514
12234,489.36,1,False,596.6844964027405,0.4536002720847274,0.9905939322901532
12237,489.48,1,True,601.328381896019,0.47098534576820605,0.980591597425839
12240,489.6,1,False,650.7113528251648,0.4609544882268617,0.9781507833831588
12243,489.72,1,True,630.2405726909637,0.5038285508300319,0.9676785170370689
12246,489.84,1,True,804.4674772024155,0.5325874641086116,0.9910764805758097
12249,489.96,1,False,714.6421909332275,0.5591968180555286,0.9794422866620964
12252,490.08,1,True,724.9192786216736,0.5754611636653091,0.9895315831591724
12255,490.2,1,False,458.3120906352997,0.5815072583429741,0.9968327029362686
12258,490.32,1,False,702.6527166366577,0.5729460147294131,0.9901303580866139
12261,490.44,1,True,802.792249917984,0.5525306996070978,0.9845773052245179
12264,490.56,1,False,685.6846976280212,0.5139849718773004,0.9871960543905988
12267,490.68,1,True,576.76313996315,0.46884821581118036,0.9821297650809903
12270,490.8,1,True,563.7163066864014,0.41563220367287146,0.9803217614537316
12273,490.92,1,False,553.7220418453217,0.35852997321071045,0.9877310940866846
12276,491.04,1,False,516.8688762187958,0.330004739038872,0.9936293597363011
12279,491.16,1,False,501.96465611457825,0.3048985027002566,0.9923540270251016
12282,491.28,1,False,291.6140127182007,0.3572678326657324,0.9730635393770184
12285,491.4,0,False,,,0.9685391197251224
12288,491.52,1,False,580.9798622131348,0.47753521980661334,0.9828329347578793
12291,491.64,1,False,804.5150327682495,0.5268104527935837,0.946505838819005
12294,491.76,1,False,709.3521773815155,0.5753462567473903,0.9706827871590382
12297,491.88,1,False,714.9736154079437,0.627569084817713,0.9774603505272679
12300,492.0,1,False,566.705242395401,0.6179998291261268,0.9778492620676447
12303,492.12,1,False,246.88686847686768,0.6548658374584082,0.9951676541425802
12306,492.24,1,False,384.29142594337463,0.6325293526504979,0.9618042716192822
12309,492.36,1,False,445.0885212421417,0.6106147206190861,0.9815301148610116
12312,492.48,0,False,,,0.9618980509048839
12315,492.6,1,True,672.4577486515045,0.5116701559586958,0.9836309226810974
12318,492.72,1,False,670.3127110004425,0.43975739587437024,0.9563388491162023
12321,492.84,1,False,393.650940656662,0.3208131257331733,0.9778119514253096
12324,492.96,1,False,252.76209712028503,0.27251283463203546,0.9846606583122748
12327,493.08,1,False,242.95203566551208,0.28422805892698694,0.9849321321635477
12330,493.2,2,False,195.68708181381226,0.33183382903084613,0.9601412967619265
12333,493.32,1,False,513.6295938491821,0.35064508788513415,0.8726513486799158
12336,493.44,1,False,159.46988940238953,0.38338974885868304,0.9559587609621722
12339,493.56,1,False,726.1873304843903,0.3362113973408034,0.8739848597965503
12342,493.68,1,False,723.5493886470795,0.4538913161465616,0.9420233854404586
12345,493.8,1,False,410.31219005584717,0.46926539052616467,0.9145522900753648
12348,493.92,1,False,655.1608800888062,0.5027166306972504,0.9250930866752914
12351,494.04,1,False,461.2331771850586,0.46509498628703033,0.887422939796143
12354,494.16,2,False,235.88146448135376,0.4427739634658351,0.9628168771544972
12357,494.28,1,False,658.4218239784241,0.5139815166141047,0.9324969488109361
12360,494.4,1,False,1399.1500854492188,0.44734374682108563,0.928474325654898
12363,494.52,1,False,1135.3618240356445,0.36571119951479364,0.9485780382374497
12366,494.64,1,False,824.2828273773193,0.2790437047228669,0.9793186504316213
12369,494.76,1,False,635.2415192127228,0.3234011282523473,0.967057741584586
12372,494.88,2,False,538.5384750366211,0.36871510789249884,0.9714634453726366
12375,495.0,1,False,759.6126651763916,0.4122299443591725,0.6773957388901675
12378,495.12,2,False,630.9849500656128,0.3922458092371623,0.6783810866679636
12381,495.24,2,False,457.15842962265015,0.41828569860169384,0.7811169729272733
12384,495.36,0,False,,,0.03524068405371708
12387,495.48,0,False,,,0.8958626763637173
12390,495.6,1,True,526.3785570859909,0.5894256414789142,0.9006032573169912
12393,495.72,1,True,480.53317308425903,0.5891360631494811,0.8634914219964771
12396,495.84,1,True,415.4863965511322,0.5743662425965974,0.7680893986671157
12399,495.96,1,True,462.926766872406,0.5583435008020112,0.9113703497125234
12402,496.08,1,True,488.2775688171387,0.5855649872259661,0.9458235611466933
12405,496.2,1,True,458.8498628139496,0.5993066050789573,0.9682681494548766
12408,496.32,1,True,466.0988438129425,0.6047555515260408,0.9255597337749192
12411,496.44,1,True,463.56985330581665,0.668810739661708,0.7162434932971675
12414,496.56,1,True,497.02262699604034,0.718635719833952,0.8180669804082779
12417,496.68,1,False,411.7455196380615,0.6971211686278834,0.9329655958421923
12420,496.8,1,True,443.649719953537,0.6823355808402553,0.9023143827912377
12423,496.92,0,False,,,0.9519369739232649
12426,497.04,1,True,390.75557112693787,0.6583937442663944,0.8488755746818369
12429,497.16,0,False,,,0.9015803568632723
12432,497.28,1,False,445.8807599544525,0.6855567729834354,0.8797792506322739
12435,497.4,1,True,525.5714964866638,0.6623627200271144,0.9289113949562124
12438,497.52,1,True,462.19584345817566,0.6596173011895382,0.7916398426183398
12441,497.64,1,True,359.4140553474426,0.639523056420413,0.9276214458815902
12444,497.76,1,False,331.84383273124695,0.6194924278692766,0.9529892462394872
12447,497.88,1,False,397.6380443572998,0.5593649555336345,0.9736513450748523
12450,498.0,1,True,393.98056268692017,0.5444506677714261,0.9015297099833327
12453,498.12,1,True,439.7499221563339,0.5366098889798829,0.9642464518311699
12456,498.24,1,True,513.3934736251831,0.5224012913125934,0.9298403604683961
12459,498.36,1,True,518.5005068778992,0.5169521922414954,0.9722573490913885
12462,498.48,1,True,617.1397304534912,0.5120681731989889,0.9630038048350524
12465,498.6,1,True,582.0210152864456,0.4692981956583081,0.9776657482738934
12468,498.72,1,True,523.8254910707474,0.42778094880508655,0.9903854170841745
12471,498.84,1,True,577.6637345552444,0.38270067355849524,0.9699964382176999
12474,498.96,1,True,625.1341027021408,0.3681239526380192,0.9823072852212316
12477,499.08,1,True,670.4298055171967,0.34238360370650434,0.9825043090951645
12480,499.2,1,True,679.807505607605,0.3239519532882806,0.9619694976738062
12483,499.32,1,True,682.1793937683105,0.3102151128378781,0.9767332219882578
12486,499.44,1,True,735.9093940258026,0.33817952239152155,0.9884334211723618
12489,499.56,1,True,825.940271615982,0.34867318561582855,0.9944939002141935
12492,499.68,1,True,810.6423461437225,0.33336139447761304,0.9947035758820663
12495,499.8,1,False,782.984431385994,0.3147510886192322,0.9967177627461083
12498,499.92,1,True,813.0323553085327,0.3314020543387442,0.995099744767457
12501,500.04,1,True,885.5647158622742,0.34229410191377,0.9930109679168698
12504,500.16,1,False,751.6823923587799,0.36210776820327295,0.9927891612297076
12507,500.28,1,False,827.1478450298309,0.4044634862379594,0.9878959020624745
12510,500.4,1,False,1034.6744441986084,0.3737749615401933,0.9009361672985993
12513,500.52,1,False,1033.0758368968964,0.42842231103868195,0.9593895849923613
12516,500.64,1,False,1243.345466852188,0.40952788428826764,0.7303721035164004
12519,500.76,1,False,723.5235267877579,0.320026263143077,0.9864106267353455
12522,500.88,1,False,674.6635222434998,0.35807733395785996,0.9974431988613329
12525,501.0,1,False,876.6759610176086,0.33096700500358234,0.9947387354939426
12528,501.12,1,False,634.8616218566895,0.355410926947088,0.9946651453593863
12531,501.24,1,False,395.8785367012024,0.1924981124924891,0.4452752117118888
12534,501.36,0,False,,,0.8799541255752847
12537,501.48,0,False,,,0.5017570317270523
12540,501.6,1,False,1027.3622006177902,0.4711879803375764,0.9848194113954378
12543,501.72,2,False,911.2601065635681,0.503910141009273,0.9438686274743356
12546,501.84,0,False,,,0.22021829538907503
12549,501.96,1,True,646.2163138389587,0.5248687637574745,0.9893035851411117
12552,502.08,1,True,694.04993891716,0.5069627518003638,0.9714883933772805
12555,502.2,1,False,553.2164561748505,0.4724430748910615,0.9597042820187135
12558,502.32,1,True,659.1363322734833,0.47706288912079553,0.9617944986614135
12561,502.44,1,True,615.7736545801163,0.498548377643932,0.9860726292895823
12564,502.56,1,True,612.3567509651184,0.5319553667848761,0.9940863808934298
12567,502.68,1,False,558.2299876213074,0.5680122628356471,0.9961212078305979
12570,502.8,1,True,547.0396721363068,0.587170273065567,0.9961396733668094
12573,502.92,1,True,577.614119052887,0.571288265062101,0.9973406470630124
12576,503.04,1,True,554.9129265546799,0.5309645930926005,0.9889545752955268
12579,503.16,1,True,524.5465010404587,0.506935945966027,0.997783286619949
12582,503.28,2,False,448.29864263534546,0.4641619857513543,0.9952133920289999
12585,503.4,1,True,419.837851524353,0.41163126446984033,0.9975477231086404
12588,503.52,2,True,406.89539909362793,0.3625011100913539,0.9970416832298459
12591,503.64,1,False,459.5735764503479,0.3265492640661471,0.9975545901569559
12594,503.76,1,True,565.6594705581665,0.30013911516377423,0.998558242388932
12597,503.88,1,True,534.2727971076965,0.3406473127278415,0.9973606883486017
12600,504.0,1,True,661.8480455875397,0.40120686997066846,0.9965015405470723
12603,504.12,1,True,684.2409074306488,0.4486803656274622,0.9877115456438722
12606,504.24,1,True,641.9249993562698,0.47928054043740936,0.9961964487008353
12609,504.36,1,True,569.4905340671539,0.5136402339646311,0.9977033686071709
12612,504.48,1,False,578.5490727424622,0.5519701395974015,0.9976613359093522
12615,504.6,1,True,638.2156491279602,0.5812013600811814,0.9989105134179151
12618,504.72,1,True,585.0253200531006,0.5726935285510439,0.9980564531268141
12621,504.84,1,True,660.5546307563782,0.5332498676849134,0.9965631368174521
12624,504.96,1,True,681.2966787815094,0.47417017727187183,0.9958252304702897
12627,505.08,1,True,694.9768298864365,0.4576332551060301,0.9977462826220875
12630,505.2,1,True,685.6645488739014,0.4306826474088611,0.9919520625170863
12633,505.32,1,True,688.0247855186462,0.4020980154023026,0.9953874386747902
12636,505.44,1,False,412.70161986351013,0.3738870855533715,0.9976274136848005
12639,505.56,1,True,217.93211102485657,0.27703122026992566,0.07160306230061009
12642,505.68,1,True,284.48386430740356,0.28582989582509705,0.9864579414285416
12645,505.8,1,True,278.5658919811249,0.3085351238648097,0.9854971045235571
12648,505.92,1,True,280.1218843460083,0.33513660593466327,0.9732222471617751
12651,506.04,1,True,301.7491900920868,0.35091727430170233,0.9893125676784719
12654,506.16,1,True,277.69209265708923,0.3741946410049092,0.9941464656205959
12657,506.28,1,True,139.10493850708008,0.39710390025919134,0.9895411226919348
12660,506.4,2,True,195.24957060813904,0.43192985202326917,0.9921878239051518
12663,506.52,2,True,197.6957130432129,0.4419860261859316,0.988827231931881
12666,506.64,1,True,306.85561180114746,0.43758799813010474,0.9961612786387122
12669,506.76,2,True,306.49064898490906,0.4223243467735522,0.9974695199986255
12672,506.88,1,True,292.3778307437897,0.4086202184359233,0.9970711306791933
12675,507.0,1,True,305.47783613204956,0.3935224404840758,0.9980436301277522
12678,507.12,1,False,338.10072898864746,0.38184403108827997,0.9964190781198143
12681,507.24,1,False,349.6540117263794,0.37312476833661395,0.9981575870663298
12684,507.36,1,True,320.65377473831177,0.3569067165707097,0.989833823040983
12687,507.48,1,True,303.52997303009033,0.35193593935533,0.9958787953250192
12690,507.6,1,True,311.23510122299194,0.3668162669196273,0.9957697530434619
12693,507.72,1,True,314.07124757766724,0.3995144845861377,0.9970559956560453
12696,507.84,1,True,315.667827129364,0.44157249999768805,0.994517490916863
12699,507.96,1,True,322.94896245002747,0.4756283362706502,0.9968552264329249
12702,508.08,1,True,335.27787566185,0.505038424874797,0.9964157561090669
12705,508.2,1,True,318.57993364334106,0.5163453501282316,0.9889355995906256
12708,508.32,1,True,309.3572759628296,0.5196822574644377,0.9939897641586272
12711,508.44,1,True,260.5650722980499,0.4798878575816299,0.9548639839452469
12714,508.56,1,True,233.82835149765015,0.42698262044877716,0.9774589487659153
12717,508.68,0,False,,,0.9680855003692541
12720,508.8,1,False,269.4627106189728,0.3165398357492505,0.9717449850458935
12723,508.92,1,True,282.02948212623596,0.29266967105143,0.9554960002593172
12726,509.04,1,True,296.01435899734497,0.30656602301380853,0.8149537283443401
12729,509.16,1,True,309.4774603843689,0.3271118276046984,0.6889673621177591
12732,509.28,2,True,281.275577545166,0.3869825746073867,0.7857087400019762
12735,509.4,1,False,238.42548608779907,0.42220754515041004,0.9143352423169928
12738,509.52,1,False,223.46922039985657,0.44936001932982245,0.9241757840865357
12741,509.64,2,True,193.06729316711426,0.4567180266886046,0.9385032899898764
12744,509.76,1,False,173.08452486991882,0.4581888769612168,0.9694521401700771
12747,509.88,1,True,172.1373724937439,0.44156083103382227,0.9644966478663388
12750,510.0,1,True,172.88094520568848,0.43186279047619214,0.9882777185437785
12753,510.12,1,False,164.12376880645752,0.42804589145111316,0.9876155732499872
12756,510.24,1,True,145.95982789993286,0.4427958636572867,0.995723263315731
12759,510.36,1,False,126.15881681442261,0.47308486790368054,0.9970839091297107
12762,510.48,1,False,224.31981325149536,0.615108488184033,0.04051594400020645
12765,510.6,1,False,359.8629605770111,0.6616019489187183,0.8050663206927342
12768,510.72,1,False,539.923460483551,0.5441146790981293,0.9093625985497841
12771,510.84,1,True,324.3735373020172,0.5928310228116584,0.6761898711738293
12774,510.96,1,True,304.7295320034027,0.6963426931337877,0.7641046747408183
12777,511.08,1,True,582.8259515762329,0.7729031371347832,0.814380921536164
12780,511.2,1,True,402.5703692436218,0.7945559909849456,0.8804510324904377
12783,511.32,1,False,340.06996393203735,0.8195106007836082,0.34471897102960564
12786,511.44,1,False,348.9539873600006,0.8110750660751805,0.4395955980293061
12789,511.56,2,False,227.9902982711792,0.8195119753028407,0.757365800899112
12792,511.68,1,False,199.21037793159485,0.7962091583194155,0.8368221715806805
12795,511.8,2,False,213.53829860687256,0.7691646362795974,0.5762958096712609
12798,511.92,1,False,388.81420969963074,0.7305525288437352,0.5521170723847546
12801,512.04,1,True,446.80374026298523,0.7302472085663767,0.5796653447251204
12804,512.16,0,False,,,0.7136842822144212
12807,512.28,0,False,,,0.7112859868844904
12810,512.4,1,False,262.2815787792206,0.5709231206865022,0.7679689799541307
12813,512.52,0,False,,,0.4350927838516907
12816,512.64,1,False,229.17891383171082,0.691482683022817,0.9017479358826669
12819,512.76,1,False,432.0245325565338,0.7327710353966915,0.874227133765211
12822,512.88,1,False,418.0886596441269,0.6719289765213475,0.6477703822444245
12825,513.0,1,False,536.1666834354401,0.5966399890003782,0.6088550594253752
12828,513.12,0,False,,,0.5362201419166127
12831,513.24,0,False,,,0.630417910481547
12834,513.36,0,False,,,0.8458214501805185
12837,513.48,0,False,,,0.850492013284244
12840,513.6,1,False,256.8251931667328,0.45521507931478095,0.819031743365283
12843,513.72,1,True,586.5276575088501,0.41283083323276404,0.21707459959363484
12846,513.84,1,True,586.6240239143372,0.3948341580954465,0.9893361447952957
12849,513.96,1,True,565.9700059890747,0.400298249540907,0.9948722336964066
12852,514.08,1,True,679.3040442466736,0.4383790018883618,0.9954072006541859
12855,514.2,1,True,634.1475802659988,0.4904983432003946,0.9934153614853111
12858,514.32,1,True,518.7854862213135,0.528884970780575,0.9942275044283126
12861,514.44,2,True,678.6067396402359,0.6042814173481681,0.9924198945571386
12864,514.56,2,True,646.4534157514572,0.6468943628397855,0.9911729239125657
12867,514.68,1,True,533.6909937858582,0.6569063518986558,0.9902055435353888
12870,514.8,1,False,605.5394554138184,0.6718512159405332,0.9952639629924374
12873,514.92,1,True,584.2647850513458,0.6659822969725637,0.9953360122648417
12876,515.04,1,True,535.9446287155151,0.6248693267504374,0.992743522740278
12879,515.16,1,True,591.7720949649811,0.5965855573162888,0.9930863232637022
12882,515.28,1,True,601.208438873291,0.570334359551921,0.9868434845251319
12885,515.4,1,True,563.7103521823883,0.5470664058670853,0.9831615385220601
12888,515.52,1,True,555.0427347421646,0.5366082119219231,0.9851741592993813
12891,515.64,1,True,539.89590883255,0.559095817081856,0.9647514458240375
12894,515.76,1,False,521.0958659648895,0.5721815327803293,0.9714320840963403
12897,515.88,1,True,502.5514805316925,0.5567760440436277,0.9823006642563274
12900,516.0,1,True,466.5797424316406,0.5339814587072893,0.9809086379311462
12903,516.12,1,True,470.6387186050415,0.521584914489226,0.9882163615892202
12906,516.24,1,True,486.78580462932587,0.5322099282886043,0.9936707191060143
12909,516.36,1,True,513.453243970871,0.5535944772489143,0.9974421788903645
12912,516.48,1,True,549.9576365947723,0.5804870002197496,0.9967581141985237
12915,516.6,1,True,558.7895983457565,0.6062679453329607,0.9984247023752771
12918,516.72,1,True,572.6103240251541,0.6329170935081713,0.9980396287294214
12921,516.84,1,True,535.007518529892,0.6301247405283379,0.9957001087793903
12924,516.96,1,True,484.9855649471283,0.6186495387192928,0.9941224563386559
12927,517.08,1,True,476.5694046020508,0.603350119157271,0.9955031052350253
12930,517.2,1,True,493.12031865119934,0.5850253249659683,0.9808783173770553
12933,517.32,1,True,523.6992073059082,0.5827486117680868,0.9904224714464955
12936,517.44,1,True,492.9218566417694,0.5409867917046403,0.9816378107295097
12939,517.56,1,True,508.3793467283249,0.5146122321938024,0.9752007077392592
12942,517.68,1,True,464.0487241744995,0.48342672803185205,0.9846642597271064
12945,517.8,2,True,440.4106307029724,0.4731838052923029,0.992671903891129
12948,517.92,1,True,430.57745933532715,0.4870677816145348,0.9787392869293454
12951,518.04,1,True,442.0838141441345,0.4874143356626684,0.9829122691008851
12954,518.16,1,True,414.395467042923,0.45012312043796887,0.983345775037134
12957,518.28,1,True,397.3826766014099,0.40660989465135516,0.973683802168906
12960,518.4,1,True,443.35434436798096,0.3674030674226356,0.9491079963179729
12963,518.52,1,True,488.18641662597656,0.32649355539769837,0.8668501628818865
12966,518.64,1,True,468.1966960430145,0.3067837285273003,0.9537725922867162
12969,518.76,1,True,388.12751054763794,0.2830925498044852,0.954802845535319
12972,518.88,1,False,512.4616098403931,0.33697143242214667,0.9787827742056887
12975,519.0,1,False,342.83066511154175,0.47923633546540234,0.9680352549967957
12978,519.12,1,False,487.9906904697418,0.6496460744828889,0.9869638851703894
12981,519.24,1,False,648.534836769104,0.8472656445069746,0.9860902615330257
12984,519.36,1,False,470.0612282752991,0.9366840449246493,0.9866056057038102
12987,519.48,1,True,505.3720808029175,0.9377548206936229,0.9704412045854401
12990,519.6,2,False,408.95134449005127,0.8557987989801349,0.9022433043238508
12993,519.72,2,False,318.64269733428955,0.7815612355868021,0.9666457993130207
12996,519.84,2,True,295.6124782562256,0.7233738537990686,0.9666612657782891
12999,519.96,2,True,308.38385939598083,0.6609990669019294,0.9617478965606192
13002,520.08,2,True,292.0332098007202,0.6065670974326857,0.9570353897428776
13005,520.2,1,True,285.28125286102295,0.5650677644845211,0.9917048258554324
13008,520.32,0,False,,,0.9905063088288261
13011,520.44,1,True,274.39133405685425,0.49961082953395264,0.9878208067244642
13014,520.56,1,True,284.0352487564087,0.4901744822661082,0.9954077071942046
13017,520.68,0,False,,,0.994639244368135
13020,520.8,1,True,364.0088403224945,0.4745764596895738,0.995881562234793
13023,520.92,1,True,353.0786883831024,0.46677914081197797,0.9905184146543526
13026,521.04,1,True,340.9184002876282,0.48824135823683307,0.9811230459733777
13029,521.16,1,True,398.84143352508545,0.5081897874673208,0.980402267106698
13032,521.28,1,True,455.9794056415558,0.5216211008303093,0.9697086221183975
13035,521.4,0,False,,,0.9511196690981992
13038,521.52,1,True,419.28553104400635,0.5187291051402236,0.9928801192130824
13041,521.64,0,False,,,0.9738733115624597
13044,521.76,1,True,551.8923997879028,0.538663415294705,0.9599962289574651
13047,521.88,1,True,564.4365763664246,0.5594766952774741,0.9288284378214798
13050,522.0,1,True,534.6904492378235,0.5496294769373807,0.9248025733636592
13053,522.12,1,False,424.18509006500244,0.17456126800089172,0.14685309631354515
13056,522.24,0,False,,,0.9981479977133259
13059,522.36,1,True,387.978937625885,0.22826368610064188,0.9974560051448714
13062,522.48,1,True,359.689861536026,0.2230614794023109,0.9974048306807618
13065,522.6,1,True,285.1155084371567,0.21019978911587686,0.9958920300027894
13068,522.72,1,True,273.47665786743164,0.23640473638520096,0.9956068481171713
13071,522.84,1,True,251.16443932056427,0.25899471884424036,0.9932229791463276
13074,522.96,2,True,240.0984764099121,0.275274137655894,0.9931617849167104
13077,523.08,2,True,229.4823682308197,0.29864206277962885,0.9946545135232856
13080,523.2,2,True,217.52028465270996,0.3233301982735143,0.9957673437096075
13083,523.32,2,True,216.8424528837204,0.34872889970288135,0.99252893946833
13086,523.44,2,True,212.57025718688965,0.37396226958795026,0.9952471737129456
13089,523.56,2,False,157.66712307929993,0.40276513677654846,0.9950438930656246
13092,523.68,2,False,205.39321303367615,0.41746614557324035,0.9951007204834521
13095,523.8,2,True,189.39994633197784,0.4419290540796338,0.9958798320744933
13098,523.92,2,True,182.42361724376678,0.45897991548885,0.9960394028926719
13101,524.04,1,True,174.87707197666168,0.4668679264458743,0.9945972629879614
13104,524.16,2,True,171.6304349899292,0.4673318257837584,0.9975866648075427
13107,524.28,2,True,173.77045154571533,0.4663679292707732,0.9981486384823763
13110,524.4,2,True,178.74300956726074,0.46452375975522125,0.9825204015141583
13113,524.52,2,True,179.80889797210693,0.45713322271000256,0.9955536490887654
13116,524.64,2,True,184.61070656776428,0.4480856178384839,0.9951084744361253
13119,524.76,1,False,170.1413905620575,0.4334101875623067,0.9952442618032167
13122,524.88,2,True,193.51722836494446,0.4173013242808255,0.9938098676322764
13125,525.0,1,True,196.65940403938293,0.3987462610909433,0.984549091119386
13128,525.12,1,True,200.50086379051208,0.37996074918544653,0.9673085361780033
13131,525.24,1,True,201.0237979888916,0.36204190958629956,0.9924862834237659
13134,525.36,1,True,189.2380964756012,0.3397123398202838,0.9975071013795346
13137,525.48,0,False,,,0.9972644475183899
13140,525.6,0,False,,,0.9911305776859952
13143,525.72,0,False,,,0.9979600518621
13146,525.84,0,False,,,0.9974939594051535
13149,525.96,0,False,,,0.997011196553366
13152,526.08,0,False,,,0.9957090264207105
13155,526.2,1,False,105.11415123939514,0.5337795813878378,0.9902981817971027
13158,526.32,1,False,111.39081001281738,0.5349784926934675,0.9927162425469032
13161,526.44,2,False,137.1621286869049,0.5308174075502338,0.9960980929953143
13164,526.56,2,False,122.41559028625488,0.5386324199763212,0.9975309974259354
13167,526.68,1,True,187.44965314865112,0.31225840160340973,0.9980497874440065
13170,526.8,1,True,194.65669512748718,0.2982354597611861,0.998181040217225
13173,526.92,1,True,202.67087817192078,0.2805331177783735,0.9982124814664665
13176,527.04,2,True,195.30052185058594,0.2739277310443647,0.9985487225298031
13179,527.16,2,False,223.17680597305298,0.26249806447462604,0.9989843915822776
13182,527.28,2,False,232.8348183631897,0.24682829054919156,0.9989282905970909
13185,527.4,2,True,242.8369688987732,0.22910481510740338,0.9986725096734314
13188,527.52,2,True,255.2534294128418,0.21358385727261053,0.9988385586958336
13191,527.64,2,True,254.03835654258728,0.19967798301667877,0.9987580871060832
13194,527.76,1,True,272.88416862487793,0.18643221846132568,0.9983102343554296
13197,527.88,2,True,277.4916350841522,0.16819796146768512,0.9979685670386
13200,528.0,2,True,288.7867659330368,0.14740668282364355,0.9958218413413776
13203,528.12,2,True,301.6232120990753,0.11886817939353711,0.9986640400621007
13206,528.24,2,True,312.4961042404175,0.08841794842120373,0.9986658825484634
13209,528.36,2,True,333.2482749223709,0.05867962923013803,0.998538431803806
13212,528.48,2,True,343.3350598812103,0.031741527445388565,0.9986188107076053
13215,528.6,2,False,326.00703477859497,0.02152835594659502,0.9983976755780027
13218,528.72,1,True,227.40598440170288,0.5579619082537565,0.999059298346528
13221,528.84,1,True,258.9481508731842,0.5405502229025869,0.998644656516958
13224,528.96,1,True,287.9221558570862,0.507827305432522,0.9991049435000734
13227,529.08,1,True,316.3098192214966,0.4768343594941226,0.9982984667108232
13230,529.2,0,False,,,0.9977240590485064
13233,529.32,1,False,549.8496830463409,0.380520783590548,0.9967643462073431
13236,529.44,1,False,406.33902311325073,0.36244129953962384,0.9988979785451245
13239,529.56,1,True,382.7953487634659,0.33181833588715753,0.9979376269363218
13242,529.68,1,True,373.62401247024536,0.31048134962717694,0.9990734574941972
13245,529.8,1,True,375.52958250045776,0.31552326317989465,0.9989548100389646
13248,529.92,1,True,427.81978368759155,0.34235199111880676,0.9988148248046506
13251,530.04,1,True,459.2116391658783,0.3880997846523921,0.9984632756851521
13254,530.16,1,True,477.20988392829895,0.438720318404111,0.9982015975892747
13257,530.28,1,True,497.0830410718918,0.4792771447788585,0.9987296925260909
13260,530.4,1,True,513.4322583675385,0.5359878765814232,0.997550108449842
13263,530.52,0,False,,,0.9969422812359818
13266,530.64,1,True,538.41363966465,0.610165839845484,0.9968086753867685
13269,530.76,1,True,616.4866018295288,0.6413115281047244,0.9991759245569408
13272,530.88,1,True,584.368908405304,0.6251138936389576,0.9975939851263073
13275,531.0,1,True,597.7642893791199,0.5916794394001816,0.9959901561436245
13278,531.12,1,True,685.7180428504944,0.5643916762236393,0.9898549570597241
13281,531.24,1,True,752.5215750932693,0.5441435738043352,0.9955703421620228
13284,531.36,1,True,717.549678683281,0.49641694896148914,0.9965775094877626
13287,531.48,1,True,751.3163030147552,0.398569640788165,0.9981943948207925
13290,531.6,1,False,785.8864152431488,0.3153767098080028,0.9988976973412362
13293,531.72,1,True,728.6291599273682,0.2553118860179728,0.9982512089690904
13296,531.84,1,True,794.3792760372162,0.23270822113210504,0.9990053340833406
13299,531.96,1,True,830.4296779632568,0.27758555249734357,0.9973450344716349
13302,532.08,1,True,899.8682069778442,0.3073454119942405,0.9954994103672136
13305,532.2,1,True,772.8796863555908,0.3088224092216203,0.984959675536039
13308,532.32,1,True,701.980630159378,0.3904130829103065,0.9754543993485266
13311,532.44,0,False,,,0.9694643452098388
13314,532.56,1,True,932.4076724052429,0.38973096103379223,0.9891015005692295
13317,532.68,1,False,696.670081615448,0.4499253115870736,0.9940398605951558
13320,532.8,1,False,185.93833565711975,0.5766462466933511,0.1662714535674563
13323,532.92,1,True,585.9035289287567,0.6276663866910067,0.7791667455854151
13326,533.04,1,True,567.3999559879303,0.6378682418303057,0.7434905958607871
13329,533.16,1,True,559.6818566322327,0.6505885593818895,0.750783655119467
13332,533.28,1,True,585.8654201030731,0.6511562755613616,0.7755702926494678
13335,533.4,1,True,538.3746939897537,0.6496301257249081,0.7741259614499599
13338,533.52,1,True,501.9367504119873,0.6248901197404573,0.8413160185573046
13341,533.64,1,True,487.6696300506592,0.6608362541054235,0.5306954460488266
13344,533.76,0,False,,,0.8693876071870937
13347,533.88,1,True,506.44356966018677,0.6103373458891204,0.7608712987235173
13350,534.0,1,True,482.2839903831482,0.6478828191757202,0.8206763354840431
13353,534.12,1,False,490.7388389110565,0.6507160338488492,0.8326819881251313
13356,534.24,1,False,543.3671915531158,0.6330696452747692,0.8779066762034184
13359,534.36,1,True,539.0853238105774,0.6148209698272474,0.94820949218085
13362,534.48,1,False,497.53920435905457,0.6082920973951166,0.7808394134448653
13365,534.6,1,True,439.9099373817444,0.5619347339326685,0.8291832362692725
13368,534.72,1,True,472.8896176815033,0.5545621324669231,0.9116095573350479
13371,534.84,1,True,508.2951629161835,0.5371726688110467,0.9785264608084473
13374,534.96,1,True,517.0905768871307,0.5097672758680402,0.9695747844875883
13377,535.08,1,True,481.4008569717407,0.4727617791204741,0.9081537972424462
13380,535.2,1,True,529.3044716119766,0.5253085945591782,0.7160896386858412
13383,535.32,1,False,470.38447737693787,0.5141920230605386,0.6838683741167154
13386,535.44,1,False,510.8078992366791,0.5366390519069902,0.9310467424163069
13389,535.56,1,False,483.767466545105,0.5363044395591273,0.922763260456172
13392,535.68,1,False,517.2530061006546,0.5263525861682314,0.8853931880963547
13395,535.8,2,False,442.31829285621643,0.5088069122849088,0.9063296880607233
13398,535.92,0,False,,,0.09303643480352321
13401,536.04,1,True,299.11887645721436,0.20968405270215237,0.9975150270596091
13404,536.16,0,False,,,0.9966197601416094
13407,536.28,0,False,,,0.9976010470761487
13410,536.4,0,False,,,0.9850866703505233
13413,536.52,0,False,,,0.9980672941977788
13416,536.64,0,False,,,0.9984057536928407
13419,536.76,0,False,,,0.9969915277379389
13422,536.88,0,False,,,0.9952928744670921
13425,537.0,0,False,,,0.9960442173877626
13428,537.12,0,False,,,0.9958080038633776
13431,537.24,0,False,,,0.9941045330028694
13434,537.36,0,False,,,0.9946633595680416
13437,537.48,0,False,,,0.9946743264981429
13440,537.6,0,False,,,0.9542244461151584
13443,537.72,0,False,,,0.9888972218475963
13446,537.84,0,False,,,0.9857724833104893
13449,537.96,0,False,,,0.9856712280952182
13452,538.08,0,False,,,0.983308912730034
13455,538.2,0,False,,,0.9772239312797488
13458,538.32,0,False,,,0.949922573267541
13461,538.44,1,False,173.04702758789062,0.3576294102452018,0.9654685541577074
13464,538.56,2,True,206.88789010047913,0.32555666294964875,0.9512383845914996
13467,538.68,2,True,213.310546875,0.30187842069250165,0.9611431591134483
13470,538.8,1,True,265.9449505805969,0.2796843449274699,0.9828809787612811
13473,538.92,1,True,238.58181595802307,0.26301740561470843,0.9738861155968801
13476,539.04,1,False,304.41484451293945,0.252935094815312,0.9928585726578086
13479,539.16,1,True,346.8338942527771,0.2778002285596096,0.9909302979327277
13482,539.28,1,True,321.62973403930664,0.32646186785264447,0.9941079389282914
13485,539.4,1,True,329.86130475997925,0.41312869480161957,0.9882365037439539
13488,539.52,1,True,279.62196350097656,0.4821079102429477,0.9662101566069607
13491,539.64,1,False,343.9041495323181,0.5757451111620123,0.9693979008187982
13494,539.76,1,True,316.63187742233276,0.620585459651369,0.9746328361832539
13497,539.88,1,True,276.9369649887085,0.6444748351068208,0.9777546735826593
13500,540.0,1,True,246.18771314620972,0.643859680854913,0.977858754588968
13503,540.12,1,True,238.02959203720093,0.6359099817998481,0.9754530797177718
13506,540.24,1,True,229.05551075935364,0.6297639283266935,0.9848405560343962
13509,540.36,1,True,198.29344868659973,0.6270414012851138,0.9884686358584813
13512,540.48,1,True,311.35058641433716,0.4320443606737888,0.525027787207777
13515,540.6,1,True,326.84195280075073,0.4300080555858034,0.9902455559070736
13518,540.72,1,True,350.56723952293396,0.43046172188990045,0.9903525878802728
13521,540.84,1,True,338.2574772834778,0.42528361082077026,0.9911753506761313
13524,540.96,2,True,323.8050591945648,0.4218982467145631,0.9901241058673675
13527,541.08,1,True,249.61840867996216,0.4141423331968712,0.9943346737736721
13530,541.2,1,True,381.07203483581543,0.421140042218295,0.9898478789439056
13533,541.32,1,True,360.7434868812561,0.4128303753607201,0.9963479157642078
13536,541.44,1,False,360.3017270565033,0.40180843165426544,0.9948556861104157
13539,541.56,2,True,353.4959542751312,0.38770404728976166,0.9934909308779533
13542,541.68,2,True,372.69047498703003,0.3817946928920168,0.9924733947548041
13545,541.8,1,True,372.5948488712311,0.37795087785431836,0.9970763431103709
13548,541.92,1,False,270.1738715171814,0.3613236483299371,0.9932311615203068
13551,542.04,1,True,376.2686491012573,0.3358705666932193,0.9924415509645838
13554,542.16,1,True,468.8232868909836,0.32203395077676483,0.9856982385604979
13557,542.28,1,True,452.6157867908478,0.3027345876802098,0.975641494158341
13560,542.4,1,False,475.20439088344574,0.2617936075636835,0.9889945743234301
13563,542.52,1,True,458.4550791978836,0.20765096310413245,0.9418425202031085
13566,542.64,1,True,551.7528229951859,0.19621539070750726,0.8855856423214445
13569,542.76,1,True,599.5654785633087,0.2123459753665057,0.9396479831940054
13572,542.88,1,False,649.6519017219543,0.25505388821616315,0.9220647875179602
13575,543.0,1,False,638.0930507183075,0.36224142936143006,0.9657860841917548
13578,543.12,1,False,731.3981008529663,0.5379362521749554,0.9398244947271873
13581,543.24,1,False,771.5889430046082,0.6703014247345201,0.9386637195060908
13584,543.36,1,True,676.0860371589661,0.7268652970140631,0.9115201353044633
13587,543.48,2,True,666.1362218856812,0.724366104964054,0.8918476068647915
13590,543.6,1,True,629.816290140152,0.7323060866558191,0.8662495424429586
13593,543.72,1,True,696.3917005062103,0.7755555835637179,0.9067338395436076
13596,543.84,1,True,653.4006160497665,0.7684962117310726,0.8141539932293412
13599,543.96,1,True,695.362713932991,0.7741814129280321,0.9705034915461646
13602,544.08,1,True,789.547244310379,0.7346467899553704,0.9465813339719532
13605,544.2,1,True,752.9357671737671,0.6797962387402853,0.9385499782898441
13608,544.32,0,False,,,0.9640036900529834
13611,544.44,1,True,525.1284492015839,0.632765713966254,0.9794205035777391
13614,544.56,1,True,575.2399778366089,0.6183062448646083,0.9871958742784245
13617,544.68,1,True,453.7661647796631,0.6003214753035343,0.9857098156933259
13620,544.8,1,True,515.15793800354,0.5808128208825083,0.9682660238127291
13623,544.92,1,True,692.1959638595581,0.5844614478674802,0.9781541673379033
13626,545.04,1,True,677.0572006702423,0.6212604876720544,0.9514781556611758
13629,545.16,1,True,710.2927798032761,0.6168947942329176,0.9618874355692368
13632,545.28,1,True,767.1795523166656,0.6129227948911262,0.9102747828354762
13635,545.4,2,True,572.5698173046112,0.6899205644925436,0.8796701444984261
13638,545.52,2,False,563.7019193172455,0.6882141918847056,0.8598216979346137
13641,545.64,1,False,336.87838196754456,0.44078180645451404,0.058094959647354616
13644,545.76,2,False,400.42166233062744,0.3840262375094674,0.9501306741111643
13647,545.88,1,True,495.9790277481079,0.43441082401709125,0.967090177086306
13650,546.0,1,True,487.37277388572693,0.47100471998706006,0.9651049873973467
13653,546.12,1,True,550.3130078315735,0.4930382759282083,0.967328469140092
13656,546.24,1,True,508.52743685245514,0.48211181886268384,0.9746552189758716
13659,546.36,1,True,491.7241966724396,0.46513829177076166,0.9836810633167863
13662,546.48,1,True,494.4125586748123,0.46417461742054333,0.9848993126718485
13665,546.6,1,True,529.0755289793015,0.4863485341722315,0.9688637821275052
13668,546.72,1,True,517.9323345422745,0.4981562585541696,0.990794779812343
13671,546.84,1,True,511.17334485054016,0.5130572580929958,0.9817278977068649
13674,546.96,1,True,494.2813181877136,0.5222854939374056,0.9909515419119699
13677,547.08,1,True,592.3903334140778,0.5255512920292941,0.98882427782945
13680,547.2,1,True,529.1143298149109,0.5123027915304358,0.9971082581351145
13683,547.32,1,True,464.30687606334686,0.4911922306725473,0.997264091787784
13686,547.44,1,True,493.71731400489807,0.4980112341317264,0.9936344980673977
13689,547.56,1,True,474.0055561065674,0.505578667828531,0.9952578527549277
13692,547.68,1,True,577.0829451084137,0.5479852340438149,0.9873109845910386
13695,547.8,1,True,581.2767827510834,0.5734295763752677,0.9899590077679558
13698,547.92,1,True,442.4025571346283,0.5968819224473202,0.9819075685010961
13701,548.04,1,True,524.2936599254608,0.6486876119266857,0.9876790968811892
13704,548.16,1,False,587.1024119853973,0.6742096308505896,0.979979360418077
13707,548.28,1,False,541.998782157898,0.7008959560683279,0.9930205349195801
13710,548.4,1,True,650.4642248153687,0.7191473769419121,0.9945062371774998
13713,548.52,1,True,624.2619609832764,0.7091906413887487,0.9959251101465024
13716,548.64,1,False,657.8384435176849,0.6836289420272365,0.991010500089654
13719,548.76,1,True,538.6725962162018,0.648945405627742,0.9842070292790202
13722,548.88,1,True,638.0522382259369,0.5876492605064855,0.9839783752925239
13725,549.0,1,True,779.3558692932129,0.5424843746604342,0.9911524945502045
13728,549.12,1,False,584.2651873826981,0.47641355973301514,0.9895147132457839
13731,549.24,1,False,464.59051966667175,0.4188858957001657,0.9915329601004608
13734,549.36,1,False,510.75549960136414,0.41091397043430444,0.9968207803508895
13737,549.48,1,True,688.8087844848633,0.4114475074139508,0.992332073552068
13740,549.6,1,True,731.3200324773788,0.46215670759027655,0.9849177958511435
13743,549.72,1,False,679.1882693767548,0.4780937433242798,0.9630608616910904
13746,549.84,1,False,632.5977194309235,0.4730015460288886,0.9736133223806083
13749,549.96,1,True,627.9496014118195,0.5227490943489652,0.984732798107301
13752,550.08,1,True,799.2453289031982,0.5537580865802187,0.985121125213738
13755,550.2,1,True,534.6585202217102,0.580263100790255,0.9811229853907323
13758,550.32,1,False,514.2383372783661,0.6193040916413972,0.9937409431930007
13761,550.44,1,False,567.4016618728638,0.6194998829653768,0.9932910590258192
13764,550.56,1,False,821.4555323123932,0.542369258223158,0.9817542205462823
13767,550.68,1,False,671.0402870178223,0.5181519163377357,0.9779970720146882
13770,550.8,1,False,609.7277891635895,0.4751411694468874,0.9808791516902251
13773,550.92,1,True,608.7615180015564,0.43971443627819873,0.9812057105570191
13776,551.04,1,False,621.2540674209595,0.37216107682748273,0.9888229035165187
13779,551.16,1,False,554.810653924942,0.32239938775698346,0.9915556707550154
13782,551.28,1,False,411.66428089141846,0.29563421778606647,0.9924171411281442
13785,551.4,1,False,347.25655138492584,0.28764591907913034,0.9664810556815779
13788,551.52,1,False,640.6216871738434,0.336649345629143,0.9772558002546682
13791,551.64,1,False,396.0736835002899,0.4132580590067488,0.9781258682628695
13794,551.76,1,False,720.5330622196198,0.45143116513888043,0.967336067212572
13797,551.88,1,False,690.1355767250061,0.5213307946017294,0.9583629665349627
13800,552.0,1,False,731.3746690750122,0.576962700395873,0.960179569108627
13803,552.12,1,False,467.02871203422546,0.5929472500627692,0.9657603501938629
13806,552.24,1,False,242.24605679512024,0.579998718066649,0.9778038112841783
13809,552.36,1,False,300.46401500701904,0.5893761605927439,0.9840234789517284
13812,552.48,1,False,732.8190064430237,0.6061376125523539,0.9381229611516536
13815,552.6,1,False,424.45523142814636,0.5468426753174175,0.9594891577040542
13818,552.72,1,False,494.9772387742996,0.5235739413535956,0.9502514541266742
13821,552.84,1,False,115.9447181224823,0.4867729806538784,0.9430430454735718
13824,552.96,2,False,321.7844545841217,0.39121770136284106,0.9851885224450603
13827,553.08,0,False,,,0.9658368446110771
13830,553.2,0,False,,,0.9778393221733868
13833,553.32,0,False,,,0.9854128934389319
13836,553.44,1,False,206.52286291122437,0.35629425852587726,0.9219233818130191
13839,553.56,0,False,,,0.9531923339682261
13842,553.68,1,False,183.15845131874084,0.5096993590846206,0.8915168656404662
13845,553.8,0,False,,,0.9265638784954522
13848,553.92,0,False,,,0.9034638482585905
13851,554.04,0,False,,,0.9079376226345901
13854,554.16,0,False,,,0.8841527571341189
13857,554.28,1,False,425.41712522506714,0.5712585747241974,0.9609987874444674
13860,554.4,1,False,373.8017463684082,0.5031381547451019,0.9656613461426076
13863,554.52,1,False,193.5886824131012,0.42090983372746094,0.9424681873829543
13866,554.64,1,False,139.8030799627304,0.4062575806270946,0.9352282986562577
13869,554.76,0,False,,,0.9638188035394317
13872,554.88,1,False,318.80990624427795,0.2809387165488619,0.9420194418791612
13875,555.0,1,False,702.3275685310364,0.3062898028980602,0.9619305458679743
13878,555.12,1,False,2372.788610458374,0.38610729123606824,0.9456495750783198
13881,555.24,1,False,704.4906306266785,0.300865360055909,0.9733334176080731
13884,555.36,1,False,877.0070314407349,0.13843172427379724,0.6827767802727268
13887,555.48,1,False,462.88209199905396,0.20813644790288174,0.6688557104664874
13890,555.6,1,False,707.3470544815063,0.4197337528069814,0.4623077879961828
13893,555.72,2,False,939.985020160675,0.5910632746915022,0.014041484524026114
13896,555.84,2,False,1160.0562143325806,0.6317455651182117,0.8889834474062988
13899,555.96,2,False,833.569986820221,0.662572339628682,0.9718249218128701
13902,556.08,2,True,598.3304178714752,0.550982397162553,0.7534997841810421
13905,556.2,2,False,912.3371958732605,0.5227100040876504,0.8038385239872575
13908,556.32,2,False,656.3918852806091,0.5712268795027877,0.9266603665795
13911,556.44,2,False,618.1724667549133,0.6711363693078359,0.9774924317053046
13914,556.56,2,False,663.911007642746,0.6084157815485289,0.9668987411917719
13917,556.68,2,False,741.6673672199249,0.576223510684389,0.9155012502633731
13920,556.8,2,False,623.6400532722473,0.5703438610741587,0.7602945498367445
13923,556.92,2,False,509.5444178581238,0.582606731039105,0.7297355546101795
13926,557.04,2,False,307.6677739620209,0.43757842074741016,0.8907651538833775
13929,557.16,2,False,392.1886432170868,0.5319635326212103,0.9142153178033563
13932,557.28,1,True,338.181517124176,0.5142761288267194,0.9568325810974122
13935,557.4,1,False,85.76725959777832,0.5615724243900992,0.823578092513745
13938,557.52,0,False,,,0.8816774374724001
13941,557.64,1,False,108.96399557590485,0.6241564696485346,0.8674308639137319
13944,557.76,1,True,591.4299684762955,0.6026743704622443,0.8806229611264704
13947,557.88,1,True,555.3488928079605,0.5829556819164392,0.8798783667975449
13950,558.0,1,False,444.9263334274292,0.5252053394462123,0.8680431575978556
13953,558.12,1,True,439.37464356422424,0.4930988685651259,0.9710832620992134
13956,558.24,1,True,406.09241008758545,0.5083855426672733,0.9532811402273641
13959,558.36,1,True,528.6073923110962,0.5226372092059164,0.9789523043160391
13962,558.48,1,True,464.8619484901428,0.47304090135025256,0.9389345010956727
13965,558.6,1,True,564.9845194816589,0.4692677945801706,0.9565544075418418
13968,558.72,2,False,466.6179156303406,0.4777905624924284,0.9600372585668672
13971,558.84,1,True,678.9795076847076,0.48047196503841516,0.9670273218702057
13974,558.96,0,False,,,0.9893731049978272
13977,559.08,1,False,391.56264781951904,0.42036311012325867,0.9824287725527439
13980,559.2,1,True,510.01269936561584,0.35613397486282117,0.9690321004918201
13983,559.32,1,True,763.5329818725586,0.4044075906276703,0.981985616648923
13986,559.44,1,True,819.1371703147888,0.38411585851149127,0.9438986616602013
13989,559.56,0,False,,,0.9457486636032623
13992,559.68,1,False,643.3304393291473,0.4050284100301338,0.9725229452340087
13995,559.8,1,False,308.9624762535095,0.4120598083192652,0.9819154671177438
13998,559.92,1,False,416.7020809650421,0.3975730244860505,0.9727761932719595
14001,560.04,1,False,676.4512252807617,0.34887824862292316,0.9737093537172513
14004,560.16,1,False,741.1569857597351,0.3568545679251353,0.9853780726342815
14007,560.28,1,False,650.7215881347656,0.41450386878215906,0.9778445929612554
14010,560.4,1,False,979.9883759021759,0.3950358313141447,0.9560022862947136
14013,560.52,1,False,952.6104354858398,0.4211774134274685,0.9415903224120756
14016,560.64,1,False,897.0055711269379,0.3690449408057964,0.9874747270405166
14019,560.76,1,False,959.5084226131439,0.38650031658736145,0.7967280862210636
14022,560.88,1,False,1212.5823104381561,0.38669719501878275,0.8935058678975342
14025,561.0,1,False,437.7788043022156,0.29664419049566443,0.909472983553354
14028,561.12,1,False,395.70550203323364,0.3311518243316448,0.9917336702051177
14031,561.24,1,False,439.7975420951843,0.2956904312877944,0.04375165299467359
14034,561.36,2,False,382.45294868946075,0.2983405219786095,0.9829028960796775
14037,561.48,2,False,375.38961946964264,0.347261620741902,0.9796338319578906
14040,561.6,2,False,422.52413749694824,0.48053208986918133,0.977431030632563
14043,561.72,2,False,487.30135202407837,0.5425178625366904,0.9825936811880124
14046,561.84,1,False,609.6791875362396,0.6472099567904617,0.9870219383423063
14049,561.96,1,False,354.00891065597534,0.7569043672446049,0.982825617718807
14052,562.08,1,False,371.79569005966187,0.7476832667986552,0.985290839056435
14055,562.2,1,False,339.64059591293335,0.759563912044872,0.9835588114293887
14058,562.32,1,False,327.96996116638184,0.7556709466558514,0.9852808251131105
14061,562.44,0,False,,,0.9807129147397565
14064,562.56,0,False,,,0.9843043851079976
14067,562.68,0,False,,,0.9818561219343439
14070,562.8,0,False,,,0.977494665431238
14073,562.92,0,False,,,0.9850816265720534
14076,563.04,0,False,,,0.983197133990311
14079,563.16,0,False,,,0.9868850130576089
14082,563.28,0,False,,,0.9850528029406534
14085,563.4,0,False,,,0.9872816979584946
14088,563.52,0,False,,,0.9897385049570108
14091,563.64,0,False,,,0.9882800039124945
14094,563.76,0,False,,,0.9883700081511977
14097,563.88,0,False,,,0.989679600111418
14100,564.0,1,False,530.6088781356812,0.6824342482017748,0.9615226236596984
14103,564.12,1,False,713.9384007453918,0.6804035956209357,0.9846002267266594
14106,564.24,1,True,625.5709862709045,0.6873763944163467,0.9856321476017577
14109,564.36,1,True,771.2837505340576,0.6630360050634905,0.9894204685743435
14112,564.48,1,False,704.0150105953217,0.6714921467231981,0.991209572998898
14115,564.6,1,True,768.0542206764221,0.6240139188188495,0.9900672457609433
14118,564.72,1,False,780.1876330375671,0.6514157183242567,0.9912879147095657
14121,564.84,0,False,,,0.21521408399101236
14124,564.96,1,True,265.8364176750183,0.4647962460012147,0.9849530718016912
14127,565.08,1,True,273.89707803726196,0.4532021166700305,0.9921524926748302
14130,565.2,1,True,277.1630108356476,0.4370278815428416,0.9942990453515071
14133,565.32,1,True,287.58851051330566,0.4201883989753145,0.9892075781264538
14136,565.44,2,True,295.10245084762573,0.40591306216789014,0.9958885120854667
14139,565.56,1,False,244.9135136604309,0.39551638744094153,0.9971617048254562
14142,565.68,1,True,286.88275694847107,0.3811710476875305,0.997251035922404
14145,565.8,1,True,288.1575036048889,0.37011330777948553,0.9952686103760454
14148,565.92,1,True,300.5375289916992,0.37156494187586236,0.9892655440504537
14151,566.04,1,True,321.11359119415283,0.38332072442228143,0.9718841693922424
14154,566.16,1,True,343.87144804000854,0.38697639920494775,0.9909548849729413
14157,566.28,1,True,345.45734167099,0.40194779905405914,0.9923082791916501
14160,566.4,1,True,348.8041591644287,0.4261957045757409,0.9798274519067215
14163,566.52,1,True,326.05908036231995,0.44924864805105963,0.9954371598980438
14166,566.64,1,True,269.7900152206421,0.46521659872748633,0.9967220257966567
14169,566.76,1,True,273.2827341556549,0.47482885736407654,0.9968263530641572
14172,566.88,1,True,327.42266178131104,0.4717820675084085,0.9952738267467485
14175,567.0,1,True,326.7311668395996,0.4592907013315143,0.9975538109405809
14178,567.12,1,True,341.097936630249,0.4459588663144545,0.9951316741890203
14181,567.24,1,False,364.8630702495575,0.4360651717041478,0.9910822848797392
14184,567.36,1,False,399.4215953350067,0.429564584385265,0.9914248892417712
14187,567.48,1,True,382.3050355911255,0.41445845184904156,0.988733734776793
14190,567.6,1,True,378.78788709640503,0.40818537365306506,0.9905647636671939
14193,567.72,1,True,350.1142144203186,0.3985292821219473,0.9799209060840337
14196,567.84,1,True,358.56191754341125,0.3925714556014899,0.9852221769881111
14199,567.96,1,True,356.52811646461487,0.3991511066754659,0.9768681734572413
14202,568.08,1,True,367.3784136772156,0.41381491946451593,0.9863174430485377
14205,568.2,1,True,352.67918944358826,0.4225638888098977,0.9903836138204895
14208,568.32,1,True,313.64233016967773,0.4277896248933041,0.9951848775488905
14211,568.44,1,True,292.14019775390625,0.43111423380447156,0.9947905135669413
14214,568.56,1,True,230.73020696640015,0.4235398940967791,0.9945683660721122
14217,568.68,1,False,215.28937339782715,0.41237356355696014,0.9893323105827562
14220,568.8,1,True,217.704359292984,0.400100922945774,0.9831688437070897
14223,568.92,2,True,202.0940637588501,0.3885581556594733,0.9936954499321126
14226,569.04,2,True,243.02027106285095,0.3781842246200099,0.9942785359407889
14229,569.16,1,True,230.2295458316803,0.35993735176144226,0.9956624450941566
14232,569.28,1,False,264.979966878891,0.3532408502968875,0.9865340081858539
14235,569.4,1,True,239.7905158996582,0.34429544842604437,0.9759825307993546
14238,569.52,1,True,226.35245561599731,0.3710490275513042,0.9278393934198141
14241,569.64,1,True,225.22798776626587,0.41848213203025586,0.9539474599235915
14244,569.76,1,False,186.987487077713,0.45679810643196106,0.9640433349225117
14247,569.88,1,True,188.11700820922852,0.4677849222313274,0.9679138960977378
14250,570.0,1,True,163.87001037597656,0.47649162194945593,0.9655890141241594
14253,570.12,1,True,156.029634475708,0.4676169762105653,0.9817835851219099
14256,570.24,1,True,161.68461084365845,0.46535926334785693,0.9820438961058549
14259,570.36,1,True,142.78031587600708,0.46761004130045575,0.9925548058028231
14262,570.48,1,True,129.89251613616943,0.4828847429969094,0.9954610895114895
14265,570.6,1,True,111.7708683013916,0.5038152409322334,0.9952680973365169
14268,570.72,1,True,103.86901617050171,0.5149291049350392,0.9971716326282302
14271,570.84,1,True,504.9334752559662,0.7616197250106118,0.04898191401090682
14274,570.96,1,False,650.4600727558136,0.7009330382852843,0.7998053668516732
14277,571.08,1,False,237.10188031196594,0.7122885819637415,0.711747237831648
14280,571.2,1,False,277.60541439056396,0.7335574446302472,0.46578227715907444
14283,571.32,1,True,405.72999000549316,0.7495103604865797,0.5824036507464596
14286,571.44,1,False,244.29991006851196,0.7123370586019574,0.8881644539037887
14289,571.56,0,False,,,0.8499004507722803
14292,571.68,1,True,301.28361225128174,0.6916270626313759,0.4558500461329366
14295,571.8,1,False,501.9964563846588,0.602423529733311,0.7575667014343025
14298,571.92,1,True,572.4114918708801,0.6292835212115085,0.6121394553041694
14301,572.04,1,True,166.5664029121399,0.6715519220540018,0.8657398755393052
14304,572.16,0,False,,,0.5035597346196281
14307,572.28,1,True,392.6847982406616,0.6764153874281681,0.5146507280596909
14310,572.4,1,True,248.83376598358154,0.7063823143641154,0.7189496281803576
14313,572.52,1,False,311.7650842666626,0.6865042475136843,0.6124544916618213
14316,572.64,1,False,325.1903021335602,0.6473242342472076,0.4924148999708746
14319,572.76,1,True,258.0924725532532,0.6777665055159366,0.8413226276771871
14322,572.88,1,True,161.8963658809662,0.5758676673426772,0.4986184978893113
14325,573.0,1,True,167.88450479507446,0.7187674470020063,0.9035570276417965
14328,573.12,1,True,220.4874300956726,0.6488065538984357,0.7251668735160688
14331,573.24,1,False,321.4752388000488,0.5862856091875018,0.8568543895011643
14334,573.36,1,True,362.18924045562744,0.6187685863538221,0.6357099333678465
14337,573.48,1,True,161.86543464660645,0.5979684907378573,0.8019605775292435
14340,573.6,1,True,326.3325047492981,0.611486166715622,0.7569372758364433
14343,573.72,0,False,,,0.7676963378967697
14346,573.84,1,False,182.69763708114624,0.5030759148525469,0.6317877365743002
14349,573.96,1,False,188.80232334136963,0.5336473159717791,0.8584786796639072
14352,574.08,1,True,335.57196378707886,0.5032586301818038,0.8204008379520503
14355,574.2,1,True,319.28192138671875,0.513670698259816,0.5596742168179725
14358,574.32,1,True,252.86972880363464,0.6760488224752021,0.7665721643655992
14361,574.44,1,True,335.5909538269043,0.5689240838542129,0.904262373411656
14364,574.56,1,True,247.84332275390625,0.6237991018728777,0.5289106125030497
14367,574.68,1,False,297.55165100097656,0.6512576612559232,0.7031499167212252
14370,574.8,1,False,251.48895978927612,0.6300025022391117,0.3595330099624436
14373,574.92,1,True,270.1953077316284,0.6431291681347471,0.7071016495061131
14376,575.04,1,False,172.95632600784302,0.6680773857868079,0.5116947922188707
14379,575.16,1,False,356.43982887268066,0.7565217000065427,0.5875270075815493
14382,575.28,2,False,258.5594666004181,0.5342402494314945,0.1680414707142607
14385,575.4,2,False,118.26488256454468,0.5568634533520901,0.9658987554857833
14388,575.52,2,True,243.85464191436768,0.4886853270458453,0.9821538630467691
14391,575.64,2,False,209.7348189353943,0.5201365026560697,0.9840507121731996
14394,575.76,2,False,254.14875626564026,0.5211335492856575,0.9890892712570675
14397,575.88,2,False,222.37359166145325,0.5296309409719525,0.9863438489004339
14400,576.0,2,False,262.91311025619507,0.6120911954027234,0.9856055707292285
14403,576.12,2,False,197.33338952064514,0.6709342960155371,0.9888651723732689
14406,576.24,2,False,388.53766322135925,0.6095533063917449,0.9883114368243416
14409,576.36,2,False,204.78479146957397,0.6230341683734547,0.9917373889463922
14412,576.48,0,False,,,0.41703143908401963
14415,576.6,1,False,801.300276517868,0.498186036492839,0.9856761313603022
14418,576.72,1,False,727.3189115524292,0.606176369117968,0.9906087407998095
14421,576.84,0,False,,,0.9844678587189136
14424,576.96,0,False,,,0.9799321035625231
14427,577.08,1,False,639.8320877552032,0.493576267451951,0.9899954656513898
14430,577.2,1,False,636.5528619289398,0.48849002610553394,0.9919148734014254
14433,577.32,1,False,589.4465553760529,0.5143245675347068,0.9903815121174754
14436,577.44,0,False,,,0.989544601632544
14439,577.56,1,False,993.7876653671265,0.5569017935882915,0.9921485246455213
14442,577.68,1,False,732.8891408443451,0.5342332811066599,0.9905289063016691
14445,577.8,0,False,,,0.9895769157399813
14448,577.92,1,False,1151.9353652000427,0.5151239588405147,0.9899325019146871
14451,578.04,1,False,1350.851719379425,0.506717790256847,0.9776960605682976
14454,578.16,1,False,543.9242434501648,0.48033396402994794,0.9752723473218469
14457,578.28,1,False,728.5880899429321,0.4647859380100713,0.9538366113177134
14460,578.4,0,False,,,0.9555853838736558
14463,578.52,0,False,,,0.9808099299817704
14466,578.64,0,False,,,0.9746552659136226
14469,578.76,1,False,472.0085361599922,0.20388372016675543,0.46199322270111853
14472,578.88,0,False,,,0.9869511324824761
14475,579.0,1,False,131.82962894439697,0.5290812199765985,0.9868798532484652
14478,579.12,1,False,132.61388540267944,0.5588658036607684,0.9880230911611991
14481,579.24,1,True,455.4173567891121,0.40134296092120086,0.9971233936717186
14484,579.36,1,True,482.5760306417942,0.44327077811414545,0.9978254123608588
14487,579.48,0,False,,,0.997873931034552
14490,579.6,1,True,621.4660316705704,0.6031168581861438,0.995124548456151
14493,579.72,1,True,282.548907995224,0.5474524886319132,0.9960230932691135
14496,579.84,1,True,336.5434169769287,0.4589498088215337,0.9774710199824366
14499,579.96,0,False,,,0.9857268759547646
14502,580.08,0,False,,,0.9832176606174636
14505,580.2,0,False,,,0.9903940537980407
14508,580.32,0,False,,,0.9933538769712752
14511,580.44,0,False,,,0.9904133988471815
14514,580.56,1,True,988.4833288192749,0.34585827724500134,0.965914399936141
14517,580.68,1,False,967.9407405853271,0.3517496111718091,0.9862057576851007
14520,580.8,1,False,627.8516256809235,0.5817993156837694,0.9750001258344386
14523,580.92,1,False,794.8837995529175,0.5262341436111566,0.9686531998913577
14526,581.04,1,True,725.7013463973999,0.582746527411721,0.9682653281349348
14529,581.16,1,False,653.9384686946869,0.6463518034328114,0.9736744418355066
14532,581.28,0,False,,,0.9880615927777586
14535,581.4,1,False,257.0731258392334,0.6009123921394348,0.9879493896843484
14538,581.52,1,False,187.75709867477417,0.5691370783430157,0.9006664786449851
14541,581.64,1,False,620.4220139980316,0.5334297572121476,0.9041586218652198
14544,581.76,1,False,622.0248699188232,0.46619936011054297,0.9179899087252044
14547,581.88,1,True,646.3729333877563,0.381711379145131,0.8787349705855443
14550,582.0,1,False,282.52254724502563,0.347566210862362,0.8894156851638417
14553,582.12,1,False,476.1927902698517,0.2903236019791979,0.8938552733149419
14556,582.24,1,False,234.6280574798584,0.27827773491541546,0.885874001184052
14559,582.36,0,False,,,0.9137741167768099
14562,582.48,1,False,235.94905614852905,0.32709521958322235,0.9876534869700382
14565,582.6,2,False,274.5168614387512,0.31069322246493714,0.9902136650034491
14568,582.72,1,False,543.6079788208008,0.32280631137616705,0.9815850745903224
14571,582.84,1,False,632.5160300731659,0.4748835933930946,0.9717969373163284
14574,582.96,1,False,451.43734216690063,0.5612447568864534,0.9683966139434617
14577,583.08,1,False,525.0891494750977,0.6366293267770247,0.9708552879950321
14580,583.2,1,False,586.5134954452515,0.7079171935717264,0.9730141782720408
14583,583.32,1,False,695.7096362113953,0.7329114494901715,0.9885279986302696
14586,583.44,0,False,,,0.9676269055565073
14589,583.56,1,False,505.2475833892822,0.6501524683200952,0.9766159276111094
14592,583.68,1,False,390.26804208755493,0.5174679945815693,0.924418108792605
14595,583.8,1,False,578.866560459137,0.46142264026584046,0.9555199915413787
14598,583.92,0,False,,,0.9504903797999775
14601,584.04,1,True,791.8130779266357,0.4574771993088,0.9421771558989682
14604,584.16,1,False,542.563784122467,0.37117805264212866,0.9476964235754547
14607,584.28,2,False,310.19251585006714,0.3106901745001475,0.9704177235633066
14610,584.4,2,False,412.7145266532898,0.26715735188036255,0.9885328059295707
14613,584.52,1,False,855.5076992511749,0.1957921309001518,0.9869514372949942
14616,584.64,1,False,802.968020439148,0.18930521675131537,0.9913515637267484
14619,584.76,0,False,,,0.26428854341578895
14622,584.88,0,False,,,0.9386908785750474
14625,585.0,1,True,528.1644415855408,0.6456774996988701,0.6787480820800523
14628,585.12,1,True,470.20310640335083,0.632501381816286,0.9275251483636391
14631,585.24,0,False,,,0.8917054278920603
14634,585.36,1,True,441.90022230148315,0.5820820945681948,0.9302653546212651
14637,585.48,1,True,466.36035919189453,0.56817801341866,0.915302515947512
14640,585.6,1,True,443.933025598526,0.5705973000237436,0.866716669232584
14643,585.72,1,False,489.19166564941406,0.5832806319901438,0.8099106264998701
14646,585.84,1,True,494.6697771549225,0.580986634348378,0.9034880487014172
14649,585.96,1,True,535.6592953205109,0.6188213427861532,0.9724574952513801
14652,586.08,1,True,517.9783129692078,0.5926506808309844,0.9511593060063782
14655,586.2,1,True,459.3615961074829,0.5862058238549666,0.9528774670059262
14658,586.32,0,False,,,0.7840756103592601
14661,586.44,1,True,447.8943157196045,0.5861765471371737,0.7658976613894198
14664,586.56,1,True,456.2518000602722,0.5937885840733846,0.9292480462598318
14667,586.68,1,False,437.65272974967957,0.5990122141260089,0.9181819864039508
14670,586.8,0,False,,,0.9560606441256556
14673,586.92,1,False,524.6153801679611,0.605536117698207,0.9090339128245367
14676,587.04,1,False,280.34912109375,0.6190198858579,0.8786734574465017
14679,587.16,1,False,487.12419748306274,0.617406529007536,0.9540129354571577
14682,587.28,0,False,,,0.9690692839029876
14685,587.4,1,False,532.2266364097595,0.5727351940039432,0.7709439480357284
14688,587.52,1,True,531.3738709688187,0.6166108088059858,0.8875696663809753
14691,587.64,1,True,501.0495615005493,0.627567349058209,0.9287186311480353
14694,587.76,1,True,515.9810757637024,0.6764795274445505,0.9949265057820427
14697,587.88,1,True,658.0624294281006,0.6917072480375116,0.9508785164553111
14700,588.0,1,True,590.0121688842773,0.668354975454735,0.9600629044689948
14703,588.12,0,False,,,0.8438025177890176
14706,588.24,1,True,529.0354084968567,0.6058632099267208,0.9632884088785482
14709,588.36,1,False,426.6523790359497,0.577570125912175,0.9612923470058244
14712,588.48,1,True,635.8674502372742,0.5647912630529115,0.9879819284974047
14715,588.6,1,True,650.6774926185608,0.5773734712239468,0.9713790787040738
14718,588.72,1,True,710.4542434215546,0.5644134409499891,0.9858727952310772
14721,588.84,1,True,850.0829529762268,0.5471837773467555,0.9536800678652614
14724,588.96,0,False,,,0.9510064273325607
14727,589.08,1,False,574.8622047901154,0.47781256834665936,0.8340472045067631
14730,589.2,1,True,518.5252261161804,0.42817309589096997,0.9593574435048798
14733,589.32,1,False,388.5605317354202,0.37683435732668097,0.8212944490174571
14736,589.44,1,False,565.5898189544678,0.3444457108324224,0.8288351572001447
14739,589.56,1,True,540.9587395191193,0.31164877477920416,0.8408648527960068
14742,589.68,1,False,529.214301109314,0.3131430790279851,0.9729785631622317
14745,589.8,1,False,559.4398140907288,0.296967756116029,0.9749202646191184
14748,589.92,1,False,676.9296133518219,0.31433398434610077,0.9673141578584674
14751,590.04,1,False,746.8431830406189,0.24145566175381342,0.9828860414686394
14754,590.16,1,False,846.0201466083527,0.19333805798581152,0.9509913296643304
14757,590.28,1,False,564.0740597248077,0.15852799379464352,0.9649565247198005
14760,590.4,0,False,,,0.8962014190040892
14763,590.52,1,False,615.1137828826904,0.16268474631237262,0.9455338825844695
14766,590.64,1,False,555.3704416751862,0.1101126130670309,0.8860132484565751
14769,590.76,1,False,722.506320476532,0.08735253752181024,0.8910170290366605
14772,590.88,1,False,715.9836602210999,0.15141683475424847,0.9331094840433659
14775,591.0,1,False,997.1050000190735,0.1193596984288006,0.991676138077746
14778,591.12,1,False,385.7534337043762,0.2818169830874963,0.975394335461427
14781,591.24,2,False,510.7972455024719,0.285229787682042,0.9648364618983053
14784,591.36,0,False,,,0.11518421829565852
14787,591.48,0,False,,,0.9971980384249914
14790,591.6,1,False,347.73292779922485,0.22652679230227615,0.9985369172596232
14793,591.72,1,False,377.6831817626953,0.24226214623812473,0.9978956268030557
14796,591.84,1,False,368.3427858352661,0.2932593264814579,0.998691934862409
14799,591.96,1,False,238.96209955215454,0.3006221256924398,0.9987376907086132
14802,592.08,1,False,217.00266122817993,0.3240922619447564,0.9976536346389291
14805,592.2,0,False,,,0.9986908139892678
14808,592.32,0,False,,,0.9989162978254416
14811,592.44,0,False,,,0.9986450736177811
14814,592.56,1,False,272.33004570007324,0.3660448599945415,0.9985633253679581
14817,592.68,1,False,249.54045295715332,0.3747115704146298,0.998427751421011
14820,592.8,1,False,226.09946966171265,0.3787835764162468,0.9978413388239514
14823,592.92,0,False,,,0.9985241113537004
14826,593.04,0,False,,,0.9982352263994491
14829,593.16,1,False,239.37086820602417,0.2750719275438424,0.9977662690636355
14832,593.28,1,False,343.1514358520508,0.2617366142345197,0.9987654546999042
14835,593.4,1,False,323.01401138305664,0.2188139928109718,0.9985659838357688
14838,593.52,1,False,348.4246802330017,0.20333448233026447,0.9989387824006098
14841,593.64,1,False,288.2190442085266,0.16626653255838336,0.9991723605153037
14844,593.76,1,False,262.54270792007446,0.14573465377995462,0.9990620103956036
14847,593.88,2,False,244.71736907958984,0.1516775581421274,0.9986337289459771
14850,594.0,2,False,298.7830424308777,0.15207918417273145,0.9956506713461712
14853,594.12,1,True,165.3005075454712,0.19232043307839017,0.9981483942752503
14856,594.24,0,False,,,0.9992124623836292
14859,594.36,1,False,277.5925397872925,0.17126454841909985,0.9990165385602507
14862,594.48,1,False,204.2164421081543,0.11795028795798619,0.9991038740717314
14865,594.6,0,False,,,0.9990577533255499
14868,594.72,0,False,,,0.9987746579760315
14871,594.84,0,False,,,0.9982700593393404
14874,594.96,0,False,,,0.9974549968746257
14877,595.08,1,False,575.1896381378174,0.17038632251999594,0.9981850601803609
14880,595.2,1,True,418.4136629104614,0.21558854999867352,0.9921118344405878
14883,595.32,0,False,,,0.9966760085909816
14886,595.44,1,True,630.7376611232758,0.14662246236746962,0.9984494456840842
14889,595.56,1,True,553.2926416397095,0.1396826101523457,0.9986052889388809
14892,595.68,1,True,522.8685057163239,0.08326171620777159,0.9984244946695304
14895,595.8,1,True,532.5243937969208,0.10201261514289812,0.9984862835206265
14898,595.92,1,True,566.2364459037781,0.10640051554549824,0.9985054550234327
14901,596.04,1,True,583.4536528587341,0.11627077751538971,0.9983576527289594
14904,596.16,1,True,493.02778244018555,0.09334400047858556,0.9898489183151326
14907,596.28,1,False,506.1950898170471,0.07048430361530998,0.9980479287510667
14910,596.4,0,False,,,0.9938895286461596
14913,596.52,0,False,,,0.9973132808562579
14916,596.64,0,False,,,0.9974133657132008
14919,596.76,0,False,,,0.9950111220424896
14922,596.88,0,False,,,0.9802473882695307
14925,597.0,0,False,,,0.9858418940068148
14928,597.12,0,False,,,0.9957878120099737
14931,597.24,0,False,,,0.9765427286058239
14934,597.36,1,True,243.30869436264038,0.351160598523689,0.9954215261678533
14937,597.48,2,True,228.23192238807678,0.3544219235579173,0.9945618257023643
14940,597.6,2,True,234.50359225273132,0.34699364322604553,0.987885939787867
14943,597.72,2,True,233.76668214797974,0.32838731823545514,0.9946330635692469
14946,597.84,1,True,237.85601019859314,0.3012023125634049,0.9941631561661277
14949,597.96,2,True,252.48394131660461,0.2704398501099962,0.9963151176611248
14952,598.08,2,True,264.6751928329468,0.24768932976505972,0.9968756849231406
14955,598.2,1,False,268.80781173706055,0.23759894930955136,0.9729596424117981
14958,598.32,2,False,228.4030258655548,0.23760369329741507,0.99831378493565
14961,598.44,2,False,260.12205719947815,0.23634834271488767,0.9739799622229721
14964,598.56,1,False,229.86477613449097,0.24663107232613998,0.9802570238467887
14967,598.68,1,True,228.27843189239502,0.25345150674834394,0.9870179636070074
14970,598.8,1,True,236.3803231716156,0.26592423157258466,0.9824327441479435
14973,598.92,1,True,234.86108779907227,0.2870477875976851,0.9871487869687179
14976,599.04,1,True,234.48183417320251,0.3000945801084692,0.9937403470293533
14979,599.16,1,True,226.45368218421936,0.31481409208341077,0.9923059652615526
14982,599.28,1,True,167.4023187160492,0.3334492165030855,0.9933998816356892
14985,599.4,1,True,152.3326277732849,0.35122490922609967,0.9940890504752634
14988,599.52,0,False,,,0.9897367871189324
14991,599.64,0,False,,,0.9856649459889506
14994,599.76,0,False,,,0.9882747665438779
14997,599.88,0,False,,,0.985489614967089
15000,600.0,0,False,,,0.9849184816157753
15003,600.12,1,True,253.73152256011963,0.39545567017613037,0.9629258926709776
15006,600.24,0,False,,,0.34574889312917917
15009,600.36,0,False,,,0.9966934530662199
15012,600.48,0,False,,,0.9954565555705843
15015,600.6,0,False,,,0.9937225782426529
15018,600.72,0,False,,,0.9940950165651591
15021,600.84,0,False,,,0.9952513598839954
15024,600.96,0,False,,,0.9966009079331536
15027,601.08,0,False,,,0.9979430088437373
15030,601.2,0,False,,,0.997689746391157
15033,601.32,0,False,,,0.9986326674570001
15036,601.44,0,False,,,0.9980249056873883
15039,601.56,1,True,155.47457814216614,0.3521058469107657,0.9987844172508605
15042,601.68,1,False,174.50884222984314,0.3358771692622792,0.9985569342573486
15045,601.8,2,True,169.854576587677,0.31075505686528754,0.9985427414495196
15048,601.92,1,False,124.5380973815918,0.3174096029816252,0.9983120611619685
15051,602.04,0,False,,,0.9985227931684062
15054,602.16,1,True,220.63992977142334,0.31067274104465137,0.9981423486269599
15057,602.28,0,False,,,0.997647509327736
15060,602.4,0,False,,,0.9977656030607986
15063,602.52,1,True,210.67273378372192,0.29194467627640924,0.9975715983092771
15066,602.64,1,True,266.4321255683899,0.3046953118208683,0.9938175835313855
15069,602.76,1,True,292.80027866363525,0.31830107939965796,0.9840179248636987
15072,602.88,1,True,283.79883885383606,0.3326705649043574,0.9735937006220219
15075,603.0,1,True,332.7871870994568,0.3472588802828933,0.9793368848514216
15078,603.12,1,True,382.40062952041626,0.35569815382812964,0.9849224945737107
15081,603.24,1,True,395.3594648838043,0.351289714827682,0.9680889682354036
15084,603.36,1,True,396.4915609359741,0.4110425232034741,0.9594253853645325
15087,603.48,1,False,453.44117760658264,0.4860876130335259,0.9658159996903248
15090,603.6,1,True,534.7854316234589,0.5997005132111636,0.9705593841742467
15093,603.72,1,False,546.2832248210907,0.6948661081718676,0.9540276201491574
15096,603.84,1,False,530.1547908782959,0.7423108382658525,0.9780716153852275
15099,603.96,1,True,517.4359059333801,0.7809941479654023,0.9592827272584918
15102,604.08,1,True,459.82263565063477,0.7730663472955878,0.9694561416255814
15105,604.2,1,True,370.21108388900757,0.7825496919227369,0.9456437784545042
15108,604.32,1,True,549.910032749176,0.5576508776708082,0.02176639125904262
15111,604.44,0,False,,,0.9987514585985809
15114,604.56,1,True,558.3964401483536,0.4785338278972741,0.9987535327337991
15117,604.68,1,True,638.1546878814697,0.4330039918422699,0.9972078893375216
15120,604.8,1,True,473.35321605205536,0.39346283042069635,0.9932628516481407
15123,604.92,1,False,472.60729372501373,0.34314045219710376,0.999019882698934
15126,605.04,2,False,500.6513983011246,0.2903533049605109,0.9982126445129034
15129,605.16,1,False,465.7281357049942,0.2608206028288061,0.9990721386727607
15132,605.28,1,True,771.8327236175537,0.23543650589206003,0.9983958989985864
15135,605.4,1,True,594.4639652967453,0.27879004473939084,0.9945730938840238
15138,605.52,0,False,,,0.9956945319769628
15141,605.64,1,False,736.1386585235596,0.34721236337314954,0.9801652823553265
15144,605.76,1,False,614.2808121442795,0.42664727026766,0.9718772349251181
15147,605.88,1,True,688.7494647502899,0.46929222796902514,0.9875234547017975
15150,606.0,1,True,673.2901239395142,0.5324582809751685,0.9760612942714013
15153,606.12,1,True,763.4894013404846,0.5957176125410831,0.9940411677281764
15156,606.24,1,False,477.89555311203003,0.608677145206567,0.9965297726840722
15159,606.36,1,True,648.2442247867584,0.6274984515074528,0.9789124608440201
15162,606.48,1,False,659.5577824115753,0.6308519966674574,0.9974008898779867
15165,606.6,1,True,578.432879447937,0.5706907944245772,0.2524474012361362
15168,606.72,1,True,567.5720250606537,0.619105956771157,0.8207947317971813
15171,606.84,1,False,415.33499121665955,0.5967594638015284,0.7408708922217939
15174,606.96,1,True,519.5145106315613,0.6130233397989562,0.7856845678230818
15177,607.08,1,True,473.24531078338623,0.606301132476691,0.8278368813786016
15180,607.2,1,True,523.9980912208557,0.6177584619233103,0.6568208420234928
15183,607.32,0,False,,,0.9659829645572149
15186,607.44,0,False,,,0.9311371854054068
15189,607.56,1,True,469.54663038253784,0.6207202203346022,0.5954455305679259
15192,607.68,1,False,486.6719448566437,0.6279008569139423,0.8360658801986648
15195,607.8,1,True,528.2646703720093,0.6093230572613803,0.939072312781961
15198,607.92,1,True,493.70527625083923,0.6070038604013848,0.9822687586295323
15201,608.04,1,True,453.8825511932373,0.5946832064426306,0.7536581660256526
15204,608.16,1,True,492.4462366104126,0.5684336956703302,0.8301314176080552
15207,608.28,1,True,495.5052423477173,0.5543674916932078,0.9392212958819633
15210,608.4,1,False,484.64078307151794,0.5721473729971683,0.962425010970012
15213,608.52,1,False,439.0109360218048,0.5998854402339819,0.9618483584486958
15216,608.64,1,True,573.2220125198364,0.5964044549248435,0.9169314241928264
15219,608.76,1,True,604.099640250206,0.6299230564724315,0.8293651705557833
15222,608.88,1,False,131.4815640449524,0.6144430402553442,0.6943471461521417
15225,609.0,1,True,449.2802667617798,0.6269275365453778,0.944111616168255
15228,609.12,0,False,,,0.9444521143795055
15231,609.24,1,False,484.0094769001007,0.5791453032782583,0.9487803099442061
15234,609.36,1,False,244.13543701171875,0.5493620877916162,0.8008256313251186
15237,609.48,1,True,313.4018325805664,0.5831771944508408,0.86611397575606
15240,609.6,1,False,432.99992859363556,0.5742736025290056,0.8714994102374375
15243,609.72,1,True,630.9744894504547,0.589084115895358,0.8830111752924251
15246,609.84,1,True,410.0635814666748,0.5947453939553463,0.8809895470967006
15249,609.96,2,True,474.4825279712677,0.5545958677927653,0.8896570280653255
15252,610.08,2,True,351.10427141189575,0.5226749895196973,0.9762483427709662
15255,610.2,2,False,169.28555130958557,0.5397491184147921,0.9445545618482891
15258,610.32,2,True,340.62875390052795,0.5540868549635916,0.9448237172150902
15261,610.44,1,True,455.44227719306946,0.5968182493339885,0.9457544059357577
15264,610.56,1,True,615.1291680335999,0.5521130417332505,0.9583440199439108
15267,610.68,1,True,724.5197153091431,0.6031385443427346,0.9048594616551928
15270,610.8,1,True,631.3225865364075,0.5661944990808313,0.9531503583078865
15273,610.92,1,True,616.180089712143,0.5757442487008644,0.9689679583867503
15276,611.04,1,True,660.0073313713074,0.4843114244215416,0.9802640733381578
15279,611.16,1,False,720.6673443317413,0.4563772732561285,0.9728522511939366
15282,611.28,1,False,372.6953673362732,0.47714173342242383,0.9799282555716538
15285,611.4,1,True,709.1950750350952,0.41587350088538544,0.9394516632047302
15288,611.52,1,False,530.6037926673889,0.42811452439337067,0.9328066797890984
15291,611.64,1,False,485.8687949180603,0.4608593429579879,0.9637833896381598
15294,611.76,0,False,,,0.9621779224009281
15297,611.88,1,True,688.3772277832031,0.41022838832754077,0.9310815615985517
15300,612.0,1,False,1000.9023320674896,0.3747957922292478,0.9152403201078203
15303,612.12,1,False,674.3565917015076,0.33538437792749115,0.9804145012408584
15306,612.24,1,False,931.4362514019012,0.33500160999370343,0.938592404588279
15309,612.36,2,False,909.7698390483856,0.30569310170231445,0.9114207467646447
15312,612.48,2,False,1070.4812264442444,0.2479303813341892,0.962336403183734
15315,612.6,2,False,953.6176156997681,0.2584709211280852,0.8794409162303635
15318,612.72,1,False,878.757848739624,0.2708104146700917,0.7274721010544782
15321,612.84,0,False,,,0.9421923672533549
15324,612.96,1,False,556.8198323249817,0.1991108704189008,0.33490489007885793
15327,613.08,1,False,531.0100668668747,0.08857603551763477,0.9941586832984375
15330,613.2,1,False,369.2336440086365,0.25531378614180017,0.21213122695191738
15333,613.32,1,False,453.6560547351837,0.20857543949828003,0.7057425268796838
15336,613.44,1,False,412.90449142456055,0.12559437921101396,0.9919978160005435
15339,613.56,1,False,627.6552557945251,0.1470489910606182,0.9947633390842954
15342,613.68,0,False,,,0.9957734460786792
15345,613.8,0,False,,,0.9970978471647822
15348,613.92,0,False,,,0.981712582632368
15351,614.04,0,False,,,0.9947215455089171
15354,614.16,0,False,,,0.9980537208647674
15357,614.28,0,False,,,0.9971929253699525
15360,614.4,1,False,207.8960680961609,0.27264202453873376,0.9564037245323233
15363,614.52,0,False,,,0.9844762509681021
15366,614.64,0,False,,,0.9735798696476441
15369,614.76,0,False,,,0.9916856784359739
15372,614.88,0,False,,,0.969016477701119
15375,615.0,0,False,,,0.9589130867366417
15378,615.12,0,False,,,0.9694780506852986
15381,615.24,0,False,,,0.9484826736140872
15384,615.36,0,False,,,0.9935806477650021
15387,615.48,0,False,,,0.9837906548534524
15390,615.6,1,False,302.3917293548584,0.272975716175455,0.9977607090986977
15393,615.72,1,False,342.3423957824707,0.21974687097650586,0.996663014563984
15396,615.84,1,True,324.5456385612488,0.2125687152147293,0.9968645327440404
15399,615.96,1,False,290.5883574485779,0.2041312325181383,0.9953990468729466
15402,616.08,1,False,239.81594324111938,0.22866293291250864,0.9976383453885302
15405,616.2,1,False,261.49889945983887,0.2096633157043746,0.9898617240239228
15408,616.32,0,False,,,0.9527499095999259
15411,616.44,0,False,,,0.9802791928339486
15414,616.56,0,False,,,0.9974717074276372
15417,616.68,0,False,,,0.9976115108268714
15420,616.8,0,False,,,0.9942879637465719
15423,616.92,0,False,,,0.9897632486440547
15426,617.04,0,False,,,0.9912250646491244
15429,617.16,0,False,,,0.9974418431160765
15432,617.28,0,False,,,0.9986413661726106
15435,617.4,1,False,244.6276330947876,0.4455084204673767,0.9966016744450028
15438,617.52,0,False,,,0.9975845064227544
15441,617.64,0,False,,,0.9955976601574082
15444,617.76,0,False,,,0.9982194572787743
15447,617.88,0,False,,,0.997289939276605
15450,618.0,1,True,601.1320281028748,0.4101984157706752,0.17331096189772346
15453,618.12,1,True,656.8892794847488,0.45538126428922016,0.9968652535720165
15456,618.24,1,True,679.5506250858307,0.503846057436683,0.998036398089257
15459,618.36,1,False,634.4822716712952,0.542591699145057,0.996632326511984
15462,618.48,1,True,595.116418004036,0.571770859487129,0.9983446054855822
15465,618.6,1,False,544.625973701477,0.585905878832846,0.992867758699128
15468,618.72,1,True,535.6090199947357,0.6153485341505571,0.9967859463474343
15471,618.84,1,True,583.5280358791351,0.6020637642253529,0.9957581395665944
15474,618.96,1,True,547.5719726085663,0.5434576182654409,0.9980484922497213
15477,619.08,0,False,,,0.9953462849190886
15480,619.2,1,True,442.7454560995102,0.460121776118423,0.9928852012528999
15483,619.32,1,True,612.024747133255,0.41780284318056976,0.9972528196226886
15486,619.44,1,False,479.1693985462189,0.39823649507580383,0.9964526900086199
15489,619.56,1,False,438.677773475647,0.3822972160397154,0.9982933926861712
15492,619.68,1,True,538.5357069969177,0.38204616127592145,0.9988164482982097
15495,619.8,1,True,692.9044210910797,0.3943775494893392,0.9985403883577821
15498,619.92,1,True,611.5830516815186,0.48185758970000525,0.9994249608875507
15501,620.04,0,False,,,0.10355922419986431
15504,620.16,0,False,,,0.9879832144269234
15507,620.28,0,False,,,0.9901388542510431
15510,620.4,1,False,23.37664246559143,0.6813911614996014,0.9889080408940718
15513,620.52,1,False,57.17762589454651,0.5181906033645977,0.995379680811276
15516,620.64,0,False,,,0.9973177632109154
15519,620.76,0,False,,,0.99736235357154
15522,620.88,0,False,,,0.9843498053725336
15525,621.0,1,False,154.09522533416748,0.3019266029198964,0.9918032278848727
15528,621.12,1,False,143.31177949905396,0.2883742939342152,0.9744758914516094
15531,621.24,1,True,141.3541316986084,0.2970721712618163,0.9885025333633427
15534,621.36,1,True,125.10412931442261,0.2979687452316284,0.9659114573641847
15537,621.48,1,True,151.2601089477539,0.31717154473969433,0.9771580817926049
15540,621.6,0,False,,,0.9676918830707432
15543,621.72,0,False,,,0.9823461127709675
15546,621.84,0,False,,,0.95794240718513
15549,621.96,0,False,,,0.9682273106794623
15552,622.08,0,False,,,0.9785349007911743
15555,622.2,0,False,,,0.9937385245179856
15558,622.32,0,False,,,0.991376292478491
15561,622.44,0,False,,,0.9925182093456597
15564,622.56,0,False,,,0.9948378078314768
15567,622.68,0,False,,,0.9956867279431735
15570,622.8,0,False,,,0.9960112945212505
15573,622.92,0,False,,,0.9946622867648509
15576,623.04,1,True,133.03662300109863,0.6682419000249921,0.10137601784336518
15579,623.16,1,True,237.3952281475067,0.6359180121710806,0.6709227627685114
15582,623.28,1,False,324.83911514282227,0.5960442116766265,0.7704646994467387
15585,623.4,1,True,190.252583026886,0.5957256438154163,0.9300332879549427
15588,623.52,1,True,176.3478183746338,0.5910829739137129,0.8984919965767555
15591,623.64,1,True,271.0011613368988,0.6333526264537465,0.44607579616922033
15594,623.76,1,True,310.53189039230347,0.5993569357828661,0.6161443957636584
15597,623.88,2,True,399.25522327423096,0.6420120325955477,0.5560584842251511
15600,624.0,2,False,206.32346749305725,0.7776969797683485,0.9240192841177346
15603,624.12,2,False,225.04542589187622,0.7842412301988313,0.8312134335494883
15606,624.24,1,True,386.5434193611145,0.8432320139624856,0.5311445486859966
15609,624.36,1,False,231.4562702178955,0.7978390292687849,0.7020682141442178
15612,624.48,1,True,212.1113419532776,0.7883311618458141,0.8205250400716975
15615,624.6,2,True,331.14306807518005,0.7843488454818726,0.6026835539182133
15618,624.72,1,False,242.65878438949585,0.7991468870278561,0.7321594793494146
15621,624.84,0,False,,,0.54562855568574
15624,624.96,0,False,,,0.9047193741152691
15627,625.08,0,False,,,0.8268336488120582
15630,625.2,0,False,,,0.45889728666452007
15633,625.32,1,True,681.4150607585907,0.7603269941879042,0.8081423352180893
15636,625.44,1,False,335.485897064209,0.6502342666640426,0.6177321786815018
15639,625.56,1,False,226.23684167861938,0.4625174376097592,0.6544722374859224
15642,625.68,1,False,179.66219186782837,0.45713404182231787,0.7066938110713168
15645,625.8,1,False,383.0262064933777,0.6115516433210084,0.701380472686794
15648,625.92,0,False,,,0.7063881015386596
15651,626.04,1,True,341.9807481765747,0.5321268863750227,0.943041149812098
15654,626.16,0,False,,,0.6820460477135034
15657,626.28,0,False,,,0.78444811048934
15660,626.4,1,False,460.241414308548,0.7178409424695101,0.6352808066493486
15663,626.52,2,True,376.3037323951721,0.6890766999938271,0.3747108876426604
15666,626.64,2,False,475.10108828544617,0.6982176610917756,0.8030144905242009
15669,626.76,2,True,431.47050619125366,0.6585706544644905,0.2970912880259812
15672,626.88,2,False,596.6608393192291,0.7514431765585234,0.2952247810679139
15675,627.0,1,False,549.3120074272156,0.7200288393280723,0.9966402764824922
15678,627.12,2,False,415.3380811214447,0.6515166759490967,0.9979442987871457
15681,627.24,1,True,557.8626751899719,0.6183722506869923,0.9956999437154712
15684,627.36,1,True,528.6652958393097,0.587447439179276,0.9936453333056963
15687,627.48,1,True,571.7523121833801,0.5528940973859845,0.9870951327786585
15690,627.6,1,True,593.4946525096893,0.509386187249964,0.9909043986679749
15693,627.72,1,True,547.330573797226,0.4847725033760071,0.9843223625028755
15696,627.84,1,True,640.8030420541763,0.4653224249680837,0.9874230659182769
15699,627.96,1,True,584.7148811817169,0.440273768974073,0.9907614205752991
15702,628.08,1,True,580.1551795005798,0.42013312289209076,0.9914504199397904
15705,628.2,1,True,554.7618269920349,0.4110269582632816,0.9919961093470239
15708,628.32,1,True,561.464409828186,0.4146732778260202,0.9956187372360015
15711,628.44,1,True,621.2471151351929,0.4543684341690757,0.9967973167897083
15714,628.56,1,True,652.337543964386,0.5161501105987665,0.994844225431099
15717,628.68,1,True,591.0496366024017,0.5637373463674025,0.993507709151505
15720,628.8,1,True,604.2393296957016,0.606111618605527,0.9940263580550235
15723,628.92,1,False,552.6492977142334,0.6476326964118264,0.992286007271281
15726,629.04,1,False,531.7565202713013,0.6798347306974006,0.9906953308185966
15729,629.16,1,True,515.3990793228149,0.6781803676576326,0.9938994918247259
15732,629.28,1,True,471.170117855072,0.6436226259578358,0.9950809930239367
15735,629.4,1,True,790.8456802368164,0.6207680629961418,0.986195737037565
15738,629.52,1,True,517.0548820495605,0.5936403274536133,0.9887151410683421
15741,629.64,1,True,552.7062356472015,0.5825350591630647,0.9904755561157768
15744,629.76,1,True,719.721736907959,0.5686940568866152,0.9835780606557032
15747,629.88,1,True,487.14080572128296,0.5211588984185999,0.9860060989978788
15750,630.0,1,False,453.9344358444214,0.4871468869122592,0.9839275323059683
15753,630.12,1,True,447.3684525489807,0.45658957958221436,0.9753270200993445
15756,630.24,2,True,399.14273142814636,0.4240854906313347,0.9856547557765856
15759,630.36,2,True,448.11147809028625,0.42598079190109717,0.9932041281305488
15762,630.48,2,True,420.02015590667725,0.45476878050601843,0.9913753436215985
15765,630.6,1,True,432.2351288795471,0.4969926503571597,0.9960022667994748
15768,630.72,1,True,463.1350779533386,0.5411259739687948,0.9951655844437842
15771,630.84,1,True,511.0955822467804,0.5743141987107017,0.9973953135923211
15774,630.96,1,True,454.5529317855835,0.6015361944834391,0.9974196347675007
15777,631.08,1,False,416.5115690231323,0.6096335504994248,0.9975075455079141
15780,631.2,2,True,432.2248613834381,0.6172728972001509,0.9950022476193364
15783,631.32,1,True,415.6855344772339,0.5990407539136482,0.9940987716133126
15786,631.44,1,True,431.67176842689514,0.5634651247299078,0.9861852491317021
15789,631.56,1,True,481.6318917274475,0.5396630664666494,0.9912360508649012
15792,631.68,1,True,485.22091269493103,0.49798496293299127,0.9788306598235353
15795,631.8,1,True,510.4239785671234,0.47816836472713586,0.9840535662024946
15798,631.92,1,True,505.0462245941162,0.44936054944992065,0.9684477007965231
15801,632.04,1,True,490.4201924800873,0.4589467707908515,0.9663406341599229
15804,632.16,2,True,373.30349922180176,0.441998280359037,0.9597050019728904
15807,632.28,2,True,423.9779055118561,0.44362394014994305,0.9732965301979382
15810,632.4,1,True,425.7493543624878,0.4245374690402638,0.9850249365397873
15813,632.52,1,True,405.42267322540283,0.39276310620885907,0.993127978570975
15816,632.64,1,True,401.088148355484,0.38085447838812164,0.9878933968246582
15819,632.76,1,True,447.21221923828125,0.35880196500908246,0.9917099221677914
15822,632.88,1,True,436.73763513565063,0.32431041968591284,0.9869327106603512
15825,633.0,1,True,367.1515953540802,0.26765616644512524,0.9879178942194282
15828,633.12,1,True,362.0469117164612,0.2318638161276326,0.9925449306117978
15831,633.24,1,True,396.9140410423279,0.19657658966201724,0.9790515369469024
15834,633.36,1,True,431.31633281707764,0.1778691876115221,0.9744963717026925
15837,633.48,1,True,467.34413981437683,0.1721958459326715,0.9833121862517971
15840,633.6,1,True,530.7977485656738,0.17903545374671617,0.8644763536971586
15843,633.72,1,False,500.77890515327454,0.21599908376281912,0.9832221753631927
15846,633.84,1,False,319.5230305194855,0.38595375870213366,0.9959365312721311
15849,633.96,2,False,418.15736174583435,0.3752308388551076,0.9941571794920276
15852,634.08,1,True,348.03425788879395,0.7151312918374033,0.9921372553903873
15855,634.2,2,True,502.68624544143677,0.8273041988864089,0.9496282432894423
15858,634.32,1,True,414.76152420043945,0.7698412844628999,0.9588351432639943
15861,634.44,1,True,360.4817461967468,0.6876562309987617,0.9746946106678318
15864,634.56,1,True,315.63918113708496,0.6083078420523441,0.9688650961177062
15867,634.68,1,True,268.46763253211975,0.5467306249069445,0.960000451674919
15870,634.8,1,True,162.0851719379425,0.5167652413700566,0.9703699730637265
15873,634.92,0,False,,,0.9826746831642192
15876,635.04,0,False,,,0.9954378182673616
15879,635.16,1,True,187.62600302696228,0.4426511191960537,0.9956419705419455
15882,635.28,1,True,110.46206831932068,0.4322327267039906,0.9930695445807676
15885,635.4,1,True,246.28968000411987,0.45606539556474396,0.9880295178605975
15888,635.52,1,True,282.363224029541,0.4701350557081627,0.9723704209611743
15891,635.64,1,True,300.25280714035034,0.48398111083290796,0.9897687800759876
15894,635.76,1,True,324.7600328922272,0.487923697088704,0.9909785828490998
15897,635.88,1,True,299.6635365486145,0.5102314578764366,0.9908550324749984
15900,636.0,0,False,,,0.9885898595872538
15903,636.12,1,True,306.23544216156006,0.5114887112920935,0.9810410945476086
15906,636.24,1,True,344.3168771266937,0.5159595590649229,0.985727810568705
15909,636.36,1,True,321.47414445877075,0.5061588765996875,0.9700802786073853
15912,636.48,1,True,253.8488745689392,0.504957914352417,0.9867466564264911
15915,636.6,1,True,369.9305784702301,0.5013711804693396,0.9628025827911316
15918,636.72,1,True,415.97965478897095,0.48613744341965875,0.9738095723841989
15921,636.84,1,True,448.4193742275238,0.4658621802474513,0.9806650717727201
15924,636.96,1,True,464.6296262741089,0.44557800076224585,0.9529689925193079
15927,637.08,1,True,490.52740573883057,0.42863871112014307,0.9615696442531726
15930,637.2,1,True,457.57041692733765,0.46711628635724384,0.9621756680278236
15933,637.32,1,True,463.3942759037018,0.4825809254790797,0.9027821337927294
15936,637.44,1,True,421.0948312282562,0.5068095488981768,0.9628097777863169
15939,637.56,1,True,407.03489542007446,0.5181987032745824,0.9507191303213622
15942,637.68,1,True,368.52051973342896,0.569457592386188,0.9642544201644905
15945,637.8,1,True,384.4186270236969,0.6043180209217649,0.9304424289671597
15948,637.92,1,True,399.5451593399048,0.6286935083793871,0.9689127644565193
15951,638.04,1,True,379.1630530357361,0.6311781948262994,0.9216909391822634
15954,638.16,1,True,359.3661618232727,0.6287140304392035,0.9193828428068747
15957,638.28,1,True,350.6326746940613,0.6302503220962755,0.9167538458317384
15960,638.4,1,True,351.2612771987915,0.6186349319689202,0.9168017549131919
15963,638.52,1,True,374.9590766429901,0.530012663566705,0.9384806288142347
15966,638.64,1,True,351.71871185302734,0.48107607436902594,0.9590090025863092
15969,638.76,2,True,163.7149679660797,0.41458208271951386,0.19209490226265497
15972,638.88,1,True,292.8761100769043,0.36606360655842407,0.982005423387023
15975,639.0,1,True,389.2782425880432,0.35738651183518494,0.9808244962293882
15978,639.12,1,True,455.12417793273926,0.3756440715356307,0.9920863931747441
15981,639.24,1,True,412.937353849411,0.3736353579795722,0.983579649853203
15984,639.36,1,True,400.48741936683655,0.3908592372229605,0.9863131918722975
15987,639.48,1,True,367.0027005672455,0.4196152849630876,0.9934319566454819
15990,639.6,1,True,424.95550632476807,0.4402262532349789,0.9877991950345114
15993,639.72,1,True,425.43463468551636,0.4227114166274215,0.9954765330064062
15996,639.84,1,True,429.82088327407837,0.3993320546366952,0.9949743534311779
15999,639.96,1,True,408.86566400527954,0.37766417951294873,0.9938542991302698
16002,640.08,1,True,388.4960460662842,0.36238545089056995,0.9910022645663941
16005,640.2,1,True,414.14483070373535,0.3643217917644616,0.9913552481581613
16008,640.32,2,True,421.8076014518738,0.3872400729945212,0.990278632517297
16011,640.44,1,True,403.4098255634308,0.41416318308223377,0.9937235871597144
16014,640.56,1,True,447.0843905210495,0.4388572663971872,0.9970409405631182
16017,640.68,1,True,435.6108820438385,0.47341758915872284,0.9959735449156311
16020,640.8,1,True,412.82468497753143,0.5062595217516928,0.996761833190827
16023,640.92,1,True,385.2612376213074,0.5193294313820925,0.9976104348956306
16026,641.04,1,True,403.7206828594208,0.52538247812878,0.9944452961682574
16029,641.16,1,True,466.96792781352997,0.5055128715255044,0.9956320344490525
16032,641.28,1,True,394.5660352706909,0.4998530140428832,0.9944180806712678
16035,641.4,1,True,486.5488314628601,0.46392558921467175,0.9973025556052547
16038,641.52,2,True,560.3231084346771,0.4326340781919884,0.9951285643254776
16041,641.64,2,True,527.828414440155,0.4109185690229589,0.9974734472348257
16044,641.76,2,True,502.238193154335,0.3970841666062673,0.9980084796416396
16047,641.88,1,True,459.1576623916626,0.36558732300093677,0.9985297411473995
16050,642.0,1,True,443.5663890838623,0.3634100583466617,0.997468749281314
16053,642.12,1,True,484.8103737831116,0.35571476501045807,0.9985617134234444
16056,642.24,1,True,486.3224959373474,0.39656959293466626,0.997719523550271
16059,642.36,1,True,437.2219777107239,0.4238026241461436,0.9969657567994615
16062,642.48,1,True,522.1439552307129,0.4595539669195811,0.9963294018806033
16065,642.6,1,True,536.1956995725632,0.5029409554871646,0.9946686681833513
16068,642.72,1,False,588.5241705179214,0.5656893939682932,0.9930097174429412
16071,642.84,1,True,576.0913109779358,0.6139549287882718,0.9885864214566593
16074,642.96,1,True,576.1468648910522,0.6438945278976903,0.9948221153819187
16077,643.08,1,True,675.7440233230591,0.6329647862549984,0.9937378311874145
16080,643.2,1,True,701.8794679641724,0.6020751360690955,0.988885891786541
16083,643.32,1,True,769.5514887571335,0.559680540453304,0.9814260246581761
16086,643.44,2,False,363.3962345123291,0.3743392518072417,0.25427369492730373
16089,643.56,1,False,619.0206134319305,0.05997748932603634,0.9956209728650631
16092,643.68,1,False,587.4651861190796,0.07269962256153424,0.9975370426116085
16095,643.8,1,False,610.8004689216614,0.06686735740213683,0.9975764511061244
16098,643.92,2,True,583.3320200443268,0.07681880112398755,0.9976524520816441
16101,644.04,2,False,553.8727873563766,0.0782333023168824,0.9982127795639221
16104,644.16,2,False,543.934366106987,0.07949430992205937,0.996569203904986
16107,644.28,2,True,553.328400850296,0.07563614167950371,0.9975971757805351
16110,644.4,2,True,563.1180721521378,0.08027581215807886,0.9906479195149329
16113,644.52,2,True,536.3125365972519,0.07156727519450766,0.9985137721289788
16116,644.64,2,True,491.9206631183624,0.06746885970686421,0.9979001839607389
16119,644.76,2,False,513.6910861730576,0.047603638165376404,0.9977222936286159
16122,644.88,1,True,374.2043995857239,0.33650740800481854,0.9964916367285136
16125,645.0,1,True,376.11531257629395,0.3253783971974344,0.9958097688490577
16128,645.12,1,True,271.7341446876526,0.33538412325309985,0.9962952240348579
16131,645.24,1,True,289.9073553085327,0.3456219777916417,0.9984430399680013
16134,645.36,1,True,264.3808150291443,0.3666478621237206,0.9988905784811433
16137,645.48,2,True,274.1088652610779,0.3917900098092628,0.9976758036898734
16140,645.6,1,True,228.05293321609497,0.40658169894507434,0.992696730653403
16143,645.72,2,True,192.52701044082642,0.4240301883581913,0.9987107084975773
16146,645.84,1,True,259.3687641620636,0.4269884806690794,0.999194618534238
16149,645.96,2,True,276.6696238517761,0.4147317454670415,0.9989018325121676
16152,646.08,1,True,288.74513268470764,0.3920046867746295,0.9991442911960065
16155,646.2,2,True,279.98953342437744,0.3737716819300796,0.9994477088742421
16158,646.32,2,False,297.54151225090027,0.35064348578453064,0.9990870942496917
16161,646.44,2,False,298.7302565574646,0.3358015381928646,0.9990803685993047
16164,646.56,2,False,262.8882300853729,0.31771805069663306,0.9980851162369592
16167,646.68,2,True,272.0046401023865,0.30626181851733814,0.9981661595906994
16170,646.8,2,True,267.88328647613525,0.3234653554179452,0.9854610189567866
16173,646.92,1,True,282.9089140892029,0.34094155647537927,0.9975556031939082
16176,647.04,1,True,303.258318901062,0.35998772310488153,0.9963331138658538
16179,647.16,1,True,298.55673909187317,0.3810559899517984,0.9984695062550646
16182,647.28,1,True,255.01402616500854,0.39644105687285913,0.9967309572656974
16185,647.4,1,False,195.15729188919067,0.41124314160057995,0.9974225263930813
16188,647.52,1,True,253.4043788909912,0.4212809746915644,0.9984104893342464
16191,647.64,1,True,272.2895550727844,0.41110645279739844,0.9981268562923018
16194,647.76,2,True,269.7302770614624,0.38744629964683996,0.9979174348857219
16197,647.88,2,True,271.390038728714,0.3602953760912924,0.9972047550637838
16200,648.0,2,True,274.12843465805054,0.33344680070877075,0.96951971919734
16203,648.12,2,False,268.6279535293579,0.30406257239255036,0.9953658841048767
16206,648.24,2,False,239.5504367351532,0.27857080372897064,0.9898951561216323
16209,648.36,1,False,237.75674700737,0.25819940052249213,0.9909732371655513
16212,648.48,2,False,177.11231231689453,0.24479604670495697,0.9954886610475087
16215,648.6,0,False,,,0.9940488915049543
16218,648.72,1,True,472.1782636642456,0.11048719896511598,0.989500803389121
16221,648.84,0,False,,,0.9848369591208381
16224,648.96,1,True,293.8386797904968,0.3205688713174878,0.9904626248070242
16227,649.08,2,True,281.73030853271484,0.3442542417482896,0.9938836348495014
16230,649.2,1,False,242.75550484657288,0.36402178171909216,0.9875471466802037
16233,649.32,2,True,241.69026017189026,0.37517475991538074,0.9974020737466202
16236,649.44,2,True,253.7359642982483,0.3748027140443975,0.9972689190503318
16239,649.56,1,True,248.16853523254395,0.35990387110999134,0.9876036978916743
16242,649.68,2,True,246.08075737953186,0.3294571005936825,0.980659793053349
16245,649.8,1,True,265.97275972366333,0.2942353514107791,0.9873917281994724
16248,649.92,1,True,216.6980803012848,0.2630418525500731,0.9624902091364352
16251,650.04,0,False,,,0.9220913996712098
16254,650.16,1,False,249.91146683692932,0.20847883775378717,0.9953761069345368
16257,650.28,1,False,237.337646484375,0.19828925214030527,0.9929252715052003
16260,650.4,2,False,223.39036345481873,0.18058857547514368,0.9926800076366742
16263,650.52,1,True,242.23829984664917,0.21677592667666348,0.9881205213273854
16266,650.64,1,True,242.6552438735962,0.23911364602320123,0.9898190895524085
16269,650.76,1,True,253.75830173492432,0.2612148049202832,0.9848642591780231
16272,650.88,2,True,239.1256070137024,0.2892316367590066,0.9797087671493142
16275,651.0,1,True,220.5119240283966,0.3184955589699023,0.9867445980932946
16278,651.12,1,True,193.43013167381287,0.352338919133851,0.9858694447098373
16281,651.24,1,False,194.24441814422607,0.3840231624516574,0.98891938457925
16284,651.36,2,False,178.4605085849762,0.4021641837828087,0.9893947201719163
16287,651.48,1,True,175.9572994709015,0.40424942157485266,0.9721084701373658
16290,651.6,1,False,128.31544160842896,0.4115392430262132,0.9684096572744472
16293,651.72,1,False,133.2067608833313,0.41789280013604596,0.939765914697239
16296,651.84,0,False,,,0.9759207752904198
16299,651.96,1,True,269.43840980529785,0.47021061904502637,0.9549785190609533
16302,652.08,0,False,,,0.9671661485571076
16305,652.2,1,True,464.86854672431946,0.5138923236818025,0.3486436861807673
16308,652.32,1,True,466.84867680072784,0.5076109631495043,0.9462602071305606
16311,652.44,1,True,464.2679625749588,0.4903228770602833,0.9665180166338867
16314,652.56,1,True,457.39984452724457,0.48415641351179645,0.9854482617196506
16317,652.68,1,True,443.926185965538,0.49106519601561804,0.9804359804258513
16320,652.8,1,True,453.7433123588562,0.49868956117918994,0.9679116512811661
16323,652.92,1,True,440.83874344825745,0.48445003953847016,0.9577199989605019
16326,653.04,1,True,436.78675174713135,0.45646098256111145,0.9725384845499311
16329,653.16,1,True,429.6028196811676,0.4580438696976864,0.9757044149548365
16332,653.28,1,True,448.9654505252838,0.4748699421232397,0.988385464829566
16335,653.4,1,True,448.8230895996094,0.4793891726118146,0.9896415872425928
16338,653.52,1,True,449.09084916114807,0.47983578660271387,0.9880384530660555
16341,653.64,1,True,417.6096761226654,0.4813154403007392,0.9908985534364877
16344,653.76,2,True,485.8598792552948,0.5001812595309634,0.9942762535041326
16347,653.88,2,True,484.2660838365555,0.49981828530629474,0.9901733326433152
16350,654.0,2,True,445.45525431632996,0.4721295652967511,0.9922615489867389
16353,654.12,2,True,444.0304219722748,0.4616522066520922,0.9927173244333461
16356,654.24,0,False,,,0.9951915143714217
16359,654.36,1,True,499.35198068618774,0.5004931932145898,0.989174784104802
16362,654.48,1,True,511.5174186229706,0.49490872296420013,0.9906626863265159
16365,654.6,1,True,506.458375453949,0.518936240311825,0.9841020484123035
16368,654.72,1,True,575.2201348543167,0.5226442380384966,0.9924623873672501
16371,654.84,1,True,708.1877982616425,0.5379737597523313,0.9916597616905731
16374,654.96,1,True,596.8959939479828,0.5405711956096418,0.978263105583496
16377,655.08,1,True,508.6467683315277,0.5441582943453933,0.850108137348515
16380,655.2,1,False,635.5886828899384,0.5843811983411963,0.9199938326272513
16383,655.32,1,True,684.4889044761658,0.6418280312509248,0.8431281200874314
16386,655.44,1,False,652.6385843753815,0.731730701345386,0.8845116182110334
16389,655.56,1,True,636.271390914917,0.7789601900360801,0.9473408628144303
16392,655.68,2,True,594.217175245285,0.7961199807398247,0.9646024354375229
16395,655.8,2,True,582.7835619449615,0.7951097470341306,0.9613845421826773
16398,655.92,1,True,439.4682741165161,0.762524192983454,0.9546447640524595
16401,656.04,2,True,333.7033438682556,0.7540529081315706,0.9769889164697729
16404,656.16,2,True,302.53843545913696,0.7315139626011704,0.9694902409532112
16407,656.28,1,True,335.2885615825653,0.689123505895788,0.9256758029171331
16410,656.4,1,True,388.8855993747711,0.6309173215519298,0.9738405664401447
16413,656.52,1,True,431.98837101459503,0.5678594509760538,0.9667649927097332
16416,656.64,1,True,535.5122995376587,0.4885164363817735,0.9742192845981703
16419,656.76,1,True,604.9780905246735,0.41373751470536896,0.9706724307863513
16422,656.88,1,True,673.5797703266144,0.36813364787535235,0.9651155059283589
16425,657.0,1,True,567.7972984313965,0.3852700843955531,0.970889185495082
16428,657.12,2,True,571.1723113059998,0.42549827694892883,0.9614768063253375
16431,657.24,0,False,,,0.19356459182565083
16434,657.36,1,False,355.4783535003662,0.5018894374370575,0.9955410562596733
16437,657.48,2,False,371.97229743003845,0.527612794529308,0.9952347175490386
16440,657.6,2,False,325.61262130737305,0.5426440636316935,0.9958446887769927
16443,657.72,2,False,360.28019428253174,0.490435776385394,0.9954712314429258
16446,657.84,2,False,502.79529333114624,0.5256982797926123,0.9944453454934609
16449,657.96,2,False,530.7209515571594,0.4924201983394045,0.9888427389119011
16452,658.08,2,False,631.895055770874,0.49389361161174195,0.9882243439055238
16455,658.2,2,False,551.1632788181305,0.500810854362719,0.9880148723360251
16458,658.32,2,False,657.7509927749634,0.520997660629677,0.9873251477078157
16461,658.44,2,False,603.1006515026093,0.5313161503184926,0.9934044039794412
16464,658.56,2,False,635.569885969162,0.5189368824164072,0.9894929477780992
16467,658.68,2,False,794.0868616104126,0.5290273527304331,0.9911280653095835
16470,658.8,2,False,766.8725574016571,0.5484240127332283,0.9864422235263061
16473,658.92,2,False,604.9969840049744,0.5159577808596871,0.9867754721531775
16476,659.04,2,False,637.2105932235718,0.5207206959074194,0.977994603656792
16479,659.16,2,False,548.261182308197,0.5533068803223696,0.9874194225896785
16482,659.28,2,False,460.2871835231781,0.43198609261801746,0.9850618797023586
16485,659.4,2,False,449.0010166168213,0.4403553343180454,0.9851587656205105
16488,659.52,2,False,330.2733564376831,0.44593984520796576,0.9910898964074782
16491,659.64,2,False,431.0344433784485,0.4212992516430942,0.988447342568484
16494,659.76,1,False,299.26596879959106,0.39028887992555444,0.4256776550048452
16497,659.88,1,True,445.7443857192993,0.4869775085738211,0.9966844853355561
16500,660.0,1,True,446.22766613960266,0.48072734836376074,0.9956628582575108
16503,660.12,1,True,460.51316499710083,0.5083802965554324,0.9957972703227104
16506,660.24,1,True,497.45033740997314,0.5476977147839286,0.987588598141913
16509,660.36,1,True,543.8220351934433,0.5712054137027625,0.9915600190892174
16512,660.48,1,True,530.521684885025,0.5911894819953225,0.9770760262267223
16515,660.6,2,False,522.8141748905182,0.6084471128203652,0.9693511661499026
16518,660.72,2,True,474.5834970474243,0.6166760487989946,0.988868245898756
16521,660.84,2,True,468.6386811733246,0.6203491200100292,0.9926815730690256
16524,660.96,2,True,456.31919860839844,0.6323290864626566,0.9969684133628193
16527,661.08,2,True,483.09908151626587,0.6111959580219153,0.9983144835298702
16530,661.2,2,True,507.77206778526306,0.5755995855186925,0.9958598287374064
16533,661.32,1,True,509.496733546257,0.5517416822187828,0.9952731374456936
16536,661.44,1,True,507.36450612545013,0.5235290644746838,0.9922499827023307
16539,661.56,1,True,489.6561974287033,0.4831040772524747,0.989496833456512
16542,661.68,1,False,532.7777016162872,0.454114733320294,0.9909423416834099
16545,661.8,1,True,590.925589799881,0.41684168215953943,0.995165944563257
16548,661.92,1,True,563.0491125583649,0.4153746592276024,0.9950586781063413
16551,662.04,1,True,639.6962606906891,0.45114045612739795,0.9920646691597208
16554,662.16,1,True,712.8483402729034,0.47519479737137305,0.984016600684413
16557,662.28,1,True,489.46167826652527,0.5283301942276232,0.9872389726129256
16560,662.4,1,True,570.3314709663391,0.5640806609934027,0.9907200378338217
16563,662.52,1,False,665.105288028717,0.6002544507835851,0.993010068247227
16566,662.64,1,False,679.8333513736725,0.6353994300871184,0.991512331459292
16569,662.76,1,True,634.6495127677917,0.6364338578599872,0.987916131528066
16572,662.88,1,False,658.3050835132599,0.6097793326233373,0.9959635222660768
16575,663.0,1,False,679.6618294715881,0.5582829966689601,0.9925163607330038
16578,663.12,1,True,707.5246274471283,0.4919112848513054,0.9927422740698091
16581,663.24,1,True,582.1702480316162,0.45863651597138605,0.9936134213572996
16584,663.36,1,True,560.2460378408432,0.4126935565110409,0.9782123677655885
16587,663.48,1,False,492.9456102848053,0.3605515116995031,0.9810066113863062
16590,663.6,1,False,480.79771399497986,0.3430368421655713,0.99039430112009
16593,663.72,1,False,467.6733434200287,0.31829762052405963,0.9967828518435164
16596,663.84,1,False,514.2301940917969,0.34719225538499426,0.9850226822302524
16599,663.96,1,False,558.5860991477966,0.4040035478996508,0.9846679850470206
16602,664.08,1,False,523.2156211137772,0.4646081527074178,0.9593139572300264
16605,664.2,1,False,598.2027661800385,0.5116554444486444,0.9841089146736187
16608,664.32,1,False,699.2148917913437,0.5881874154914509,0.9909093739561613
16611,664.44,1,False,696.1276745796204,0.6195585050366141,0.9561282394291346
16614,664.56,1,False,596.738988161087,0.6575443762721438,0.9824063784845238
16617,664.68,0,False,,,0.9949859938595121
16620,664.8,1,True,154.70532059669495,0.6524145657365973,0.9899335574315131
16623,664.92,1,False,637.5639367103577,0.620915766918298,0.975439326711601
16626,665.04,1,False,594.1089963912964,0.5552835175485322,0.9756320885471506
16629,665.16,2,False,601.8351423740387,0.5221112397584048,0.9784821072500427
16632,665.28,1,False,583.786461353302,0.5029719733830654,0.9618503341437457
16635,665.4,1,False,545.7152938842773,0.4416229354612755,0.9462906154460594
16638,665.52,0,False,,,0.984452698130052
16641,665.64,0,False,,,0.981644704809459
16644,665.76,0,False,,,0.9810006205336045
16647,665.88,0,False,,,0.9229100941382474
16650,666.0,0,False,,,0.9646251037839996
16653,666.12,0,False,,,0.92219482468822
16656,666.24,0,False,,,0.9276368795340078
16659,666.36,1,False,143.0412358045578,0.4847768039414377,0.9471524836521013
16662,666.48,0,False,,,0.9122417177296583
16665,666.6,0,False,,,0.9491709059879031
16668,666.72,0,False,,,0.972985341327819
16671,666.84,0,False,,,0.9526401564609925
16674,666.96,1,False,612.1085929870605,0.3708432614803314,0.9630472031971011
16677,667.08,1,False,408.36146235466003,0.28399336563818384,0.9741990865014268
16680,667.2,2,True,517.2825855016708,0.5806730425719059,0.4515197050909902
16683,667.32,1,True,498.8219654560089,0.6173834547852025,0.8646332880311404
16686,667.44,1,True,464.2831063270569,0.6300326766389789,0.8387675503738868
16689,667.56,1,True,458.54026079177856,0.6075248808571787,0.8346378571816269
16692,667.68,1,False,272.5987386703491,0.6372066736221313,0.6334747103280483
16695,667.8,0,False,,,0.9707247596173841
16698,667.92,1,False,447.6844918727875,0.6450066349723123,0.7665393782970288
16701,668.04,1,True,464.4478368759155,0.6664441336284984,0.8691791586142049
16704,668.16,1,True,579.8014980554581,0.6978014599193226,0.8871098966857879
16707,668.28,1,False,515.7018256187439,0.7183333436648051,0.9700463800554501
16710,668.4,1,True,484.40656185150146,0.7134272799347386,0.8232394436500325
16713,668.52,1,True,464.1146743297577,0.6742821209358446,0.8293550319039162
16716,668.64,1,True,498.9565372467041,0.665889120463169,0.9085654782654036
16719,668.76,1,True,473.28306555747986,0.6674797083392288,0.9540224893456487
16722,668.88,1,False,421.47942781448364,0.668594550002705,0.9581759525388945
16725,669.0,1,True,483.8871359825134,0.6661639339996107,0.9310096875031526
16728,669.12,1,True,597.0363432168961,0.693667446122025,0.7767156076397126
16731,669.24,1,True,513.2584190368652,0.6376910914074291,0.8555228429904569
16734,669.36,1,True,466.7534530162811,0.6175447124423403,0.9015366080275992
16737,669.48,1,True,400.83410024642944,0.5587323741479353,0.945544941636008
16740,669.6,1,True,409.96901750564575,0.5818055362412424,0.951241940540897
16743,669.72,1,True,434.35943841934204,0.5536656054583463,0.8751306254993395
16746,669.84,1,False,281.6094160079956,0.592353591413209,0.8492196832285697
16749,669.96,0,False,,,0.898629008379544
16752,670.08,1,True,528.5769438743591,0.5969756064992963,0.9293855080949468
16755,670.2,1,True,666.6055816411972,0.5992853081587589,0.7886435402050145
16758,670.32,1,True,425.0321424007416,0.5671032522663926,0.924380314466226
16761,670.44,1,False,135.31076073646545,0.5539277810038943,0.9522902712574048
16764,670.56,0,False,,,0.9819993767971219
16767,670.68,1,False,170.11284112930298,0.5441033822117429,0.9307963390232044
16770,670.8,1,True,563.9260983467102,0.4980050370548711,0.9473296655769942
16773,670.92,1,True,530.0313878059387,0.5117696180488124,0.9265496578152922
16776,671.04,1,True,561.8414103984833,0.5000182597926168,0.9635655520115529
16779,671.16,1,True,746.9514262676239,0.5020652304996144,0.9343322818336365
16782,671.28,1,True,567.1439927816391,0.44199260888677655,0.9679674249374846
16785,671.4,1,True,538.4102439880371,0.42895249796636176,0.9790304205264565
16788,671.52,1,True,542.8612679243088,0.4022637867566311,0.9826729688572325
16791,671.64,1,True,641.6063690185547,0.39637144406636554,0.9784220519602661
16794,671.76,1,True,672.9969853162766,0.4137916826840603,0.9848064837628886
16797,671.88,1,True,747.5579971075058,0.35748478002620465,0.9387688348537337
16800,672.0,1,True,813.7767326831818,0.35404674031517724,0.9420457375361725
16803,672.12,1,True,886.007022857666,0.36508201785159833,0.9931290331246471
16806,672.24,1,True,849.7529768943787,0.36187627550327417,0.9922776341530539
16809,672.36,1,True,727.3254776000977,0.32435604523528705,0.9737539783331716
16812,672.48,1,False,502.3924148082733,0.20980262259642282,0.9862943440494458
16815,672.6,1,False,559.697595834732,0.2889661179347472,0.994422266870686
16818,672.72,1,False,777.3840272426605,0.30458795211531897,0.9867409879173713
16821,672.84,1,True,880.6570941209793,0.3449803807518699,0.9705632418730304
16824,672.96,1,False,1057.5025963783264,0.31065589460459625,0.9571534870730423
16827,673.08,1,False,873.5923647880554,0.2898465379169493,0.8305207932550397
16830,673.2,1,False,1275.0512373447418,0.3168714619947202,0.8964199689981932
16833,673.32,1,False,789.6432566642761,0.2686081040989269,0.9460168053495595
16836,673.44,2,False,693.5084009170532,0.12216824699531902,0.3511542608436775
16839,673.56,2,False,675.3021025657654,0.10868770922675278,0.8227627424926919
16842,673.68,1,False,312.0658349990845,0.13184004773696265,0.041780098622160276
16845,673.8,1,False,310.17101526260376,0.34161281766313495,0.9850583593610512
16848,673.92,2,False,634.401193857193,0.4421164095401764,0.9824023211987534
16851,674.04,1,False,568.7811756134033,0.4533708628379937,0.9836385269063948
16854,674.16,1,True,537.3553955554962,0.515158831170111,0.9849230086753306
16857,674.28,1,True,522.4082225561142,0.5269983993335203,0.9894538480619808
16860,674.4,1,False,524.2797392606735,0.4456314372293877,0.9857680935081303
16863,674.52,1,False,559.0525943040848,0.4784131691311345,0.9840355970523896
16866,674.64,1,False,485.769145488739,0.4644289504397999,0.986977582290687
16869,674.76,1,True,425.56070923805237,0.4769350001306245,0.9819044248306613
16872,674.88,1,True,514.3584090471268,0.5262329226190393,0.985358119201691
16875,675.0,1,False,455.4535102844238,0.47569896145300433,0.9840102215279452
16878,675.12,1,True,581.0096669197083,0.5614557844219785,0.9812615152231107
16881,675.24,1,False,575.6168979406357,0.5364804322069342,0.9819879297843539
16884,675.36,1,True,531.4105796813965,0.6785437993027947,0.9657377594666301
16887,675.48,1,False,386.6761404275894,0.666183484323097,0.9617213271880931
16890,675.6,1,False,853.2741004228592,0.6747886123079242,0.9548546006155575
16893,675.72,2,False,333.4242868423462,0.6165478708166064,0.9706396350690449
16896,675.84,2,False,598.649514913559,0.6180130550355623,0.957163122674378
16899,675.96,2,False,429.9037232995033,0.5456794866106727,0.9623428544845897
16902,676.08,2,False,446.0103267431259,0.5632358495936249,0.9634837620094391
16905,676.2,2,False,497.79376745224,0.5492519239584605,0.9663395893039028
16908,676.32,2,False,461.38503313064575,0.5561593640031237,0.9691188812364615
16911,676.44,2,False,456.0886788368225,0.5570535063743591,0.9594043751247838
16914,676.56,1,False,544.2459154129028,0.6951226285009673,0.9710083605760376
16917,676.68,1,False,508.5436749458313,0.6887084624984048,0.9763204074223406
16920,676.8,1,False,575.9647214412689,0.7279927351258018,0.9635872674645042
16923,676.92,1,False,514.2434549331665,0.7350302790150498,0.9652484912019679
16926,677.04,1,False,588.367760181427,0.7634937094919609,0.9662856750976824
16929,677.16,1,False,521.1392533779144,0.7277549523295779,0.9814853796367585
16932,677.28,1,False,775.0315153598785,0.659797955643047,0.9802546530159315
16935,677.4,2,True,758.6439800262451,0.6454080578052637,0.9793237680848299
16938,677.52,2,True,661.2047338485718,0.663009762763977,0.985590174530106
16941,677.64,1,False,643.3284437656403,0.6741549986781497,0.9819950928158243
16944,677.76,1,True,590.2546620368958,0.6845341920852661,0.9847753168085165
16947,677.88,1,False,565.4474580287933,0.6867416898409525,0.9846655190976218
16950,678.0,1,False,563.5776472091675,0.6996197086392026,0.9775477711440482
16953,678.12,1,False,503.8913083076477,0.6717027750882235,0.9883135023144773
16956,678.24,0,False,,,0.986374132051273
16959,678.36,1,True,284.62451934814453,0.30775250359015033,0.15042691867634578
16962,678.48,1,True,286.05263471603394,0.31530402645920264,0.9939037020394983
16965,678.6,1,True,292.5857877731323,0.32721079524719354,0.9880855759394649
16968,678.72,1,True,288.3728313446045,0.3294874994140683,0.991290177438116
16971,678.84,1,True,284.9810814857483,0.35010500658642163,0.9831994911393026
16974,678.96,1,True,209.81271028518677,0.36806391315026715,0.9871366595499784
16977,679.08,1,True,194.69972848892212,0.37581678412177344,0.9938051484526134
16980,679.2,1,True,243.2814645767212,0.3838632079687985,0.9954416945434129
16983,679.32,1,True,245.9370768070221,0.3740555264733054,0.9930609604175226
16986,679.44,2,True,245.83111882209778,0.35300222942323395,0.9935354688182956
16989,679.56,2,True,241.97932720184326,0.31983374194665387,0.9933893185024966
16992,679.68,2,True,228.84446382522583,0.29491293972188776,0.9882118302214137
16995,679.8,1,True,179.15306568145752,0.2735350583538865,0.9701474579132039
16998,679.92,1,False,225.32950401306152,0.262803624976765,0.9613222613778184
17001,680.04,1,False,219.5425307750702,0.26170034751747595,0.9849564710852216
17004,680.16,1,True,214.5183777809143,0.2763850725058353,0.9918573968141399
17007,680.28,1,True,215.74017763137817,0.286924755934513,0.996201234059582
17010,680.4,1,True,214.45960521697998,0.3095552849047112,0.9774298835354251
17013,680.52,1,True,207.29852557182312,0.3182709343505628,0.9902045355361984
17016,680.64,1,True,209.3984055519104,0.31629091862476233,0.994457052341974
17019,680.76,1,True,191.63869500160217,0.31809049664121686,0.9955663264700187
17022,680.88,1,True,177.76717901229858,0.3311777647697564,0.9930280063303111
17025,681.0,1,False,157.94598698616028,0.34323729981075635,0.9969612371297099
17028,681.12,1,False,146.858571767807,0.3630983540506074,0.9967202198012773
17031,681.24,1,False,151.9906461238861,0.3805664506825534,0.9958813885564084
17034,681.36,1,True,163.3040428161621,0.3942428438952475,0.9879147865208552
17037,681.48,1,True,165.60698747634888,0.4056001025618929,0.979640004863343
17040,681.6,1,True,184.41424012184143,0.41288629896713025,0.9710277992075479
17043,681.72,1,True,153.9042627811432,0.4203026972033761,0.9865119279467502
17046,681.84,1,True,169.1897964477539,0.4292440125436494,0.9695256634203812
17049,681.96,1,True,161.16705179214478,0.44517708005327167,0.963697489671718
17052,682.08,1,False,168.7976360321045,0.4683605640223532,0.9787006474494896
17055,682.2,1,False,168.0859923362732,0.472893240776929,0.9694889571608473
17058,682.32,1,True,160.43191194534302,0.48196800730445166,0.9550990420154989
17061,682.44,1,True,144.78508472442627,0.483636891300028,0.9744636843962184
17064,682.56,1,True,136.4158844947815,0.49091269211335614,0.9904067472099447
17067,682.68,1,True,130.59340953826904,0.5021907127264774,0.9917417294797685
17070,682.8,1,True,128.85759115219116,0.5179968042807146,0.9958956114333899
17073,682.92,1,True,119.17241334915161,0.5389922188990044,0.9953738002429925
17076,683.04,1,True,94.05187368392944,0.5563103321826819,0.9960625315527729
17079,683.16,0,False,,,0.9970165897800951
17082,683.28,1,False,242.4922513961792,0.4933486291856477,0.10268339996471863
17085,683.4,1,True,151.37739658355713,0.62271003018726,0.8518552496225956
17088,683.52,2,True,302.0007920265198,0.6343859361879753,0.6197889050409664
17091,683.64,1,False,238.44454050064087,0.5464878569949757,0.6871410995384043
17094,683.76,1,False,154.10764932632446,0.6822959780693054,0.9437649903318753
17097,683.88,1,True,552.2935402393341,0.7269608270038258,0.8703082914926192
17100,684.0,1,True,95.76564431190491,0.8085267001932318,0.6690338075837972
17103,684.12,1,False,289.9128592014313,0.6905117089098151,0.5616852617105813
17106,684.24,1,True,388.94118547439575,0.753976336031249,0.7062219579205945
17109,684.36,1,True,298.84027004241943,0.7550033294793331,0.8816022924386195
17112,684.48,1,False,213.5990023612976,0.666883563453501,0.9225087064311465
17115,684.6,1,False,386.983859539032,0.6182784943869619,0.6103695737176246
17118,684.72,1,False,261.70724272727966,0.7572516193895629,0.8090689267354758
17121,684.84,1,False,335.44556736946106,0.6246093240651217,0.8467162460308327
17124,684.96,1,False,406.45270586013794,0.6893634127848076,0.792469615501962
17127,685.08,2,False,299.2441463470459,0.7078521847724915,0.7887550765200719
17130,685.2,2,False,283.43432664871216,0.6878944093530829,0.5558171602310614
17133,685.32,1,False,401.9741141796112,0.7211236989859379,0.9727101055962386
17136,685.44,1,False,332.6399338245392,0.6565009427793098,0.9633831422168477
17139,685.56,1,True,716.4066553115845,0.5310395161310831,0.31979316055567303
17142,685.68,0,False,,,0.7016474525975834
17145,685.8,1,False,415.74347019195557,0.6333151008143569,0.9020702019999186
17148,685.92,1,False,423.9164936542511,0.415389667857777,0.9455488190979979
17151,686.04,1,False,407.3142099380493,0.4611081453886899,0.8714367346980151
17154,686.16,2,False,480.4061007499695,0.5702044828371569,0.8871634305848609
17157,686.28,1,False,634.512494802475,0.5490910898555409,0.7925286574646455
17160,686.4,2,False,435.6855547428131,0.5245079199473063,0.7609970363978288
17163,686.52,1,False,208.9545214176178,0.409859628388376,0.8052247747677219
17166,686.64,0,False,,,0.9284643862630098
17169,686.76,0,False,,,0.5503189375545888
17172,686.88,1,False,356.9238817691803,0.7206325729688009,0.33364754697816446
17175,687.0,0,False,,,0.7666080851314366
17178,687.12,0,False,,,0.4157584733935799
17181,687.24,0,False,,,0.6784890020498642
17184,687.36,0,False,,,0.8021295145397427
17187,687.48,1,True,479.1371154785156,0.49141887327035266,0.5716637552452698
17190,687.6,0,False,,,0.14531387454740183
17193,687.72,0,False,,,0.9978737777346943
17196,687.84,0,False,,,0.9980759721744467
17199,687.96,0,False,,,0.998524944493854
17202,688.08,0,False,,,0.998531263869578
17205,688.2,0,False,,,0.9985383998074955
17208,688.32,0,False,,,0.9983379387363283
17211,688.44,0,False,,,0.9980323796503979
17214,688.56,0,False,,,0.9987664784345853
17217,688.68,1,False,191.14331245422363,0.7226034872459642,0.998611524094266
17220,688.8,1,False,318.41513872146606,0.7315109209580855,0.9986008238751265
17223,688.92,1,False,246.22878313064575,0.7352426341085723,0.9984373066614168
17226,689.04,1,False,278.11975479125977,0.7432455077315822,0.9984021224758775
17229,689.16,1,False,197.59451866149902,0.7422185991749619,0.9983825886523849
17232,689.28,1,False,326.8161392211914,0.7497110113953099,0.9977388864620131
17235,689.4,1,False,328.8544464111328,0.7546720107396444,0.9986459257384535
17238,689.52,1,False,272.186815738678,0.7667490243911743,0.9990294811049975
17241,689.64,1,False,249.6933388710022,0.7755896322654955,0.9983192047506845
17244,689.76,1,False,364.5544981956482,0.795312225818634,0.998778356356854
17247,689.88,1,False,310.37256717681885,0.8106798294818762,0.9978192672172033
17250,690.0,1,False,418.7643027305603,0.8395818508032596,0.9965461153615054
17253,690.12,1,False,419.5548677444458,0.8691639846021478,0.997672109545732
17256,690.24,1,False,430.92500925064087,0.9032407980976682,0.9970284911208184
17259,690.36,1,False,599.0048217773438,0.9420808427261583,0.9981010645215634
17262,690.48,1,False,385.9139156341553,0.9766471277583729,0.9979544796661263
17265,690.6,2,False,287.41393089294434,1.018460284579884,0.9928099451268169
17268,690.72,1,False,262.7024173736572,1.058613415920373,0.9980917666749017
17271,690.84,1,False,265.386643409729,1.0520157597281716,0.9956057509960159
17274,690.96,1,False,257.2680473327637,1.0312910441196326,0.9965378944215262
17277,691.08,0,False,,,0.996617997466873
17280,691.2,0,False,,,0.9954678463073587
17283,691.32,0,False,,,0.992877782468938
17286,691.44,1,False,117.86248683929443,0.09503278508782387,0.9942486245169094
17289,691.56,1,False,149.8282277584076,0.14180557068550226,0.993985013098601
17292,691.68,1,False,173.12517642974854,0.19124423577026886,0.9959518235322327
17295,691.8,1,False,178.77748131752014,0.33258078585971484,0.9886474650806728
17298,691.92,1,True,100.267893075943,0.3368903109521577,0.990013088156274
17301,692.04,2,True,186.33960485458374,0.3562806158354788,0.987490635958252
17304,692.16,1,True,224.4369399547577,0.334695091753295,0.9923671305327577
17307,692.28,0,False,,,0.991031247740023
17310,692.4,0,False,,,0.9887999016195061
17313,692.52,0,False,,,0.978530191919688
17316,692.64,1,False,177.85050988197327,0.3536385243589228,0.9731810115942386
17319,692.76,1,False,191.36626839637756,0.43377060962445807,0.9759134167678358
17322,692.88,1,False,149.89205360412598,0.41813617583477136,0.9638552558854874
17325,693.0,2,False,117.70736396312714,0.4147055654814749,0.9736899854885376
17328,693.12,1,True,158.0092978477478,0.3881320321198666,0.9767226493711753
17331,693.24,1,True,175.09222269058228,0.38689113837299927,0.9814826304762387
17334,693.36,1,True,169.30978775024414,0.3897013438470436,0.9854673425521752
17337,693.48,1,False,180.1161503791809,0.40079055229822796,0.9855126790033801
17340,693.6,1,True,179.14997577667236,0.4069473391229456,0.5259593806396201
17343,693.72,1,False,657.6463222503662,0.7503169215086735,0.463059200096089
17346,693.84,1,False,555.4927825927734,0.7470023036003113,0.8209345515779091
17349,693.96,0,False,,,0.9843916321640532
17352,694.08,0,False,,,0.9908387164386794
17355,694.2,0,False,,,0.9820612144660591
17358,694.32,0,False,,,0.98658265236765
17361,694.44,1,False,342.2554439306259,0.24361816409862402,0.9940033761178584
17364,694.56,1,True,840.5073702335358,0.20089844343337146,0.9930964820667169
17367,694.68,1,True,859.8250365257263,0.21436795163335223,0.9927915777504804
17370,694.8,1,False,666.7550075054169,0.26819652364109503,0.9864968547228778
17373,694.92,1,False,606.9325035810471,0.3511335167920951,0.9871842926670886
17376,695.04,1,False,656.0332632064819,0.385171706477801,0.9954740288661761
17379,695.16,1,True,717.7707517147064,0.4470202760262923,0.9927882910684951
17382,695.28,1,True,795.7217752933502,0.49294204061681574,0.9862080703706821
17385,695.4,1,False,885.750367641449,0.5496556397640344,0.9910326156137981
17388,695.52,2,False,861.9794082641602,0.5565827037348892,0.9937156146159104
17391,695.64,2,False,772.9790461063385,0.5572958453135057,0.9748154740807289
17394,695.76,2,True,830.3303182125092,0.5491598284605778,0.9699452875572778
17397,695.88,2,True,818.5577809810638,0.5416111873857903,0.928349293340689
17400,696.0,2,True,918.8139581680298,0.48341576529271674,0.9447431370931413
17403,696.12,2,False,822.2772538661957,0.4157078582229036,0.9595106433910057
17406,696.24,1,True,742.7366352081299,0.3436468193928401,0.9334900847482375
17409,696.36,1,False,472.9013979434967,0.2505067704301892,0.9578874054721732
17412,696.48,1,False,851.4669728279114,0.13948011849865768,0.974980362151897
17415,696.6,1,False,619.4954288005829,0.17299404785488592,0.9616790176503872
17418,696.72,2,False,499.83107686042786,0.19524174906087643,0.9858764830332754
17421,696.84,2,False,494.9345111846924,0.20300441844896835,0.976209954659581
17424,696.96,1,False,580.7542669773102,0.19470077775644534,0.9549168798843413
17427,697.08,2,False,611.1006724834442,0.23848890761534372,0.8688889902741533
17430,697.2,2,False,651.5818691253662,0.20235764077215485,0.9120983080568824
17433,697.32,1,False,653.2238960266113,0.05458595671437003,0.009331504931179062
17436,697.44,1,True,465.5222225189209,0.67457863778779,0.9550223910908553
17439,697.56,1,True,491.4258599281311,0.6821232022661151,0.9423028104525933
17442,697.68,1,True,482.61306524276733,0.6762004241798864,0.8060495904745005
17445,697.8,1,True,468.0155825614929,0.6807636889544401,0.8549015993965666
17448,697.92,1,True,513.2073390483856,0.6741468400666208,0.9301900424891781
17451,698.04,1,True,543.7315589189529,0.6610319108674021,0.9698304518170654
17454,698.16,1,False,507.26352095603943,0.6649417064406655,0.9584315190537213
17457,698.28,1,True,519.549400806427,0.6478921825235541,0.9324660734134674
17460,698.4,1,True,460.09297013282776,0.6237035646583095,0.8560551185483747
17463,698.52,1,True,491.1815643310547,0.6885194399140098,0.7130271133834384
17466,698.64,2,True,492.3730444908142,0.6111680594357577,0.916228155052755
17469,698.76,2,True,501.50400280952454,0.6325965595967842,0.9268719819332651
17472,698.88,2,True,438.00745725631714,0.6201466177449082,0.9672014005026511
17475,699.0,2,True,563.1317031383514,0.6264799237251282,0.8680939239838145
17478,699.12,0,False,,,0.9185914900979462
17481,699.24,1,False,416.84598684310913,0.6743579344315962,0.9539515573900268
17484,699.36,2,True,468.4564411640167,0.6087875077218721,0.9520959400447293
17487,699.48,1,True,437.9402196407318,0.591748934803587,0.8663810536359478
17490,699.6,1,True,373.78668308258057,0.5807487711761937,0.8539868690790152
17493,699.72,1,True,410.80496549606323,0.587903102238973,0.9705188576013595
17496,699.84,1,True,421.2112981081009,0.6010748725948911,0.9681780746274321
17499,699.96,1,True,568.5225731134415,0.6222751086408441,0.9516974254681235
17502,700.08,1,True,546.6270089149475,0.5853196960507017,0.9452918974095772
17505,700.2,1,False,259.58261132240295,0.5873770695744138,0.8997722449452232
17508,700.32,1,True,485.6949234008789,0.5469683264241074,0.9773541641778141
17511,700.44,1,True,487.0058798789978,0.5679392101186694,0.9778037825343922
17514,700.56,1,True,548.0005520582199,0.5328613763505762,0.985541468951402
17517,700.68,1,True,541.9816589355469,0.5089679297172662,0.9745743392121986
17520,700.8,1,True,597.5597441196442,0.5321696337425348,0.9908043728711735
17523,700.92,1,True,691.3204264640808,0.5032786410866361,0.9396357773696032
17526,701.04,1,True,591.5078437328339,0.5067092920794631,0.9271641246159843
17529,701.16,1,True,514.662652015686,0.4982053998744849,0.9360431282803917
17532,701.28,1,False,501.67816400527954,0.4253275412501711,0.8879608629630961
17535,701.4,1,False,509.1324305534363,0.42659700458700006,0.9049293172547607
17538,701.52,1,False,452.15954303741455,0.4192300393725886,0.8714654924322135
17541,701.64,1,True,451.0183382034302,0.4105126415238236,0.9198635555479351
17544,701.76,2,False,441.02603673934937,0.38701494354190247,0.9730892013897037
17547,701.88,1,True,682.7788031101227,0.35685196699518146,0.9631023843532246
17550,702.0,1,False,585.4955327510834,0.35825506936420093,0.9808345826972813
17553,702.12,1,False,478.8312792778015,0.3462424919460759,0.9786528110218113
17556,702.24,1,False,485.0694751739502,0.2841342172839425,0.9286086969897174
17559,702.36,1,True,575.2447414398193,0.26759170402180066,0.9446541326898562
17562,702.48,0,False,,,0.957223364983889
17565,702.6,1,False,649.296852350235,0.2781831811774861,0.9498532946373687
17568,702.72,1,False,426.8296945095062,0.22420682645205295,0.9226545416359709
17571,702.84,1,False,556.0898101329803,0.186209600983244,0.962050089992895
17574,702.96,1,False,663.4756851196289,0.22542986093145428,0.9797547750736044
17577,703.08,1,False,1195.0817656517029,0.22355236000183856,0.9801676213801132
17580,703.2,1,False,706.3634991645813,0.3005730767141689,0.950075170010712
17583,703.32,1,False,973.173269033432,0.2873047265139493,0.9116029423728929
17586,703.44,1,False,468.39789390563965,0.29382805277903873,0.5416817200089443
17589,703.56,1,False,728.2262170314789,0.37582081533742673,0.8075264054858253
17592,703.68,1,False,589.199652671814,0.49401521231188916,0.9870176859624745
17595,703.8,2,False,307.9986834526062,0.3626075256051439,0.36369029958010346
17598,703.92,2,False,356.92273914813995,0.49014981903813104,0.9978215486847368
17601,704.04,2,False,348.0975526571274,0.5064757610812332,0.9968312731191099
17604,704.16,2,False,261.53155267238617,0.5382392623207786,0.9958689731263042
17607,704.28,2,False,321.9944393634796,0.4981696741147475,0.9984355661680655
17610,704.4,2,False,362.9736578464508,0.6031040151913961,0.997068179234888
17613,704.52,2,False,258.32247734069824,0.5952078618786552,0.9963099188293435
17616,704.64,1,True,553.7901324033737,0.4542458310271754,0.9939434145138474
17619,704.76,2,True,565.9763950109482,0.4657985640294624,0.9939050555958754
17622,704.88,2,False,554.5940870046616,0.47707254055774573,0.993798684402625
17625,705.0,2,True,575.5676203966141,0.5083575501586451,0.9969277111066067
17628,705.12,1,True,410.1437258720398,0.5269448007598068,0.9983480125306967
17631,705.24,1,False,471.2861180305481,0.5568166221633102,0.997559831976415
17634,705.36,1,True,512.1572542190552,0.5548197211641254,0.9956304705506136
17637,705.48,1,True,554.9411702156067,0.5463860468430952,0.9905307175291409
17640,705.6,1,True,438.02406549453735,0.5448251122778113,0.9937967407347235
17643,705.72,1,True,504.9547505378723,0.5066620734604922,0.9940239527455135
17646,705.84,1,False,503.8386672735214,0.4643024106820424,0.9901552302852286
17649,705.96,1,False,517.2066736221313,0.4579753379027049,0.9890607578071239
17652,706.08,1,True,516.3240230083466,0.43049875895182294,0.990120640456597
17655,706.2,1,True,542.3575973510742,0.4267396096027259,0.9928442620840973
17658,706.32,1,True,524.4598871469498,0.4438523171526013,0.9915784179732062
17661,706.44,1,True,656.6527086496353,0.5092215312249733,0.9858684133035289
17664,706.56,1,True,541.4190226793289,0.5481243539940227,0.9899509433006608
17667,706.68,1,True,614.1005516052246,0.5587074332164995,0.994333265965467
17670,706.8,1,False,632.5921833515167,0.5766455043445934,0.9934951943364935
17673,706.92,1,True,635.7174932956696,0.5708259560845115,0.998138841244005
17676,707.04,1,True,526.8005061149597,0.563413241595933,0.9972185181536743
17679,707.16,1,True,627.1061217784882,0.4982506280595606,0.9925880851832997
17682,707.28,0,False,,,0.457674017221186
17685,707.4,0,False,,,0.9989298864847989
17688,707.52,1,True,547.9450464248657,0.2129371084950187,0.9989937474738869
17691,707.64,1,True,557.5304460525513,0.20284892121950784,0.998831835244164
17694,707.76,1,False,448.98672580718994,0.205255888402462,0.9990267808111039
17697,707.88,1,False,519.553713798523,0.16720727560195056,0.9983398795226994
17700,708.0,1,False,445.7846510410309,0.12285875303275658,0.9818417621991725
17703,708.12,1,True,367.65090465545654,0.2583714976455226,0.9966484373564332
17706,708.24,1,True,366.6688942909241,0.18895710801536386,0.9893860856819142
17709,708.36,2,True,398.9432716369629,0.19693927015319015,0.9774489588531876
17712,708.48,1,True,265.73837757110596,0.37372780749292084,0.9828345869140718
17715,708.6,1,True,223.99353861808777,0.3919052282969157,0.9931797030989603
17718,708.72,1,False,202.34933495521545,0.4044408716938712,0.9900463600815633
17721,708.84,1,True,263.4627592563629,0.40781688238635205,0.9930195144973838
17724,708.96,2,True,229.41429376602173,0.385341490759994,0.990916892193871
17727,709.08,2,True,195.05001425743103,0.35890937844912213,0.9940614420764381
17730,709.2,1,True,288.54708909988403,0.3146843738628156,0.9872911869864005
17733,709.32,1,True,276.0825741291046,0.2870017208836295,0.9975943333570088
17736,709.44,2,False,253.00822734832764,0.2656389912872603,0.9976844855370122
17739,709.56,1,True,199.66546297073364,0.24564248007355313,0.9682932071313355
17742,709.68,1,False,202.08440780639648,0.22364922364552817,0.981596115877324
17745,709.8,1,True,257.7389359474182,0.20971729809587653,0.9744230033297339
17748,709.92,1,True,269.94972467422485,0.21873622997240585,0.9766323175831394
17751,710.04,1,True,264.4338262081146,0.23128224051359927,0.9800623128214468
17754,710.16,1,True,278.8159489631653,0.2509541479927121,0.9910301880896739
17757,710.28,2,True,285.61975836753845,0.26243082637136633,0.9808722797454845
17760,710.4,2,True,271.27613067626953,0.2799037622682976,0.9908161914671617
17763,710.52,1,True,260.56668162345886,0.30990996866515186,0.9900545639554601
17766,710.64,2,True,232.08062410354614,0.3348670674092842,0.9909831124106632
17769,710.76,1,True,228.14701437950134,0.35664450761043665,0.9829160013739134
17772,710.88,2,True,263.03178191185,0.3738752937678135,0.9932107202770861
17775,711.0,1,True,263.9253759384155,0.369088070862221,0.989518763495153
17778,711.12,2,True,259.4220972061157,0.35454023516539374,0.9944644012840154
17781,711.24,2,False,240.12805581092834,0.34112268776604626,0.9931584109913678
17784,711.36,1,True,225.32403230667114,0.34272696484218945,0.9924107638580324
17787,711.48,1,False,223.97252082824707,0.35053385387767444,0.989883832377386
17790,711.6,2,True,201.17719888687134,0.3721337580319607,0.9818076403376633
17793,711.72,2,True,233.38192462921143,0.3850002984205882,0.9843740868438174
17796,711.84,1,False,215.11698246002197,0.41529894416982477,0.9771415889818527
17799,711.96,1,False,297.83740282058716,0.5262433498194723,0.9651249106690653
17802,712.08,2,False,212.5343370437622,0.5815010486227093,0.964681524975786
17805,712.2,1,True,304.7758483886719,0.6328379295089028,0.9708918023137185
17808,712.32,1,True,250.42332887649536,0.6419707012898994,0.9773280969012174
17811,712.44,1,False,160.71051836013794,0.633751681356719,0.9573567445294795
17814,712.56,1,False,191.45758152008057,0.6318450570106506,0.9694873151060606
17817,712.68,1,True,177.86277294158936,0.6321485891486659,0.9866844757042339
17820,712.8,1,True,160.96858978271484,0.636826464624116,0.986002869604691
17823,712.92,1,True,142.6396608352661,0.6496096054712931,0.99182789457647
17826,713.04,1,False,248.29992055892944,0.6193834669662245,0.14985457663483748
17829,713.16,1,True,198.51051449775696,0.6592117963415204,0.928488030244778
17832,713.28,0,False,,,0.8635976079426629
17835,713.4,1,False,206.75341486930847,0.6293498819524591,0.6613771030640192
17838,713.52,1,True,367.8062689304352,0.5983598837346742,0.6851575133898732
17841,713.64,1,True,322.7260708808899,0.6475858814788588,0.925899661296529
17844,713.76,1,True,239.35274720191956,0.6650253624627085,0.9077485439353852
17847,713.88,1,True,565.6272840499878,0.7687275590318622,0.5332508269167202
17850,714.0,1,False,188.15939784049988,0.7680207310300885,0.7052103680896058
17853,714.12,1,True,430.3645133972168,0.7481461962064108,0.6685531040066585
17856,714.24,1,False,342.16347098350525,0.7833224137624105,0.7916834796206395
17859,714.36,1,False,508.9531195163727,0.8390129407246908,0.7210407443224754
17862,714.48,1,True,664.6184027194977,0.7814155528039644,0.882194982588247
17865,714.6,1,False,189.1256046295166,0.7668964031970862,0.7118589781207844
17868,714.72,1,False,297.0070552825928,0.7763886758775422,0.785799773720478
17871,714.84,1,False,313.0377388000488,0.7945429845289751,0.6460301612699201
17874,714.96,1,False,222.41330981254578,0.7371762087850859,0.6363968999125236
17877,715.08,1,False,338.5788595676422,0.7530742179263722,0.8238465878735058
17880,715.2,1,False,309.0878748893738,0.6756896557229938,0.8332918519847756
17883,715.32,1,False,492.18401312828064,0.7007788853211836,0.7489960970382836
17886,715.44,1,True,379.417519569397,0.6241676753217523,0.9262129066084929
17889,715.56,1,False,350.78935861587524,0.6583902582977758,0.9154748222351493
17892,715.68,1,True,439.02661085128784,0.7374649011727535,0.9282173131292007
17895,715.8,1,True,125.13451337814331,0.7036789059638977,0.7339616068157547
17898,715.92,1,True,282.3228621482849,0.7157687996373032,0.8858706508431851
17901,716.04,1,False,270.51897525787354,0.8300440347555912,0.596758382652533
17904,716.16,0,False,,,0.45205024551198625
17907,716.28,1,False,261.96264266967773,0.8072614182125438,0.607800791176501
17910,716.4,1,True,216.83113932609558,0.8051175746050748,0.71972029665573
17913,716.52,0,False,,,0.5334179350612428
17916,716.64,1,False,173.1842064857483,0.819344592816902,0.9013783466777104
17919,716.76,0,False,,,0.6063354969181574
17922,716.88,0,False,,,0.6556778066932745
17925,717.0,0,False,,,0.3642998077298419
17928,717.12,1,False,352.3667550086975,0.8934095068411394,0.7795562645751137
17931,717.24,1,False,181.17743611335754,0.7645779378486403,0.8867512902282041
17934,717.36,1,False,358.03460597991943,0.7136610818631721,0.9246449307317733
17937,717.48,1,False,190.2073609828949,0.6976788278782007,0.5838063043996512
17940,717.6,1,True,407.1981132030487,0.6496916720361421,0.5761872373820265
17943,717.72,1,False,257.56564378738403,0.6522833786227487,0.8900700493960805
17946,717.84,1,True,366.5759074687958,0.6364202255552466,0.3806751022309591
17949,717.96,1,True,540.4674768447876,0.7237103346622351,0.43086930211151386
17952,718.08,1,True,531.820056438446,0.6856001651648319,0.697098838950343
17955,718.2,1,False,433.3136987686157,0.6805005525097703,0.6280235528128181
17958,718.32,1,False,465.33863067626953,0.6759222655585317,0.7065579886647554
17961,718.44,1,True,448.64500164985657,0.6372152693343885,0.8456690252042446
17964,718.56,1,False,540.9330224990845,0.6754460072878635,0.2652770678964274
17967,718.68,1,True,520.562294125557,0.33134652945128357,0.08720412153271895
17970,718.8,1,True,476.97176814079285,0.33829860615007806,0.9626392873258218
17973,718.92,1,True,612.5750720500946,0.33737957883964886,0.9777225767377742
17976,719.04,1,True,488.2114738225937,0.3583464333505342,0.9804624305302531
17979,719.16,1,True,517.8453826904297,0.36138157230435,0.9819557038665971
17982,719.28,1,True,536.535894870758,0.3670791152751807,0.9852368718497163
17985,719.4,1,True,529.8638892173767,0.36384565992788837,0.9836284012563113
17988,719.52,1,True,520.5016708374023,0.3610505660374959,0.9859950079824223
17991,719.64,1,True,487.1756315231323,0.369877045804804,0.9928158535223289
17994,719.76,1,False,539.9546813964844,0.38148058996056067,0.9938227510270123
17997,719.88,1,True,521.5086257457733,0.3716879938587998,0.9888718105551195
18000,720.0,1,True,471.3065242767334,0.39756793144977454,0.988848785550141
18003,720.12,1,True,446.54864609241486,0.3944615468834386,0.9958685665172611
18006,720.24,1,True,456.6587018966675,0.4236938881151604,0.9936147542512264
18009,720.36,1,True,494.2996323108673,0.47414235454617126,0.9958216508113047
18012,720.48,1,True,470.24947106838226,0.5136886013276649,0.988348793905335
18015,720.6,1,True,488.28770756721497,0.5517130864389015,0.9851435205054503
18018,720.72,1,False,510.0154995918274,0.5857664906617367,0.9942429194874682
18021,720.84,1,True,442.38509595394135,0.6106420899882461,0.9916279535637947
18024,720.96,1,False,441.7387104034424,0.6378526976614287,0.9966050636375673
18027,721.08,1,True,443.96366715431213,0.64589441725702,0.996436699889578
18030,721.2,1,True,500.0068151950836,0.61458359523253,0.9962470555992152
18033,721.32,1,True,513.7192976474762,0.5867124669479601,0.9942475368932384
18036,721.44,0,False,,,0.9951177485101421
18039,721.56,1,True,359.9952310323715,0.5001058108878859,0.9962729028265748
18042,721.68,1,True,493.6404365301132,0.45081826863866864,0.99657841045496
18045,721.8,1,True,507.4418020248413,0.41387404817523377,0.9976349320070257
18048,721.92,1,True,504.68773126602173,0.41442034912831854,0.9962768769048603
18051,722.04,1,True,559.3293499946594,0.42620477170655224,0.9960678685862899
18054,722.16,1,True,589.2841744422913,0.4734917012127963,0.994220866006804
18057,722.28,1,True,589.3580102920532,0.5097346098134012,0.9904995229046795
18060,722.4,1,False,1545.235505104065,0.5417577804941119,0.09067736955730428
18063,722.52,1,False,855.7727551460266,0.5125258465607961,0.9582580766381092
18066,722.64,1,False,962.1860504150391,0.4900302498629599,0.9898618008557561
18069,722.76,1,False,824.4180750846863,0.5140688130349824,0.9821799173608392
18072,722.88,1,False,734.3659543991089,0.47924534660397156,0.9879871927005013
18075,723.0,1,False,1414.7203087806702,0.5063996269847407,0.9732839325560937
18078,723.12,1,False,689.2010736465454,0.4964441873810508,0.9907406229334011
18081,723.24,1,False,609.1306972503662,0.4142215319655158,0.9872701661827176
18084,723.36,1,False,1106.0362458229065,0.41329170402252313,0.9884674376132995
18087,723.48,0,False,,,0.9781941041458528
18090,723.6,0,False,,,0.9661517957895874
18093,723.72,1,False,507.3460793495178,0.5651738065661807,0.9706465377032448
18096,723.84,1,False,581.6422927379608,0.5383490495609514,0.9887756801880015
18099,723.96,1,True,742.3907911777496,0.5528754962213112,0.9913035615104889
18102,724.08,2,False,558.422994017601,0.5689536134401957,0.9819466762401063
18105,724.2,1,False,736.6425061225891,0.46418959940924787,0.9910408430637935
18108,724.32,1,False,1228.9719700813293,0.46846591703819507,0.9846955445450002
18111,724.44,0,False,,,0.9835219999488279
18114,724.56,1,False,445.78423261642456,0.4831976493199666,0.9924977761257356
18117,724.68,1,True,373.98520946502686,0.52996709039717,0.9506375380528483
18120,724.8,1,False,451.54600381851196,0.5111353821826704,0.9739489740889183
18123,724.92,1,False,573.4620273113251,0.4778574668999874,0.9602050521208781
18126,725.04,1,False,814.2971563339233,0.49677831837625214,0.9311781545929236
18129,725.16,1,False,516.2770307064056,0.46261413892110187,0.9873110181989959
18132,725.28,1,False,545.0019764900208,0.4653096515120882,0.982684347694298
18135,725.4,1,False,464.4283962249756,0.47378234700723126,0.9860596193997515
18138,725.52,1,False,680.6414580345154,0.5342565052437059,0.9715045983186947
18141,725.64,2,False,435.38931012153625,0.41070131460825604,0.14619798627497993
18144,725.76,2,False,419.48161125183105,0.2906975583596663,0.9443030210561428
18147,725.88,1,False,352.32861399650574,0.3097421942335187,0.9692672351707928
18150,726.0,1,False,714.8190557956696,0.3761469148325198,0.9882996101712583
18153,726.12,1,False,646.2260985374451,0.456072983416644,0.9471335459129961
18156,726.24,1,False,498.57607662677765,0.5045111946987383,0.9443909709443956
18159,726.36,1,False,282.84351110458374,0.47660106601137103,0.9505909805545192
18162,726.48,2,False,314.10588026046753,0.4719015928831967,0.9508981086847935
18165,726.6,2,False,214.29172039031982,0.47025692191990937,0.952913367160063
18168,726.72,1,False,165.11595010757446,0.41096097230911255,0.9858276112811247
18171,726.84,1,False,162.41318464279175,0.4259261154767239,0.9868753979721088
18174,726.96,2,False,97.82690048217773,0.3280399703618252,0.9871461141185576
18177,727.08,2,False,464.0924656391144,0.2760188410227949,0.9822350881936297
18180,727.2,2,False,487.2913098335266,0.2326927970756184,0.9587585957166482
18183,727.32,1,False,338.02756905555725,0.253390884309104,0.9238519245606543
18186,727.44,1,False,531.790155172348,0.26850067417729984,0.9403662616176526
18189,727.56,1,True,467.13167667388916,0.5792998174826304,0.05157847610517569
18192,727.68,1,True,546.1990410089493,0.6389840877417362,0.7495452158583076
18195,727.8,1,True,400.605286359787,0.608775920940168,0.8617738859741769
18198,727.92,1,False,510.69709718227386,0.6240850000670461,0.9214993845653299
18201,728.04,1,True,556.7333149909973,0.63874125661272,0.9009167935185365
18204,728.16,1,True,484.2335271835327,0.652185938575051,0.8123925198256003
18207,728.28,1,True,441.514949798584,0.6465193177714492,0.8781314970550033
18210,728.4,1,True,402.5061249732971,0.6154438203031366,0.947442519411556
18213,728.52,1,True,420.7619905471802,0.6202098167303837,0.9592783491888888
18216,728.64,1,False,444.0526306629181,0.6125116854002981,0.9365314758231585
18219,728.76,1,False,414.86674189567566,0.6357727556517629,0.7851449615553009
18222,728.88,0,False,,,0.8094805313145726
18225,729.0,1,True,671.2185841798782,0.6405897971355554,0.9250979160029812
18228,729.12,1,False,477.6379323005676,0.647787453550281,0.912907995183551
18231,729.24,1,True,420.56381821632385,0.6423911000743057,0.9394521873295769
18234,729.36,1,True,432.53156661987305,0.618841902776198,0.8675048755035407
18237,729.48,1,True,449.6585547924042,0.6718542882890413,0.8448028633193777
18240,729.6,1,False,467.33126521110535,0.6740596637581334,0.8950736634750834
18243,729.72,2,False,501.1344212293625,0.6503393252690634,0.8806767817521087
18246,729.84,1,True,573.2218837738037,0.6492651556477402,0.8305428597494559
18249,729.96,1,True,608.7046766281128,0.6366423458764048,0.8777978906385214
18252,730.08,1,True,508.3695137500763,0.6060294581182075,0.9675173763274605
18255,730.2,1,False,230.50443470478058,0.595239500204722,0.9743480467513531
18258,730.32,1,True,354.95564460754395,0.5409279790791598,0.9376341439409239
18261,730.44,1,True,463.8596284389496,0.4900057686097694,0.935285828698705
18264,730.56,0,False,,,0.9409840100696509
18267,730.68,1,True,544.0791088342667,0.4698394943367351,0.9627847856006205
18270,730.8,1,True,604.591498374939,0.4759798420198036,0.9515118167324491
18273,730.92,1,True,697.43048787117,0.4733025639346152,0.9721987323556145
18276,731.04,1,True,545.3733444213867,0.47329810532656585,0.971846377893107
18279,731.16,1,False,510.50558745861053,0.4566888213157654,0.9849692412901432
18282,731.28,1,True,584.3671864271164,0.4234802713899901,0.9838704794741019
18285,731.4,1,True,638.6597585678101,0.4343430372801694,0.9442718350315052
18288,731.52,1,True,697.3109954595566,0.4533005916711056,0.9666530158290596
18291,731.64,1,True,750.8786630630493,0.43791902381362335,0.9855737624241278
18294,731.76,1,True,745.0305998325348,0.4550297034509254,0.9886288784270999
18297,731.88,1,True,612.3712348937988,0.5117135029850584,0.9884387751842342
18300,732.0,1,True,854.1507482528687,0.5005589904207172,0.9759066196611668
18303,732.12,1,True,534.1295993328094,0.48338934327616834,0.9823176508696428
18306,732.24,1,False,580.601155757904,0.4482956176454371,0.9892544547845818
18309,732.36,1,False,475.86233139038086,0.4731651680036025,0.9772658045615122
18312,732.48,1,False,480.3983438014984,0.47415595072688477,0.9750736240092981
18315,732.6,1,False,770.927027463913,0.419449786345164,0.9345268405707574
18318,732.72,1,False,974.6678495407104,0.37073836475610733,0.9366010615559963
18321,732.84,1,False,795.6229948997498,0.32368533448739484,0.8901593466326672
18324,732.96,1,False,1004.1095888614655,0.3449073535474864,0.5908594399803705
18327,733.08,1,False,785.6232905387878,0.3489617761788946,0.949491563577156
18330,733.2,1,False,462.86139607429504,0.14421334140228503,0.774459284830704
18333,733.32,1,False,449.8218369483948,0.10586789724501697,0.9218699341937652
18336,733.44,1,False,369.32003259658813,0.22414693958831555,0.5285305776441807
18339,733.56,2,False,435.0354838371277,0.4003865278579972,0.016260940115599188
18342,733.68,2,False,628.4259778261185,0.3957161921443361,0.9959130893389998
18345,733.8,2,False,657.0328634977341,0.39418707742835535,0.9971436604305652
18348,733.92,2,False,622.0270746946335,0.39413236623460596,0.9979797309357122
18351,734.04,2,False,355.3943145275116,0.3952398282108885,0.9976595655770941
18354,734.16,2,False,571.9428241252899,0.3732835352420807,0.9974885719814075
18357,734.28,2,False,461.50084018707275,0.4114989096468145,0.9967143126627301
18360,734.4,2,True,565.3297519683838,0.46740407925663574,0.9897601309624041
18363,734.52,1,True,609.4122004508972,0.5126878194736711,0.9875963838635028
18366,734.64,2,True,633.170735836029,0.5209468097397776,0.9877870747875152
18369,734.76,1,True,560.2545833587646,0.5248552082162915,0.9775679265104508
18372,734.88,1,True,552.1996200084686,0.5464561247464382,0.9885960746098534
18375,735.0,1,True,528.0239152908325,0.5759410153735768,0.9955989577923374
18378,735.12,1,True,504.936500787735,0.5908796832416997,0.9972668564951069
18381,735.24,1,True,502.94270753860474,0.570534604065346,0.9966322586200967
18384,735.36,1,True,570.8511543273926,0.5087008133079066,0.9935068146300559
18387,735.48,1,True,561.484944820404,0.47626877463225165,0.9964668128595394
18390,735.6,1,True,474.73145842552185,0.45706225886489404,0.9955433909011117
18393,735.72,1,False,507.1944487094879,0.44114168123765424,0.9894962922540071
18396,735.84,1,False,544.7377252578735,0.4330314244284774,0.9934803390815833
18399,735.96,1,True,538.0391335487366,0.41293563174478937,0.9958477045554471
18402,736.08,1,True,568.2558917999268,0.4059232911377242,0.9958104785630117
18405,736.2,1,True,600.0903761386871,0.4332088900334907,0.9954884577867223
18408,736.32,1,True,640.8341985940933,0.4729343291484948,0.9889533372709643
18411,736.44,1,True,632.2507810592651,0.4964027531219251,0.9911116790968206
18414,736.56,1,False,604.77898478508,0.5175997949007786,0.9951045420642565
18417,736.68,1,False,539.1510486602783,0.5378774034254479,0.9957901836631319
18420,736.8,0,False,,,0.13611638609887663
18423,736.92,0,False,,,0.9939584692083927
18426,737.04,0,False,,,0.9927261644174695
18429,737.16,0,False,,,0.9971083113662029
18432,737.28,1,True,294.9159622192383,0.39920654170440906,0.9710728801285313
18435,737.4,0,False,,,0.9959424527088997
18438,737.52,0,False,,,0.9930352691640143
18441,737.64,1,False,124.00695562362671,0.4388566152615981,0.9909591471078725
18444,737.76,1,True,167.49916791915894,0.41708678097435925,0.9978737925860472
18447,737.88,0,False,,,0.9934328535153665
18450,738.0,0,False,,,0.9834759103158981
18453,738.12,0,False,,,0.9944242073817664
18456,738.24,0,False,,,0.9969077225665741
18459,738.36,1,True,270.0509512424469,0.3612491452332699,0.9978386573628458
18462,738.48,0,False,,,0.9953690210100563
18465,738.6,0,False,,,0.9866510517990463
18468,738.72,1,False,152.86653757095337,0.4123875272996498,0.9941870197611299
18471,738.84,0,False,,,0.9967911140159205
18474,738.96,0,False,,,0.9973961043690628
18477,739.08,1,True,167.2544538974762,0.3901278448827339,0.9919446984864031
18480,739.2,1,True,205.92876434326172,0.37461923649816803,0.9900539093639497
18483,739.32,1,False,197.5054907798767,0.36629881822701654,0.9886010471571083
18486,739.44,1,False,199.46510195732117,0.3608848470630068,0.9850206635813468
18489,739.56,1,False,196.84161186218262,0.36265664479949256,0.9962230546613823
18492,739.68,1,True,187.14722871780396,0.368186096350352,0.9952260889271171
18495,739.8,1,True,193.62170577049255,0.37711957729224005,0.9946979204459875
18498,739.92,0,False,,,0.12716193570780987
18501,740.04,1,True,561.5526652336121,0.7511429985364279,0.9851869361304856
18504,740.16,0,False,,,0.9804678217167888
18507,740.28,0,False,,,0.9820758263028244
18510,740.4,0,False,,,0.9868318725018798
18513,740.52,0,False,,,0.9763024335423061
18516,740.64,0,False,,,0.9670558211346573
18519,740.76,0,False,,,0.966333265040194
18522,740.88,0,False,,,0.9642661745332329
18525,741.0,1,True,356.4828944206238,0.5663018786545956,0.9281890603869666
18528,741.12,2,True,400.1392900943756,0.5536190036571387,0.9734615102788748
18531,741.24,1,True,401.5577816963196,0.5474510021281965,0.9643398092451911
18534,741.36,1,True,384.89463329315186,0.543900444652095,0.9604967425939984
18537,741.48,0,False,,,0.9706187002061116
18540,741.6,1,True,348.8484477996826,0.5882957523519342,0.9590943717134486
18543,741.72,1,True,431.3901364803314,0.6150331316572247,0.9842616464027273
18546,741.84,1,True,427.6264715194702,0.6366322726914377,0.9487392838984678
18549,741.96,1,True,430.99562644958496,0.6724573590538718,0.9569631820944753
18552,742.08,1,True,473.31087470054626,0.6895188851789995,0.9684636891027094
18555,742.2,1,True,597.0695436000824,0.6999256791490497,0.9636531661130389
18558,742.32,1,True,499.7047448158264,0.6926172538237139,0.9832567427253828
18561,742.44,1,False,462.84958362579346,0.6523818138873938,0.9863601661100585
18564,742.56,1,True,512.1961355209351,0.6286215637669419,0.9841906840009303
18567,742.68,1,True,524.9836099147797,0.6181772531885089,0.9872201592823613
18570,742.8,1,True,534.8043894767761,0.6056933086929899,0.9889410696002222
18573,742.92,1,True,529.5944559574127,0.6014502093647466,0.9882167623206561
18576,743.04,1,True,512.1665561199188,0.5861522934653542,0.9918863531896496
18579,743.16,1,True,620.7567858695984,0.582318059422753,0.9914195507570208
18582,743.28,1,True,539.5633578300476,0.5458503049431425,0.9834955004568352
18585,743.4,1,True,525.7747864723206,0.5050146092068065,0.9947208493560175
18588,743.52,1,True,523.1647181510925,0.49852856451814825,0.9721843990328369
18591,743.64,1,True,550.5896830558777,0.5030350269693317,0.956171162137027
18594,743.76,1,True,571.21701836586,0.43861375613646075,0.9173170366790151
18597,743.88,1,True,519.8449212312698,0.3794538884451895,0.9137933226225234
18600,744.0,1,True,736.6464167833328,0.32947708892099786,0.8879367229121998
18603,744.12,1,True,766.9621324539185,0.38124422322620044,0.9418398792195419
18606,744.24,1,True,673.5527658462524,0.4426637612509005,0.9310658459032305
18609,744.36,1,True,607.5078856945038,0.5199265913529829,0.9548501782038502
18612,744.48,1,True,555.2410840988159,0.6173019192435525,0.9322155512258076
18615,744.6,1,True,580.1729786396027,0.7143935615366156,0.9270950499565745
18618,744.72,1,True,314.32085394859314,0.674137167858355,0.9353041179120377
18621,744.84,1,False,398.4544551372528,0.6889062036167491,0.944383446550411
18624,744.96,1,True,516.1330604553223,0.6784456462571116,0.8612464046580858
18627,745.08,1,True,534.7459065914154,0.6322068210804102,0.972635962927236
18630,745.2,1,True,386.1320757865906,0.6196553418130586,0.9706672335150723
18633,745.32,2,True,439.44220304489136,0.607168947205399,0.9807328385774499
18636,745.44,1,True,430.8277899026871,0.5846899404670253,0.9160022532562055
18639,745.56,1,True,468.52683305740356,0.5946118940006603,0.9349741097337579
18642,745.68,1,True,487.2429496049881,0.607485830783844,0.9900973880090663
18645,745.8,1,True,490.375292301178,0.6146587892012163,0.9883708346386972
18648,745.92,1,True,477.1946918964386,0.6216541546763796,0.9849483366393923
18651,746.04,1,True,593.747638463974,0.6034111434763129,0.9886016771556906
18654,746.16,1,True,575.2701044082642,0.6134827660791802,0.9755259928052147
18657,746.28,1,True,446.9791567325592,0.6494266860412828,0.9865288032364192
18660,746.4,1,True,549.5389544963837,0.6586400396896132,0.9657826694655872
18663,746.52,1,True,619.5803689956665,0.6412219296802174,0.9540771451727624
18666,746.64,1,True,663.1710720062256,0.6322726462826584,0.9047154676879099
18669,746.76,1,True,638.2296824455261,0.6503673484831145,0.9617130003121578
18672,746.88,1,False,776.0513609647751,0.6338348117741671,0.9614532528575778
18675,747.0,2,True,248.33104491233826,0.556141941836386,0.01637535125617759
18678,747.12,2,True,280.6882703304291,0.4944218595822652,0.9280396431645006
18681,747.24,2,False,324.5227861404419,0.41350429888927576,0.9767989035081414
18684,747.36,1,True,417.95400738716125,0.39223807869535504,0.9899891018762637
18687,747.48,1,True,452.82944083213806,0.3792644314693682,0.9955401656695659
18690,747.6,1,True,460.50630927085876,0.3776610665249102,0.9935172994312326
18693,747.72,1,True,465.3887128829956,0.38409801414518646,0.9952383891007822
18696,747.84,1,True,459.2030453681946,0.40249655824719055,0.9861881829541669
18699,747.96,1,True,586.6253757476807,0.4246365563435988,0.9914758271118737
18702,748.08,1,True,502.69895911216736,0.42980512976646423,0.9921814710768548
18705,748.2,1,True,452.07656621932983,0.4454758447228056,0.9915170050820604
18708,748.32,2,True,493.1986927986145,0.48966810378161346,0.4133047339582153
18711,748.44,2,True,539.3896794319153,0.4872945718693011,0.9929471483471066
18714,748.56,2,True,558.5549104213715,0.49692009344245447,0.9922311424421013
18717,748.68,1,True,513.8405120372772,0.5960639751318729,0.9943268919291591
18720,748.8,1,True,491.7851257324219,0.524075038505323,0.9924133907617081
18723,748.92,1,False,402.74659037590027,0.5441793402036031,0.9940415540165107
18726,749.04,1,False,711.823103427887,0.6034940174131682,0.9921169048773849
18729,749.16,1,False,696.2535560131073,0.5896222266283903,0.9937597303355695
18732,749.28,1,False,700.5825769901276,0.580685763648062,0.9959713990645316
18735,749.4,1,False,807.2702944278717,0.5792171359062195,0.9955369793146107
18738,749.52,1,False,691.1107474565506,0.5532498359680176,0.9945035304839445
18741,749.64,1,False,712.7839350700378,0.5601139754960032,0.9920009847622413
18744,749.76,1,False,575.4128837585449,0.5525296917467406,0.9891399592560643
18747,749.88,1,False,470.2616214752197,0.5386567350589868,0.98875993507994
18750,750.0,1,False,637.9790621995926,0.6096630195776621,0.9647181678028982
18753,750.12,1,True,559.0982830524445,0.2835243321729429,0.2654763336718037
18756,750.24,1,False,419.08021330833435,0.3195678104053844,0.9856963266156902
18759,750.36,1,False,367.79345870018005,0.33232575338898285,0.9935080837671163
18762,750.48,2,False,486.3344693183899,0.36650846311540314,0.9888297276437804
18765,750.6,1,False,511.100378036499,0.4748835897806919,0.9922721347431065
18768,750.72,1,False,669.2145073413849,0.527031396374558,0.9936502398368529
18771,750.84,1,False,659.1735398769379,0.5589039298621091,0.9911273471050815
18774,750.96,1,False,631.3060426712036,0.6020248162023949,0.9906722484517341
18777,751.08,1,False,550.3984308242798,0.5740688262563763,0.9775510766911697
18780,751.2,1,False,418.8146424293518,0.5737448117949746,0.957922188464936
18783,751.32,1,False,746.6059041023254,0.583216824314811,0.9794149212493347
18786,751.44,2,False,571.7538249492645,0.5369517929626234,0.931595712567326
18789,751.56,2,False,459.4271922111511,0.49040829412864917,0.9499401194684644
18792,751.68,1,False,500.3225326538086,0.4430049919720852,0.9203216988697985
18795,751.8,2,False,240.33260107040405,0.4161509501211571,0.9671625606779217
18798,751.92,1,False,652.8809809684753,0.3414145599712025,0.9879631465577442
18801,752.04,1,True,646.967031955719,0.31989840350367804,0.9650147253899939
18804,752.16,1,True,666.6235256195068,0.3827734160603899,0.9834083506047079
18807,752.28,1,False,743.4390735626221,0.47904141834287933,0.38744518520025784
18810,752.4,1,False,681.4759254455566,0.48146932865634107,0.988422950483989
18813,752.52,1,False,948.6928868293762,0.5059821578589353,0.9801234201326607
18816,752.64,1,False,973.7776350975037,0.5087249730572556,0.979517871805969
18819,752.76,1,False,867.2819101810455,0.5063076434713422,0.9928831763962351
18822,752.88,1,False,672.2839736938477,0.4976612961653507,0.9873378358463765
18825,753.0,1,True,793.6791551113129,0.5006639876148917,0.9791303092985122
18828,753.12,0,False,,,0.992155411925779
18831,753.24,1,True,769.8106062412262,0.4954034848646684,0.996274481794721
18834,753.36,1,True,754.3422853946686,0.4873501586191582,0.9980793875908476
18837,753.48,1,True,712.82790184021,0.4828137529618812,0.9882958237101411
18840,753.6,1,True,627.2917091846466,0.47471287485324976,0.965013590108538
18843,753.72,1,True,723.9225268363953,0.5023628410064813,0.9668201243298351
18846,753.84,1,True,791.1210036277771,0.4902022923483993,0.9925843199814749
18849,753.96,1,True,842.8186190128326,0.49887287616729736,0.9755009360056639
18852,754.08,1,True,894.2552018165588,0.4903682732220852,0.9955578997736407
18855,754.2,1,False,929.7921967506409,0.46943973140283063,0.988203434247496
18858,754.32,0,False,,,0.9638328521530916
18861,754.44,1,True,654.9350273609161,0.45971370646447846,0.8963422637356703
18864,754.56,1,True,657.8584635257721,0.4567054275310401,0.9659321700842929
18867,754.68,1,True,693.0950617790222,0.4580081547751571,0.9867696253257028
18870,754.8,1,False,729.362336397171,0.47725186655015656,0.991165654108867
18873,754.92,1,True,786.7812967300415,0.4809992475943132,0.9931513535985783
18876,755.04,1,True,792.3036968708038,0.4996688654928496,0.9940309961882647
18879,755.16,1,False,761.7024385929108,0.5110682474844384,0.9941629090938948
18882,755.28,1,False,758.1495952606201,0.5122321266116519,0.9961287964122745
18885,755.4,2,True,447.521595954895,0.5775538077860167,0.2495343019956085
18888,755.52,2,False,326.9808053970337,0.5832187334696451,0.8898507631055637
18891,755.64,1,False,368.0520451068878,0.5808968679471449,0.837060757697487
18894,755.76,1,True,426.1524260044098,0.5582765485301162,0.8413184662483637
18897,755.88,1,True,437.2394871711731,0.5732734185276609,0.8390109536795056
18900,756.0,1,True,344.47636127471924,0.6781740170536619,0.6751814334429169
18903,756.12,0,False,,,0.9526406472320308
18906,756.24,0,False,,,0.9313562497602046
18909,756.36,1,False,505.96495628356934,0.6469289534019701,0.5637666553902797
18912,756.48,1,False,424.4508218765259,0.653763417041663,0.9041064761326931
18915,756.6,2,False,397.5111973285675,0.6397207487713207,0.9067274974477162
18918,756.72,1,False,400.6438457965851,0.6226393526250665,0.9686809706511251
18921,756.84,1,True,413.2926607131958,0.616849346594377,0.7989234075463428
18924,756.96,1,True,443.82104873657227,0.6363802461913137,0.8208266619047656
18927,757.08,1,False,433.53272795677185,0.6576029838937701,0.9039687293274095
18930,757.2,1,True,449.03510212898254,0.6622381228389163,0.9441448278285935
18933,757.32,1,True,541.5833669900894,0.6681420134775566,0.9603082648660892
18936,757.44,1,True,529.2549848556519,0.6667384703954061,0.9223726102627207
18939,757.56,1,True,469.61357831954956,0.6796621463515542,0.8368925009313939
18942,757.68,1,True,449.524884223938,0.6148690635507758,0.812357433708948
18945,757.8,1,False,244.0927255153656,0.6409842353878599,0.9203898336359072
18948,757.92,1,False,487.73516178131104,0.6253149148189661,0.9508869818172282
18951,758.04,1,True,409.12025928497314,0.5984000346877358,0.9359188948203627
18954,758.16,1,True,357.5115752220154,0.6318952892765854,0.9552895670458528
18957,758.28,1,True,497.0244938135147,0.6471762801661636,0.7980719354146578
18960,758.4,1,False,469.4481074810028,0.6557665665944418,0.9460114546398781
18963,758.52,1,True,506.78616285324097,0.6647549668947855,0.9676705455667086
18966,758.64,1,True,480.59390902519226,0.6438476569724806,0.8237256199024712
18969,758.76,1,True,468.6626601219177,0.6607558438272187,0.9163996735537585
18972,758.88,1,False,465.4118871688843,0.6170202656225725,0.945322557654788
18975,759.0,1,True,462.41809129714966,0.6485320311604124,0.9788286798826199
18978,759.12,0,False,,,0.9539803082947154
18981,759.24,1,True,542.6116132736206,0.6621118567206643,0.9429624748275344
18984,759.36,1,True,516.5905272960663,0.6483553702181036,0.9075181991733345
18987,759.48,1,True,437.3352098464966,0.6134528969273423,0.9841274940706265
18990,759.6,0,False,,,0.9585399436054048
18993,759.72,1,True,470.1630985736847,0.5912320053938663,0.990090100754195
18996,759.84,1,True,518.5419631004333,0.5723523714325645,0.9656844207695188
18999,759.96,1,True,546.6084051132202,0.557250075268023,0.9843340020993133
19002,760.08,1,True,531.1964911222458,0.5464979220520366,0.9461096418792811
19005,760.2,1,True,629.8097884654999,0.5447836129954367,0.9580098426075015
19008,760.32,1,True,574.162614941597,0.504991375135653,0.9154441057602788
19011,760.44,1,True,580.1066583395004,0.5358116292592251,0.8754445041680496
19014,760.56,1,True,593.8933789730072,0.4773767545367732,0.8950633696590463
19017,760.68,1,False,531.6074645519257,0.4561027143940781,0.8736412938392294
19020,760.8,1,True,704.0047913789749,0.4611144219384049,0.9246645580679419
19023,760.92,1,True,684.0474665164948,0.44831433485854755,0.9774309400404289
19026,761.04,1,True,691.0646724700928,0.42506693755135394,0.9712509177451605
19029,761.16,1,False,666.92920088768,0.43478606596137537,0.9838190116720517
19032,761.28,1,True,696.8634581565857,0.45622401978030347,0.9677167602280475
19035,761.4,1,False,559.4789850711823,0.43994498704418994,0.9087223385485328
19038,761.52,1,False,562.0886993408203,0.3785308920072787,0.962321812960818
19041,761.64,1,False,616.5493011474609,0.3419356002952113,0.9476607686199318
19044,761.76,1,False,462.3746716976166,0.33988171635252057,0.9321351874241837
19047,761.88,1,False,444.6718990802765,0.30989879008495447,0.9425712055848741
19050,762.0,2,False,472.55603671073914,0.289587220007723,0.9413272293865106
19053,762.12,2,False,579.0290379524231,0.2294862728678819,0.9454491159576646
19056,762.24,2,False,439.9463725090027,0.28045698819738446,0.9615289521510404
19059,762.36,1,False,414.2679762840271,0.3073048830935449,0.9631813103187513
19062,762.48,1,False,693.535920381546,0.34764801914041693,0.8789172327481448
19065,762.6,1,False,318.161541223526,0.28270173388900177,0.5026947294503488
19068,762.72,2,False,289.7339344024658,0.3199756642182668,0.40748516619943964
19071,762.84,2,False,184.78036165237427,0.28692246386499115,0.994377017685086
19074,762.96,2,False,115.40311574935913,0.15178261561827225,0.9955316354871672
19077,763.08,2,False,200.3203296661377,0.1788794601505453,0.9972868412802772
19080,763.2,2,False,177.55748391151428,0.17349521680311722,0.9931384952552992
19083,763.32,2,False,114.37321186065674,0.19109612477548193,0.9980151044093389
19086,763.44,2,False,345.5541265010834,0.13989979389942053,0.9979613924023217
19089,763.56,2,False,277.3763430118561,0.12266878467617613,0.9976257761150957
19092,763.68,2,False,348.04940164089203,0.14909592993331677,0.9979976878680432
19095,763.8,2,False,137.87087559700012,0.21665702353824268,0.9948563116806536
19098,763.92,2,True,213.42194437980652,0.16495433540055246,0.9965670820864092
19101,764.04,1,False,82.851322889328,0.04689613103189252,0.9984571746482445
19104,764.16,2,False,75.79185605049133,0.029406665739688007,0.997199210820312
19107,764.28,2,False,76.1159098148346,0.02348774005517815,0.9989123409350038
19110,764.4,2,False,93.26446294784546,0.021214957038561504,0.9978415331946916
19113,764.52,2,False,100.09505152702332,0.023919120092283596,0.9987442157019147
19116,764.64,2,False,85.55663108825684,0.024867001582275738,0.9962361908263736
19119,764.76,0,False,,,0.17279389388422844
19122,764.88,2,False,1021.2138855457306,0.5169357874176719,0.9900648469716571
19125,765.0,2,False,995.7973909378052,0.49755665118044073,0.9892116376958615
19128,765.12,2,False,1024.305785894394,0.4754128022627397,0.9856781118852368
19131,765.24,2,False,1018.7452125549316,0.4562179753274629,0.9881195152523882
19134,765.36,2,False,862.6098775863647,0.45571936892740655,0.9923495463296289
19137,765.48,2,False,956.9459581375122,0.45690950028824084,0.9906457960792361
19140,765.6,1,False,964.5926356315613,0.06784789681886182,0.9890126107201402
19143,765.72,2,False,977.7775168418884,0.46135082931229565,0.988478214963971
19146,765.84,1,False,949.9736845493317,0.8705543062903665,0.9915181139903535
19149,765.96,2,False,997.1100533008575,0.8392241976477883,0.9851872076466898
19152,766.08,2,False,890.9343910217285,0.8309845472827102,0.9816008277706298
19155,766.2,2,False,1085.4885721206665,0.8129215005672339,0.9685982290387598
19158,766.32,2,False,1008.5960340499878,0.7816515275926301,0.9770409125308124
19161,766.44,2,False,964.4849717617035,0.8140514041438247,0.9563643580959891
19164,766.56,2,False,1047.5333726406097,0.8144354585445288,0.9468193759033422
19167,766.68,0,False,,,0.5516043409557239
19170,766.8,0,False,,,0.9780502548608804
19173,766.92,0,False,,,0.9833865565303243
19176,767.04,0,False,,,0.9845418397791857
19179,767.16,0,False,,,0.9750880340086033
19182,767.28,0,False,,,0.9718825512054081
19185,767.4,0,False,,,0.9784970831112406
19188,767.52,0,False,,,0.9823508029825272
19191,767.64,0,False,,,0.9788398216582772
19194,767.76,0,False,,,0.9790606463466313
19197,767.88,0,False,,,0.985183597747813
19200,768.0,0,False,,,0.11860581336977687
19203,768.12,0,False,,,0.9882875927467999
19206,768.24,0,False,,,0.9897680384412922
19209,768.36,0,False,,,0.9968370809605014
19212,768.48,0,False,,,0.9919432230141756
19215,768.6,0,False,,,0.9840220501570942
19218,768.72,0,False,,,0.9915103581123867
19221,768.84,0,False,,,0.9967944144692356
19224,768.96,1,False,33.686310946941376,0.4225233152057185,0.9971842517464587
19227,769.08,0,False,,,0.9969787746227661
19230,769.2,0,False,,,0.9822790138205753
19233,769.32,0,False,,,0.9980502234518875
19236,769.44,0,False,,,0.998354063791296
19239,769.56,0,False,,,0.9978380576093533
19242,769.68,1,True,184.61917161941528,0.38053206873662543,0.9972705636664567
19245,769.8,1,True,171.43580317497253,0.3927292281931097,0.9964883192235837
19248,769.92,1,True,152.05138206481934,0.37811886180530896,0.9967910585031785
19251,770.04,2,True,153.06506395339966,0.3580506353667288,0.9969491810059367
19254,770.16,1,True,127.28280186653137,0.33912160631382104,0.9970044917660575
19257,770.28,1,True,159.64823484420776,0.32337322650533734,0.9909917143620793
19260,770.4,1,True,107.9347836971283,0.31270247878450336,0.9844892820257435
19263,770.52,1,False,151.78275346755981,0.3149657872590152,0.9826762565542608
19266,770.64,1,True,225.85465908050537,0.3536190769889138,0.9882437994345721
19269,770.76,0,False,,,0.9900213608854104
19272,770.88,1,True,284.0067958831787,0.37397258299769776,0.9833211946021673
19275,771.0,1,False,289.280104637146,0.41923394167062006,0.9704254720468128
19278,771.12,1,True,299.2315936088562,0.49974766915494745,0.9490325063752746
19281,771.24,1,True,384.9592638015747,0.5525949687668772,0.9545718785394005
19284,771.36,1,True,309.5380997657776,0.5838763587402575,0.9505895060142705
19287,771.48,1,True,473.50943326950073,0.5698770149187609,0.2417062799170387
19290,771.6,1,True,560.7174897193909,0.5679655878832846,0.9655802173607401
19293,771.72,1,True,606.7601609230042,0.5559732001839262,0.9518009239647685
19296,771.84,1,True,587.2423589229584,0.5280565502065601,0.9624923770591203
19299,771.96,1,True,566.2233138084412,0.5152136168696664,0.9284187795038233
19302,772.08,1,True,697.2374331951141,0.5244257739095977,0.9336602863207876
19305,772.2,1,True,585.741662979126,0.5039989171606122,0.920096025080027
19308,772.32,1,True,547.3236536979675,0.4712113114920529,0.9650179245630176
19311,772.44,1,True,582.5558745861053,0.4406487399881536,0.9635499439708756
19314,772.56,1,True,614.5512270927429,0.43668878530011035,0.9676171070544609
19317,772.68,1,True,599.3176746368408,0.42906124393145245,0.9752581161063426
19320,772.8,1,False,420.46812772750854,0.4070682507572752,0.9870909720787964
19323,772.92,1,False,492.338604927063,0.37997123779672565,0.9821283171138736
19326,773.04,1,False,404.9055325984955,0.38363741022167785,0.9945409664904041
19329,773.16,1,False,509.0708255767822,0.3483979751666387,0.9909760456831765
19332,773.28,1,False,444.15002703666687,0.3327868720798781,0.9807598702360241
19335,773.4,1,True,448.1378710269928,0.32671084774262976,0.9828207289899147
19338,773.52,1,True,448.00371766090393,0.3608608575481357,0.9795281528771781
19341,773.64,1,True,570.1398003101349,0.37125973809849133,0.9767012346172035
19344,773.76,1,True,599.2773127555847,0.3808015765565814,0.9780977964978229
19347,773.88,1,False,578.5478174686432,0.39118871318571496,0.9603688794637119
19350,774.0,1,False,688.3126938343048,0.4679293262236046,0.9883192834883849
19353,774.12,1,True,684.3628942966461,0.4913381988351995,0.9229120172928261
19356,774.24,1,True,486.2073004245758,0.5787613572496356,0.8816822232041092
19359,774.36,1,False,537.4833691120148,0.5899724111412511,0.82598715610777
19362,774.48,1,False,661.3458073139191,0.6968888261101462,0.9270770967521211
19365,774.6,1,False,708.4319972991943,0.8616574009259542,0.9297685045846135
19368,774.72,1,True,667.8845286369324,0.9335739612579346,0.9462695964129276
19371,774.84,2,True,686.5859198570251,0.9179901570984812,0.8965999290061246
19374,774.96,1,True,734.9370074272156,0.8538018157987883,0.8664040067958388
19377,775.08,1,True,571.5874207019806,0.8556971477739739,0.952912428304337
19380,775.2,1,True,432.34224557876587,0.8667945338018013,0.9619451617242183
19383,775.32,1,True,414.68878269195557,0.843678517775102,0.9621692626826904
19386,775.44,2,True,418.18079352378845,0.7847138065280337,0.9165009045640398
19389,775.56,2,True,407.88098216056824,0.7393699902476687,0.9887879053893375
19392,775.68,2,True,356.94121420383453,0.7034406752297373,0.989115234341803
19395,775.8,2,True,394.81402426958084,0.6501524990255182,0.9858106480562402
19398,775.92,1,False,456.56090319156647,0.6117438692035098,0.9824180676637162
19401,776.04,1,True,454.84190225601196,0.6171676588780952,0.9868932854409651
19404,776.16,1,False,297.8311264514923,0.708410356983994,0.9910951871132451
19407,776.28,1,True,459.44983541965485,0.639978497317343,0.9759722526898842
19410,776.4,1,True,489.3497174978256,0.6306487827590017,0.9579605303791292
19413,776.52,1,True,523.217214345932,0.6086926406080072,0.9587237570588858
19416,776.64,1,True,503.2053333520889,0.5933055371949167,0.9598396208517753
19419,776.76,1,True,502.3294097185135,0.6171877366123777,0.963339665404115
19422,776.88,1,True,543.0221039056778,0.6386105147275057,0.9454966974458358
19425,777.0,1,True,420.3712463378906,0.3424426290121945,0.06077349195345501
19428,777.12,1,True,435.12879252433777,0.3322985948938312,0.9755161701262645
19431,777.24,1,True,457.7719044685364,0.3171845412615574,0.9797680658623215
19434,777.36,1,True,470.803964138031,0.32603480463678186,0.9633448212033829
19437,777.48,1,True,488.7911367416382,0.3305679094610792,0.9627289073655053
19440,777.6,1,True,465.38517236709595,0.3436433550986377,0.9766096714902783
19443,777.72,1,True,518.4855079650879,0.36046815550688543,0.9838177429169861
19446,777.84,1,True,519.5477914810181,0.3732591307524479,0.9867945426554005
19449,777.96,1,True,476.8074560165405,0.3827520789522113,0.9736913842321655
19452,778.08,1,True,473.141348361969,0.3874087180152084,0.9834454123229629
19455,778.2,1,True,497.574223279953,0.4142714206016425,0.9905594019742607
19458,778.32,1,True,521.5165436267853,0.43709970513979596,0.9930253479610053
19461,778.44,1,True,508.72277677059174,0.44896296840725525,0.9915707349593496
19464,778.56,1,True,475.13665437698364,0.4408730512315577,0.994749505452277
19467,778.68,1,True,749.9047636985779,0.46102942390875384,0.9966135754598396
19470,778.8,1,True,468.4989595413208,0.43235715772166394,0.9972765250612629
19473,778.92,1,True,448.9527368545532,0.436841270237258,0.9962185850647524
19476,779.04,1,True,483.35750699043274,0.4263091204744397,0.9946311016443838
19479,779.16,1,True,513.2161581516266,0.43599743915326666,0.9923239776302413
19482,779.28,1,True,543.3940351009369,0.4597490764025486,0.9963281415966962
19485,779.4,1,True,550.4190623760223,0.4925987223784129,0.9902912494963013
19488,779.52,1,True,520.2585339546204,0.5381637712319692,0.991639959751394
19491,779.64,1,True,516.6533875465393,0.5660330996368871,0.9880674182912951
19494,779.76,1,False,530.3760087490082,0.6053751707077026,0.9964298707183127
19497,779.88,1,True,520.0115346908569,0.6241348078756621,0.9971474286078633
19500,780.0,1,True,547.4070811271667,0.6078438433733854,0.9937811288840457
19503,780.12,1,True,583.782148361206,0.5995804577162771,0.9900469746692673
19506,780.24,1,False,420.3458833694458,0.5929454908226476,0.9923535057394313
19509,780.36,1,False,563.0877363681793,0.5488352170496276,0.9898865802151944
19512,780.48,1,False,576.8253564834595,0.49049089532909973,0.9928304908868976
19515,780.6,1,True,623.7402176856995,0.45432203285621875,0.9954812057687099
19518,780.72,1,True,673.3476090431213,0.45023269454638165,0.9925512059508124
19521,780.84,1,True,717.0132100582123,0.4913614536776687,0.9707482005320162
19524,780.96,1,True,733.1376206874847,0.5332156799056313,0.988400498592303
19527,781.08,1,False,645.6429433822632,0.5508599768985402,0.9749221038330627
19530,781.2,1,False,522.5714564323425,0.5569838059670997,0.983008433202951
19533,781.32,1,False,670.7829880714417,0.5757948792341984,0.9846225568373518
19536,781.44,1,True,655.4620814323425,0.633362762855761,0.9952230696346187
19539,781.56,1,True,530.399569272995,0.6179917364409475,0.9922984110861086
19542,781.68,1,True,695.6019079685211,0.542366699738936,0.9899183662603337
19545,781.8,1,True,586.6373813152313,0.4831457761200992,0.9914499423518228
19548,781.92,1,True,680.6493759155273,0.4045794669425849,0.9880863537772637
19551,782.04,1,False,586.0976457595825,0.37094990954254614,0.9871985144742818
19554,782.16,1,False,517.4613332748413,0.2875673215497624,0.9901713037913956
19557,782.28,1,True,715.9648633003235,0.21479600035783017,0.9912380144856061
19560,782.4,1,False,570.5128741264343,0.2642859626900066,0.9916812746316684
19563,782.52,1,False,343.5948050022125,0.32539386415120325,0.976159439712808
19566,782.64,1,False,437.75196075439453,0.3694841012810216,0.9806740040136676
19569,782.76,1,False,425.59476256370544,0.3947062095006307,0.9871991782520729
19572,782.88,1,False,628.1808292865753,0.4650138995864175,0.9862354476452176
19575,783.0,1,False,741.2260901927948,0.5460532054756627,0.9833488408151014
19578,783.12,1,False,586.3224685192108,0.5432333007003322,0.9882379234755586
19581,783.24,1,False,244.6163034439087,0.5049011472499731,0.9820539767936155
19584,783.36,1,False,359.1672170162201,0.4552879161906965,0.982716402444238
19587,783.48,0,False,,,0.9705811459890061
19590,783.6,1,False,749.3584620952606,0.4353325710152135,0.9671072115709426
19593,783.72,2,False,888.8846898078918,0.3819103186780756,0.9597068512972812
19596,783.84,1,False,786.6379380226135,0.3240051346294808,0.9742696834160162
19599,783.96,2,False,719.4807887077332,0.2656029015779495,0.9691242218387851
19602,784.08,2,False,975.1797759532928,0.2820852507244457,0.9601237604189767
19605,784.2,2,False,674.8280918598175,0.4391545517878099,0.1675745170892673
19608,784.32,1,False,746.3766396045685,0.49477697773413226,0.9915829103616615
19611,784.44,1,False,793.9989280700684,0.5460044497793372,0.9959741765818638
19614,784.56,1,False,864.3273496627808,0.5690532073830114,0.99257837530495
19617,784.68,1,False,869.4836282730103,0.5794441826415785,0.9961320485846645
19620,784.8,1,False,895.5809640884399,0.5943567779931155,0.9969768914294574
19623,784.92,1,False,1026.381493806839,0.6014896640271852,0.9954413112250351
19626,785.04,1,False,1028.5503816604614,0.5642736048409434,0.9765546747459997
19629,785.16,1,True,1141.414818763733,0.5307855317086885,0.8935995566082975
19632,785.28,1,False,997.6517522335052,0.5332524487466523,0.9073006430302433
19635,785.4,1,False,787.5228095054626,0.48737103469444043,0.8753706182774849
19638,785.52,1,False,653.4987366199493,0.45147739576570917,0.951823490446505
19641,785.64,2,False,427.82206892967224,0.27760720975471265,0.27493272745119685
19644,785.76,2,False,323.08791160583496,0.40356586557446106,0.7488311846070362
19647,785.88,1,True,549.1831970214844,0.3098155440706195,0.8637042109218209
19650,786.0,1,True,503.4970396757126,0.34491401368921454,0.687528279858578
19653,786.12,1,True,484.51422572135925,0.41026237787622394,0.6198554622004846
19656,786.24,1,True,592.9580068588257,0.4488552203684142,0.8354779836779569
19659,786.36,1,True,588.7759494781494,0.4929292779980284,0.809517230420861
19662,786.48,1,True,530.2396827936172,0.5474181960929524,0.6305211870811794
19665,786.6,0,False,,,0.922655307730436
19668,786.72,1,True,463.0756616592407,0.5663899147149288,0.8955191668770308
19671,786.84,1,True,558.4329235553741,0.5642757298368396,0.8242066338930347
19674,786.96,1,True,506.2463629245758,0.6027735941337816,0.8659644224831883
19677,787.08,1,False,470.61097383499146,0.6057765718662378,0.9358803789293514
19680,787.2,1,False,555.0663274526596,0.6032166047529741,0.9106362634600257
19683,787.32,1,True,554.913843870163,0.6231407541217227,0.8238443770861121
19686,787.44,1,True,590.1119631528854,0.5924451152483622,0.8319416862693326
19689,787.56,1,True,547.7967631816864,0.603176904447151,0.9319703835420173
19692,787.68,1,True,461.7370891571045,0.5741538784720681,0.9659260309511638
19695,787.8,1,True,515.4760050773621,0.5417520584482135,0.9297571083695121
19698,787.92,1,True,497.4493718147278,0.5657429126175967,0.798046520080905
19701,788.04,1,True,435.4742503166199,0.6113182197917592,0.7707894955248474
19704,788.16,1,False,541.2008142471313,0.6268761013493394,0.9109727614181494
19707,788.28,1,True,638.9100730419159,0.6305907007419702,0.9123672790185998
19710,788.4,1,True,578.7525719404221,0.642837101762945,0.886700516478403
19713,788.52,1,False,441.50883436203003,0.6632629506515734,0.8642021228246485
19716,788.64,1,False,319.7331118583679,0.6064238132852496,0.8918761342594869
19719,788.76,1,False,76.87950253486633,0.6515322634668061,0.910953476124995
19722,788.88,1,True,484.4600397348404,0.6122670408451196,0.9248613029531404
19725,789.0,1,False,360.91290056705475,0.5980465321829824,0.8579300572431089
19728,789.12,2,True,324.8367977142334,0.5510046391776113,0.8702023072045209
19731,789.24,0,False,,,0.9641185840126398
19734,789.36,1,True,664.7360122203827,0.5509401424364611,0.954417780938324
19737,789.48,1,False,166.2144434452057,0.5525959025729786,0.9605258951079597
19740,789.6,1,True,336.5314757823944,0.5091108634616389,0.9123301970577281
19743,789.72,0,False,,,0.8674427115494567
19746,789.84,1,True,638.5070013999939,0.4753062544447003,0.9653880207686707
19749,789.96,1,True,649.7207808494568,0.4663648804028829,0.9480642986268111
19752,790.08,1,True,655.6425029039383,0.43579382426810986,0.9846401073605042
19755,790.2,1,True,751.3121831417084,0.44830177679206384,0.9326345654355005
19758,790.32,1,True,692.7235972881317,0.44756495681675995,0.9879184631329657
19761,790.44,1,False,424.2189824581146,0.4380777685931235,0.9819201066669053
19764,790.56,1,False,485.8142066001892,0.3881203459970879,0.9678188017822248
19767,790.68,1,True,533.7661492824554,0.3727716180411252,0.9382404513849708
19770,790.8,1,False,543.5623383522034,0.3763395168564536,0.973087487096324
19773,790.92,1,True,789.9924802780151,0.3560685226411531,0.9823589430461
19776,791.04,1,False,475.8113479614258,0.38479053658066376,0.9329960341286392
19779,791.16,1,True,642.9256939888,0.3779558354254925,0.979841776197599
19782,791.28,1,False,810.1600313186646,0.36356285349889234,0.9867589943011686
19785,791.4,1,False,889.2609179019928,0.3598442885911826,0.9814969003917979
19788,791.52,1,True,809.9276447296143,0.3431660636807933,0.9788528871788178
19791,791.64,1,False,615.177640914917,0.38272898802251526,0.9743853872882361
19794,791.76,1,False,820.7490706443787,0.39690359139984305,0.9407479154576617
19797,791.88,1,False,696.7492604255676,0.36466465213082055,0.8877258892753519
19800,792.0,1,False,666.7338609695435,0.3581864373250441,0.8347567928059263
19803,792.12,1,False,579.4005346298218,0.276950429334785,0.47460059596173854
19806,792.24,1,False,715.1972472667694,0.17469296011735092,0.8791209440985613
19809,792.36,1,False,459.6889328956604,0.28881266566388536,0.8692738465816902
19812,792.48,1,False,367.29743242263794,0.3026861986427596,0.987695938690927
19815,792.6,1,False,382.5510048866272,0.5069923744057164,0.8808195614201183
19818,792.72,1,True,258.10476779937744,0.43552906314531964,0.03817036424987911
19821,792.84,1,True,273.8675308227539,0.42296850861925067,0.9990563287964457
19824,792.96,1,True,259.9851679801941,0.4084256986776988,0.9988446246228998
19827,793.08,1,True,268.7797451019287,0.4029374917348226,0.9987113540984396
19830,793.2,1,True,353.7049412727356,0.3979062022584857,0.9989295140639857
19833,793.32,1,True,296.98046922683716,0.3958420717354977,0.9986819430594046
19836,793.44,1,False,161.47510886192322,0.38119182351863745,0.9988652293837544
19839,793.56,2,True,225.7261061668396,0.3730169047008861,0.9990798946708962
19842,793.68,1,True,243.55553269386292,0.3844356627175302,0.9988377433773464
19845,793.8,1,True,262.6859378814697,0.394031437960538,0.9988363309580501
19848,793.92,1,True,257.1026086807251,0.41181444038044324,0.9987020791493361
19851,794.04,2,True,249.51653838157654,0.42901902307163586,0.9982869124243159
19854,794.16,2,True,234.6106767654419,0.43896772554426483,0.9979745678238787
19857,794.28,2,True,215.74432969093323,0.43829334233746386,0.9976111050592987
19860,794.4,1,True,211.3386082649231,0.4463450890598875,0.9978921802102838
19863,794.52,1,True,228.21264266967773,0.4343411967609868,0.9986241448321647
19866,794.64,1,True,230.28629064559937,0.41420340628334973,0.9955392814932928
19869,794.76,1,True,231.66998863220215,0.39125799681201123,0.9958255077338163
19872,794.88,1,True,151.46706819534302,0.37589411663286615,0.998589145257998
19875,795.0,2,True,137.5405776500702,0.3697209656238556,0.9990315823268956
19878,795.12,1,True,224.84220027923584,0.3534429208798842,0.9982950951322894
19881,795.24,1,True,219.49521660804749,0.36311484828139795,0.992867547012584
19884,795.36,1,True,218.52707862854004,0.3771461510297024,0.9966136871673887
19887,795.48,2,True,222.05455899238586,0.38188680735501374,0.9954730390149341
19890,795.6,1,True,238.78584623336792,0.39148479519468365,0.9916690617202392
19893,795.72,1,True,212.535560131073,0.3983114388856021,0.9942260842812349
19896,795.84,1,True,176.34466409683228,0.39983250697453815,0.9940917899563175
19899,795.96,1,True,190.05563378334045,0.3953022469173778,0.9945038937715656
19902,796.08,1,True,187.79327630996704,0.39649990020376263,0.9927634640819456
19905,796.2,1,True,279.81186389923096,0.3839405729915156,0.9916523670521711
19908,796.32,1,True,300.83486795425415,0.36957951657699817,0.9918591762997233
19911,796.44,1,False,291.1720275878906,0.35169273073023016,0.9923197623141007
19914,796.56,1,False,202.6519525051117,0.3374638855457306,0.9893372972971548
19917,796.68,1,False,188.35235595703125,0.32376701813755615,0.9880396545577182
19920,796.8,1,True,177.56794452667236,0.3209402362505595,0.981602412910182
19923,796.92,1,True,174.37169551849365,0.3228988891298121,0.98854149359209
19926,797.04,1,True,178.39204788208008,0.33202870686848956,0.9901883320715805
19929,797.16,2,True,190.1355528831482,0.3449293365984252,0.9928080263502008
19932,797.28,2,True,190.72620749473572,0.3610020099264203,0.9933068975241103
19935,797.4,1,True,184.64656233787537,0.3773825882059155,0.9984041046179108
19938,797.52,1,False,149.5134437084198,0.3897593545191216,0.9410716993865669
19941,797.64,1,True,115.8874261379242,0.3986729094476411,0.9580040690937442
19944,797.76,1,True,160.0585162639618,0.3982211071433443,0.9303507504177762
19947,797.88,1,True,220.3820514678955,0.3865614984974717,0.9268842959328056
19950,798.0,1,True,259.56429719924927,0.3731611768404643,0.8842295899472576
19953,798.12,1,True,254.38960790634155,0.3575469038703225,0.9215471048202981
19956,798.24,1,False,196.91078066825867,0.34379935083967267,0.9503472630689632
19959,798.36,1,True,172.67282724380493,0.3315487025362073,0.9955947372670121
19962,798.48,1,True,161.75258874893188,0.33490332238601916,0.9979552656801846
19965,798.6,1,True,154.6440052986145,0.34387829899787903,0.9968941210740854
19968,798.72,1,True,148.77772450447083,0.35306736014106055,0.9981495591884787
19971,798.84,1,True,146.47957563400269,0.35844235347979,0.9978641700624917
19974,798.96,1,True,151.76244378089905,0.3660954977526809,0.996561770706113
19977,799.08,1,True,152.63746619224548,0.37352052421280835,0.9956249234996076
19980,799.2,1,True,151.5144145488739,0.3760526649879687,0.9906681926933398
19983,799.32,1,True,153.48776936531067,0.3773537323330388,0.9957179007741855
19986,799.44,1,True,152.28560328483582,0.3840245785135211,0.9973546407049221
19989,799.56,1,True,148.34623217582703,0.39917516798684094,0.997225297150016
19992,799.68,2,True,161.96299195289612,0.41027343092542706,0.9967123053479664
19995,799.8,1,True,181.47268295288086,0.4189314896410162,0.9944808730859683
19998,799.92,1,True,187.56681203842163,0.4138159029411547,0.9918720285945889
20001,800.04,1,True,198.65969896316528,0.41484686822602246,0.9926012765481503
20004,800.16,1,True,204.51693534851074,0.41688774751894403,0.9925431930360755
20007,800.28,0,False,,,0.08803326750917906
20010,800.4,0,False,,,0.9775957332744839
20013,800.52,0,False,,,0.97908110005984
20016,800.64,0,False,,,0.981312232881821
20019,800.76,0,False,,,0.980877055924767
20022,800.88,0,False,,,0.9765912511127955
20025,801.0,0,False,,,0.9812827867251109
20028,801.12,0,False,,,0.9815152565037847
20031,801.24,0,False,,,0.9796255102206209
20034,801.36,0,False,,,0.9794941636381111
20037,801.48,0,False,,,0.9802421999580891
20040,801.6,0,False,,,0.9801506673134468
20043,801.72,0,False,,,0.9777885041477211
20046,801.84,0,False,,,0.979165241850096
20049,801.96,1,True,329.4483518600464,0.873172503529173,0.9851452454981712
20052,802.08,1,False,347.48122930526733,0.8715202844504154,0.9814584763525721
20055,802.2,0,False,,,0.9818024035330288
20058,802.32,0,False,,,0.9810898615489009
20061,802.44,0,False,,,0.9819006289742719
20064,802.56,1,False,802.0310068130493,0.6464179826505256,0.10312883243127337
20067,802.68,1,False,663.9014482498169,0.6479123704361193,0.8865521440418264
20070,802.8,1,False,706.3358187675476,0.6349410486943794,0.8702264270320708
20073,802.92,1,False,784.3604207038879,0.635470553781047,0.6693399050142986
20076,803.04,1,False,697.5788998603821,0.6551042433941003,0.9902282908340166
20079,803.16,1,False,856.7563104629517,0.6736166712009546,0.846886022882165
20082,803.28,1,False,708.0965495109558,0.6740340373732827,0.9165936436066467
20085,803.4,1,False,668.818838596344,0.6535747701471503,0.8942208383322057
20088,803.52,1,True,728.2992482185364,0.617728981104764,0.8846396979969393
20091,803.64,1,False,758.297266960144,0.5914855346535192,0.7274463619517847
20094,803.76,1,False,687.357462644577,0.5738820361368584,0.7158170554977369
20097,803.88,1,False,705.8138179779053,0.5644229668559451,0.8556756298634742
20100,804.0,1,False,707.2478234767914,0.5742940911740968,0.8509129270462278
20103,804.12,1,False,766.7400455474854,0.5910795782551621,0.7988236141891693
20106,804.24,1,False,738.390394449234,0.5931316343220797,0.9639373676071388
20109,804.36,1,False,754.6423602104187,0.581995508887551,0.9859861841923061
20112,804.48,1,False,819.1014111042023,0.5431392861135078,0.9779705933984768
20115,804.6,1,False,873.4642624855042,0.510766023939306,0.9794961813803799
20118,804.72,1,False,789.4902420043945,0.48319389513044647,0.9149774481353798
20121,804.84,1,False,937.1524143218994,0.4554536198124741,0.8844262742708217
20124,804.96,1,False,998.8588428497314,0.4426559471722805,0.9154092566201288
20127,805.08,1,False,1048.5874485969543,0.4452933325912013,0.8998855891160719
20130,805.2,1,False,893.2200515270233,0.45780589454101794,0.8649256818979529
20133,805.32,1,True,917.9286682605743,0.47900518413745996,0.8844143381780324
20136,805.44,1,True,839.5569348335266,0.4898429097551288,0.7804871410499122
20139,805.56,1,False,797.8915321826935,0.4954183047468012,0.9696343606487516
20142,805.68,1,False,755.3335011005402,0.49534124768141546,0.9664194096758845
20145,805.8,1,False,726.070750951767,0.4766998959310127,0.9518419593805253
20148,805.92,1,False,718.1759798526764,0.4768483539422353,0.980505209452937
20151,806.04,1,False,615.3343892097473,0.48929920611959515,0.9414066323836477
20154,806.16,1,False,650.655380487442,0.5262882221828807,0.9671729670786549
20157,806.28,1,False,700.2638983726501,0.5497206061175375,0.986019552038837
20160,806.4,1,False,704.1315579414368,0.5587239238348874,0.9174295625232113
20163,806.52,1,False,701.0710394382477,0.5868532928553495,0.9636544292352393
20166,806.64,1,False,769.6380543708801,0.6210814479625586,0.972961648849227
20169,806.76,1,False,704.7175776958466,0.6550357829440724,0.9386333123077455
20172,806.88,1,False,783.763200044632,0.6810476093581228,0.6926342293288794
20175,807.0,1,False,748.9953017234802,0.6979050726601572,0.84261483303516
20178,807.12,1,False,783.2410383224487,0.6942704338015933,0.9352465699858384
20181,807.24,1,False,762.6694822311401,0.6892175836996599,0.9374063185222375
20184,807.36,1,False,748.148056268692,0.6803196433818701,0.9562538163573825
20187,807.48,1,False,895.2105939388275,0.7002287200002959,0.8659683361113534
20190,807.6,1,False,934.2720437049866,0.7300831368475249,0.7595753537729356
20193,807.72,1,False,822.6496517658234,0.4200252312602419,0.09598172591038535
20196,807.84,1,False,847.7374255657196,0.42459263494520477,0.7459143760364477
20199,807.96,1,True,813.6333417892456,0.4228477893453656,0.9601356162557426
20202,808.08,1,True,857.5890719890594,0.4206946817311374,0.9727283471948353
20205,808.2,1,False,883.6686408519745,0.41725926597913104,0.9832331864659981
20208,808.32,1,False,810.2002000808716,0.4222815316734892,0.9504389998103066
20211,808.44,1,False,886.2013006210327,0.4426710813334494,0.9702936972275006
20214,808.56,1,True,862.9016160964966,0.4673245847225189,0.9897241154822018
20217,808.68,1,True,819.1067540645599,0.4755328848506465,0.9902394710812498
20220,808.8,1,True,908.1144547462463,0.46442448912244855,0.994244046393067
20223,808.92,1,True,924.5695173740387,0.45866336876695807,0.9943779030200103
20226,809.04,1,False,898.2097327709198,0.46496739893248584,0.993532159114768
20229,809.16,1,False,908.4594941139221,0.478077336694255,0.9883343431331223
20232,809.28,1,False,934.1855263710022,0.48857998938271496,0.9735745200348784
20235,809.4,1,False,968.4735560417175,0.49937192689288745,0.9533138412175147
20238,809.52,1,False,977.0192992687225,0.5197125619108026,0.9825075708976325
20241,809.64,1,False,931.142452955246,0.5346573609294314,0.9963410910971666
20244,809.76,1,False,1058.6824893951416,0.5478392198230281,0.98872471812321
20247,809.88,1,False,1026.2409353256226,0.5651588999863827,0.9763354708282209
20250,810.0,1,False,1076.0876655578613,0.5815904573960737,0.9886482057496111
20253,810.12,1,False,1010.9595537185669,0.5986678916396517,0.9954993383249512
20256,810.24,1,False,1002.2749578952789,0.6034028195973599,0.993178031072109
20259,810.36,1,False,1039.7542476654053,0.60602247263446,0.9957537180652511
20262,810.48,1,False,1055.327754020691,0.6223732558163729,0.9958887453571141
20265,810.6,1,False,1094.0684652328491,0.6304223411010973,0.9954238916140901
20268,810.72,1,False,1049.2324662208557,0.6176005872813138,0.9921609971615242
20271,810.84,1,False,970.8917927742004,0.5949985854553453,0.666269888453745
20274,810.96,2,False,604.3374180793762,0.5982569672844626,0.5898475617492699
20277,811.08,1,True,260.2202582359314,0.34003105308070325,0.9320373793829765
20280,811.2,1,True,264.7031629085541,0.31311747792995337,0.9976125912964194
20283,811.32,1,False,256.5088641643524,0.30057331468119763,0.9980621763984098
20286,811.44,2,True,238.18888306617737,0.29154916152809607,0.9987077189753808
20289,811.56,1,True,237.84709453582764,0.2875880802219564,0.9985439898139256
20292,811.68,2,True,231.30135655403137,0.29087298927885114,0.998951446528399
20295,811.8,2,True,238.75813364982605,0.2906824679988803,0.9990611617406456
20298,811.92,1,True,238.53118658065796,0.3015620961333766,0.9989469787173433
20301,812.04,1,True,234.5234191417694,0.3054273011106433,0.998734604165254
20304,812.16,1,True,224.33461904525757,0.3150528082341859,0.9981439510783784
20307,812.28,1,False,216.92435145378113,0.31841610146291327,0.9985648578333279
20310,812.4,1,True,221.4293360710144,0.3173928342082284,0.9964570975053303
20313,812.52,2,True,207.64488458633423,0.30428154360164295,0.9982425999173781
20316,812.64,2,True,211.62246108055115,0.28956228946194507,0.9987726354278545
20319,812.76,1,True,213.10513257980347,0.27290270906506164,0.998953686086772
20322,812.88,1,True,217.96883583068848,0.2533340160593842,0.9989657430415535
20325,813.0,1,True,226.39886856079102,0.24017506928154916,0.999124117041205
20328,813.12,1,False,217.54316926002502,0.22535091548254996,0.9991389173848422
20331,813.24,1,True,190.5222737789154,0.22239829780477466,0.9986615301772775
20334,813.36,2,True,198.13966155052185,0.22987354569362872,0.9974577091758067
20337,813.48,0,False,,,0.9957214033591854
20340,813.6,0,False,,,0.9722044902655522
20343,813.72,1,True,220.81907987594604,0.29928180394750653,0.9966186164100352
20346,813.84,2,True,215.207941532135,0.3398643524357767,0.9966797096863225
20349,813.96,2,False,209.15063381195068,0.36961970816959033,0.9935913124107656
20352,814.08,1,False,216.30575895309448,0.3951174589720639,0.9906548981500336
20355,814.2,1,False,78.13767313957214,0.40258816878000897,0.9964822859859792
20358,814.32,2,False,71.10910534858704,0.4066926349293102,0.996671002264109
20361,814.44,2,True,157.72895336151123,0.4121331139044328,0.9943795220310324
20364,814.56,2,True,177.86502599716187,0.4057786898179488,0.9939376752077365
20367,814.68,2,True,172.19646692276,0.3850295832662871,0.9939969670794788
20370,814.8,1,False,225.36725878715515,0.3652601512995633,0.974863624638122
20373,814.92,1,False,189.18344378471375,0.3400971302480409,0.9986056212268102
20376,815.04,0,False,,,0.9965165404352778
20379,815.16,0,False,,,0.9970893134866453
20382,815.28,1,True,236.8150019645691,0.2925886665329789,0.9966802353501851
20385,815.4,2,True,231.89294457435608,0.2884177994547468,0.9963404794964701
20388,815.52,2,True,230.92767119407654,0.29447668971437396,0.99816973001261
20391,815.64,1,True,192.53396272659302,0.3025151247327978,0.9956700256904467
20394,815.76,2,True,215.04501342773438,0.30959737662113074,0.9977466392875641
20397,815.88,2,False,239.50894832611084,0.3231347248409734,0.9964786223841211
20400,816.0,2,True,234.3181335926056,0.32723966240882874,0.9951531740671995
20403,816.12,1,True,219.9330174922943,0.32652815002383606,0.9943583707689705
20406,816.24,1,True,225.6350827217102,0.3206540960254091,0.9961205605908766
20409,816.36,2,True,209.02137279510498,0.31243708278193616,0.9868043161178819
20412,816.48,2,True,216.27270340919495,0.29905035188703827,0.9906924258955083
20415,816.6,1,True,224.1250205039978,0.2911160353458289,0.9900216386484954
20418,816.72,1,True,209.08037066459656,0.27076614715836267,0.994990861604273
20421,816.84,1,False,225.47608137130737,0.26092126152732154,0.9938753332938004
20424,816.96,1,True,228.49749326705933,0.24736769994099936,0.9916111957132926
20427,817.08,1,True,248.52355241775513,0.24697217164617596,0.9939964954131462
20430,817.2,1,True,252.16201186180115,0.2449556358835914,0.9751604205574409
20433,817.32,2,True,278.17237973213196,0.25338446100552875,0.987571922872549
20436,817.44,1,True,291.9917857646942,0.27125242984656134,0.9830837330719674
20439,817.56,1,True,304.3355369567871,0.3006191136259021,0.9792565566603231
20442,817.68,1,True,355.5752992630005,0.339423241037311,0.9749779097170823
20445,817.8,1,False,311.35058641433716,0.3963012650157466,0.9713520427497139
20448,817.92,1,False,331.80781602859497,0.4462795618808631,0.9610532026431733
20451,818.04,1,True,337.93728590011597,0.4729568831848376,0.9805678367983292
20454,818.16,0,False,,,0.9722467684203389
20457,818.28,0,False,,,0.9766511895052188
20460,818.4,0,False,,,0.9805860620923014
20463,818.52,0,False,,,0.9920589532024954
20466,818.64,0,False,,,0.9957259929189873
20469,818.76,0,False,,,0.9916767547226417
20472,818.88,0,False,,,0.9964179687077669
20475,819.0,0,False,,,0.8429270710352706
20478,819.12,1,False,652.0749020576477,0.6227520740393436,0.2998108205510624
20481,819.24,0,False,,,0.44714987160489994
20484,819.36,1,False,553.850884437561,0.5965666590314923,0.7778631744461131
20487,819.48,1,False,609.3842303752899,0.5663787903207721,0.8659710897626461
20490,819.6,1,False,601.2441658973694,0.5165795710953799,0.7977145254961309
20493,819.72,1,False,687.7942335605621,0.48519420172228955,0.7854013845338312
20496,819.84,1,False,705.8158457279205,0.47807902639562433,0.8075323705230213
20499,819.96,1,False,721.6005277633667,0.49227838263367163,0.9318904916826741
20502,820.08,1,False,771.8083262443542,0.5014582149910204,0.5872606504842485
20505,820.2,1,False,705.8419167995453,0.5195069818785696,0.8864482186091542
20508,820.32,1,False,666.2999224662781,0.5256222215565768,0.5827349984835377
20511,820.44,1,False,703.2889151573181,0.5318681055849249,0.9250282571674389
20514,820.56,1,False,654.4181764125824,0.5426847275459405,0.8106479775575475
20517,820.68,1,False,633.3138370513916,0.5561105834715294,0.7203365592554573
20520,820.8,1,False,649.2688822746277,0.5563993670723655,0.621916820530918
20523,820.92,1,False,720.7431757450104,0.5496446174202543,0.8229317561034691
20526,821.04,1,False,624.1415512561798,0.5236906120271394,0.8688865327342505
20529,821.16,1,False,614.7482407093048,0.5179006249615641,0.5603802847137399
20532,821.28,1,False,644.993451833725,0.5323903569669435,0.84678288572162
20535,821.4,1,False,634.5406258106232,0.5558485000422506,0.6079893259793326
20538,821.52,0,False,,,0.9551122519088643
20541,821.64,1,False,490.4705321788788,0.5207362617507125,0.7252731018552296
20544,821.76,1,False,527.8775310516357,0.48420249151461053,0.6999809171040093
20547,821.88,1,False,312.8374421596527,0.4443735958951892,0.533716913685163
20550,822.0,2,False,497.8075432777405,0.48587072798700043,0.19123531292044121
20553,822.12,2,False,609.0431821346283,0.49148060245947406,0.6983938688760547
20556,822.24,2,False,496.33180797100067,0.46613518848563684,0.9928763709804487
20559,822.36,1,True,809.0150606632233,0.6520361719709454,0.9915821310245895
20562,822.48,2,False,943.7894010543823,0.370309647285577,0.9913399502791653
20565,822.6,2,False,1033.1617105007172,0.3996240063147111,0.9821832165606639
20568,822.72,2,False,1032.5490403175354,0.4264418600183545,0.9775188403275574
20571,822.84,2,False,1096.2804186344147,0.43502013701381104,0.9692334477444375
20574,822.96,2,False,1082.420071363449,0.42367532126831287,0.971514322107393
20577,823.08,2,False,1112.0407676696777,0.44334082215121295,0.9651139814801741
20580,823.2,2,False,1137.8605914115906,0.4947428053075617,0.9491199859266832
20583,823.32,1,False,1147.1107363700867,0.5219158891475562,0.9757856289000838
20586,823.44,1,False,1025.744104385376,0.5458813065832312,0.9816387024809737
20589,823.56,1,False,960.0809240341187,0.5620911861910964,0.9666850636218064
20592,823.68,1,False,998.6857438087463,0.5810806064894705,0.9812249054094544
20595,823.8,1,False,968.5646760463715,0.5884895162148909,0.9470416756522969
20598,823.92,1,False,935.2600407600403,0.5982191562652588,0.9751364430651958
20601,824.04,1,False,916.9343626499176,0.6111811155622656,0.9850036916020901
20604,824.16,1,False,1014.4139063358307,0.6149724460009373,0.9820350391683631
20607,824.28,1,False,965.1695787906647,0.6228119767073429,0.9741720223429498
20610,824.4,1,False,980.1621186733246,0.62680542920575,0.9836753078801357
20613,824.52,1,False,1032.8535568714142,0.6229777029066375,0.9905956239955424
20616,824.64,1,False,1002.0827078819275,0.6081645470677,0.9887507916679025
20619,824.76,1,False,994.3438482284546,0.5720406301093824,0.9921085088722255
20622,824.88,1,False,985.8255279064178,0.5406691152037997,0.9936564002993713
20625,825.0,1,False,985.4177892208099,0.5139666633172468,0.9928069241816544
20628,825.12,1,False,959.115264415741,0.4889569174159657,0.9922436710319543
20631,825.24,1,False,776.1328089237213,0.4677604617494525,0.991691252748833
20634,825.36,1,False,659.7474896907806,0.4459547129544345,0.9889052003052411
20637,825.48,1,False,538.5525405406952,0.428840438524882,0.9857412458345527
20640,825.6,1,False,511.5713632106781,0.3998633993394447,0.9778677221704992
20643,825.72,1,False,663.6093556880951,0.36839800892454205,0.9738668761276361
20646,825.84,1,False,750.9412014484406,0.3264710307121277,0.9291015405516814
20649,825.96,1,False,895.8733463287354,0.29983758384531195,0.9701879267202027
20652,826.08,1,False,460.0865972042084,0.28006926720792596,0.9732943387514512
20655,826.2,1,False,466.36412501335144,0.2622695357510538,0.9720467211731956
20658,826.32,1,False,496.75726532936096,0.26143029874021356,0.9849630133900862
20661,826.44,1,False,477.1206307411194,0.25727509504014795,0.9861098681511189
20664,826.56,1,False,534.8420798778534,0.2556793721336307,0.9857438948584878
20667,826.68,1,False,545.1496803760529,0.26559147464506555,0.9902073109070009
20670,826.8,1,False,496.70966148376465,0.2662260685906266,0.9719431413991062
20673,826.92,1,False,562.3503112792969,0.2619438329429338,0.9911029898929136
20676,827.04,1,False,538.8160514831543,0.2604231590574438,0.991663782301755
20679,827.16,1,False,534.6296489238739,0.24792600626295264,0.9704012084840865
20682,827.28,2,False,502.42077112197876,0.23641791555917624,0.9679792307896734
20685,827.4,1,False,571.9759118556976,0.24712688927397583,0.8997834214306818
20688,827.52,1,False,577.6091623306274,0.30477874929254706,0.8955666061881685
20691,827.64,1,False,738.5337853431702,0.3578805417725534,0.9156771518374027
20694,827.76,1,False,713.9675617218018,0.4220858938766248,0.984640393012751
20697,827.88,1,False,965.2407431602478,0.4737596909205119,0.9811806044386276
20700,828.0,1,False,831.6696953773499,0.4913940384532466,0.987081689759653
20703,828.12,2,False,745.2825880050659,0.5109161219813607,0.986300826243598
20706,828.24,1,False,583.7017142772675,0.5324932535489401,0.9941018442147759
20709,828.36,1,True,649.7999596595764,0.5336197849475977,0.9970013924051504
20712,828.48,1,True,592.3821902275085,0.5375384679346373,0.995678045808941
20715,828.6,1,True,592.3765254020691,0.5433498828700094,0.996133833738645
20718,828.72,1,True,469.23200726509094,0.5486570235454675,0.9979339864782826
20721,828.84,1,True,545.5297708511353,0.56405191710501,0.9977574011636395
20724,828.96,1,True,558.1626856327057,0.579897530151136,0.9984527559458195
20727,829.08,1,True,528.4097671508789,0.593189871672428,0.9978609847950118
20730,829.2,1,True,618.6475718021393,0.5870980331392,0.4259329399610492
20733,829.32,1,False,513.8015985488892,0.5694419253956188,0.39412807529923327
20736,829.44,1,False,565.9645342826843,0.5690203038128939,0.5001129080671152
20739,829.56,2,True,578.466546535492,0.5536275018345226,0.990935886289638
20742,829.68,1,False,631.597330570221,0.5347130108963359,0.9894576176937727
20745,829.8,1,True,649.1909909248352,0.7696131214951024,0.989108029897201
20748,829.92,1,False,628.4000515937805,0.7489639123280843,0.9896779489626614
20751,830.04,1,True,770.9878277778625,0.7380299495928215,0.9896907826301002
20754,830.16,1,False,597.5528240203857,0.7553118268648783,0.9916808478160474
20757,830.28,1,False,808.0632734298706,0.749367609168544,0.9880848073541639
20760,830.4,1,False,776.6893458366394,0.7557239153168418,0.9870192020088536
20763,830.52,1,False,837.887259721756,0.743885054732814,0.9905582484956698
20766,830.64,1,False,977.6808929443359,0.7524666533325658,0.9861919607196459
20769,830.76,2,False,682.8871750831604,0.1345753404452945,0.9885888631577097
20772,830.88,2,False,684.7497117519379,0.14347595552151854,0.9909152464539125
20775,831.0,2,False,603.0431663990021,0.14249307888023782,0.9897678215570902
20778,831.12,2,False,605.2114105224609,0.1489512879740108,0.9909618502881888
20781,831.24,2,False,602.4090278148651,0.1601050655272874,0.9902850703242966
20784,831.36,2,False,606.441160440445,0.1708530652703661,0.987931082644853
20787,831.48,2,False,542.2903919219971,0.17777513012741553,0.9902788444825
20790,831.6,2,False,620.1118648052216,0.17867760540861072,0.763925049880441
20793,831.72,2,False,472.28995084762573,0.17755097105647577,0.4820337918496626
20796,831.84,1,False,922.9406225681305,0.5005314828771533,0.42547722456924264
20799,831.96,1,False,930.3269755840302,0.5030821841774564,0.9560797293723166
20802,832.08,1,False,997.0292007923126,0.5159817789540146,0.961289864768345
20805,832.2,1,False,1094.634883403778,0.5163340351798318,0.9119949520327681
20808,832.32,1,False,1307.1950340270996,0.5088219678763187,0.9181354526171287
20811,832.44,1,False,1142.1800208091736,0.49359709205049457,0.9740451643965631
20814,832.56,1,False,1139.5537304878235,0.4625279560233607,0.9571080993918629
20817,832.68,1,False,1410.6166577339172,0.4275617202123006,0.9807254962054867
20820,832.8,1,False,1150.0539994239807,0.38439326710773236,0.9834349809406091
20823,832.92,1,False,906.2997150421143,0.33602185547351837,0.9897994341350745
20826,833.04,1,False,1136.4968490600586,0.30170347654458246,0.9539932410061056
20829,833.16,1,False,1016.0454726219177,0.31578952886841516,0.9781616754105013
20832,833.28,1,False,1173.938705921173,0.36874018474058673,0.8619536964230178
20835,833.4,1,False,1082.0348954200745,0.44210117332863086,0.9539405477799446
20838,833.52,1,False,1279.7383975982666,0.46695300394838507,0.9408313276155923
20841,833.64,1,False,1146.1126971244812,0.5247118373711904,0.9296409666974164
20844,833.76,1,False,1332.4853897094727,0.5798348585764567,0.9480992894715942
20847,833.88,1,False,1696.9575548171997,0.6025458240147793,0.9530199634524423
20850,834.0,1,False,1659.5931386947632,0.6035083794232571,0.9606709418061526
20853,834.12,1,False,1689.2797207832336,0.6039017899469896,0.9830307646215615
20856,834.24,1,False,1687.9136610031128,0.599762757619222,0.947925695367587
20859,834.36,1,False,1764.821970462799,0.5961291049465989,0.9496505838557724
20862,834.48,1,False,1705.2573609352112,0.5977405860568538,0.9570609104327494
20865,834.6,1,False,1546.4914226531982,0.5966726622798226,0.9846011550206843
20868,834.72,1,False,1652.6957631111145,0.5909079864169612,0.963416127589164
20871,834.84,1,False,1719.8753786087036,0.5582789498748202,0.9688084899153028
20874,834.96,1,False,1604.3637943267822,0.5410231722123695,0.9865225897215623
20877,835.08,1,False,1661.76283121109,0.5214939189679695,0.9643186514887101
20880,835.2,1,False,1842.9314804077148,0.5308190620306766,0.9802488059943407
20883,835.32,1,False,1803.5999536514282,0.5272249606522647,0.96355712178854
20886,835.44,2,False,1848.2518458366394,0.5249927820581378,0.9829169234688052
20889,835.56,1,False,1517.2279000282288,0.5632456550092408,0.9590443418392207
20892,835.68,1,False,1679.9520063400269,0.6049036103667635,0.9867192899660134
20895,835.8,1,False,1570.3951835632324,0.6637658494891543,0.9780319651258609
20898,835.92,1,False,1526.3198804855347,0.7109503529288552,0.9825132326875062
20901,836.04,1,False,1931.1252164840698,0.7209756157614968,0.9900880489384808
20904,836.16,1,False,1984.7049379348755,0.7394460421619993,0.9831979801829636
20907,836.28,1,False,1876.477997303009,0.6911421084042751,0.9890649902102872
20910,836.4,1,False,2164.057173728943,0.6513475233858282,0.9828660403906996
20913,836.52,1,False,2031.1345553398132,0.6156751423171072,0.9910883822883889
20916,836.64,1,False,2014.7238779067993,0.5880376091509154,0.9915044227416029
20919,836.76,1,False,1931.8675017356873,0.561870509927923,0.995077919013832
20922,836.88,1,False,1945.1775884628296,0.5279067745714476,0.9961835703444814
20925,837.0,1,False,2014.8683953285217,0.5146379841096473,0.9969718719853096
20928,837.12,1,False,1949.3702030181885,0.47548173593752313,0.9973905346057141
20931,837.24,1,False,2001.7430591583252,0.4610054637446548,0.9973751941429684
20934,837.36,1,False,2065.8060550689697,0.4563145393675024,0.998505330994011
20937,837.48,1,False,2039.9111080169678,0.46141657052618085,0.9976582511599144
20940,837.6,1,False,2050.104124546051,0.4731279927672762,0.8716583242273879
20943,837.72,1,False,1380.696337223053,0.4783888224399451,0.24335599305574265
20946,837.84,1,False,576.2498617172241,0.35857389731840655,0.1383057835069326
20949,837.96,1,True,767.3447978496552,0.3720745335925709,0.9774171139162292
20952,838.08,2,True,831.8896579742432,0.37505000829696655,0.9782222164026055
20955,838.2,2,True,776.2216758728027,0.38708912603782886,0.9884839486015957
20958,838.32,2,True,687.7044975757599,0.3908144985184525,0.9879135033119242
20961,838.44,2,True,804.8416775465012,0.38826114210215484,0.9901710488088272
20964,838.56,2,True,750.9576165676117,0.3955739935239156,0.9896485597566712
20967,838.68,2,True,686.6821253299713,0.39945568641026813,0.9900951888049756
20970,838.8,1,False,673.1149005889893,0.40687855716907617,0.9794037301948127
20973,838.92,2,False,632.2151184082031,0.4084181912017591,0.9780544320758446
20976,839.04,2,False,640.6755995750427,0.4170136885209517,0.9861876527711418
20979,839.16,2,False,710.3473198413849,0.4114443018580928,0.9841377236845477
20982,839.28,2,True,725.2851104736328,0.3960994942621751,0.9611727714661601
20985,839.4,2,True,744.4903492927551,0.37977998455365497,0.9702716854028522
20988,839.52,1,False,742.2074890136719,0.3748323497447101,0.9893911910056966
20991,839.64,1,False,789.6739625930786,0.37084783207286487,0.9940801078315831
20994,839.76,1,False,832.3439705371857,0.37258615547960455,0.9934761700912809
20997,839.88,1,False,839.2722129821777,0.321354350808895,0.9559116900447502
21000,840.0,1,False,767.7443611621857,0.29708047888495703,0.8913596157981778
21003,840.12,1,False,747.8718960285187,0.32600232100848,0.9656384661533275
21006,840.24,1,False,780.2817142009735,0.34361523480126355,0.9498971481856319
21009,840.36,1,False,756.7208683490753,0.3335516263138164,0.8715067769721383
21012,840.48,1,False,741.1057448387146,0.32610452129985346,0.939244282633426
21015,840.6,1,False,713.8767313957214,0.31818964129144495,0.9809237052050992
21018,840.72,1,False,772.4115657806396,0.30423964537454373,0.9523404701507882
21021,840.84,1,False,744.1790735721588,0.2923454904195034,0.9501024624790205
21024,840.96,1,False,710.2384650707245,0.30970752148917224,0.9324417804611121
21027,841.08,1,False,657.3779189586639,0.30680923796061316,0.9447261538367451
21030,841.2,1,False,567.4051380157471,0.35790693082592706,0.3439200698043684
21033,841.32,1,False,2572.5599670410156,0.6538210818261811,0.2748067119535936
21036,841.44,1,False,2557.3114156723022,0.642743341850512,0.43977589323941324
21039,841.56,1,False,2594.683041572571,0.6438264187538263,0.9059310126685444
21042,841.68,1,False,2421.135449409485,0.6169952271562634,0.7895891126585276
21045,841.8,1,False,2216.1417031288147,0.5652650612773318,0.3337327780597802
21048,841.92,1,False,2348.9834690093994,0.5300513993610035,0.5956704977097951
21051,842.04,1,False,2323.4755325317383,0.4966384515617833,0.8767393415750235
21054,842.16,1,False,2518.8648891448975,0.43156400684154395,0.7945214070441639
21057,842.28,1,False,2710.9709644317627,0.3814635972181956,0.8661394323281618
21060,842.4,1,False,2452.6385736465454,0.357308083411419,0.6258387826375946
21063,842.52,1,False,2360.0003957748413,0.3075167496096004,0.6076783078813803
21066,842.64,1,False,2294.2801809310913,0.272994416681203,0.7024276664920274
21069,842.76,1,False,2237.7724528312683,0.24893351215304751,0.6646216956261638
21072,842.88,1,False,2247.279510498047,0.24354627005981677,0.9258721492889225
21075,843.0,1,False,2377.146406173706,0.2840275163903381,0.92080396893796
21078,843.12,1,False,2362.733931541443,0.34689458256418054,0.914835327892869
21081,843.24,1,False,2169.824995994568,0.41879330214225885,0.8904815831187639
21084,843.36,1,False,2364.8981523513794,0.48811945048245514,0.6483952542859969
21087,843.48,1,False,2372.5747632980347,0.5367261342930071,0.7702142652832682
21090,843.6,1,False,2143.805937767029,0.5960903285127698,0.9814565189027527
21093,843.72,1,False,2027.2374773025513,0.6125650089798551,0.9650563785046428
21096,843.84,1,False,1327.8329586982727,0.6055263913039005,0.9872709027765427
21099,843.96,1,False,1565.3718996047974,0.5265724171291698,0.9868403730511035
21102,844.08,1,False,1322.4615454673767,0.48153056249474036,0.97598539423572
21105,844.2,1,False,1299.667317867279,0.43032894531885785,0.990414461645906
21108,844.32,1,False,1140.1019310951233,0.38287580555135553,0.9948013305336381
21111,844.44,1,False,1109.4009590148926,0.35147628233288275,0.989077318336243
21114,844.56,1,False,873.9634430408478,0.3263399600982666,0.9828418917878949
21117,844.68,1,False,925.3556406497955,0.31199068824450177,0.9889758124036983
21120,844.8,1,False,934.2334842681885,0.30385698107155884,0.989765222168112
21123,844.92,1,True,825.1536333560944,0.3003453883257779,0.9991854997583022
21126,845.04,1,False,781.0287308692932,0.30204260800824023,0.19613343679012837
21129,845.16,1,False,754.3107426166534,0.31320472513184405,0.3081804878095898
21132,845.28,1,False,769.2531681060791,0.32995756286563294,0.7769469790588739
21135,845.4,1,False,684.195202589035,0.3814335564772288,0.9917248540973297
21138,845.52,1,False,549.9006986618042,0.44706882039705914,0.9916678558778804
21141,845.64,0,False,,,0.9880140019256831
21144,845.76,0,False,,,0.9900334664260725
21147,845.88,0,False,,,0.9891706039053891
21150,846.0,0,False,,,0.9876948778347746
21153,846.12,0,False,,,0.9921212191704014
21156,846.24,0,False,,,0.9918866848677589
21159,846.36,0,False,,,0.9915038310019275
21162,846.48,0,False,,,0.9846227082575095
21165,846.6,0,False,,,0.9889919171590106
21168,846.72,0,False,,,0.9916929115610764
21171,846.84,0,False,,,0.9921952950179571
21174,846.96,0,False,,,0.5516459505960079
21177,847.08,1,False,1115.305541753769,0.5066149677291061,0.3651857558900818
21180,847.2,1,False,1150.404703617096,0.5004342884728403,0.2890756709585759
21183,847.32,1,False,1194.1750073432922,0.49477006540153967,0.9958427160072866
21186,847.44,1,False,1168.426058292389,0.47986335194472113,0.9993332000559594
21189,847.56,1,False,1196.0384130477905,0.47182713945706684,0.9987153655629073
21192,847.68,1,False,1203.7238430976868,0.47159328243949195,0.9992998185281938
21195,847.8,1,False,1249.8301148414612,0.4696916766238935,0.9976217487704161
21198,847.92,1,False,1289.7168588638306,0.47458811781623145,0.9995776026267175
21201,848.04,1,False,1329.9303603172302,0.47843284408251446,0.9987961964173159
21204,848.16,1,False,1429.0286922454834,0.4881943708116358,0.9942093602806787
21207,848.28,1,False,1581.7712473869324,0.5104955818616983,0.9977232762964433
21210,848.4,1,False,1646.7833590507507,0.5260744447057898,0.9986731424117419
21213,848.52,1,False,1654.3831086158752,0.5621549107811668,0.999041160699126
21216,848.64,1,False,1683.4613013267517,0.5702591032692881,0.9994244027360607
21219,848.76,1,False,1790.8803606033325,0.5723994726484473,0.9988980097769243
21222,848.88,1,False,1734.2702794075012,0.5784472073569442,0.9993727258957382
21225,849.0,1,False,1803.5721445083618,0.5826301348931862,0.9995313754680712
21228,849.12,1,False,1834.4717717170715,0.5782353453563921,0.9993688553296991
21231,849.24,1,False,1836.2514281272888,0.572958587697058,0.9993717357692441
21234,849.36,1,False,1883.994448184967,0.5769714785344673,0.9994091721064087
21237,849.48,1,False,1940.2884578704834,0.5808927895444812,0.9982475835154224
21240,849.6,1,False,1829.013648033142,0.5683093956022551,0.9981081250467511
21243,849.72,1,False,1846.4474058151245,0.5630813629338236,0.9993689645574195
21246,849.84,1,False,1822.9732060432434,0.552296547275601,0.999356645866735
21249,849.96,1,False,1772.1335220336914,0.5459978706908949,0.06915785927339245
21252,850.08,0,False,,,0.6993304417578612
21255,850.2,0,False,,,0.9726794902318749
21258,850.32,0,False,,,0.9766959390269689
21261,850.44,0,False,,,0.9790863526254676
21264,850.56,0,False,,,0.9791358882340438
21267,850.68,0,False,,,0.9801632907562697
21270,850.8,0,False,,,0.9759937574674532
21273,850.92,0,False,,,0.9762311661219324
21276,851.04,0,False,,,0.9799359022919987
21279,851.16,0,False,,,0.9781570168436728
21282,851.28,0,False,,,0.980588977383231
21285,851.4,0,False,,,0.9772483533196623
21288,851.52,0,False,,,0.9786159052200419
21291,851.64,0,False,,,0.9798320915399684
21294,851.76,0,False,,,0.9793593590728339
21297,851.88,0,False,,,0.9832953168370638
21300,852.0,0,False,,,0.976079576991398
21303,852.12,0,False,,,0.8619022728920327
21306,852.24,0,False,,,0.4925943674401674
21309,852.36,0,False,,,0.6405050742528269
21312,852.48,1,False,915.8949637413025,0.6347241257176255,0.9874973689182166
21315,852.6,1,False,818.8318490982056,0.6303553888292024,0.9879757041847927
21318,852.72,1,True,481.3314628601074,0.30471521164431714,0.9854713574100047
21321,852.84,2,False,368.68319034576416,0.2863557261951042,0.9855775016958508
21324,852.96,1,False,646.2659454345703,0.2614096895311818,0.9855134332698751
21327,853.08,2,False,453.2605791091919,0.26180155033415015,0.9859203991253039
21330,853.2,2,False,391.3341557979584,0.27740675527037995,0.9798179433500283
21333,853.32,1,False,427.3707175254822,0.3149967347130631,0.9856227717590152
21336,853.44,2,False,352.46917247772217,0.41551735319874505,0.9672264919583945
21339,853.56,2,False,435.16558170318604,0.3811607478242932,0.9844484945080637
21342,853.68,0,False,,,0.9845368527156001
21345,853.8,0,False,,,0.9849287843015905
21348,853.92,1,False,809.2944717407227,0.8397749572089224,0.9857811961746616
21351,854.04,0,False,,,0.9847824011693872
21354,854.16,2,True,878.6849784851074,0.6543410402355772,0.663720677494634
21357,854.28,2,False,927.9388976097107,0.5630727428378481,0.1491562654332319
21360,854.4,1,False,1015.1487243175507,0.5555898583296573,0.9928618537865207
21363,854.52,1,False,1003.405476808548,0.5380988960916345,0.9975457839794564
21366,854.64,1,False,985.6307029724121,0.5332497403477178,0.9970276337580408
21369,854.76,1,False,1116.1693954467773,0.539902928200635,0.9918392902976878
21372,854.88,1,False,934.1085362434387,0.5540571745597955,0.9794467308217597
21375,855.0,1,True,830.7343232631683,0.5845465687188235,0.992390180474606
21378,855.12,1,False,1038.8116014003754,0.609189282764088,0.9907881644357682
21381,855.24,1,False,1009.4333982467651,0.6214971135963093,0.9877710044691346
21384,855.36,1,False,1152.083648443222,0.6392153429262566,0.9878341142869536
21387,855.48,1,False,1184.3874442577362,0.6210811571641401,0.9933510204505845
21390,855.6,1,False,1063.8587880134583,0.5987956081375931,0.994346901976101
21393,855.72,1,False,1203.337025642395,0.5824273933063854,0.9955429782203948
21396,855.84,1,False,1174.1291856765747,0.5742201353564407,0.9947605773596441
21399,855.96,1,False,1235.8173966407776,0.5728496818831472,0.9949548089090107
21402,856.08,1,False,1245.0433373451233,0.5759832542954069,0.9939686207765321
21405,856.2,1,False,1232.673225402832,0.5772473595359109,0.9912495837055793
21408,856.32,1,False,1111.7825031280518,0.5846561012846051,0.9917572752980882
21411,856.44,1,False,1028.823709487915,0.5878122503107245,0.9929876368788174
21414,856.56,2,False,1041.4362823963165,0.5954164844570737,0.9895378198048912
21417,856.68,2,False,1047.2774255275726,0.6081782109809645,0.983910475574714
21420,856.8,2,False,1125.816045999527,0.6332148403832407,0.9850940509249094
21423,856.92,2,False,1031.7859947681427,0.6488901936646664,0.9913175016158295
21426,857.04,2,False,1012.4111330509186,0.6536697366020896,0.9888667430738542
21429,857.16,2,False,1055.3604555130005,0.654036030624852,0.9928411743707375
21432,857.28,2,False,1089.7780358791351,0.6658106211459998,0.9923035538540508
21435,857.4,2,False,1111.7769026756287,0.6662944537220579,0.9922975500454185
21438,857.52,2,False,1064.1646885871887,0.6672758730975065,0.9915847609936911
21441,857.64,2,False,1053.046020269394,0.6672647396723429,0.9919079758026881
21444,857.76,2,False,1096.872135400772,0.6571553638487151,0.9920361188663865
21447,857.88,2,False,1015.5547571182251,0.6610693787083481,0.9912326380359542
21450,858.0,2,False,1109.1151750087738,0.6712844136989478,0.992314889959437
21453,858.12,2,False,1087.7209639549255,0.6768673820929094,0.9922759220457466
21456,858.24,2,False,1084.6917629241943,0.6801767945289612,0.9918442717017953
21459,858.36,2,False,1068.3322620391846,0.6817583062432029,0.9915358041965915
21462,858.48,1,False,837.3316562175751,0.5183374177325856,0.9895564297436948
21465,858.6,1,False,1045.4408955574036,0.7116011615955469,0.9886648315603905
21468,858.72,0,False,,,0.9921864032194432
21471,858.84,1,False,990.8674478530884,0.7182949402115562,0.9908019976100345
21474,858.96,0,False,,,0.9927815661683391
21477,859.08,1,False,987.7266240119934,0.729605262929743,0.9914173632327395
21480,859.2,1,False,974.1428232192993,0.7207091161699006,0.9910412836165731
21483,859.32,1,False,1041.5103435516357,0.720255069660418,0.9912336322416014
21486,859.44,1,False,1017.0703876018524,0.7159776163823677,0.9915642563463498
21489,859.56,1,False,1148.178813457489,0.7091217366131869,0.9913631555837094
21492,859.68,1,False,1045.9060549736023,0.7065460898659446,0.9916267083460077
21495,859.8,1,False,1033.610680103302,0.6959977691823785,0.9924672871411708
21498,859.92,1,False,1093.9689123630524,0.6863469373096119,0.9939340700636674
21501,860.04,1,False,1058.7864196300507,0.6803929047151045,0.9944844852328232
21504,860.16,1,False,867.6421415805817,0.6709505048665133,0.9923551288522574
21507,860.28,1,False,1038.4739971160889,0.6502805532831134,0.9944356331164914
21510,860.4,1,False,1061.3462126255035,0.6404504812125004,0.9923155780398113
21513,860.52,1,True,370.6735396385193,0.842724494861834,0.9941089890100075
21516,860.64,2,False,1039.156093597412,0.6240844708500486,0.9949714947887444
21519,860.76,2,False,1021.8800818920135,0.6160022778944536,0.9926138786116724
21522,860.88,2,False,1044.8294162750244,0.6088484850796786,0.9934934196050387
21525,861.0,2,False,1084.0174233913422,0.60499240954717,0.9955275421818393
21528,861.12,1,False,1053.0819082260132,0.6015549843961542,0.4610166371554999
21531,861.24,1,True,488.36118936538696,0.7262073917822405,0.6232287522605006
21534,861.36,2,True,498.93046617507935,0.7231374057856473,0.9445533003817786
21537,861.48,2,True,497.5631833076477,0.7199815909067789,0.9953281850039586
21540,861.6,2,True,520.5445432662964,0.718635456128554,0.9905018862874869
21543,861.72,1,True,522.972081899643,0.7184167883612893,0.995035922999234
21546,861.84,1,True,555.7100737094879,0.7185451243862961,0.9954145279777442
21549,861.96,2,True,544.5500135421753,0.7155168453852335,0.9960257467086787
21552,862.08,1,True,534.8587846755981,0.7121875430598403,0.9962909659008339
21555,862.2,1,True,518.1910014152527,0.7089759707450867,0.9960035840385606
21558,862.32,1,True,548.0865061283112,0.7057353258132935,0.9954836555374382
21561,862.44,1,True,550.284104347229,0.7010081464594061,0.9956019536986889
21564,862.56,1,True,535.082094669342,0.6964903509978092,0.9967543461315338
21567,862.68,1,True,542.516952753067,0.6917975021131111,0.9963730802647163
21570,862.8,1,True,536.6366708278656,0.6879956324895223,0.9790644731706226
21573,862.92,1,True,532.3829340934753,0.6832075335762717,0.9967841927846122
21576,863.04,1,True,538.4715270996094,0.6797775301066312,0.9961177374194627
21579,863.16,1,True,533.1080317497253,0.6775918404261271,0.9967098472120302
21582,863.28,2,False,839.798526763916,0.3615712288654212,0.9967360087999478
21585,863.4,2,False,667.1789038181305,0.3249468798890258,0.9964230614121272
21588,863.52,2,False,519.285181760788,0.30072401599450543,0.9966345574184449
21591,863.64,2,False,348.6906695365906,0.2722617441957647,0.9969006922213942
21594,863.76,2,False,353.99346113204956,0.27302149028489087,0.9961912916417188
21597,863.88,1,False,454.54440236091614,0.6782297239159093,0.9955546036267209
21600,864.0,1,False,455.1572334766388,0.6808305292418508,0.9871283628504433
21603,864.12,1,False,455.654354095459,0.6829415595892704,0.9966172376907263
21606,864.24,1,False,463.7760400772095,0.6861433368740659,0.9968057640223477
21609,864.36,1,False,571.9374167919159,0.6908130447069804,0.9963565010461706
21612,864.48,1,False,522.4683952331543,0.6918564926494252,0.9962337064858646
21615,864.6,1,False,497.25770115852356,0.6885077447602244,0.9968749507152496
21618,864.72,1,False,511.4601266384125,0.6849371845071967,0.9958500373210515
21621,864.84,1,False,509.33050632476807,0.6775241367744677,0.9959216776078468
21624,864.96,1,True,543.0493819713593,0.6449591011712046,0.9950526893015662
21627,865.08,0,False,,,0.9945291215449775
21630,865.2,1,True,531.0365080833435,0.17545002924673486,0.985873926882222
21633,865.32,2,False,356.55911207199097,0.16352116880994855,0.9952839517081606
21636,865.44,2,False,297.8895127773285,0.12165114430315567,0.9942403317440343
21639,865.56,2,False,281.812287569046,0.10177176101415446,0.9964568576663243
21642,865.68,2,False,260.90734362602234,0.09417746153970559,0.9961188796768675
21645,865.8,1,False,579.6004450321198,0.536513112711184,0.9960246247681421
21648,865.92,2,True,572.745748758316,0.5143797253117417,0.996739159608325
21651,866.04,2,False,541.7047262191772,0.5251885598356073,0.9956157868650599
21654,866.16,1,True,500.6227684020996,0.5226248909126628,0.4470177138036641
21657,866.28,1,False,2006.1711502075195,0.5270044523658175,0.5127735015747623
21660,866.4,1,False,2335.0631260871887,0.5610521869225935,0.6889855032592705
21663,866.52,1,False,2326.283483505249,0.5563505445465897,0.9857859397618294
21666,866.64,1,False,2107.6013946533203,0.5489325667872573,0.9916632835348347
21669,866.76,1,False,2100.5984473228455,0.5822951938166763,0.9918389729728229
21672,866.88,1,False,2203.9461064338684,0.6101879423314874,0.9862789523648088
21675,867.0,1,False,2351.578538417816,0.6354806134195039,0.9954663323282319
21678,867.12,1,False,2359.62947845459,0.6376306306232106,0.9944392164467774
21681,867.24,1,False,2269.4517016410828,0.6430271918123419,0.9955192286725886
21684,867.36,1,False,2217.0477533340454,0.651639542796395,0.9956857103821768
21687,867.48,1,False,2190.099084377289,0.6607572490518744,0.9947322275556825
21690,867.6,1,False,2109.6004986763,0.6647752812414458,0.9915873823589727
21693,867.72,1,False,2148.6352014541626,0.6327761971589291,0.9927532161978355
21696,867.84,1,False,1948.0849313735962,0.5729748940829075,0.994597164037102
21699,867.96,1,False,1949.5562410354614,0.5349693289308837,0.9938596992230841
21702,868.08,1,False,1884.7709155082703,0.5037070512771606,0.9897846148050004
21705,868.2,1,False,1822.6101422309875,0.48370888197060785,0.9868605566034989
21708,868.32,1,False,1881.3473653793335,0.46084296161478217,0.9858667054035049
21711,868.44,1,False,1892.4431490898132,0.43026982654224744,0.9857506206779081
21714,868.56,1,False,2050.401978492737,0.43827230551026086,0.9871145618501173
21717,868.68,1,False,2139.476079940796,0.44634145046725415,0.9824152794389107
21720,868.8,1,False,2082.125644683838,0.45835650418743945,0.9791970797033549
21723,868.92,1,False,2099.3144631385803,0.4523401946732492,0.9920435474931364
21726,869.04,1,False,1951.1870670318604,0.4734042097221721,0.9848099891551593
21729,869.16,1,False,1125.1834201812744,0.49517927928404376,0.9789036375185697
21732,869.28,1,False,1409.590744972229,0.5141735176245371,0.9771475664076558
21735,869.4,1,False,1729.8291206359863,0.548308478160338,0.9807116090797473
21738,869.52,1,False,1658.043293952942,0.5962425109111902,0.974089354331993
21741,869.64,1,False,1315.7569670677185,0.6502172820495836,0.9765090243013732
21744,869.76,1,False,1748.9828610420227,0.6725588151902864,0.9862457074210831
21747,869.88,1,False,1600.0744915008545,0.6737613172242136,0.988014776705804
21750,870.0,1,False,1715.27090549469,0.6729459672263174,0.9853818745783549
21753,870.12,1,False,1624.3030142784119,0.6514505111809933,0.9626678138134255
21756,870.24,1,False,1823.4025740623474,0.6309551416021405,0.9851983729545745
21759,870.36,1,False,1816.6251254081726,0.5788901890769149,0.9872123429676245
21762,870.48,1,False,1547.5915575027466,0.5346756685863842,0.9888303913108591
21765,870.6,1,False,1299.6655797958374,0.5279356810179624,0.9863933325356992
21768,870.72,1,False,1669.05198097229,0.5047578874862555,0.9885152357814558
21771,870.84,1,False,1621.4640998840332,0.4858512815200921,0.9802357701913446
21774,870.96,1,False,1763.6142039299011,0.4750228424866994,0.9792952341781436
21777,871.08,1,False,1582.2056365013123,0.4860232038931413,0.9915500975332776
21780,871.2,1,False,1570.430781841278,0.5020650751662977,0.9879825831838269
21783,871.32,1,False,1742.817792892456,0.491278864217527,0.9827471998917373
21786,871.44,1,False,1626.0871767997742,0.5295968949794769,0.9919590606574281
21789,871.56,1,False,1617.1776294708252,0.5345853440689318,0.9928375523195536
21792,871.68,1,False,1582.9002213478088,0.573282679825118,0.9905385186534943
21795,871.8,1,False,1703.7982821464539,0.6196377548304471,0.9943591526139971
21798,871.92,1,False,2001.9122958183289,0.6512356572078936,0.9448968001278826
21801,872.04,1,False,1993.7811470031738,0.6277099567832369,0.9671241345061068
21804,872.16,1,False,1886.7712426185608,0.6027600692980217,0.9751275538813077
21807,872.28,1,False,1837.9274439811707,0.5737901628017426,0.957901374979955
21810,872.4,1,False,1854.807014465332,0.5577263588255102,0.9785951856858691
21813,872.52,1,False,1970.0997304916382,0.552879375038725,0.9720098638469483
21816,872.64,1,False,1880.4917192459106,0.5363035491018584,0.970766002262961
21819,872.76,1,False,1910.3366589546204,0.5602802932262421,0.9597363098123188
21822,872.88,1,False,1795.049479007721,0.5610457541364612,0.9685963890810292
21825,873.0,1,False,1732.9527568817139,0.5338309515606273,0.8622910053317606
21828,873.12,1,False,1746.7184114456177,0.48692744473616284,0.867262234786723
21831,873.24,1,False,1791.3818907737732,0.4127320326638944,0.7505883466795558
21834,873.36,1,False,1704.7286653518677,0.3897734573393157,0.8560742039954613
21837,873.48,1,False,1629.8455953598022,0.415381442416798,0.9127869239239675
21840,873.6,1,False,1477.793698310852,0.48572931777347217,0.9341663271137615
21843,873.72,2,False,1527.1639394760132,0.4882120661663287,0.965753245661074
21846,873.84,1,False,1527.0699548721313,0.47745486732685205,0.934782976842324
21849,873.96,2,False,1374.3127870559692,0.4449164406819777,0.9442199287351574
21852,874.08,1,False,1441.2797141075134,0.42883952278079407,0.9648342096566228
21855,874.2,1,False,1050.3616976737976,0.4459741133632082,0.9185477024965442
21858,874.32,1,False,1256.9880723953247,0.4616166317101681,0.9678162463836377
21861,874.44,1,False,1132.9348969459534,0.4715140118743434,0.9331452556421594
21864,874.56,1,False,1109.5441889762878,0.5012642488335118,0.9080646471198042
21867,874.68,1,False,1219.86891746521,0.489156905448798,0.9033401193082387
21870,874.8,1,False,1064.5974040031433,0.4682627528002768,0.8798845336212688
21873,874.92,1,False,1008.571765422821,0.43819862152590894,0.8605076786625716
21876,875.04,1,False,767.8399550914764,0.39713255564371747,0.9042957907382853
21879,875.16,1,False,925.9308457374573,0.398247399113395,0.9308147805996028
21882,875.28,1,False,639.4484567642212,0.37244898171135876,0.9653107592572479
21885,875.4,1,False,750.0994277000427,0.32336737170363916,0.9606604973389329
21888,875.52,1,False,1192.290165424347,0.3099269239288388,0.9586506161422103
21891,875.64,1,False,1507.7286958694458,0.3122390468012203,0.9769845924086545
21894,875.76,1,False,1583.2290387153625,0.31830728460441937,0.983362102206463
21897,875.88,1,False,1618.3703970909119,0.3337735872377049,0.9889287953138067
21900,876.0,1,False,1292.2722101211548,0.3415998983563799,0.9923043797516576
21903,876.12,1,False,1184.157600402832,0.367121468890797,0.9880694485336555
21906,876.24,1,False,1256.9607782363892,0.3808134243343816,0.9833520380070576
21909,876.36,1,False,1232.2604012489319,0.4311982068148526,0.9743517874562302
21912,876.48,1,False,1400.6663274765015,0.46326823487426294,0.9777420359588992
21915,876.6,1,False,1467.4064683914185,0.4985809859001275,0.9700272800039536
21918,876.72,1,False,1398.1727743148804,0.5243415218411069,0.9716635321185949
21921,876.84,1,False,1361.1872577667236,0.5205767208879645,0.9785666411862474
21924,876.96,1,False,1086.5733861923218,0.5231007075670994,0.9831664541875541
21927,877.08,1,False,921.7321801185608,0.5239817716858604,0.978095323107589
21930,877.2,1,False,1103.0973601341248,0.5231906672318777,0.9592658389514932
21933,877.32,1,False,1427.276394367218,0.5154767054500002,0.9848728194765773
21936,877.44,1,False,1159.2008900642395,0.5176999577970216,0.9833459335814143
21939,877.56,1,False,1227.7299571037292,0.5037419651493882,0.9827682045724526
21942,877.68,1,False,1216.375072002411,0.4920489959644549,0.9837168930256522
21945,877.8,1,False,1294.7237920761108,0.4737695347179066,0.9868775824175444
21948,877.92,1,False,1104.229166507721,0.45477806076858984,0.9857646088700478
21951,878.04,1,False,1226.4571738243103,0.43112383286158246,0.9755441082965032
21954,878.16,1,False,1216.0775399208069,0.39829208182566095,0.9777937665617022
21957,878.28,1,False,1140.5425643920898,0.37430174242366443,0.9835305300860099
21960,878.4,1,False,1080.6356191635132,0.35818778384815564,0.9845339763289545
21963,878.52,1,False,1045.0852024555206,0.3532266680038337,0.9750974744430725
21966,878.64,2,False,1033.9605474472046,0.350192845770807,0.9640970228052292
21969,878.76,2,False,1021.7288053035736,0.3564220703009403,0.9765608922687306
21972,878.88,2,False,989.9901401996613,0.3472037541143822,0.988388518367704
21975,879.0,2,False,997.1128857135773,0.3405202414953347,0.9929776358773368
21978,879.12,2,False,994.8204660415649,0.3331704406124173,0.9937393844444565
21981,879.24,2,False,974.1495501995087,0.33313303373076697,0.9943976626651665
21984,879.36,2,False,961.3034963607788,0.3324522520556594,0.9947998764393291
21987,879.48,2,False,958.5409605503082,0.3395574481198282,0.9937351056664822
21990,879.6,2,True,917.2964930534363,0.34232436436595337,0.994890464794506
21993,879.72,2,True,912.6141285896301,0.3423569012771953,0.9947138578144701
21996,879.84,2,True,914.5263934135437,0.3413046995798747,0.9944384532663986
21999,879.96,2,True,908.5780692100525,0.34065029566938226,0.9948881847025478
22002,880.08,2,True,915.4187643527985,0.33934634472384595,0.9938238883961886
22005,880.2,2,True,919.9287056922913,0.3432035978996392,0.9960804638656995
22008,880.32,2,True,906.0681009292603,0.3483299631060976,0.9946451957791764
22011,880.44,2,True,907.8657817840576,0.34560927251974743,0.9942294837809139
22014,880.56,2,True,904.7791922092438,0.3475907697822108,0.9958034003845302
22017,880.68,2,True,916.2831974029541,0.34926492427334643,0.9913575792968463
22020,880.8,2,True,923.2609105110168,0.3439494398507205,0.9857716516476775
22023,880.92,2,True,853.3900201320648,0.33797251862106903,0.9913028084878772
22026,881.04,2,True,919.5411157608032,0.3225980432647647,0.993062907876263
22029,881.16,2,True,890.707733631134,0.316196957320878,0.9949418114239986
22032,881.28,2,True,947.6946222782135,0.3071032753496459,0.9940481997523954
22035,881.4,2,False,976.6755473613739,0.30098131931189337,0.9940874931164573
22038,881.52,2,True,966.7526078224182,0.2924396183454629,0.9908708026970693
22041,881.64,2,True,958.2670211791992,0.284850127769239,0.9925202676187131
22044,881.76,2,True,965.7738482952118,0.27786238627000287,0.9953564371671269
22047,881.88,2,True,995.7822954654694,0.27296217147148016,0.9967235144275479
22050,882.0,2,True,991.7416977882385,0.27028235612493573,0.995851593664411
22053,882.12,2,True,998.7488293647766,0.26784030867345404,0.9972261819923381
22056,882.24,2,True,985.2943539619446,0.26758280396461487,0.9976754924131
22059,882.36,2,True,988.6488318443298,0.26208145780996844,0.9974265987440704
22062,882.48,2,True,969.4890081882477,0.25829421932047064,0.9972788983412468
22065,882.6,1,True,962.9733645915985,0.2560254105112769,0.9954455051146454
22068,882.72,2,True,961.025276184082,0.25368769692652154,0.9954753882391618
22071,882.84,2,True,962.3965501785278,0.2498972691369779,0.9901075825326098
22074,882.96,2,False,957.7782046794891,0.24661631791880637,0.986489820679953
22077,883.08,2,False,948.4185934066772,0.2501161229429823,0.9791279792752097
22080,883.2,1,False,890.9644210338593,0.26975360241803253,0.9636235529204158
22083,883.32,1,True,817.6168727874756,0.2874708798798648,0.9779241939700988
22086,883.44,1,False,829.1809058189392,0.310412658886476,0.9787998485842307
22089,883.56,1,False,856.2691354751587,0.3351011709733443,0.9819342319716683
22092,883.68,1,False,901.1088037490845,0.36374818646546564,0.978467589946182
22095,883.8,1,False,883.5315585136414,0.39785000772187207,0.9742105994643129
22098,883.92,1,False,897.4753975868225,0.43067164854569867,0.9888825133206441
22101,884.04,1,False,942.239556312561,0.4522870155898007,0.9889341016030779
22104,884.16,1,False,950.4210126399994,0.47910315972385986,0.991549440427939
22107,884.28,1,False,937.3573136329651,0.49465937596378906,0.9938170789783145
22110,884.4,1,False,888.1961238384247,0.5021538887963151,0.9949253320949252
22113,884.52,0,False,,,0.9965699706439426
22116,884.64,1,False,899.6016383171082,0.5140383388056899,0.9964860521028601
22119,884.76,1,False,869.2798233032227,0.4993414680163066,0.9950487625090809
22122,884.88,1,False,864.4003486633301,0.4895664065173178,0.9947169207915186
22125,885.0,1,False,903.1957125663757,0.4996707078182336,0.995076526222775
22128,885.12,1,False,971.0162580013275,0.5010331616257176,0.9962580121287156
22131,885.24,1,False,998.8559138774872,0.49435278141137323,0.9962740715223307
22134,885.36,1,False,839.1707289218903,0.5059872061917277,0.9969854185067931
22137,885.48,1,False,790.5338895320892,0.5107062540271066,0.9949439500697099
22140,885.6,1,False,790.514577627182,0.5240200875383435,0.9949588249645728
22143,885.72,1,False,702.4343955516815,0.518955339084972,0.9958820596174854
22146,885.84,1,False,680.8665060997009,0.5209403552792289,0.9948709313283596
22149,885.96,1,False,598.0794596672058,0.5333348196564298,0.9949304222301271
22152,886.08,1,False,663.3877837657928,0.5174925860130426,0.9950153470441423
22155,886.2,1,True,638.3798003196716,0.5216465285330107,0.9954608329984813
22158,886.32,1,False,708.1185328960419,0.5415152970588568,0.9958833823272936
22161,886.44,1,True,696.7817687988281,0.5446335989417452,0.9958001183629612
22164,886.56,1,False,795.9251618385315,0.5392272833621863,0.9936153802493014
22167,886.68,1,False,731.5550100803375,0.5332364548336376,0.9958242064258975
22170,886.8,0,False,,,0.994207276843487
22173,886.92,1,False,743.0017232894897,0.5205547981189959,0.9940778160431815
22176,887.04,1,False,750.3806412220001,0.5162353389190905,0.9956434914505844
22179,887.16,2,False,836.692818403244,0.5185676144831108,0.9938470305981153
22182,887.28,2,False,961.0127234458923,0.5098400757168279,0.9939028055112158
22185,887.4,2,False,984.6701288223267,0.497542783166423,0.9955736900804648
22188,887.52,2,False,1029.9889254570007,0.491947462161382,0.9970477653364435
22191,887.64,2,False,1097.315890789032,0.4834248839002667,0.9946820009740167
22194,887.76,2,False,1024.947681427002,0.47779758500330377,0.9957239352074884
22197,887.88,2,False,1088.0717968940735,0.4678893206697522,0.9950062454028296
22200,888.0,2,False,1033.587634563446,0.45697225856058526,0.9949555241996118
22203,888.12,2,False,1070.787513256073,0.4778491827574643,0.9906858876291395
22206,888.24,2,False,934.5000529289246,0.482581278591445,0.9838650104055896
22209,888.36,2,False,1102.8618836402893,0.47309025580232794,0.9849088660504589
22212,888.48,2,False,836.8475389480591,0.4197582051609502,0.9720875877058222
22215,888.6,2,False,738.0446791648865,0.4113970272468798,0.9495782600050539
22218,888.72,1,False,604.6115827560425,0.3326634168624878,0.9621567369725411
22221,888.84,1,False,1007.2246313095093,0.3580445611115658,0.9441590222171558
22224,888.96,1,False,930.0668120384216,0.36833039648605115,0.9558662452989253
22227,889.08,1,False,828.9458155632019,0.3908416077946172,0.9794055874038491
22230,889.2,1,False,823.7812972068787,0.40982603033383685,0.9644140187622765
22233,889.32,1,False,918.8890814781189,0.43991829590363934,0.9708472469824796
22236,889.44,1,False,770.184291601181,0.48655128569313977,0.9816823313885537
22239,889.56,1,False,764.9890995025635,0.5233098250446897,0.9734988215259391
22242,889.68,1,False,882.5059354305267,0.5965943806099169,0.9907932808943978
22245,889.8,1,False,954.7833144664764,0.6103569476893453,0.9815499487460431
22248,889.92,1,False,1085.2846384048462,0.5946620594371449,0.9889377184837714
22251,890.04,1,False,1016.4479970932007,0.6081110067439802,0.9891752190829782
22254,890.16,1,False,906.113805770874,0.6210419309861732,0.9875110588231326
22257,890.28,1,False,1149.162883758545,0.6606614716125258,0.9929984854928704
22260,890.4,1,False,1377.265899181366,0.6779534076199387,0.9954440574510558
22263,890.52,1,False,1128.3959555625916,0.6767431443387811,0.9958316158889885
22266,890.64,1,False,993.2186722755432,0.6490856300700795,0.9914012667885465
22269,890.76,1,False,1157.160587310791,0.6418500398144578,0.9953517537338601
22272,890.88,1,False,1047.5377178192139,0.655717106479587,0.9954708414695412
22275,891.0,1,False,1033.9861679077148,0.659928813125148,0.9888561879403027
22278,891.12,1,False,1093.9003229141235,0.6149770518143972,0.9706325619312308
22281,891.24,1,False,1076.2621808052063,0.5402605027863474,0.9800732337872425
22284,891.36,1,False,1058.3472347259521,0.4848879882783601,0.9791864793375504
22287,891.48,1,False,1101.7257642745972,0.4619352673039292,0.9938973092828228
22290,891.6,1,False,1201.1297392845154,0.4527884821097056,0.9890325836708778
22293,891.72,1,False,1351.9568753242493,0.44601510149059875,0.9859952644265672
22296,891.84,1,False,1233.4339213371277,0.4534294812968283,0.9900363630042607
22299,891.96,1,False,1393.0393481254578,0.46074502937721484,0.9904940198806408
22302,892.08,1,False,1374.7259330749512,0.4686531370336359,0.9873109242782925
22305,892.2,1,False,1397.6463317871094,0.4642130506761146,0.9904611339925405
22308,892.32,0,False,,,-0.006030525413175936
22311,892.44,0,False,,,0.9972149626215717
22314,892.56,0,False,,,0.999977886831284
22317,892.68,0,False,,,0.9999624120185054
22320,892.8,0,False,,,0.9998928043929528
22323,892.92,0,False,,,0.9978787954954552
22326,893.04,0,False,,,0.7492582348418576
22329,893.16,0,False,,,0.984173122874006
22332,893.28,0,False,,,0.9373590496749903
22335,893.4,0,False,,,0.9672373681406022
22338,893.52,0,False,,,0.9640391531723997
22341,893.64,0,False,,,0.9619310142028938
22344,893.76,0,False,,,0.9563176488705004
22347,893.88,0,False,,,0.9843063400217739
22350,894.0,0,False,,,0.9394630150468938
22353,894.12,0,False,,,0.9528959078393762
22356,894.24,0,False,,,0.9757469872144217
22359,894.36,0,False,,,0.9738566241503659
22362,894.48,0,False,,,0.9909767424422501
22365,894.6,0,False,,,0.9646111789175457
22368,894.72,0,False,,,0.9497143753179292
22371,894.84,0,False,,,0.9405373994817308
22374,894.96,0,False,,,0.9521577555817498
22377,895.08,0,False,,,0.985662415693906
22380,895.2,0,False,,,0.9864993470046665
22383,895.32,0,False,,,0.9626177866390352
22386,895.44,0,False,,,0.95973328401372
22389,895.56,0,False,,,0.935876945081021
22392,895.68,0,False,,,0.9726239191977797
22395,895.8,0,False,,,0.9729965561804326
22398,895.92,0,False,,,0.9515162379643155
22401,896.04,0,False,,,0.9717939167175802
22404,896.16,0,False,,,0.9646112629611759
22407,896.28,0,False,,,0.9619037233436898
22410,896.4,0,False,,,0.973665354395744
22413,896.52,0,False,,,0.9608457022643011
22416,896.64,0,False,,,0.9660453628781359
22419,896.76,0,False,,,0.968658756303174
22422,896.88,0,False,,,0.9539740630420954
22425,897.0,0,False,,,0.9717815961220393
22428,897.12,0,False,,,0.9669917736928314
22431,897.24,0,False,,,0.947672281168872
22434,897.36,0,False,,,0.9564159956338043
22437,897.48,0,False,,,0.9596499085955765
22440,897.6,0,False,,,0.9767254777976415
22443,897.72,0,False,,,0.977515077788366
22446,897.84,0,False,,,0.9778683426588641
22449,897.96,0,False,,,0.9811211119859802
22452,898.08,0,False,,,0.971921204583175
22455,898.2,0,False,,,0.9646928397065404
22458,898.32,0,False,,,0.9815293187825238
22461,898.44,0,False,,,0.9709254701383232
22464,898.56,0,False,,,0.9443466687430739
22467,898.68,0,False,,,0.9832490558729005
22470,898.8,0,False,,,0.9666326761908806
