frame,right_knee_angle,left_knee_angle,right_hip_x,right_hip_y,right_shoulder_x,right_shoulder_y,right_knee_filtered,left_knee_filtered
80,151.42078222592707,146.95125580374705,530.8969879150391,352.90390491485596,575.919303894043,262.3103642463684,7.053620161247626,6.845416629214096
81,163.4647233240112,163.46983737376692,532.7097320556641,361.2190532684326,575.3446197509766,268.7987995147705,41.345745046737385,40.35033416329064
82,161.15139179380756,150.01084508524607,524.3900680541992,364.66687202453613,560.7838821411133,272.89092779159546,107.82726739864592,105.42310792745717
83,177.97098709357672,166.46242764028614,522.39501953125,364.2007255554199,553.583869934082,274.0333557128906,169.72595336551169,165.04117298485798
84,166.41655078336848,178.60399722144913,536.9087982177734,363.78406047821045,578.0867385864258,274.29447412490845,190.22950190290447,183.1270811289562
85,170.1999233454629,175.78236252330643,556.6422653198242,363.5077714920044,600.4624176025391,269.66732025146484,178.14148207490783,172.60180419909466
86,138.7802043558237,129.08241831758593,560.9896087646484,351.49334192276,591.6866302490234,268.4353280067444,163.0887296705959,164.13370921311366
87,149.31844461567795,122.23922180020132,567.4610137939453,342.0090079307556,588.2770538330078,266.0824942588806,155.7412256498179,159.39567064917944
88,142.92378764706797,121.54158335711537,572.449951171875,342.54995584487915,589.7838592529297,263.7705159187317,150.4553126287895,144.66046968989718
89,50.39413841533803,9.766926947118085,579.8679351806641,331.67754650115967,591.1344146728516,254.51886892318726,140.69701338186744,119.04544569570442
90,37.98091905165036,34.08954990115387,581.8524932861328,326.8220829963684,593.599739074707,252.13234663009644,116.6638147717354,85.08155737006196
91,162.0934379903617,164.2603667306228,602.489013671875,306.09931468963623,628.7775421142578,249.0448021888733,80.66481168666022,52.29348147209355
92,177.35444663931747,173.54718120088486,607.3133087158203,296.73293352127075,616.999626159668,234.37992095947266,70.05726974211343,56.13537093065926
93,176.51489630496923,178.99518992887442,615.266227722168,290.2860188484192,626.1791229248047,232.1649956703186,113.01369467929837,113.69430736923783
94,168.29691056546173,175.68860375041285,615.408935546875,290.8549475669861,622.9524612426758,231.24117851257324,174.2443230859143,179.976547596232
95,173.32909005041267,178.56302968126664,623.4450149536133,292.13367462158203,629.9794387817383,231.47794246673584,199.16318750846438,203.20073265826633
96,175.06261749415185,177.00051224844984,626.5478515625,292.22710132598877,632.4650192260742,232.05873727798462,184.45914965877645,187.67903231344346
97,179.80975893311137,177.72209436200342,631.672248840332,291.76754236221313,638.634033203125,233.02377462387085,166.2866966883929,170.30570609624496
98,179.93853164552084,179.3242345861845,638.0251312255859,291.41945600509644,646.8348693847656,233.37246179580688,166.71030598195455,169.6726140828511
99,178.50910510437413,173.77540505551158,639.4404983520508,291.7074179649353,646.6007995605469,233.76369953155518,177.80353403967834,177.54052269873074
100,175.3431923897691,177.3970791071669,642.6875305175781,290.6630301475525,649.0655517578125,233.55515241622925,183.902114950575,181.06252361293568
101,178.94626400195966,175.67212531320416,645.1611328125,291.4164090156555,650.4282379150391,233.4528636932373,181.1768867854658,178.25040741462894
102,179.88987352620157,178.30383703285025,650.6330108642578,291.25079870224,655.8396911621094,232.95114040374756,176.48240840515075,174.96666143880202
103,179.37689868492387,176.28368827604453,652.5401306152344,291.09244108200073,656.0449981689453,233.0627417564392,175.94640423411357,175.04754789172574
104,178.0495698375873,177.5073133328028,656.3711547851562,290.6129479408264,661.0019683837891,233.14623355865479,178.66803803806565,176.98733530953677
105,178.83033103481546,178.09492593514645,659.8715972900391,290.5319881439209,664.8880767822266,233.18799018859863,180.37493726044906,178.03503398039825
106,179.44188261347168,178.59045710810847,663.33984375,288.8484835624695,668.409423828125,232.30088710784912,179.65407584985869,177.86984835551777
107,177.01013354722429,179.80532220863205,667.5209808349609,289.12837743759155,673.8394927978516,232.35841512680054,178.39063399434306,177.82721762487847
108,175.9366662119818,177.3565114860613,670.8980560302734,289.0260887145996,677.8819274902344,232.4571418762207,177.87396870531865,178.4564494708165
109,176.13564903090437,177.7220509556722,673.1391143798828,289.23296213150024,680.5524444580078,232.48872756958008,177.42580902147472,178.93582027647744
110,178.3255155578216,177.9709758644721,675.6943511962891,289.3610429763794,681.5009307861328,232.7759599685669,176.63197005872644,178.52477929944334
111,175.7777356302908,178.74675501664677,680.1887512207031,289.4295573234558,686.4463806152344,232.90977001190186,176.2911973662992,177.77856266637227
112,178.3863577030969,175.53130405250388,683.1427001953125,288.67323875427246,689.0953063964844,232.65987396240234,176.74408649471843,177.56144675669805
113,177.59675808366825,177.14989135499275,686.6518402099609,288.74855518341064,692.3181915283203,232.69875526428223,177.3529895713012,177.56602448055827
114,177.77694213876717,175.4614083862235,690.1834106445312,288.8389992713928,695.7277679443359,232.6505184173584,177.7005611847223,177.07368038553975
115,174.30671625691772,172.1031856165922,691.5359497070312,288.8803696632385,700.2959442138672,232.6221513748169,177.66996529224403,176.08665637540733
116,176.664296971743,177.3896835764217,697.3049163818359,290.8182764053345,702.5332641601562,232.63309478759766,176.99524736971287,174.9572681907713
117,179.44412959726301,177.44068914038687,702.6947784423828,292.95855045318604,708.0100250244141,232.75156259536743,176.12916910981053,174.46464087810554
118,177.91841549551847,175.5678493148462,705.1352691650391,292.8193974494934,709.7258758544922,232.44139194488525,176.36216654368727,175.3772694039636
119,178.31869427127512,174.898134570576,707.7610015869141,292.62829542160034,712.5419616699219,231.62361860275269,177.79992638543393,176.71211942419535
121,156.87996858033864,141.1901749681479,257.1416664123535,345.9075880050659,227.59639739990234,300.46332836151123,177.9053354457989,175.11686295947757
122,166.8378158561256,162.5454583669628,261.43787384033203,340.39863109588623,249.41452026367188,287.52480268478394,173.5050114455463,167.32325899415937
123,170.6053590319699,156.09276435327592,258.187198638916,341.20649099349976,247.7271270751953,290.0089144706726,166.28989788532,156.574275890336
124,174.8117082578604,156.19131247120058,257.06573486328125,339.3422269821167,241.8890380859375,286.5259909629822,163.320152773729,151.5943529196694
125,176.07738348749277,158.50661227330303,259.60906982421875,341.3123846054077,255.61628341674805,286.22787952423096,167.84918173212887,154.36465658716452
126,168.60833402074354,156.7110437307485,259.39306259155273,341.855092048645,248.32439422607422,285.25659799575806,174.45463039107753,158.35645998820817
127,160.87056542809182,164.44446750968984,266.492919921875,344.96930837631226,264.957332611084,286.45960092544556,175.77675257546804,159.39929153438482
128,172.47979104321786,171.08266231067984,265.398006439209,345.00258922576904,264.40099716186523,287.1156692504883,170.6792032042902,159.84095658106864
129,177.0582671983995,159.27845099423664,256.6939353942871,348.1099820137024,245.9048843383789,287.1871876716614,165.74466211222594,162.74483017178983
130,176.75726740953692,160.69210636435724,255.3078269958496,348.0215120315552,239.53807830810547,287.5336217880249,167.68829750181825,165.86493573048347
131,174.65596391931663,164.5830240245805,254.30316925048828,348.38775157928467,238.65228652954102,287.6287865638733,174.52118806741552,165.12241928527197
132,175.8623770992344,164.23207010432878,252.77477264404297,347.2471261024475,234.32575225830078,287.23623991012573,178.77007700076365,162.15075477079955
133,172.0933946702428,162.6867761718974,253.6393165588379,345.06131887435913,234.23080444335938,287.3389792442322,177.5696783233361,161.47768917431088
134,169.84685433603727,160.10850490656048,253.8185691833496,343.33178758621216,234.1750717163086,287.2510886192322,174.05605963221893,163.02706405196187
135,171.22859891556598,157.85441679503364,252.1915054321289,343.2601833343506,233.19551467895508,286.86240434646606,171.41394175439254,163.274541014706
136,167.77111260592974,159.79694055777094,251.36425018310547,344.3320369720459,232.71968841552734,288.0368685722351,170.21190217769225,161.02667507209148
137,168.46700008198914,166.97771995049715,251.5534210205078,347.9001474380493,233.5611343383789,288.0416536331177,169.6428779459308,158.9177015779711
138,178.15770905737045,178.95471225693672,255.81295013427734,349.21249866485596,253.4543800354004,288.0495071411133,169.40592444412817,160.69407526948387
139,177.77462265175996,178.19265014084777,266.6432189941406,349.2071557044983,270.7542419433594,286.957311630249,170.8699883932856,167.55949556772404
140,179.0607582338666,175.66519928792098,257.6729202270508,352.9582142829895,246.04421615600586,288.21908712387085,174.77407150452962,175.91975795107973
141,171.25492908608362,175.1696547664477,254.89269256591797,353.2049775123596,244.66327667236328,291.07553243637085,178.41281671656927,180.0371325375301
142,167.6180147954332,171.62048202876687,255.17719268798828,352.6948642730713,247.57585525512695,292.2307062149048,177.99417586751636,178.22499999522057
143,165.43217765016118,166.1289811646904,264.2337417602539,352.4020743370056,266.2953567504883,291.12430572509766,173.12217379915538,173.76637183477527
144,163.78228757235635,175.27766903352767,267.81185150146484,352.50356912612915,272.6481628417969,291.0901880264282,167.24837848666965,170.21272982203521
145,159.76282828869978,175.953090359013,266.6244125366211,352.3492670059204,264.368953704834,291.4928197860718,163.63440669649745,169.52705712407382
146,165.0767301961844,179.30803929593773,268.8641357421875,351.6935634613037,272.71615982055664,290.53844690322876,162.38533993978825,172.29789183782955
147,166.00988737879524,173.25568171937095,268.09452056884766,347.7133798599243,271.26867294311523,287.8072500228882,162.4405528368178,176.39717093832994
148,170.48171503898558,160.77133757622113,260.57764053344727,348.0303740501404,252.62989044189453,287.9506731033325,163.89140078334134,177.4812870886984
149,169.15767618143582,164.1245182307912,261.42948150634766,345.75708389282227,255.7535743713379,286.900577545166,166.7045233101725,172.86351369906785
150,164.96343806436815,162.24810915542173,256.4297103881836,345.98318338394165,244.23503875732422,286.92739963531494,169.19500197832593,165.2567742802967
151,166.12560497471782,164.15091943246568,256.18724822998047,348.66854667663574,247.8878402709961,287.9937171936035,169.27256671102896,160.59018758272953
152,165.88574080710578,179.3665531034063,267.04336166381836,350.0314736366272,270.7676124572754,288.0485200881958,167.1046453937096,161.81882187698284
153,162.17788586352287,173.75009119044188,270.9109878540039,347.0106840133667,274.7062301635742,286.08570098876953,164.9908129776022,167.61434511282928
154,167.70344723552773,167.02096393435494,260.67834854125977,346.26511573791504,246.08905792236328,286.3944983482361,164.27152680944894,173.84807453204542
155,169.96522680289752,163.40698070648986,258.2354164123535,346.50052785873413,243.44846725463867,286.96709632873535,164.85602847464963,175.07941340123062
156,166.13088329517927,169.45495834507787,264.5804214477539,348.8781666755676,264.1038131713867,287.5180649757385,166.56655535332754,170.2151547617191
157,167.74027766865544,168.03665148583318,271.2784957885742,349.70654010772705,275.75977325439453,287.97951221466064,168.28870836289178,165.07303492570867
158,168.55354595914707,168.28810105600706,272.59389877319336,348.84690284729004,275.75525283813477,287.94777631759644,168.54582680806578,164.8471523022285
159,167.89196339169163,163.44768687006686,271.18932723999023,348.52932929992676,271.4773941040039,290.1688599586487,167.83219957661183,167.6248922525289
160,165.83400568349214,165.11985068192905,271.6705322265625,349.11450147628784,273.2942199707031,292.1492099761963,167.4917496846017,168.42181879882267
161,166.3310921798499,171.5101962381109,271.61779403686523,349.8809480667114,272.98391342163086,291.82631492614746,167.38712699669412,166.50705795533776
162,174.8298840046671,157.47738556953252,259.74966049194336,352.4647521972656,247.64883041381836,291.88101053237915,167.22663233593178,165.09605954963862
163,175.3962464587106,157.12255101645042,259.2036437988281,352.64289379119873,245.12344360351562,293.2673907279968,168.46618301219362,164.59733344188584
164,175.11545019869146,156.21909713098015,259.21756744384766,354.329617023468,245.67279815673828,293.0986261367798,172.00050328356699,162.0312286307383
165,175.07847638748808,159.89563217147037,258.6439895629883,354.59062814712524,245.72076797485352,292.99747467041016,175.60664571942954,157.7499994896281
166,175.05054691639248,162.71934611851944,258.2733154296875,354.1880178451538,246.81529998779297,292.86527395248413,176.66975761470874,155.94223195174675
167,173.7117322908164,170.81755418589842,258.5283851623535,353.4003496170044,245.54859161376953,292.7682423591614,175.55357093071328,158.73188176578
168,174.3428008304681,167.23921320649964,258.79791259765625,352.86330699920654,245.38118362426758,292.67749786376953,174.2621758476404,164.212561089154
169,178.05356455767787,161.40068819822505,259.0654945373535,352.79178857803345,245.8308982849121,293.25676918029785,174.00608112150738,168.4228884706463
170,168.3788378896007,165.01779476127422,259.2318344116211,353.263943195343,245.89282989501953,293.16136837005615,174.6143649268795,168.27401561367955
171,168.011874299628,168.85958250169475,260.1975631713867,352.8135681152344,245.9361457824707,292.7085041999817,174.33452079928452,165.14338663390208
172,176.03787576571963,165.68315173861393,260.27273178100586,354.6557307243347,246.2725067138672,293.5155916213989,172.0164150768899,163.7244795040832
173,169.358291530064,166.63692234136266,262.82222747802734,354.9580907821655,248.87598037719727,293.4395456314087,169.96448435309435,165.5178493740316
174,169.0792543766641,168.3140122793156,263.0838966369629,354.95296239852905,250.16124725341797,294.4677758216858,170.33307664958662,167.5702347488096
175,175.56549889892506,160.97378393459792,270.5707359313965,354.88434076309204,265.62551498413086,294.3466901779175,171.46321841621733,167.6152679605021
176,175.1591036235444,146.4033717725513,269.07093048095703,354.4127869606018,259.9531936645508,294.256010055542,172.03237080858878,165.07729497217898
177,167.29004428785774,158.71288359614906,278.76346588134766,353.4373211860657,280.11547088623047,293.7071442604065,172.84561762143838,159.5464770310582
178,166.62503394710674,158.8107757499446,272.5163269042969,353.7407326698303,259.7915267944336,294.18891191482544,172.87476544497846,153.8292545488976
179,167.6747762526025,156.4588299241081,272.66565322875977,352.7284240722656,257.4184226989746,293.92534732818604,170.3665326412964,152.9459966018866
180,169.46611794348658,145.38407330275385,271.82567596435547,350.6715774536133,256.70495986938477,293.4958505630493,167.12444582280506,155.89703176119562
181,167.7135694075377,145.04937845803323,272.423038482666,347.7759075164795,256.1386489868164,292.7932834625244,166.3302692355451,155.7829249682913
182,161.63312657200493,149.89441913247697,274.52205657958984,346.9877886772156,256.31298065185547,292.285680770874,167.51012345488877,150.33217253083774
183,161.96052604452944,154.62453535450203,274.48476791381836,347.2015070915222,256.668701171875,291.80846214294434,167.2313227239842,145.56888316740427
184,164.61150547686339,158.3124234541614,275.12786865234375,346.3767170906067,256.85672760009766,291.4746022224426,164.40548740422022,147.26928631747873
185,162.5244350133055,158.33684109884646,276.179141998291,347.96115159988403,257.7200698852539,291.5311861038208,161.89807328558894,153.7433709618634
186,162.21939702272618,153.27050130518703,276.49974822998047,348.07326793670654,257.9697036743164,292.1603035926819,161.88768343139205,158.85088372300638
187,162.3123513327527,155.14683894982022,277.7828025817871,348.1127071380615,258.566951751709,292.1624708175659,162.9501045950201,158.95501698333868
188,164.40239399798193,149.14920021259135,285.8884811401367,347.9734253883362,276.03551864624023,290.76566219329834,163.17917766624447,155.5254507272375
189,160.62955712833855,148.940970457682,284.42052841186523,350.2343988418579,267.81200408935547,294.5839262008667,162.7951453559837,151.96472130688852
190,170.01371335468636,160.34524185679913,280.5233383178711,351.42993450164795,263.68499755859375,295.06234645843506,162.85483700713974,150.30684927449352
191,169.96160593681026,163.16792245255877,279.51953887939453,350.72378396987915,263.20119857788086,295.0105047225952,164.25791310216408,151.96994118214636
192,161.67778118900637,158.44989674055222,277.31327056884766,348.91318559646606,262.6846694946289,294.80360984802246,166.85922552118018,157.02624344570845
193,155.06458134345925,159.69595665309848,278.8446044921875,348.34133863449097,263.9208984375,293.13400983810425,167.6687595772135,161.73741479411603
194,179.09046835130687,163.09865752033252,279.95824813842773,348.12897205352783,264.16051864624023,292.8504252433777,164.78663731957815,162.4667727692421
195,177.0240634788619,170.26098547351805,285.6466293334961,348.1506013870239,265.8683204650879,291.25466108322144,163.40120023452158,161.27559253103675
196,162.15394139301895,143.91277043298675,284.7087097167969,348.47044944763184,265.5262756347656,291.80251836776733,168.36628228469016,161.62699377847233
197,179.21458477387668,162.4902014478072,284.0953063964844,348.3810782432556,265.2821350097656,292.659387588501,174.25576661815649,161.35295396150133
198,179.2268656164193,153.61587693347178,283.6684226989746,349.7875428199768,265.1498031616211,293.15600395202637,175.07698297562288,157.837104685397
199,175.53975977424375,152.1333258884369,283.2838439941406,349.77752208709717,265.0497055053711,295.34213304519653,174.39516226666407,154.26763835560445
200,162.7104392584541,171.08531797348215,283.243350982666,352.50391244888306,265.101318359375,295.8001470565796,175.43485196712808,154.1664619112545
201,167.82404487938885,165.79713729846094,282.19058990478516,354.4675898551941,265.3095054626465,296.48205041885376,174.29842783692953,157.9629571846798
202,168.92872074902724,171.39731242462767,282.11217880249023,355.6384062767029,265.529842376709,298.1646752357483,169.28545399971406,164.33772680721623
203,168.52790498328844,168.58598988449964,281.0541343688965,355.5897617340088,266.21021270751953,297.99835681915283,165.40217725513605,169.7276852662243
204,163.48725671263068,165.6126665083419,279.683837890625,355.1849412918091,266.75479888916016,297.8807473182678,165.8893491599115,171.1053880156195
205,161.98603812477515,162.0769219100925,279.6921730041504,355.07256746292114,267.87784576416016,297.6419448852539,167.35224045848963,168.86066004882983
206,155.00826902612062,161.33811837870797,278.99499893188477,352.7905869483948,268.1500244140625,298.0426025390625,165.5698559328066,165.1736355357883
207,157.22882526882952,175.19736290559413,278.8188171386719,352.67428636550903,268.01074981689453,298.07785749435425,160.81285207054896,162.74045762180273
208,163.00740815255025,169.67327691074584,280.4049301147461,352.3923110961914,269.2781066894531,297.458975315094,156.77510891178014,164.21429306228163
209,164.5686773735799,172.70723911449258,281.4645004272461,351.7408347129822,270.46566009521484,296.50052547454834,156.8822016780208,169.0988348105703
210,163.92577491727542,168.36032572528498,282.8142738342285,351.2280607223511,272.0602035522461,295.7014846801758,160.86101125866168,172.9502648804157
211,162.271013392867,162.38368719244374,284.2848777770996,349.6203875541687,273.3063316345215,295.5734896659851,164.72534320027322,172.35948483657646
212,154.25919190072872,158.83928783499906,287.7596092224121,349.3214821815491,274.66135025024414,294.5468044281006,164.88214819616275,167.94074442569894
213,148.67686043598627,156.90130702283798,289.1970443725586,347.54852056503296,275.93515396118164,294.3308758735657,160.83826502474815,162.35322997630118
214,147.22001652463302,158.19380485076644,291.7586326599121,348.21585416793823,277.38636016845703,294.0198040008545,154.4694264576296,158.1563104571515
215,150.24912585888126,162.2043913950269,291.3248634338379,348.24145317077637,277.23011016845703,294.0495014190674,148.8898591876278,156.83106127527213
216,177.9732188620522,169.8434033683228,291.7020606994629,346.2048625946045,278.5456848144531,293.4790277481079,148.14866264314534,158.69897058401605
217,162.00764059318502,162.51863048593987,293.413143157959,347.8077721595764,279.5601463317871,293.4202551841736,155.0586107854879,162.81629434866278
218,160.99617335791987,161.14884985571447,293.16051483154297,347.96070098876953,279.0056800842285,294.4747066497803,165.36277529908423,166.16455744975264
219,152.4677487480453,167.71565164542406,292.93542861938477,344.7460412979126,278.6812973022461,294.53736305236816,169.0145428865977,165.97828914402172
220,151.21295357514515,153.23805453487395,292.8987503051758,345.283727645874,279.16330337524414,293.83074045181274,162.53487270830604,163.40909291107053
221,144.08603146964091,155.05761519166788,292.5453186035156,346.10169410705566,279.09460067749023,294.0539216995239,152.77656581613948,160.64012029089253
222,151.28586442452715,176.9403784143378,292.3152542114258,344.7225022315979,279.9502182006836,294.33398723602295,146.92789059296015,158.5583933416356
223,161.8298035826923,151.15535480264,292.18664169311523,345.0199055671692,280.8505630493164,294.3705081939697,146.90512413270767,159.34254565050162
224,145.10348530005732,175.6305726004398,292.66672134399414,345.0874328613281,281.87957763671875,294.030339717865,151.08826770619493,163.05928515967915
225,146.9495756864984,160.17159153227934,294.4905471801758,346.29494190216064,282.10790634155273,294.3592858314514,154.5267853133551,165.9317860417992
226,150.50395271942327,152.86740163271952,295.05727767944336,348.20098400115967,282.1051597595215,294.3671178817749,152.67823583667658,165.69180753189897
227,149.22322897346154,147.36479685984696,295.50500869750977,349.1070342063904,282.1461486816406,294.6551442146301,148.15235619918482,161.62751402615893
228,150.2543210636434,145.7222131367104,297.49027252197266,349.051673412323,283.73037338256836,294.7021150588989,146.73945915270835,154.14112361545753
229,153.07912450534315,138.959365565393,299.48150634765625,351.5028691291809,284.041805267334,294.6040964126587,148.98473350181047,146.67914300222733
230,159.38548248100813,147.28226655224148,299.6261215209961,351.2296485900879,284.37652587890625,295.41714906692505,151.96563962972795,142.50144364353596
231,160.819594209629,149.02920618973292,299.96225357055664,351.0603904724121,284.94659423828125,295.39092779159546,154.81233569663792,142.24250797905518
232,166.08614993828243,156.98198290838778,299.9502182006836,349.32416439056396,284.97058868408203,295.45090198516846,158.31402703118263,145.42865500219565
233,163.09058460046398,162.84355071944964,300.57003021240234,347.0448875427246,286.17237091064453,294.6466040611267,162.1431805855285,151.03713272247552
234,161.60669999765432,153.7349883565414,301.5635681152344,347.0447587966919,286.89098358154297,293.5817241668701,164.59279440755637,156.93939891842288
235,162.39964097629996,154.74754100587188,302.18481063842773,347.0801639556885,287.1663475036621,293.41373205184937,164.4301390554576,159.88319797981293
236,162.32900657040435,154.26425928631042,303.8750648498535,347.30849504470825,288.30493927001953,293.3271074295044,162.64814917191345,158.18368120686804
237,160.69460588163116,158.36133339632835,303.50414276123047,346.1167359352112,288.52407455444336,293.4077453613281,161.4135123474463,154.72170115706032
238,163.00152450635454,158.74445855639908,304.80907440185547,346.2345600128174,289.2893981933594,292.90286779403687,161.41793750410196,153.9402818609473
239,160.06938469279154,161.0095927800845,305.54622650146484,345.19216775894165,289.21499252319336,292.9124164581299,161.80052724606946,156.5632289193209
240,163.00624433284554,161.59853083844698,306.3502502441406,344.21663761138916,289.481143951416,292.6419425010681,161.85227725429522,159.8622243803094
241,166.74496767522422,160.3227985083566,307.17090606689453,343.1750178337097,290.418643951416,292.6653528213501,161.92617374683542,161.56598147876954
242,168.87098363597804,150.08372693421393,308.87203216552734,340.31915187835693,290.63833236694336,292.6638722419739,163.19617126105916,161.0477647164451
243,155.7854111977337,160.83513592686677,310.570125579834,338.02584171295166,292.22232818603516,292.66247749328613,165.3792983402508,158.45925713892854
244,142.5577074396062,165.7940355939737,312.5079917907715,338.79934787750244,293.44085693359375,292.6590871810913,164.60830594012847,156.16130540874377
245,140.86498752785232,167.95831094990433,312.77801513671875,339.0535354614258,293.5451126098633,292.64962434768677,157.11993820077868,158.04075629377655
246,139.6658942624632,160.40144716380735,313.78910064697266,339.746618270874,295.05809783935547,292.3844289779663,145.7405395604949,163.57958815484824
247,133.80346633941593,163.51803572267426,315.8403015136719,341.9318890571594,295.1771926879883,292.44624853134155,137.6821685169099,167.0585168886193
248,135.8769400938516,151.46450811949808,315.13416290283203,343.267822265625,295.17017364501953,293.9288020133972,135.51027762889103,164.96700482944348
249,139.73417125562506,153.63840425615993,314.63220596313477,346.96701765060425,296.03845596313477,294.4980525970459,136.06319346050168,159.33997652034088
250,147.74680174636393,151.73058405268188,314.26748275756836,349.17125701904297,296.9856262207031,294.477903842926,137.3664249768028,154.00594236087466
251,148.68384859340566,156.34994754954602,314.05689239501953,348.6137652397156,298.0441665649414,294.3467330932617,140.58367045923376,151.54014932601783
252,161.57543155041395,158.96636663599543,314.4502639770508,348.3360815048218,299.57881927490234,293.6429214477539,146.21006361828967,152.56672610173572
253,162.54210691697057,160.20872558582934,314.0773010253906,348.04636001586914,299.8562240600586,293.60451221466064,153.02592624558875,155.823648279675
254,164.41267087346222,169.203879099352,313.30007553100586,346.9279217720032,299.9150085449219,293.0155420303345,159.49748985324334,159.5366912567174
255,164.32499773765542,174.4519081768447,313.9656448364258,345.2535152435303,301.85110092163086,292.2648239135742,163.91553835909116,163.4582959175388
256,161.71196184003503,171.4068349771358,314.0690612792969,342.37662076950073,303.2155418395996,291.9516706466675,165.2113887703754,168.2681347724724
257,159.14983460242618,169.79151333606129,314.0732955932617,342.62239694595337,304.2184066772461,290.9530735015869,163.96042911533846,172.5015927162632
258,159.89964935567158,173.56537445333007,317.06043243408203,340.4853844642639,307.02022552490234,290.3990578651428,161.6110493999723,173.56713783452406
259,159.7164470020951,171.96643840983512,318.1692123413086,340.5792188644409,308.12496185302734,289.8744821548462,159.6519870394181,172.13666474160104
260,159.581936910765,174.26369123555625,320.1173400878906,339.03881549835205,309.15658950805664,289.7468304634094,159.01983294562316,171.34286476452945
261,160.47829634874938,175.5329670995979,322.43663787841797,338.1500172615051,312.04769134521484,288.85371923446655,159.45190134505955,172.430092995174
262,162.02623815832527,164.27855902920558,327.32994079589844,337.13547706604004,313.87319564819336,288.4733819961548,160.13488343818227,173.75895476760888
263,168.6644500742653,159.07541980243684,331.19800567626953,336.58873558044434,315.685977935791,289.0079355239868,161.13335909096853,172.32593321483387
264,168.88783890039215,160.74818469041224,331.02046966552734,334.2436480522156,316.88232421875,289.0490698814392,163.38853205153885,166.83044857038465
265,165.4458475403767,123.62783719856083,333.63597869873047,334.85864639282227,319.08756256103516,288.4636616706848,166.651936027276,158.80721058940227
266,165.39362369043238,136.43581100247494,337.635498046875,336.0101294517517,320.50010681152344,288.5182285308838,168.56025447252188,148.62098320113623
267,167.50369435377152,152.42766822635235,337.0309829711914,335.2019691467285,320.24940490722656,288.6512231826782,167.6929749734368,137.97503007145198
268,157.250211018791,141.797892286147,341.5972137451172,335.36446809768677,322.3844528198242,288.6914348602295,165.51527926403122,134.50081068332796
269,164.8896432148387,145.92817362323663,343.80767822265625,337.7848720550537,323.6638641357422,289.1377544403076,163.51716785046642,140.74231174759282
270,162.12883154950757,145.99677204104626,344.82791900634766,338.81874561309814,324.77306365966797,289.1518521308899,162.03911255059688,147.72641894190292
271,159.94822475704163,145.6726510381002,347.8340148925781,339.89495515823364,328.0492401123047,288.7735962867737,161.5770560602088,148.54692798982822
272,155.73406931844508,151.06926771342083,348.5021209716797,339.60798025131226,328.1735610961914,289.3345642089844,161.49288046961718,146.1690167545558
273,151.17616804933698,151.8082153625979,351.90792083740234,339.5593786239624,331.3095474243164,288.99203538894653,159.7658274070205,145.99374919312922
274,157.75573967330422,151.05817843892206,351.00467681884766,341.10714197158813,332.0582962036133,288.99102687835693,156.17690208015532,148.96702794669974
275,154.30112122261838,151.3573225839992,353.3694076538086,340.68530559539795,334.4401168823242,288.56290340423584,153.44724453855105,152.02366900136815
276,161.7783752465146,148.0651083792988,354.4683074951172,342.63237476348877,334.85363006591797,288.5862708091736,153.9378214994445,152.51391558902748
277,160.6437173376151,146.71600007338984,353.4162139892578,342.3456144332886,335.0987243652344,290.1538610458374,156.96251357787105,150.66929718024554
278,162.9389979165364,152.18305272497787,354.3566131591797,342.0678448677063,336.00120544433594,290.33193826675415,160.25214366550253,148.46602038604922
279,162.42401145234217,151.39695093830264,354.9803924560547,340.8240079879761,337.43736267089844,290.34459829330444,162.25893515176435,148.00012760660132
280,160.27211154744097,151.02358722316612,357.48931884765625,341.2545132637024,341.0499954223633,289.6822214126587,162.71153602519158,149.74162015517766
281,162.51016913474965,156.0009589779164,358.5348129272461,340.99212884902954,342.3211669921875,289.7105669975281,162.14495154524084,151.9719198716405
282,164.85770956533892,158.0413190492668,363.2744598388672,341.58350229263306,346.17374420166016,289.6603775024414,161.59746997492667,153.53963101600436
283,160.5253757501158,164.18849529432785,363.6011505126953,340.9855628013611,346.86031341552734,289.7967839241028,162.01297254134894,155.53284622691103
284,162.25910438800636,144.89317201428426,366.0310363769531,340.690541267395,350.81737518310547,287.84411430358887,162.83949978179584,158.10759604754156
285,158.68897815368237,132.65640601245025,371.00013732910156,339.65874910354614,354.70252990722656,287.17583656311035,162.60798491851693,157.14997156162795
286,157.06322007767386,144.33546824648585,373.32557678222656,338.3421063423157,355.5906295776367,286.56049489974976,161.00300643142515,149.07855168957457
287,163.57722608281344,152.97212278921793,374.4745635986328,335.618097782135,355.92906951904297,286.5848708152771,159.1675633899396,139.67678660507792
288,162.9527761842754,163.10937147650088,376.1760711669922,334.76916790008545,357.70862579345703,286.68861865997314,158.9020530124604,139.72646382125785
289,174.69908309954,169.91524194805132,378.5539245605469,332.20218658447266,361.32694244384766,286.6030240058899,161.43847622976563,150.9387094543469
290,172.42299851217504,176.19596623735728,383.5952377319336,330.3517413139343,365.02349853515625,286.48807525634766,166.36197379900392,164.7469864900045
291,165.2659359073868,161.64135980992904,385.3014373779297,330.925669670105,366.59263610839844,286.81363105773926,171.2073294245808,172.9002683731743
292,166.04962455966273,171.8750064047106,385.97713470458984,330.64568996429443,369.6220016479492,286.0019516944885,172.34670526855948,173.1948349744704
293,167.6119904113095,165.09472381040413,389.7968292236328,331.00499868392944,373.86268615722656,284.92074251174927,169.10757242838133,169.0762602233451
294,155.85796845823486,153.77736765292406,391.79771423339844,333.50807905197144,377.76172637939453,283.7439179420471,165.05935647483648,165.37865290812817
295,168.89474185167225,170.60811685038144,393.7098693847656,333.7475252151489,378.3871841430664,285.0089120864868,162.82445783745862,163.10458521045248
296,166.18537862985636,174.54356354073565,398.07838439941406,336.1194133758545,381.1014175415039,284.32443380355835,162.54858549502373,162.44869109617227
297,163.58603234347302,156.83231358803667,401.6574478149414,338.5475420951843,383.65604400634766,284.3597745895386,164.1110116464734,165.11840184299209
298,154.67489802606104,143.76527200393153,405.0586700439453,340.3910779953003,386.1773681640625,283.210244178772,165.45915058887476,167.1483005943234
299,157.15436202325859,145.5502678926015,404.5511245727539,340.04610300064087,386.05987548828125,283.24352502822876,163.2990394069802,161.08462669318322
300,142.41846146604314,121.87132136763921,411.4337158203125,340.5959987640381,389.4640350341797,283.57210636138916,157.66101936090305,147.92993585358087
301,140.5395668594636,123.27170700418537,413.7101745605469,340.5567955970764,393.59752655029297,282.4767780303955,150.9977977706513,134.94744242780376
302,143.7928276416661,139.34686783838467,416.9641876220703,340.4408812522888,395.3371810913086,283.03946256637573,144.9147508790742,126.68543916021767
303,150.20648663039105,151.1319765020988,418.04473876953125,340.1797842979431,395.0727081298828,285.3729200363159,141.47274992939555,126.4378849005457
304,152.0952378604331,175.27932855456757,417.23960876464844,336.53290271759033,395.3893280029297,286.2157344818115,143.02551147289674,136.85853774714369
305,143.873765976537,169.72682092576326,420.87879180908203,336.48584604263306,399.5284652709961,291.69613122940063,147.9500857581881,154.653778803371
306,155.18700900639618,167.7752582902395,426.35658264160156,335.9380102157593,407.8395080566406,287.6057839393616,151.16977025918155,170.25752332765381
307,151.42447376146515,165.91561694885922,428.13175201416016,335.3367233276367,410.00587463378906,284.47736263275146,151.01215204410553,175.3180342726541
308,150.66174887977172,159.924358956213,428.74122619628906,333.88890981674194,412.81898498535156,278.5060143470764,150.5338723859512,170.52171320234055
309,128.35829263907647,154.66326292068462,434.4669723510742,333.8157391548157,417.18509674072266,280.64010858535767,150.19916100127392,163.1404542532388
310,150.76391898199847,126.75025993603789,434.5281219482422,333.90438079833984,416.4978790283203,279.8467755317688,146.63746314053276,156.6909294262166
311,144.74613376670902,26.661455854969336,435.8545684814453,333.98476123809814,415.4174041748047,286.1809301376343,141.34025247336785,143.1003425393478
312,146.71431733156896,167.79061242593667,443.1205368041992,333.28009128570557,423.72798919677734,283.2783508300781,140.6137951052288,114.51631634965744
313,139.08662710928556,178.46679271653898,442.5214385986328,332.49746561050415,425.11474609375,282.5234055519104,144.4724475637128,93.81977366389346
314,147.86702363125747,87.65364378821911,445.4662322998047,333.6516523361206,426.37298583984375,288.26337575912476,146.58411343710426,112.03544259627938
315,153.01065555306073,144.76967123305917,448.9600372314453,332.56743907928467,429.9321746826172,285.6675338745117,145.46883620198312,145.9003924258795
316,157.49969105436648,172.9810324956178,451.4997863769531,330.5320072174072,433.1041717529297,278.30761671066284,146.17949364874823,152.21806991745672
317,163.06990322484307,127.3439658562471,452.5522994995117,328.3980631828308,433.6492156982422,278.3741784095764,151.5774952601103,140.75308388059221
318,153.4672656465223,51.08747805144353,457.16724395751953,326.4361238479614,434.7702407836914,284.14157152175903,158.26137909557977,135.36946359949147
319,153.45533148026684,158.1278825566656,463.0955123901367,326.57349586486816,439.1964340209961,285.4908084869385,160.8247817499048,125.0281301783658
320,148.68051329994123,76.38242951379601,463.6964416503906,326.7947030067444,441.0519027709961,289.84731674194336,157.58784645473833,105.9504306034291
321,156.35460275387203,101.15123911391457,465.5366516113281,325.92530250549316,440.69435119628906,289.0000820159912,152.3062453306457,96.92825024461764
322,131.72346324756617,52.61320503738441,471.92569732666016,324.01129961013794,445.0675964355469,288.76112937927246,149.14198081265835,97.01679950646525
323,125.87012869704098,38.04534428986747,475.6002426147461,322.3378586769104,448.2661819458008,283.48241329193115,145.9824910265232,87.00190429249433
324,133.01500349322828,91.87337293555699,482.46124267578125,325.20074129104614,460.0194549560547,282.98412322998047,138.36110175830257,65.0695853571897
325,124.88078661909748,89.74166742302532,491.00738525390625,330.1054072380066,466.8274688720703,281.3679528236389,129.21420643595346,52.982767068381705
326,133.0734042939193,101.99981145437467,490.7665252685547,330.11175870895386,468.92921447753906,281.1005473136902,125.3858835388707,66.85420159387974
327,129.8762110167807,140.88896526324606,493.35182189941406,334.0528893470764,468.77063751220703,280.7254672050476,127.47714790257787,95.06799087161906
328,124.44496070989157,116.13527025686635,489.8308563232422,336.13653659820557,465.1332473754883,294.36426401138306,130.53276645966707,117.78375314967106
329,126.71982795197061,109.24530676212808,491.75418853759766,335.0773215293884,464.0757751464844,291.340126991272,130.42466604026117,127.3837332489222
330,127.64436655035963,93.13762902448138,493.55560302734375,334.4968914985657,464.50035095214844,291.59324169158936,127.49451874521712,123.0463269832914
331,130.8843616667426,96.39766128063118,498.08258056640625,334.29924488067627,470.2983856201172,291.0317373275757,125.56964178329154,108.85007057089318
332,135.8095250050105,86.293621418801,499.1865539550781,334.1571092605591,471.1574172973633,290.77892303466797,127.20728732555504,94.9638992915171
333,137.81476523232988,81.01373109246099,500.01590728759766,335.4248285293579,471.97059631347656,291.1344337463379,131.45988086603197,88.13545315110196
334,135.39513563551122,33.71525802956257,501.96216583251953,335.1659846305847,470.28430938720703,295.9481191635132,135.6931526404229,83.6205237417546
335,139.47499761522437,46.532800044119305,504.26658630371094,334.8410940170288,470.6348419189453,295.8510231971741,137.83773495353566,71.20084583574206
336,137.277196978412,63.28221035135213,507.5709533691406,334.55783128738403,471.8907165527344,296.928927898407,137.9486052244134,52.22263656968609
337,123.36356892013377,59.01511449760953,514.1988372802734,333.8373041152954,477.26844787597656,296.98291540145874,136.94748932418847,42.6513690180494
338,123.86136915964632,52.16697788600574,519.4268798828125,327.8743243217468,482.9192352294922,291.66654109954834,133.81724799209437,49.69004205155302
339,127.44977692464487,54.00928038758163,519.9409103393555,327.40856409072876,482.60581970214844,292.47787714004517,128.15712252364682,59.94559618354337
340,129.66301633589993,48.98368818053569,524.1982269287109,325.59691429138184,486.06517791748047,288.7135577201843,123.88858161479752,60.18371082169077
341,136.57451343406518,68.13339754161431,527.9519653320312,326.3146734237671,488.95118713378906,286.94141149520874,125.03919710917266,53.966195888565
342,139.6858578374583,79.84060515544257,527.0407867431641,327.5033211708069,488.3671188354492,290.6902813911438,130.64509964841258,53.3362232784149
343,132.81751729138293,62.56487829052202,531.2056350708008,327.7091646194458,490.892333984375,293.15722703933716,136.40886850342739,62.68427061489984
344,129.90736940225733,67.97504537333099,529.7591400146484,326.07675075531006,490.6671905517578,294.6062421798706,138.2887344384437,72.91997214902648
345,136.46687891024212,67.04411939547629,532.8672027587891,326.12314224243164,492.43526458740234,296.09853744506836,135.57446073558313,73.85064830412198
346,139.46809474668143,57.12537709877815,532.7926635742188,325.074098110199,494.4350051879883,294.60707902908325,132.47124580515805,67.54806806433128
347,137.08035382081695,19.904721464330283,537.3407745361328,324.9853491783142,497.2593688964844,294.60227251052856,133.47885150486678,59.93539029429837
348,145.55852979861768,30.088405107102886,537.5703811645508,323.08724641799927,497.60990142822266,293.94498109817505,137.70010281215855,48.974192451199926
349,148.06752094545035,59.4994638172468,545.911979675293,325.6821656227112,502.1693801879883,292.3282527923584,141.72528525974727,35.371566865529886
350,151.588656072494,9.71778788952693,541.446533203125,324.0472626686096,500.27183532714844,292.66651153564453,144.97658259147573,29.595692880539186
351,154.23180097977664,82.47429243875568,542.9611968994141,325.09413957595825,499.99412536621094,292.5723338127136,148.47214628595682,35.05216414041473
352,164.244169193924,123.49342236599385,541.901741027832,326.8689250946045,499.2002868652344,294.1727328300476,152.40885860530926,48.60075737762037
353,156.5951044019669,93.1045193748923,545.1729202270508,327.53692388534546,500.56385040283203,293.59723806381226,156.60456555043672,73.49831424275861
354,156.49353325790273,71.2669355695957,550.6724166870117,328.47387313842773,508.7261199951172,298.4384536743164,159.77472039725768,100.95148157966611
355,166.78684693841575,66.32253768712259,551.0091018676758,328.5242557525635,507.05650329589844,298.9923620223999,160.3263706303738,106.04271696787849
356,155.88429478671546,78.2338391781522,559.966926574707,328.5236120223999,513.3930587768555,298.9274311065674,159.6729117196042,85.27548677460523
357,154.97341818475363,72.64291938837677,559.5193481445312,327.0841670036316,514.1558837890625,298.3010172843933,159.66726628370594,64.9291735152758
358,153.93484993250303,91.68786914335817,562.3611450195312,325.8571743965149,516.6337966918945,295.8312392234802,158.76037897736492,64.47690305540533
359,150.07577075936393,101.80478015252673,564.1690063476562,325.03283500671387,518.7246704101562,294.01100635528564,155.73908867764447,78.45766164537406
360,147.534053768694,82.46922160302617,571.7348098754883,325.11441707611084,524.4572830200195,291.7942142486572,152.20612218041978,92.42869517445082
361,126.22530378660451,139.67354440443043,579.9222946166992,310.4851984977722,542.2430419921875,267.72711753845215,148.55114442583996,99.5567504728469
362,135.53541682486062,137.03344698613023,580.1038360595703,310.33737659454346,544.12353515625,268.0670714378357,142.55569000512037,106.10315379210068
363,131.89533048825646,141.817013946111,584.1887664794922,310.8460307121277,541.2358856201172,274.0339994430542,134.75368327929775,121.09503305084434
364,133.37587727398073,132.89510579132596,581.8029022216797,313.5376811027527,538.9271926879883,274.1753625869751,130.07124802849887,138.7461157278219
365,126.5996401948646,139.61956979596442,583.1192779541016,312.1241354942322,542.9476165771484,275.9230899810791,130.41416099738086,145.49858266373417
366,128.91217515706686,137.58338121334845,584.9269485473633,313.22354078292847,544.2050170898438,276.03501319885254,131.63598160605105,140.75160377884993
367,126.33110692284926,141.59231347766863,588.7930297851562,313.95421743392944,545.4362106323242,276.31381273269653,130.2610394344865,135.46757782877802
368,133.1490948908767,141.34522255811208,589.2052459716797,314.74109172821045,545.3870391845703,276.94589138031006,127.84791908694326,136.26843413348652
369,131.91405687126922,168.32382604525947,587.1041870117188,318.1646203994751,543.9324951171875,278.9231300354004,127.71514392802968,141.68229576464927
370,136.2160142538516,79.66266277841173,590.5219268798828,314.9387812614441,544.980354309082,278.9930820465088,130.4668739259984,146.02954678171056
371,137.2081560809119,125.63979325481759,601.9801712036133,314.40075159072876,550.3920364379883,279.3608021736145,133.96265699808654,139.35617425386442
372,140.37835929233273,158.82210624407125,607.8075408935547,312.3297429084778,551.6697311401367,278.0111360549927,136.49640632620162,122.49339516810497
373,141.85256510343615,163.18893840841443,611.9499969482422,311.8510437011719,553.8260650634766,277.5309991836548,138.28839738955884,118.44711168141433
374,137.09617500593512,176.24229992875678,621.254768371582,311.13120317459106,561.6973876953125,274.0374755859375,139.84717891094178,140.531875989652
375,138.10481966552294,171.05176594696127,617.2713088989258,310.91055393218994,561.2686920166016,274.8231267929077,140.41502680057977,169.41186958949635
376,147.1033524632525,24.968344438927456,618.0311965942383,309.7433853149414,560.3902053833008,275.2757978439331,139.75032928908203,174.9859763074442
377,143.30149191787976,91.39476382735968,622.8115844726562,308.6927103996277,562.4055862426758,274.7444200515747,140.03905695908657,140.92320914727105
378,143.6715337436702,85.27016328582744,622.1054077148438,307.5510764122009,562.1997833251953,272.6704502105713,142.56390634942363,86.00611601549073
379,147.10725307267276,8.011204928509892,619.5249176025391,307.9235816001892,561.8954467773438,272.7788758277893,145.09380614804522,52.730201169283774
380,145.22155449633883,84.67380647705548,614.580078125,302.8467607498169,561.3507843017578,267.08428859710693,145.79488727976778,50.69330811464481
381,113.9429380712995,121.34788135349025,612.2072601318359,300.2672052383423,561.0347747802734,266.1695909500122,144.1191637847902,59.07358541345513
382,130.22510678304988,152.94052622293674,614.12353515625,301.2622404098511,563.1754684448242,267.92858362197876,137.77862209937842,77.63927273024002
383,121.1970614088216,142.27059273336744,610.9819793701172,302.3636841773987,562.6700973510742,270.3456401824951,127.69076131993349,113.41684410041074
384,134.49882502850411,171.89870110717806,612.6078033447266,302.9834032058716,564.2740631103516,270.60875415802,121.35750841542333,148.9930516197014
385,136.9851566551149,155.8314180238605,616.2055206298828,303.2519245147705,567.3038482666016,271.79495573043823,123.80391682117703,165.01321546253624
386,143.4944968589508,130.50169565767078,616.988410949707,305.2873134613037,567.2097778320312,276.10867738723755,131.93245549002876,162.91870320895646
387,148.0482369347891,80.69079062238201,617.226676940918,306.50156021118164,566.996955871582,276.17785692214966,139.9510773680993,149.3013436683643
388,132.42420618097356,121.48493121629595,619.7983551025391,306.31359100341797,568.910026550293,276.12876176834106,144.3557750791357,125.85616532812753
389,141.0685133787578,137.10206839051742,619.1188812255859,299.7328448295593,570.2651977539062,267.3350214958191,143.85228180541804,104.85271087668673
390,129.9586619350113,151.01827518349197,621.7414474487305,298.2077407836914,576.410026550293,261.7253637313843,139.56141901370182,106.442554278587
391,144.19100628074176,145.4175836792101,624.6405029296875,287.7367615699768,584.7198486328125,246.672785282135,135.42084419459522,130.0731210718365
392,142.02973470207868,155.0858895780384,625.91796875,287.2348666191101,588.9426803588867,244.20884370803833,135.20455212545122,152.449348430737
393,149.72530232183382,161.61762070514752,628.2467651367188,290.5108308792114,587.3489379882812,249.25111770629883,139.34845413091412,158.66535691127444
394,152.55519752378703,147.1204997847327,626.8303680419922,291.47271394729614,584.360466003418,252.34166622161865,145.2053967208253,155.42904736466605
395,145.47758789046244,143.90913541358333,628.3931732177734,287.5246524810791,588.067512512207,249.29577112197876,149.66228267913132,152.56240977070357
396,139.60797435397927,145.44660272179786,632.8730010986328,285.27541637420654,593.1110382080078,242.62503147125244,150.46089286393322,150.0713928062628
397,151.26063381316496,152.34123984782192,632.091178894043,302.8016996383667,587.9492950439453,268.5937714576721,147.35673393514915,146.6070959229704
398,151.44392876109055,144.8198045822872,629.942512512207,300.9565329551697,581.2174224853516,268.9403986930847,144.37600627108094,145.2556730249763
399,145.9506516217012,172.43069855204448,634.3828582763672,299.89465713500977,585.0240325927734,266.15103006362915,145.77896422497508,148.13430274663324
400,145.45012116799813,159.66396264213088,633.1661987304688,299.8378372192383,584.4013595581055,264.9368691444397,149.21411244336622,154.55094542110615
401,146.5400242230778,170.3112122611303,633.4847259521484,297.56115674972534,586.4380645751953,264.18851137161255,149.49484905114642,162.22343136402492
402,144.7177293379134,166.6875559950037,631.7405319213867,297.45296716690063,584.4523239135742,265.29330253601074,146.68791304908373,167.46868693729738
403,124.99018799412006,178.45681760069664,631.4080810546875,296.8152451515198,584.4520950317383,263.5224652290344,143.58393985535298,169.19558671945174
404,151.82041805781242,167.02669768081262,632.0915985107422,295.63588857650757,585.6118011474609,263.33258628845215,140.2572202157323,170.2247827255412
405,152.73288689931883,166.41342106157708,632.0523071289062,295.53046703338623,584.0100860595703,260.7275176048279,138.48407765871053,171.53444679847485
406,152.14281026243555,153.5625756142799,632.1670532226562,289.7385907173157,588.4636688232422,247.76463747024536,142.75769285743053,170.13297242090547
407,162.1478019727512,150.1364796154433,632.4076080322266,291.1427593231201,588.1889724731445,249.65102434158325,151.48304154794704,163.9752673013444
408,157.56434342434784,152.86824119974372,635.0868606567383,292.70721673965454,591.4536285400391,251.19059085845947,158.08307784528003,155.5709376652939
409,153.19104866970812,154.57316023360266,631.8621826171875,288.3242082595825,591.0024261474609,251.5387201309204,159.81713650023562,150.0973596134387
410,160.53736823213816,166.61053843477367,632.4068450927734,294.1584849357605,590.4488372802734,251.92699670791626,158.23366892392255,150.8535289378698
411,148.02289267621427,155.23504009732233,631.4437103271484,290.0409936904907,592.0486450195312,242.03022480010986,155.93457708285584,156.35601430363124
412,151.08261777914512,111.30990778767766,625.9690093994141,289.4460153579712,591.7217254638672,243.70315074920654,154.16674891658386,159.04211672190135
413,144.39287220713015,152.85799940323068,620.7433319091797,288.6888813972473,578.5787200927734,245.3267240524292,151.93184591502654,150.598055608507
414,147.40622727641932,179.90366689921234,622.5938034057617,288.7240505218506,580.095100402832,245.9975552558899,148.7731435872619,138.3156476057058
415,146.5400305079894,171.75877761200715,622.9706954956055,284.429726600647,581.4801788330078,240.60296773910522,146.20726006822244,142.33446319568378
416,139.8351993301576,162.5456028352358,630.2606964111328,283.8828992843628,590.971794128418,238.89761924743652,145.25784154029554,163.51383717939615
417,142.45443488576916,147.8484421565645,627.7194213867188,284.18631076812744,590.572624206543,240.42006254196167,144.63079146185197,177.6531198131988
418,137.23545708381823,150.71420057843588,628.0976104736328,284.6154856681824,590.6362152099609,239.31342601776123,142.76229391930508,169.97604367044522
419,133.09202498521017,159.35827161496076,626.252326965332,281.7190217971802,594.7374725341797,237.13223218917847,139.9081012218951,152.83805556398204
420,138.1923559029568,113.83507311233645,619.6162033081055,282.1502995491028,576.914176940918,237.3043441772461,137.04299839198436,143.72307942837088
421,134.74375157011153,85.68530772331212,620.6724166870117,281.50442361831665,576.8684768676758,236.48539066314697,135.2017411845532,138.89112091474942
422,133.14299880795446,82.77707888720018,623.0161666870117,281.3166904449463,583.919792175293,232.13386058807373,134.9380066320405,122.05046478658979
423,130.29042045149095,86.24997833145412,623.6704635620117,280.8811640739441,593.9754486083984,233.35862159729004,134.90864838928587,94.68853854103587
424,132.82458764407136,14.145564398756878,614.0996551513672,286.2984323501587,576.162109375,245.0766134262085,133.54908320435214,73.24168422472623
425,139.40430404018173,154.14255769174085,616.1841583251953,285.8252477645874,578.648796081543,244.893000125885,132.03550806128774,64.34648703893612
426,139.46971251137893,160.92714451640737,614.2158126831055,281.04256868362427,576.6897583007812,244.36567783355713,133.1100598282253,74.24241049078083
427,145.69488457417123,164.6617418748033,609.2241668701172,281.2284564971924,570.5269622802734,243.67894649505615,137.21268718673002,112.23019686980098
428,155.252773024593,160.41820689815503,605.4167556762695,284.32733058929443,566.103401184082,251.2501358985901,142.42263568766262,159.35377184564092
429,157.2524551726967,92.11795787413024,605.93017578125,290.47274351119995,567.7622604370117,256.4249539375305,147.88219210236912,177.31080404794187
430,151.38646016997095,173.90003515384186,607.5659942626953,282.99596786499023,569.5318603515625,237.81930685043335,153.26026550996292,156.86229749948504
431,148.2950259710469,141.0250423645557,602.9439544677734,279.3779253959656,569.2079925537109,239.07310009002686,155.97501539540082,130.12409861111155
432,143.040206575378,142.32128017424975,609.8630523681641,277.09298372268677,580.1123809814453,229.6672797203064,153.63913524425325,128.84627151876091
433,141.0254896159719,174.47380867201923,612.385368347168,277.8232955932617,579.4362640380859,232.64440298080444,147.84738283714512,146.3597747398806
434,142.90863586620208,176.16831546714155,614.6439743041992,278.3882975578308,579.3680572509766,233.35450172424316,142.6342880541434,160.77362249348764
435,141.58552666442657,176.28343535374674,615.2731323242188,278.4161925315857,583.4415435791016,233.80884647369385,140.5899453419544,168.727483605452
436,143.06489206537526,167.74585355621082,614.9943161010742,277.7665400505066,581.4400482177734,229.58569765090942,141.27672926212207,174.53360222806134
437,142.0001731808714,155.30332452070235,614.8850250244141,277.9001569747925,582.169303894043,230.86528301239014,142.53939171254106,175.4469011229175
438,139.7531255072296,138.95257840212142,612.0842361450195,276.8064594268799,578.8486480712891,231.2039279937744,142.7950758172164,167.86605138340778
439,139.88145750232044,173.42842606300854,612.2775268554688,275.1700973510742,584.1604614257812,229.72630977630615,141.82720792522446,155.63336716854272
440,140.34941245372124,177.22674110394766,610.6966018676758,275.3966689109802,583.441162109375,231.04589223861694,140.39454525685815,150.52776597295332
441,134.9551922198601,159.77725670239587,612.3790740966797,277.66491651535034,585.8977508544922,230.65085649490356,139.34436441209039,159.3448572223813
442,136.35824891899497,155.29506182803385,609.1915130615234,277.5722622871399,585.6462860107422,227.3991823196411,138.42297114440464,170.9697840153754
443,133.96353419292515,150.9086457843513,608.5916900634766,282.2994303703308,586.7543792724609,227.9824662208557,136.91927596137475,169.89905467018832
444,138.70806499309106,46.72721186019191,603.8999176025391,281.9709777832031,585.2256011962891,224.5598816871643,135.40471705790497,152.92376676127978
445,145.50554066097288,82.74525576338344,600.0083160400391,288.07997703552246,577.320671081543,225.9774613380432,135.6475234153371,121.62509402823213
446,142.7635704132952,43.6018750001276,595.5601119995117,284.61859703063965,571.5185546875,232.45205640792847,138.70443873011197,82.88698019181547
447,144.4987560785066,54.44661265013668,596.9697952270508,281.4123272895813,571.3144683837891,230.87515354156494,142.94104554288825,54.46564196491593
448,153.6714867245182,156.0239623557307,597.0242309570312,271.8175721168518,571.7203521728516,225.30339002609253,145.73764773680386,51.04254288342341
449,159.39520144969404,122.89373512756312,593.02734375,268.5890507698059,560.4523468017578,223.21300506591797,147.86167374657214,76.35644435627961
450,159.84402727960864,167.8543651745641,593.5172653198242,263.9307188987732,564.8889923095703,218.2918381690979,152.1498515457185,118.96592167580833
451,155.2801810504906,170.4932186181867,592.3638153076172,262.7250123023987,565.4007720947266,218.87851238250732,157.7033888084029,153.9813328572933
452,157.5065895460809,163.08270602664885,590.786018371582,262.31903314590454,561.6681671142578,216.40437841415405,160.30726312013368,168.3919613860547
453,155.4324306714089,172.3592989772895,591.5494918823242,261.47636890411377,562.4213790893555,216.46684169769287,158.67973157205756,169.49716243478392
454,150.54061262481528,34.68521452134691,591.2294387817383,261.22748136520386,563.956298828125,216.41560077667236,155.70004724295646,161.50587507547505
455,146.79669321964113,93.75588734307331,596.8123245239258,260.6949234008789,571.9641876220703,212.51249313354492,153.32136314080918,134.51580557821117
456,149.33561387007342,124.43580367036051,598.2121658325195,258.8460445404053,571.7949295043945,205.48180103302002,150.88203113486517,93.94842661783075
457,155.34360646741638,136.494291183326,598.0900955200195,255.97185373306274,574.5895385742188,207.50386476516724,148.79481322530287,76.64799513308236
458,157.27519150134725,179.59473262520393,598.6154937744141,255.85814952850342,574.0755462646484,205.13309240341187,149.46991447111304,103.43567116359054
459,154.64343198094156,175.70939972596406,598.5045623779297,258.19289445877075,571.3533401489258,206.08774423599243,153.25842537506298,149.2409661377933
460,155.73101708229228,102.11997049710502,596.9172286987305,262.375123500824,565.941047668457,207.54980564117432,156.79243840939077,176.48202871719084
461,153.0958809879896,95.3239276190024,595.5678176879883,265.98700761795044,565.1584625244141,208.4647822380066,157.15057050968736,165.53317957504532
462,149.26062938926626,172.81775203910155,599.1058349609375,266.90863609313965,572.1854400634766,210.38914918899536,154.93325621398452,129.06679542387144
463,147.1236036350792,158.43060311302986,606.6310501098633,268.23381900787354,582.3673629760742,210.7504963874817,152.01642098439638,109.5651203661
464,144.03402863062956,145.91236596297284,610.9028244018555,266.1446142196655,589.238395690918,209.27738428115845,149.1474796097247,129.98983486983903
465,147.53544687666172,151.9110287506069,612.3912811279297,266.1013126373291,588.3098602294922,213.17991256713867,146.6239901967297,160.94156242058662
466,149.68667515552784,146.52853148374734,623.8474273681641,266.61324977874756,600.5524826049805,207.35496997833252,145.4474023430285,167.0935367159025
467,151.6492995391898,149.03873260538163,617.938117980957,263.8921809196472,593.8712310791016,207.9390048980713,146.60255281580226,152.9647988332457
468,146.21779348407478,148.46393650455028,616.1998748779297,263.7548518180847,591.3577270507812,208.00170421600342,149.15392405025472,142.24169406603608
469,145.8539582443351,153.87767205689656,615.1979827880859,262.1702241897583,590.7437133789062,207.6258945465088,150.30841911264662,143.77721398510386
470,140.8996229191189,163.53149938785114,617.0560455322266,261.57031059265137,592.5365447998047,207.8994584083557,148.37215799572647,151.01814706779643
471,137.24645776974646,164.3610729545073,616.3557052612305,257.2144675254822,592.264289855957,204.05357837677002,144.38841527182086,157.464228829533
472,128.39538566125145,152.92568688814532,617.5059127807617,264.66463565826416,591.3176727294922,213.3809494972229,139.9248766981157,161.48754620761596
473,133.1517395588151,161.93567948301296,611.8123245239258,259.97795820236206,586.8112945556641,218.8309621810913,135.36552613715756,162.0992627318035
474,129.880878563759,174.4983941828036,611.9518280029297,260.8732581138611,585.7347869873047,217.06799983978271,131.51392877399186,160.47353993043936
475,126.47011329809679,143.20797502855746,612.5728225708008,259.9823999404907,584.9076461791992,211.03699922561646,129.6481100897491,160.63630152628662
476,126.18980824250522,140.95274252900478,613.1542205810547,266.5108108520508,585.190544128418,222.0846962928772,129.0205823276548,160.5815708023506
477,134.51549155112605,166.97602423891772,606.695442199707,264.7940468788147,579.0952301025391,224.457528591156,128.22664640460613,154.91965714075297
478,133.60629011919008,151.5075959530665,607.7568817138672,264.51595544815063,580.1115798950195,217.0900583267212,128.45032505469914,148.86029231967643
479,165.08349001372565,153.32375279739048,609.9384689331055,262.6086473464966,583.4159469604492,208.4040355682373,132.5194653150891,150.55433699358014
480,166.7482676981518,150.6711968259561,610.378532409668,253.5714054107666,587.1360397338867,201.24200105667114,142.65060058052896,155.60219627432946
481,161.67562128626426,151.91349926315183,610.406379699707,259.98769998550415,586.9780349731445,203.4883189201355,156.9620783817496,155.86302942739832
482,163.1715650691309,157.53908801820916,610.1963043212891,251.67192935943604,588.5557174682617,198.60693454742432,167.4152947633821,152.49654892556873
483,162.29524193048616,156.55673451060053,607.7134323120117,251.86217308044434,580.8990478515625,200.70030212402344,168.18399025443912,151.4974096120835
484,158.26145623571583,158.19386027075092,605.8750152587891,250.44403553009033,583.6928558349609,200.19632577896118,163.18571743196208,154.47420671135038
485,164.10420636206547,159.95651939088876,606.2853240966797,251.11212015151978,585.0990676879883,198.65997791290283,159.55046220050116,158.0775964930107
486,169.90649148151817,168.01516367079734,606.5592575073242,251.08529806137085,589.4199752807617,198.13739776611328,160.06958995837354,160.0309277881596
487,167.23834450336815,166.4162483803223,607.7705001831055,252.33057260513306,591.0588455200195,198.72684001922607,163.8087269190072,161.8613168880218
488,172.86872301836118,169.96017284002298,612.1684646606445,252.69359350204468,594.5905685424805,197.83920049667358,168.15418855975247,165.0574555170944
489,163.6437105709405,176.38110367853685,612.6176834106445,253.38144063949585,595.457649230957,196.9168210029602,170.4415131745845,168.6570592002002
490,176.73265989014064,73.51448957108163,610.3285598754883,253.50151777267456,595.1665115356445,196.99018478393555,170.1806253258457,167.04710279033247
491,178.7022909397052,165.35812898093968,610.0489044189453,250.80179929733276,594.3423461914062,196.49601459503174,169.97954274790126,151.36057497056427
492,174.42257102996183,177.72301205252072,610.599479675293,251.20398044586182,593.8753509521484,203.7361764907837,172.65597177946634,131.04816910778095
493,177.15587571385993,175.3228295172547,612.4929046630859,258.61050367355347,593.8263702392578,210.76311349868774,176.65891865754227,134.4199456498335
494,176.75204048722588,144.9932884231802,612.645263671875,262.9714322090149,588.545036315918,209.99999284744263,178.21185905912154,161.96937227341462
495,172.1727096851627,176.03192583324937,615.8355712890625,262.58530139923096,588.8375091552734,209.38576698303223,176.969153105297,179.69077336009815
496,172.46026106476518,153.72742596347933,616.8697357177734,261.76883697509766,588.9937210083008,208.990581035614,174.9490919269454,172.44151051644064
497,169.08371553434932,100.11617220545183,620.6865692138672,257.05716133117676,593.6914825439453,202.01853275299072,173.0458027362012,155.9114389858866
498,160.84044364416297,157.86909286817746,626.7287445068359,244.94031429290771,598.2428741455078,191.05597972869873,170.85219374217456,141.15762185975896
499,163.5294472447281,164.6713701884035,633.5634231567383,244.96533393859863,607.3604583740234,190.90144157409668,167.58499617210018,132.38450674089938
500,164.26044330488077,165.27747506568411,633.3054351806641,240.98618030548096,608.6868286132812,188.39801788330078,163.84986364835257,139.16309810412977
501,160.777953987484,160.8843890881132,636.1487579345703,241.49848222732544,610.9657669067383,189.64290618896484,161.83914577173704,158.30617558053493
502,160.13918557833404,160.48787288480676,634.6154022216797,237.24052906036377,610.3385543823242,186.91497087478638,161.9183231156327,170.80046276604313
503,163.43258353158072,161.61220155967732,632.8328704833984,236.70696258544922,610.1121139526367,187.40742444992065,162.08609442410835,168.23826448047436
504,159.66803993601937,164.79406462666535,631.9059371948242,237.5021195411682,608.2371139526367,187.81718015670776,161.55357806576168,160.48790242700463
505,164.17375122107615,161.78416860732864,628.867073059082,238.28489542007446,600.1508712768555,188.11209440231323,161.24572769044693,158.36284874756984
506,177.5402001937036,176.85390505351356,620.3942108154297,251.42241954803467,589.3144607543945,202.118182182312,162.38925485574575,162.34807200688743
507,172.5142514814941,60.78656205999263,621.6049957275391,251.23035192489624,591.9144439697266,203.85987997055054,166.35836889018577,162.7764668739629
508,172.3417770351801,152.09663364306888,619.5591354370117,262.0318865776062,584.299430847168,218.44953060150146,172.10037584857514,146.67268881893736
509,170.1898183337653,39.99681146406948,620.2170944213867,253.82851123809814,587.3185348510742,212.38539934158325,175.27378590647146,116.59796187993962
510,174.7286815623357,70.6482444421994,623.3791351318359,250.97777366638184,588.0562591552734,208.22853326797485,173.9902763217152,89.12110972141627
511,156.3569842544433,22.34878445259493,628.2307052612305,248.55191946029663,588.8494110107422,199.41196203231812,170.88017783660302,68.86408122890347
512,150.54984168746702,124.81488775993054,628.0823516845703,241.44711256027222,589.0552520751953,195.70581436157227,166.89315231338918,54.40212728858308
513,141.3884024202229,136.76544750169109,631.973876953125,242.30005502700806,591.8471527099609,195.54052591323853,159.66149955776189,59.39149865867816
514,140.18323643795785,156.88163410705312,633.6153411865234,234.83699083328247,596.2396240234375,188.82888793945312,149.5891865653125,94.48555236700068
515,142.19960583474224,169.88691092461565,636.9296264648438,236.33078813552856,601.402702331543,189.73661184310913,141.36529513594277,141.04505191781683
516,143.8414673336812,138.98402168179098,635.4184722900391,232.3811173439026,602.7766036987305,186.7790150642395,138.71919900524628,168.5489314671562
517,155.73269261688063,157.52209006912028,635.7282638549805,242.52602577209473,603.3842086791992,187.80653715133667,141.39171358657825,167.70596681124144
518,144.1189222036068,172.0873467408138,637.9897308349609,257.02892303466797,603.079948425293,202.81197309494019,146.53540209388436,154.64874317692747
519,145.6371774031273,175.07434826725034,639.1184234619141,250.94625234603882,605.8014678955078,192.4139928817749,150.1354586514845,151.51401158809077
520,146.5823770199419,156.97086576634905,638.3830642700195,239.6316432952881,606.5689086914062,189.61290836334229,149.39445280703947,162.7575036888524
521,128.86299244194274,157.69262835504998,639.7704315185547,239.72824573516846,608.0659866333008,187.91592836380005,145.3910519854521,172.3954415606692
522,126.96106784175177,149.13143018496498,639.7733306884766,234.6388292312622,608.5881805419922,184.5970058441162,139.88239794697338,168.01939243565133
523,131.22342754640977,140.92551371140092,639.6696853637695,234.7575330734253,609.4296264648438,182.6744842529297,133.19102635330609,155.18178723300184
524,141.70093056042452,149.85366984750362,641.7701721191406,234.5938539505005,611.242790222168,180.42996883392334,128.4875477446416,145.32437207122138
525,148.66969571792353,162.08740477054715,641.3276672363281,232.36504554748535,610.5953979492188,180.5884337425232,130.7616744177527,143.63289716932513
526,147.38364573992533,177.21721708357057,642.6969909667969,233.26970100402832,612.2818756103516,179.71009612083435,139.55472982151335,150.3514084856081
527,164.37953003557303,168.59059991862253,642.2747039794922,233.63656282424927,612.4713134765625,180.04400968551636,148.87838548199693,162.45998421026414
528,147.9044860488298,170.16572672717723,645.2149963378906,233.13597679138184,613.0507278442383,180.15355110168457,154.57491564750754,172.73963998329583
529,155.7576578380395,175.9605625242849,644.6190643310547,236.4885663986206,612.739372253418,183.40020418167114,156.3593438133862,175.36535627280162
530,150.4296049205708,164.55405003125347,648.0977630615234,236.2191653251648,617.0702362060547,191.46828889846802,155.03711497465437,172.524595310912
531,145.93139452084588,156.27161129428006,647.1839141845703,240.79065799713135,616.6870880126953,195.38721084594727,152.26394579245414,169.0306364323297
532,147.3440412379012,161.39729434589233,648.1755065917969,239.21534299850464,615.8090209960938,195.02609968185425,149.58285730712873,165.06026037211637
533,137.7300548983831,174.5954004810961,648.8329315185547,240.2910590171814,615.693473815918,193.11046600341797,147.0075761718258,161.13235257322506
534,133.25264365239198,166.29936165442206,655.9000396728516,240.09070873260498,619.498176574707,189.83031749725342,143.65829273753033,161.63818184202688
535,130.58582529253664,150.25459907379147,656.1475372314453,238.2268524169922,619.5876312255859,189.0080165863037,138.7918101520469,166.04949191610262
536,135.731221177892,169.5467625881814,654.547119140625,232.43888139724731,619.6135711669922,188.18867683410645,133.6392737883919,166.8459637919802
537,145.50668428361087,167.17316303066966,661.0182189941406,232.37435817718506,623.0038452148438,185.5313801765442,131.7709552003034,162.74868408859373
538,128.20570931959224,172.01525369288368,658.6087036132812,228.7720227241516,625.1784515380859,180.47507286071777,134.7734446212878,161.59253366242743
539,128.2363264146932,178.34683815935887,658.6392974853516,229.60346460342407,625.6875610351562,180.5066156387329,137.94186967872392,166.8681003092534
540,110.28329978354417,169.23832704837625,661.6423797607422,238.91673803329468,627.3151779174805,185.66896677017212,134.5871315628488,173.57302468717126
541,125.78562414137129,179.40508241576455,661.2098693847656,243.73098134994507,626.6347503662109,187.03243017196655,125.03083424627752,176.47956711481172
542,121.69133097996409,177.57705202133147,664.0065002441406,235.01107692718506,632.0629119873047,178.3455491065979,117.20621202879636,175.86085580572697
543,148.06946233286598,173.95365156778865,664.4620513916016,240.79593658447266,630.4327392578125,186.83336734771729,118.33137428843715,175.39642444204907
544,145.63277313674877,167.3705396100741,668.2081604003906,226.41663551330566,635.8201217651367,175.66480994224548,128.5967677835461,175.76025793037363
545,164.2059161404478,160.61203431301757,667.8500366210938,228.68941068649292,636.1930084228516,174.75242972373962,142.46167909697172,173.73882160975248
546,179.38304412919547,137.55553024421042,667.66845703125,230.66997528076172,635.5806350708008,176.26563549041748,154.97738746314596,166.9106273070714
547,171.85417179576424,104.27219228216771,668.6003875732422,232.8640651702881,636.1913299560547,176.6236674785614,165.62251607851775,153.8943083680686
548,165.2313070916799,130.16411311193508,669.2794036865234,238.77352952957153,635.8713531494141,184.2475461959839,173.53905233846848,134.97127258585417
549,150.52884655976467,144.9478398309403,669.4126129150391,239.26915884017944,636.5885162353516,183.99949550628662,174.03073557498814,119.43557098411932
550,163.87321233409122,127.99441794617292,670.0943756103516,239.98981475830078,637.6443481445312,186.72914743423462,165.93499118898393,119.90620803136964
551,159.2001513670022,138.52154019153608,671.4846801757812,239.53330278396606,639.307975769043,186.75957441329956,156.9692804536963,132.51098075843046
552,154.10047530601318,135.2897561047796,672.9759979248047,239.07893657684326,643.514404296875,183.84379863739014,154.8869285064088,140.81438399241662
553,157.20270508547605,135.40112296927703,673.6586761474609,237.2709560394287,645.8291625976562,180.84148406982422,157.55088252800493,139.16637101329556
554,154.523063043849,149.89127747278678,675.7875061035156,237.92762517929077,648.4370422363281,180.4759955406189,158.4350719315847,135.4840081182173
555,140.4848182197475,174.49940709185316,680.1059722900391,235.98978281021118,650.5126953125,174.5950484275818,155.75070798815574,138.62747100602306
556,130.83715442391193,166.49138175949926,679.3844604492188,237.5551199913025,651.9985961914062,175.84511876106262,150.12575527071698,151.17114692810355
557,132.70613942844713,163.02613532508414,686.1862945556641,231.82562112808228,655.413818359375,171.36879086494446,141.64405441785453,166.15046789452765
558,140.71069744179107,133.8543110718573,683.7544250488281,232.56694078445435,655.3591156005859,173.00164461135864,133.60243988234055,171.0388859047469
559,156.14782224574046,138.10146788802066,691.0178375244141,229.2665147781372,661.1083221435547,167.85133123397827,132.41519192741657,160.32107849625984
560,151.66093286598684,130.30306246978196,690.6993865966797,231.8320369720459,662.4351501464844,168.92357110977173,140.37829332596414,142.22920496464926
561,164.93164571207237,170.73098757561638,692.32421875,231.92492723464966,665.0132751464844,169.99101519584656,151.87529245891,131.82952675798734
562,175.42484328080113,171.0501277235831,697.6954650878906,231.779465675354,667.3716735839844,169.42564845085144,160.43440855938064,138.69366172845284
563,176.31706785992336,179.00953470899944,697.9935455322266,235.7000184059143,666.0807800292969,179.56254243850708,166.3901273007439,158.62598439883888
564,176.60604462338722,174.93006106065766,699.0684509277344,235.6912636756897,667.7332305908203,178.65095615386963,172.46470790573954,176.74461527989004
565,177.3481488861239,168.38731538121996,701.3859558105469,235.62206268310547,671.2590026855469,175.5804705619812,177.2943055136977,182.0311302998826
566,179.84310878282747,178.9383135219169,703.9323425292969,231.38524532318115,673.8742828369141,171.14835619926453,178.76142191179798,176.90994830517045
567,177.26948582021674,168.35130589752916,706.4133453369141,239.12155151367188,675.6096649169922,174.7335684299469,178.202949900333,171.2742419086441
568,172.09771368342507,165.2110291780713,708.7940979003906,238.85066986083984,682.2776794433594,174.44125056266785,177.5964647976412,170.18972704289035
569,164.27330371846546,169.60567323394798,707.7866363525391,230.57609796524048,683.4901428222656,167.83519506454468,176.0764189586193,170.40069856090105
570,177.37986706814357,177.18590400231358,709.6701812744141,231.1160159111023,685.1268005371094,164.08694744110107,172.49757293497495,169.24095569932706
571,172.64344634510954,177.57442001533906,712.0741271972656,222.92768239974976,687.8112030029297,159.4052267074585,169.5892805524822,169.74261714091057
572,172.5590372774582,173.67192121850502,713.7396240234375,224.48647499084473,688.5232543945312,161.91174030303955,170.56677139755374,173.6766042593273
573,164.03276113196472,176.08968749181386,716.9454193115234,223.35996866226196,691.9858551025391,160.7048535346985,173.04181177783374,177.3052355099849
574,177.545736892142,171.7890702670628,716.3013458251953,227.07489252090454,692.0793151855469,161.80970907211304,172.6345361720591,177.1796499768945
575,176.79864972847113,177.33204219715648,722.7403259277344,223.47530364990234,697.9239654541016,161.41283869743347,170.76284846591534,174.74113864700746
576,178.9209629243481,166.80992836534747,720.2041625976562,223.1801962852478,696.8947601318359,162.28350520133972,172.14249072711442,173.07314700117158
577,174.8133281849141,171.86673147145348,723.1409454345703,223.20343494415283,701.2638092041016,159.38194513320923,176.4612805583778,172.43001241386173
578,170.0391389530196,177.86552070750318,726.0268402099609,220.00855922698975,705.4331970214844,157.1764075756073,178.666884012693,171.73281941429892
579,171.84824638101546,174.80596430439186,730.8567047119141,224.19690370559692,708.3635711669922,159.35076713562012,176.1708619986365,172.07981931295438
580,167.52720289669406,176.09899716383072,734.0708160400391,218.38899850845337,711.6531372070312,159.71550464630127,171.6012716045912,174.37691455168826
581,170.42570146045477,176.79868780940575,736.2980651855469,220.66424131393433,712.0062255859375,162.95544147491455,168.75207764253642,176.60123260085615
582,173.4120097976149,176.07054441131618,736.0047912597656,220.56727409362793,713.1476593017578,163.0350923538208,168.69473781504124,177.0304764985748
583,158.08645178264678,176.29663524372523,741.5994262695312,220.92930793762207,716.3048553466797,163.1024158000946,169.75949158714897,176.43169726236565
584,174.69947083518292,179.4236934973699,740.4554748535156,219.06051635742188,716.3593292236328,163.67833971977234,169.34007996214257,176.18355003566768
585,179.80110400865695,172.90324403668606,745.9671020507812,224.9588441848755,720.5463409423828,164.7512662410736,168.10458007920784,176.64708842676058
586,175.91796467681738,170.05225026834938,749.1654968261719,226.14176273345947,723.271484375,164.61472034454346,170.3162028548552,176.59048368643522
587,165.3917164231289,177.27515934699755,749.9578094482422,219.9586272239685,726.0261535644531,161.99876189231873,175.3709506280468,174.7797080089507
588,175.62407007242987,177.56784520098554,751.6474914550781,226.1909008026123,725.0407409667969,163.76911640167236,176.76175563193704,172.98749677367232
589,176.2076256185146,168.42191207309492,753.0571746826172,225.9671187400818,729.8812866210938,164.83474731445312,173.35943181100842,173.60510926834053
590,175.09316726861638,167.60694146755768,758.2624816894531,222.67776489257812,734.3358612060547,161.9233274459839,171.3840170548089,174.5304398228073
591,173.89042804646218,175.6706861774098,760.9592437744141,222.89800643920898,736.3814544677734,162.0191466808319,173.57006897210394,172.6198319650855
592,163.83309767669994,163.8926149694725,764.6016693115234,222.89714813232422,738.492431640625,162.12560892105103,175.54088927114412,169.69870124700566
593,158.5616504664157,148.95939869839322,767.1058654785156,222.3263955116272,743.51318359375,158.82454991340637,172.70120818114725,167.64934213649684
594,172.43377362852038,166.45285203061528,772.4076843261719,220.9647560119629,746.376953125,158.1457257270813,166.17597291307175,163.86095448642797
595,169.21910964229752,166.9297152366493,771.7125701904297,225.11046409606934,748.0624389648438,158.21743726730347,162.3294045224509,159.1045277260024
596,177.4440780797311,164.29515626688706,775.7634735107422,225.00969886779785,751.4373779296875,157.16434836387634,165.39057736736171,159.1985019496895
597,171.10508808781645,173.45692690726133,775.7684326171875,228.15861225128174,752.8369140625,160.8961057662964,171.97186470538483,164.50905812183208
598,175.37982040705316,173.89399143460037,777.0055389404297,227.6994824409485,756.2446594238281,159.1116213798523,175.89542731878342,169.7386220202583
599,176.7917558109239,179.24461158019113,778.9284515380859,227.28041410446167,760.6358337402344,157.85791397094727,175.6373306889403,172.80068953736853
600,172.9883050490768,177.0881433032304,782.7394866943359,227.02927350997925,763.587646484375,156.17602944374084,174.36025619091643,175.20990166047628
601,170.86700714047433,179.80680247401017,784.6961975097656,223.3653974533081,765.4576110839844,154.8723578453064,174.14382328011328,177.53589127717885
602,168.1177431904988,174.6136558476969,786.7103576660156,223.74112129211426,767.9756927490234,152.4625539779663,173.5534434326796,178.79796326446146
603,163.47707260273035,157.58919249558878,790.5120849609375,223.9876914024353,772.3971557617188,152.48376488685608,171.04908383127358,177.3978702191718
604,171.5850554353278,161.76870238961433,791.0785675048828,226.81456804275513,772.6587677001953,152.81631588935852,167.66294563767974,171.77416554815883
605,171.43779923817442,173.30361893872853,794.1265106201172,228.69228601455688,774.1826629638672,155.52592635154724,166.21201204765512,164.20522651135497
606,169.1283398842386,173.55226452323845,797.7339172363281,228.40125560760498,778.4638977050781,154.96731877326965,168.07840927712493,161.73077579198085
607,167.40758532787723,173.59114145702213,803.4902191162109,228.37501287460327,784.1062927246094,153.8634181022644,170.724533517468,167.2149379065461
608,162.33271148780025,173.74612701914424,807.2169494628906,227.25236892700195,788.2660675048828,152.3006558418274,170.5096144817776,174.40133952149952
609,174.74275732786026,173.15747876937226,807.3646545410156,225.7808017730713,790.3611755371094,152.51908421516418,167.6412206536682,176.66460740267397
610,167.36135142347834,177.89539945343776,810.0004577636719,223.5418438911438,793.38134765625,151.03458881378174,166.09308286522395,174.7976174085134
611,168.645717824334,178.2609504217467,815.3898620605469,221.62301301956177,796.5488433837891,151.1586570739746,167.84102812083776,173.71210100319237
612,173.02691678958453,169.905676424961,814.5057678222656,219.36948537826538,797.6530456542969,148.72114062309265,170.1995801030818,175.23030799974018
613,165.9548485181061,178.49729833336562,818.7156677246094,215.71657419204712,800.8161926269531,148.0630660057068,170.70781487979278,176.54754247316546
614,166.47520516694982,179.78625187333847,821.3825988769531,210.8018445968628,802.7738189697266,147.26210474967957,169.69396781709798,176.01780746358483
615,171.33686611308536,174.3573657266997,823.6792755126953,212.17629432678223,804.0654754638672,147.37083077430725,168.15664781951352,175.8666396279172
616,179.51371290581065,177.07039987424625,829.0128326416016,212.76489973068237,809.6475219726562,144.499933719635,167.9840765057737,176.99026544190963
617,177.23044072214503,169.2137400822908,832.1028137207031,211.35040998458862,813.2014465332031,141.4557659626007,171.23752811841683,177.09796911244652
618,168.3025548979138,172.53085020827862,831.6242218017578,210.69268941879272,814.8234558105469,142.65217065811157,176.0232826888512,174.90383509068636
619,157.379403243713,175.56895720393427,834.6315002441406,211.36332750320435,816.4944458007812,143.0172085762024,176.50822597629156,172.14071021138733
620,162.39819236950453,172.79935474639157,836.9109344482422,210.27527332305908,818.8660430908203,143.53089451789856,169.89140705757757,171.48411992077692
621,160.79878764806833,173.15536422734138,839.1429138183594,211.62264347076416,820.8052062988281,143.6956787109375,161.2006768416635,173.04716954418842
622,164.43587154992733,170.00233057986264,843.0497741699219,211.26648902893066,825.6103515625,143.4017515182495,157.6703685448925,174.14339713750485
623,165.3711869367053,176.87034783590803,846.2534332275391,211.0724902153015,828.4090423583984,143.58487129211426,160.2960742805263,173.35857579798227
624,168.63551994182149,176.14567509758623,851.9100189208984,210.84261417388916,833.6509704589844,143.1661570072174,164.64053259696615,172.606692839235
625,173.79520973159748,178.18958805286877,854.5716094970703,210.32814502716064,837.5745391845703,141.3251531124115,167.58296147275763,174.01433655461926
626,162.4812932443462,177.66018617026134,856.7461395263672,208.04097175598145,840.1118469238281,139.80966210365295,169.2065199129915,176.73661901031986
627,168.26068813065578,175.1178980639233,858.6648559570312,208.3507776260376,840.8838653564453,140.08230328559875,169.44507119665556,178.3339224497165
628,167.95545668850443,178.1774609253576,862.2101593017578,208.4922480583191,845.3865814208984,138.33343863487244,167.94824648429298,177.87979679741568
629,170.88468450346198,176.77022185789264,867.0125579833984,208.62886905670166,849.6856689453125,137.0561170578003,166.6504559725251,176.6839375814783
630,160.41405152626322,175.72154289270344,867.4226379394531,208.73502016067505,850.2980804443359,136.71322345733643,167.17053946904954,176.31296053002384
631,156.07348421107093,177.18904613759267,870.2815246582031,209.04967546463013,852.6287841796875,137.084698677063,167.0569976602848,176.63621799221565
632,149.52900834564588,173.23419099177417,877.1710968017578,210.15719175338745,855.5751037597656,137.40249752998352,162.91398786514276,176.61293658652264
633,158.74311555994464,176.1151557303177,880.2902984619141,209.16228532791138,857.3799896240234,137.59642124176025,156.06710188020605,175.88966679637466
634,154.17174548978502,177.8277575396239,885.0799560546875,211.74928665161133,860.8712768554688,137.60990738868713,151.87116741200484,175.14586919657523
635,148.83858003504724,175.53558873372606,887.55859375,221.11141920089722,860.9030151367188,142.1766471862793,152.54533033818424,175.39097173227455
636,163.34148459742107,175.18256968797124,886.2289428710938,219.01768684387207,862.6982116699219,141.99597358703613,154.61594108422594,176.34471486456943
637,155.21193333069024,177.6056331843997,894.6379852294922,219.60880279541016,866.8696594238281,142.03309535980225,155.62713939269486,176.66963366116053
638,155.51102758790844,172.61150682591315,897.9090881347656,219.26758289337158,870.7748413085938,142.00350522994995,156.6055316633256,176.1152618146606
639,152.9504391358679,171.69368322362692,904.5321655273438,218.7503457069397,873.4754943847656,141.50870203971863,157.15925740663872,175.15896289701055
640,140.98129712279945,179.88935265996085,908.5978698730469,218.95927906036377,875.1129913330078,143.67812633514404,155.2591097884491,174.06859787225974
641,143.37825337881844,176.27445810694832,921.58935546875,226.6565752029419,885.1484680175781,153.6693549156189,150.3875463455333,174.03953532638943
642,153.75063501866111,175.99350191513332,918.6658477783203,225.0222086906433,880.1799011230469,151.2875533103943,145.06253767295138,175.8005861370478
643,139.57238645227187,174.72912318868094,928.7479400634766,224.99442100524902,884.7370910644531,151.47498607635498,143.4393166032635,177.39003117494258
644,147.2512559749692,179.75984061461253,935.2255249023438,224.22447681427002,885.7508087158203,151.3174545764923,145.46198220121386,177.09161739913733
645,174.04938304036756,178.6695686376533,947.4098205566406,229.47250843048096,891.8507385253906,151.7436683177948,148.08235771568968,176.41247722565478
646,179.7431162202614,175.4439954824962,988.4494018554688,229.61472988128662,962.5952911376953,147.03741073608398,153.86634506462525,177.1255344451968
647,146.86070414507125,140.27250570291585,973.4801483154297,231.50914192199707,926.6783142089844,148.33303570747375,164.81608051386888,176.37696714707494
648,140.33075139987804,169.38636739347908,966.9638824462891,230.6264591217041,915.0836944580078,151.72091245651245,170.37579635172742,169.12387939502568
649,120.41807490265538,171.2318015367406,960.9609985351562,226.02782249450684,911.7343139648438,148.47450613975525,159.23048975120346,159.1396403570961
650,121.77611299568817,159.8926442888778,988.1363677978516,233.24026107788086,947.7497100830078,166.9578981399536,137.2253471652075,157.35382151618174
651,120.37411634070008,154.27386965998537,984.4935607910156,233.05424451828003,930.8106994628906,153.12567114830017,120.15333045600633,163.3714470984571
652,106.59615522453744,171.9376229383042,984.3807220458984,219.29953336715698,924.5758056640625,144.15377855300903,115.02295235790784,165.9933778256291
653,101.68318344861817,172.87573276127802,979.7794342041016,217.64503955841064,921.6845703125,144.45887446403503,115.07246258764759,163.6643141336946
654,104.5358221134681,173.53609414310716,990.0504302978516,220.37145137786865,934.1265106201172,150.38844466209412,111.3124211827827,164.78033739884017
655,100.80345500175346,147.9778319025983,993.5041809082031,223.712260723114,934.4287872314453,147.93057560920715,104.26696977763274,169.75885043154412
656,107.83990181766465,134.52663959040046,1003.9793395996094,224.0049648284912,953.9527893066406,143.21416854858398,100.34943482935111,168.18250637689886
657,115.28608633117564,142.5704725311664,1013.2394409179688,223.94760847091675,961.3348388671875,136.94567441940308,102.30541258944712,154.72999221670395
658,143.87921949756074,133.13973742665027,1017.5077819824219,227.2653079032898,963.1744384765625,134.21805024147034,109.44873447310712,138.7249501621186
659,144.96027449880737,132.20129177874753,1026.4866638183594,234.23229217529297,965.1638031005859,134.50674176216125,121.79863325528844,131.66730771649728
660,168.69737346284435,158.36847510378456,1018.6544036865234,237.8998589515686,959.4607543945312,146.65804982185364,138.08954877993463,133.90111454511984
661,117.01267050906456,107.81936144195255,1023.3325958251953,235.9807276725769,958.8002014160156,141.06622338294983,151.67109966261324,138.80486876103797
662,125.39740646684788,178.07892041285828,1023.1497955322266,235.8580756187439,960.2763366699219,141.17987394332886,152.18450518915728,140.86740830884057
663,125.38401911708151,156.72894372234182,1022.5002288818359,240.43031930923462,957.2793579101562,148.4589385986328,137.54417018372342,142.5674378728582
664,119.71746078843718,158.1664226532727,1022.315673828125,242.04794883728027,956.4083862304688,161.11215233802795,121.28758626538087,150.84925500945508
665,121.8915679566327,164.35656545630508,1024.888687133789,243.38032007217407,958.3512115478516,157.17496991157532,116.40962242389921,161.72531318237804
666,134.42038348248133,144.1219129447945,1024.2728424072266,242.14156866073608,963.7865447998047,155.91306567192078,120.75185761251136,164.75572167367073
667,126.37103259620224,167.0324037401348,1032.8807067871094,245.43137311935425,974.5424652099609,154.6108102798462,126.44680432999819,159.49230175443893
668,120.55226456187351,159.88119108130942,1032.8361511230469,240.48312664031982,978.2334136962891,142.92641043663025,129.4187209544116,154.55321860315516
669,120.588916328257,159.45898234014726,1031.3972473144531,246.7884635925293,977.6621246337891,148.98715138435364,127.91424549718413,156.06466311429432
670,113.9892470804859,151.08400031858824,1031.4616394042969,246.5686297416687,978.7284851074219,153.96063208580017,122.78315494336515,160.41126830234808
671,125.17577872203637,148.5372597464346,1033.226089477539,246.06632709503174,990.9934234619141,145.46860814094543,118.00697167541789,159.97683066568246
672,117.46704066397183,138.23131497552575,1048.04931640625,248.3631134033203,1018.3027648925781,143.84323239326477,117.01272399128013,153.39912436937266
673,134.4491410467168,121.38084300744914,1033.9900207519531,248.08890581130981,1004.1904449462891,147.25860714912415,119.84409836595972,144.30136963519485
674,127.57594759251224,158.57394982366515,1035.6583404541016,247.6789140701294,1010.5448913574219,147.24220275878906,124.48314917383283,136.2961150010142
675,111.95739822785634,151.09740263152688,1035.911865234375,247.4748730659485,1005.7441711425781,146.8405795097351,127.97120543025895,134.86637032483347
676,123.21265620492444,145.75686344855814,1030.625,247.3010230064392,989.7258758544922,152.17731714248657,126.59015136699414,142.86137593657972
679,116.95605467257475,166.10150934755805,1045.7383728027344,250.86728811264038,1011.4720153808594,147.64660477638245,120.85119385375512,152.90630949036623
680,167.19556916623512,148.21229566325064,1048.8607025146484,250.9300947189331,1023.8926696777344,145.9836459159851,118.88924259302752,157.11019949156272
681,165.35436409007423,153.8098370254328,1049.3399810791016,245.096697807312,1023.1140899658203,140.30228734016418,129.79622722123582,156.34156733717722
682,176.9450563589726,150.99108656059715,1056.2693786621094,243.30526113510132,1042.0155334472656,139.6754765510559,152.25100894789887,153.9298106562003
684,111.61220807232313,139.14015653900535,1018.802490234375,268.5187339782715,1007.0110321044922,147.9060924053192,169.88218693079307,151.13325894937057
685,122.06927207575818,133.86716166180878,1025.716781616211,268.5543751716614,1010.7832336425781,152.1170961856842,164.00455119758797,147.28700457323296
686,156.5094960330103,158.93126652219283,1030.9315490722656,259.2312526702881,1006.9466400146484,152.4046504497528,138.55868240371248,142.37129953826428
687,166.77019022073978,154.9421835244043,1039.0560150146484,251.88515424728394,1006.9624328613281,150.623459815979,123.38308244599381,141.37501310471552
688,172.65221149137744,157.41614417835467,1043.4205627441406,248.02438259124756,1008.6724853515625,149.070782661438,137.92916619590045,148.162736542726
689,172.40815958390456,156.67338698017963,1046.9383239746094,246.94431066513062,1017.1308898925781,148.59280228614807,166.01025557487873,157.10274367513279
690,176.05222292922463,151.15599291788394,1058.2952880859375,248.48040103912354,1032.5938415527344,146.82581663131714,181.36000769869037,160.16554911835536
691,172.14012287717432,155.0226177797019,1063.021469116211,243.1785535812378,1046.122055053711,145.02313613891602,179.38726025854686,156.97150972078438
692,161.7406638512222,158.18271302775244,1079.7987365722656,238.8255214691162,1071.2345123291016,132.01295256614685,172.13215147773008,153.12193688697099
693,178.87466885983048,151.54505200098055,1085.2558898925781,241.57641649246216,1077.105712890625,135.16179084777832,168.19226478932399,152.87099092158778
694,155.86972821423032,143.60072449603385,1083.676986694336,239.92893934249878,1076.9847106933594,136.14803910255432,167.87667717334116,154.35645325851135
695,159.12354050397548,134.94034448198042,1085.5770111083984,241.031756401062,1082.1600341796875,137.0424485206604,167.57693028754576,152.11187146670946
696,148.5208787453689,129.10065454544713,1080.2592468261719,244.61797714233398,1070.6744384765625,138.45411658287048,163.44661996831363,144.22066402993445
697,158.30980862166223,141.24524978924643,1078.6077880859375,243.61122608184814,1063.0733489990234,137.93382167816162,156.38258186052448,135.12174865691048
698,155.24177247967103,138.25908917014658,1076.5579986572266,243.89309406280518,1059.1581726074219,139.31164026260376,151.87340607899722,131.4244784420337
700,177.99534792578675,169.45480616944621,1055.6272888183594,264.9371910095215,1064.1502380371094,149.76917624473572,153.80491347724373,136.14561037435269
701,174.3779595728378,161.99317576218297,1069.946060180664,244.99513864517212,1066.4151763916016,137.8276813030243,161.7594294889177,147.54900538195858
702,162.55034497854538,159.3131204656402,1070.3387451171875,247.85988807678223,1066.103286743164,139.32284116744995,171.07517096148644,160.06918012029817
703,160.5789300467628,161.31698344716625,1075.9440612792969,239.65670585632324,1069.090576171875,134.08039927482605,174.23076731160853,166.2629833642336
704,161.03030781364572,152.02522119032776,1076.7573547363281,237.2239637374878,1068.8670349121094,133.41457843780518,168.4929571973053,163.7889317235767
705,153.78821318854338,153.7629296231361,1088.8177490234375,240.18877029418945,1082.327651977539,133.91949892044067,160.14525978188308,157.64871824967346
706,149.08140274499195,152.44433009130267,1085.8927154541016,240.36197662353516,1082.052993774414,135.18585562705994,155.45319363019794,153.19703287863098
707,156.35703180172825,153.95465261435126,1083.1486511230469,239.129319190979,1083.6895751953125,136.07829093933105,153.74662184990032,151.92444500714572
708,159.68893985281238,160.10110541790752,1086.5010833740234,239.41946983337402,1094.5194244384766,136.6448700428009,153.1172629278694,152.99920651738546
709,158.9404331486004,160.90268243391785,1084.7635650634766,237.02440738677979,1083.709487915039,132.35262751579285,154.58487975915585,155.51682667913772
710,162.19257632748287,158.48913410437444,1085.44921875,232.39474296569824,1082.865982055664,127.76601791381836,158.069923416754,158.63148297632162
711,159.14139502879254,149.97779630793556,1087.7227783203125,232.72437572479248,1082.322006225586,124.29320096969604,160.94844116016097,160.1836440301376
712,155.81986296899927,155.45847447448907,1089.732666015625,235.523099899292,1086.6534423828125,124.8634386062622,161.31846171389898,158.13769245912158
713,153.73521595786625,171.88351246986,1090.530014038086,236.01624011993408,1088.421401977539,126.30536198616028,159.2452493317224,154.97034346497978
714,151.9831320280376,162.56572651767644,1090.0502014160156,237.19679832458496,1087.592544555664,126.61070466041565,155.97761366523895,156.5340388178304
715,170.73195774284804,166.38983862832907,1089.5188903808594,237.27479696273804,1088.6466217041016,127.23053097724915,154.01586073171939,163.14766870929924
716,179.57423588114412,174.1085729189612,1089.1264343261719,237.73645877838135,1088.1947326660156,127.79951333999634,157.1861680976839,168.52352845368327
717,178.69921098439173,168.02381142129838,1088.7773132324219,243.07201623916626,1087.893295288086,136.25750541687012,166.88863142019574,169.86443814423734
718,175.66673841095053,155.76770853627065,1090.517807006836,244.87744331359863,1095.342025756836,135.73824048042297,177.64016331743866,169.14990224052605
719,171.61460759180144,164.21839725703873,1091.3780212402344,248.8271999359131,1106.070556640625,138.38876724243164,181.61224003838856,166.48778655302797
720,178.90394012912563,170.81424905689445,1092.7581787109375,251.70173406600952,1113.5498046875,140.64190864562988,178.07069356701456,162.6567772105859
721,167.7992917272843,157.00342722034284,1092.0088195800781,246.60414218902588,1109.888916015625,140.09979128837585,173.37433595996953,161.68029763761734
722,173.25411052020704,164.52934498582403,1091.3350677490234,247.15217113494873,1107.0027160644531,139.98984217643738,171.83729300521202,163.6812345165121
723,171.10235295802548,153.19713036422593,1092.7781677246094,244.6838092803955,1106.451416015625,136.44955158233643,172.04393495810695,163.9275035033448
724,178.41538525978183,148.73920506135133,1098.85009765625,247.36623287200928,1114.351806640625,137.06686735153198,172.23420263406484,160.21464448694152
725,179.79503136490013,165.33424619352783,1100.8882141113281,251.69679880142212,1115.301742553711,138.154878616333,173.427791450928,155.07234674221436
726,179.3840980351602,162.5654764971934,1102.3762512207031,251.115403175354,1114.0193176269531,144.20637130737305,176.4510199342131,153.51622026430752
727,179.44598844286628,162.79908821043415,1100.7340240478516,256.03543281555176,1113.6055755615234,147.2147798538208,179.60672590112347,157.8848713008236
728,176.93625968964685,165.56533804772118,1097.5179290771484,250.5299949645996,1113.0064392089844,145.95626592636108,180.60886782552507,163.8152022520763
729,177.04266121136547,163.3079749418565,1097.3320007324219,257.3920512199402,1112.5345611572266,150.51210522651672,179.3054576496527,166.08602551159376
730,175.96572846413875,164.6801737635541,1099.5393371582031,250.0095820426941,1115.925064086914,147.71899223327637,177.3506325902555,165.0054574573819
731,176.94244211675962,157.682947139024,1102.0967864990234,249.91847276687622,1116.7961120605469,147.58614778518677,176.2058965689203,163.39311562513893
732,169.94456141162485,151.825394269629,1111.088638305664,249.38417673110962,1120.866470336914,146.75074696540833,175.82948491989532,161.61818464040485
733,178.83488631314324,159.028333119986,1102.9759216308594,255.5920958518982,1124.0104675292969,147.51736521720886,175.18313881443345,158.49949834956513
734,178.8877952024284,160.54286530203228,1104.8811340332031,257.2019577026367,1125.78857421875,150.82464694976807,174.61829774193666,155.5409455425871
735,174.58900552676934,168.46096049413023,1113.824691772461,259.639527797699,1137.3189544677734,155.49553155899048,175.6177598218649,156.31889806873974
736,179.16773313515722,172.58200275133945,1111.7762756347656,249.81740713119507,1139.2411804199219,147.09269642829895,177.43442442844838,161.58277713738326
737,173.26376422103826,172.0987557304651,1116.7503356933594,244.36748027801514,1145.8072662353516,143.0817425251007,177.89253361706392,168.30031215487614
738,173.38895880417542,158.45375429359135,1114.856185913086,249.63945865631104,1145.9281158447266,149.14042353630066,176.60205811938692,172.1780561988704
739,164.45700622510742,173.2609728814397,1120.3520202636719,247.76026010513306,1144.638671875,149.30366277694702,174.19305566498412,170.73012341582407
740,166.9473576872541,145.3423054651316,1118.244857788086,253.28258514404297,1143.7833404541016,149.9879801273346,170.815339995381,165.77621113872556
741,173.72492237173913,153.84551708859692,1117.1219635009766,249.82322216033936,1142.4189758300781,147.91944980621338,167.59377418550028,160.1599352632476
742,163.3597370681242,157.66076477935587,1117.140884399414,249.05147552490234,1144.735107421875,147.78103709220886,166.78738635246967,154.8371072328976
743,174.81639617608047,156.93812712809074,1117.2308349609375,249.0614104270935,1146.3099670410156,147.85491585731506,168.3474292990054,152.17324390675716
744,175.3507170792466,140.8509474341701,1117.0616149902344,249.71960306167603,1149.0824890136719,149.66319680213928,170.2705568738735,153.29870580296827
745,176.53794892140644,146.7007639412609,1118.6753845214844,252.2981071472168,1152.779312133789,151.17660641670227,172.40488179710655,153.36707993970896
746,173.89870390157847,135.9846352762909,1127.2769927978516,255.17277002334595,1161.6654968261719,155.42328357696533,174.97522497078228,148.46652654525042
747,170.00338596677489,133.18953803690403,1129.2806243896484,262.3282814025879,1164.7845458984375,159.1892445087433,176.13034841582092,141.349999804682
748,169.45135852255052,144.51655409708476,1136.6700744628906,261.9999146461487,1170.9303283691406,158.049134016037,174.37486447115484,136.44738016447766
749,154.7735744584081,178.51349390580165,1139.1206359863281,261.3014245033264,1175.053482055664,152.4719202518463,170.30991002264653,137.74366174191923
750,151.59845837984204,158.01177854696004,1145.1530456542969,261.35099172592163,1175.5101013183594,153.54036211967468,164.57212078841957,148.46428024053964
751,166.2928208139047,159.79273084302753,1141.1798095703125,269.697790145874,1172.13623046875,162.4446737766266,158.1993929443142,163.0314123423091
752,152.5535152938565,151.8636394450149,1156.6236877441406,267.49975204467773,1186.8460845947266,161.5756380558014,154.87711181209121,168.61362764659407
753,164.68017371977808,163.75657187048455,1170.9663391113281,250.59541940689087,1195.295639038086,153.15800786018372,156.52287313125206,162.33136509819946
754,153.72954196449223,175.07628985419794,1172.9048919677734,254.27794218063354,1196.6170501708984,153.13915729522705,159.57725357001357,155.86441154791578
755,151.14863783728356,164.93046463196296,1174.5912170410156,254.29663181304932,1203.2884216308594,149.53097462654114,159.7851607654337,159.22559634499785
756,158.63492568715844,160.48110323725388,1179.579849243164,253.33751678466797,1210.560531616211,148.28489542007446,156.69827348756803,167.848754855612
757,160.59656857069783,157.4895161859316,1177.1525573730469,254.33467626571655,1211.9024658203125,148.6057734489441,153.9404550343475,170.17429474431202
758,168.47068737612406,156.20640899504065,1174.5964050292969,261.0460138320923,1209.001235961914,148.78528833389282,155.66227803573204,163.71434383396257
759,156.1075529280533,136.38088804051029,1178.4346771240234,269.4624423980713,1218.5799407958984,153.15884470939636,161.02827061462688,155.2543029143321
760,162.93434614636422,139.10964757787866,1180.3863525390625,268.83471965789795,1221.694107055664,153.13744068145752,164.57278626139595,148.5051485697943
761,153.9030250435321,145.32349802112424,1178.3233642578125,279.5061993598938,1216.7137145996094,167.6706576347351,163.04822706866193,142.6074856411012
762,152.12367627612898,145.28974027679797,1181.1026763916016,276.28772020339966,1218.3839416503906,165.05995631217957,158.57957881194272,139.39840759225302
763,145.3795664570321,149.25706890487913,1180.584716796875,280.0300884246826,1216.3780212402344,176.94638013839722,154.13341362402107,141.42098631223428
764,164.95053211302388,164.17804990738983,1163.5890197753906,279.6211910247803,1204.955825805664,183.81086111068726,151.10231651056375,147.0206734960375
765,170.7671383757469,169.80094625006896,1147.8062438964844,286.41655683517456,1170.6932067871094,230.60901403427124,152.26504016198558,154.05047104474002
766,176.5568992866223,172.68070864101358,1143.5444641113281,285.39435625076294,1165.5000305175781,242.4459457397461,160.04189423076247,162.29681808417854
767,175.34744614291188,170.78700039640935,1135.116195678711,289.9451208114624,1143.5331726074219,256.46143198013306,170.8944449610626,169.91316595813262
768,177.10063992443673,173.5649213470955,1131.2642669677734,287.6100969314575,1131.8806457519531,253.6544680595398,177.8677966036678,173.70227123502926
769,175.83922414186694,173.07110845004465,1132.2021484375,288.565456867218,1129.6346282958984,259.8659920692444,178.60738826597054,173.5452832231514
770,174.83266897271847,172.93778399976642,1126.651382446289,289.95773792266846,1115.0544738769531,261.06863021850586,176.4447849309956,172.44843255273167
771,171.11719442847115,177.38311919988274,1124.698257446289,291.1267948150635,1114.9794006347656,260.39217710494995,174.75465451470637,172.63373573516662
772,166.40875743715551,178.94949738978406,1129.0357971191406,290.40437936782837,1118.5749816894531,260.0369668006897,173.482065897243,174.28309370128852
773,173.43077247205483,178.3254731043991,1128.0274963378906,291.8401551246643,1115.390853881836,268.47238540649414,171.38369814854815,176.70881773884784
774,179.95572766047718,179.18142371001395,1129.735107421875,291.7432951927185,1120.0685119628906,263.4235453605652,169.9214772647277,178.73481495549342
776,163.37781445436661,129.44056221045594,1118.949966430664,332.76999950408936,1093.0891418457031,294.1603088378906,171.378945184923,177.13255988767645
777,172.14976715667365,33.31893043401544,1119.173812866211,312.01369285583496,1091.8443298339844,279.8872661590576,173.4005433878315,161.3452596788244
778,172.25075485183706,30.18044924991172,1120.383071899414,305.89405059814453,1091.7149353027344,272.0747637748718,172.33529060195553,118.5559062014502
779,170.128040544346,53.86754713968332,1122.6483154296875,304.4888949394226,1095.438461303711,277.3123240470886,170.0244377302947,59.89631225178442
780,162.93236538765038,62.60552701684321,1126.2943267822266,306.91916942596436,1099.7503662109375,277.1689438819885,169.4266257448187,23.994993710378537
781,160.39908938159607,54.201005127376085,1125.8811950683594,309.86000776290894,1096.2076568603516,278.8184595108032,168.6502839587703,31.25764473817746
782,158.1978065374564,2.159288892275298,1128.490219116211,313.77920866012573,1098.6735534667969,289.6840238571167,165.08298875874462,54.64235612821454
783,153.73470207198855,168.5081350270789,1129.6693420410156,312.2303080558777,1098.48876953125,289.15157318115234,160.01553341629685,61.63597108755689
784,151.48962351921585,35.34723945617087,1133.54736328125,310.8075785636902,1100.2962493896484,283.847451210022,155.995494087917,62.701074655426915
785,145.85610872492285,5.897600455442076,1135.64208984375,308.54602575302124,1103.837890625,275.4490256309509,153.2125689773765,73.05327050509996
786,144.9540600960256,2.110520363785435,1135.2447509765625,308.8470125198364,1103.4344482421875,277.06146240234375,150.2979636132324,66.68852284044534
787,156.9267819396828,6.3545687717527795,1136.8385314941406,309.40173625946045,1103.0660247802734,277.44641304016113,147.51791415223676,28.85321721114067
788,158.2072064057558,6.833547428626254,1137.673568725586,311.5322256088257,1101.7182922363281,278.55695486068726,147.82236424330796,-6.48647424838493
789,162.64038337225446,10.640922741529252,1137.9896545410156,325.53884983062744,1095.8335876464844,292.5394821166992,152.8631714030893,-10.497457497090457
790,170.00624675860828,6.169746097235772,1137.5313568115234,316.9700288772583,1093.968505859375,285.9701943397522,159.89439656190953,4.925325872862591
791,163.74220342702148,26.319933259196258,1142.5506591796875,318.4921932220459,1097.2418212890625,287.8686189651489,165.22125629268373,15.85528052023901
792,157.1358232436169,24.940916605267404,1147.2637939453125,325.0586485862732,1097.3646545410156,291.13855361938477,166.98744200647124,17.420509408185918
793,156.11157550629287,30.348031903084365,1146.796875,324.2953133583069,1097.040786743164,290.5493688583374,164.42875715866518,19.121794408131095
794,161.61760312445202,1.906263425987123,1145.4685974121094,326.86954736709595,1095.133056640625,299.22165870666504,159.38307351177014,23.763680873517487
795,171.98864468509683,6.377892594513247,1150.097885131836,331.0766887664795,1095.4594421386719,297.08584785461426,157.0389303109489,23.295647316286
796,166.70788456347213,25.045752627396382,1152.18994140625,329.3764901161194,1096.9346618652344,286.70599937438965,160.84272500881943,14.733543517320944
797,154.90122554123408,145.12648807921695,1157.385025024414,328.49698305130005,1096.9384765625,276.95093393325806,166.9099156370829,14.426344560375254
798,162.92740164819926,142.77099017866425,1154.896240234375,329.2748022079468,1096.6947937011719,282.8450560569763,167.6791994097211,46.77386329636811
799,151.23731098426464,131.31930945531604,1153.6483001708984,329.32868242263794,1094.3894958496094,283.07287216186523,162.07093873032179,107.00821542983954
800,149.33935233536175,136.84391994195394,1155.218276977539,328.98025274276733,1094.8716735839844,276.3520288467407,155.6861133010352,153.0329864210944
801,145.7769994555911,134.66838836828686,1154.7978210449219,330.2991056442261,1094.0852355957031,279.9754571914673,151.62245838989796,156.87118837595975
802,146.1668493082836,107.06763344200822,1154.5356750488281,337.1267008781433,1093.3940124511719,294.1278648376465,148.75773044686898,136.21573766934122
803,143.54543453713464,100.15051644405395,1160.1081848144531,335.2711272239685,1094.0739440917969,282.69015312194824,146.33965222549827,118.46751878128978
804,144.61842120429307,139.2866158607738,1167.6763916015625,331.2518048286438,1096.053466796875,277.28097438812256,144.7647120681548,110.61875419643121
805,154.72199926655733,137.5387900709501,1164.718246459961,333.2143235206604,1091.8214416503906,292.0426082611084,144.62088001231953,112.6931512638295
806,161.0157220134366,120.56932722046699,1163.6116790771484,335.7208800315857,1090.8726501464844,295.74573040008545,147.2292743178878,124.28014571353323
807,151.92751387237055,122.62440508274581,1162.8038024902344,335.32904148101807,1085.8390045166016,296.02834939956665,152.8033230698574,134.44785550774156
808,159.568821459517,85.45264478757026,1163.650131225586,334.8407506942749,1080.9747314453125,298.4604263305664,157.76448059873871,130.54223696938175
809,162.06878623140096,142.74331112272654,1171.07666015625,331.7946195602417,1083.0338287353516,297.73807525634766,158.97868254815998,115.70154471181135
810,175.3516127589167,145.75309151530476,1174.938735961914,330.3104782104492,1083.7803649902344,296.4315176010132,159.31456518839536,108.27714816969718
811,175.30387635797308,151.4874611797354,1176.901626586914,330.2915954589844,1084.5100402832031,297.34814643859863,163.66200781627168,121.55220616498298
812,165.5352257698575,84.80251527807143,1156.077880859375,329.2248487472534,1074.7047424316406,303.1897187232971,170.97645542955067,142.1364306606751
813,171.52708027925866,159.36732642472853,1162.4165344238281,329.5162010192871,1077.5773620605469,302.8764581680298,174.80270289066954,144.17948342770322
814,174.3333832695748,170.14594700946006,1162.7610778808594,335.7159662246704,1078.9967346191406,315.8523201942444,172.73232383525243,131.3954686017868
815,172.88278543622803,158.10422948806354,1176.5653228759766,335.21108865737915,1079.373779296875,312.5001811981201,170.02416162478346,133.49807043275396
816,172.17193609608623,160.8131945960901,1167.0821380615234,334.8656415939331,1075.492172241211,312.0165467262268,170.93496243323506,155.27104265162092
817,166.79335062271082,118.48316460849253,1176.8333435058594,336.13775968551636,1081.6139221191406,312.14786767959595,173.0089160752882,169.12211665880955
818,166.32821394970998,143.33675405645644,1169.8695373535156,337.1860098838806,1080.6437683105469,314.10592317581177,172.21714726204482,158.2047805269512
819,165.04813931486368,142.52875568219972,1181.3067626953125,332.02728509902954,1081.2092590332031,300.21615743637085,168.58598578833946,136.8680798511494
820,171.81864640873167,128.65571054645457,1179.8643493652344,334.82577323913574,1080.9368896484375,304.9316954612732,165.5474392542659,127.86726036380321
821,157.79273174547387,109.07948064347147,1178.695297241211,334.15964126586914,1081.7060852050781,304.29221391677856,165.34621068495903,131.86116587690975
822,154.48858565058666,143.12687677937436,1178.2315826416016,334.0189003944397,1079.7364807128906,299.3201494216919,165.48026478343047,132.6043374787143
823,161.28308607204903,145.52491871557123,1177.7064514160156,330.75960874557495,1077.4311828613281,289.75170135498047,162.2588002718831,127.82988722160901
824,153.69804742413842,142.88846038287977,1177.5682067871094,334.9643039703369,1077.1685791015625,292.3882055282593,157.39402767291804,130.1374155939086
825,152.7751520445321,106.55778591395125,1177.3152923583984,340.2632975578308,1077.4061584472656,302.2303247451782,154.98407522618598,139.12290516293072
826,142.8722536114987,38.995723309483616,1177.26318359375,343.533296585083,1079.9542236328125,312.0486044883728,154.17352737236416,135.06596759258719
827,135.71749128960042,104.603846776742,1179.9456787109375,345.9487009048462,1080.198974609375,318.28072786331177,150.85338415742714,106.2818364309764
828,139.6607575314268,103.96392668417178,1179.6295166015625,345.1798725128174,1079.308090209961,317.7731251716614,144.0715507601731,74.51973445691341
829,139.46669626583142,78.59175347401735,1179.5854187011719,347.1379494667053,1079.190444946289,323.07995080947876,137.78741838227026,70.99441956895686
830,141.05116568643902,113.28927492161633,1178.382797241211,347.1613812446594,1078.7834167480469,322.452335357666,136.24735098493366,90.48631236433076
831,144.07314448555624,111.51962164615173,1175.7679748535156,346.5873670578003,1076.203384399414,321.00271940231323,138.96030485804988,105.42108035248899
832,145.60955262984092,93.29237098712551,1178.164291381836,346.27419233322144,1075.9086608886719,320.1320743560791,142.41065352123087,107.92167163587301
833,156.4286962348794,135.0526973952601,1170.0230407714844,341.99010372161865,1066.847915649414,313.41745376586914,145.09344312450608,106.72665076611285
834,134.25100276440392,73.4684249020662,1170.787582397461,349.4287919998169,1068.028564453125,323.26727628707886,147.4366215888101,107.337421848224
835,144.43787554570255,122.56506388674198,1171.463394165039,349.1101026535034,1067.9852294921875,312.00435876846313,147.78665999198742,107.6397923036345
836,141.26339280749707,126.39899626499417,1178.6882019042969,348.74077320098877,1068.202133178711,302.94638872146606,144.49244252679816,106.21374434457807
837,136.49981048787728,114.87583954175176,1166.407699584961,352.1681213378906,1062.1124267578125,316.9599223136902,140.43064970305352,109.41060472974917
838,133.07871227141806,27.060571294382314,1164.0740966796875,351.81838274002075,1053.4903717041016,314.56473112106323,138.41811240144867,114.03061336334946
839,132.64317418004546,69.32042226225619,1165.335464477539,351.2344765663147,1052.3409271240234,306.8038558959961,136.88760342946583,100.58707127847347
840,128.64056755571528,104.8240581298028,1166.147232055664,355.5956196784973,1053.778305053711,311.54731035232544,134.15703070829653,70.57390841622805
841,139.97711492399756,111.58282603143338,1150.833511352539,354.80059146881104,1046.161117553711,314.4006657600403,131.61805614382678,58.8320247942664
842,132.35840173525327,16.837934046417338,1155.396499633789,357.6640319824219,1048.623275756836,322.1705102920532,131.66831369224573,78.01481379016528
843,124.69083194890274,91.7565206249097,1158.010025024414,357.3769497871399,1046.63330078125,311.8747544288635,133.60700621983543,92.23308950347082
844,123.81865228100493,96.07759096324621,1149.8201751708984,353.04187774658203,1040.9199523925781,312.68887996673584,133.03466112572133,79.66152611530485
845,127.32423971267046,21.451688678693042,1153.319320678711,361.3836336135864,1043.6153411865234,328.97958755493164,128.32061715526982,64.94841326617515
846,134.20204460642407,93.91936174568391,1148.9168548583984,352.50067234039307,1038.0421447753906,314.7615623474121,124.32181209810318,64.233847753059
847,124.40340843799936,53.959723880308445,1150.5354309082031,352.85611867904663,1038.692398071289,315.0952076911926,125.52208375018445,66.03374498520604
848,122.84392922854688,100.93331174916041,1151.2740325927734,357.2223901748657,1036.0701751708984,323.7313199043274,128.9724702504978,66.91131165464037
849,119.86101091249004,99.91482496669654,1149.965591430664,355.6282353401184,1030.3178405761719,320.6868624687195,128.54296521021448,74.24970195185537
850,126.91119677576847,111.45366993321555,1155.0407409667969,357.6161599159241,1031.9268798828125,322.9020023345947,124.03189063198181,89.14935938196278
851,129.1548254267128,114.60891314132759,1148.4669494628906,355.6573748588562,1032.2891998291016,324.16948556900024,121.22744605991396,104.82205796489069
852,131.3231151112651,103.74288698968684,1149.6931457519531,355.60306549072266,1027.4821472167969,319.78278636932373,123.78027139548152,113.56748550612508
853,136.96629054909116,103.04781864954037,1138.1436920166016,350.9062600135803,1018.4625244140625,316.0646653175354,129.34136294927322,113.17835259703571
854,133.07557535833493,101.35429709578673,1141.5165710449219,355.83431482315063,1019.3929290771484,321.3472652435303,133.80113393771273,107.22157658537942
855,127.78697760084908,101.06804847251269,1135.1786041259766,355.82828521728516,1011.9454193115234,322.94710636138916,135.17294966385327,101.55208105398543
856,130.01372939800964,116.72585859595374,1137.679214477539,365.9094429016113,1013.2823181152344,338.80788803100586,133.33563760934655,100.40101793712114
857,138.0511507940593,114.1453016397165,1129.634780883789,364.12742614746094,1007.4232482910156,337.6320505142212,130.4621608190584,104.64886894980212
858,139.95533645091263,115.2503872080862,1131.2919616699219,370.84951400756836,1010.4534912109375,344.4258713722229,130.6224611601616,111.71225360906068
859,136.35699097526896,105.72941093550565,1123.398666381836,367.98882007598877,994.7566223144531,326.6285991668701,134.92696734517594,116.25388244374419
860,133.8572690207652,110.1955894419603,1125.8085632324219,366.2885570526123,992.7731323242188,320.5617642402649,139.06156307635715,114.80497062520053
861,134.536488511806,108.61810361947612,1123.9268493652344,365.579252243042,990.1927185058594,318.30774307250977,138.77341850733382,109.92926227769084
862,139.56996547546535,115.36313385126594,1121.4854431152344,363.367223739624,991.0160827636719,312.9047226905823,135.59871142454892,107.26409930792445
863,143.8169899290497,119.05506385433328,1116.616439819336,364.1899538040161,984.6399688720703,313.9119029045105,134.6295398089786,109.47016099118882
864,146.9068739236349,111.02752411726267,1111.850814819336,363.29169273376465,977.8852844238281,314.2725205421448,138.20537204044751,114.27403894696505
865,159.42053463907837,129.63343365882082,1110.5255126953125,366.28533840179443,978.594970703125,318.6598205566406,144.40500013277727,117.77719097367226
866,162.6031060965077,131.4561318897306,1097.9008483886719,364.8680591583252,967.552490234375,318.6417317390442,151.11017267678312,120.04394666490117
867,154.08066024753725,126.11148672554212,1101.5507507324219,364.584002494812,967.1138000488281,315.739324092865,157.2881813582757,124.21296250874954
868,153.0135372204136,124.5491033487846,1096.3597106933594,366.07192039489746,964.0850067138672,320.2400279045105,160.31285649329567,128.96114388337463
869,151.1562169794477,124.64763230908729,1093.7382507324219,366.84272289276123,958.1681060791016,320.92937707901,158.02424986318255,129.5744000254809
870,148.52630793776322,117.8732355903416,1094.400405883789,368.1656312942505,955.7770538330078,321.6784429550171,152.8976550264746,125.87380505204467
871,146.3262712927794,124.12429617526928,1089.8014831542969,369.9615955352783,949.7976684570312,322.9058861732483,149.10335850480882,121.82075402549397
872,146.90063717696253,122.26080195174801,1086.507797241211,369.6865940093994,946.2431335449219,322.89438486099243,147.59863838289624,120.26633998344592
873,151.2959738063544,137.49732493929508,1082.8553771972656,369.4643783569336,948.7501525878906,323.486487865448,147.2545809995992,121.96414299157595
874,148.69122009813046,130.9907825780703,1084.3611907958984,370.27822494506836,946.5287780761719,323.46445083618164,147.7956960537509,126.58432836304024
875,145.101663213222,124.19128857392276,1071.8426513671875,369.97172355651855,932.3442077636719,320.6274676322937,148.87271909088744,131.55482224817226
876,132.76818486658468,117.3446307011876,1072.3543548583984,370.61107635498047,932.6268768310547,320.73683738708496,148.20392319339865,132.00533855579255
877,136.80748279792763,122.78875247676037,1069.5062255859375,368.18824768066406,926.143798828125,316.3985252380371,143.6638925450243,126.34551561516095
878,147.3232861600317,127.7573387132057,1058.1195068359375,366.60080909729004,919.8061370849609,315.6353187561035,137.75351642952455,120.14367298394687
879,141.95157130343313,131.25136244811677,1050.96923828125,371.30141258239746,918.4153747558594,325.12551069259644,136.43639253321163,120.09208794820307
880,158.6255888022969,135.19362942250305,1044.229965209961,370.277624130249,904.7328186035156,318.0481266975403,141.50905885130078,126.14025356060749
881,151.87423002416185,124.80703043459144,1048.4144592285156,373.2866334915161,909.6268463134766,321.222939491272,148.86764864098166,132.3498226361617
882,135.8918851714687,109.36550394373614,1048.02490234375,373.10643196105957,899.5844268798828,319.3753910064697,153.25765534354667,132.60073200948878
883,125.72910854877351,106.1960137379764,1042.8680419921875,372.89228439331055,890.4660797119141,319.9537396430969,150.17194983790682,124.6504141091129
884,123.54923190923569,113.68488554285355,1041.0697937011719,372.6722574234009,885.5611419677734,323.3951425552368,139.02149299095353,112.90476949006779
885,128.22821303002684,114.1302356020399,1039.5530700683594,372.54960536956787,889.2401885986328,323.9148259162903,126.65809911581785,106.15262474829278
886,131.54064513827754,123.99039889675113,1033.503189086914,371.0982084274292,888.2743072509766,323.8010573387146,121.65363804857,108.72423482873427
887,121.93687924204072,115.65117328441755,1024.7064208984375,373.72690200805664,872.1922302246094,325.50567626953125,124.80054707001847,116.24164165993759
888,117.98011831926586,109.58713845588504,1018.5445404052734,373.5604763031006,865.1228332519531,325.8545780181885,128.4643139041441,120.84402743379619
889,115.70868653404884,113.46308566873508,1004.0603637695312,373.4421157836914,846.5412139892578,325.71454524993896,125.95593971820918,118.58283886354799
890,121.61227512963931,105.83824026012009,999.1920471191406,372.6868486404419,843.2798767089844,323.97003650665283,119.33914166109005,112.55823964857599
891,115.51539723930942,113.09342407975429,996.8740081787109,372.6323461532593,839.9361419677734,324.00851011276245,115.44083063602051,108.48046558624566
892,128.82095646183575,121.62081200395853,997.0412445068359,372.73118019104004,843.9506530761719,326.6165828704834,116.84894470187604,108.89388041821043
893,122.36895184644379,118.31131138943708,995.4906463623047,373.57678413391113,841.0190582275391,328.6464786529541,120.93665991890686,113.179929810764
894,122.98868642290431,106.19629109212825,991.3629913330078,373.5344696044922,831.9768524169922,325.9876799583435,124.34781026382008,117.88650752095542
895,120.17623617181194,117.15785192500583,982.9135894775391,369.89670753479004,820.6699371337891,323.70672941207886,124.98711842970935,118.10651919631094
896,119.43434097124685,125.49543205034962,982.8392791748047,370.2900695800781,824.5260620117188,323.99005651474,122.90412997887765,114.67404586918855
897,117.57164712299392,119.16048481442044,969.3204498291016,370.10355949401855,806.7739868164062,322.2223734855652,120.14417791979179,114.48121333295182
898,116.88940211701649,118.49294920305525,966.0533142089844,370.06364822387695,800.6417083740234,321.86428785324097,118.33466920923688,119.1598101771356
899,113.1463367063202,103.80381482794235,955.4350280761719,371.6184711456299,791.4150238037109,322.4878478050232,117.30504716310378,121.80131344802304
900,118.70570576215256,110.81760997753484,957.1633148193359,372.8719425201416,797.4456787109375,328.00609588623047,116.27796883477762,117.3651173623182
901,113.53097676647222,110.49321794077613,946.6765594482422,373.1221389770508,784.6945953369141,330.03509044647217,115.46215171972342,109.72662007693863
902,117.08856739548338,114.39744829799382,941.3340759277344,373.4417724609375,778.8838195800781,330.87944984436035,115.41501395921719,106.42434812916574
903,125.3901220646558,125.22694530700485,934.4015502929688,374.56761360168457,772.8090667724609,330.54393768310547,116.24107677139443,109.90964048644946
904,119.31232498576202,112.58330484043337,928.5905456542969,375.6707525253296,761.7159271240234,330.35717010498047,118.35390778031645,116.4055914585332
905,139.7364505710981,119.08829675576966,927.7303314208984,376.25736236572266,758.8238525390625,330.17542362213135,122.02162869002856,120.4292361653597
906,122.58989215739994,115.46136110562618,924.0052032470703,378.0344867706299,754.4084167480469,331.29366874694824,126.62653760562367,119.60415669526579
907,120.64899489827344,102.93788928184026,915.8744812011719,377.9208469390869,745.640869140625,328.3017826080322,129.77248287819347,116.0120486976043
908,102.54121734930415,95.31714641780565,911.6965484619141,377.8423547744751,738.397216796875,328.5406494140625,127.23299622597574,111.22395971721912
909,91.7347161441743,88.230839825634,897.9869079589844,376.9101047515869,730.7723236083984,325.0142526626587,117.17498132007884,104.02670913056389
910,99.48825692780468,98.59546281483414,886.1369323730469,375.79602241516113,718.4345245361328,324.0317702293396,103.59757060586324,95.55219236177928
911,95.91804522370987,97.2653841163967,881.5949249267578,375.04526138305664,709.6395874023438,324.1042113304138,94.05288754275924,90.93714054556017
912,92.90763835912153,95.19262744189042,873.3261871337891,375.46149730682373,696.8320465087891,326.0520315170288,92.5640281643765,92.7967646364548
913,95.43873544458677,88.59081613367472,878.389892578125,378.1061124801636,703.7633514404297,328.24140071868896,95.2128894910472,96.59363969928745
914,91.9399845050758,87.37804876027228,869.4648742675781,379.29585456848145,689.6869659423828,328.3621859550476,96.12547786963607,96.0798659896824
915,96.06300770830202,89.40003730633889,859.6153259277344,383.4991979598999,682.8182983398438,329.89181756973267,94.57386148677996,91.14980559687112
916,102.50913843619463,84.23963548735583,856.4519500732422,383.3299398422241,678.4803771972656,330.50020694732666,93.69056175431459,86.75169839636405
917,92.3280247350422,66.38295717818005,850.3372192382812,388.44467639923096,676.2622833251953,338.1623125076294,95.48693458286333,84.69435360329085
918,93.4958424319525,78.5404365083204,847.1324920654297,388.23490619659424,667.6983642578125,337.2483229637146,97.74584678944086,81.30781853830374
919,75.61896302687985,73.53859557258717,839.4841003417969,386.3917350769043,656.8001556396484,334.32565927505493,96.1088413553221,75.5773073560561
920,76.38273490343782,69.0728031708376,833.3293914794922,388.865761756897,650.6953430175781,338.6122798919678,89.08146190889467,71.8452155180889
921,73.38961574569154,71.37030698696238,830.6682586669922,391.0645294189453,645.6381225585938,340.79662799835205,79.8067345096529,71.57672744757683
922,78.32969413977871,66.30487575257165,826.8182373046875,393.12026023864746,639.0763473510742,340.20928859710693,73.57365992664494,71.53794716198317
923,69.00465390839605,74.91300579298719,821.6140747070312,392.7051830291748,633.7053680419922,338.78891944885254,72.73008509328704,70.21518693933069
924,67.54097376329888,76.87851004391473,817.1603393554688,392.2123432159424,628.6174392700195,338.56194019317627,73.87894843145683,69.77021118854569
925,69.59378473506206,70.77701289040598,812.0893859863281,392.1089172363281,620.6840133666992,338.4274649620056,72.48943059189497,71.97378348563846
926,62.82120975115041,63.558781371180224,807.5997924804688,390.6835699081421,617.364501953125,337.62853145599365,68.80562135751673,74.20350229901932
927,70.60426601630608,68.28485607191404,800.9457397460938,391.8562316894531,608.7129592895508,337.70721673965454,66.07190157653483,72.34457059083468
928,73.0282092949577,70.54144927199876,798.3484649658203,394.9484968185425,603.4598922729492,338.3459258079529,66.13489764717133,67.71340502912105
929,70.02834480415702,64.1374906925552,794.3924713134766,394.5403718948364,596.7179107666016,339.07132387161255,68.73288578861433,65.510247812041
930,63.85870943565961,62.858542624690514,789.3141937255859,394.4396924972534,593.3039093017578,339.0352535247803,71.29935195233577,66.45176986592472
931,69.19565677224539,58.59135003625247,786.0585021972656,397.5343608856201,588.0503082275391,342.5178551673889,70.70861363938035,66.30986911617819
932,59.23718910849029,57.33108618903991,781.8202209472656,397.1502685546875,580.918083190918,344.3342900276184,67.33424519779054,62.996272909281785
933,57.886727987361446,54.922199098132346,776.4471435546875,397.01019287109375,573.2577514648438,344.0293550491333,63.771276362226374,58.66323164849978
934,62.2566292020943,58.6731684236595,771.7648315429688,397.9426145553589,567.4448394775391,343.8017964363098,60.96958641635038,55.9922243806585
935,48.70335254704244,46.2465730848703,762.528076171875,399.4192886352539,559.6142578125,345.40125131607056,58.801000123502,55.261752091829365
936,53.36786511924466,54.45732930600153,756.6436004638672,399.3353462219238,555.848503112793,345.52928924560547,56.658543247535384,54.42278215314751
937,53.57281611927466,53.39379997464139,748.9980316162109,402.6668643951416,546.203727722168,346.143000125885,53.894971771706146,52.499802420211324
938,52.62885597716014,45.493148860694866,746.7254638671875,402.4870491027832,544.8984527587891,346.2827968597412,51.85475058087041,51.1012831786723
939,44.94535170046589,37.777493319916545,740.7337951660156,400.21515369415283,541.5739059448242,343.39950799942017,51.573482102967844,50.00607857782439
940,37.31016492203585,35.26631776242714,734.0055847167969,400.08872509002686,533.902587890625,343.6582016944885,50.504792941809995,46.19592601634424
941,34.95706084664632,35.57141156920846,728.5856628417969,399.32976722717285,528.6746215820312,341.6644835472107,45.724616251905665,39.63129341304571
942,43.78080346658108,37.792992890965856,720.5018615722656,396.8580150604248,523.0606079101562,340.0022006034851,39.08572740533897,34.58276552626087
943,41.272722759179054,39.61144669929277,712.3908996582031,396.032452583313,510.2307891845703,340.218665599823,36.04617510087144,34.19171294426156
944,55.95933573864343,44.213839518414225,711.0478210449219,395.94756603240967,510.61614990234375,340.3351378440857,39.231120233499944,37.34834717225765
945,51.791523942876836,43.28062969851446,705.3659820556641,396.11793994903564,505.10780334472656,342.9162383079529,46.09604816594747,41.109034912719366
946,57.149482667188614,44.760219556078454,698.2057189941406,396.3356065750122,496.7574691772461,342.85229444503784,52.46565025088942,43.60814469446211
947,52.67161866699485,43.67922739524111,693.2344818115234,396.39259815216064,490.3061294555664,344.58746910095215,55.697261154737134,44.50070704451513
948,48.90111423594039,42.862407625615205,683.0854797363281,398.3888053894043,478.3586883544922,343.8384675979614,55.44670139516398,44.305921811425
949,56.99346559768305,44.98837349146688,684.3243408203125,398.36743354797363,480.1648712158203,342.76129245758057,53.237179263929384,43.76683945364124
950,51.46536340516983,45.64315309248569,673.1907653808594,397.96802043914795,462.8910827636719,344.535391330719,51.68971059544707,43.6312923299557
951,47.09672818441113,38.98032268588419,673.7577056884766,398.7056064605713,461.5115737915039,344.4130825996399,51.95583806448381,44.03265954548842
952,46.76673336252405,38.98871403479337,663.9559173583984,400.7649850845337,451.0484313964844,346.0859441757202,51.777883628407,43.646114444323175
953,40.694254585948656,35.18704334162631,659.3724060058594,397.2405195236206,451.48509979248047,340.44710397720337,49.02312918751914,41.245620157352214
954,44.28929953150318,41.63382885762003,646.9663238525391,397.20056533813477,434.44950103759766,336.5089988708496,44.957087312223834,38.09173942858545
955,42.50889298200826,43.538226443499674,634.7487258911133,405.53309440612793,426.2891387939453,337.84600496292114,42.23440553276371,37.09327264680539
956,44.23747397081272,40.90277627027102,633.8315582275391,404.8950719833374,428.6265563964844,338.59206676483154,41.97867862110964,39.35604010493801
957,43.24158606521125,40.802282187394276,619.0716552734375,401.1095952987671,415.5146026611328,340.9973216056824,43.13531978709807,42.361510850287026
958,43.345141435746704,41.91131698621426,616.3672637939453,398.805513381958,410.84117889404297,343.7968182563782,43.97702296338497,43.03753229856064
959,43.96272196250471,40.645450322944946,613.5770416259766,398.3107852935791,406.5762710571289,345.4355835914612,43.89298185165351,41.683252505379606
960,45.75972214745137,40.21546572983338,600.8197021484375,397.02229499816895,397.29270935058594,342.1409296989441,43.596590705129564,40.55785047409324
961,43.60378408784517,42.1999971032028,589.6746063232422,395.16685009002686,385.39695739746094,343.42504262924194,43.920777317765825,40.49201739131547
962,45.805268078016425,43.78753869100084,589.3703460693359,395.1054811477661,382.64610290527344,343.60018014907837,44.65814602753581,41.0773685946211
963,45.428620067423005,44.11411021621074,583.7578201293945,395.11964321136475,377.6142883300781,344.53006982803345,45.11647461246271,42.14174564309524
964,47.06351609605697,44.88708267037625,577.9721069335938,395.3092861175537,369.7581481933594,344.49801206588745,45.34496025048925,43.48835605457371
965,42.89404310516989,43.653843045314964,571.1985397338867,398.2174015045166,361.15039825439453,344.7694945335388,45.65185012414249,44.49280399088782
966,38.93921267640648,42.82890373250987,558.1193161010742,400.09241580963135,345.04878997802734,343.7098717689514,45.32620583134608,44.62214454565373
967,40.02482717201753,41.51538585223168,555.7783126831055,399.7510242462158,338.0945587158203,344.2014670372009,43.32616844442728,43.853888084445686
968,40.81683833546132,41.37309541152372,551.6513061523438,397.6237964630127,334.2697525024414,343.99600982666016,40.46562656811318,42.63228853931965
969,38.97655809666378,41.48133468667871,545.265007019043,396.8908882141113,320.0502014160156,342.77114152908325,38.95380394324491,41.59289766798868
970,40.48274757673155,42.30631312720614,537.983283996582,395.22706031799316,317.71961212158203,342.36243724823,39.32765377825132,41.20206962657746
971,40.454892439413335,42.710111100578814,531.3590240478516,395.18723487854004,308.8130569458008,341.7835307121277,40.14888160751159,41.51823240502491
972,39.63609444563998,43.324436378207764,526.3908767700195,395.40022373199463,300.98241806030273,341.69076919555664,40.41856873152051,42.22615507325331
973,38.23185007793469,42.88582617141906,515.5754852294922,396.3744020462036,300.53009033203125,347.24673986434937,40.15405807008838,42.89040325529593
974,40.31318803257252,43.031783161066365,513.6278533935547,396.4898872375488,299.036865234375,348.91159772872925,39.57398261131515,43.20850762948457
975,39.54841473055894,42.83214040390514,508.46107482910156,396.93732261657715,289.3662452697754,348.03189754486084,39.1305462578603,43.15400317782785
976,40.08120438483916,43.73111881859674,496.4067840576172,396.9875764846802,276.7862319946289,347.38396167755127,39.28598226825978,42.9874535065226
977,37.80468582370316,42.96623698435062,497.2246551513672,399.73986625671387,262.790584564209,347.78942584991455,39.7129581319233,43.01520391226653
978,35.60248900552979,41.653959125952845,493.5639190673828,401.18319511413574,263.9888572692871,345.09878396987915,39.45426145768304,43.14783010012176
979,36.80275776451047,41.89227325386397,487.42759704589844,401.63990020751953,262.0111083984375,345.0562334060669,38.076293980447296,42.914911912930215
980,36.610346975691066,41.536423054609614,482.9761505126953,402.66647815704346,258.84517669677734,345.2352547645569,36.44762506103029,42.21305634280838
981,36.84847479155805,41.74835437828768,477.4655532836914,402.596697807312,256.5672302246094,344.514319896698,35.845048336240474,41.57593474027889
982,38.28543240091199,41.8922676125824,473.38878631591797,402.6344633102417,255.1435089111328,349.6567153930664,36.41589973234351,41.43835859460603
983,38.9785087860205,41.96791741032645,469.1768264770508,402.94929027557373,243.80792617797852,350.15363216400146,37.402735769039154,41.67716229346403
984,37.44722361744275,42.48704178540424,458.9264678955078,402.98452377319336,232.5300407409668,349.7721576690674,38.22019035368818,41.96364543575214
985,39.115263199487046,42.25428566410306,459.15477752685547,403.0214738845825,235.0136947631836,350.0889587402344,38.57585164020708,42.16309742721188
986,37.535692616955586,42.7766556519774,453.9445495605469,403.0582523345947,227.69880294799805,350.9278893470764,38.46655558748779,42.31891022404905
987,39.328585060145095,43.646041511737025,447.76416778564453,402.8827714920044,217.26634979248047,350.32301902770996,38.261205961633536,42.5233197085318
988,44.76952083804322,44.837872251934634,439.9620056152344,402.6138210296631,216.33062362670898,351.41085863113403,38.60078988456378,42.9493711017691
989,43.67661599251518,44.76909747161143,436.1266326904297,401.6999387741089,218.20526123046875,353.6226296424866,40.22272707858225,43.71440047822463
990,41.6664557709132,45.394680993946835,431.45862579345703,401.1230707168579,208.9267921447754,353.97228240966797,42.7100434346848,44.591436036613764
991,41.76679485064767,45.459393847841184,428.76522064208984,400.83648204803467,204.25912857055664,351.6312503814697,44.04268788930752,45.191762852481396
992,40.20565116327647,45.42885933206032,422.5672149658203,400.48230171203613,192.23140716552734,349.11505937576294,43.113632592595266,45.4200189929665
993,39.97901379925076,43.956450296537255,411.15100860595703,400.2737760543823,184.2794418334961,349.10881519317627,41.187504158490775,45.384669643275785
994,44.16234253899451,45.03558184748132,411.8383026123047,400.3044605255127,188.67305755615234,346.86412811279297,40.12271607420087,45.09364155294801
995,43.65386371748205,45.192454214496536,400.9014129638672,400.4813575744629,181.03363037109375,344.42436933517456,40.79606193286972,44.70785668013636
996,47.377544511931916,46.186575833319345,398.82659912109375,400.64846992492676,174.38507080078125,343.498170375824,42.855832315588515,44.69207185704951
997,48.53221514851079,46.191779377471846,394.79331970214844,400.3926944732666,175.51738739013672,343.34009170532227,45.246847937323224,45.251764339314434
998,49.2703267320909,47.8767601178542,390.5170440673828,400.46247482299805,169.88872528076172,341.90264225006104,47.26174450248418,46.07533710095765
999,48.367335810475254,48.151204410977634,378.50486755371094,399.9180507659912,163.9982032775879,339.0284729003906,48.6560858770065,46.86835429750337
1000,50.19907836800828,47.14980870179349,376.95323944091797,397.80906200408936,163.4358024597168,335.49975872039795,49.26323360832303,47.55399127262825
1001,48.28340747476294,47.786205577034686,367.5934600830078,395.83353996276855,154.30463790893555,332.89443254470825,49.27702852223532,47.918547014762716
1002,43.81992169619684,46.38264906383624,367.4471664428711,395.64891815185547,149.83453750610352,330.8183813095093,48.88221866010888,47.760446312329414
1003,42.742085751665,45.636884036773196,364.8750305175781,394.5251798629761,149.7151756286621,331.50519847869873,47.51489988120536,47.19806801085527
1004,44.1729316194007,45.818683081639776,361.1882781982422,394.26262378692627,147.71252632141113,330.96219062805176,45.04488505346293,46.4608361921359
1005,45.36332310327098,48.065025245919585,357.31483459472656,393.57795238494873,142.13114738464355,333.23490142822266,43.07019333504477,45.92498962236177
1006,47.73542879922169,48.635611326362344,350.6977844238281,396.46885871887207,135.4063606262207,333.9342927932739,43.29093663583847,46.200852528467344
1007,49.943050204930195,49.78398237718302,344.7173309326172,395.7740592956543,133.24625968933105,332.0556950569153,45.490247511834006,47.45002619558887
1008,51.370476415213176,50.12964941238528,339.07920837402344,393.0996608734131,126.63925170898438,330.8258271217346,48.20318452194076,48.980327203488855
1009,50.78808661141467,50.23413049695763,335.21453857421875,392.5869083404541,122.70496368408203,330.9938406944275,50.2825952666903,49.995491429952224
1010,51.639253364611015,52.51815408381655,333.3854675292969,392.7103328704834,126.4735221862793,331.0885548591614,51.31120904084711,50.4317947056353
1011,53.25089517435812,51.6547547492846,331.7464828491211,392.66462802886963,120.90325355529785,331.4685916900635,51.570785026761435,50.857132163365435
1012,55.052010331117394,52.04800385259355,329.69600677490234,392.54167556762695,117.62214660644531,332.27941274642944,51.952586047698986,51.56385371105032
1013,54.42052604922039,49.84662182187511,326.1613464355469,392.0641565322876,119.48652267456055,333.2165765762329,53.08806590164438,52.03634623323938
1014,56.21661325043916,51.756897384390754,315.2175521850586,391.93326473236084,109.17143821716309,334.50034618377686,54.54229848706005,51.7241118085129
1015,57.54707661298089,54.74255857841873,311.2582015991211,391.39180183410645,108.2110595703125,329.9302053451538,55.60029865856815,51.187720143341345
1016,57.73610686284944,55.851436759198485,301.98511123657227,390.7540798187256,105.34709930419922,328.8712692260742,56.35978417947049,51.79557734138539
1017,57.9994721841922,55.545837095923574,302.318058013916,390.7209062576294,106.81774139404297,330.1222515106201,57.190413552616015,53.84471176024522
1018,58.723909810221976,55.54289665818152,297.5504684448242,388.55230808258057,98.69698524475098,331.80041313171387,57.940309555694675,55.843576586065176
1019,62.89093372708236,60.22118430003696,292.724609375,386.1242437362671,101.51803970336914,331.44747734069824,58.56877007849454,56.61837388368357
1020,62.98590768196331,58.49231136001397,292.2237014770508,383.2298183441162,101.68240547180176,329.950590133667,59.720463642945184,57.0062401152098
1021,78.05138738331884,55.91661669149243,295.114688873291,383.34779262542725,117.90693283081055,332.8873085975647,62.337245107729586,57.936828060761954
1022,74.81238153923498,55.53245293834606,295.0217056274414,387.84690856933594,118.19703102111816,338.3125591278076,67.18594163513617,58.37276036239957
1023,75.75657157394112,57.20966699810991,293.1831932067871,386.5006971359253,116.158447265625,331.1356544494629,73.25321223438188,57.31087092607791
1024,74.64464081152641,56.15103906506774,287.9774475097656,389.7598600387573,113.05204391479492,333.0918860435486,77.17516173576429,55.93762336886555
1025,74.13404432571008,56.849753046760284,288.13732147216797,393.3438491821289,113.15911293029785,333.85470628738403,77.05500075904143,55.74978513664111
1026,75.84263532651114,56.90917673699233,284.79618072509766,394.53410625457764,112.85707473754883,335.7047653198242,74.95520681502323,56.46124482750354
1027,75.94191777498041,58.910552461164976,279.95914459228516,395.3893232345581,109.48820114135742,335.38161277770996,73.94545467860746,57.10698878099477
1028,75.89189387896283,60.98740983244128,275.4584312438965,396.23531341552734,102.46379852294922,333.1806993484497,74.79025074863242,57.70244486791617
1029,76.31881801473196,60.23351032008039,276.6086959838867,396.23351097106934,103.37491035461426,333.1788969039917,76.09050425342579,58.81954547711569
1030,75.50588498394447,59.80838404109034,274.16894912719727,394.88850116729736,101.04666709899902,332.68054246902466,76.53755907330529,60.18074560841337
1031,82.08421861201806,62.985355574238696,270.6181335449219,393.15690994262695,101.70472145080566,332.99320220947266,76.45738114973253,60.91333476697918
1032,79.62237286588059,63.58258261698103,266.28076553344727,390.68275451660156,95.71748733520508,331.8241238594055,77.26384529545687,61.20407490455931
1033,81.19584385556928,64.71061507257997,264.61124420166016,389.7160005569458,96.36091232299805,330.59232473373413,79.31321694649088,62.085780268360075
1034,84.65927212530217,64.93407161867505,260.71380615234375,386.5527534484863,92.16081619262695,323.28630924224854,81.2938582282121,63.630176630644364
1035,85.63145369715676,63.51843400199812,261.7403030395508,386.6722297668457,99.7166633605957,323.8915014266968,82.57724837527682,64.81979683589896
1036,87.1024906140157,63.23389615642568,258.8028335571289,384.4242811203003,95.43292999267578,320.97079038619995,83.9804688704781,64.8757776659259
1037,86.77121611607984,65.72820268851015,259.747314453125,383.0477285385132,91.54349327087402,315.8121085166931,85.7543677072682,64.12790213033622
1038,89.53112224456056,66.88304300004044,256.96447372436523,374.8374652862549,84.00650024414062,313.9587664604187,87.18282848229825,63.86139333087768
1039,86.91014435729421,67.18998202094645,255.48572540283203,376.0371208190918,84.61123466491699,312.7105736732483,87.93045009325309,64.9435644592068
1040,81.65757111224313,68.50394945600303,249.298095703125,376.42473220825195,79.65076446533203,311.86569929122925,87.87075725098097,66.72553017122857
1041,82.40230509235279,78.71449332006229,250.61649322509766,375.62629222869873,81.87049865722656,311.59509658813477,86.34546317223874,68.49481885024387
1042,82.35187323111978,112.40050469825796,246.49566650390625,374.29896354675293,107.62208938598633,315.7955861091614,83.59520734984201,72.82256428995039
1043,77.07214290566317,107.65232576658157,243.03855895996094,373.8392114639282,108.79817008972168,316.7930245399475,81.29998646581136,84.46566094618002
1044,83.39511239459536,127.17233102128064,233.0831527709961,370.6965208053589,99.58749771118164,316.5311551094055,80.28893720469414,102.30190448875109
1045,98.6244240597011,144.04187763155105,232.59878158569336,402.10840702056885,122.6036262512207,387.18034744262695,81.03965509542411,118.92010322667741
1047,110.17315763144495,69.62017788333809,213.18599700927734,405.9080457687378,183.34300994873047,333.18469047546387,86.13463304874516,127.60221691251009
1050,133.5479226214461,149.90420186554476,230.10194778442383,350.8172535896301,147.51996994018555,328.49297046661377,97.92289056776748,124.003761569273
1051,127.16815425918696,158.13159153633305,238.40547561645508,342.909951210022,150.73633193969727,324.4626832008362,114.26390014823076,116.37897210363032
1052,124.52465715464034,178.78365390211616,237.79443740844727,342.31982231140137,154.64628219604492,324.0893626213074,128.01909365431345,125.80097426872675
1053,144.16794304182818,177.37339080124877,237.6564598083496,338.9686918258667,150.56955337524414,320.1609134674072,133.19817885553297,155.01037043914016
1054,116.63940847513491,175.91451509613657,238.0373764038086,350.2611994743347,147.17514038085938,349.7396492958069,132.06460403662288,180.8780068224817
1055,130.34251078951462,167.02508324882095,237.98664093017578,345.87029457092285,145.8330249786377,345.81122159957886,129.88632719343374,186.34931265693803
1056,134.81887563100958,178.7980898116367,237.60929107666016,364.4107961654663,140.2685832977295,389.9255561828613,128.09002804471464,177.27456713610883
1057,129.35581363468432,176.6155106369533,237.28836059570312,360.55060386657715,123.50166320800781,386.80119037628174,127.99845757405132,169.57242643164108
1058,137.82769827915223,179.65752183475556,237.4622917175293,358.61947774887085,124.79595184326172,381.1742162704468,130.68330783783333,171.24082818987037
1059,150.17240944858537,162.28717216794954,234.0817642211914,341.46801710128784,132.57835388183594,362.75997161865234,134.68198874767998,176.88766655153083
1060,145.02167646610383,176.14582754527308,234.06879425048828,338.67624521255493,131.7821502685547,368.7037467956543,139.63979709247997,177.43678416935515
1061,133.83392442658663,166.54550727870898,235.21821975708008,341.2154817581177,133.54204177856445,372.04273223876953,144.58498037453265,172.30855258671448
1062,157.26270768086647,166.37840579188529,230.5275535583496,329.80414152145386,136.03273391723633,349.03897047042847,145.99296564253305,167.88758040667634
1063,154.34722855874253,168.95795153447273,230.72195053100586,329.77388620376587,141.55052185058594,350.079710483551,145.23483286508517,167.02618660843635
1064,150.76496475577062,160.462748526623,230.08188247680664,325.8659291267395,137.98667907714844,349.4964265823364,147.95214087028964,167.30026714478814
1065,156.10013287207997,134.80108627481883,230.20065307617188,324.29348945617676,141.48900985717773,349.1120982170105,153.31164468552606,164.9115153960094
1066,122.54326345686664,175.7212244145173,233.07968139648438,328.06647777557373,136.31912231445312,374.64752197265625,154.45251175448934,158.05579333701823
1067,127.07008818400035,173.5898093047728,234.09469604492188,328.9715838432312,138.62625122070312,374.0184688568115,146.86568303401563,153.2845752267114
1068,141.1728116572248,178.82941226385634,234.48471069335938,332.53960847854614,138.67243766784668,369.6749210357666,134.0021201215545,159.87683957311035
1069,151.45636722053297,175.58873628181243,235.53630828857422,332.4801278114319,137.7815055847168,370.69716453552246,127.51533522998339,173.75545607945696
1070,155.8722629951068,173.12432010903373,236.74522399902344,334.32342767715454,150.29457092285156,368.9815378189087,135.11255371296886,181.71700269123136
1071,149.92694439873296,164.16256528624174,239.1923713684082,332.4460959434509,145.33788681030273,374.7668266296387,149.6025769879479,178.94907139716403
1072,128.29852315874874,174.57463777318628,238.2436752319336,327.3485469818115,138.19719314575195,373.1815767288208,156.6636807030087,171.4739429999981
1073,131.79806412121917,175.21888221635635,238.70594024658203,327.3608422279358,141.51951789855957,371.7511224746704,149.68955068584032,167.40135045711372
1074,144.5408398219921,176.61780452543283,239.4895362854004,327.70901441574097,141.25042915344238,371.66979789733887,136.15036032725382,169.86439413809322
1075,150.47132522341207,138.39508625807653,237.66765594482422,311.8509578704834,136.63416862487793,335.84625720977783,130.47889704592484,173.4606835718796
1076,164.92009655428555,176.06468768903213,245.3439712524414,316.45349979400635,137.54058837890625,350.99741220474243,138.7471913698397,169.70840740867888
1077,156.01113112150296,176.75695227945536,248.1578826904297,318.64136695861816,137.9591178894043,354.70508337020874,153.27924376689504,161.55977892926842
1078,156.84665376890896,169.79171105925252,248.07315826416016,318.34907054901123,135.3650951385498,352.5975751876831,162.51010241082955,161.59716488603917
1079,155.7044144253316,177.54350390879506,252.73849487304688,318.6398649215698,139.43632125854492,357.6578950881958,162.11022832333933,170.86878608172404
1080,150.6575226914158,170.76474400924843,252.95001983642578,317.1433210372925,141.23773574829102,354.7149968147278,156.7249601302865,177.7847258482761
1081,160.58868167854732,175.6749459318681,254.3264389038086,317.77557134628296,141.65328979492188,354.97158765792847,152.97729052561095,177.00804618150397
1082,163.57485006299555,178.62235887848348,257.7045249938965,319.1592049598694,148.2776927947998,363.34975719451904,153.7621383516163,173.66801398207298
1083,161.26761875245305,177.8257333291956,258.92974853515625,315.8969736099243,147.46891975402832,345.80188751220703,158.1836542659336,173.55051932133722
1084,163.2764028629844,172.47109737589795,260.1520347595215,313.4760117530823,150.74316024780273,349.0295934677124,162.6992924009182,176.40467156354592
1085,164.6672900449152,170.1795334940204,263.9790725708008,313.8151502609253,156.5569305419922,366.08616828918457,164.29392983908735,177.58082136976887
1086,161.24577692133985,175.20425305200283,262.58739471435547,309.13100481033325,158.7121868133545,355.0605082511902,163.62504242687308,174.93838554569956
1087,167.27261683917993,175.8361937352218,265.97036361694336,310.30664920806885,173.7931251525879,367.14016914367676,163.0080993314092,171.8872840268161
1088,167.97179018446795,166.912450098557,266.5327835083008,310.50674200057983,169.7974967956543,365.70117473602295,163.68771326894407,171.85674946995852
1089,170.9257032842067,168.18952220087027,267.9030418395996,307.44829416275024,173.68412017822266,359.5420289039612,165.8481477169704,172.79227526767778
1090,167.95240251237547,172.94046665980312,268.244571685791,303.29290866851807,170.313720703125,348.73199701309204,168.5540623249695,171.38385824179863
1091,167.86437796841514,172.73881154470183,273.2623291015625,304.8271107673645,181.58031463623047,358.19628953933716,170.02254326347764,169.33198029660198
1092,168.73688443182178,175.7234897536564,275.48328399658203,303.95062923431396,181.06714248657227,353.7596368789673,169.48145012409609,170.10832931674943
1093,168.51390487452883,173.09827165744886,279.3886184692383,304.6456003189087,187.01129913330078,355.00396728515625,168.20013102366138,173.1475090591417
1094,166.86444941254237,173.2483737776313,278.91332626342773,300.7111430168152,186.01287841796875,352.995765209198,167.7232779006957,175.19990700937126
1095,168.08551562540825,172.98020299597798,283.39929580688477,301.601185798645,194.6455192565918,357.23477125167847,167.92421726504307,174.77060210565577
1096,167.33522049566795,170.23168921973877,283.3323097229004,298.8232970237732,192.12818145751953,351.72019243240356,167.91850160743067,173.08488431622067
1097,169.13401106556628,165.09786577486668,286.59210205078125,299.12121534347534,199.28655624389648,356.07022047042847,167.6964206855644,171.42123917172637
1098,169.44955567879592,166.26868564512353,290.64910888671875,299.6003007888794,202.89159774780273,356.0129714012146,167.86853961952448,169.41289015319248
1099,169.16167018081205,168.65275266715824,291.1123275756836,298.2643461227417,201.63738250732422,348.31689834594727,168.6122869483117,167.04810332785988
1100,168.43608378774604,171.1130675215198,298.431453704834,298.20868492126465,216.32572174072266,348.8146948814392,169.3375068053171,166.11256292633203
1101,170.20674669953925,171.3786767547796,300.0616455078125,296.9477891921997,220.3616714477539,349.36795949935913,169.4465048407031,167.78827639498599
1102,171.06134399436027,174.46956912234492,304.2318344116211,297.1001601219177,225.5567741394043,349.75855350494385,169.29729568363447,170.74338449865883
1103,169.63760628218984,178.07276223106086,305.2242660522461,296.072359085083,224.05935287475586,346.74694776535034,169.65576498299365,173.2029419548242
1104,169.93659343098497,179.854607028621,308.6136817932129,295.96502780914307,226.50863647460938,346.36075258255005,170.3192782693499,175.23381839056813
1105,172.4007904849243,175.92064402061666,312.4967956542969,296.1590051651001,232.489013671875,348.6151385307312,170.57820791983855,177.38321238240422
1106,172.8727216212467,172.15229382856424,315.83568572998047,295.8229351043701,237.19247817993164,348.77516984939575,170.73874858459823,178.44841778884563
1107,171.76495701103477,172.11157793156474,316.9710159301758,293.3219361305237,240.1644515991211,348.7784743309021,171.5131096152504,176.8131499010381
1108,169.10967089441152,173.34471237104287,318.5244369506836,289.05258893966675,243.75144958496094,344.0654683113098,172.3117718880233,173.4879661488997
1109,167.10923073957622,172.40573137766114,322.0603942871094,287.6908206939697,247.97435760498047,342.25411891937256,171.7365388386925,171.41838600583114
1110,168.39801354074564,170.93747356980631,326.72290802001953,288.52726221084595,253.28723907470703,341.1952471733093,169.6409169265616,171.64819735469604
1111,170.64406852274112,168.545735775706,331.14524841308594,288.9933443069458,258.125,341.82262659072876,167.7549447054347,172.2574594646625
1112,169.95629450196148,168.63223579973965,334.05773162841797,289.33432817459106,262.52355575561523,343.8156795501709,167.8260247260148,171.3302623114511
1113,169.3745413405988,178.83352443347422,335.29396057128906,288.07570695877075,269.864444732666,339.87635135650635,169.41801034943356,169.8006505390173
1114,167.85645653581628,171.64702847167106,339.3213653564453,285.9968662261963,271.37414932250977,340.481972694397,170.4405576897104,170.41537765210043
1115,166.05560238431522,171.53693634509867,344.0099334716797,286.1850929260254,273.95030975341797,339.71582651138306,169.67467793584376,173.16026701364683
1116,163.89212398432673,171.99118089179615,346.8764877319336,284.295015335083,276.29138946533203,332.8295874595642,167.667977520547,174.53442509321914
1117,161.98333000296125,169.15466901290355,351.77703857421875,283.52386951446533,286.5525436401367,333.5034227371216,165.45283157147873,172.95891847806988
1118,160.61727369651808,177.6020450206958,353.6920928955078,282.24655866622925,282.5979232788086,334.8014831542969,163.48392103962752,170.91188415167173
1119,163.7456020740227,172.86965370648778,356.12491607666016,281.21528148651123,289.57881927490234,335.30505180358887,161.97745991894047,171.19085008307923
1120,164.10619692747022,175.84548156242312,357.9829788208008,280.29144287109375,291.23510360717773,333.24193954467773,161.55531205214422,173.58224918524502
1121,165.53090775276377,175.2102889943317,361.23870849609375,280.0856852531433,296.7002868652344,332.0190453529358,162.62101954918697,175.580459975108
1122,165.40040077865356,168.68088556950298,367.2017288208008,280.3355383872986,298.66018295288086,332.14592456817627,164.4051095548081,175.55069603642235
1123,166.38260414984452,172.81836590260602,371.69158935546875,280.5307602882385,302.6754379272461,331.7308044433594,165.67659251884493,173.7297348380391
1124,166.54548212926545,172.24674361704587,376.5598678588867,280.0540566444397,301.92535400390625,332.028443813324,166.10165658309597,171.55843728646155
1125,164.7646611165916,173.2256304921186,376.80641174316406,278.44696283340454,300.93692779541016,327.87320852279663,166.12729443149973,170.88214917124006
1126,164.9079044599203,174.71763947412646,378.74881744384766,278.59630823135376,312.3733901977539,328.74080657958984,165.93415503828444,172.0568318768446
1127,164.6921892132716,173.7523927032856,384.36256408691406,280.35143852233887,314.60458755493164,330.7979106903076,165.40003211283835,173.68647436950192
1128,167.53452300521488,174.4740584952363,386.69334411621094,282.1150231361389,317.25915908813477,330.8477997779846,164.9135185366328,174.53065029417533
1129,166.76163279091654,168.1971602510197,389.6449279785156,282.09768533706665,314.08580780029297,331.05645418167114,165.23721296133712,174.21360620077638
1130,164.69465508310182,169.78930487376886,397.59754180908203,282.03983545303345,322.8868103027344,331.03079080581665,166.2500408806705,172.6498739142002
1131,166.55048797732323,163.47538343407268,397.13035583496094,280.20859479904175,321.5347671508789,329.91454124450684,166.75413042077338,170.08527126062287
1132,167.83290484957212,177.6362285587168,397.05875396728516,279.0662741661072,320.4310989379883,322.7725911140442,166.34967390795188,167.85167338814483
1133,168.2692763839026,176.4988151525794,400.3720474243164,278.85266304016113,321.4422607421875,323.15820693969727,166.2226861112907,168.39773021475028
1134,169.0361688543177,177.7877493432715,405.59967041015625,278.90347480773926,335.75817108154297,323.9509177207947,167.1849516429183,172.6259141475001
1135,163.70891058908106,177.77999398793818,405.8262252807617,274.05223846435547,330.4529571533203,312.5832223892212,168.276923669594,177.49706477273972
1136,163.40190279276487,179.0933576334016,408.73504638671875,274.4152808189392,330.38150787353516,314.3264436721802,167.81406903233616,179.46642504130608
1137,161.18239985697247,167.78125087032018,408.753662109375,270.1564049720764,328.59859466552734,304.0135431289673,165.40283493938168,178.35310220770378
1138,148.72731621231824,156.39512404282354,408.10760498046875,264.8243021965027,327.9174041748047,292.7992272377014,161.9657678439516,174.69322464087156
1139,159.4438536356925,167.32399162507483,407.74391174316406,258.2517099380493,327.40543365478516,282.06987619400024,158.05252196038325,168.27108619954072
1140,157.145131278357,168.0367582552692,411.0636520385742,255.76476573944092,329.1683578491211,280.8229064941406,154.8833095382404,162.31488893863497
1141,156.4255844173305,166.98865277989876,414.7657775878906,256.3321280479431,334.6762466430664,281.59924507141113,154.6195965423779,161.87848457285943
1142,154.40105925928563,173.0407085939173,418.62682342529297,256.8925380706787,342.73494720458984,281.2736463546753,156.5027761743807,166.316162218957
1143,153.4078013671539,167.86235850125777,422.02117919921875,257.5915002822876,347.4260711669922,283.3271884918213,157.1401149448952,170.42440268038555
1144,150.48119070213409,163.78084727904712,424.70142364501953,257.22137689590454,351.95377349853516,281.9215178489685,155.27692148768472,171.09400839512423
1145,152.3780468999879,162.67332099445625,427.49141693115234,257.5802993774414,353.15589904785156,282.46976137161255,152.59298030735928,168.46741197354785
1146,155.2368966908412,153.8369331024109,430.7649612426758,257.80356645584106,355.2959442138672,281.93836212158203,151.2097754137372,164.13293206381567
1147,156.98101524268364,174.65822221976381,433.14659118652344,258.0455231666565,364.2516326904297,282.74823904037476,152.1459615161595,160.53970006960517
1148,158.8926992206674,167.9468780177975,451.62193298339844,273.86356115341187,379.4249725341797,310.5826163291931,154.81471596997125,160.87760786496963
1149,162.79202135020165,173.0982954907769,451.36619567871094,273.23083877563477,385.1377487182617,313.94415378570557,157.73988975660382,165.9833495124199
1150,161.70698474710912,172.66294644525377,453.6391067504883,271.63097620010376,386.6974639892578,307.48138189315796,160.09412906432576,171.7527376758214
1151,161.29437308592702,179.19599823791498,456.4365005493164,270.9944987297058,392.8130340576172,307.42441177368164,161.7115392325796,174.3455031440502
1152,161.98315301760454,177.9450741929581,459.2710876464844,270.6452965736389,396.937255859375,307.12769508361816,162.29721071024213,175.05735163870355
1153,165.78428895564062,174.41917615780352,460.54569244384766,271.5921378135681,403.4446334838867,315.76505184173584,162.16696740753446,176.33869456075155
1154,165.02741905426558,176.29262302089913,463.6046600341797,272.0010995864868,408.035888671875,313.24047088623047,162.62951531764955,177.43434133548058
1155,163.83995229929087,172.50162777855923,462.8536605834961,271.83016777038574,412.39810943603516,314.282648563385,164.11329198201483,176.73015116507227
1156,161.1299394483128,178.08884965102297,466.35005950927734,272.5842547416687,420.76881408691406,314.19469356536865,165.09910301340585,175.00927360394647
1157,162.29171770071534,177.2056811224027,466.1280059814453,271.9154620170593,418.68812561035156,313.3937644958496,164.20288700889452,174.42897109337798
1158,161.89353205596478,179.77767644409585,468.0556106567383,268.5815405845642,419.03018951416016,311.0800266265869,162.2727148783409,175.88139228556923
1159,163.9055251848789,177.63630336763998,468.7599563598633,267.80691862106323,416.6275405883789,307.78406381607056,161.29190539723263,178.1158939872368
1160,163.85404588891376,175.5023492628744,471.56036376953125,266.9666361808777,422.5273132324219,307.78337717056274,161.99532999530516,179.13785714638288
1161,161.2615751626047,175.90560774386543,471.9110870361328,263.66037368774414,420.69740295410156,304.4084072113037,163.29871617362056,178.16127359866937
1162,131.75395928501035,177.36164273593644,473.0609130859375,261.63082122802734,422.2163391113281,301.0407328605652,162.20309035321935,176.33436008846638
1163,131.1379086068245,178.07133284887317,473.31398010253906,261.5594530105591,422.8193664550781,301.76276206970215,154.45061534732466,175.60868279102095
1164,140.58567766299146,173.18527742059874,475.48397064208984,261.9880700111389,426.71287536621094,304.7170114517212,140.94190890940197,176.36154068283798
1165,169.80442148480103,174.80036916441884,476.79649353027344,262.1665120124817,433.8971710205078,309.0449810028076,132.7392909904407,176.79272900493703
1166,168.24345014539534,171.95003298651963,477.9618835449219,262.70074367523193,438.42506408691406,312.2702407836914,140.6494519477503,175.54308289366978
1167,166.89472343747983,173.69477978700777,479.4892883300781,262.5014877319336,437.6089096069336,312.03723192214966,159.72393724731236,173.55614167675435
1168,158.43372196846633,174.95413543212806,481.8107223510742,261.63586378097534,440.0466537475586,308.8942837715149,172.97445372897576,172.5684297081396
1169,157.41338272058198,176.49426754623119,483.36658477783203,261.65300846099854,442.22923278808594,308.97820472717285,171.1286139123705,173.24393717147333
1170,174.24876749490372,177.02664533728455,484.3400192260742,261.6227316856384,444.60750579833984,309.0383291244507,161.82639095247004,174.97462957676342
1171,161.2768807486216,171.83076257949295,483.5385513305664,261.68465852737427,444.47959899902344,305.24675846099854,158.26047824418598,176.35183433182655
1172,146.07905191475012,168.33682904652792,483.9407730102539,260.0914692878723,447.39280700683594,302.3123574256897,162.05678180834846,175.76877658853533
1173,160.5243873145766,168.40091645340948,483.5982894897461,258.5957407951355,445.46958923339844,302.15648889541626,163.11179588462275,172.7427719658537
1174,174.1735417950677,173.3821555051372,484.13562774658203,256.6861581802368,446.9743347167969,300.2620339393616,158.43113360141757,169.2961494043561
1175,163.4483133762493,168.68683864028344,484.70497131347656,254.90032196044922,448.1874465942383,296.6347002983093,157.4989036174636,168.3444737714557
1176,167.25573091246005,168.53200812403605,484.9644470214844,254.46707010269165,449.21913146972656,295.65447092056274,164.0084247593867,169.7679147077821
1177,170.78352490105567,169.0898788499405,484.9372100830078,250.2928876876831,448.6998748779297,291.28594636917114,169.9388454530105,170.60578182507004
1178,172.17613717387994,171.7369981996758,485.30811309814453,251.08506202697754,449.57603454589844,292.9054856300354,170.545087928047,169.76426409251485
1179,172.49996442146997,170.33730221389214,486.42295837402344,248.54488134384155,450.54393768310547,290.9629011154175,169.67428946518032,169.16146918962613
1180,173.7171362704996,168.83518327886026,487.6503372192383,246.22097253799438,451.01661682128906,289.09913063049316,170.80926498101934,169.87824458903765
1181,171.13628146861467,168.26022654108212,488.14056396484375,244.32621717453003,450.9101104736328,287.6549005508423,172.84208169189054,170.49110075212354
1182,177.95812502894597,174.36838679188216,489.45247650146484,242.31127738952637,451.632080078125,288.3287572860718,173.78513987183814,170.01831804379543
1183,179.47712661652733,177.5117080108067,489.40086364746094,243.68122100830078,451.5713119506836,288.7470746040344,174.23641417862007,170.15969624302625
1184,173.9933270553528,174.44465847628607,488.9567565917969,243.90764236450195,451.50779724121094,290.52396297454834,175.79533541328686,172.6550525370472
1185,176.65800287411528,174.08336282762372,488.9232635498047,244.23927068710327,451.0066223144531,293.6740779876709,177.49653264136438,175.80729210496395
1186,177.35406720896262,173.86064009598385,488.83094787597656,244.8493766784668,452.4290466308594,290.70504426956177,177.41808033681866,176.55122852499036
1187,178.77060092999358,173.23376334104023,489.0122604370117,245.0456714630127,453.1102752685547,291.3605546951294,176.46054007515383,174.84443868006844
1188,176.72995556055372,169.9854294321876,489.2844772338867,244.47700023651123,453.50563049316406,290.38708448410034,176.6333088495243,172.96381886358688
1189,169.41896759233688,166.49415543947768,488.69606018066406,239.0840220451355,454.1039276123047,286.1921954154968,177.2829086708932,171.69309080561632
1190,174.07695856600532,178.1817036449694,489.0210723876953,240.37463665008545,450.28858184814453,288.4001684188843,176.08165112960916,170.50266818835112
1191,179.13017225290548,176.58330890850368,488.7637710571289,240.83608388900757,450.3511047363281,286.77496433258057,173.50651162073177,170.63660599148807
1192,170.2581825627477,169.76092042115692,488.7369918823242,240.92798709869385,451.04969024658203,287.5516676902771,172.79565874695916,173.22448096762523
1193,169.82051870303476,168.85116177207823,488.5272979736328,240.7749080657959,451.06590270996094,287.7884531021118,174.0179422509291,175.2329553412021
1194,169.06959272854436,172.80905077005346,489.16080474853516,239.4636082649231,452.73292541503906,280.605411529541,173.5853410654397,173.45901698663266
1195,171.97207985773454,174.6900016122398,490.2748107910156,238.16971063613892,455.68702697753906,280.71643352508545,170.8188041916219,170.39975690537563
1196,173.05403802587733,174.80763369296002,490.2068328857422,237.96905994415283,455.3385925292969,276.71249628067017,169.08047041562597,170.47717647141994
1197,174.13931320234582,175.23465473770608,490.7034683227539,236.55109405517578,459.29805755615234,276.21508598327637,170.38936116374725,173.4960407860644
1198,175.65092506131253,177.56806263798083,491.3532257080078,236.26617908477783,459.53914642333984,277.0850872993469,173.18360411436007,176.0550059023917
1199,174.76887607658043,177.1282899652731,491.65821075439453,236.41464471817017,461.9895553588867,277.8126311302185,175.1254377847715,176.75307329076526
1200,175.3116856178972,175.22944067537753,491.62147521972656,236.31572484970093,462.2557830810547,278.1929683685303,175.57161607079382,176.67495969538828
1201,175.27786511882303,175.2214869988022,491.59008026123047,235.99100589752197,462.9234313964844,278.5239315032959,175.25643579400568,176.49331058685803
1202,172.71565681534364,172.26870225300092,490.74424743652344,236.049907207489,462.3983383178711,282.8136205673218,174.9092281161381,175.8118045877346
1203,167.89021996769918,166.5288895092567,489.1024398803711,237.0542550086975,461.77215576171875,283.8197064399719,174.22341268437083,174.1729261076258
1204,162.64826744030216,160.1651049949238,486.3223648071289,235.5977725982666,464.74491119384766,292.5062870979309,172.01165560344674,171.04256243756498
1205,159.67347197818205,156.37894956598907,483.0256652832031,238.79275560379028,464.9864196777344,293.9389729499817,167.75124794605395,166.072723599519
1206,164.1470192766384,167.91959035388928,482.6932144165039,235.66060066223145,464.7303009033203,293.3103060722351,162.9788200306863,160.8819561834202
1207,164.18577220794882,169.21475715284768,483.35960388183594,235.96811056137085,472.6071548461914,297.10054636001587,160.56233095760138,159.37853218747014
1208,161.27439449052932,156.82912075708717,483.7589645385742,236.4589762687683,478.87073516845703,297.66250133514404,161.5293592696738,162.80676320277877
1210,153.30421427864957,121.876287197369,487.0032501220703,249.09887552261353,415.0813674926758,209.33817386627197,162.97740439967563,164.111692838163
1217,148.9355184590918,110.17521909528139,461.3675308227539,292.650203704834,507.07611083984375,353.7479639053345,160.86794731000927,152.9421349847352
1218,147.85736801855,123.14129482794999,459.0834426879883,291.88461542129517,506.0585021972656,354.09963369369507,154.85037489466592,130.3976770323884
1219,118.00209045288254,115.11683481974956,465.58414459228516,292.3055934906006,511.3707733154297,355.3543496131897,147.38044727015594,112.17794015010637
1220,165.89227049224027,128.131859401984,465.3929901123047,292.00209617614746,511.1555480957031,352.32242345809937,140.38235344527098,110.10497727379719
1221,98.18201441921042,170.0639599705729,467.39662170410156,284.0867257118225,511.06468200683594,340.48328161239624,135.97327937244933,121.09737675475372
1222,101.10185846439178,174.87958631852257,476.2506103515625,285.60198068618774,520.5419158935547,343.9339542388916,131.3916150902907,139.23881564640078
1223,122.205365202309,153.16581040216312,475.0143814086914,283.9665198326111,514.9488067626953,342.7618718147278,119.8879855809153,159.77966579881047
1224,127.0197415275723,160.56362852077703,475.64781188964844,284.9009370803833,515.8786010742188,342.8745460510254,107.99873849407857,171.64341482722102
1225,148.9508687885483,150.83272087087593,475.45387268066406,281.7420244216919,513.3076095581055,341.3353657722473,111.02525520155103,167.6444116051111
1226,132.01788699315813,131.86598227554427,474.09141540527344,289.2661142349243,516.0117721557617,349.4934010505676,128.22481965268926,155.20496245178344
1227,145.75548638361397,121.60037515164572,471.58241271972656,292.0588946342468,507.2452926635742,349.3002390861511,143.28776436492564,143.37880449620502
1228,140.78563638139315,116.08949495935653,470.45040130615234,297.38112688064575,510.88375091552734,357.2677516937256,146.19029276972654,132.56109903166282
1229,155.95874087079534,139.40438262004253,463.5264587402344,296.46308183670044,492.4958038330078,337.05490350723267,142.75551104695532,123.19283326513876
1230,141.2192925191822,105.59046239596243,462.42637634277344,292.783842086792,497.1514129638672,337.84600496292114,142.85165443943725,119.86861584089462
1231,144.64337442246108,119.27190289282466,459.84066009521484,283.2909035682678,496.2572479248047,334.798800945282,146.70678722914664,121.36715642452181
1232,142.27694531520953,123.19700322228108,457.81620025634766,281.4546847343445,489.29004669189453,334.6213459968567,147.9454812974505,120.78282855346953
1233,134.49159459362673,79.78743255764716,458.0561065673828,273.8503646850586,484.0888214111328,324.4604730606079,144.5276644868046,116.30038742454937
1234,122.31896744423159,122.17786217432042,465.5634307861328,262.3426151275635,488.5728073120117,298.5870909690857,138.98596845491264,109.52317416422613
1235,146.640135111096,151.34674976574883,457.0602798461914,269.8220729827881,484.04762268066406,315.7214283943176,133.49342645491612,105.61211207251023
1236,140.6252170150821,104.35237594096056,458.0084991455078,261.6127109527588,477.01602935791016,313.83853912353516,131.5928099229215,113.54864988241802
1237,140.82726284552754,122.88314690842347,458.4955596923828,257.1758222579956,479.7195053100586,314.182333946228,135.98730191032507,127.44803234319876
1238,133.48921877635806,116.02212442853876,456.3081741333008,263.17596673965454,475.3022766113281,329.7662901878357,141.85957940384793,129.81987422578558
1239,125.1640409676349,108.87163921614044,456.3928985595703,265.3858709335327,478.4872817993164,336.786253452301,141.59586381488873,119.96122876835499
1240,137.93083683417933,95.3000623437945,452.22808837890625,266.4215040206909,477.1718978881836,336.68012380599976,135.00656300836906,110.3195986574303
1241,134.97696036814756,111.95447096170379,452.45906829833984,266.826388835907,477.9601287841797,339.3872666358948,129.52928265981404,105.33048352286664
1242,133.35580081542545,116.10152115078647,453.6476135253906,268.29840660095215,480.6425094604492,346.31210803985596,130.55036672015754,103.9634856252737
1243,136.18405915509314,112.30434806097082,450.6295394897461,261.07455253601074,479.1588592529297,343.02223920822144,134.8727435248142,107.21129753581542
1244,108.73597531598962,79.32107186651261,449.15828704833984,252.4738883972168,476.1205291748047,334.84729528427124,135.59642110946479,111.44606896157842
1245,86.03980943139304,70.94154674735091,445.3654098510742,251.02500200271606,465.65303802490234,323.19217443466187,127.75389725990067,106.40123731358156
1246,81.08231539010973,60.36994094343608,444.8991012573242,251.15557193756104,463.3125686645508,316.35852813720703,110.206909598292,88.42369410591516
1247,102.0510885629312,51.848828762171635,442.2502899169922,252.11106061935425,464.65675354003906,320.40576696395874,90.54508640687914,67.43816111024456
1248,126.53806621169144,84.51016961929584,442.42496490478516,257.87081480026245,465.9471130371094,329.7228169441223,83.79939713601412,56.08184850296316
1249,134.65840309454,103.56854076434195,442.78831481933594,257.9406809806824,467.4634552001953,331.8294024467468,97.74473768398344,60.569566073947485
1250,116.18986999388814,106.85057600847595,442.92327880859375,255.76375722885132,460.5846405029297,319.2577815055847,121.34801999091597,79.26197001681128
1251,98.07417579641981,70.61279530400729,447.9237365722656,250.92614650726318,461.8370819091797,310.2818012237549,133.20936476172653,99.326350459679
1252,78.49443936828678,81.84250512459404,447.9692840576172,250.23913621902466,462.2460174560547,314.5784640312195,122.3912224572976,103.23083489445632
1253,67.87029731160605,77.2234145371109,449.19578552246094,244.67059135437012,455.694580078125,301.32554054260254,97.48715304032132,89.16890228124609
1254,83.3052729930714,57.76456234183378,449.1950225830078,246.78818464279175,445.26153564453125,283.7961673736572,75.85284096617025,73.3906319616205
1255,51.62395252913849,87.58895002973438,449.29988861083984,241.53993844985962,450.4411315917969,295.7675099372864,67.47210956053867,67.59814462120714
1256,112.51539480446446,5.40178691488109,440.4888153076172,238.82906198501587,443.3761215209961,290.4477882385254,69.76051932579745,67.06282128014564
1257,21.636060137705947,57.207230089832954,443.45958709716797,245.23810386657715,448.0363082885742,306.0799169540405,74.68586117835783,59.7181876212869
1258,29.33177349009404,17.387548939961633,443.9493179321289,242.8157901763916,448.35166931152344,303.44680309295654,71.36209380301149,43.2328214662595
1259,48.32091012194766,1.081085456666162,445.57498931884766,243.45267534255981,441.8241882324219,277.4285817146301,52.872095736548815,27.786020768038632
1260,111.53950487905247,101.34646344168513,455.67405700683594,242.9756498336792,443.25382232666016,286.273992061615,36.038984327585666,21.916503855680375
1261,118.7045763643318,130.30751489478956,461.7734146118164,242.40702152252197,447.3094940185547,288.7185573577881,49.312512836958284,35.50688027799911
1262,132.75850083702505,122.78867789803616,463.2087707519531,242.21750736236572,449.0116882324219,291.7838716506958,91.41821775146512,75.97846010647699
1263,127.4647113508421,143.18751207719768,462.6001739501953,245.93043565750122,446.64478302001953,280.1405096054077,129.8439729901009,123.34973446595396
1264,128.5705555934546,161.01745494863312,467.3845672607422,244.65872526168823,455.9083938598633,308.25162649154663,141.47047616583353,148.13522556574787
1265,127.5989552376502,149.943163434516,467.1478271484375,241.24905824661255,456.4273452758789,306.25561237335205,133.36037894648177,150.74816133926575
1266,150.65554596348224,138.05892782199425,462.74269104003906,242.5171422958374,447.65087127685547,297.95788764953613,125.73336955725318,149.18977534139117
1267,148.5169461570331,120.30598005713935,462.5885772705078,242.61385202407837,447.12158203125,286.09930515289307,130.13399685910244,147.4310565636461
1268,148.86320912281323,137.92210545789496,462.70751953125,242.6913356781006,451.4700698852539,293.8189387321472,142.86258688292045,139.80418990176875
1269,136.55559343957677,122.71942916303387,462.5699996948242,242.45701789855957,451.5740966796875,291.03203773498535,151.8205958332484,129.55383853748944
1270,139.18542553927554,124.20884866105507,463.26969146728516,243.71920108795166,454.4264602661133,291.02306842803955,149.8065893478179,124.74762133402108
1272,148.17955383930078,108.74461537385626,475.11741638183594,265.06070137023926,390.4288864135742,230.88315725326538,141.76679694115379,124.38195351211685
1273,170.63813926520228,146.1616054098477,475.1793670654297,257.41509675979614,407.1519470214844,209.18425798416138,139.28137476189022,122.98698978612272
1274,142.44044585174993,117.91275023338756,478.92662048339844,257.1963143348694,408.3816146850586,208.25175046920776,147.468455461939,122.47857391743716
1275,142.84282260578777,111.57033894301863,481.34464263916016,256.53372287750244,411.6599655151367,205.8630609512329,156.9936853048528,125.19420450074861
1276,142.2974388576147,108.29368887612374,481.942138671875,256.3714599609375,411.71722412109375,203.1412410736084,155.4365102511539,124.44167482716018
1277,152.98686774089282,99.9665425476368,472.97019958496094,275.23616552352905,395.12256622314453,235.16803979873657,145.61298797042684,115.66389709986841
1278,153.15009259869726,99.95899722217892,471.10023498535156,273.4995102882385,391.1292266845703,231.58141136169434,141.09074010646665,104.8564528314396
1279,156.15889614665068,104.10652117880417,468.3116149902344,279.8438787460327,389.2928695678711,241.34823560714722,146.73771114240236,99.11183253249037
1280,158.36936294501362,115.1526075483116,466.67755126953125,277.79080867767334,387.82073974609375,238.84146451950073,155.1571923555625,99.96801948360026
1281,158.75536152962212,112.01758982744121,464.4915008544922,278.4453535079956,384.75345611572266,238.1103801727295,159.17115011124145,105.51608772023985
1282,159.1010888500233,124.0262694672579,459.0113067626953,277.53692150115967,378.7510681152344,236.32819175720215,159.02723744271967,112.38418456004713
1283,157.9376205798777,131.7653651413372,458.6231994628906,277.3380517959595,380.6946563720703,233.3373999595642,158.22337964929886,118.28586481675414
1284,157.5015673826293,136.7440804013683,458.41564178466797,276.59286975860596,379.56295013427734,233.1385087966919,158.20663113764573,124.17985446933125
1285,159.00601503142232,124.61963465049314,454.99141693115234,278.12308073043823,374.99488830566406,237.3812699317932,158.33899851614237,130.4815486226756
1286,159.48694649010034,146.47016332492709,455.1782989501953,279.63204860687256,375.4976272583008,237.74617910385132,158.29156789860676,134.4251902617748
1287,157.8324211942595,125.71318984425659,452.1787643432617,275.3006672859192,373.19995880126953,237.4122977256775,158.48319858617205,135.12738797335146
1288,156.1064893133833,116.89373928110746,453.3638000488281,276.0542392730713,373.36669921875,237.61460065841675,158.69575192801216,133.7700337184355
1289,156.99641187495016,119.74003048745702,450.9663391113281,276.03469133377075,371.0997009277344,237.13701725006104,158.13615113160176,128.95595928445613
1290,161.10863586848487,127.59451349188444,444.09332275390625,276.4949369430542,362.12791442871094,238.14745903015137,157.17949247250044,121.70476831259968
1291,160.11909901040372,131.96537897418457,446.39720916748047,277.18087434768677,363.9877700805664,237.81763315200806,157.41507215147402,118.89042346624767
1292,161.42530249906355,133.48692571507905,445.3041458129883,277.9703664779663,365.7625198364258,237.6045799255371,159.2524405151881,123.98159447197129
1293,162.4996765236919,134.21382427975962,444.39510345458984,278.70838165283203,365.9998321533203,237.46338844299316,161.19589865688616,131.8325932173017
1294,164.93190576971847,135.7788010639625,443.3052444458008,281.95162296295166,368.42960357666016,238.1349492073059,162.22409310099397,136.02914888239587
1295,165.1215352827332,135.93714765383692,439.69738006591797,281.4613366127014,366.83837890625,237.4163317680359,162.99488741931106,135.97680957097242
1296,165.03722020368414,131.8815079725002,439.5265197753906,281.3844966888428,367.62645721435547,237.3601770401001,164.1704997109263,134.84746459733162
1297,165.23756574579707,106.05660757083056,439.13169860839844,281.8617582321167,365.9044647216797,237.34408378601074,165.24497999008247,132.94097472986272
1298,164.66920013216213,106.96325977816906,439.9275588989258,281.8095302581787,366.1100387573242,237.30202674865723,165.53169509561718,126.2809958702847
1299,165.14450098406357,116.77868708186736,437.4680709838867,281.9301223754883,362.38555908203125,237.418692111969,165.18220582346132,114.82376095130739
1300,165.05900265564534,138.29033733010075,437.32765197753906,282.93826818466187,363.39420318603516,242.04498767852783,164.83391229741665,108.160987904876
1301,166.6959427800417,148.0786471558337,437.5816345214844,285.4801869392395,364.1183853149414,242.06829071044922,164.91576849439892,115.75513842886434
1302,158.46914173780928,146.2757337054425,445.89332580566406,279.0599012374878,382.4370574951172,220.4522180557251,165.10411752436298,133.9561593185007
1303,164.93385466627308,125.43253208995606,438.8037872314453,283.3357286453247,376.4151382446289,240.5343461036682,164.374627726654,148.04964612053843
1304,169.63297202206354,140.0500200739513,433.948974609375,286.9791340827942,376.07818603515625,248.33436012268066,163.12660745626187,147.40294768460305
1305,167.99746610176527,139.72408681314852,430.43678283691406,286.4544725418091,368.0031967163086,248.46115350723267,163.8281340505305,137.41298049993458
1306,168.21347729355114,146.88972736625044,430.87120056152344,289.82643842697144,367.58323669433594,253.37929487228394,166.92654808893948,132.4568419977065
1307,171.18587207589422,123.01387426025254,431.7877960205078,293.54174852371216,367.17708587646484,258.29108476638794,169.5651003348929,136.71566169728098
1308,172.0107692440936,132.8983584163598,430.8915710449219,292.7169156074524,363.4498596191406,254.79994297027588,170.25438909332968,140.24567854572143
1309,170.4303051983247,87.93553338474734,432.2734832763672,292.78276920318604,363.92921447753906,255.31359672546387,170.4191170574429,133.900157994421
1310,171.34585785448508,98.47838814932835,430.7831573486328,292.6823043823242,359.9135971069336,255.0028896331787,171.01055597779907,118.22505569514128
1311,171.22564071007267,110.14820227894656,428.7417221069336,292.48032331466675,358.02127838134766,255.21551370620728,171.42298003525883,101.4677006375524
1313,174.937499279466,165.447473407386,423.9718246459961,288.6678099632263,370.1416778564453,214.2294716835022,171.5030395380928,97.53470298323148
1315,169.89954958397797,172.70035594794837,419.26136016845703,300.7009506225586,374.11983489990234,225.4557180404663,171.90862201112387,116.95454055665999
1318,86.07071005035165,164.63780283635572,392.8782272338867,302.8729176521301,382.413330078125,254.21828985214233,168.44289719871753,151.32545235413787
1319,96.37053176816826,159.54811694057037,390.5762481689453,288.336546421051,375.9493637084961,261.68216943740845,149.59656042021228,175.92333257009298
1320,119.83018883210065,169.82959959689657,401.1090850830078,291.7815327644348,395.2869415283203,242.03209161758423,116.10146345304162,176.6602755665687
1321,128.04715311515199,169.46040056546377,396.2255096435547,293.2998561859131,379.14859771728516,242.80913829803467,93.85306746958662,165.5159959847282
1322,123.11081473565267,168.63218810408063,397.9958724975586,298.24368238449097,379.36073303222656,242.53042459487915,101.76250346035705,161.19955222907933
1323,159.62114862849606,154.1852442269221,400.6855773925781,298.4047865867615,374.2219924926758,222.69325733184814,125.45441083570087,165.54349423121369
1324,170.5348408054702,145.66752333916122,405.7120895385742,298.4177255630493,372.55916595458984,218.34580421447754,144.10571137161247,166.90793641538465
1325,172.50231061433726,170.6687295921408,406.30455017089844,297.3787021636963,364.4341278076172,221.6186785697937,156.49050952564502,159.93652030454624
1326,170.96610255541597,135.16094628302594,405.9941864013672,299.8232674598694,358.2130432128906,226.37749671936035,167.502299969184,152.373232316467
1327,172.66675483120082,176.48350179179477,399.7948455810547,305.3559350967407,336.79256439208984,245.02859115600586,174.46394077770964,151.35322357998822
1328,173.5490063430549,159.6387493877122,404.30946350097656,301.1033034324646,347.5211715698242,228.169105052948,174.9250813124467,155.63617145774572
1329,170.38967458680744,176.1803772472963,407.80818939208984,298.3586096763611,350.9345245361328,225.24948835372925,172.4884959393043,162.2375720656919
1330,159.5051258256077,160.041127033813,410.0086975097656,292.4880266189575,349.07604217529297,220.98220109939575,170.60554237304683,168.19764340461148
1331,179.17865152116872,175.744901210671,403.260498046875,280.2317261695862,341.37420654296875,214.84734535217285,168.9131834266451,170.31711989639788
1332,172.65213205255503,146.69182978620418,399.00672912597656,291.5120458602905,325.4949951171875,241.30014896392822,168.18295834445843,168.35835469644007
1333,178.22732474801865,160.57342015145866,399.3316650390625,281.16831064224243,334.776611328125,224.02642250061035,170.85904313695843,163.66075658114457
1335,175.41888438424877,178.58275776956867,386.7931365966797,297.19547510147095,354.64427947998047,221.5684461593628,175.4387232197797,159.00591625331964
1336,162.7321894561926,109.27334261030857,397.0726013183594,297.8507709503174,352.06775665283203,220.57607173919678,177.26268711805727,157.46296429994914
1337,166.46535699454398,153.69103308259614,385.3661346435547,298.0753469467163,331.9525909423828,227.6963710784912,173.84579350061333,154.04361486834335
1338,166.18867659820324,120.39229788023255,389.42481994628906,301.80951833724976,338.6274719238281,230.53781747817993,167.5624239868401,143.06551100676666
1339,162.71426616278822,155.3827038710958,390.9370803833008,301.63036823272705,340.9868621826172,232.44149923324585,163.50215472444904,132.42738093645937
1340,173.14120828091023,169.2291900772225,377.1930694580078,308.4959006309509,310.1678466796875,252.3088788986206,163.78569212652621,133.89976941386956
1341,175.3318959384241,148.53043508439043,375.06797790527344,314.89013671875,302.49691009521484,262.78629541397095,166.9196117092298,147.6426282155441
1342,166.32231623731013,163.70672302000406,377.5532531738281,302.5237798690796,309.79114532470703,241.13125562667847,170.86789580831723,161.46582760109914
1343,167.7467276085409,171.00010499184853,372.72666931152344,303.66039276123047,294.1245460510254,253.43253135681152,172.77981407791526,165.11372811270735
1344,167.35419137977965,92.07821793200291,371.5220260620117,306.0506272315979,289.77481842041016,265.9909987449646,170.77720350346831,159.7458818085976
1345,166.25519774056355,116.99526379114707,372.60520935058594,305.8908748626709,293.7612533569336,264.11182165145874,167.23483549941008,145.53562478854533
1346,159.83535107735466,94.0758043282333,378.7788391113281,300.23016929626465,304.70020294189453,249.67503547668457,165.28861702728946,121.90457138364079
1347,175.71073315767472,125.57261012623584,378.0469512939453,299.26384449005127,307.05291748046875,249.29527759552002,164.98115634139714,101.79000837188597
1348,165.6705774256853,87.47274937731771,373.9186096191406,306.27936601638794,301.33670806884766,263.6447525024414,165.95028408665559,98.34746033396561
1349,165.3895020774725,84.27911157706897,368.49231719970703,311.0987162590027,295.93923568725586,277.41838932037354,167.97428823222242,103.88909564363182
1350,178.82194772494262,122.52980365902657,369.70176696777344,303.0892539024353,299.09210205078125,270.92437505722046,169.32690037381477,102.9404748340173
1351,171.31115426993006,119.1203749472159,366.14810943603516,311.44366979599,287.91393280029297,276.88153982162476,170.13796684265287,98.85121090773247
1352,161.93306589238648,122.10771777313884,369.2768096923828,304.87760066986084,297.3861312866211,255.67983627319336,171.5910024824029,105.23903401996904
1354,150.19438207558792,163.19407938160325,361.4577102661133,323.79258155822754,355.4818344116211,246.79773330688477,170.4583276589479,121.17151041201298
1355,156.36605341421827,132.18930150216957,370.13729095458984,325.04437923431396,355.6163787841797,247.70831108093262,163.39713671089663,136.76309799777545
1356,158.94084813324966,138.82426798417393,370.06420135498047,325.0176000595093,357.1110534667969,247.93267250061035,154.7774914815962,145.82677958500443
1357,165.21893035229007,135.78407141575016,369.40101623535156,326.498007774353,354.31392669677734,247.13077783584595,152.45992727568074,145.2553534312919
1358,162.78082497241107,142.03384646113918,361.9232940673828,329.1139769554138,346.6820526123047,256.4731693267822,157.63178732772317,138.72952631675312
1359,163.7933603322535,151.79621516283856,362.35912322998047,331.78337574005127,345.8280563354492,261.6555404663086,164.00548223920134,135.7619535870645
1360,164.6071309442922,137.62915862357139,363.03810119628906,329.53420400619507,340.018310546875,261.53700828552246,166.1446936454647,140.14956069337194
1361,166.9258509285161,138.98541375075254,364.90482330322266,326.8446135520935,340.14617919921875,259.93972063064575,164.87916064321152,145.59894779981184
1362,166.38583524791053,138.2365785928484,361.5437316894531,317.98656463623047,341.65924072265625,270.32583475112915,164.1527595910378,144.90020082316764
1363,175.1269289273798,164.42384848441475,355.4835891723633,316.5899920463562,336.0669708251953,266.1588191986084,165.7974313904086,140.81354322538257
1364,177.63716115693668,153.9311206913598,356.2371826171875,320.0663495063782,330.3504180908203,261.9904088973999,169.34674744226345,142.7300495607166
1365,177.57112519638133,158.53486354202994,350.2137756347656,317.1128296852112,328.64051818847656,266.7047452926636,173.82489311498904,152.21825608540362
1366,173.5525204484765,145.1575131994631,351.43028259277344,323.6285161972046,319.0633773803711,265.2503442764282,177.34177789906542,159.75687628829422
1367,155.41940549430757,160.28087620959178,347.40787506103516,328.357937335968,307.98425674438477,267.7266240119934,176.90908978788394,158.43755612566218
1368,146.10602933089652,144.3311932652328,347.7499008178711,322.5193691253662,297.6942443847656,258.60889434814453,170.05924998874673,152.66024823291315
1370,169.8822438430229,155.46065495710738,344.1055679321289,334.2124271392822,327.12757110595703,258.84377002716064,159.05597461086484,149.62558727912833
1371,175.81871481966573,154.1285962070488,326.92623138427734,334.1871929168701,295.70240020751953,269.5319437980652,153.4609064446795,150.4612052876791
1372,172.40341413186624,163.51920694051444,345.9337615966797,341.0713505744934,316.89517974853516,269.05039072036743,160.34113331091282,153.19505825343185
1373,173.5909055695626,162.48707414120136,345.43907165527344,331.8918228149414,315.1780128479004,266.6050100326538,172.79751367655484,157.0448055590775
1374,170.2368086564636,163.208179793932,345.5448532104492,329.104642868042,307.2800064086914,262.27734088897705,178.49467901396054,161.17692267848014
1375,160.46344857029072,138.95687622599542,343.52779388427734,328.408727645874,293.45081329345703,264.05699729919434,174.79751540116445,162.6690334651749
1376,154.88077658169314,136.1740129510881,346.63707733154297,321.6292405128479,299.2583656311035,261.41193151474,167.14385258928468,157.4454213775804
1377,147.6851916591828,134.22735798530525,348.97998809814453,322.1075105667114,300.43514251708984,266.2444996833801,159.6608067476292,145.68323496960303
1378,163.4057874315728,133.06494356885082,351.62391662597656,321.7623209953308,301.11255645751953,266.1567163467407,154.01957854843369,134.50427834266748
1379,161.8060120095573,130.40694986347987,354.83341217041016,322.36380100250244,302.14258193969727,270.5303907394409,152.7572023205366,130.22740818052625
1380,173.1615838855945,131.08213498615234,353.4362030029297,320.4761052131653,299.6319580078125,269.5275020599365,157.4932979971319,131.21153742979246
1381,145.58829196005573,136.07370512707456,352.5597381591797,318.39099884033203,295.96508026123047,268.07174921035767,164.22900791596342,132.50969252002588
1382,156.668808353196,135.16764201392226,350.7867431640625,319.0094518661499,296.54895782470703,268.0259370803833,165.2022948088072,132.93837989232162
1383,164.26211492384573,132.68619621877892,349.1147994995117,319.6716570854187,289.63390350341797,267.3134779930115,159.03963506174867,133.81222883010702
1384,160.2466335754789,133.27833075140632,348.6961364746094,317.9941391944885,283.66039276123047,266.3035297393799,154.361834460236,134.68517286616284
1385,161.91211025427148,132.8049106499459,348.1564712524414,318.4434413909912,284.067325592041,266.78006172180176,157.10063710502226,134.27132747698312
1386,140.9232692491495,130.4894360825494,347.5483703613281,319.1227054595947,278.3534622192383,267.3283910751343,161.40969181432456,132.96564369686587
1387,152.11625396249093,130.68377725769875,346.15222930908203,319.53482151031494,275.41738510131836,267.81803369522095,158.9300681785248,131.799054535259
1388,152.2166315474465,130.20558317568543,346.17725372314453,319.6061682701111,277.15946197509766,269.77877140045166,151.04913832966238,130.97875333329722
1389,150.56050341916298,128.5585244691529,346.1996078491211,320.45891761779785,278.77323150634766,270.8348751068115,146.51292637598021,130.3393941150161
1390,147.66615517180998,134.9133429415352,344.8810577392578,321.3430166244507,278.7677574157715,275.3503203392029,148.4338139034805,130.0071829188608
1391,150.23679175059902,130.48586145259233,347.3761749267578,322.5529718399048,287.294921875,275.3126621246338,151.3133474678015,130.50486024531716
1392,155.72223002189278,133.01125456949626,349.4322967529297,326.7891025543213,292.48971939086914,276.92681550979614,151.28960608774355,131.767539950287
1393,145.54908067909463,148.41307352450238,343.5261535644531,344.71282482147217,280.68050384521484,308.3432078361511,150.4507883806774,133.43316689816564
1394,143.96316747770723,147.16226088827608,343.74351501464844,344.9761962890625,281.54247283935547,308.3727979660034,150.1869363234392,136.96663651878018
1395,150.90134660812538,150.58406540076587,345.4012680053711,340.90121269226074,290.03482818603516,298.37438106536865,148.7860755677445,143.30864326185252
1396,179.5561012725291,137.69309805689278,354.4670867919922,338.77838373184204,302.0319175720215,282.25338220596313,148.26167976356587,148.80723075877611
1397,166.22852058815351,156.92010877854617,358.33431243896484,338.15475940704346,306.23056411743164,278.0813670158386,154.66942469309447,149.32496972632046
1398,153.37293433346932,167.0749687216261,356.64405822753906,339.76996421813965,304.37732696533203,278.49127292633057,165.9351687925014,148.07505045425677
1399,143.51870996901852,157.4564956894762,345.39966583251953,351.00597381591797,285.38671493530273,303.155300617218,169.41834438210708,152.1343055107861
1400,139.44803353722975,146.64336842896256,343.8011932373047,354.22762870788574,285.4355812072754,310.0367760658264,158.90097962948923,159.61234090721004
1401,138.2447553520214,147.50974949242175,344.7061538696289,352.0773983001709,286.390323638916,304.9097013473511,143.5868799683779,160.58176060338303
1402,141.80666026905607,126.58944268159485,358.90525817871094,342.5959825515747,311.24231338500977,285.07216930389404,135.4273255786398,151.8796902874281
1403,149.84196409562173,132.87795623407385,359.1172409057617,342.48547554016113,313.09436798095703,285.0412917137146,136.91701592434785,139.8325431527422
1404,164.78997664771094,124.63040960491053,361.9915771484375,341.5249228477478,311.26644134521484,283.4228467941284,143.92493840670033,130.87771695460327
1405,179.36258460960553,135.1956366180036,360.6938934326172,341.3783025741577,308.098087310791,284.2740726470947,153.68114676174372,127.30238454613156
1406,155.2870704141369,171.99264380355157,358.0126953125,345.7749366760254,298.0120277404785,300.546498298645,164.4989971524949,130.23139890140936
1407,144.10008655961363,143.6813398663951,370.9663391113281,345.92421770095825,317.159481048584,298.7921190261841,169.7863331152031,140.92706935851103
1408,139.40906965361953,133.6860407441657,368.39221954345703,343.30511569976807,312.94790267944336,297.3726511001587,162.5163835733929,153.04522708777247
1409,126.5814210638157,112.46692798638695,366.85829162597656,351.50842666625977,312.4169921875,317.3549795150757,146.5120657782823,152.47747847036254
1410,115.76355381754179,124.88190657040833,376.0667037963867,361.05597496032715,319.769229888916,331.9383215904236,132.16737369581818,135.9286721249963
1411,119.65053406831242,171.91498809014294,374.18163299560547,358.43562841415405,316.802921295166,329.8647379875183,123.52861368720261,120.65582831047611
1412,150.67712014497133,154.05502067944505,375.5879592895508,356.37152910232544,320.5057144165039,324.85334157943726,120.35901822667158,126.4774785471079
1413,158.15510314653966,145.54193603878386,382.4711227416992,357.2739315032959,333.0031204223633,326.2223196029663,126.21859106111611,149.15584435555553
1414,136.90605214607504,143.3902269025866,380.7326889038086,360.1346254348755,326.32572174072266,330.0234389305115,141.10627937001976,163.3061136601251
1415,152.99849372023644,120.78370756361737,383.64269256591797,352.2789931297302,334.4194030761719,313.897762298584,153.28930753245962,155.50531111472364
1416,148.32385437864517,105.58495106978383,387.7855682373047,350.3238558769226,337.84423828125,305.2187776565552,153.540563666702,135.8099712970301
1417,147.3676103698378,105.43278582967962,389.02626037597656,350.8919048309326,340.9629821777344,309.468834400177,147.96720183875516,117.65752499159848
1418,152.9621563756768,94.6350976107132,387.5983428955078,352.88763999938965,339.2979049682617,311.38903856277466,145.99916652610742,105.90988800696022
1419,151.4443518527639,103.54945638539306,386.75323486328125,353.6267066001892,336.6551208496094,315.0496530532837,148.51177012078398,100.1781724252697
1421,134.48371152501096,119.90021408822503,382.2721862792969,392.9431486129761,428.92086029052734,440.6664276123047,150.88423535228944,99.62916789309742
1422,144.84686256270584,109.2057130247868,382.135009765625,393.83076667785645,430.0782012939453,436.93798542022705,148.7356794419103,104.5189447622804
1423,145.7127661821022,115.24001641903311,383.3961868286133,394.492392539978,433.96228790283203,432.90231227874756,143.1690041688254,112.03971332964262
1425,175.80364449818433,165.6312258560224,397.188720703125,389.5993995666504,411.96983337402344,342.22673892974854,141.8625535422056,118.61365500277041
1426,162.93411408523542,172.22189708583124,395.9593200683594,391.9951057434082,411.7770004272461,342.1665072441101,150.5523663747509,129.70292391764684
1427,7.192794328488727,175.23429235500515,397.37754821777344,392.3283004760742,413.78257751464844,341.8762493133545,156.6863319186286,151.21102704462243
1428,40.85750222387071,131.20072011544391,397.6764678955078,398.17731857299805,414.86888885498047,344.0989422798157,130.1026803238127,171.4890686417724
1429,32.834245722681985,70.71378958973295,397.2624969482422,407.82164096832275,412.86827087402344,349.7926926612854,68.14100872191321,167.9459916127911
1430,147.8565707426143,93.99701783547299,401.9832229614258,415.1693916320801,418.2625961303711,351.6140413284302,22.269448099047246,133.35636539331324
1431,162.02259351814595,138.23222247508946,399.92191314697266,417.0010185241699,398.4231948852539,350.05687952041626,42.35281994253903,93.19824961505125
1432,149.57882759186464,157.98297423170803,410.3875732421875,417.32438564300537,402.15248107910156,349.45462703704834,113.01495308282729,86.40122512450604
1436,93.49576607599765,82.00390271071186,414.9124526977539,350.99788427352905,420.91686248779297,398.90748023986816,168.19654122874476,116.20522561469961
1437,99.03139598901066,105.10230655133336,429.9346923828125,346.3604950904846,431.7961120605469,389.7175455093384,162.68287613500513,139.60850022884713
1438,105.4046084310748,111.01972078252192,429.8749542236328,346.78003549575806,430.62599182128906,399.61493968963623,117.14623697633594,126.69832630375986
1439,130.7293059291598,142.6606274387313,434.8829650878906,344.07031774520874,432.6791000366211,401.1815643310547,86.11820377191381,102.1320173926168
1440,163.9958045743171,172.16005857386705,440.40809631347656,344.84487533569336,434.25662994384766,400.9969425201416,96.61473458348318,104.76342290140488
1441,158.4558719055075,145.5686024793081,443.17989349365234,344.6184754371643,434.7946548461914,400.3952693939209,132.2341648196307,135.74285400662498
1442,174.10217162787285,165.94459071833364,444.17015075683594,347.83440113067627,434.89391326904297,399.46653842926025,162.66814082770284,164.49430229071956
1443,160.84766261335042,156.4741430214704,456.4147186279297,348.2108545303345,447.0600128173828,406.2445020675659,173.22981890794904,170.02981596500027
1444,166.01864972452057,165.32196181659526,455.8399200439453,350.6076121330261,445.20015716552734,405.54008960723877,169.64789865194453,161.15057111680545
1445,175.0216015576426,179.07548942981606,463.3675765991211,356.62895679473877,444.96402740478516,393.29411029815674,164.4871474302947,156.96157677680878
1446,179.00668532143428,179.85082040046387,463.33141326904297,355.4303526878357,443.4584045410156,394.21485900878906,165.46686733118136,164.12462867228606
1447,178.5791989649369,178.30785832510432,475.69400787353516,354.77872610092163,454.51499938964844,393.74073028564453,172.35488638424513,175.91063393623523
1448,175.43654452097581,174.40725581201696,468.8389587402344,356.49945974349976,453.8793182373047,396.04575634002686,179.04711086415813,182.48226925625218
1449,179.93724936566065,161.1214689075424,472.15381622314453,355.9993243217468,449.89524841308594,401.72937870025635,180.59829894407764,180.0505643277858
1450,163.69269063938734,169.41490121169548,474.1716003417969,357.8375816345215,449.6881866455078,401.58016204833984,177.79919595162113,172.18661836595993
1451,167.5105139944512,172.76218386336893,476.43653869628906,362.3066568374634,449.50557708740234,401.4704704284668,173.3737200172679,165.72449816579385
1452,165.43498694258523,170.30505770311973,477.5990295410156,361.01537704467773,448.91624450683594,401.43420696258545,168.6643228150308,165.5456496737499
1453,179.57633511918795,175.00192463773192,482.90771484375,361.17875576019287,450.989990234375,401.2382125854492,165.95416783946823,170.0595129938681
1454,177.32101323266275,174.50374632058862,487.5993347167969,361.06751918792725,453.1918716430664,398.94129753112793,168.2172154827559,173.94302243864195
1455,178.83468315587018,172.25235670608126,488.16051483154297,360.595965385437,451.9275665283203,398.8035821914673,174.49683223977044,174.88607238972514
1456,178.99781879067876,171.80606823648705,491.84043884277344,360.7784843444824,452.7336120605469,399.13604736328125,179.71361238477456,173.9940647532809
1457,177.0774690857261,175.13296565914249,495.11268615722656,360.90014934539795,455.6237030029297,401.08813762664795,180.62117319139156,172.79717505997266
1458,176.2377527608192,179.31496080504556,502.6800537109375,363.0751848220825,460.29232025146484,401.0016632080078,178.68828939645613,172.77021231901674
1459,179.94556411881217,177.86754244494233,505.3165817260742,366.410436630249,461.9927978515625,404.35498237609863,176.9037429307787,174.8252708452206
1460,177.22842732524947,179.93202917340017,507.94700622558594,366.8686008453369,463.09776306152344,403.06747913360596,176.81043221587663,177.85352364758944
1461,176.41715970424036,178.29018810048814,512.3479080200195,369.80469703674316,467.1773910522461,402.8771495819092,177.81680490440766,179.69349571140393
1462,175.13689809388964,174.61608918937995,514.8016357421875,370.1485776901245,469.39605712890625,402.8396415710449,178.0810866429024,179.4746547880031
1463,167.84881059300594,171.0904209266493,516.1133575439453,372.0616579055786,472.79197692871094,403.2252359390259,176.5018025963547,177.55317813943321
1464,174.96515438127562,176.1710813866675,522.8703689575195,375.34056186676025,486.29459381103516,418.38306427001953,173.6115284593252,174.78718828643392
1465,178.3089288434466,177.18394569274713,528.5719680786133,380.36569118499756,495.1711654663086,428.78509998321533,171.61132163000056,173.08246104072452
1466,178.8855133605378,176.35388091593438,533.9706420898438,380.3836727142334,499.1529846191406,430.61445236206055,172.93710742124688,174.02759961473603
1467,178.14254162398893,175.05993191048063,535.8000946044922,379.9173974990845,497.10670471191406,426.334547996521,176.8475813925932,176.32916107161668
1468,179.2342267264214,169.11629033560726,537.2917556762695,379.58587646484375,496.30680084228516,424.1499423980713,179.75422060765737,176.93384744543843
1469,147.95764785915077,176.040388756138,543.6298370361328,382.7368497848511,502.91717529296875,428.5493230819702,178.47288514740757,174.8116713381719
1470,167.11117380400978,171.27774130408284,546.1841583251953,382.52716541290283,504.7171401977539,427.13178634643555,171.42667810935228,172.26004418327753
1471,137.68897823420048,163.69735572909354,549.6439743041992,383.4036684036255,509.57244873046875,431.1663007736206,160.8257655013938,171.2755593186131
1472,141.7959690875455,157.26762754664273,551.0720062255859,385.4065275192261,512.4002838134766,432.9921770095825,151.28992811713087,169.80494528221064
1473,101.17071796325195,143.89725228193177,555.713005065918,387.91656017303467,514.8691558837891,435.5480432510376,142.55315538453456,164.41753272998722
1474,157.77448121267963,167.61105091270483,558.2472991943359,389.73544120788574,518.0095672607422,433.83254528045654,132.10486024398946,156.2829776847667
1475,173.48428462771625,178.92210882783843,561.0579681396484,391.53483867645264,521.4326095581055,433.1518220901489,127.77035525015674,153.00268109376827
1476,178.477731973573,173.06712042983483,564.930305480957,396.71523571014404,524.2510223388672,436.9599151611328,141.77818456421727,160.70061578079614
1477,154.90493173058192,160.88912274228676,567.3854827880859,398.6694288253784,520.0505828857422,432.87527561187744,166.91332952955258,172.9268974805005
1478,176.2346968747454,166.5099856664817,572.4068069458008,403.91578674316406,522.0509719848633,437.8044033050537,180.1301657754483,176.46885781218361
1479,179.58833352613718,170.61454973989862,573.856315612793,403.8012456893921,522.8757476806641,436.68731689453125,175.26941162798906,169.70118371638986
1480,165.37125830466704,176.78965801032462,576.929817199707,403.3622217178345,526.3179779052734,436.29069328308105,168.41483610757132,164.08294563692158
1481,170.0098752016925,167.5472140712157,580.3593063354492,408.0667304992676,533.0580520629883,441.0318946838379,169.39710909187437,166.91696111723934
1482,166.2350659303897,171.83321780084577,581.7665863037109,405.1866388320923,533.3328247070312,435.4028606414795,171.8736206939718,172.8408109046203
1483,173.0378457525645,162.1033896823265,585.7479095458984,405.8677053451538,536.1285400390625,439.0056037902832,170.45393991491997,173.8282303206738
1484,171.72419534865577,158.64264569907488,587.8876876831055,406.19141578674316,538.504753112793,440.26752948760986,168.39890738188512,169.04855215418053
1485,161.79072935866049,155.45536369626785,588.3413696289062,407.4952697753906,540.97412109375,439.96381759643555,168.88641139358327,162.49104802605922
1486,177.33262807897748,167.13932999237556,588.094482421875,407.3520612716675,541.221809387207,439.68937397003174,169.92877047296372,157.9842842948367
1487,177.10935760632316,169.90806420913495,588.1459808349609,407.0789051055908,544.1135406494141,439.23254013061523,170.26114393863745,158.33279825512705
1488,160.28582562833043,168.20655091224518,594.4161224365234,407.449951171875,547.11181640625,440.4626655578613,171.56977724556577,163.56311082836504
1489,175.2468616467968,163.15660503738087,596.5413284301758,407.7454662322998,547.0375823974609,435.625376701355,172.47596334124918,169.04114641716333
1490,171.5490786234712,152.939628500431,596.6191482543945,410.7656764984131,547.767333984375,433.56844425201416,170.91987750372377,169.1361013493832
1491,164.68756619027045,162.26831500032722,596.7679595947266,410.06765842437744,548.1487274169922,433.87035369873047,169.34349942409327,163.36166720602657
1492,163.3126639840287,172.58472596643594,600.2512359619141,410.0845241546631,547.3704147338867,432.70374298095703,168.92279082290557,157.96706840821324
1493,154.43655593035726,179.53327767002094,602.5406646728516,409.6785879135132,550.6423187255859,433.1150436401367,166.7745843018145,160.24113785544353
1494,152.220787060618,176.59518644600837,603.8355255126953,409.96676445007324,549.6775436401367,433.0656909942627,161.54728819583218,169.93375270189784
1495,170.57737952807236,157.90033023167987,606.4879608154297,413.0711317062378,552.8567504882812,437.5457954406738,156.27597399703,178.03705251865767
1496,159.10742087006423,160.8266376676953,606.6303634643555,414.9164056777954,552.3189163208008,444.6161413192749,155.87686112594915,175.96871821282576
1497,154.6248058002615,152.75067717234657,609.9808883666992,413.9433002471924,554.1411209106445,442.32956886291504,160.21714750577328,165.26324865781802
1498,155.00774378831426,153.01185984356337,610.2058029174805,413.43955993652344,554.5064163208008,437.56969928741455,162.37151020810143,155.19026796726465
1499,147.9845729373735,155.8474091853619,614.1925811767578,413.29999923706055,557.4787521362305,441.8687438964844,158.40018491525692,151.56777819263053
1500,147.97437654188016,147.03953679208,614.4846725463867,408.00278663635254,561.2369918823242,435.03833770751953,152.06255516167795,152.51328885102924
1501,148.2782316676923,129.71013852089087,613.1558990478516,408.6667728424072,561.1245727539062,438.013014793396,147.98100294447212,152.21488610960466
1502,155.16121862716307,54.14103714286881,612.4882125854492,414.3222427368164,561.7565155029297,439.72211837768555,147.39153810767402,142.30972383712657
1503,155.6707679856066,97.97823756950307,614.2398834228516,419.89763259887695,562.5828170776367,446.26301765441895,149.72989081909827,116.65620970956094
1504,156.01320787980214,96.43337696021753,615.8147430419922,422.0041751861572,565.8623123168945,447.3983860015869,153.49562763875625,86.58063963483407
1505,154.9280981067091,92.54996192024706,615.8634185791016,423.25605869293213,566.8288040161133,451.8045473098755,156.31836371813844,75.59753539327161
1506,157.78547323664714,85.73363708874638,613.6140823364258,423.835973739624,565.5608367919922,453.69659900665283,156.8525064499375,86.24561950909738
1507,149.2357555044872,53.93555769205494,610.9865188598633,419.9332094192505,568.9139556884766,444.4181728363037,155.88674396426444,95.23774865154957
1508,159.60930186271284,0.6444427987670733,614.1225051879883,419.8843288421631,569.5349884033203,446.6982650756836,154.67298344000517,82.82132186591943
1509,156.88710553943525,117.79149516529074,622.2772216796875,421.36924266815186,572.4274444580078,454.5503568649292,154.2913216956215,54.46073496091225
1510,156.64683276387018,125.72471689301636,626.5303802490234,421.21028423309326,572.637939453125,453.56266021728516,155.54662566061867,43.10540595865201
1511,156.62400499421057,111.93103126712887,625.724983215332,420.9809446334839,572.1538162231445,452.6073217391968,157.32324614248486,73.13692981455955
1512,153.12862915601085,109.45170301264304,632.1424102783203,422.96998500823975,576.8141937255859,454.38371658325195,157.56775427060393,118.4163658544283
1513,155.4703947165043,72.99056505693946,628.9679718017578,422.8968143463135,575.6562423706055,451.85081005096436,156.07155651913337,133.10776776391498
1514,157.33532355653085,87.92364411000402,631.7168426513672,426.752028465271,579.8771286010742,451.99912548065186,154.55268826275258,110.64498757688725
1515,158.30177875985638,108.42991212404775,632.1523284912109,427.76315689086914,579.3129348754883,455.83850383758545,154.7679974649347,82.89647861776345
1516,158.69949994530896,105.51766472921612,633.1654739379883,429.764986038208,577.8182220458984,457.0388889312744,156.6818755142665,78.73841284051062
1517,156.50760154652582,108.26550213156825,635.6513595581055,431.34315490722656,578.319206237793,458.12825202941895,158.49861444928905,96.20975426013456
1518,153.43153118628985,104.35625653325255,638.1196212768555,430.84447860717773,580.1234817504883,457.38105297088623,158.52956436859952,112.3415091630754
1519,150.17486421953114,76.68248516103138,640.3675079345703,430.81902980804443,581.4693450927734,454.1387128829956,156.44318495441195,112.31718700775996
1520,151.73229086812427,82.07572204788202,640.5416107177734,430.9616804122925,582.4492263793945,455.4342842102051,153.28070518327823,99.02420132522613
1521,154.8806013319964,82.41266875251988,640.9255981445312,432.5160312652588,586.0660552978516,451.09477043151855,151.02832482766084,83.75048650464687
1522,157.8701250221743,70.5741952859056,641.3291931152344,435.1994848251343,583.2994842529297,457.41044998168945,151.44617923367832,76.03372530374524
1523,159.89551982351463,23.930196408301526,640.8663177490234,434.5838212966919,581.1697387695312,458.01302433013916,154.45951176693916,73.38799522258884
1524,159.31912442334752,62.87580215884797,647.0138549804688,435.5282163619995,585.091667175293,458.2473850250244,158.0611762498367,64.30438839713435
1525,159.50145293585518,25.531656295753216,644.3137359619141,435.08734703063965,579.5137786865234,456.9178247451782,160.14407596279975,48.339680009762034
1526,158.74601613640573,15.467043699537845,644.4092559814453,435.4225158691406,579.5652389526367,456.4482879638672,160.21626253359003,35.99476547437469
1527,160.9226882329363,4.391591749801528,645.1545715332031,436.9715452194214,579.4680786132812,455.1757621765137,159.4221129942796,27.870967667649083
1528,161.84152783370294,3.3989097044383914,643.4617614746094,436.237735748291,573.6689376831055,445.4050540924072,159.26831002624897,17.201706619779713
1529,159.94150166230983,24.737111368725184,644.1002655029297,436.0120439529419,571.4492034912109,443.5405969619751,160.1972842717905,6.7055724691449345
1530,162.86157162256944,77.40817915844455,644.1746520996094,437.33448028564453,572.5636672973633,435.2926540374756,161.29036339009207,8.258814549602398
1531,169.06355519759924,111.53625876082012,644.6875762939453,437.8946113586426,572.7459716796875,429.7535276412964,162.08395555384993,31.57355731492434
1532,168.60362658184428,128.6280904748056,647.4343109130859,440.1923418045044,573.1492233276367,426.6712188720703,163.77480344242596,72.96218811618914
1533,168.16711185600852,130.32376809293666,646.9624328613281,439.5964193344116,573.3660125732422,419.0314722061157,166.81227896040443,113.68911487132354
1534,172.7009413925496,126.79154417067319,649.0830230712891,445.68366050720215,575.6682205200195,424.9212169647217,169.44314603168812,135.35157584573903
1535,171.90682417176822,128.28875529074605,648.6138916015625,445.37449836730957,576.263427734375,419.11511421203613,170.60929709126637,136.11878099686413
1536,177.66058114946733,120.16374861606506,652.6628875732422,452.5798988342285,581.6237258911133,420.48763275146484,171.52084165094865,128.2074303041742
1537,170.62933787857267,127.96881747791176,651.6532897949219,443.2158136367798,582.9160690307617,407.1878242492676,173.17698785133527,122.91780216779105
1538,177.05010569927964,115.47024739805026,651.7977905273438,451.1485004425049,583.3823394775391,412.0925760269165,174.64655499870676,122.36368818923908
1539,169.96102276974068,123.9172428981888,651.7425537109375,441.0359287261963,582.8132247924805,395.39073944091797,174.7372085731228,122.86073520272532
1540,171.14078086804182,120.20068867881275,650.6343841552734,439.3763065338135,576.1879348754883,398.8625907897949,173.570425265052,121.8815942873345
1543,172.65780376552956,80.70752941604358,664.390869140625,440.49317836761475,617.3345184326172,381.0222101211548,171.99278951705983,118.69932584887478
1544,174.84112683193743,116.56811847091399,663.5198211669922,442.3052787780762,609.8772048950195,385.29305934906006,171.2169061866424,111.24839264890082
1545,174.70995244269716,129.22883001792982,661.8938446044922,442.2825336456299,598.4098052978516,385.6668949127197,172.18128848006629,103.32556376767131
1546,175.6980418737675,97.7597797428811,662.0027160644531,440.6751823425293,595.5239868164062,386.56288146972656,174.17950298759024,105.0279609168524
1548,82.24764691471003,173.16940535345705,618.4662628173828,445.7461452484131,602.6502227783203,413.3490514755249,171.26406714809994,116.51150541440656
1549,134.14160775273075,172.7582143378328,627.6496124267578,446.89228534698486,607.4645233154297,412.7035617828369,153.18275326422327,132.37834853524117
1550,107.0923148697266,179.07196016739286,632.4940872192383,448.9957809448242,608.4915924072266,410.95115661621094,123.82816452011686,153.54916541467963
1552,90.78457097724072,179.668451208791,634.9897384643555,451.9659948348999,619.2722320556641,418.24028491973877,103.90991588250492,175.03872558565382
1554,91.3639013303008,179.61282266398425,635.5937957763672,451.47839069366455,600.9431838989258,409.3824291229248,99.82165774476141,185.31193298439965
1556,71.37996285816483,174.85054857566152,649.5622253417969,457.2537660598755,632.7022552490234,411.3211727142334,97.34674865936863,183.2154298200893
1558,75.55660644176741,179.043310616823,649.8455047607422,454.7824001312256,617.2349166870117,408.8706636428833,87.77076777529301,177.57584204781378
1559,97.21888232644056,177.3701571054617,660.1129913330078,454.82158184051514,625.1275634765625,408.01802158355713,77.36757236036544,175.2098299487289
1560,172.67862552597552,88.80178022786802,673.1989288330078,451.69764518737793,626.8436813354492,393.29604148864746,80.4359821421749,172.3461629988268
1561,155.59185085228324,132.887172491313,672.9167175292969,447.62120246887207,622.1540451049805,390.3952646255493,107.40142924190232,156.39056640234998
1562,163.82122159243167,143.90644278700688,674.2125701904297,447.5712490081787,615.2822113037109,394.20159816741943,147.31380378164295,129.45337561317695
1563,168.82626903128133,159.0786456839112,673.0728912353516,444.08562183380127,609.0643310546875,395.20015239715576,173.12747207613114,117.28425844469133
1564,163.39653701102887,132.41256648420142,681.2204742431641,442.7387237548828,610.7314300537109,395.32108783721924,174.32125689927196,132.0085783598074
1565,136.99580694399808,167.6115686038904,678.3006286621094,443.86126041412354,608.6736297607422,410.1475238800049,164.0758068806382,152.3773251769219
1566,100.28460396974883,174.27211771292073,677.1110534667969,444.95633125305176,609.6976852416992,419.9187469482422,151.93350054428058,159.6399438723883
1567,155.8661912590725,149.46819727450134,688.1434631347656,444.797158241272,611.0645294189453,416.0005760192871,136.43552002691368,160.18768277310355
1568,136.2999840835719,146.60722975763338,688.9280700683594,445.38209438323975,613.126335144043,420.1819038391113,124.67582711873825,161.37812030163707
1569,174.6827699189135,154.37474009874288,688.4701538085938,445.5081367492676,616.8392944335938,422.5550365447998,129.71420783655364,158.42678027965667
1570,165.68564640662086,140.82409346120127,694.3663787841797,445.6006622314453,619.6114349365234,420.27790546417236,149.0962510288957,150.8953802744051
1571,124.97335660971956,168.36672481413532,690.643310546875,442.6081323623657,620.2756500244141,418.98688316345215,165.2457284745291,146.45349667243696
1572,129.60854469624198,164.79747450529408,689.5476531982422,442.117223739624,619.8030853271484,418.2897663116455,162.32709897337887,150.01820523706274
1573,160.36511324682206,131.91996619645002,698.1803894042969,438.65983486175537,625.2558135986328,407.9072141647339,143.4809976766536,157.8780394602511
1574,138.2003287685206,154.07946348071408,694.8432159423828,439.0910053253174,624.7421264648438,409.2114543914795,131.08135468302476,159.426038556051
1575,142.93681319726178,170.44356615052058,698.6587524414062,438.87484073638916,627.8136444091797,408.5195302963257,136.83323724105108,152.39724772859586
1576,138.37843169986593,166.4779413291766,701.7624664306641,439.29802894592285,632.0222091674805,410.1204013824463,146.83048473037724,149.9414503602054
1577,151.97518782087712,162.02304914945475,700.5455017089844,439.3283700942993,631.5720367431641,408.7336778640747,147.45120836174746,159.07102923789245
1578,174.09642928109972,127.66962848190965,710.3263854980469,440.2306652069092,640.8789825439453,409.0906047821045,144.7029303826236,167.0931574371222
1579,173.5673257883523,124.48057382058713,719.9135589599609,438.29638481140137,650.9866333007812,400.25429248809814,151.05321738318636,159.1509435566607
1580,176.4748619011316,136.92432858612176,722.59521484375,438.2754421234131,656.1857604980469,400.6175708770752,166.2416477854428,138.59515311110252
1582,128.49519517678988,171.75576407580672,707.9075622558594,437.4358892440796,648.5911560058594,384.44633960723877,176.1957622229592,125.55080961086098
1583,155.6613537470852,163.9670523498978,713.8895416259766,438.7274694442749,650.4840087890625,386.13304138183594,168.96572014120676,135.04479123307883
1584,94.61467011884075,172.5673196382217,710.0107574462891,444.8024368286133,640.5698394775391,402.95109272003174,148.45095578763969,158.6787781311294
1585,168.77549894117547,148.23061135903978,724.2926025390625,444.00275230407715,654.4356536865234,399.0991401672363,129.55152984638107,174.3051013816457
1586,165.63175001786857,140.53618658024678,730.1084899902344,443.23169231414795,659.7129058837891,396.3324737548828,126.53597239880897,170.26486259390205
1587,151.14508003884362,155.86659951909334,726.0368347167969,442.3914957046509,657.9116058349609,396.74484729766846,142.8566365702005,154.22890778931426
1588,97.35628099076442,168.99865655550317,723.8395690917969,440.3296709060669,656.9066619873047,397.4073314666748,159.72802249784863,143.76088571370082
1589,106.99462616649454,166.23864517077482,725.5233764648438,437.44558811187744,658.88671875,396.98161125183105,151.089999282789,149.30507019290704
1590,137.99960573854068,165.00271937522388,735.2232360839844,430.77486991882324,673.8346099853516,391.1931037902832,121.29490580361686,163.5481266979873
1591,143.89227122637226,163.11188421864253,736.7928314208984,431.0033082962036,670.133056640625,391.4009428024292,104.50462167170319,171.55962204773707
1592,168.5967264175482,122.82389222422714,744.4488525390625,430.0577116012573,675.1862335205078,389.43464756011963,119.75183838579882,166.99143404641418
1593,148.54910187310105,142.80480766471092,739.6260070800781,429.33634757995605,671.4985656738281,389.99589443206787,149.45349410449677,152.94240406433133
1594,151.13278983157542,144.58517206974275,741.1727142333984,428.41070652008057,670.714111328125,389.9294185638428,165.97742747969554,138.23124058891014
1595,110.18693037401066,167.46954028778148,739.4209289550781,428.67021560668945,670.6145477294922,392.18843936920166,159.84373344593658,134.5903204495804
1596,126.28615914199261,164.09643255368164,740.0065612792969,428.11720848083496,674.4028472900391,391.7419910430908,140.0350958757118,145.76812627761248
1597,122.21962355709996,168.87368335692898,739.9266052246094,428.46147537231445,674.4697570800781,393.340802192688,121.75122409083187,161.97440219924704
1598,123.69943427632121,168.54398434180462,741.5653228759766,428.50014209747314,675.2541351318359,393.400239944458,115.60453486009769,171.10559660146885
1599,158.25573572986355,147.359038296264,750.4988098144531,428.27020168304443,682.5685119628906,392.6251029968262,121.6373627579904,170.10315755428329
1600,124.45173330289545,164.01841851976351,747.1392822265625,428.63656997680664,679.6792602539062,396.8581438064575,133.0618911761515,163.20345911344887
1601,128.56357814727627,160.00365791748231,748.4068298339844,428.6594009399414,681.1013793945312,396.9831132888794,140.9600946752161,156.82592451898563
1602,144.21964867979904,148.8744948299272,754.5677185058594,428.75158309936523,684.2881011962891,396.9257354736328,139.21119572861602,155.49855425357833
1603,163.46392837481724,137.97341051504893,757.0118713378906,431.89290046691895,684.3573760986328,400.797643661499,134.65196707797813,155.98047451899672
1604,147.5382319393172,154.72638029104928,756.3819122314453,428.55361461639404,685.1100158691406,392.4676036834717,139.78540825191536,151.96933404085814
1605,159.282245295005,145.60781103517917,761.9047546386719,428.13355922698975,693.101806640625,390.37861347198486,152.41015822052444,145.8434299920361
1606,161.54535691827604,140.6571646003245,764.4806671142578,427.8146553039551,696.4301300048828,390.6382083892822,160.17073462994694,144.11096654870298
1607,168.34664498736464,138.19161659651388,767.5608825683594,425.45512676239014,698.9475250244141,386.7267322540283,160.68068734033022,145.20211839619026
1608,161.15363719337793,128.18215768195924,768.0370330810547,429.2048120498657,697.3918151855469,394.19061183929443,160.9652887709641,143.00725012069137
1609,154.7545621379464,130.88222475261855,771.3495635986328,431.42207622528076,699.9827575683594,396.71489238739014,163.10987252661783,136.64107312055776
1610,148.14387244090148,155.67590204070012,769.0897369384766,435.84664821624756,700.3180694580078,407.7561950683594,162.3150293766971,131.57651296301032
1611,149.9117778523206,147.63800480606855,771.9602203369141,437.3741340637207,702.198486328125,408.392071723938,156.3103334647067,134.53074336391288
1612,152.11133735245653,154.92513848536046,777.2084045410156,436.4105987548828,710.5628967285156,405.9029817581177,149.59454380558446,144.99653499429124
1613,142.82200030364135,161.91424778569058,775.9798431396484,434.43872451782227,711.3426208496094,401.71972274780273,147.15681040140538,154.62198515285047
1614,133.1800930366716,156.47312586365422,778.2493591308594,436.72139167785645,713.2681274414062,409.8279333114624,147.20008878851274,158.46850600424847
1615,138.69102676747193,161.1519247343855,778.6614227294922,435.7207775115967,715.1383972167969,407.99145698547363,144.20156489705246,158.89555172776275
1616,135.01680051325553,161.06191172784992,781.1109161376953,435.531907081604,719.1832733154297,406.7723608016968,138.1163440696817,159.04569197003232
1617,128.96007724605795,164.3214460223142,781.2583160400391,432.233304977417,719.3523406982422,401.5619659423828,133.821592593201,160.03999070606847
1618,135.54415500153323,159.55648651469903,784.1722869873047,426.16837978363037,722.4345397949219,391.92721366882324,132.7803693703821,161.65626801428957
1619,160.9425988577186,114.73420097862818,785.5955505371094,420.36970138549805,719.6280670166016,383.56194019317627,134.15427004266314,160.3952100561263
1620,168.6494921842906,160.79148189874994,778.2322692871094,421.31242275238037,709.7982025146484,387.15253829956055,140.96759436481605,151.5520609034367
1621,149.88261994807291,137.5025166264997,783.2392883300781,423.11203479766846,713.1836700439453,394.4206380844116,153.90649123689886,139.99199841938855
1622,127.12294466323523,160.7501606913737,781.5321350097656,424.04025077819824,710.5415344238281,394.4856548309326,162.3115869791227,137.7276246213387
1623,171.77632524666106,142.12484890503384,784.5631408691406,422.04108238220215,714.2208862304688,390.5062007904053,156.50336390277207,145.68873593967083
1624,170.74205135097912,140.70754972741145,785.4849243164062,422.35071659088135,714.1799926757812,389.06540393829346,147.17694249537632,152.3765733361231
1625,143.76147999928858,161.6896671161159,785.1709747314453,422.79210090637207,717.4037933349609,389.7714042663574,150.89385318672396,150.88274114731578
1626,135.38343678801098,151.11394803663407,786.912841796875,422.9268980026245,719.5266723632812,390.0466203689575,160.38186519863822,147.32264932937872
1627,164.07846610019794,144.8920120560022,790.0565338134766,420.455060005188,722.8807830810547,385.3271770477295,157.86817013863904,149.00833054128412
1628,163.42321693778814,123.67274651725909,796.7618560791016,420.5949640274048,732.2618865966797,386.07630729675293,148.30958066399626,151.0130879584601
1629,163.2038486871175,122.33503075721254,797.0005798339844,418.30414295196533,729.7212219238281,384.49642181396484,149.2343393661343,144.08108931821943
1630,163.62095846895318,132.9297961505269,795.2845764160156,418.1255292892456,727.6743316650391,385.33451557159424,160.46419741009237,130.37312806059543
1631,164.38736510264692,125.59008923193454,794.4480895996094,417.1960258483887,727.3200988769531,384.59585666656494,168.2145006237921,121.6959479800356
1632,139.107108405519,159.67484435342055,794.1889953613281,417.5892162322998,728.4394073486328,391.95334911346436,166.10709854319796,124.84764110410184
1633,141.15805138768536,158.77145508705127,797.8269195556641,426.62662982940674,747.2901916503906,410.66418170928955,156.87917735622688,137.08691515621476
1634,155.56936444056734,130.509415148945,803.0372619628906,425.6535243988037,745.5274963378906,405.4167079925537,146.32255937486423,150.51152669108285
1635,162.3622889004966,124.47319633677243,804.8355865478516,418.26942443847656,750.0305938720703,395.49317836761475,142.62280681916224,153.7348635148968
1636,162.15137583621768,132.8854852769294,805.4739379882812,417.76280879974365,745.5023956298828,391.60131454467773,149.77364182104674,142.05566423482244
1637,153.57897650946148,135.89146425879906,803.8633728027344,417.9117250442505,743.3218383789062,391.79941177368164,160.47232511101495,127.52553649555523
1638,131.92433487700535,153.42305163055377,803.1671142578125,418.0826997756958,741.0911560058594,391.71525478363037,162.89146085791853,125.57441722741642
1639,142.66279250707572,158.9556665744421,802.4341583251953,417.8795385360718,740.8203887939453,390.78845500946045,153.27275126209017,137.3489106860882
1640,130.70345896833874,159.5254602121921,801.9637298583984,420.6526851654053,742.1504211425781,396.01378440856934,139.62832145271597,152.4913232006596
1641,128.4373470998213,153.10759481799377,801.8926239013672,422.82536029815674,743.5491943359375,399.5907783508301,131.85041479803354,161.16921351796017
1642,156.54158122521656,135.96870913802925,806.1505889892578,415.49537658691406,747.7986145019531,383.6525344848633,131.75180812628417,159.88191272707382
1643,125.04173263819716,153.55429730903882,804.2666625976562,420.7433223724365,741.9976043701172,394.2225408554077,136.16850399243125,151.58164843990787
1644,172.49402184463167,166.33099064419972,807.4989318847656,419.85055446624756,749.0693664550781,394.1865348815918,141.89671158380798,145.00689916993886
1645,165.07667738580838,146.85510091902,812.7088165283203,420.0976610183716,753.8710784912109,394.9423599243164,148.41306495327103,147.90840005579022
1646,151.7431061099479,137.6867336589336,813.9832305908203,420.11701583862305,752.8923034667969,394.4683599472046,157.12355826781604,155.16421557629104
1647,151.67416377949206,129.84328164515327,813.2399749755859,415.48155784606934,751.6224670410156,383.8960361480713,163.23209268546725,153.5976444362076
1648,151.97340916342546,143.04319270432842,811.9979095458984,411.17023944854736,751.0285949707031,378.9309883117676,160.20722618573276,141.72376884987762
1649,155.0431554267584,143.61264659948694,810.751953125,412.3253917694092,746.3619232177734,381.8659257888794,152.4322504877711,132.41883634966692
1650,148.27389024596852,136.50759982170192,813.4695434570312,407.40729331970215,747.7408599853516,374.7188901901245,148.96818856619984,134.2866647953656
1651,149.15910535697023,125.85573266328954,816.6017913818359,407.83172607421875,751.2157440185547,377.5906562805176,150.4996683780114,140.3860147553849
1652,149.41834853708474,129.14775853270567,816.7578887939453,401.34721755981445,750.9778594970703,369.8617744445801,151.5946836917232,139.4477740843504
1653,138.6058890156031,144.1270717735151,813.0583190917969,404.14881706237793,747.3236083984375,373.0189275741577,149.68480439699144,132.2246653036756
1654,144.3615847433841,132.85837691134262,813.0309295654297,403.78931522369385,747.6351165771484,373.32457065582275,146.00609105899517,129.14198681738551
1655,130.5350503972776,125.81449105604092,814.1305541992188,404.0669775009155,747.9476165771484,373.94396781921387,142.0774444994663,133.16355269882683
1656,109.33561903582755,157.28670415897233,811.8072509765625,407.34734058380127,744.1719055175781,383.0249834060669,137.16666939034292,137.06219658271465
1657,111.20568656727174,154.82707539467734,810.3477478027344,409.54894065856934,743.1962585449219,384.11739349365234,128.22418300617744,139.41015991240744
1658,116.93956419699303,161.61550793806498,810.374755859375,412.44898796081543,743.8303375244141,385.3160619735718,116.34482244986303,146.23987980355966
1659,126.49533658406594,154.91973628379208,803.8105010986328,413.0001926422119,737.2483062744141,385.36768913269043,109.7979902663619,156.3775439500752
1660,163.1084909059117,158.9414976338482,805.0379180908203,410.0695037841797,739.0943145751953,379.87173557281494,115.71940189916728,161.81841396166396
1661,163.96413701375238,157.07391824214557,807.6938629150391,405.33894538879395,742.4697875976562,372.80619621276855,133.5898588828792,160.29846021345162
1662,169.24157577098484,154.83355854393233,808.8866424560547,403.94355297088623,743.1316375732422,374.07837867736816,155.38786911862346,156.7965496262489
1663,161.24295547445806,150.92396328014047,809.8513031005859,404.5372438430786,743.2005310058594,378.1838321685791,169.68057236990293,155.09575676056366
1664,148.00774832977237,134.68985773876486,812.6963806152344,402.58305072784424,743.8345336914062,375.9780693054199,170.3558813545101,153.43373569484825
1665,131.0718308011742,134.37329741404395,811.6519927978516,403.9050579071045,743.4378814697266,382.54141330718994,160.14159103013077,148.05960236366076
1666,138.024626253309,130.23604663354,812.0103454589844,405.49386978149414,745.2763366699219,385.41176319122314,145.87266635616015,139.15949219678953
1667,143.04561481137375,128.5441726700147,818.4712219238281,406.1267423629761,756.4027404785156,385.78147888183594,135.30852505186863,131.45543067257955
1668,132.6378394353584,132.34661916742368,817.3570251464844,408.1084871292114,753.9635467529297,389.3508768081665,133.48448267387622,128.44065095722632
1669,129.84669156520562,130.651310657573,817.8852081298828,409.43495750427246,753.8375854492188,390.19532203674316,136.78299166697386,129.22845387468016
1670,134.3255597079873,132.07721250577154,817.3841857910156,409.7220182418823,749.0158843994141,389.2312717437744,137.14206482411896,131.06062504198104
1671,144.46829228943497,132.41418269847364,816.8698120117188,409.64816093444824,748.9585876464844,388.3751106262207,133.9864593614985,132.07643583219328
1672,142.8175256794859,137.4686430763203,817.1248626708984,409.7326612472534,749.4110870361328,388.10478687286377,133.99175196282476,132.4177887371141
1673,140.6436417618864,132.55240114275017,816.7842102050781,409.99032497406006,750.5044555664062,388.5211515426636,139.23842872995615,133.29868859220227
1674,138.72241050309563,121.90240184328225,820.1844787597656,407.36557960510254,757.7948760986328,382.54591941833496,143.8935689227779,134.01566481682497
1675,148.4730846587168,135.97685026907433,818.3315277099609,406.86020851135254,756.1940002441406,382.97417163848877,143.71623583702495,132.26380016058033
1676,157.14020589143558,129.41283311835315,821.1161041259766,404.30211067199707,761.2164306640625,372.95125007629395,142.57208866666124,129.21628104993422
1677,149.6052714403786,127.99565397911263,820.4076385498047,408.9260673522949,759.34326171875,377.13759899139404,146.02019246495803,128.55973121016305
1678,126.73979193678645,132.2857288061152,817.5123596191406,411.40296936035156,754.3348693847656,380.32522201538086,151.00299490944843,130.0044364903777
1679,125.01260927065779,139.3365864978028,815.9717559814453,415.47001361846924,754.3321990966797,389.6843719482422,147.97387689872542,131.24110270771325
1680,129.50304160795986,140.70442808584912,815.6314086914062,416.74386978149414,753.6293029785156,390.8389663696289,135.37721353544092,133.20452145456443
1681,128.91519335472077,140.86688662308245,814.3843078613281,417.1136283874512,752.2176361083984,390.6661033630371,124.10656432858802,137.14937935229952
1682,131.361929867412,142.22197048837273,814.4400787353516,416.2854051589966,754.2394256591797,389.954137802124,123.02641811962067,141.07129221810058
1683,149.82409581525246,143.24956792663338,815.3079223632812,413.380765914917,759.8580932617188,380.91243267059326,129.5434457965325,142.70669646460743
1684,154.7742840059827,128.04405093785317,826.8765258789062,406.61593437194824,774.8721313476562,369.5984888076782,138.14956052315281,141.93630383998214
1685,150.22155727024935,127.77263556730821,828.3534240722656,405.6198263168335,775.0874328613281,370.96632957458496,146.89001166016433,138.52072877932073
1686,147.35813420738492,141.50964678485659,826.3451385498047,405.7002067565918,770.7829284667969,373.52030754089355,153.05286156354842,133.1479305975839
1687,131.26055721810283,142.71234289323684,825.2037048339844,407.7212190628052,767.9974365234375,378.738169670105,152.53182456112185,130.83282467754157
1688,127.58781864204182,139.26106699246623,824.6445465087891,407.7239227294922,766.5193176269531,378.15263271331787,144.68256315989197,135.21873852876533
1689,127.05488932006304,143.66411330873873,826.1855316162109,409.84042167663574,766.2708282470703,382.07406520843506,133.80650800731368,141.78972827920242
1690,119.29823111973094,140.20721371956458,827.159423828125,412.2737216949463,766.4118957519531,386.03721141815186,125.736903225567,144.24423142310067
1691,113.38785742389693,140.69884558000064,828.5823059082031,417.59003162384033,767.8092193603516,391.72555446624756,122.09920699727674,142.58903819244577
1692,115.4663099733228,140.66881421556954,829.813232421875,416.3122272491455,770.2477264404297,389.4404411315918,119.54813645977117,140.47744077909667
1693,119.11494683398824,144.26980907575222,829.2422485351562,415.9376621246338,770.1786041259766,388.7638807296753,116.31514072948653,140.0624695248698
1694,129.34434073760656,139.80291407966487,829.5640563964844,410.9681510925293,771.4247894287109,383.4227657318115,115.37450848054269,141.18255166723378
1695,136.99587610054263,121.96590373916514,830.0028991699219,408.35773944854736,772.7576446533203,381.4882278442383,119.87499099906523,141.36540019625812
1696,137.01656033183048,123.53421529642368,829.4680023193359,406.46178245544434,772.1131896972656,379.60883617401123,128.58310489078173,136.90511905008427
1697,137.92866398588657,127.0284945400015,829.3693542480469,404.35017585754395,774.8267364501953,377.6881170272827,136.51994184329797,128.31455376477365
1698,123.16507309492081,131.99385636606533,823.8809967041016,404.46372985839844,770.4106140136719,377.8046751022339,139.04667492645405,122.4175303632686
1699,107.53515318982659,133.30156250954957,823.6436462402344,403.90660285949707,768.8375854492188,375.93193531036377,134.2173578648137,124.25069350110435
1700,111.56184384301143,127.17484389496633,823.8884735107422,402.966628074646,768.8688659667969,375.1136255264282,123.22959456401739,130.32952583267357
1701,106.36684894449725,122.87939353852909,826.7332458496094,402.8237199783325,773.9394378662109,372.71302700042725,111.57381747323922,133.13051727714665
1702,114.66553458055313,123.38178215843277,827.5053405761719,403.392391204834,773.4127044677734,373.1281900405884,105.91498746535729,129.68576015000602
1703,129.3590712252857,124.74025511404562,827.7324676513672,403.5776138305664,773.0903625488281,373.4608268737793,108.35417827918366,124.01790067082366
1704,135.68923418304698,122.26395172339582,828.0561828613281,407.25361347198486,772.9784393310547,378.6746120452881,116.88324491884747,121.44845212707035
1705,141.24368482673847,124.07041676389922,829.00390625,407.4154043197632,774.4747161865234,378.4430408477783,128.06188529894848,122.47522816842184
1706,144.70597155011146,125.51079507702137,828.5186004638672,408.4627103805542,773.6332702636719,378.9323616027832,137.71104759224465,124.08191395740697
1707,141.53471375106554,129.48615845504645,829.8124694824219,408.44369888305664,776.9628143310547,377.49547004699707,143.05480223561793,124.90198563268979
1708,151.03836213297862,133.77886673605482,827.7900695800781,410.0598478317261,773.1810760498047,378.58109951019287,144.6074333880046,126.2803368093036
1709,149.496197561272,135.11458408773086,826.7327117919922,411.2690305709839,772.3248291015625,381.42080783843994,145.33058901739048,129.38901585001304
1710,146.77214194597923,131.43902828587116,833.2758331298828,408.02960872650146,776.6992950439453,378.26528549194336,147.33833659895436,133.06976741551574
1711,142.34615221991777,120.40792251107902,832.5862884521484,408.2417821884155,776.1810302734375,380.2888298034668,149.01785576828289,134.22136978793944
1712,138.87000223149138,121.90959008768138,836.7070007324219,405.6769037246704,782.1913146972656,378.1210470199585,147.4588697849244,130.5816191101755
1713,126.5536376792496,122.91543749943902,835.8393096923828,405.1579284667969,781.8125915527344,378.09735774993896,142.4046256587458,124.15152358460156
1714,128.4127168174671,121.58884666031057,836.7993927001953,403.36754322052,783.7179565429688,375.66624641418457,135.62664058254344,120.01571374171183
1715,128.56439765986013,122.73158016828155,836.4105224609375,400.8606004714966,782.5345611572266,371.55431270599365,129.48420086382788,120.30698963200552
1716,120.4817930196669,127.8939729588632,829.3801879882812,399.3653440475464,767.6042938232422,370.07124423980713,126.12728206469487,122.62206113699638
1717,157.29536295528453,136.95209425811055,829.8347473144531,394.8155450820923,767.7783966064453,358.41848373413086,126.6165399061759,125.17569260960039
1721,11.495352702883427,117.93283031591488,809.4792938232422,408.707971572876,805.5129241943359,366.78174018859863,126.28743068252183,128.1722999595091
1722,174.61975630634086,136.92870293244604,816.0067749023438,411.12226009368896,813.0488586425781,384.43475246429443,114.49110221840196,130.08151519266215
1723,176.32890885838145,170.6171621738254,817.2496032714844,421.93156242370605,812.6127624511719,392.39692211151123,101.88666401596437,131.65513001995822
1724,159.60333536370376,160.52387579468325,821.6767120361328,433.91786098480225,812.0230102539062,393.3875370025635,119.6551138793997,140.05252787481237
1725,167.17547779634947,168.69556866008014,821.3172912597656,437.2222566604614,809.798583984375,400.39677143096924,161.29487042180767,156.37794099611335
1726,167.46421142950823,165.64151639578586,822.7012634277344,444.10961151123047,808.6338806152344,398.19143772125244,184.49863003107274,169.38731460855476
1727,165.03763189710025,155.24740561120925,822.6856231689453,445.1453733444214,808.6129760742188,397.39359855651855,176.9778056418609,170.86687857871357
1728,171.1168720611162,159.83179136276704,822.5160980224609,441.88196182250977,809.2501068115234,398.0081033706665,162.93269684774629,164.3829526679214
1729,175.42233764728945,166.3608973195271,822.2958374023438,441.51829719543457,809.2322540283203,397.2119379043579,161.10832980052265,158.25545505737102
1730,170.15560763784893,162.67101688397352,823.3750915527344,440.0601625442505,809.3092346191406,396.4090347290039,168.9764689184224,157.99755112931874
1731,174.51081803062777,155.57543450335388,824.71923828125,444.1345024108887,810.22216796875,399.52494621276855,175.47605605680985,161.9102162981641
1732,167.73681128842227,153.89713739195165,825.9610748291016,445.0106620788574,811.4341735839844,398.341383934021,175.4082976949868,163.22011517145293
1733,168.20830494863188,166.3183676700436,828.8404083251953,444.14433002471924,814.2967224121094,396.0706901550293,171.62421494165267,159.62079642741034
1734,164.62514402545463,166.48000683500265,839.8899841308594,446.7857265472412,840.4535675048828,401.88700675964355,168.25490977133387,156.9965011868011
1736,170.51208021954827,162.42674702197917,824.2044830322266,422.19334602355957,829.002685546875,402.6889228820801,166.66377166605022,160.18270880079868
1737,171.06128571585285,179.40894295207315,824.1558074951172,414.18023586273193,826.070556640625,401.1211395263672,166.9145091465481,166.07942551429554
1738,148.67193330008237,167.84181901481895,827.6784515380859,415.4016923904419,824.8915863037109,399.13132667541504,167.75009579061836,170.25502874128063
1739,163.14913993312098,164.13501006774752,828.9369964599609,414.1600227355957,825.1945495605469,408.02531719207764,165.62998119547615,171.84295520950266
1740,168.63279387545458,159.00791152516513,829.2002105712891,414.1418266296387,825.3428649902344,407.11469650268555,160.56919998251118,170.03976134181863
1741,175.13560281819113,154.94587591511169,832.2952270507812,427.800235748291,840.0672912597656,400.1461458206177,159.4226883647228,164.5900683179833
1742,150.5218000911568,150.73855292955642,831.9538879394531,441.47422313690186,840.5617523193359,399.8045825958252,164.80713342279373,158.10292183966536
1743,143.63527772198006,151.1811256855509,833.5506439208984,439.92527961730957,843.4405517578125,392.3340940475464,167.54382190338114,153.33111959836296
1744,170.69843659147244,155.27168349396558,835.81787109375,439.13829803466797,844.6913909912109,392.5976371765137,160.53098338014155,151.1703784968344
1745,172.07309989730624,158.5733823888026,834.664306640625,437.0347595214844,843.6688995361328,393.8123559951782,153.1021082399534,151.77081314242582
1746,176.80312937934076,159.88011976438565,834.9237823486328,437.6078939437866,841.9244384765625,394.5684814453125,158.0091593246878,154.73921995008288
1747,173.56273497551757,153.00594075840976,836.0956573486328,440.0177192687988,842.7957153320312,392.18517780303955,171.37146499480073,158.0304206866394
1748,167.3736142859836,146.99255378602314,835.6023406982422,439.1231060028076,841.8992614746094,390.9396457672119,179.28627437521328,158.37075674880495
1749,161.90987857243994,139.23047082258063,838.5537719726562,441.3039779663086,842.3905944824219,391.75615310668945,176.14243854596626,153.91706672624133
1750,124.56466390801313,149.06905600903403,836.1744689941406,440.6132984161377,834.6031188964844,388.15409660339355,165.72392463447764,146.8255100067883
1751,140.6106108076935,144.82194030715192,829.9359130859375,435.438437461853,821.5693664550781,384.85180377960205,151.7143776966521,142.29590585087118
1752,133.36518605790997,143.4061214030955,824.8342132568359,434.6073389053345,813.0439758300781,385.14843463897705,137.93734505251464,142.91769085794735
1753,144.751547670708,157.23425392072323,826.6510009765625,435.5364990234375,818.4625244140625,391.12877368927,131.3321124047063,145.9876485451872
1755,173.2246039687304,162.00385998481167,830.7094573974609,437.8712224960327,813.2146453857422,395.8201503753662,135.96200626045763,149.42200906577054
1756,171.49832228774372,160.65992547187352,832.0948791503906,430.34258365631104,818.1634521484375,387.41294860839844,149.78455278226417,154.4999091055327
1757,170.22863911814292,157.82218586022864,824.9204254150391,426.56710624694824,804.3881225585938,385.8094596862793,166.01667114768415,160.13924861762445
1759,171.2876781354116,140.94961258667422,836.4559173583984,440.96928119659424,819.4147491455078,397.99368381500244,175.52350980818008,161.47431917686157
1760,164.6274627037012,146.70165508833614,838.2313537597656,426.6738796234131,827.2909545898438,381.4478874206543,174.843770797613,155.81068802419344
1762,165.9589395761812,166.45414816009986,832.1680450439453,422.5824165344238,810.0823211669922,369.9172639846802,169.1966146642236,148.03530955686517
1763,156.06251604207682,165.70624148420822,832.3722076416016,422.52503871917725,808.0135345458984,372.3121976852417,164.55374998804757,147.85667681383046
1764,152.95674560687516,107.13234748215784,835.9229278564453,423.73074531555176,805.9732818603516,373.34126472473145,161.5438018547233,154.86792507406346
1766,152.3831787410287,167.14945130113827,829.4392395019531,429.6189880371094,815.0214385986328,382.2169303894043,157.90205629181258,154.8440898335258
1767,145.74675579896308,158.96007280969533,829.4050598144531,434.6417999267578,814.5163726806641,383.56854915618896,153.35644708415137,145.470619914888
1768,134.31557986753725,154.4849161209555,837.4491882324219,441.9182252883911,822.0893859863281,388.7160301208496,148.89855943622865,143.53325867221218
1770,177.70999656771528,162.97646066419557,838.0360412597656,443.1706666946411,823.7316131591797,392.87293910980225,145.71341718032318,153.90362060466487
1771,154.51807293116784,158.96747730383967,831.9175720214844,431.5845537185669,815.1517486572266,387.9129123687744,148.0800402720933,163.03453695141164
1772,124.40818600322284,160.15247161842598,834.6050262451172,433.91022205352783,819.5734405517578,382.68659591674805,155.38485405567772,163.5187856723272
1773,144.6984214032747,154.7612845075119,832.8316497802734,427.9087257385254,813.6224365234375,382.9945135116577,155.44700493113467,159.86439313504604
1774,121.97952430281629,160.19269733176708,838.8520812988281,428.2227373123169,824.2459106445312,383.94384384155273,143.06356694337947,157.2609100741679
1775,110.22133414180442,156.85907276100386,838.6869049072266,420.20524978637695,823.8677978515625,375.8861017227173,128.79872793031336,156.90707736215853
1776,134.63829934407937,162.69350664788982,832.9933166503906,422.9217481613159,809.9946594238281,376.42966747283936,120.82880189050539,157.937848336029
1777,129.98348989662028,164.08061439711238,836.9927978515625,423.9160108566284,813.0945587158203,375.2732276916504,119.78968346739082,159.6000034728836
1779,104.79960554538076,168.83288838371953,835.8885955810547,435.5809164047241,832.9006958007812,400.07164478302,123.69827586063256,161.95523965946498
1780,127.3509973257106,165.2914094932447,830.277099609375,418.4083414077759,821.1634826660156,408.23731899261475,125.49434460791876,164.90605187969342
1781,112.44368401464476,159.4764836633522,831.2667846679688,424.1258239746094,821.1003112792969,394.75597858428955,121.03036129715086,166.81267727758794
1782,115.40458528634842,164.07744660925545,830.4219055175781,425.6331396102905,815.9181976318359,381.5316152572632,115.81700615529373,165.7686348785334
1783,117.73270886235588,161.90956080347215,831.3557434082031,423.600754737854,814.4032287597656,376.2437152862549,114.50795802081088,162.81628143762273
1784,129.12131581129577,158.592357196912,841.2660217285156,423.8324975967407,819.1736602783203,373.4911251068115,116.22425770736331,160.95561510273131
1785,134.88010515394097,175.95711824844153,839.8746490478516,419.740948677063,816.5237426757812,377.83076763153076,120.53709588816963,161.4310985839847
1786,138.36332321483857,176.15093651059803,843.7458038330078,417.90361404418945,817.6004791259766,369.902286529541,127.6511080297564,164.6881706555391
1787,143.75431814019774,174.81407611159747,847.2380065917969,415.945987701416,818.5650634765625,368.5933256149292,135.37549590931664,170.76937508869167
1788,164.00847790507964,169.4622279271075,853.2213592529297,413.09675216674805,824.9301147460938,371.84532165527344,141.84060480545983,176.0904641348821
1789,155.2410780128112,161.18026355252275,858.1578063964844,412.6013374328613,824.7212219238281,368.1056785583496,148.60382050928055,175.7859906850605
1791,39.61656846059625,159.51867992176997,846.7535400390625,438.7485408782959,850.3146362304688,404.28391456604004,150.5019431727185,169.58593417857213
1792,105.43352932464136,163.4852885449109,847.7230072021484,424.8573589324951,848.7110900878906,389.7686576843262,131.43207807931537,162.23369910198838
1793,110.49006188530512,155.0304519334484,847.7049255371094,414.6063423156738,839.5303344726562,389.68677520751953,95.76012755795287,158.57192039202522
1794,171.49432590956798,159.45112872283966,854.8603820800781,420.767183303833,854.5014953613281,376.86954975128174,81.19811158534043,158.62777149031524
1795,177.36150110097768,165.38139242713694,834.7257995605469,413.4740209579468,814.1706085205078,368.9944553375244,110.45589631589476,159.40360618526535
1796,113.04660007712309,162.5136498118757,858.5942077636719,422.3252248764038,833.2414245605469,371.24613761901855,156.4540300200429,160.34127673722992
1797,106.88644809258457,168.12268358766642,862.5680541992188,439.6012258529663,835.3903961181641,376.3814306259155,171.92013100533282,162.48185323958305
1798,129.38649582245205,156.71751179818497,874.0692138671875,436.7882966995239,853.1119537353516,377.8351020812988,144.3810614382655,164.681687245552
1799,133.73270114451734,166.9085827449958,866.6395568847656,439.9365234375,841.2920379638672,381.47226333618164,110.81039302840614,164.75373700587133
